# Modified from files "genes.fpkm_tracking" and "0_XLOC-LOC_ID_Conversion.txt"
gene_ID	E_38_FPKM	E_51_FPKM	C_38_FPKM	C_51_FPKM
XLOC_000004	22.9021	188.856	87.1416	17.9241
XLOC_000024	1621.28	396.494	1237.51	331.184
XLOC_000029	877.265	1901.53	1644.58	2458.91
XLOC_000030	424.136	1142.73	873.067	730.085
XLOC_000032	97.0228	0	70.2799	328.976
XLOC_000033	73.6739	0	253.356	293.069
XLOC_000102	0	0	17.7769	57.2718
XLOC_000106	216.733	18.2564	63.1681	4.27284
XLOC_000145	50.0707	235.208	99.0801	186.621
XLOC_000154	11723.7	2293.52	4023.96	2297.35
XLOC_000155	1261.58	587.097	466.18	596.547
XLOC_000157	285.619	21.0914	7.85644	0
XLOC_000158	70.3596	0	1.8556	0
XLOC_000163	18.249	342.325	141.356	427.79
XLOC_000165	3817.64	3970.86	6017.71	6010.07
XLOC_000172	124.407	123.112	0	574.387
XLOC_000175	547.504	13.4427	232.878	18.7933
XLOC_000183	0	31.0015	4.42126	4.99463
XLOC_000188	36.7725	69.3611	18.3788	23.3013
XLOC_000203	0	243.039	66.6415	352.588
XLOC_000210	0	0	47.9144	11.5664
XLOC_000212	1085.84	2110.52	352.08	9247.45
XLOC_000213	164.219	293.927	60.7607	892.23
XLOC_000214	30.2829	62.8579	14.3826	130.341
XLOC_000216	3.98914	32.9509	1.16025	75.4082
XLOC_000217	50.6777	359.379	30.8253	666.797
XLOC_000224	177.817	120.422	73.0412	94.516
XLOC_000226	911.109	494.187	912.221	431.294
XLOC_000239	53.5324	147.295	163.434	353.787
XLOC_000240	89.073	80.7716	134.504	235.53
XLOC_000245	148.466	0	14.4679	0
XLOC_000246	25514.8	2157.32	20059.4	1400.95
XLOC_000248	1302.56	537.257	981.287	745.798
XLOC_000249	470.419	249.766	323.18	332.258
XLOC_000251	37.208	0	29.9628	19.419
XLOC_000255	175.979	159.053	191.958	278.963
XLOC_000263	17.4433	0	16.1146	8.427
XLOC_000273	605.078	0.544039	7.70231	3.02659
XLOC_000281	2939.16	3644.66	1207.65	1618.91
XLOC_000290	127.307	41.483	88.0232	0
XLOC_000296	972.486	670.695	2645.11	6.54591
XLOC_000297	136.627	18.9396	38.2454	4.44793
XLOC_000298	303.18	21.5458	95.2036	15.8933
XLOC_000300	32.4789	882.44	229.338	1738.08
XLOC_000301	48.6169	0	0.784923	0
XLOC_000306	404.412	0	0	0
XLOC_000307	553.43	0	0	0
XLOC_000309	333.897	166.67	360.699	243.94
XLOC_000319	41.0025	79.9324	0	254.768
XLOC_000322	96.0019	227.052	125.157	218.988
XLOC_000326	1791.52	362.201	1682.91	551.367
XLOC_000350	12.7166	0	42.8567	15.809
XLOC_000358	53.5299	18.0551	186.942	0
XLOC_000359	342.87	112.388	224.421	143.993
XLOC_000360	44184.5	17748.2	33430.3	15730.5
XLOC_000362	8161.64	1329.66	5746.17	1454.85
XLOC_000379	518.796	1077.97	1357.9	860.203
XLOC_000380	78.5568	140.941	259.906	112.047
XLOC_000382	21.7047	0	52.8008	68.2446
XLOC_000395	124.975	166.109	143.292	114.821
XLOC_000403	184.513	379.088	242.062	184.764
XLOC_000456	49.6993	152.388	41.1259	51.6357
XLOC_000467	911.137	1483.68	408.984	1631.81
XLOC_000468	159.966	427.314	0	187.009
XLOC_000473	596.465	0	89.6809	90.3609
XLOC_000480	262.959	887.615	395.216	964.807
XLOC_000482	14.6031	0	8.8802	16.3727
XLOC_000492	0	7.85772	7.415	3.99497
XLOC_000494	112.973	739.185	56.388	0
XLOC_000495	156.659	249.446	47.8974	175.663
XLOC_000496	1598.95	3007.02	1004.26	5396.48
XLOC_000499	189.423	1060.56	135.581	1530.45
XLOC_000501	139.717	4497.66	1389.37	9278.08
XLOC_000502	133.32	2118.31	123.149	2702.07
XLOC_000503	169.757	1235.71	163.301	1772.81
XLOC_000524	12425.1	24592	16378.1	15405.5
XLOC_000539	41.0739	56.8106	76.2446	30.2555
XLOC_000542	7.36548	0	8.04437	26.7345
XLOC_000554	48.6167	0	13.4975	34.5859
XLOC_000564	5503.62	12378.2	10652.4	9592.18
XLOC_000598	0	59.9089	107.544	300.893
XLOC_000604	12.0061	8.79286	10.6558	39.7078
XLOC_000605	62.3196	56.7263	88.2399	294.041
XLOC_000606	31.9972	0	16.6721	102.788
XLOC_000609	642.644	518.147	1595.22	127.489
XLOC_000621	32.9743	0	107.722	99.952
XLOC_000625	267.707	438.648	218.1	482.163
XLOC_000628	1551.49	379.628	1659.04	784.017
XLOC_000632	131.202	114.082	19.3487	126.835
XLOC_000633	5.9355	0	3.29703	32.0247
XLOC_000639	5998.38	10410.3	2044.28	17371.5
XLOC_000640	2486.94	2219.43	612.593	2858.45
XLOC_000641	0.484227	3.83864	0	34.4321
XLOC_000642	0	12.6901	0	54.2962
XLOC_000643	211.67	357.859	69.2793	274.837
XLOC_000647	1377.94	929.396	2032.36	1395.51
XLOC_000650	2921.51	446.97	4784.17	5453.85
XLOC_000655	225.324	223.995	621.64	68.1342
XLOC_000657	142.257	272.025	143.71	334.494
XLOC_000662	317.607	633.7	196.126	880.58
XLOC_000691	166.396	42.3486	73.0175	107.865
XLOC_000692	481.3	7955.05	470.319	16416.6
XLOC_000737	24.1565	111.277	12.0571	0
XLOC_000743	78.8578	118.866	73.4054	57.7158
XLOC_000751	108.075	158.079	107.578	88.923
XLOC_000760	590.718	262.87	639.552	517.874
XLOC_000764	151.762	107.998	168.783	135.454
XLOC_000781	417.175	313.523	559.233	751.736
XLOC_000787	1366.61	298.946	2497.97	1101.37
XLOC_000791	262.693	118.725	373.287	146.96
XLOC_000818	732.853	740.877	288.245	951.657
XLOC_000824	919.385	423.947	1313.3	805.877
XLOC_000827	726.594	633.255	748.996	263.656
XLOC_000832	1133.15	271.125	951.457	397.563
XLOC_000835	36.0561	62.8552	19.0568	0
XLOC_000836	103.329	386.1	0	95.8309
XLOC_000837	877.299	218.789	1869.89	898.389
XLOC_000859	862	1020.93	717.173	1083.13
XLOC_000860	722.494	1101.09	690.704	1290.3
XLOC_000861	3245.19	3090.22	2570.81	4022.27
XLOC_000862	85.4905	122.341	72.1071	130.163
XLOC_000864	587.658	817.547	589.37	856.644
XLOC_000866	124.187	55.0787	153.78	333.114
XLOC_000868	589.306	416.536	480.493	70.129
XLOC_000869	2750.71	2217.4	5395.82	2597.58
XLOC_000870	1476.13	1321.96	2866.33	1129.93
XLOC_000896	12.217	0	4.58149	13.5795
XLOC_000904	98.5211	450.696	199.108	270.694
XLOC_000923	0	0	0	169.323
XLOC_000925	456.991	0	323.763	501.016
XLOC_000927	45.519	171.626	113.407	221.716
XLOC_000929	38.2125	396.02	1118.27	695.828
XLOC_000931	680.61	1872.03	920.222	1062.19
XLOC_000939	47.1301	130.66	70.1284	57.6263
XLOC_000945	29.2931	0	2.12912	0
XLOC_000969	20.6797	0	12.7675	39.274
XLOC_000972	353.095	978.019	1499.16	625.902
XLOC_000975	0	3.97589	16.9075	10.0887
XLOC_000980	22.2616	31.134	86.8023	68.9307
XLOC_000993	306.2	41.2405	911.784	58.8312
XLOC_000997	198.963	86.6112	264.385	181.82
XLOC_000998	338.101	0	83.7712	178.875
XLOC_001000	8885.55	4253.38	9177.04	5443.7
XLOC_001001	25.8874	24.4055	21.549	0
XLOC_001005	82.6105	371.017	916.038	187.784
XLOC_001017	3672.09	4749.95	7047.72	5629.1
XLOC_001019	182.628	67.2869	157.473	150.369
XLOC_001020	412.191	149.184	404.112	218.586
XLOC_001042	50.1748	37.6685	0	220.492
XLOC_001048	209.136	98.5031	280.232	79.7526
XLOC_001049	299.306	29.2331	326.183	98.0375
XLOC_001052	411.338	188.356	689.334	151.093
XLOC_001054	206.191	921.882	334.945	621.199
XLOC_001055	277.059	212.801	228.081	167.865
XLOC_001091	55.2912	66.1481	36.289	84.0586
XLOC_001105	137.486	333.31	118.594	69.8244
XLOC_001107	583.588	918.307	517.241	318.381
XLOC_001123	295.624	359.836	840.778	350.522
XLOC_001131	7.02496	0	10.5532	0
XLOC_001134	615.991	590.221	429.102	1396.48
XLOC_001143	320.494	471.565	314.691	18.4058
XLOC_001166	95.7127	267.741	132.437	119.065
XLOC_001172	205.244	54.4294	143.496	157.963
XLOC_001174	86.3897	100.08	168.874	28.7176
XLOC_001191	15.6989	34.1437	42.8573	31.5365
XLOC_001196	38.3007	111.018	52.6901	31.4888
XLOC_001228	0	344.482	0	0
XLOC_001229	157.454	0	40.9944	320.133
XLOC_001270	15.2637	0	0	183.949
XLOC_001278	501.791	239.815	1476.35	752.533
XLOC_001279	286.725	0	0	0
XLOC_001280	3042.59	2597.93	9778.93	2108.92
XLOC_001281	8604.71	3971.07	36530.2	299.077
XLOC_001283	407.868	215.748	872.349	79.8715
XLOC_001285	13.8048	14.6907	63.2949	0
XLOC_001296	15713.6	42868.6	9750.63	25835.7
XLOC_001297	31372.5	17142.4	16640.6	12439.4
XLOC_001324	3016.73	1058.69	6098.39	1826.24
XLOC_001328	34.3838	198.443	0	115.756
XLOC_001356	166.259	556.781	554.168	149.547
XLOC_001365	604.617	1102.24	162.619	1289.78
XLOC_001367	0	125.747	37.552	337.519
XLOC_001385	3661.17	2786.93	3425.53	1388.36
XLOC_001389	1444.34	963.09	1382.61	516.996
XLOC_001390	995.252	626.763	950.016	404.894
XLOC_001397	582.523	289.837	544.762	410.74
XLOC_001399	319.218	216.509	476.813	101.786
XLOC_001400	5479.56	2584.95	5467.77	1505.42
XLOC_001402	4073.29	1199.64	4465.98	588.78
XLOC_001404	13136	987.473	6921.55	777.136
XLOC_001405	3697.75	87.7751	735.3	26.8766
XLOC_001406	4047.2	392.467	3839.5	101.405
XLOC_001408	1928.17	22.1358	396.057	0
XLOC_001409	5684.93	1119.69	6661.48	520.919
XLOC_001410	3184.28	1516.22	2079.84	115.411
XLOC_001411	260.077	9.23378	104.221	10.5484
XLOC_001419	181.426	67.9533	389.517	243.167
XLOC_001449	1105.73	2.02451	36.0017	1.32073
XLOC_001451	944.451	2.35651	0	0
XLOC_001452	145.988	1.62249	4.90568	0
XLOC_001471	239.566	210.422	419.688	383.218
XLOC_001473	418.889	102.964	569.716	213.159
XLOC_001490	175.366	217.741	80.0614	96.9528
XLOC_001500	493.045	387.775	213.049	391.76
XLOC_001504	45065.2	34403.1	55605.3	43042.3
XLOC_001508	126.275	0	29.2681	249.238
XLOC_001509	11.262	0	11.0654	24.5354
XLOC_001529	0	12.0472	38.4617	37.8459
XLOC_001599	2016.8	800.471	1987.46	431.33
XLOC_001611	85.6566	32.2478	185.367	59.5575
XLOC_001626	6.42405	79.9378	0	148.098
XLOC_001635	42.3001	96.0418	60.7277	43.4881
XLOC_001642	893.508	2985.22	1293.8	2305.12
XLOC_001653	400.925	95.0806	445.412	350.366
XLOC_001659	54.3638	20.0929	96.9094	80.5305
XLOC_001668	0	154.399	22.0195	0
XLOC_001678	165.383	48.0902	259.139	0
XLOC_001682	19.4811	8.40986	0	53.8163
XLOC_001685	36.7011	46.8417	53.9651	0
XLOC_001686	11.4251	0	12.2815	57.3698
XLOC_001690	10.0735	0	16.3801	54.0198
XLOC_001700	5140.63	4736.45	1283.66	5231.37
XLOC_001705	24.8983	125.762	27.1554	14.9569
XLOC_001706	0	0	0	434.954
XLOC_001708	37.5825	16.7896	0	159.078
XLOC_001713	0	0	0	112.321
XLOC_001723	121.885	315.693	27.1879	63.1547
XLOC_001732	747.335	843.038	733.991	1225.17
XLOC_001734	2656.73	2087.01	543.168	1379.77
XLOC_001742	84.6567	363.271	159.992	536.343
XLOC_001743	290.392	394.832	515.049	1081.36
XLOC_001752	1334.98	174.777	1701.73	71.3757
XLOC_001781	153.196	382.182	112.411	321.873
XLOC_001783	421.447	496.142	367.739	981.008
XLOC_001784	602.567	899.892	665.955	1695.35
XLOC_001785	842.668	2498.26	1112.37	4060.19
XLOC_001787	0	9.00587	3.55769	42.8404
XLOC_001788	194.495	256.249	202.62	425.423
XLOC_001790	76.0994	20.6476	72.7587	0
XLOC_001792	308.658	0	338.769	110.488
XLOC_001795	550.141	958.413	734.933	524.128
XLOC_001809	49.458	56.0913	59.6497	121.373
XLOC_001813	692.165	288.053	559.896	257.462
XLOC_001830	1373.84	1909.79	1176.2	2254.93
XLOC_001842	282.94	222.523	252.682	421.819
XLOC_001855	268.717	43.7856	217.059	57.8106
XLOC_001864	218.499	520.435	252.806	70.8508
XLOC_001896	123.521	319.097	51.7251	61.1114
XLOC_001902	103.835	0	0	0
XLOC_001910	128.282	265.144	191.817	119.508
XLOC_001935	360.418	868.914	419.614	112.72
XLOC_001949	87.8056	123.145	161.646	39.9496
XLOC_001965	14.0012	34.92	0	9.51372
XLOC_001981	42.7652	107.234	63.9527	155.338
XLOC_001993	0	89.2647	89.6809	319.413
XLOC_002010	112.271	182.489	234.641	390.621
XLOC_002024	34826.2	14319.7	45533.6	30758.6
XLOC_002036	7656.6	3484	7640.05	5815.56
XLOC_002038	1066.94	223.37	1277.39	413.99
XLOC_002042	328.9	401.885	664.872	325.7
XLOC_002044	185.305	152.012	335.27	273.203
XLOC_002045	645.078	497.021	1244.08	693.363
XLOC_002047	367.676	309.514	420.142	166.918
XLOC_002053	1306.2	1228.85	1195.62	685.808
XLOC_002055	5205.65	1414.51	6305.44	1391.88
XLOC_002067	151.974	285.349	195.849	84.6422
XLOC_002069	204.079	197.827	82.3714	42.2072
XLOC_002083	337.066	85.7341	389.266	121.354
XLOC_002107	73.1405	241.432	135.054	125.233
XLOC_002111	31.3523	42.7908	33.7467	77.6668
XLOC_002112	797.466	1194.26	555.457	989.078
XLOC_002113	991.712	816.83	429.492	553.293
XLOC_002118	164.877	45.0248	90.5351	80.231
XLOC_002119	2375.81	1320.8	3503.05	4624.62
XLOC_002138	102.963	0	318.449	1123.58
XLOC_002157	129.807	301.972	212.407	141.101
XLOC_002198	3.14666	14.2903	24.9098	0
XLOC_002202	56.8724	35.3348	137.273	139.377
XLOC_002203	126.296	62.2289	263.459	42.8399
XLOC_002219	96.3725	44.3682	70.4661	114.479
XLOC_002224	163.843	382.087	466.608	241.673
XLOC_002236	214.536	118.15	649.838	216.219
XLOC_002238	143.83	139.882	452.878	149.892
XLOC_002241	153.42	127.159	205.263	128.551
XLOC_002253	180.032	189.936	278.073	316.454
XLOC_002260	56.3331	43.9007	112.424	147.899
XLOC_002267	123.851	124.641	136.646	70.3545
XLOC_002273	14.1764	0	0	37.9457
XLOC_002277	266.182	140.611	142.008	210.155
XLOC_002282	131.131	74.7489	200.574	115.358
XLOC_002302	14.176	13.3692	0	30.1541
XLOC_002306	813.318	877.628	1051.38	1338.88
XLOC_002325	32.2996	26.5527	0	13.1914
XLOC_002327	349.356	126.67	369.8	324.612
XLOC_002328	108.97	0	226.158	65.6157
XLOC_002339	37515.5	44844.5	39123.1	49396.1
XLOC_002357	1245.15	1821.86	1195.78	1035.73
XLOC_002358	248.394	166.474	85.6225	235.566
XLOC_002363	322.979	96.5931	342.051	122.288
XLOC_002377	315.55	974.107	573.474	275.587
XLOC_002379	19.1539	73.6357	30.9322	141.305
XLOC_002386	30.0855	64.522	58.3907	119.902
XLOC_002389	463.667	239.057	1075.65	72.9549
XLOC_002411	437.339	747.71	3088.92	1782
XLOC_002417	725.246	393.978	677.913	399.856
XLOC_002437	988.75	483.465	1158.74	1108.33
XLOC_002448	568.161	373.977	943.26	282.342
XLOC_002449	241.609	210.195	383.686	176.773
XLOC_002452	776.215	336.725	1061.91	902.915
XLOC_002466	2042.77	1276.96	2406.74	1479.35
XLOC_002471	542.572	572.282	479.803	290.987
XLOC_002472	0	261.977	0	784.767
XLOC_002485	92.3436	30.0405	126.067	33.3194
XLOC_002488	172.127	42.7704	203.677	126.936
XLOC_002490	398.546	107.59	391.825	310.394
XLOC_002497	17.7167	3.35924	0	2.70758
XLOC_002505	294.749	323.338	216.219	197.233
XLOC_002527	606.084	280.431	431.093	249.694
XLOC_002530	99.4646	164.029	119.021	213.202
XLOC_002534	4143.32	527.937	4504.21	779.066
XLOC_002536	326.705	176.749	457.045	34.7036
XLOC_002545	351.756	164.854	341.342	355.186
XLOC_002560	662.704	296.244	459.496	507.928
XLOC_002569	22.1412	63.5231	22.6343	26.6292
XLOC_002570	136.711	30.2196	92.8664	48.3211
XLOC_002575	8092.32	5190.03	7157.43	4051.09
XLOC_002593	47.3654	156.61	84.3612	98.2615
XLOC_002595	209.734	389.764	192.148	235.105
XLOC_002630	138.705	623.424	50.4165	95.9543
XLOC_002642	222.214	44.2586	124	97.1728
XLOC_002644	90.2329	96.0342	40.8281	148.636
XLOC_002645	303.03	396.672	129.608	358.538
XLOC_002672	168.738	83.2115	279.579	97.9952
XLOC_002688	238.287	359.221	357.687	372.555
XLOC_002701	93.3321	192.203	56.2984	95.1623
XLOC_002717	1161.67	898.919	1502.92	2689.97
XLOC_002744	257.951	325.966	281.84	486.998
XLOC_002747	242.121	490.016	323.587	419.811
XLOC_002789	1238.35	1149.43	649.007	1107.71
XLOC_002791	1694.83	1258.16	3483.69	1974.99
XLOC_002827	476.769	147.695	1130.55	97.5086
XLOC_002829	285.892	279.247	725.041	91.8086
XLOC_002836	107.777	130.023	270.91	282.536
XLOC_002839	326.995	146.329	269.376	222.15
XLOC_002840	138.854	203.35	113.766	119.319
XLOC_002851	143.353	231.436	82.098	419.182
XLOC_002870	1668.18	2409.89	2580.58	1753.4
XLOC_002895	328.273	129.003	411.956	102.465
XLOC_002902	1028.63	854.065	71.3794	0
XLOC_002908	284.38	60.111	0	392.653
XLOC_002912	859.283	774.855	1035.29	1373.97
XLOC_002945	31.2441	0	9.59837	0
XLOC_002949	3456.61	4651.84	3142.21	3810.84
XLOC_002952	303.281	29.1685	438.129	101.851
XLOC_002955	635.457	309.614	597.486	317.621
XLOC_002957	593.916	357.773	465.339	426.406
XLOC_002959	73.2358	104.021	72.3786	167.055
XLOC_002960	693.076	1133.51	694.327	888.869
XLOC_002963	109.4	231.152	31.7266	0
XLOC_002971	227.513	78.118	245.994	47.4893
XLOC_002978	2501.78	900.548	3219.02	1034.94
XLOC_002987	1206.98	680.064	844.48	440.436
XLOC_002999	0	228.37	0	333.998
XLOC_003007	2411.88	2445.99	3092.89	2131.69
XLOC_003012	559.037	302.008	632.028	376.952
XLOC_003027	855.751	628.429	584.488	378.826
XLOC_003030	14.3936	50.6597	0	91.9135
XLOC_003035	2574.81	1146.47	2976.02	1564.05
XLOC_003041	95.0741	31.9561	107.601	29.5332
XLOC_003051	231.062	118.401	132.505	135.228
XLOC_003057	0	113.32	0	523.991
XLOC_003066	3588.14	2123.51	4538.06	6938.66
XLOC_003074	1457.81	1234.79	1958.97	188.484
XLOC_003086	205.736	168.904	330.857	355.682
XLOC_003091	272.932	172.469	326.883	150.33
XLOC_003105	184.881	43.9272	279.711	110.586
XLOC_003106	84.3287	23.0783	128.232	65.086
XLOC_003107	124.842	93.8315	193.43	137.164
XLOC_003113	730.37	410.435	658.081	415.422
XLOC_003132	259.145	328.841	212.114	181.565
XLOC_003147	437.142	136.607	135.725	214.458
XLOC_003151	50.2812	154.707	172.995	44.5237
XLOC_003163	16.3349	85.4835	111.588	35.0333
XLOC_003183	584.542	205.093	696.264	140.853
XLOC_003195	3891.16	3192.48	5019.07	4517.86
XLOC_003231	87.2387	29.1723	79.3456	154.505
XLOC_003241	0	4.55943	35.9086	26.6741
XLOC_003252	16.7048	323.808	104.691	190.849
XLOC_003253	266.913	455.441	403.369	409.625
XLOC_003254	2055.62	3435.51	2582.91	2521.8
XLOC_003260	2947.35	1197.19	2110.03	1884.82
XLOC_003262	122.737	455.364	569.279	347.764
XLOC_003276	25.9856	137.568	101.799	90.9677
XLOC_003290	110.724	134.266	88.3689	172.777
XLOC_003293	4532.53	3929.85	5050.07	3890.36
XLOC_003294	739.284	1207.16	902.059	830.571
XLOC_003295	22033.8	6394.58	34144	9184.06
XLOC_003297	1626.7	1347.82	1816.32	1067.22
XLOC_003299	39.3667	14.8812	19.5124	89.6023
XLOC_003306	468.891	538.791	344.917	961.68
XLOC_003357	6277.94	501.045	4368.22	263.6
XLOC_003358	14359.7	1960.24	10610.4	1704.31
XLOC_003359	9055.86	885.791	8251.17	453.225
XLOC_003360	17547.1	5910.82	17436	6309.64
XLOC_003388	65.7409	10.5089	67.5662	0
XLOC_003397	130.264	237.175	221.888	169.548
XLOC_003408	187.238	126.132	105.737	69.9212
XLOC_003410	549.305	388.07	289.104	328.229
XLOC_003432	1064.37	890.352	891.319	501.315
XLOC_003437	146.974	93.0281	167.337	154.646
XLOC_003465	50.7628	152.381	981.306	26.5528
XLOC_003466	100.052	430.542	863.42	27.0303
XLOC_003471	18.4988	0	19.1351	81.3342
XLOC_003473	315.016	431.495	299.812	239.253
XLOC_003493	109.093	64.8549	367.272	90.3231
XLOC_003498	321.842	66.3214	1072.94	198.706
XLOC_003502	19.8671	45.4859	50.1419	137.282
XLOC_003503	41.7584	102.476	68.4743	352.164
XLOC_003504	151.528	71.1704	341.608	96.2119
XLOC_003544	1075.84	243.259	1673.38	267.917
XLOC_003562	2384.12	2841.6	2018.13	2689.93
XLOC_003563	100.83	120.642	129.365	244.297
XLOC_003564	173.984	155.316	152.115	280.83
XLOC_003565	252.027	289.324	229.579	434.182
XLOC_003584	0	106.904	0	16.3108
XLOC_003585	0	170.78	52.0883	48.4356
XLOC_003586	101.306	276.992	226.357	160.094
XLOC_003587	79.7243	527.529	279.02	642.587
XLOC_003596	1159.49	747.894	2374.17	902.65
XLOC_003598	365.934	197.26	410.405	197.076
XLOC_003621	71.406	0	4.02466	6.01884
XLOC_003629	266.104	143.909	309.135	240.451
XLOC_003633	2791.21	1069.26	3567.15	322.245
XLOC_003639	479.664	189.926	1081.42	94.2992
XLOC_003640	401.507	234.626	969.882	26.564
XLOC_003651	35.8215	27.6959	54.7278	35.4963
XLOC_003657	27.3214	0	9.7429	5.10972
XLOC_003663	660.397	300.836	994.629	397.352
XLOC_003666	87.2877	24.3079	125.668	27.8601
XLOC_003670	199.548	78.163	264.876	118.057
XLOC_003682	4720.42	3078.2	2591.49	1718.79
XLOC_003712	174.646	107.933	158.118	233.53
XLOC_003713	11.2791	10.3072	0	22.4435
XLOC_003714	601.776	689.051	375.59	545.383
XLOC_003715	161.06	244.433	140.011	184.178
XLOC_003716	172.82	236.417	149.481	169.443
XLOC_003720	187.754	152.435	150.781	102.092
XLOC_003790	75.8461	40.6586	51.8899	29.7073
XLOC_003791	124.267	76.2847	97.0053	50.5587
XLOC_003792	277.395	109.081	574.703	146.191
XLOC_003793	75.3288	0	55.0525	111.619
XLOC_003794	606.084	526.909	894.649	629.362
XLOC_003798	748.878	1091.57	339.426	471.672
XLOC_003818	168.175	144.527	278.775	241.55
XLOC_003851	315.775	181.376	380.949	335.967
XLOC_003860	678.468	1034.79	703.971	590.862
XLOC_003864	144.633	418.785	76.6271	450.392
XLOC_003868	120.802	527.19	124.997	1089.44
XLOC_003877	1858.87	1220.4	1332.54	1049.68
XLOC_003904	41.5689	111.376	0	13.6975
XLOC_003932	450.732	52.4624	145.932	119.828
XLOC_003934	282.05	416.875	238.817	684.833
XLOC_003935	449.707	640.798	342.977	809.799
XLOC_003946	147.56	140.806	177.832	353.842
XLOC_003955	420.693	359.645	424.37	251.2
XLOC_003961	4916.05	2052.84	3443.71	2198.72
XLOC_003963	175.501	30.3791	121.688	48.4052
XLOC_003969	2595.89	3183.58	3819.66	4523.96
XLOC_003984	61.9805	26.8098	44.8567	90.724
XLOC_004013	436.615	352.971	555.088	682.189
XLOC_004049	116.724	227.872	97.8203	164.34
XLOC_004077	104.377	164.187	129.942	94.5376
XLOC_004108	0	75.012	124.482	131.229
XLOC_004109	253.369	64.3753	191.324	57.0997
XLOC_004110	8447.45	3705.74	8728.18	2196.59
XLOC_004113	3050.71	642.07	3799.46	804.513
XLOC_004116	557.739	43.1544	294.914	54.8519
XLOC_004120	3388.33	989.317	2029.86	632.412
XLOC_004121	1286.64	679.51	861.89	203.961
XLOC_004122	1731.12	1074.4	981.016	487.109
XLOC_004129	3148.23	3815.56	7432.72	3194.4
XLOC_004141	215.419	159.227	307.94	117.411
XLOC_004142	664.991	626.89	988.011	365.902
XLOC_004144	1187.19	1655.47	2142.08	1956.08
XLOC_004153	1419.84	519.152	742.3	80.3367
XLOC_004154	159.836	164.558	35.5174	0
XLOC_004168	1810.02	270.536	1471.99	601.57
XLOC_004169	813.205	160.831	823.122	137.418
XLOC_004204	140.594	138.954	100.584	278.983
XLOC_004205	0	11.7495	108.251	43.6362
XLOC_004206	527.102	295.212	498.259	256.276
XLOC_004231	213.031	69.3776	183.369	82.2475
XLOC_004232	4762.17	5111.48	5949.77	3963.75
XLOC_004272	2584.82	2106.7	3442.16	1737.24
XLOC_004273	367.103	290.947	470.918	322.737
XLOC_004274	174.123	222.705	242.87	115.95
XLOC_004275	64.7745	50.2302	137.675	48.2884
XLOC_004280	1388.19	4956.19	3960.47	6451.23
XLOC_004287	2416.43	3104.34	1603.49	3206.21
XLOC_004302	59.7815	0	8.47792	7.79568
XLOC_004308	3311.14	1168.54	1053.7	3477.65
XLOC_004309	261.9	142.514	0	579.973
XLOC_004315	15.5411	0	51.9133	25.4695
XLOC_004316	84.6979	496.596	153.015	190.496
XLOC_004331	2517.66	2103.4	3023.5	4161.09
XLOC_004347	163.5	212.518	132.659	216.297
XLOC_004348	266.875	409.614	209.259	235.469
XLOC_004356	454.202	186.196	144.438	289.313
XLOC_004362	661.856	195.563	644.553	308.193
XLOC_004367	1640.88	1070.74	2960.02	1151.7
XLOC_004390	329.637	21.2195	147.836	70.0911
XLOC_004391	33.1078	0	61.6541	0
XLOC_004392	73.2221	6.70846	63.9293	0
XLOC_004393	1904.97	459.316	1188	245.697
XLOC_004394	62.4861	22.4816	95.9672	56.6696
XLOC_004402	145.631	306.064	120.976	221.881
XLOC_004437	0	17.4276	2.36598	27.8053
XLOC_004438	62.6964	76.9107	9.91304	147.026
XLOC_004442	0	0	0	34.3942
XLOC_004444	257.328	298.83	123.943	197.063
XLOC_004456	281.877	139.103	210.039	70.7883
XLOC_004457	610.767	731.402	492.156	1177.49
XLOC_004478	488.713	204.564	523.229	278.66
XLOC_004480	586.158	82.2427	264.107	151.247
XLOC_004492	2175.07	1237.61	1780.68	1058.99
XLOC_004508	0	132.534	68.9189	210.464
XLOC_004510	410.057	393.724	370.728	627.553
XLOC_004548	10123.4	6724.47	8390.67	7149.31
XLOC_004559	0	133.572	0	21.0172
XLOC_004563	138.112	199.814	82.9533	117.438
XLOC_004569	78.0402	19.9727	92.4266	53.0793
XLOC_004589	217.866	136.684	265.656	185.225
XLOC_004608	728.684	320.804	450.752	310.254
XLOC_004609	134.827	66.5512	96.0376	39.6553
XLOC_004619	288.458	135.618	197.228	147.786
XLOC_004626	991.927	1566.37	1675.12	588.34
XLOC_004641	176.428	75.1824	346.119	108.103
XLOC_004644	105.579	20.6129	51.6731	45.1243
XLOC_004649	187929	394720	218140	350458
XLOC_004652	600.081	1058.76	738.371	833.318
XLOC_004665	137.561	18.774	132.535	75.7681
XLOC_004676	136.019	41.9202	93.861	107.109
XLOC_004683	0	52.2019	174.811	76.6268
XLOC_004685	502.387	198.822	423.785	287.802
XLOC_004698	147	96.0382	475.223	311.181
XLOC_004728	81.7419	72.4352	64.6944	44.7002
XLOC_004750	302.68	149.963	190.193	101.555
XLOC_004756	205.036	0	846.481	116.97
XLOC_004763	881.487	177.749	256.856	18.4883
XLOC_004800	2237.25	1849.08	2915.3	2432.28
XLOC_004802	249.308	289.973	354.114	223.911
XLOC_004803	3280.26	3653.07	4840.05	2371.3
XLOC_004816	26.2801	232.494	97.83	145.859
XLOC_004820	402.285	299.453	226.407	208.292
XLOC_004822	534.865	553.722	265.999	415.507
XLOC_004826	26.7958	0	11.4158	27.3103
XLOC_004828	392.604	282.378	222.798	269.771
XLOC_004833	33.4859	98.0028	93.9093	69.2475
XLOC_004834	12133.5	6483.7	10547.9	6577.92
XLOC_004843	219.072	0	134.003	165.414
XLOC_004845	138.761	193.932	110.829	118.724
XLOC_004847	1834.08	2166.93	2065.23	2618.89
XLOC_004848	409.114	720.686	397.024	525.009
XLOC_004849	306.061	551.613	439.666	355.433
XLOC_004867	338.724	458.466	129.979	173.857
XLOC_004884	696.331	890.622	621.864	1587.52
XLOC_004895	271.9	163.858	299.893	238.539
XLOC_004899	216.785	273.505	140.505	319.955
XLOC_004902	749.241	786.562	574.051	1212.71
XLOC_004909	350.981	659.061	266.684	782.391
XLOC_004912	495.923	122.306	238.24	169.44
XLOC_004915	322.995	122.979	114.528	74.8727
XLOC_004916	42.6889	13.6954	9.49094	0
XLOC_004925	744.464	435.049	2244.5	307.98
XLOC_004955	1273.1	2059.81	1609.63	1243.98
XLOC_004974	4367.52	1010.02	6206.85	4203.23
XLOC_004982	93.4141	72.4328	140.24	85.1138
XLOC_005001	137.299	83.4596	149.784	74.5699
XLOC_005006	318.619	200.397	266.585	364.772
XLOC_005007	107.639	74.578	55.2315	150.986
XLOC_005027	4444.39	2081.17	3274.06	2405.3
XLOC_005034	838.95	434.621	918.521	365.771
XLOC_005037	396.97	463.365	409.558	282.449
XLOC_005039	498.967	473.397	522.56	299.187
XLOC_005054	98.5184	32.6283	128.12	42.9533
XLOC_005062	115.448	201.351	137.497	106.854
XLOC_005066	595.43	302.332	463.558	421.04
XLOC_005071	1629.86	1488.56	2770.93	1441.91
XLOC_005072	3594.11	4585.36	6512.75	4415.42
XLOC_005075	192.754	0	50.7839	0
XLOC_005077	121.812	222.748	120.351	212.933
XLOC_005081	4407.68	1974.22	1946.51	3156.53
XLOC_005104	354.3	345.56	117.484	21.7184
XLOC_005105	87.3727	18.625	102.606	28.0178
XLOC_005112	893.316	1249.68	1206.7	1999.93
XLOC_005143	334.136	140.99	350.944	132.642
XLOC_005167	990.143	230.164	758.697	200.287
XLOC_005182	1651.59	478.373	903.391	474.528
XLOC_005203	20.3181	318.593	36.5805	72.3698
XLOC_005225	740.454	1030.8	2132.61	1250.55
XLOC_005232	186.831	24.2962	194.725	37.4715
XLOC_005236	59.5848	895.666	133.865	46.4739
XLOC_005237	32.033	583.99	59.9248	15.4987
XLOC_005250	564.775	0	0	0
XLOC_005255	232.962	309.755	177.349	335.204
XLOC_005265	56.6108	217.502	122.369	275.292
XLOC_005368	1435.73	2644.79	1774.08	1795.28
XLOC_005387	1030.67	2830.29	1751.47	2642.9
XLOC_005388	2132.1	1669.9	1785.95	2519.56
XLOC_005389	45.4178	269.067	145.361	242.171
XLOC_005390	379.373	371.681	525.993	699.096
XLOC_005393	0	8.52304	3.47126	34.0382
XLOC_005400	145.63	31.9411	166.547	73.388
XLOC_005404	88.1213	198.592	90.9221	149.111
XLOC_005408	966.047	543.707	836.721	799.862
XLOC_005423	139.142	44.4093	87.5407	67.6283
XLOC_005451	151.935	111.716	410.636	78.0861
XLOC_005452	498.936	707.632	1955.14	511.445
XLOC_005479	152.042	885.898	411.204	343.906
XLOC_005480	87.6142	198.424	56.2819	153.669
XLOC_005481	238.805	232.192	150.897	310.492
XLOC_005497	116.133	97.1347	257.882	207.088
XLOC_005508	4046.5	913.151	2760.6	614.557
XLOC_005524	6282.99	9130.24	7786.95	6267.73
XLOC_005531	1078.21	1969.04	1061.75	755.211
XLOC_005544	1532.11	627.447	1463.52	1200.13
XLOC_005556	299.045	225.79	266.202	149.859
XLOC_005560	211.971	116.807	251.951	146.647
XLOC_005586	5950.36	3619.49	8273.61	7313.84
XLOC_005595	523.097	826.913	690.489	476.746
XLOC_005621	202.176	0	310.854	251.147
XLOC_005629	294.44	594.369	416.43	523.688
XLOC_005643	240.171	46.1525	123.769	24.685
XLOC_005648	334.087	190.806	241.085	265.552
XLOC_005659	220.474	71.7611	627.033	142.731
XLOC_005661	20.775	18.0775	80.4486	11.9381
XLOC_005662	722.131	258.688	1733.87	348.916
XLOC_005663	30.0648	9.03426	73.3997	35.3596
XLOC_005669	48.0648	27.2215	90.6225	23.6663
XLOC_005707	69.2678	26.459	84.9807	65.5899
XLOC_005754	232.926	66.4878	128.653	150.507
XLOC_005755	2369.16	964.58	2551.49	836.368
XLOC_005769	253.464	509.327	291.819	390.734
XLOC_005772	38.7569	159.456	257.595	106.039
XLOC_005793	390.577	591.057	412.677	413.746
XLOC_005799	2293.37	560.021	2511.52	921.475
XLOC_005805	389.48	325.519	376.459	553.296
XLOC_005829	1041.91	1069.56	1362.62	567.936
XLOC_005838	34.3977	56.2137	15.2219	31.5343
XLOC_005840	345.595	718.347	266.75	484.363
XLOC_005844	263.706	210.89	395.976	278.067
XLOC_005848	649.835	978.173	774.063	273.663
XLOC_005851	149.831	242.819	137.971	61.3434
XLOC_005856	196.416	105.592	160.471	87.4617
XLOC_005875	80.358	16.7659	150.126	22.8011
XLOC_005887	788.972	228.472	1106.05	380.956
XLOC_005891	657.908	101.227	463.598	43.0034
XLOC_005896	372.228	113.342	408.172	107.397
XLOC_005898	441.513	506.434	445.944	242.22
XLOC_005900	91.9033	382.126	60.5094	634.345
XLOC_005917	103.705	157.958	89.2747	346.819
XLOC_005954	7727.08	13401.7	7211.76	10587.4
XLOC_005968	375.609	57.7158	137.619	0.619583
XLOC_005970	1530.79	1049.86	3243.17	1822.32
XLOC_005974	972.008	1277.55	1185.43	2186.99
XLOC_005983	247.543	122.909	319.042	189.802
XLOC_005987	278.993	394.448	193.477	579.967
XLOC_005990	442.119	673.959	542.589	852.614
XLOC_006031	309.708	241.633	25.9852	209.69
XLOC_006059	40.489	40.5288	85.3236	54.1044
XLOC_006076	25062.9	26957.6	31874.3	23416.7
XLOC_006079	49.0727	22.6403	76.614	120.78
XLOC_006081	20.1187	29.185	48.0234	65.7347
XLOC_006116	7.4412	82.6685	0	5.90565
XLOC_006125	6449.43	5457.89	8855.26	3155.2
XLOC_006142	84.2463	37.4808	105.551	88.6283
XLOC_006150	151.343	0	28.2763	51.4413
XLOC_006151	103.797	355.645	480.198	66.8782
XLOC_006152	591.373	1196.96	3364.43	240.451
XLOC_006155	526.438	650.656	282.926	130.294
XLOC_006165	441.51	708.389	1268.04	557.841
XLOC_006166	89.5153	99.7088	526.318	124.709
XLOC_006179	52.5714	29.5804	12.6664	23.9896
XLOC_006189	0	37.1544	23.6719	62.0929
XLOC_006192	34669.9	10756.5	38527	18246.2
XLOC_006193	13963.4	2541.5	12326.4	3233.94
XLOC_006194	529.497	838.943	529.678	656.407
XLOC_006206	14090.3	5882.68	6892.72	5712.72
XLOC_006210	354.374	368.844	68.9942	200.57
XLOC_006245	1493.14	332.921	601.246	213.573
XLOC_006248	74.6237	91.804	0	158.208
XLOC_006250	36.9093	160.246	43.8831	49.0311
XLOC_006265	677.876	974.754	705.175	483.523
XLOC_006273	718.902	321.071	808.151	359.603
XLOC_006276	567.835	348.017	1595.21	304.914
XLOC_006321	132.685	101.435	71.1597	153.526
XLOC_006323	101.431	219.091	117.846	385.172
XLOC_006325	656.219	1255.68	815.068	87.6586
XLOC_006327	2131.01	847.955	1926.82	806.112
XLOC_006340	1180.23	331.764	776.531	60.251
XLOC_006341	3051.96	5031.79	1847.81	2297.22
XLOC_006409	1155.4	686.657	388.615	480.024
XLOC_006410	113.519	62.4552	54.4714	90.7588
XLOC_006426	98.697	189.884	51.2013	26.2902
XLOC_006435	12695.1	1660.33	10437.5	1684.73
XLOC_006437	26.3955	0	7.33121	0
XLOC_006451	271.703	360.089	361.093	466.143
XLOC_006471	8162.72	6109.75	15876.8	3392.17
XLOC_006474	928.692	685.845	3405.68	561.897
XLOC_006507	13156.1	19254.2	8270.87	15719.9
XLOC_006513	912.455	767.846	2107.11	1719.78
XLOC_006523	413.632	254.611	304.107	350.651
XLOC_006549	671.316	1215.42	920.07	1491.56
XLOC_006550	17.8272	119.902	0	68.4714
XLOC_006555	265.582	455.268	196.77	268.57
XLOC_006559	145.619	249.456	95.7779	54.4498
XLOC_006570	170.611	234.694	124.366	286.633
XLOC_006583	1690.02	1804.9	1366.07	959.505
XLOC_006628	2415	2989.06	1056.73	1611.02
XLOC_006629	1177.63	991.032	635.443	523.301
XLOC_006631	712.738	540.309	444.094	474.824
XLOC_006648	2115.44	1705.43	2490.84	2010.29
XLOC_006664	217.355	42.2289	134.242	133.755
XLOC_006665	434.81	433.609	502.592	883.595
XLOC_006668	94.445	452.616	0	1333.09
XLOC_006677	178.299	145.513	211.327	88.7552
XLOC_006733	126.281	213.31	42.7635	27.6504
XLOC_006748	526.218	1414.94	860.439	740.521
XLOC_006801	48.4898	110.964	354.193	136.616
XLOC_006803	215.126	104.657	60.2357	144.319
XLOC_006810	4632.63	5382.53	3143.54	4763.78
XLOC_006816	6.7425	0	0	40.9895
XLOC_006829	108.871	67.073	187.812	109.862
XLOC_006831	794.418	1288.44	601.7	970.764
XLOC_006858	8841.25	5560.53	8934.44	5398.21
XLOC_006860	24.651	47.2969	150.295	109.854
XLOC_006885	860.46	729.015	1430.06	872.608
XLOC_006887	130.068	45.0443	186.938	76.4146
XLOC_006889	48072.9	21469.3	59456.6	25585.1
XLOC_006890	393.389	13.8837	265.099	27.347
XLOC_006922	67.4338	185.543	120.82	233.156
XLOC_006924	4635.16	1287.96	4339.64	3227.19
XLOC_006927	4571.98	1000.49	4194.35	1639.94
XLOC_006937	343.928	238.613	388.182	328.417
XLOC_006942	372.471	603.231	783.12	587.075
XLOC_006977	108.298	194.284	161.459	192.874
XLOC_006979	1378.64	711.378	1383.45	376.079
XLOC_007002	441.49	253.854	433.148	391.03
XLOC_007013	16045.7	12200.4	19125.1	12727.5
XLOC_007030	41.309	35.063	69.4796	178.845
XLOC_007035	136.632	15.4105	57.5132	0
XLOC_007069	13043.3	16151.5	15315.3	11980.7
XLOC_007073	27.9499	54.3146	141.578	0
XLOC_007112	324.055	227.804	700.804	155.449
XLOC_007121	144.786	111.872	182.733	153.883
XLOC_007150	40.4737	79.1593	82.4812	24.3038
XLOC_007151	165.258	301.552	208.626	256.1
XLOC_007155	61.6544	110.595	29.7088	65.3498
XLOC_007156	55.0524	83.1858	36.2104	174.221
XLOC_007180	438.843	81.6854	230.837	86.6858
XLOC_007183	1296.5	767.843	1308.24	1930.82
XLOC_007278	257.335	273.329	314.305	386.702
XLOC_007279	140.99	183.974	303.236	155.175
XLOC_007300	136.315	99.6694	165.591	205.085
XLOC_007333	714.831	875.326	500.772	982.442
XLOC_007337	589.368	297.186	554.124	461.254
XLOC_007344	649.24	280.961	251.754	371.759
XLOC_007346	107.423	106.566	144.436	38.9981
XLOC_007399	3213.35	1664.99	16187.9	2167.99
XLOC_007436	686.877	1616.53	905.662	743.874
XLOC_007449	412.805	742.434	548.84	320.784
XLOC_007455	1566.64	1021.86	1427.79	1504.08
XLOC_007472	18.2305	23.0598	9.70143	0
XLOC_007496	15030.7	5597.15	12112.3	6091.03
XLOC_007497	1358.35	539.484	1165.54	594.283
XLOC_007507	112.481	783.297	0	159.253
XLOC_007513	333.2	198.473	447.687	313.478
XLOC_007516	35.6146	41.9428	80.5177	83.3834
XLOC_007519	164.867	117.046	236.524	162.277
XLOC_007585	4039.89	5708.15	5373.16	4251.43
XLOC_007589	5764.25	6391.76	8079.34	4577.22
XLOC_007598	377.161	279.139	324.461	240.388
XLOC_007626	49.5986	50.8781	109.458	229.734
XLOC_007689	0	165.786	50.0728	91.3609
XLOC_007701	257.101	421.659	312.094	341.73
XLOC_007708	1095.46	878.121	1569.75	1402.45
XLOC_007720	434.361	656.431	373.339	622.288
XLOC_007721	1732.57	856.586	1728.58	1689.6
XLOC_007724	67.7036	120.03	121.121	55.7259
XLOC_007752	5001.65	3803.19	4946.88	2616.86
XLOC_007756	1757.05	1599.05	2105.83	881.921
XLOC_007765	356.612	330.881	609.838	145.537
XLOC_007774	93.3882	141.537	116.253	79.3976
XLOC_007778	121.795	166.19	194.714	218.728
XLOC_007779	212.875	248.632	299.694	346.841
XLOC_007793	6.63161	0	11.7155	16.6984
XLOC_007794	0	462.084	70.3295	386.162
XLOC_007795	465.472	802.193	741.693	340.899
XLOC_007809	6217.25	1660.92	7872.4	3861.19
XLOC_007815	3245.23	1884.12	2566.25	2124.85
XLOC_007831	0	370.034	0	114.207
XLOC_007834	462.738	309.723	588.784	777.317
XLOC_007848	10706	12753.9	18535.3	9079.61
XLOC_007850	118.419	134.975	170.663	58.7422
XLOC_007851	269.571	150.184	290.763	107.851
XLOC_007852	329.019	201.739	429.884	160.376
XLOC_007862	772.332	456.678	936.39	482.071
XLOC_007869	11.7241	4.22087	53.0409	0
XLOC_007873	37.2287	0	65.264	9.43083
XLOC_007876	7198.42	1164.75	4853.75	1732.46
XLOC_007887	178.014	212.748	271.178	511.048
XLOC_007899	98.2372	0	0	0
XLOC_007949	92.7754	525.249	102.445	82.6006
XLOC_007950	4072.36	1989.7	4780.37	3117.51
XLOC_007959	11252.2	9024.85	16084.4	6963.6
XLOC_007963	4723.31	3712.81	9135.1	3534.31
XLOC_008001	329.655	513.984	232.456	146.076
XLOC_008013	208.041	293.105	255.098	215.602
XLOC_008020	0	103.838	0	0
XLOC_008024	124.751	241.908	111.077	952.965
XLOC_008038	185.343	178.265	207.271	134.042
XLOC_008045	116.198	430.767	220.728	178.571
XLOC_008060	566.768	530.824	581.899	896.171
XLOC_008064	418.078	0	0	78.1901
XLOC_008067	197.977	159.961	0	0
XLOC_008071	372.474	933.489	466.84	621.152
XLOC_008101	61.6817	87.7174	102.167	134.222
XLOC_008106	415.371	432.364	282.677	407.813
XLOC_008124	591.398	1155.21	104.355	1612.32
XLOC_008129	5.70013	6.23988	0	25.3013
XLOC_008133	369.589	116.073	0	131.397
XLOC_008142	97.0515	288.455	109.64	225.299
XLOC_008153	720.273	556.578	1036.29	427.451
XLOC_008162	117.194	51.8061	88.0389	111.379
XLOC_008167	741.677	584.409	880.952	145.534
XLOC_008169	103.079	6.2137	88.9397	0
XLOC_008172	146.779	131.728	602.764	144.119
XLOC_008173	540.434	292.384	1595.49	104.133
XLOC_008178	250.534	218.294	308.201	524.299
XLOC_008183	300.69	825.4	428.398	505.069
XLOC_008194	193.596	125.073	329.257	107.129
XLOC_008210	41.3104	124.054	50.4764	64.1571
XLOC_008211	854.665	1955.99	1141.52	1117.88
XLOC_008261	459.55	112.174	489.391	249.72
XLOC_008262	1195.15	600.785	1035.88	714.706
XLOC_008266	57.7482	353.427	250.103	589.423
XLOC_008271	159.518	374.568	102.577	89.8496
XLOC_008295	635.156	568.96	1147.5	1372.74
XLOC_008324	736.544	157.924	534.713	150.653
XLOC_008327	72.3235	131.049	138.928	85.5302
XLOC_008329	345.119	194.295	459.408	352.5
XLOC_008347	149.943	478.92	239.918	1272.43
XLOC_008348	5.38133	0	18.514	60.2254
XLOC_008350	1184.49	534.39	2595.96	1059.02
XLOC_008351	650.113	514.086	1244.99	475.955
XLOC_008352	1720.5	1691.07	2689.26	1254.62
XLOC_008357	211.725	74.8726	424.178	162.266
XLOC_008360	372.768	43.9984	435.335	66.3292
XLOC_008367	3556.87	4601.2	19498.9	1370.59
XLOC_008368	1003.7	929.071	1400.89	876.922
XLOC_008373	3135.85	1991.95	3857.91	4075.82
XLOC_008379	135.938	203.155	91.5984	362.818
XLOC_008380	54.5772	100.526	16.7893	146.616
XLOC_008381	568.286	305.827	123.917	265.619
XLOC_008382	37.1121	249.943	337.362	105.802
XLOC_008395	1793.62	2089.26	993.162	2430.64
XLOC_008417	87.9015	33.5537	178.047	70.8229
XLOC_008428	176.792	647.79	600.79	659.844
XLOC_008436	251.756	321.8	197.064	529.851
XLOC_008443	374.855	138.024	35.915	154.231
XLOC_008454	377.248	222.483	427.767	406.764
XLOC_008470	3153.67	315.893	4019.08	823.773
XLOC_008471	633.9	133.179	615.471	242.2
XLOC_008473	407.712	660.106	254.526	166.09
XLOC_008474	52.4392	104.531	90.6014	129.552
XLOC_008483	236.95	133.654	191.985	131.829
XLOC_008491	278.232	330.537	244.948	367.269
XLOC_008518	964.259	358.353	964.47	426.561
XLOC_008522	277.139	110.934	305.557	199.63
XLOC_008526	158.122	36.493	14.2809	50.973
XLOC_008548	192.315	0	0	0
XLOC_008566	35.119	0	36.0266	5.39382
XLOC_008579	263.001	163.233	262.987	299.18
XLOC_008611	1261.96	0	30.6831	47.2923
XLOC_008612	302.233	28.3763	0	0
XLOC_008617	13233.7	9419.38	20926.7	16447.4
XLOC_008650	1650.17	447.829	1129.57	174.952
XLOC_008655	66.2288	53.0512	103.814	79.6547
XLOC_008659	103.551	76.768	47.8362	30.5789
XLOC_008660	589.785	162.061	680.316	187.962
XLOC_008668	115.35	249.47	128.671	154.429
XLOC_008669	248.343	664.002	471.576	164.905
XLOC_008691	15898	5985.56	29299.7	23699.9
XLOC_008695	119.356	86.639	129.839	190.958
XLOC_008696	3563.44	1080.24	2874.18	1413.76
XLOC_008700	312.505	126.319	255.241	92.7757
XLOC_008713	69.439	69.2309	54.0816	168.95
XLOC_008715	102.436	382.372	606.166	13.3672
XLOC_008718	645.602	641.403	1551.09	306.087
XLOC_008740	163.589	678.011	90.1432	129.642
XLOC_008751	380.033	113.937	244.82	172.549
XLOC_008752	5088.7	2663.3	9331.21	2709.14
XLOC_008766	593.979	562.748	1035.8	530.229
XLOC_008787	214.783	97.2375	183.858	148.557
XLOC_008792	25.1035	0	80.572	21.3404
XLOC_008804	535.746	732.542	447.525	834.507
XLOC_008817	1830.98	11573.3	433.903	4473.32
XLOC_008819	837.155	1551.19	596.071	1154.22
XLOC_008822	279.041	394.276	279.493	323.676
XLOC_008824	44.4189	142.046	47.8187	75.8586
XLOC_008837	6699.36	5545.96	8657.95	5473.18
XLOC_008847	162.467	156.436	195.591	39.6996
XLOC_008848	1483.47	943.655	1421.41	825.584
XLOC_008867	442.387	534.136	287.858	872.032
XLOC_008875	56.922	295.036	161.132	162.005
XLOC_008877	90.04	192.785	336.676	517.368
XLOC_008878	386.02	1003.01	575.431	906.828
XLOC_008879	212.977	2059.51	346.067	1261.28
XLOC_008882	0	6.70846	43.5104	57.5636
XLOC_008891	48.0283	62.5382	75.5057	28.155
XLOC_008900	143.871	140.892	86.9811	164.726
XLOC_008901	499.701	648.4	435.336	759.758
XLOC_008903	2270.64	751.999	1911.07	877.744
XLOC_008917	351.709	409.88	212.537	570.842
XLOC_008923	199.728	231.142	183.514	114.7
XLOC_008927	284.978	143.215	535.788	407.657
XLOC_008979	772.228	135.317	697.239	316.374
XLOC_008982	93.0458	66.5167	96.8208	34.2727
XLOC_008983	86.5704	23.4133	85.3321	70.8508
XLOC_008991	127.308	176.188	98.4709	185.198
XLOC_009003	3114.36	2917.44	4884.5	2742.81
XLOC_009005	159.606	444.22	1776.61	291.233
XLOC_009012	216.576	203.806	326.35	287.788
XLOC_009015	43.7695	55.6403	50.3877	108.407
XLOC_009018	9805.4	9562.78	7432.77	12432
XLOC_009066	337.699	205.003	153.086	194.662
XLOC_009069	424.286	1314.37	280.036	296.332
XLOC_009094	40386	14752.4	29238.8	13452.8
XLOC_009105	205.476	410.898	227.417	403.751
XLOC_009156	459.812	50.8039	0	280.096
XLOC_009170	23.7954	79.5921	164.498	149.238
XLOC_009174	307.924	48.7837	360.445	0
XLOC_009261	52.3399	42.1708	29.4214	137.335
XLOC_009268	754.272	214.483	844.922	187.172
XLOC_009272	211.253	202.932	193.305	351.654
XLOC_009273	325.756	473.536	358.892	853.507
XLOC_009331	256.083	202.214	349.673	168.852
XLOC_009368	467.196	337.331	974.696	715.02
XLOC_009370	42721.9	15854	61177.9	45742
XLOC_009398	890.445	102.819	610.922	212.367
XLOC_009421	9212.24	2386.43	5513.75	6343.05
XLOC_009441	234.194	602.66	465.016	389.13
XLOC_009456	55.093	0	79.786	42.6705
XLOC_009465	180.671	81.781	264.54	75.2624
XLOC_009466	349.889	351.245	406.378	140.059
XLOC_009473	26514.3	8396.56	29145.5	12145.7
XLOC_009488	95.2556	76.304	147.787	81.368
XLOC_009489	196.236	128.072	357.662	165.242
XLOC_009520	822.222	715.463	1036.75	920.045
XLOC_009541	153.017	119.861	153.359	59.4832
XLOC_009568	87.5088	110.785	132.661	270.715
XLOC_009583	987.935	1062.57	1319.89	1328.84
XLOC_009584	775.553	1210.57	1095.28	1123.53
XLOC_009585	5221.98	19594.6	4475.53	5003.68
XLOC_009586	514.457	0	515.274	148.774
XLOC_009634	403.801	332.885	823.917	354.944
XLOC_009636	306.54	505.568	188.261	238.65
XLOC_009653	2808.98	1431.85	3051.95	1539.64
XLOC_009664	101.617	65.2807	249.454	121.346
XLOC_009676	173.635	267.287	230.037	357.369
XLOC_009677	22.4457	64.24	18.877	93.0337
XLOC_009678	47.4266	55.8456	71.4405	102.163
XLOC_009711	275.312	56.538	266.267	23.966
XLOC_009750	562.967	232.888	710.106	437.122
XLOC_009768	3235.24	3934.15	5202.72	2964.97
XLOC_009771	506.902	455.12	606.192	1095.39
XLOC_009779	149.09	378.289	330.005	33.5087
XLOC_009811	117.465	125.62	86.6093	249.448
XLOC_009813	8490.28	2158.11	4830.29	682.457
XLOC_009815	613.252	259.592	235.238	105.503
XLOC_009817	192.662	130.025	243.724	169.235
XLOC_009832	3365.21	4775.17	3388.91	2671.05
XLOC_009845	68.3908	57.572	225.665	25.4118
XLOC_009856	699.798	647.769	1188.32	596.237
XLOC_009861	621.836	134.778	668.921	260.433
XLOC_009872	2.03897	270.53	97.7737	475.536
XLOC_009880	6627.93	690.288	6908.97	911.693
XLOC_009881	7274.9	2381.21	7628.39	3172.04
XLOC_009904	358.745	557.085	422.977	297.33
XLOC_009923	446.899	315.357	584.525	385.935
XLOC_009924	443.594	233.652	667.385	231.131
XLOC_009932	123.383	55.417	184.853	114.411
XLOC_009944	4488.59	4090.73	3374.24	6491.97
XLOC_009949	32.4738	146.444	41.2084	75.5982
XLOC_009961	430.958	330.613	852.025	293.965
XLOC_009967	3351	4976.99	2386.22	5413.1
XLOC_009968	39.0849	23.5673	0	356.811
XLOC_009994	92.4647	137.471	62.2338	49.5855
XLOC_010030	22.1294	17.4491	0	36.8767
XLOC_010037	367.665	129.064	156.684	159.056
XLOC_010038	167.145	150.488	259.71	262.41
XLOC_010040	127.175	0	19.6929	58.252
XLOC_010054	832.483	595.316	1303.87	678.183
XLOC_010057	2243.1	1644.7	3104.44	1550.79
XLOC_010097	446.42	341.256	141.484	137.31
XLOC_010098	421.543	292.232	189.417	310.677
XLOC_010121	147.255	222.348	315.452	278.405
XLOC_010136	2222.8	1769.06	1351.42	2592.06
XLOC_010137	84.3043	121.889	131.835	331.793
XLOC_010141	229.466	142.881	279.628	198.442
XLOC_010144	79.3391	193.083	339.939	327.123
XLOC_010147	588.486	493.382	740.704	1007.16
XLOC_010148	785.409	1129.71	632.529	716.803
XLOC_010149	1195.43	1575.89	1014.17	1272.78
XLOC_010154	35.6234	2549.34	1074.97	795.927
XLOC_010157	0	0	73.4658	222.599
XLOC_010164	159.947	86.8991	134.38	122.602
XLOC_010246	7339.98	7258.52	5981.91	8822.33
XLOC_010247	113.008	16.5147	197.192	228.36
XLOC_010248	441.819	517.848	361.287	524.667
XLOC_010251	1994.78	2507.19	1650.34	2122.6
XLOC_010256	393.661	61.4302	531.954	71.9238
XLOC_010258	75.0619	0	22.7148	3.03087
XLOC_010264	79.7473	135.108	89.4349	137.692
XLOC_010283	8314.94	6435.38	16270.3	8368.73
XLOC_010284	12748.4	5643.38	41484	3136.85
XLOC_010299	3784.18	5086.98	3348.64	6996.76
XLOC_010314	99.4445	321.167	186.696	302.306
XLOC_010333	206.276	351.641	218.017	220.333
XLOC_010338	139.451	180.609	83.881	223.617
XLOC_010354	3230.9	2278.4	2459.53	2700.24
XLOC_010380	83.0981	103.267	179.775	118.938
XLOC_010389	523.249	93.9265	537.037	208.674
XLOC_010394	1134.83	289.022	775.331	497.975
XLOC_010399	622.917	433.203	653.169	658.388
XLOC_010420	961.913	275.27	1052.23	359.834
XLOC_010428	39.8263	193.01	28.2376	0
XLOC_010433	407.001	0	155.583	61.3066
XLOC_010441	1336.88	1162.54	794.029	585.746
XLOC_010457	4226.3	4996.08	6282.93	1023.97
XLOC_010494	1485.9	187.381	1189.34	360.536
XLOC_010502	164.448	167.489	257.629	307.99
XLOC_010535	2022.36	1284.05	6199.44	1439.85
XLOC_010557	331.039	232.25	505.849	321.073
XLOC_010571	221.53	0	336.511	196.667
XLOC_010572	1538.99	1621.51	2534.25	3115.02
XLOC_010576	11988.3	22420.8	18455.2	33923.5
XLOC_010583	59.0048	93.3938	66.2284	67.9883
XLOC_010584	358.388	546.993	457.154	361.61
XLOC_010595	453.823	325.695	526.042	102.217
XLOC_010599	222.67	158.392	398.686	211.627
XLOC_010609	189.35	140.04	227.975	328.534
XLOC_010641	28.7792	40.8865	0	68.7575
XLOC_010644	432.233	513.891	206.489	557.349
XLOC_010648	31.5298	44.744	17.7049	56.1536
XLOC_010660	230.978	42.2291	142.201	50.4334
XLOC_010663	29.5689	306.24	77.3902	166.497
XLOC_010668	126.833	0	105.285	466.352
XLOC_010669	149.986	70.9741	266.411	29.3451
XLOC_010674	3101.16	1890.39	1955.94	1912.51
XLOC_010700	52.8068	462.527	263.02	34.7734
XLOC_010716	301.472	159.15	250.773	96.568
XLOC_010718	211.099	567.987	306.058	502.134
XLOC_010777	424.52	872.326	102.388	407.31
XLOC_010809	83.0185	67.8318	120.846	126.576
XLOC_010815	1068.72	782.114	318.756	530.74
XLOC_010822	494.841	264.919	432.011	321.435
XLOC_010832	389.795	69.4983	713.89	309.949
XLOC_010833	153.172	31.5825	227.478	95.3589
XLOC_010851	5586.96	979.541	5403.35	1009.83
XLOC_010865	566.454	1846.08	0	675.503
XLOC_010866	433.398	272.347	58.7597	277.326
XLOC_010867	128.878	148.106	24.3386	137.943
XLOC_010868	1675.22	233.701	190.668	763.18
XLOC_010870	79.9261	50.0859	161.206	17.5667
XLOC_010874	901.85	297.626	597.077	1004.33
XLOC_010880	231.018	281.326	414.007	329.098
XLOC_010898	701.45	634.167	227.313	475.718
XLOC_010920	608.737	87.3257	0	0
XLOC_010922	193.691	186.502	129.16	103.139
XLOC_010962	1711.4	1200.36	1047.34	1048.39
XLOC_010964	603.354	572.767	1108.27	668.974
XLOC_010971	322.978	249.556	431.996	463.488
XLOC_010976	13583.3	5897.26	20036.5	5040.61
XLOC_010984	125.878	72.5959	150.229	137.322
XLOC_010999	36.8274	1322.66	281.636	1344.4
XLOC_011002	681.035	573.649	315.561	1903.96
XLOC_011015	537.251	314.444	436.433	410.549
XLOC_011018	228.474	188.22	342.24	240.204
XLOC_011022	987.534	130.23	978.482	341.895
XLOC_011042	1227.58	440.856	1904.62	446.864
XLOC_011047	343.712	201.962	262.36	260.489
XLOC_011064	684.599	845.454	616.127	837.851
XLOC_011075	88.5811	27.6619	70.1666	89.3661
XLOC_011086	2243.78	3786.73	3160.28	4024.82
XLOC_011091	1459.85	1583.81	886.388	2335.99
XLOC_011107	163.615	45.7374	351.857	98.2784
XLOC_011145	105.328	76.972	169.512	105.223
XLOC_011146	57.9944	169.981	32.9688	132.739
XLOC_011175	488.435	104.004	330.19	143.203
XLOC_011190	13134.4	5545.32	15918.7	5623.16
XLOC_011194	152.49	193.298	166.255	299.248
XLOC_011202	230.957	132.002	147.18	143.987
XLOC_011206	857.567	27.5275	205.124	10.4472
XLOC_011220	141.793	303.6	671.058	279.362
XLOC_011221	54.554	72.6058	570.77	306.387
XLOC_011231	20.7732	0	0	0
XLOC_011232	134.267	0	0	0
XLOC_011240	11815.3	5883.55	13970.9	6282.87
XLOC_011278	1716.11	1825.72	978.829	1955.24
XLOC_011285	744.309	800.452	342.006	749.85
XLOC_011293	3016.32	3415.64	1259.33	1895.45
XLOC_011328	66.1675	76.6378	30.5167	54.228
XLOC_011334	1.70173	4.56138	0	16.9192
XLOC_011338	58.0156	0	0	8.62716
XLOC_011348	185.576	124.888	141.673	249.692
XLOC_011353	453.867	212.288	436.017	485.357
XLOC_011354	0	32.7695	21.6338	183.353
XLOC_011374	11268.4	8803.63	7421.58	12614.3
XLOC_011382	380.074	2468.75	351.091	798.331
XLOC_011383	131.995	159.852	252.529	92.4421
XLOC_011389	108.291	80.6976	175.592	32.3033
XLOC_011392	1690.55	537.113	1485.62	583.732
XLOC_011400	86.4995	208.585	85.7595	188.82
XLOC_011432	0	28.7115	30.208	88.3974
XLOC_011434	0	36.7644	14.0159	42.9776
XLOC_011446	20951.8	9555.43	23622.3	13678.9
XLOC_011450	1619.11	426.506	132.864	231.609
XLOC_011451	0	282.271	0	99.2448
XLOC_011452	28.4761	0	30.0509	397.769
XLOC_011453	50.1114	66.3423	344.135	18.5888
XLOC_011482	270.086	2209.43	286.996	1777.72
XLOC_011499	647.263	1160.2	308.558	606.042
XLOC_011517	475.756	445.374	617.573	365.886
XLOC_011530	176.373	26.8048	85.2866	119.669
XLOC_011533	0	25.3864	0	68.225
XLOC_011537	1516.5	1954.24	1700.56	2802.52
XLOC_011538	69711.5	23497.6	61348.7	10166.3
XLOC_011539	183.578	781.027	367.233	1267.55
XLOC_011553	521.564	2955.28	1783.2	1518.15
XLOC_011564	57.537	0	66.8445	88.3783
XLOC_011580	1925.47	4478.19	2241.14	1864.14
XLOC_011586	214.387	527.928	287.569	99.5144
XLOC_011588	599.708	1011.48	687.359	159.004
XLOC_011590	43.3896	17.41	28.3324	0
XLOC_011599	307.157	65.9462	345.839	120.619
XLOC_011601	69.8486	100.718	55.8246	48.255
XLOC_011607	209.344	403.587	127.118	176.068
XLOC_011626	1625.23	543.113	1125.88	957.655
XLOC_011635	151.007	74.6466	102.706	246.859
XLOC_011643	1998.6	3106.53	3110.52	1947.31
XLOC_011648	26.3294	147.274	324.935	109.777
XLOC_011692	1647.89	3224.31	1185.22	1076.35
XLOC_011699	549.29	495.282	537.801	372.647
XLOC_011701	247.822	102.864	260.771	197.2
XLOC_011702	4947.37	2985.88	5152.2	7074.38
XLOC_011715	429.727	280.814	658.041	296.12
XLOC_011760	53.0733	38.4003	102.884	65.7389
XLOC_011778	1257.79	869.267	825.588	663.875
XLOC_011792	37.1814	17.069	0	11.7962
XLOC_011794	246.983	579.461	269.45	421.466
XLOC_011799	906.562	2296.19	1503.19	6429.48
XLOC_011835	114.891	299.849	82.7034	167.049
XLOC_011949	36.3938	105.073	25.0657	0
XLOC_011951	1652.34	1321.15	762.94	808.652
XLOC_011953	19.5617	0	10.8308	20.7498
XLOC_011955	137.65	20.2483	76.9478	13.7065
XLOC_011966	365.541	198.833	160.48	183.98
XLOC_011971	1565	1201.42	1138.15	541.439
XLOC_011975	752.934	683.797	2753.08	617.339
XLOC_011984	197.525	0	0	0
XLOC_012000	139.686	41.8214	109.292	26.005
XLOC_012001	157.919	39.4792	206.284	43.3645
XLOC_012016	1491.97	1029.57	2919.55	840.284
XLOC_012041	653.374	484.934	433.16	331.813
XLOC_012042	265.253	170.822	217.741	174.509
XLOC_012043	5135.85	2909.22	4804	4623.44
XLOC_012045	138.345	600.38	391.691	225.105
XLOC_012046	295.973	793.853	211.268	103.018
XLOC_012068	35.2846	51.6337	27.6525	23.6179
XLOC_012109	29.8729	99.8596	45.6954	52.6337
XLOC_012113	61.6817	0	10.1182	23.9051
XLOC_012120	14.3208	0	13.9716	16.6533
XLOC_012130	174.281	1059.48	154.603	624.952
XLOC_012172	102.473	80.9945	117.73	59.7691
XLOC_012189	489.801	281.146	30.1125	238.384
XLOC_012208	87.6326	17.4169	35.2658	44.2101
XLOC_012216	385.41	285.823	205.208	596.798
XLOC_012218	39.8581	79.9819	54.8132	192.892
XLOC_012234	609.621	401.321	430.462	151.961
XLOC_012235	3562.01	928.431	4117.71	1013.33
XLOC_012254	15.0123	189.851	21.0934	0
XLOC_012287	315.359	231.05	161.712	257.702
XLOC_012291	2381.02	1707.71	785.061	1047.06
XLOC_012324	293.603	476.182	378.874	359.199
XLOC_012337	1183.03	2045.38	747.749	812.527
XLOC_012341	79.6246	179.773	45.7685	125.988
XLOC_012342	107.167	91.7719	67.7114	225.706
XLOC_012349	233.612	133.24	174.065	107.755
XLOC_012368	8.69774	5.47038	0	2.57703
XLOC_012376	819.594	495.728	388.359	480.771
XLOC_012379	1134.8	942.483	970.387	531.767
XLOC_012384	249.548	103.547	144.405	106.332
XLOC_012431	312.033	76.7727	268.594	51.7949
XLOC_012437	294.541	276.589	128.664	817.13
XLOC_012439	120.123	12.8426	147.756	195.837
XLOC_012479	425.128	406.368	798.776	693.76
XLOC_012504	713.044	966.386	677.857	618.388
XLOC_012513	391.909	541.461	264.695	391.257
XLOC_012526	3470.71	5818.67	2110.89	3372.61
XLOC_012536	474.469	65.163	28.5113	0
XLOC_012542	1124.37	295.422	1000.24	714.09
XLOC_012548	1882.98	256.267	1856.6	505.261
XLOC_012549	244.637	917.645	1659.77	122.422
XLOC_012553	751.764	1296.5	4295.74	446.012
XLOC_012561	579.896	613.463	1972.48	882.463
XLOC_012572	19.2326	70.7403	32.2827	47.9066
XLOC_012577	258.161	17.1264	167.943	24.1835
XLOC_012578	203.012	18.495	127.74	27.8313
XLOC_012580	3299.16	1929.24	4041.72	2348.18
XLOC_012608	994.459	306.244	1110.41	251.041
XLOC_012634	428.667	807.458	321.277	641.962
XLOC_012636	1251.12	2088.71	579.117	2607.01
XLOC_012648	99.9783	77.5853	255.873	96.1349
XLOC_012650	345.149	204.088	524.701	364.756
XLOC_012673	51.0255	69.4883	28.3512	30.1068
XLOC_012679	433.587	547.568	434.917	228.566
XLOC_012681	133.168	247.983	190	24.4912
XLOC_012683	446.265	475.231	1133.69	792.392
XLOC_012688	434.415	982.48	595.356	546.332
XLOC_012694	698.858	533.561	1385.05	1326.04
XLOC_012714	50.0745	122.859	67.763	112.692
XLOC_012747	1115.06	930.719	763.08	272.843
XLOC_012748	346.978	295.908	240.316	141.265
XLOC_012758	383.707	65.4453	517.153	202.254
XLOC_012804	688.793	838.725	725.088	1258.98
XLOC_012807	596.277	748.974	143.262	1102.32
XLOC_012811	255.819	116.884	186.645	143.142
XLOC_012814	23.2522	74.3021	31.5303	53.8476
XLOC_012816	7.53425	0.455293	3.04298	0
XLOC_012819	34.9095	3.62215	6.39913	0
XLOC_012828	203.511	176.403	449.969	185.197
XLOC_012857	23752.1	11304.9	25532.6	18972.8
XLOC_012873	22.8623	609.652	236.22	1375.23
XLOC_012908	745.401	662.833	452.711	576.514
XLOC_012927	83.5822	297.902	328.435	110.499
XLOC_012949	2643.05	3574.06	2431.23	3539.37
XLOC_012960	5695.61	1761.55	21745	1982.5
XLOC_012973	356.039	255.9	384.026	398.539
XLOC_012975	738.388	974.808	1515.9	700.014
XLOC_012982	6349.65	5930.45	6368.33	8628.79
XLOC_012992	202.536	113.947	174.272	144.591
XLOC_012998	6255.28	7030.97	5976.87	8740.33
XLOC_013004	181.579	136.734	273.533	101.592
XLOC_013009	168.443	556.023	0	206.597
XLOC_013019	254.761	203.132	123.107	104.955
XLOC_013047	299.605	355.073	198.943	400.073
XLOC_013048	2.26409	6.63569	0	119.916
XLOC_013051	5432.71	3823.58	4927.62	2367.12
XLOC_013072	20.7684	36.9409	109.897	74.9518
XLOC_013081	2.0254	3.80281	0	16.5603
XLOC_013084	0	0	0	14.5187
XLOC_013085	22.9358	13.3507	0	67.152
XLOC_013092	38.2801	54.7123	14.4736	43.3567
XLOC_013093	696.156	458.292	0	766.589
XLOC_013095	339.903	498.154	239.802	1067.28
XLOC_013116	436.357	796.719	353.949	573.612
XLOC_013117	88.089	52.6398	14.2953	165.233
XLOC_013128	611.807	473.229	759.139	495.309
XLOC_013142	425.898	246.707	365.349	443.485
XLOC_013146	643.852	118.096	83.4362	286.872
XLOC_013147	81.8107	155.32	0	214.559
XLOC_013157	243.82	255.304	496.628	595.065
XLOC_013160	294.554	105.834	494.058	193.186
XLOC_013168	39.3514	85.6662	53.0476	40.0593
XLOC_013174	996.768	338.435	839.654	361.615
XLOC_013193	801.268	1625.64	591.765	1142.47
XLOC_013194	146.07	207.587	81.5676	156.116
XLOC_013212	1708.47	1729.52	2724.34	1254.53
XLOC_013225	503.849	89.6883	216.612	135.324
XLOC_013233	16061.9	8251.33	13589	13524.5
XLOC_013249	25.9195	0	9.67072	46.8679
XLOC_013271	0	32.2145	15.1501	14.9941
XLOC_013278	221.788	119.461	280.064	176.569
XLOC_013294	544.758	82.5456	64.0262	0
XLOC_013301	269.304	253.442	702.713	13.63
XLOC_013303	3195.65	2795.39	9979.62	917.42
XLOC_013309	423.625	271.253	746.81	366.027
XLOC_013331	43.473	220.147	98.9896	151.99
XLOC_013356	249.938	443.841	0	705.197
XLOC_013358	54.0935	62.013	26.4665	45.5769
XLOC_013368	54.6043	42.1148	116.678	157.04
XLOC_013387	1230.34	1294.71	1412.54	860.757
XLOC_013389	305.009	384.83	375.528	234.395
XLOC_013395	573.354	899.598	476.054	786.961
XLOC_013399	399.39	399.435	180.165	509.105
XLOC_013403	150.5	63.745	138.697	146.471
XLOC_013417	777.426	472.12	1489.24	102.213
XLOC_013423	123.246	47.1311	114.686	250.655
XLOC_013430	4761.9	3807	5439.88	4855.3
XLOC_013445	174.258	117.926	208.693	128.327
XLOC_013448	202.189	122.446	157.791	217.409
XLOC_013468	0	0	7.60866	71.1848
XLOC_013503	354.459	435.775	638.895	771.648
XLOC_013507	1438.59	618.763	1696.44	769.83
XLOC_013512	769.379	577.784	1251.12	732.262
XLOC_013517	43.7218	468.452	707.685	194.651
XLOC_013532	692.923	1283.56	457.525	757.465
XLOC_013535	432.683	342.686	550.635	452.17
XLOC_013536	3287.97	4478.29	3566.35	2652.47
XLOC_013552	661.414	565.952	845.344	547.905
XLOC_013562	270.428	173.031	246.203	159.997
XLOC_013574	1384.54	1889.49	640.091	1076.74
XLOC_013582	94.7137	50.8699	31.7906	332.977
XLOC_013585	551.13	465.703	1041.22	1142.02
XLOC_013589	8.01668	0	5.64002	40.7496
XLOC_013596	104.371	320.917	358.96	362.248
XLOC_013597	310.482	285.724	721.48	288.761
XLOC_013598	915.255	863.764	1930.27	537.853
XLOC_013616	174.573	0	504.767	196.771
XLOC_013617	0	128.482	54.3892	184.059
XLOC_013624	146.997	181.06	125.982	220.757
XLOC_013656	890.519	579.629	456.379	475.04
XLOC_013679	129.168	117.781	197.238	200.25
XLOC_013681	324.367	477.983	250.716	408.632
XLOC_013683	377.239	533.029	282.481	581.79
XLOC_013693	78.2793	50.9091	36.3243	32.2534
XLOC_013706	0	8.84438	23.629	44.763
XLOC_013715	104.776	0	0	994.393
XLOC_013726	257.894	81.0844	355.222	95.7308
XLOC_013727	279.244	27.0267	298.871	98.7423
XLOC_013780	7576.7	1915.39	9186.72	761.45
XLOC_013789	109.174	0	399.874	28.4952
XLOC_013798	156.051	95.9826	180.062	90.188
XLOC_013810	1155.52	421.734	1253.69	286.296
XLOC_013814	371.196	314.01	263.939	585.709
XLOC_013838	142.344	86.4308	118.361	56.8259
XLOC_013848	21.6545	75.8749	31.3547	42.9682
XLOC_013869	3368.8	1796.93	1855.84	1784.05
XLOC_013905	770.154	436.74	507.348	498.927
XLOC_013910	0	659.995	379.656	160.899
XLOC_013914	89.0911	119.514	144.125	79.5514
XLOC_013926	799.592	1642.98	838.328	576.393
XLOC_013937	3838.09	1183.45	5965.48	3933.99
XLOC_013939	6195.47	3964.16	8694.24	3801.93
XLOC_013967	31.7119	0	40.0325	37.7683
XLOC_013969	169.753	114.347	247.557	114.721
XLOC_013980	494.215	736.47	369.751	470.753
XLOC_013983	747.635	130.24	189.052	186.814
XLOC_013994	6761.76	5381.19	7889.14	6270.29
XLOC_013996	510.943	78.2847	785.049	57.6422
XLOC_014008	15.5749	75.7823	0	146.636
XLOC_014020	869.6	973.275	1015.61	1607.73
XLOC_014026	490.715	815.65	438.984	665.359
XLOC_014032	16.9789	15.6292	159.784	12.0608
XLOC_014034	146.302	2084.75	669.19	8.07543
XLOC_014036	284.238	0	72.9538	74.9336
XLOC_014044	860.032	538.595	511.017	313.583
XLOC_014046	555.249	464.63	385.025	238.647
XLOC_014061	305.45	466.669	192.016	0
XLOC_014077	2951.68	996.381	1096.81	344.624
XLOC_014078	408.221	112.812	219.348	119.177
XLOC_014088	624.682	218.783	856.941	564.224
XLOC_014089	2496.74	2490.42	3716.36	1834.48
XLOC_014092	1424.71	338.512	511.348	212.739
XLOC_014116	75.3244	155.176	131.568	220.827
XLOC_014119	143.076	315.873	394.059	244.517
XLOC_014120	1477.19	312.094	696.305	571.785
XLOC_014121	6612.64	2807.17	3282.22	3537.8
XLOC_014122	372.542	2277.89	2096.55	3323.99
XLOC_014145	74.6629	21.4638	56.6099	116.924
XLOC_014146	26.5667	13.4885	31.2651	61.1545
XLOC_014162	42.6235	35.9308	120.981	65.5773
XLOC_014199	0	479.53	1118.47	2525.2
XLOC_014211	76.7534	103.386	69.9472	133.366
XLOC_014212	45.9515	43.5118	51.9519	107.156
XLOC_014234	0	31.0608	86.3262	19.4592
XLOC_014249	605.417	515.402	922.454	490.948
XLOC_014252	855.568	44.1966	617.088	59.8372
XLOC_014253	2047.93	285.051	1171.15	191.045
XLOC_014274	385.099	198.219	0	55.138
XLOC_014280	409.926	206.809	489.294	178.292
XLOC_014292	651.855	352.143	721.782	836.636
XLOC_014310	41.2806	0	12.034	55.1091
XLOC_014314	558.212	972.804	716.484	504.871
XLOC_014321	45.2177	0	0	197.671
XLOC_014333	156.479	0	13.3106	0
XLOC_014334	571.391	0	18.2279	0
XLOC_014364	313.299	250.649	146.4	337.399
XLOC_014383	56028.4	67795.6	38735.1	86081.9
XLOC_014431	500.677	0	381.641	51.7958
XLOC_014455	41.3434	84.7549	219.823	0
XLOC_014457	52.6722	320.53	851.01	47.2974
XLOC_014458	547.493	1897.05	3145.02	45.3136
XLOC_014461	908.331	973.79	1358.21	145.892
XLOC_014467	295.705	0	84.4052	19.2844
XLOC_014484	2712.61	1084.52	1895.26	502.481
XLOC_014485	3099.29	813.975	1930.04	288.823
XLOC_014487	579.901	99.0747	460.606	218.179
XLOC_014492	1940.06	1206.2	2280.42	1781.63
XLOC_014501	116.36	59.9767	69.3011	126.812
XLOC_014511	590.679	400.937	733.015	724.3
XLOC_014531	78.3546	68.3775	64.0165	167.27
XLOC_014534	155.991	205.864	97.5217	158.676
XLOC_014536	312.306	214.627	207.693	71.9994
XLOC_014537	1676.77	622.22	2204.72	908.293
XLOC_014539	672.23	250.454	975.108	405.019
XLOC_014594	186.626	82.9196	252.757	170.75
XLOC_014595	0	123.753	0	28.4952
XLOC_014604	23.9473	0	60.6638	47.7294
XLOC_014623	147.263	123.746	282.27	157.387
XLOC_014632	405.149	478.153	237.279	308.527
XLOC_014633	2718.9	767.003	4861.56	1214.56
XLOC_014634	486.739	273.67	897.432	302.105
XLOC_014653	0	0	26.8359	142.224
XLOC_014666	403.068	146.51	191.503	215.93
XLOC_014681	58.1593	92.2045	67.8595	25.9265
XLOC_014689	136.94	84.3307	154.306	38.4023
XLOC_014690	62.8538	45.8192	68.4978	14.4808
XLOC_014691	755.321	610.614	674.985	161.56
XLOC_014715	75.0795	58.6027	37.137	41.4229
XLOC_014722	573.661	408.15	461.37	289.601
XLOC_014729	43803.6	12700.5	24874.9	11064.8
XLOC_014739	0	7.06989	22.8209	29.1457
XLOC_014742	1906.55	0	26.8786	0
XLOC_014743	77549.3	39474.5	83953.6	21658.7
XLOC_014745	4295.44	2947.16	5104.31	1627.25
XLOC_014761	362.726	317.124	651.036	222.304
XLOC_014763	109.825	123.799	182.466	87.0821
XLOC_014766	139.384	0	133.521	724.098
XLOC_014794	976.248	193.125	844.491	197.439
XLOC_014797	1108.99	649.261	1658.44	564.09
XLOC_014798	80.3445	83.4957	104.596	44.8728
XLOC_014807	242.93	150.303	269.24	545.688
XLOC_014813	513.045	154.11	197.359	306.394
XLOC_014814	194.071	516.589	175.805	633.124
XLOC_014815	210.868	842.011	198.951	1078.53
XLOC_014816	2755.99	1864.98	11377.6	1836.24
XLOC_014817	100.929	56.1277	198.033	22.9734
XLOC_014821	120.011	0.75556	0.766579	0
XLOC_014825	61.4757	172.678	120.506	135.674
XLOC_014827	31.346	0	38.8824	14.6843
XLOC_014839	4076.61	6524.21	5279.47	3459.49
XLOC_014858	155.826	119.001	241.145	175.97
XLOC_014859	509.07	722.6	661.005	488.254
XLOC_014866	104.924	205.628	268.244	148.241
XLOC_014868	37.4839	75.1998	86.861	103.374
XLOC_014869	399.164	325.899	577.628	311.522
XLOC_014870	17.0262	10.8923	22.3828	0
XLOC_014876	130.038	595.858	89.8593	210.667
XLOC_014938	1298.12	1109.86	1456.57	676.218
XLOC_014941	785.395	722.857	1151.34	467.345
XLOC_014945	65.7543	0	116.687	79.3557
XLOC_014954	44.8391	47.9785	103.987	66.7123
XLOC_014956	941.332	1863.43	480.215	354.621
XLOC_014961	458.326	641.646	234.414	406.051
XLOC_014966	51.2046	305.559	197.013	249.838
XLOC_014993	496.16	415.158	832.762	580.352
XLOC_015001	110.845	198.789	0	19.7671
XLOC_015002	39.1563	0	7.29798	8.24441
XLOC_015013	85.0804	337.633	84.6153	934.267
XLOC_015016	66.6333	55.6292	167.663	28.7314
XLOC_015024	131.537	69.1718	223.958	71.4336
XLOC_015030	76.0784	54.9724	131.958	43.7248
XLOC_015053	160.173	345.67	277.473	312.388
XLOC_015064	837202	591215	471453	64473
XLOC_015065	20.0054	0	49.1708	56.122
XLOC_015069	241.248	290.673	387.143	78.5356
XLOC_015072	410.526	666.037	520.537	733.862
XLOC_015081	28.3614	0	30.0063	25.9883
XLOC_015095	402.635	20.0317	0	0
XLOC_015096	287.18	535.257	204.325	623.491
XLOC_015097	63.1843	1174.65	0	436.139
XLOC_015102	257.306	184.022	754.517	186.948
XLOC_015113	92706.6	219712	128436	190723
XLOC_015120	59268.6	43521.4	56245.5	37029.1
XLOC_015124	509.201	138.655	604.669	386.28
XLOC_015134	135.211	103.022	266.615	156.859
XLOC_015160	108.42	55.0993	117.204	67.0314
XLOC_015163	15.7172	84.4641	16.84	63.5488
XLOC_015168	187.402	352.858	281.311	766.911
XLOC_015171	156.44	226.885	274.244	403.145
XLOC_015183	141.01	393.387	175.571	872.561
XLOC_015193	57.9495	41.9114	174.125	57.639
XLOC_015206	308.747	233.732	197.804	233.819
XLOC_015208	59.77	72.8091	41.5167	110.525
XLOC_015212	29.0753	340.184	0	34.5822
XLOC_015245	537.499	21.9603	0	0
XLOC_015246	1112.56	0	2.8501	0
XLOC_015247	1215.31	1442.48	765.302	718.23
XLOC_015279	367.317	476.452	321.659	122.341
XLOC_015281	1240.64	640.159	1660.88	1317.62
XLOC_015285	71.5396	0	36.8061	40.1364
XLOC_015291	1906.74	1856.93	2677.54	1438.83
XLOC_015296	2389.45	3637.18	2076.05	3455.03
XLOC_015307	44.9286	81.3662	83.2262	169.364
XLOC_015309	1016.96	586.073	2204.79	365.749
XLOC_015314	0	19.9696	133.388	141.015
XLOC_015315	0	0	0	50.6498
XLOC_015317	95.2763	0	13.7828	20.8201
XLOC_015321	807.015	2108.77	791.643	780.906
XLOC_015333	438.247	201.147	1106.48	57.3514
XLOC_015378	93.6819	0.663059	8.91051	0
XLOC_015379	938.446	0	266.748	0
XLOC_015416	5141.95	1064.23	5486.97	1900.76
XLOC_015442	324.232	168.606	345.409	200.563
XLOC_015443	24647.2	10457.6	12523.3	18776.5
XLOC_015451	482.853	216.574	47.2939	204.55
XLOC_015468	0	43.7602	8.36863	27.1678
XLOC_015470	4.60143	0	9.73701	12.3029
XLOC_015477	110.168	99.4466	146.097	254.46
XLOC_015478	182.403	1327.69	0	445.031
XLOC_015481	526.021	269.245	168.711	283.747
XLOC_015511	26.2749	141.631	40.2748	64.0176
XLOC_015518	81.746	122.786	85.2721	96.8632
XLOC_015534	1232.85	572.086	348.327	456.96
XLOC_015535	198.012	67.2283	74.0267	91.2858
XLOC_015542	935.914	869.125	1265.49	320.833
XLOC_015544	151.898	87.4495	277.056	122.86
XLOC_015546	18.1292	70.8328	38.3873	48.66
XLOC_015557	222.539	377.711	312.563	236.993
XLOC_015567	0	32.5657	96.3285	49.8465
XLOC_015592	166.118	171.757	164.638	347.643
XLOC_015631	0	36.8055	9.0012	104.407
XLOC_015651	19.4291	76.5759	35.4222	44.3763
XLOC_015656	128.907	74.6713	103.323	52.6721
XLOC_015663	121.547	179.766	170.205	280.651
XLOC_015695	94.2512	219.718	92.3568	228.228
XLOC_015698	1128.58	617.357	311.804	335.988
XLOC_015705	0	917.243	159.458	227.63
XLOC_015708	121.616	0	92.2895	58.3795
XLOC_015711	954.274	590.888	1085.28	767.663
XLOC_015726	2.09674	8.67377	0	30.9489
XLOC_015728	183.103	6.71362	87.6616	49.1805
XLOC_015762	61.7748	77.1102	70.8515	177.77
XLOC_015791	7449.37	6462.2	14149.1	5075.58
XLOC_015792	1312.26	1272.83	2325.87	1269.03
XLOC_015793	66.3318	84.837	146	42.0685
XLOC_015809	72.302	54.8153	89.5286	172.462
XLOC_015821	65.1836	398.882	0	139.165
XLOC_015933	121.741	199.911	107.165	75.8598
XLOC_015974	659.937	484.582	2231.42	111.648
XLOC_015976	1029.55	223.008	4062.07	297.541
XLOC_015981	1287.13	1105.52	3350.41	1536.21
XLOC_015982	459.063	256.177	1410.61	444.728
XLOC_015994	155.767	252.121	684.289	34.8706
XLOC_015996	277.059	659.581	1281.62	72.058
XLOC_015998	655.429	782.68	3375.9	287.266
XLOC_016001	105.134	94.2667	575.226	24.1266
XLOC_016007	206.421	389.936	180.015	255.269
XLOC_016012	128.534	285.431	103.542	62.0453
XLOC_016030	0	7.27409	8.10995	12.421
XLOC_016034	77.7938	28.3651	122.743	170.04
XLOC_016035	11.7802	52.6024	9.92125	13.8766
XLOC_016039	422.768	304.033	308.041	487.141
XLOC_016040	401.814	1062.96	599.213	693.061
XLOC_016086	93.5585	48.8628	171.79	114.194
XLOC_016107	401.478	1057.46	316.638	566.109
XLOC_016118	118.482	0	12.4273	28.013
XLOC_016120	336.424	81.4815	470.352	82.711
XLOC_016121	776.901	513.581	1132.29	481.891
XLOC_016125	0	10.3834	0	19.566
XLOC_016147	48.1659	377.849	0	59.0437
XLOC_016157	65.3562	51.9605	67.0535	325.315
XLOC_016170	861.512	1254.07	750.981	501.5
XLOC_016184	2494.92	2201.09	1315.48	2403.85
XLOC_016194	225.185	0	125.037	113.21
XLOC_016198	374.852	510.612	502.761	647.365
XLOC_016200	27.9761	0	4.98478	8.95479
XLOC_016217	35.3424	0	742.623	0
XLOC_016218	89.6529	378.941	47.0032	118.152
XLOC_016222	53.2664	154.703	78.5037	64.176
XLOC_016226	3.54459	4.27462	0	49.6578
XLOC_016229	50.9684	28.3496	176.163	44.4705
XLOC_016230	256.843	287.9	1450.25	321.358
XLOC_016231	270	60.3973	119.062	16.4316
XLOC_016233	522.697	181.506	163.393	160.184
XLOC_016234	229.881	63.3161	461.783	54.5697
XLOC_016251	203.601	313.414	641.274	375.338
XLOC_016268	919.643	924.268	1071.22	536.243
XLOC_016270	254.201	157.889	377.032	232.209
XLOC_016273	130.823	124.19	81.9623	164.23
XLOC_016277	529.695	274.665	691.145	281.526
XLOC_016304	89.7532	738.762	593.533	1277.41
XLOC_016317	0	4.55623	40.2466	44.8754
XLOC_016342	174.042	30.6425	56.0739	30.0467
XLOC_016344	410.929	120.667	112.005	73.4809
XLOC_016393	480.844	882.169	588.033	474.949
XLOC_016404	90.0479	0	3.23427	0
XLOC_016406	27.8174	59.637	49.4354	50.9101
XLOC_016438	20468.2	7796.62	6736.66	7011.41
XLOC_016462	0	0	9.95187	20.6563
XLOC_016475	132.81	73.9446	210.335	105.349
XLOC_016495	278.187	423.716	85.1628	235.714
XLOC_016498	4834.76	775.621	3208.64	501.192
XLOC_016499	1451.06	123.251	776.515	81.469
XLOC_016523	483.73	1018.95	0	213.135
XLOC_016535	140.249	114.506	92.7633	61.9287
XLOC_016565	187.253	164.918	136.292	302.791
XLOC_016566	160.859	0	400.207	207.773
XLOC_016569	252.526	345.549	325.403	391.346
XLOC_016580	110.428	45.8086	98.5706	75.599
XLOC_016581	226.408	325.873	199.202	363.303
XLOC_016589	338.813	0	112.601	743.224
XLOC_016592	0	0	0	194.692
XLOC_016596	355.607	967.491	450.403	613.59
XLOC_016602	103.856	54.1269	164.881	137.978
XLOC_016606	345.206	188.493	362.842	225.124
XLOC_016627	853.533	1171.47	1934.57	1200.57
XLOC_016639	334.475	126.19	441.797	279.605
XLOC_016677	7553.46	2325.73	1723.33	2641.05
XLOC_016678	3742.15	1497.09	920.442	1656.02
XLOC_016697	0	102.58	141.116	207.801
XLOC_016717	2950.91	2434.57	5224.22	4384.2
XLOC_016725	203.865	30.2386	85.969	68.3204
XLOC_016750	202.095	613.571	209.99	157.965
XLOC_016759	350.623	34.3728	180.046	27.2451
XLOC_016761	902.868	360.23	845.193	165.255
XLOC_016769	176.739	196.022	306.692	252.58
XLOC_016771	1643.74	1371.31	293.213	61.3355
XLOC_016772	186104	3067360	581445	0
XLOC_016777	416.353	304.251	452.201	556.632
XLOC_016786	52.0915	46.5426	0	506.1
XLOC_016787	27.3226	139.154	284.867	77.2367
XLOC_016790	38.6693	229.401	421.066	254.153
XLOC_016795	16.2983	98.9143	326.657	184.208
XLOC_016802	111.186	64.5819	170.208	202.799
XLOC_016804	65.821	264.714	46.3159	0
XLOC_016806	617.167	462.274	906.601	464.746
XLOC_016814	116.777	71.4618	119.864	43.4159
XLOC_016821	9508.27	2422.16	7387.94	4608.02
XLOC_016829	168.501	40.0629	134.939	393.853
XLOC_016832	76.7205	15.768	64.1215	16.0162
XLOC_016838	4054.23	302.238	1288.88	364.66
XLOC_016839	226.45	53.5254	23.9002	0
XLOC_016846	92.0641	20.8344	105.721	50.1999
XLOC_016849	241.862	190.38	412.492	440.748
XLOC_016858	825.983	193.052	525.299	239.576
XLOC_016869	139.5	354.213	167.854	150.954
XLOC_016893	756.109	525.727	359.035	451.635
XLOC_016896	125.335	92.0739	242.164	301.252
XLOC_016897	289.169	39.3273	305.561	140.925
XLOC_016918	670.636	655.841	850.657	419.506
XLOC_016954	1191.2	399.674	982.439	723.807
XLOC_016966	8.96553	0	418.157	0
XLOC_016967	353.016	0	381.758	0
XLOC_016968	82.317	21.225	270.021	0
XLOC_016972	13.6225	54.9486	19.9704	31.0562
XLOC_017026	246.114	0	221.65	42.5951
XLOC_017053	13015.3	17139.7	17733.8	14089.8
XLOC_017058	1649.83	271.171	1374.13	197.518
XLOC_017070	861.215	246.046	674.923	261.632
XLOC_017072	229.043	170.888	335.859	247.543
XLOC_017074	1361.08	1117.29	1587.76	850.58
XLOC_017109	344.291	231.6	316.65	406.92
XLOC_017112	116.533	126.557	154.074	320.267
XLOC_017114	667.808	671.715	594.723	1334.17
XLOC_017129	405.031	279.266	452.775	214.02
XLOC_017149	119.513	86.2123	220.211	123.811
XLOC_017150	406.04	294.022	482.794	151.862
XLOC_017194	223.936	47.6602	198.153	24.1893
XLOC_017195	3007.11	2500.51	4074.29	1979.87
XLOC_017196	317.001	539.124	292.88	364.602
XLOC_017200	476.935	303.199	342.936	556.885
XLOC_017201	88.5248	160.775	92.2454	173.545
XLOC_017241	594.665	70.7547	833.381	86.6365
XLOC_017242	197.123	122.41	401.169	122.417
XLOC_017246	209.242	44.0358	136.564	54.0707
XLOC_017248	165.093	0	649.824	80.2465
XLOC_017258	52.9266	125.983	60.5753	179.831
XLOC_017274	849.951	682.354	828.955	1064.8
XLOC_017277	219.464	194.263	233.467	337.55
XLOC_017288	4029.46	2915.29	10606.5	4528.22
XLOC_017312	291.399	243.98	654.994	342.986
XLOC_017313	266.741	157.133	337.942	154.261
XLOC_017318	267.004	135.507	438.193	125.082
XLOC_017324	9858.85	5930.05	11847.7	6376.86
XLOC_017327	37.0184	0	97.846	0
XLOC_017331	76.4418	63.1363	100.725	33.3513
XLOC_017344	217.867	227.999	143.782	181.675
XLOC_017361	501.363	371.47	458.67	573.735
XLOC_017376	1016.66	760.125	290.911	716.029
XLOC_017384	55.4551	360.022	207.878	16.7162
XLOC_017386	47.029	56.7923	76.6427	29.4437
XLOC_017396	719.129	387.592	474.888	638.815
XLOC_017399	20503.8	16446.8	25425	20701.3
XLOC_017401	232.172	99.7828	235.772	104.508
XLOC_017418	241.195	165.885	248.672	240.998
XLOC_017423	403.74	500.32	278.074	917.606
XLOC_017445	822.481	743.37	958.364	1718.96
XLOC_017464	115.768	169.772	149.144	352.539
XLOC_017467	159.252	161.124	263.551	265.599
XLOC_017468	244.095	372.181	264.318	235.115
XLOC_017471	603.009	1117.85	880.796	803.998
XLOC_017473	905.091	675.017	1209.63	897.675
XLOC_017480	959.575	337.395	1098.59	344.469
XLOC_017483	219.056	442.547	185.746	268.372
XLOC_017486	474.726	574.767	475.118	852.587
XLOC_017487	983.891	1508.95	1137.12	2428.58
XLOC_017489	400.118	365.26	404.635	925.753
XLOC_017490	1991.64	1792.28	456.656	4900.03
XLOC_017492	176.781	269.98	175.575	289.104
XLOC_017493	943.534	1218.26	490.981	1366.66
XLOC_017514	139.58	124.124	259.401	69.9707
XLOC_017516	365.576	275.163	281.935	187.045
XLOC_017519	581.57	3447.35	2009.77	2952.84
XLOC_017520	63.413	44.2066	64.8541	17.0933
XLOC_017526	690.443	553.41	195.393	660.453
XLOC_017527	2108.46	1154.35	1918.67	1603.33
XLOC_017543	333.184	456.618	346.533	229.905
XLOC_017586	183.723	301.828	0	692.661
XLOC_017594	168.828	125.176	193.612	99.6417
XLOC_017608	519.802	344.702	289.987	427.645
XLOC_017650	226.072	411.631	233.308	242.638
XLOC_017657	0	0	168.81	775.902
XLOC_017661	303.721	476.708	145.565	122.083
XLOC_017671	141.715	1226.51	147.686	627.581
XLOC_017673	131.816	163.427	83.3683	163.723
XLOC_017681	0	231.379	20.6494	50.7219
XLOC_017684	7071.18	1018.91	8038.94	1690.45
XLOC_017709	1058.34	579.741	752.861	373.011
XLOC_017712	0	83.5157	0	146.909
XLOC_017744	934.354	3781.63	2866.46	3945.99
XLOC_017776	363.664	327.374	245.66	614.973
XLOC_017779	1146.72	84.9676	207.194	57.1694
XLOC_017802	87.4279	70.606	198.297	0
XLOC_017815	432.632	333.358	0	437.463
XLOC_017820	720.945	247.564	1147.42	916.338
XLOC_017855	1060.35	1114.47	1816.58	1298.49
XLOC_017857	1543.33	1880.63	1775.02	2184.17
XLOC_017860	504.624	239.442	639.019	591.117
XLOC_017864	631.244	320.095	770.965	696.562
XLOC_017895	1227.96	1040.08	659.558	1157.99
XLOC_017897	2028.45	61.7145	860.616	9.16177
XLOC_017929	29.4639	47.792	126.841	0
XLOC_017939	195.763	327.418	195.426	112.377
XLOC_017954	146.472	125.295	196.209	236.73
XLOC_017961	916.325	1124.57	1146.08	743.29
XLOC_017968	166.438	28.8064	114.638	86.9957
XLOC_017979	0	401.74	0	4823.79
XLOC_017983	4219.66	3335.49	3995.81	2328.69
XLOC_017996	88.3101	204.99	224.892	266.807
XLOC_018005	5592.18	1775.03	6794.08	2894.32
XLOC_018014	242.943	97.5927	121.632	50.3001
XLOC_018015	373.758	278.608	498.201	112.456
XLOC_018036	2218.98	2596.22	3005.95	2632.5
XLOC_018039	721.887	444.638	667.739	486.519
XLOC_018098	406.139	2617.33	1451.11	3049.45
XLOC_018100	337.003	152.153	506.891	337.55
XLOC_018118	898.294	67.1216	311.946	134.131
XLOC_018120	74.7295	77.1062	14.0008	43.4501
XLOC_018162	1276.13	331.998	1464.52	524.468
XLOC_018163	373.627	229.69	579.097	261.104
XLOC_018164	2515.37	846.252	5467.82	1236.63
XLOC_018166	28.2281	0	2.40616	1.71937
XLOC_018179	41.5587	0	97.0021	20.0745
XLOC_018185	121.998	145.864	0	13.5
XLOC_018186	2173.63	1660.77	1880.37	3603.68
XLOC_018187	1319.01	4079.31	1006.39	4054.85
XLOC_018194	139.661	89.0383	412.653	114.985
XLOC_018197	159.383	51.2269	207.111	47.4954
XLOC_018201	964.633	1457.88	1270.28	1047.11
XLOC_018241	835.685	36.2212	494.994	42.0988
XLOC_018247	423.034	476.691	359.031	303.408
XLOC_018260	318.063	70.8209	148.121	234.286
XLOC_018273	8130.54	2735.5	9363.66	4211.21
XLOC_018278	187.424	158.6	143.451	89.3764
XLOC_018284	665.892	156.495	546.005	27.7454
XLOC_018285	605.032	15.8137	212.294	31.611
XLOC_018287	416.854	122.954	468.208	28.9406
XLOC_018290	92.1189	69.1687	369.026	0
XLOC_018291	135.618	44.4183	489.991	18.0086
XLOC_018292	2145.15	2260.05	9562.56	569.832
XLOC_018312	710.647	444.811	942.743	572.88
XLOC_018313	276.108	345.134	140.83	460.955
XLOC_018323	64.2649	68.5327	53.3122	97.9798
XLOC_018325	188.345	207.696	40.9682	727.963
XLOC_018331	1053.96	769.527	741.303	558.325
XLOC_018357	41.052	39.0507	85.4857	5.44672
XLOC_018358	76.6417	55.8668	82.3242	0
XLOC_018360	7.45121	1.04459	11.5416	0
XLOC_018371	52.8184	0	244.929	74.0869
XLOC_018372	83.1152	51.5865	316.045	35.5341
XLOC_018374	265.851	296.192	223.789	379.433
XLOC_018382	199.214	222.537	413.345	189.567
XLOC_018389	301.399	196.209	475.35	97.7123
XLOC_018392	851.698	713.797	552.032	966.259
XLOC_018410	296.09	93.9642	399.759	157.539
XLOC_018411	18868.7	8037.58	12995.2	15059.1
XLOC_018419	345.487	677.715	519.757	428.407
XLOC_018420	677.649	944.738	837.959	578.131
XLOC_018421	2660.82	3871.92	2983.57	1693.03
XLOC_018434	521.833	281.737	667.44	283.928
XLOC_018441	298.47	256.817	281.577	416.391
XLOC_018449	177.642	144.259	127.128	111.64
XLOC_018459	125399	282016	201685	188086
XLOC_018469	191.793	130.754	130.763	223.227
XLOC_018474	43.471	350.891	44.7129	105.104
XLOC_018487	182.81	68.0289	125.415	194.182
XLOC_018488	292.827	120.351	269.939	172.455
XLOC_018491	1149.42	3.42487	19.2711	0
XLOC_018492	447.088	1.7257	3.02028	0
XLOC_018493	337.771	0	1.36017	0
XLOC_018504	832.103	445.127	1212.77	529.074
XLOC_018515	228.445	187.113	300.575	283.985
XLOC_018523	23.8395	27.1762	151.017	29.0573
XLOC_018524	228.359	218.109	472.203	160.825
XLOC_018547	171.293	292.554	246.353	186.02
XLOC_018556	158.799	214.58	214.106	463.731
XLOC_018561	63618.3	24270.8	107095	40050.2
XLOC_018568	107.64	115.089	39.2385	131.451
XLOC_018569	20.1838	11.3835	0	8.25363
XLOC_018570	271.312	95.4213	1600.62	394.795
XLOC_018590	3253.17	3814.8	4542.01	551.784
XLOC_018599	433.395	946.01	631.934	419.612
XLOC_018608	63.0765	560.59	200.414	62.2454
XLOC_018609	34.7714	11.0069	87.9868	12.0451
XLOC_018611	88.0623	194.416	153.4	121.976
XLOC_018618	144.601	97.687	161.046	431.374
XLOC_018626	175.781	105.072	278.251	177.548
XLOC_018665	158.75	165.401	224.28	340.482
XLOC_018682	5606.3	2822.09	2740.08	4003.72
XLOC_018683	1364.72	297.223	834.624	335.16
XLOC_018684	153.795	111.928	191.853	372.687
XLOC_018686	1127.97	735.491	4052.96	694.96
XLOC_018695	355.344	198.578	580.247	181.447
XLOC_018696	41.0706	78.9565	234.751	0
XLOC_018697	4067.01	2656.98	7510.63	2888.31
XLOC_018698	278.244	278.88	497.322	139.91
XLOC_018702	141.797	95.9534	264.076	53.9532
XLOC_018706	905.835	1087.9	2261.17	562.386
XLOC_018707	192.822	243.072	563.509	101.016
XLOC_018717	141.094	57.5525	126.529	47.5012
XLOC_018724	216.362	243.056	539.708	417.27
XLOC_018734	204.274	155.887	1014.61	152.72
XLOC_018735	6584.4	2067.37	6493.38	989.168
XLOC_018747	579.841	151.607	108.737	346.631
XLOC_018753	472.694	344.982	360.163	244.042
XLOC_018765	207.068	213.787	228.897	715.307
XLOC_018766	6.07983	30.3817	0	18.5555
XLOC_018789	2274.72	2084.33	3940.17	3132.56
XLOC_018813	62.0626	52.9322	0	131.31
XLOC_018820	7136.15	5077.76	5197.76	3389.25
XLOC_018834	64.7171	230.051	157.762	182.174
XLOC_018837	203.906	80.997	293.968	228.453
XLOC_018839	301.59	451.099	80.0112	211.082
XLOC_018845	1178.48	978.554	1253.99	665.145
XLOC_018867	489.913	499.594	878.605	727.755
XLOC_018880	75.2344	110.912	31.3448	68.2148
XLOC_018883	588.457	361.844	862.893	391.033
XLOC_018885	99.37	0	131.104	0
XLOC_018886	75.1545	0	106.865	35.5144
XLOC_018903	757.268	1018.46	1568.99	1021.06
XLOC_018926	422.045	0	7.54882	0
XLOC_018942	2788.99	2272.01	5680.47	4387.16
XLOC_018944	258.859	0	280.702	288.975
XLOC_018945	500.138	359.097	762.771	453.596
XLOC_018953	5701.84	2260.27	4213.2	3459.29
XLOC_018955	777.146	201.618	1121.55	394.286
XLOC_018956	0	234.23	237.984	239.364
XLOC_018958	64.4025	104.241	179.534	139.088
XLOC_018963	137.598	27.414	104.1	79.2797
XLOC_018968	2127.53	2326.77	2567.09	1904.62
XLOC_018969	1214.23	1840.3	4795.85	654.937
XLOC_018982	87.6224	0	18.1306	4.73953
XLOC_018985	102.157	178.748	121.979	87.4593
XLOC_019002	515.697	2153.53	1499.56	1637.61
XLOC_019003	359.626	1049.74	963.779	1577.48
XLOC_019007	109.782	292.191	401.482	503.742
XLOC_019008	3243.39	2534.36	5998.03	1059.96
XLOC_019010	66.7433	83.9635	95.5994	41.6896
XLOC_019046	10.6946	0	0	0.945012
XLOC_019052	1934.44	2385.45	1916.36	3469.71
XLOC_019058	399.434	161.577	131.603	170.439
XLOC_019062	511.969	544.79	916.419	682.192
XLOC_019064	144.613	75.095	226.861	132.56
XLOC_019074	1078.93	517.382	1569.61	670.243
XLOC_019076	189.697	39.1852	194.773	93.3219
XLOC_019084	230.358	212.756	260.453	311.775
XLOC_019098	1510.77	1137.6	1099.28	916.183
XLOC_019110	433.946	825.679	455.214	470.789
XLOC_019113	3878.77	2392.32	5188.7	1928.58
XLOC_019133	421.759	309.828	419.02	534.728
XLOC_019136	670.81	1132.03	755.595	618.955
XLOC_019145	4952.39	1693.33	6869.06	3643.68
XLOC_019173	195.305	155.034	360.056	125.269
XLOC_019175	0	23.945	0	31.5108
XLOC_019201	140.251	385.778	272.445	339.73
XLOC_019210	5.07784	0	20.3656	15.2572
XLOC_019211	748.163	262.411	454.202	149.274
XLOC_019216	360.259	139.497	312.983	215.594
XLOC_019263	0	0	9.81067	48.1994
XLOC_019264	87.8733	761.318	156.247	1059.32
XLOC_019312	173.142	272.314	210.095	108.836
XLOC_019314	37.0992	116.198	14.9959	60.7021
XLOC_019342	220.237	44.8929	143.56	280.172
XLOC_019343	1238.16	3840.39	523.382	5089.78
XLOC_019344	6303.04	15028.2	6054.1	3350.86
XLOC_019362	54.7215	130.43	241.273	76.9213
XLOC_019363	29.9474	41.4581	127.691	53.0333
XLOC_019369	211.679	130.078	259.988	246.253
XLOC_019370	855.303	331.135	793.696	542.331
XLOC_019376	16.4234	6.49391	71.7873	0
XLOC_019377	3.99888	0	53.484	0
XLOC_019378	20.5702	6.88066	197.257	0
XLOC_019379	187.663	0	597.641	0
XLOC_019388	976.972	791.86	1401.09	278.83
XLOC_019394	416.876	1067.35	502.891	1364.68
XLOC_019398	289.701	587.067	457.25	937.893
XLOC_019429	35.1872	32.2196	145.449	11.2275
XLOC_019463	692.509	1179.55	596.677	882.495
XLOC_019468	411.874	22.0241	309.296	99.8593
XLOC_019469	108.973	52.5331	504.016	15.1093
XLOC_019472	1292.53	1896.04	997.249	1221.44
XLOC_019519	378.217	275.183	547.364	232.21
XLOC_019520	1722.65	1571.69	1960.37	1403.69
XLOC_019573	127.033	176.13	65.8022	126.022
XLOC_019597	1008.39	499.823	742.984	1012.8
XLOC_019602	163.351	266.899	801.187	1787.48
XLOC_019605	4488.94	3213.41	4374.78	5449.58
XLOC_019611	413.015	496.828	362.984	153.096
XLOC_019616	194.833	292.037	184.931	324.326
XLOC_019617	453.936	353.14	529.755	887.429
XLOC_019622	312.741	132.867	577.096	241.232
XLOC_019626	219.663	196.082	326.564	85.8536
XLOC_019628	76.9642	80.9607	104.208	49.7051
XLOC_019629	106.415	72.2617	148.32	90.5468
XLOC_019665	13810.9	11235.5	22239.1	14768.9
XLOC_019667	6.76204	165.557	89.3984	301.73
XLOC_019670	51.5589	353.978	1460.35	353.876
XLOC_019682	226.681	708.915	447.324	229.932
XLOC_019687	206.034	53.5109	169.599	82.7551
XLOC_019690	46.0351	18.5056	146.417	108.86
XLOC_019693	1100.06	1390.36	2196.6	906.592
XLOC_019709	80.0431	0	58.0711	36.7922
XLOC_019724	699.887	589.294	396.95	1049.71
XLOC_019738	752.012	213.443	696.018	182.627
XLOC_019748	119.806	194.725	77.9364	53.3934
XLOC_019759	452.218	121.586	403.698	116.036
XLOC_019777	1165.97	855.262	980.222	674.924
XLOC_019796	20.9944	10.8985	12.2678	30.341
XLOC_019812	220.059	67.1507	204.688	51.3105
XLOC_019819	277.94	66.8306	150.964	171.454
XLOC_019820	173.244	363.655	80.7014	221.946
XLOC_019827	1814.91	2314.07	1488.26	1785.38
XLOC_019828	276.291	286.289	594.294	203.11
XLOC_019830	971.108	645.853	1334.93	434.314
XLOC_019846	346.172	488.224	395.374	229.857
XLOC_019849	879.972	959.814	1341.86	333.814
XLOC_019856	31.3083	0	81.4012	70.5303
XLOC_019864	1394.09	4443.42	541.042	2340.12
XLOC_019865	4.51269	0	0	43.9751
XLOC_019886	440.945	563.059	161.214	285.242
XLOC_019889	0	117.111	33.0685	87.9252
XLOC_019912	191.687	301.656	164.248	243.142
XLOC_019924	11940.7	10671.1	14162.3	9855.05
XLOC_019927	0	9.00893	12.4109	28.6928
XLOC_019958	90.456	171.918	133.29	746.099
XLOC_019959	844.713	7.67215	852.209	158.863
XLOC_019962	9644.36	7650.07	13308.6	4726.53
XLOC_019964	169.2	104.142	223.829	38.1062
XLOC_019967	233.173	180.303	420.901	256.227
XLOC_019985	5395.87	2318.62	3716.85	3911.47
XLOC_019987	10146.1	6614.62	5020.59	8395.55
XLOC_019992	328.203	444.442	299.856	342.37
XLOC_019993	42795.1	22817.4	32634.9	21500
XLOC_019998	261.062	243.074	399.695	515.807
XLOC_020005	364.658	256.369	456.043	427.835
XLOC_020031	282.583	131.935	104.839	101.032
XLOC_020077	130.512	233.726	239.098	41.6176
XLOC_020079	2340.18	1734.85	3628.8	572.683
XLOC_020080	134.391	197.436	387.722	65.7702
XLOC_020083	146.652	128.267	419.856	96.2575
XLOC_020097	272.818	442.984	393.639	469.998
XLOC_020101	57.2211	283.433	204.397	146.463
XLOC_020102	264.032	117.415	417.428	261.831
XLOC_020159	4223.66	5786.37	2993.61	4836
XLOC_020160	1316.22	3491.93	1165.12	3400.66
XLOC_020161	2322.83	3064.28	2118.78	3510.52
XLOC_020173	463.17	39.2832	449.702	146.967
XLOC_020176	340.408	477.983	704.734	460.608
XLOC_020178	751.106	92.4993	190.507	95.3185
XLOC_020195	670.496	342.98	709.811	290.249
XLOC_020196	322.893	143.646	450.313	91.1698
XLOC_020198	0	0	0	42.8861
XLOC_020214	329.211	252.557	673.797	440.561
XLOC_020215	60.9973	36.3485	25.8716	24.1167
XLOC_020216	48.2805	129.624	288.089	90.2276
XLOC_020217	25.8305	78.6313	177.319	109.597
XLOC_020218	2742.02	1704.44	2076.77	1004.66
XLOC_020222	16493.3	3638.76	8197.75	4548
XLOC_020225	147.818	114.298	190.814	181.171
XLOC_020226	568.364	1067.18	502.941	725.461
XLOC_020239	570.866	344.693	837.478	524.693
XLOC_020240	1207.89	402.979	645.161	927.099
XLOC_020262	97.1913	44.0404	146.147	55.9216
XLOC_020266	28.1756	0	16.0436	79.2601
XLOC_020281	801.276	1004.32	1235.67	1113.27
XLOC_020327	397.169	262.615	564.972	394.271
XLOC_020331	81.783	18.3798	86.1488	54.3077
XLOC_020349	287.533	261.098	416.397	178.888
XLOC_020384	126.478	153.441	73.8468	509.365
XLOC_020385	241.215	66.2767	621.36	150.763
XLOC_020388	673.717	1031.63	629.783	751.516
XLOC_020403	169.879	177.94	379.451	243.616
XLOC_020422	180.661	189.066	213.337	494.979
XLOC_020423	20.6017	11.8276	10.5915	0
XLOC_020438	882.556	550.473	511.39	411.644
XLOC_020446	48.6942	36.3951	92.368	114.553
XLOC_020459	70.4011	117.891	68.6085	236.432
XLOC_020465	159.588	71.7657	194.711	273.267
XLOC_020469	313.788	12.7961	58.9882	159.036
XLOC_020470	69.6075	0	44.1427	5.73529
XLOC_020476	226.996	159.161	98.1763	227.587
XLOC_020500	686.378	229.873	1245.68	160.763
XLOC_020502	246.494	316.745	403.478	123.951
XLOC_020517	843.413	1221.4	1270.07	1940.5
XLOC_020536	244.066	177.061	314.267	141.098
XLOC_020574	157.691	107.062	275.682	121.537
XLOC_020589	395.671	190.934	213.107	265.231
XLOC_020599	98.8974	107.318	59.2294	197.193
XLOC_020602	1769.61	548.071	2902.46	836.702
XLOC_020605	213.322	33.9667	0	0
XLOC_020617	12.6658	41.3522	0	76.1717
XLOC_020619	1.46259	17.4135	0	58.9264
XLOC_020628	3567.77	2750.4	2372.14	4036.87
XLOC_020629	302.147	769.914	275.839	577.581
XLOC_020631	17.2633	135.642	0	169.553
XLOC_020648	440.88	0	0	0
XLOC_020649	104.641	0	2.3893	0
XLOC_020650	245.16	0	0	0
XLOC_020651	426	0	10.8516	0
XLOC_020655	158.403	177.147	159.056	328.435
XLOC_020656	98.4216	21.8841	41.5143	14.564
XLOC_020662	585.144	715.625	1183.14	924.301
XLOC_020667	700.366	531.472	115.182	41.0287
XLOC_020673	82.1335	82.8943	261.023	159.514
XLOC_020675	515.058	220.169	190.773	111.37
XLOC_020677	186.862	92.0437	288.136	218.095
XLOC_020687	153.316	351.051	251.495	230.944
XLOC_020714	167.901	51.7688	258.423	69.4385
XLOC_020726	35.8269	116.853	40.9997	21.7692
XLOC_020744	166.61	148.465	102.084	271.723
XLOC_020752	1008.78	304.632	533.814	137.867
XLOC_020777	45.2013	499.284	54.8565	77.7411
XLOC_020785	237.704	114.671	156.26	153.733
XLOC_020807	1586.31	1848.04	3073.66	1493.12
XLOC_020808	2506.68	1523.63	3944.01	929.399
XLOC_020831	137.529	100.704	210.728	90.6393
XLOC_020842	553.541	293.468	456.038	372.872
XLOC_020844	389.654	1167.58	565.935	1020.02
XLOC_020851	129.232	220.603	229.532	278.688
XLOC_020915	105.944	191.322	78.2751	208.591
XLOC_020916	170.468	191.161	190.245	115.872
XLOC_020921	8591.32	343.164	7760.9	379.692
XLOC_020934	71.3567	50.8042	138.738	99.9399
XLOC_020969	92.5113	186.64	49.6302	105.824
XLOC_020974	61.923	18.363	21.4254	0
XLOC_020984	92.5576	36.4011	113.886	35.642
XLOC_020988	2085.72	428.873	2545.26	560.454
XLOC_020992	552.22	1335.2	358.205	815.469
XLOC_020997	268.28	188.746	416.677	257.089
XLOC_020999	11140.2	8168.31	12296.8	7157.66
XLOC_021007	3001.57	3097.58	2040.57	3599.44
XLOC_021012	2966.1	544.384	2184.67	337.812
XLOC_021013	0	25.1194	4.85166	67.998
XLOC_021017	748.955	466.618	1053.25	577.759
XLOC_021064	80.0794	89.2929	251.084	99.7385
XLOC_021074	86.143	42.6775	158.692	60.4289
XLOC_021096	2359.34	707.917	1911.98	656.598
XLOC_021097	44478.9	8799.6	52580.1	18241.8
XLOC_021107	168.803	107.407	186.568	241.574
XLOC_021111	62.4734	133.78	71.6479	72.7388
XLOC_021118	1192.59	345.246	351.996	362.427
XLOC_021120	430.47	402.308	516.683	1024.03
XLOC_021142	60.5926	25.9622	92.2679	46.1265
XLOC_021147	4031.97	2006.61	6126.43	1355.19
XLOC_021149	117.833	87.8119	168.22	116.05
XLOC_021167	161.029	107.277	278.783	196.553
XLOC_021183	190.021	158.675	163.016	279.863
XLOC_021201	61.1959	134.688	85.0629	80.9185
XLOC_021205	1245.98	518.338	1703	1065.94
XLOC_021206	733.999	530.333	1247.3	13.4037
XLOC_021210	139.92	60.7118	112.441	91.3361
XLOC_021215	485.436	645.594	128.463	278.592
XLOC_021217	117.762	101.257	172.542	199.265
XLOC_021233	123.826	153.691	230.019	176.274
XLOC_021241	156.891	104.004	170.366	113.337
XLOC_021252	218.09	363.784	288.629	431.71
XLOC_021259	719.314	300.399	402.112	400.017
XLOC_021266	608.402	852.176	13.8463	194.084
XLOC_021267	70.6673	5.74419	0	1.95927
XLOC_021269	440.151	331.487	125.028	261.519
XLOC_021270	579.793	18.3962	15.8951	10.1972
XLOC_021271	177.812	0	0	0
XLOC_021272	108.247	9.85225	0	0
XLOC_021273	247.077	424.975	760.963	254.932
XLOC_021302	217.036	133.105	102.182	87.1068
XLOC_021304	571.439	478.51	795.553	694.393
XLOC_021310	1547.43	2554.73	1093.97	2070.46
XLOC_021315	19.7137	13.0677	0	2.22877
XLOC_021339	85.341	45.4135	87.06	70.3745
XLOC_021351	402.444	145.677	332.036	163.68
XLOC_021355	256.435	196.557	344.184	267.819
XLOC_021365	240.961	219.828	981.048	280.714
XLOC_021376	320.276	313.397	219.343	503.295
XLOC_021377	698.016	241.302	710.674	787.115
XLOC_021378	174.805	61.6607	162.203	132.482
XLOC_021380	901.401	1233.64	843.322	1285.43
XLOC_021417	1380.28	1515.03	1151.75	2368.71
XLOC_021418	446.063	712.273	390.374	662.545
XLOC_021419	6900.14	3291.17	14179.1	3060.58
XLOC_021439	1681.29	1844.3	2821.62	2747.68
XLOC_021450	25.1335	23.385	72.1547	137.081
XLOC_021452	477.507	580.346	75.91	477.112
XLOC_021460	1245.37	51.8612	232.625	1463.36
XLOC_021467	457.207	630.091	385.54	238.643
XLOC_021470	31.744	384.396	484.241	742.554
XLOC_021471	0	63.8356	389.076	414.155
XLOC_021504	525.555	0.865072	64.016	0
XLOC_021506	453.017	537.976	468.385	950.063
XLOC_021522	92.2582	86.0831	187.329	84.6729
XLOC_021536	139.665	101.525	253.082	206.972
XLOC_021544	595.273	321.278	888.957	413.215
XLOC_021553	958.21	684.173	394.967	700.048
XLOC_021562	99.4046	236.935	0	18.9877
XLOC_021567	6758.13	2876.15	7857.4	3977.57
XLOC_021588	35.0092	14.2909	0	7.15117
XLOC_021595	141.834	161.727	76.3518	92.3783
XLOC_021610	2247.2	1451.24	1731.15	1405.18
XLOC_021622	220.546	451.737	200.455	175.565
XLOC_021633	836.634	145.471	478.999	565.819
XLOC_021634	252.676	146.642	307.274	201.51
XLOC_021658	1765.78	592.754	1504.75	564.69
XLOC_021659	59.3864	206.601	89.919	67.1338
XLOC_021665	1946.65	1133.71	1241.59	1244.4
XLOC_021667	170.922	110.581	185.337	244.582
XLOC_021673	90.8762	147.61	125.598	119.174
XLOC_021679	525.67	793.533	603.685	536.064
XLOC_021688	289.468	139.907	201.349	150.03
XLOC_021700	583.315	827.58	573.77	515.507
XLOC_021717	154.98	230.911	140.124	264.629
XLOC_021727	176.022	461.357	139.546	341.277
XLOC_021732	961.496	859.344	248.157	724.945
XLOC_021740	4601.96	5405.19	2815.16	4867.54
XLOC_021742	589.269	366.582	617.802	380.31
XLOC_021746	624.846	82.9876	151.317	320.919
XLOC_021757	0	75.8344	7.37343	0
XLOC_021764	190.699	183.475	313.063	129.387
XLOC_021779	10.7394	0	5.02988	44.7953
XLOC_021785	110.647	0	18.565	4.44024
XLOC_021787	551.924	686.758	93.494	285.175
XLOC_021789	4137.34	10755.9	6010.09	12070.8
XLOC_021790	870.932	453.058	106.186	765.982
XLOC_021791	470.46	97.9743	191.838	119.495
XLOC_021800	364.097	580.192	425.661	81.6127
XLOC_021854	235.281	444.497	226.618	425.763
XLOC_021859	820.791	436.15	1501.9	479.029
XLOC_021870	0	256.564	26.9874	125.575
XLOC_021873	172.927	129.411	324.626	220.993
XLOC_021884	181.821	216.682	343.447	186.629
XLOC_021890	167.947	537.412	83.2265	421.301
XLOC_021898	9747.26	11070.5	12082.7	7400.18
XLOC_021925	91.6728	329.658	234.655	187.256
XLOC_021928	102.49	493.444	526.647	1377.38
XLOC_021957	143.067	94.5999	184.984	179.293
XLOC_021986	338.066	425.765	214.409	430.073
XLOC_022000	807.839	607.14	472.784	225.957
XLOC_022010	8169.16	9264.99	9466.73	7066.07
XLOC_022043	492.512	613.599	376.33	660.799
XLOC_022045	259.333	360.148	309.487	432.794
XLOC_022053	625.333	3020.74	266.92	532.215
XLOC_022060	157.593	134.084	145.382	246.743
XLOC_022062	441.3	128.127	356.155	315.166
XLOC_022064	257.439	816.939	174.216	30.9355
XLOC_022097	1189.79	507.815	1300.59	355.729
XLOC_022099	3134.5	1936.79	3926.9	1475.41
XLOC_022115	3815.98	1055.77	4094.69	2101.52
XLOC_022121	7.42781	0	5.21829	32.4226
XLOC_022122	0	665.941	766.702	1507.28
XLOC_022136	67.6816	50.1474	88.5127	26.4866
XLOC_022151	103.674	49.6244	138.182	70.4949
XLOC_022152	115.64	122.463	79.1163	245.324
XLOC_022155	510.793	601.4	347.718	829.973
XLOC_022178	1290.84	2822.42	395.921	689.713
XLOC_022179	2795.33	2093.1	1700.72	333.07
XLOC_022187	415.509	128.966	84.7883	115.812
XLOC_022230	17.646	32.3367	43.507	75.8755
XLOC_022245	71.8334	11.5656	0	15.0821
XLOC_022257	81.0181	740.813	423.919	852.722
XLOC_022258	2339.71	1554.9	1547.7	907.199
XLOC_022269	512.92	50.8071	528.506	255.646
XLOC_022274	410.672	678.38	331.944	493.962
XLOC_022285	1331.85	405.141	138.505	805.608
XLOC_022287	89.5748	101.287	0	178.711
XLOC_022292	164.833	505.033	239.497	322.253
XLOC_022303	263.74	512.195	199.827	199.202
XLOC_022310	745.328	502.026	1783.64	273.614
XLOC_022313	257.402	156.181	879.333	58.8057
XLOC_022342	1381.68	1411.42	856.775	1210.07
XLOC_022347	768.336	803.601	351.4	1947.16
XLOC_022383	76.215	100.978	147.834	126.879
XLOC_022390	161.568	106.947	232.423	65.7549
XLOC_022392	1003.46	371.57	1036.68	246.831
XLOC_022401	153.136	176.508	61.21	92.9289
XLOC_022409	122.775	182.762	76.0927	81.3817
XLOC_022415	487.168	487.392	413.016	327.216
XLOC_022417	322.848	472.64	251.361	280.555
XLOC_022451	115.3	133.677	62.049	151.724
XLOC_022470	88.1584	157.809	90.2334	32.7433
XLOC_022498	286.212	123.303	304.194	148.893
XLOC_022499	289.307	67.3494	182.339	46.9047
XLOC_022522	190.928	85.4966	60.7021	93.2587
XLOC_022523	1331.29	835.35	576.976	811.284
XLOC_022528	281.332	324.426	231.811	1210.73
XLOC_022529	238.052	441.158	192.831	715.942
XLOC_022530	217.819	308.702	57.9167	485.527
XLOC_022531	748.058	515.033	363.745	3324.69
XLOC_022536	1240.03	896.093	1553.84	1102.77
XLOC_022538	341.402	290.19	357.09	570.053
XLOC_022550	77.0359	129.496	136.7	158.737
XLOC_022554	361.06	397.193	299.666	197.237
XLOC_022555	629.095	380.748	356.741	248.855
XLOC_022605	85.5275	216.04	56.9991	18.539
XLOC_022616	967.299	422.738	507.759	331.476
XLOC_022632	213.081	72.486	478.883	172.498
XLOC_022635	5012.47	559.858	3469.62	688.133
XLOC_022636	766.523	105.516	696.897	141.38
XLOC_022648	119.357	34.4132	115.861	101.54
XLOC_022655	555.915	104.318	1084.98	97.6289
XLOC_022667	338.128	258.138	185.171	226.081
XLOC_022692	38.7448	0	0	2.32121
XLOC_022711	63.4831	368.079	0	192.805
XLOC_022731	1785.62	1887.55	2550.76	2071.21
XLOC_022732	368.862	245.764	633.071	561.221
XLOC_022746	9206.21	2086.49	8652.61	3491.12
XLOC_022756	1.93708	0	1.42322	8.82486
XLOC_022757	111.179	65.9569	122.358	71.0883
XLOC_022761	554.634	1238.57	439.812	0
XLOC_022773	650.823	238.188	901.243	231.436
XLOC_022774	1178.72	1047.34	3358.83	1180.44
XLOC_022791	473.133	299.212	390.38	358.638
XLOC_022843	280.555	343.419	473.137	472.625
XLOC_022872	103.662	372.333	60.7147	56.9289
XLOC_022890	0	32.4844	7.77854	44.761
XLOC_022897	183.487	348.475	164.35	276.751
XLOC_022898	530.653	375.211	797.305	631.169
XLOC_022908	2955.35	1468.98	2392.89	2842.12
XLOC_022909	163.307	332.416	214.523	362.872
XLOC_022910	253.41	1997.73	427.462	734.692
XLOC_022956	473.764	282.63	341.981	405.537
XLOC_022983	4484.14	4892.49	5578.51	3251.42
XLOC_023008	2922.72	2672.91	4636.39	1952.06
XLOC_023013	67.6539	43.3202	271.338	70.0083
XLOC_023017	74.9693	694.814	0	573.666
XLOC_023022	240.148	64.7908	383.301	293.173
XLOC_023040	1538.92	1152.32	1935.7	1039.77
XLOC_023043	1084.85	1351.84	1735.98	874.233
XLOC_023051	313.981	437.623	300.779	249.652
XLOC_023061	191.149	224.765	106.679	142.18
XLOC_023065	11.0121	0	4.9724	5.23125
XLOC_023087	2057.52	2682.75	1855.34	1625.85
XLOC_023112	269.19	171.714	250.088	333.567
XLOC_023116	544.007	537.043	475.319	327.739
XLOC_023135	583.839	190.881	660.519	129.834
XLOC_023138	107.139	27.8939	130.402	32.5105
XLOC_023152	231.667	146.759	127.796	66.0925
XLOC_023153	0	40.5192	0	0
XLOC_023156	95.9849	83.4485	0	109.651
XLOC_023157	320.266	1139.4	791.64	417.062
XLOC_023162	154.966	420.79	52.4133	402.374
XLOC_023179	1570.71	3797.81	1932.74	2253.15
XLOC_023192	410.134	136.174	488.386	105.019
XLOC_023206	647.986	102.608	623.557	290.382
XLOC_023220	203.342	0	22.7121	18.8168
XLOC_023224	9.08615	618.128	58.6928	76.5345
XLOC_023237	162.424	217.086	139.153	290.464
XLOC_023255	124.974	295.204	80.9308	228.264
XLOC_023263	1572.76	1450.49	2019.77	2518.69
XLOC_023274	33.4944	22.092	117.275	90.1007
XLOC_023291	242.544	157.582	94.9042	71.6437
XLOC_023297	4676.4	1590.44	2983.22	1367.99
XLOC_023306	572.886	420.966	311.848	238.128
XLOC_023310	92.9326	85.9527	56.7254	122.914
XLOC_023318	753.725	460.692	538.338	441.818
XLOC_023327	116.284	67.7566	163.025	114.733
XLOC_023332	209.391	104.528	240.177	67.4952
XLOC_023333	368.666	66.0712	255.647	157.549
XLOC_023339	247.624	88.4118	190.869	190.733
XLOC_023353	76.5369	25.1692	73.9407	91.5569
XLOC_023363	1022.38	1184.35	2010.29	1566.93
XLOC_023383	235.93	109.679	276.048	145.921
XLOC_023386	327.664	342.36	262.646	153.417
XLOC_023389	207.469	296.39	371.095	234.6
XLOC_023392	666.312	750.195	948.073	1553.95
XLOC_023417	97.7439	63.2093	88.3451	37.8606
XLOC_023420	76.6198	552.841	105.409	191.542
XLOC_023441	218.581	288.632	256.785	184.963
XLOC_023450	197.484	162.756	219.692	100.436
XLOC_023451	4029.01	4322.5	4361.86	3398.9
XLOC_023457	120.42	71.9148	101.075	137.581
XLOC_023484	377.272	335.575	297.799	225.264
XLOC_023499	0	249.297	129.352	29.0557
XLOC_023500	350.573	76.6437	532.535	23.6196
XLOC_023501	332.153	57.2099	380.173	19.7417
XLOC_023502	265.162	39.4508	280.433	7.69324
XLOC_023503	199.645	0	0	0
XLOC_023507	2586.37	585.311	2907.29	486.541
XLOC_023508	141.574	103.459	172.888	70.5136
XLOC_023510	98.1842	13.2984	190.174	72.395
XLOC_023514	202.656	247.304	86.9591	183.801
XLOC_023523	130.425	109.654	85.3869	185.36
XLOC_023544	386.504	1789.82	167.309	701.723
XLOC_023551	150.619	104.151	716.303	580.078
XLOC_023563	108.845	61.7768	115.664	52.2427
XLOC_023582	144.408	167.454	170.039	448.431
XLOC_023583	4516.62	737.799	2174.02	2853.27
XLOC_023584	1031.52	285.632	318.724	571.912
XLOC_023585	74.1296	23.5366	108.979	44.4971
XLOC_023587	1114.52	334.833	1189.16	344.101
XLOC_023589	474.192	134.807	527.384	180.386
XLOC_023591	638.474	1001.89	985.59	3280.01
XLOC_023592	107.435	1096.83	204.584	2463.53
XLOC_023593	814.633	241.612	702.332	643.577
XLOC_023594	27971.1	11533.4	16969.9	10430
XLOC_023597	1003.44	1684.16	704.355	1424.51
XLOC_023624	537.397	181.551	1215.87	545.651
XLOC_023626	49.2533	0	14.0668	99.689
XLOC_023630	371.712	254.153	574.335	275.463
XLOC_023647	265.095	66.4361	185.022	99.4902
XLOC_023648	1448.63	2342.68	1018.29	1200.68
XLOC_023658	506.821	157.736	2431.52	101.021
XLOC_023678	213.284	17.919	348.427	0
XLOC_023681	44.0987	154.973	53.9637	116.941
XLOC_023721	128.902	93.7609	68.3063	232.325
XLOC_023722	3777.93	1062.52	4737.65	1182.83
XLOC_023724	725.232	685.423	890.085	607.498
XLOC_023727	914.814	588.484	209.148	721.498
XLOC_023731	563.144	272.266	236.662	86.1527
XLOC_023733	109.448	0	62.8983	39.836
XLOC_023734	191.05	144.362	188.467	278.591
XLOC_023736	713.824	755.253	1086.85	413.469
XLOC_023740	586.565	479.52	530.494	859.695
XLOC_023742	2252.8	3472.3	2218.84	2000.81
XLOC_023778	855.122	1197.33	550.112	870.546
XLOC_023780	124.2	517.093	109.164	486.823
XLOC_023799	1322.56	993.98	1728.24	880.151
XLOC_023802	3877.58	6370.7	8703.66	7301.98
XLOC_023803	3196.94	2466.07	4485.89	3572.91
XLOC_023804	230.327	200.472	384.463	244.949
XLOC_023818	885.856	1213.43	1059.6	1669.76
XLOC_023821	729.841	1030.81	501.115	798.362
XLOC_023844	149.649	64.4485	128.656	157.57
XLOC_023850	185.703	690.751	0	98.4529
XLOC_023881	751.826	460.356	607.224	369.786
XLOC_023889	403.76	53.6136	344.765	0
XLOC_023939	107.641	128.742	101.159	189.466
XLOC_023941	4942.94	6314.71	3077.17	4369.37
XLOC_023943	19.5677	13.5107	23.5587	36.6553
XLOC_023958	104.396	123.411	211.213	299.793
XLOC_023965	425.652	45.4104	115.072	18.9468
XLOC_023987	301.042	497.489	199.507	527.028
XLOC_024013	458.385	640.397	771.089	668.797
XLOC_024020	3.49448	30.603	0	17.8648
XLOC_024054	61.4276	38.3668	122.069	29.8651
XLOC_024057	241.091	247.71	179.841	127.06
XLOC_024058	446.26	245.493	425.72	349.059
XLOC_024065	1524.69	459.256	3507.43	162.816
XLOC_024067	2598.15	3865.14	3792.9	406.809
XLOC_024073	558.759	414.535	2456.7	166.967
XLOC_024076	997.59	188.826	668.672	199.307
XLOC_024077	140.794	122.477	276.491	134.574
XLOC_024105	4.63337	240.276	24.6518	273.974
XLOC_024106	0	8.71953	0	136.4
XLOC_024108	638.975	1647.04	252.991	1053.74
XLOC_024147	520.826	412.027	621.101	535.112
XLOC_024160	1025.59	1015.95	605.094	694.537
XLOC_024165	10.4686	17.6412	70.6241	4.28267
XLOC_024169	250.365	88.2292	109.476	117.704
XLOC_024204	107.991	30.4696	87.6189	117.92
XLOC_024229	211.993	130.001	187.119	195.696
XLOC_024256	450.561	597.529	208.009	290.143
XLOC_024261	6794.73	6618.53	5010.11	10427.9
XLOC_024267	9655.55	9291.26	16440.6	10546.3
XLOC_024268	18859.9	11315.1	23910.3	14117.4
XLOC_024275	68.1716	168.503	56.7351	32.4081
XLOC_024279	178.696	283.55	128.784	262.502
XLOC_024288	10.5515	38.4919	0	7.41541
XLOC_024300	123.605	93.0134	195.278	174.301
XLOC_024304	513.869	230.606	748.231	1004.93
XLOC_024315	490.867	366.797	732.945	613.949
XLOC_024321	1271.1	1865.17	1242.69	1126.98
XLOC_024329	325.3	382.083	194.897	405.933
XLOC_024330	1179.61	951.944	1073.44	1643.61
XLOC_024331	0	21.5352	0	567.403
XLOC_024332	147.918	730.603	1938.92	149.659
XLOC_024356	3736.39	664.74	1836.7	2065.27
XLOC_024379	0	225.305	61.8712	332.454
XLOC_024381	10390.4	12543.6	9260.59	5225.91
XLOC_024382	450.675	301.833	509.678	202.899
XLOC_024396	740.504	624.882	892.543	1011.53
XLOC_024400	108.841	174.726	155.44	222.193
XLOC_024415	2569.96	557.629	1831.55	1641.2
XLOC_024427	77.2495	140.613	112.577	76.6038
XLOC_024440	147.031	50.929	165.102	99.3437
XLOC_024452	108.519	0	212.808	150.591
XLOC_024470	1497.66	4006.46	1930.57	2846.13
XLOC_024475	627.219	518.284	1123.69	525.865
XLOC_024476	16591.7	5496.37	11853.1	9028.51
XLOC_024478	450.663	907.164	89.9924	420.154
XLOC_024505	53.0863	66.5552	96.8953	145.117
XLOC_024512	8637.98	4118.44	5767.08	6143.82
XLOC_024516	5535.48	608.39	5748.46	2041.49
XLOC_024534	1171.39	1206.9	1015.89	1576.57
XLOC_024543	120.58	113.193	96.8169	76.2648
XLOC_024548	0	0	17.4328	0
XLOC_024553	573.808	980.857	304.914	241.786
XLOC_024555	25.535	46.0894	45.2295	12.4516
XLOC_024576	0	396.75	126.275	363.472
XLOC_024578	94.994	80.2208	130.158	105.225
XLOC_024582	834.615	900.105	1316.87	828.525
XLOC_024583	4313.78	3501.11	5925.48	4322.4
XLOC_024584	1609.88	266.604	867.073	2808.88
XLOC_024598	126.6	67.9053	230.071	54.364
XLOC_024602	250.978	0	58.0938	373.238
XLOC_024640	67.9136	37.0257	114.071	49.1438
XLOC_024642	1680.42	1153.79	487.267	360.938
XLOC_024649	462.03	740.915	576.861	541.823
XLOC_024659	4568.3	12057.1	4855.68	15463.7
XLOC_024662	1195.53	78.5212	676.345	112.446
XLOC_024679	346.496	662.784	1263.04	6.56238
XLOC_024680	606.667	885.565	2947.75	15.6229
XLOC_024681	13.7557	47.1304	11.7514	19.673
XLOC_024685	763.422	1335.98	698.353	1129.42
XLOC_024687	320.259	407.909	181.995	277.023
XLOC_024689	590.8	928.127	476.128	1070.21
XLOC_024719	1274.52	1986.99	1516.36	2639.2
XLOC_024732	208.742	278.39	250.702	328.197
XLOC_024734	6.98923	12.7633	5.92033	33.8515
XLOC_024742	1871.84	430.444	1032.61	297.211
XLOC_024747	13.9222	0	0	146.067
XLOC_024752	28.17	211.983	345.145	182.292
XLOC_024755	41563.5	14178.8	64346.8	22818
XLOC_024763	901.336	852.887	615.323	1558.07
XLOC_024766	577.641	814.199	2062.12	1652.56
XLOC_024800	93.2327	162.614	109.828	62.5666
XLOC_024801	106.026	280.811	479.266	175.436
XLOC_024803	114.771	411.583	358.689	528.294
XLOC_024807	171.457	68.029	182.61	62.7826
XLOC_024824	21.2092	0	47.3358	52.8895
XLOC_024871	52.8949	141.196	33.4037	88.3408
XLOC_024897	97.0618	38.4456	97.645	609.015
XLOC_024905	725.387	432.977	715.525	510.321
XLOC_024906	2893.11	674.084	3528.89	1811.67
XLOC_024913	56.1362	72.3178	125.454	18.5862
XLOC_024917	2566.96	1518.73	4077.76	1888.66
XLOC_024931	3843.11	3871.73	4337.51	2964.01
XLOC_024935	197.62	415.129	240.755	151.422
XLOC_024948	2643.08	1177.45	2077.94	1381.17
XLOC_024962	163.155	275.008	111.39	65.397
XLOC_024967	798.894	631.234	624.129	173.883
XLOC_025000	2133.18	286.369	1889.66	134.687
XLOC_025032	67.5187	40.5037	92.9089	72.1315
XLOC_025055	178.646	309.129	287.157	147.416
XLOC_025074	94841.6	13225.3	64500	11881.4
XLOC_025075	9029.9	1622.41	6080.14	1239.74
XLOC_025076	74227.4	28366.6	43552.5	19601.1
XLOC_025077	22539.4	3504.32	9835.08	2320.57
XLOC_025083	920.851	68.1186	565.827	156.649
XLOC_025086	38.8638	26.3139	87.4577	16.1541
XLOC_025087	60.4871	23.2009	107.558	20.8553
XLOC_025097	895.499	212.98	1146.29	701.919
XLOC_025111	222.466	174.356	99.9088	125.197
XLOC_025113	69.8233	60.5321	122.121	26.2688
XLOC_025132	313.751	513.47	297.103	625.617
XLOC_025134	319.588	508.428	180.938	370.396
XLOC_025137	5167.71	11705.4	5097.16	7754.87
XLOC_025141	228.593	552.959	195.85	472.318
XLOC_025142	295.921	179.088	562.173	1255.38
XLOC_025171	73706.1	130577	103885	117659
XLOC_025187	147.615	200.479	108.624	249.617
XLOC_025189	811.68	615.612	546.034	402.766
XLOC_025226	716.7	1392.99	1654.7	1843.7
XLOC_025236	594.73	1410.25	705.364	1463.69
XLOC_025237	3445.29	1143.52	4574.73	2080.7
XLOC_025253	29.621	6.72433	52.6416	0
XLOC_025275	1330.48	1163.4	1436.6	474.295
XLOC_025281	195.307	507.128	160.389	175.044
XLOC_025288	0	142.861	41.6735	89.6738
XLOC_025310	188.954	730.301	468.86	353.758
XLOC_025331	373.886	589.025	318.677	421.528
XLOC_025340	6.71163	52.9855	0	6.79466
XLOC_025347	316.569	163.878	377.66	247.978
XLOC_025374	203.916	266.637	141.472	160.883
XLOC_025384	544.888	484.941	1003.1	1157.23
XLOC_025404	418.483	480.492	687.938	302.324
XLOC_025418	583.931	1271.04	34.9361	738.841
XLOC_025431	0	114.685	33.4847	364.918
XLOC_025456	2244.86	3415.04	2169.61	2287.75
XLOC_025479	61.0233	7.96144	4.42539	0
XLOC_025485	163.491	147.852	228.712	139.132
XLOC_025490	204.32	327.804	200.917	344.832
XLOC_025500	338.986	408.478	228.802	177.2
XLOC_025501	34.391	0	5.20888	3.54678
XLOC_025515	141.038	0	47.728	11.9144
XLOC_025531	59.4559	74.2875	0	37.036
XLOC_025550	417.308	46.7889	39.1963	40.8192
XLOC_025555	6559.59	23129.8	4034.74	20174.5
XLOC_025581	312.874	554.88	226.928	643.189
XLOC_025584	567.563	753.837	457.636	156.63
XLOC_025598	150.593	106.533	858.276	1862.19
XLOC_025600	96.9143	41.4408	271.208	126.454
XLOC_025604	267.597	76.6615	188.457	85.2764
XLOC_025605	328.222	183.979	343.839	244.855
XLOC_025606	50.2316	334.996	289.664	58.9443
XLOC_025647	93.8365	107.979	101.02	51.3376
XLOC_025662	305.181	106.87	288.342	82.6873
XLOC_025671	431.201	212.856	387.597	430.281
XLOC_025687	119.929	55.8835	130.063	340.082
XLOC_025696	886.001	854.974	1162.46	470.851
XLOC_025752	58.0521	45.6309	136.524	55.3661
XLOC_025754	159.623	202.744	243.571	339.535
XLOC_025769	76113.2	28430.9	82240.2	43545.2
XLOC_025779	415.69	292.318	682.842	345.667
XLOC_025782	0	234.267	71.3353	497.569
XLOC_025793	455.043	548.162	1263.06	881.305
XLOC_025801	1442.07	497.963	2365.47	118.501
XLOC_025822	0	71.0026	66.9909	100.69
XLOC_025830	378.098	113.777	640.792	38.5864
XLOC_025850	145.062	108.206	244.729	128.685
XLOC_025851	3189.76	986.859	2747	1970.61
XLOC_025853	1173.73	2001.68	1177.97	1401.8
XLOC_025856	378.817	243.679	338.378	421.993
XLOC_025862	233.581	164.725	66.1246	147.41
XLOC_025866	737.45	1569.9	941.417	2291.5
XLOC_025874	135.871	276.482	626.914	1202.11
XLOC_025912	321.751	196.503	482.327	348.51
XLOC_025914	28.817	3.91206	0	10.7383
XLOC_025928	4244.93	47.0041	505.656	116.149
XLOC_025930	131.516	78.6991	149.355	96.3204
XLOC_025932	2316.19	1822.99	4236.72	1533.9
XLOC_025944	1930.06	1485.75	593.311	1970.24
XLOC_025953	376.752	624.579	440.762	234.987
XLOC_025957	5620.75	7581.66	3539.19	10691
XLOC_025975	2177.52	2844.31	609.858	3838.47
XLOC_025983	656.474	759.026	985.878	1294.32
XLOC_025999	59.3195	388.915	10.6248	53.0329
XLOC_026002	37.8216	5.45085	112.312	24.3828
XLOC_026008	34.0077	11.8202	107.31	16.3168
XLOC_026009	10.8656	0	103.198	9.49984
XLOC_026010	300.831	136.79	592.678	171.268
XLOC_026012	42.2435	0	368.932	28.3946
XLOC_026019	46286.2	36236.3	62138.5	52874.3
XLOC_026060	86.9429	325.732	93.9388	66.8822
XLOC_026069	172.031	469.563	110.071	389.725
XLOC_026080	269.442	240.793	286.93	397.646
XLOC_026115	373.838	664.481	285.803	436.112
XLOC_026121	577.779	834.76	421.609	729.997
XLOC_026129	4972.43	5942.83	4473.1	3623.39
XLOC_026132	785.289	538.468	994.245	462.262
XLOC_026139	5816.68	855.269	5290.83	1551.69
XLOC_026140	2445.3	686.836	4358.71	2003.55
XLOC_026148	1536.43	2842.3	6532.3	2327.62
XLOC_026169	139.805	23.2147	365.136	43.0581
XLOC_026207	691.746	385.484	893.976	482.948
XLOC_026229	1376.26	1011.78	1804.24	1316.98
XLOC_026240	163.972	181.339	94.0769	141.131
XLOC_026251	425.687	951.412	348.865	307.28
XLOC_026279	476.194	292.837	449.196	364.449
XLOC_026285	686.805	372.408	950.459	119.83
XLOC_026301	2119.2	1493.62	1205.5	1422.53
XLOC_026309	235.69	288.051	269.51	157.83
XLOC_026314	479.522	249.116	399.838	236.761
XLOC_026315	546.632	558.585	739.458	395.06
XLOC_026336	146.741	183.212	77.8337	164.977
XLOC_026340	481.333	24.9016	283.551	0
XLOC_026343	7834.44	5946.91	8200.43	4422.11
XLOC_026374	46.1172	122.466	65.7999	64.772
XLOC_026376	266.531	112.817	284.489	491.771
XLOC_026383	333.063	506.141	285.837	351.208
XLOC_026399	1580.39	3749.11	1395.3	2509.66
XLOC_026402	659.851	409.397	825.578	261.422
XLOC_026403	377.6	101.099	533.627	330.983
XLOC_026440	78.4421	23.1246	18.8377	117.489
XLOC_026452	131.879	148.535	122.916	104.053
XLOC_026459	221.366	295.043	88.0435	161.031
XLOC_026461	92.4051	32.6738	68.4816	48.5876
XLOC_026469	136.888	165.106	124.929	202.652
XLOC_026473	88.7915	168.338	90.9014	117.959
XLOC_026489	110.963	351.349	130.125	106.336
XLOC_026495	95.5684	23.762	896.257	215.79
XLOC_026496	609.757	1233.81	733.168	983.568
XLOC_026507	4249.48	3120.28	2338.15	1695.71
XLOC_026514	3387.65	1799.82	2232.39	3851.22
XLOC_026515	886.275	0	0	0
XLOC_026518	24.5786	0	0	209.931
XLOC_026532	365.75	358.628	557.138	329.732
XLOC_026548	971.587	230.227	1150.92	1462.58
XLOC_026559	855.361	619.173	2275.36	634.56
XLOC_026560	103.758	198.896	263.284	124.938
XLOC_026562	354.652	122.476	641.014	171.204
XLOC_026567	1695.38	3009.03	123.064	2367.63
XLOC_026585	14748.8	3179.86	11358.6	1769.85
XLOC_026612	251.771	219.529	361.81	421.774
XLOC_026618	347.75	434.602	288.24	305.059
XLOC_026623	67.8525	115.869	74.1548	76.2533
XLOC_026641	148.252	93.1135	108.823	201.977
XLOC_026656	607.368	610.895	3280.29	0
XLOC_026681	105.561	507.273	147.329	27.9464
XLOC_026726	696.322	220.268	868.025	203.943
XLOC_026785	3148.44	1217.57	7327.64	923.735
XLOC_026829	2645.62	510.639	3822.71	58.0712
XLOC_026842	188.318	217.508	139.69	300.385
XLOC_026852	78.4797	131.358	0	53.0257
XLOC_026873	98.9571	0	22.1105	0
XLOC_026912	342.575	279.36	330.619	503.129
XLOC_026913	61.756	98.3141	21.0687	55.865
XLOC_026922	1093.28	1371.73	770.594	1445.77
XLOC_026933	320.174	257.364	505.334	563.478
XLOC_026938	71.9877	63.8151	182.902	109.807
XLOC_026945	36.8074	86.5952	98.073	145.582
XLOC_026946	40.9268	51.3147	14.0982	87.3464
XLOC_026947	206.783	218.75	73.8242	541.056
XLOC_026981	1260.73	2697.82	1322.75	1795.28
XLOC_026983	135.225	0	299.41	56.5178
XLOC_026993	0	27.2332	10.3027	35.4403
XLOC_027060	61.2034	153.157	61.2746	88.755
XLOC_027068	360.253	435.561	230.031	280.278
XLOC_027072	1858.59	770.902	1276.33	1314.9
XLOC_027112	93.7873	19.1999	136.639	83.0208
XLOC_027166	2722.35	1584.85	4844.2	2977.44
XLOC_027170	16.1611	83.2772	48.6217	148.019
XLOC_027174	495.783	324.117	214.255	276.176
XLOC_027188	5041.88	4037.46	7049.2	3869.13
XLOC_027197	245.263	118.499	168.162	144.541
XLOC_027243	3.90487	0	0	46.4819
XLOC_027273	22.7668	65.6165	11.5373	31.1726
XLOC_027365	45.3123	148.812	46.8984	72.1578
XLOC_027386	604.793	704.487	257.016	636.669
XLOC_027423	116.731	72.2574	77.1927	53.3175
XLOC_027439	403.348	383.267	439.234	712
XLOC_027453	223.925	49.1079	185.192	108.619
XLOC_027454	33.2719	0	85.2943	25.3392
XLOC_027494	795.504	631.456	288.445	420.717
XLOC_027509	46.5209	52.5954	173.991	105.244
XLOC_027518	267.167	367.339	195.024	484.117
XLOC_027519	195.932	348.634	185.858	323.391
XLOC_027521	389.913	330.617	220.781	364.517
XLOC_027529	20.0879	0	14.2766	35.4938
XLOC_027531	264.859	259.693	470.825	405.029
XLOC_027558	306.625	200.268	239.229	349.093
XLOC_027565	156.888	21.17	24.3742	4.99334
XLOC_027567	671.31	1076.75	234.947	529.206
XLOC_027569	307.366	526.89	155.083	279.109
XLOC_027570	132.128	407.602	68.2584	137.074
XLOC_027571	165.885	261.344	115.873	130.449
XLOC_027598	383.963	303.633	141.567	206.566
XLOC_027616	502.68	685.226	624.179	848.971
XLOC_027638	538.958	384.541	1306.95	349.397
XLOC_027640	38.9775	24.623	87.7204	23.112
XLOC_027641	1029.98	1008.62	2442.82	797.593
XLOC_027642	114.142	69.6885	266.998	77.0463
XLOC_027654	364.44	546.587	434.986	325.747
XLOC_027672	89.9503	153.034	89.4234	45.4051
XLOC_027684	189.45	53.4162	78.2247	30.5236
XLOC_027712	381.634	207.336	443.29	883.562
XLOC_027723	9099.11	6353.66	15632.8	9720.23
XLOC_027725	8004.47	8971.61	13348	6679.49
XLOC_027727	149.614	13.6168	7.05832	0
XLOC_027734	73.7327	97.4221	42.8284	56.1989
XLOC_027754	926.359	1081.9	968.252	330.642
XLOC_027756	621.115	465.531	1228.12	637.035
XLOC_027781	420.699	264.987	457.657	413.647
XLOC_027805	350.918	261.822	514.327	402.126
XLOC_027818	4675.59	4642.14	9498.36	3169.59
XLOC_027826	253.808	235.87	124.343	192.899
XLOC_027833	31.3404	0	25.4993	51.2277
XLOC_027840	4340.41	3081	4568.8	5983.37
XLOC_027853	993.724	562.196	1043.5	1018.69
XLOC_027882	354.831	193.553	110.987	324.353
XLOC_027889	260.601	164.444	112.468	118.75
XLOC_027898	1822.11	883.179	1499.42	1092.23
XLOC_027914	1200.03	691.109	1305.33	1327.22
XLOC_027925	3507.39	2775.69	5442.76	3105.17
XLOC_027954	177.878	351.069	88.35	349.953
XLOC_027960	226.89	138.348	530.117	385.308
XLOC_027969	1448.05	854.544	1574.14	1700.4
XLOC_027979	32.2756	211.179	101.767	147.006
XLOC_027987	55.9804	64.3338	39.6486	100.321
XLOC_028001	381.626	163.307	30.037	157.404
XLOC_028007	148.273	297.959	157.572	203.353
XLOC_028010	574.316	235.34	240.09	350.215
XLOC_028014	103.133	0	6.81458	0
XLOC_028017	14890.5	10378.3	22054.3	7745.18
XLOC_028018	9952.12	8450.15	22175.1	3771.69
XLOC_028019	408.412	2448.14	160.931	2059.29
XLOC_028021	143407	262156	158632	101762
XLOC_028023	1682.71	136.585	1567.4	295.238
XLOC_028024	584.264	21.6588	467.474	33.9215
XLOC_028027	401.801	514.216	768.638	515.222
XLOC_028030	105.269	113.055	60.723	174.361
XLOC_028053	5045.7	4497.48	12780.1	6909.8
XLOC_028066	38.3629	30.898	138.589	58.0913
XLOC_028070	729.272	975.393	517.021	649.483
XLOC_028078	53.4317	38.2778	54.03	86.2877
XLOC_028083	531.33	125.537	463.864	292.529
XLOC_028111	12274.2	17058	9391.33	16554.8
XLOC_028118	2994.9	501.041	3556.77	1090.59
XLOC_028122	1453	766.635	1204.95	846.336
XLOC_028161	43.0485	0	73.8457	22.9936
XLOC_028162	400.109	39.1969	396.542	109.123
XLOC_028163	891.733	263.919	986.383	446.416
XLOC_028168	64.3634	233.229	131.177	155.874
XLOC_028175	211.41	297.777	189.9	303.122
XLOC_028176	2618.91	3101.59	1598	2504
XLOC_028182	336.717	340.575	527.721	318.633
XLOC_028184	674.595	494.393	1027.46	649.861
XLOC_028186	28.0239	27.2853	90.7353	20.0462
XLOC_028187	1094.32	674.303	1024.35	351.247
XLOC_028189	0	111.29	37.9707	35.1233
XLOC_028190	1560.84	826.83	1042.29	789.446
XLOC_028199	2048.36	1104.48	2412.76	1775.37
XLOC_028224	261.017	272.044	244.763	419.483
XLOC_028245	1892.74	1784.97	2374.12	1981.25
XLOC_028257	149.16	96.9732	141.201	199.059
XLOC_028270	752.864	551.047	800.415	1128.99
XLOC_028286	1952.78	1355.99	2039.34	1364.93
XLOC_028290	0	586.055	149.044	187.476
XLOC_028308	343.513	218.792	370.857	317.218
XLOC_028309	1099.54	397.343	745.989	325.917
XLOC_028310	154.335	66.527	156.776	48.4266
XLOC_028343	23.1385	0	440.944	143.487
XLOC_028365	5985.08	5541.14	8955.76	8716.07
XLOC_028371	208.405	56.9298	146.725	105.696
XLOC_028372	1851.78	314.402	1425.64	768.624
XLOC_028382	720.611	1196.21	400.138	410.591
XLOC_028397	13.9413	24.9149	0	48.7505
XLOC_028405	298.575	185.99	380.685	257.466
XLOC_028410	45.5295	74.4098	117.433	249.611
XLOC_028414	833.976	1772.87	1217.25	1592.03
XLOC_028421	22.2615	194.728	114.777	236.61
XLOC_028437	128.951	109.095	108.373	60.3321
XLOC_028444	29.6914	41.5359	159.057	264.072
XLOC_028448	763.587	40.2125	1108.17	282.244
XLOC_028501	1022.91	654.982	1272.93	795.727
XLOC_028523	440.598	491.071	286.623	396.177
XLOC_028547	145.014	47.3568	41.4353	137.986
XLOC_028550	118.386	126.296	371.043	260.738
XLOC_028551	262.616	153.037	368.285	214.382
XLOC_028563	761.05	3388.81	1239.05	1809.94
XLOC_028584	74.3837	79.9443	79.6051	221.328
XLOC_028589	106.222	0	267.714	30.299
XLOC_028593	447.575	307.428	198.313	360.468
XLOC_028600	25.6766	138.937	21.9006	73.5162
XLOC_028625	315.23	382.186	914.487	199.89
XLOC_028637	156.678	52.7837	225.581	101.817
XLOC_028638	1075.41	1341.97	1436.01	2056.48
XLOC_028641	1037.45	989.835	1209.34	1970.85
XLOC_028644	964.255	380.377	1040.31	991.927
XLOC_028660	602.624	943.994	77.2145	1038.4
XLOC_028673	199.037	524.073	401.937	323.008
XLOC_028695	503.777	193.91	364.831	324.871
XLOC_028739	1572.13	1515.25	1270.3	1287.32
XLOC_028767	314.732	335.809	256.687	433.101
XLOC_028778	1.33	0	2.54811	12.9605
XLOC_028779	7.44139	0	13.1884	33.3385
XLOC_028783	626.995	214.647	1121.36	680.731
XLOC_028798	290.646	263.286	355.695	214.029
XLOC_028803	1410.43	1135.31	1805.26	871.074
XLOC_028823	183.287	162.987	403.185	208.905
XLOC_028825	458.561	284.947	677.531	347.886
XLOC_028829	26.4814	0	40.8664	43.2997
XLOC_028838	6557.85	9585.9	9029.1	8390.4
XLOC_028922	409.55	206.328	346.081	244.779
XLOC_028923	8.68173	169.024	137.189	479.952
XLOC_028924	3.18023	453.574	122.167	1186.68
XLOC_028925	581.314	2427.59	2356.07	3652.69
XLOC_028926	0	156.518	63.2266	340.252
XLOC_028927	0	410.879	88.3791	581.343
XLOC_028928	0	57.824	33.9475	123.611
XLOC_028929	5576.56	3711.4	5648.59	2109.34
XLOC_028930	498.463	1954.62	266.991	432.681
XLOC_028977	1036.39	694.371	1156.32	1109.23
XLOC_028981	1862.51	1705.25	2856.39	1510.66
XLOC_028986	1697.26	2206.91	4270.47	954.124
XLOC_028988	462.257	725.9	1394.46	359.292
XLOC_028998	73.9784	0	38.6276	131.332
XLOC_029001	212.222	87.4145	228.655	109.17
XLOC_029009	499.304	362.675	454.303	465.349
XLOC_029020	1989.63	833.469	1490.41	985.109
XLOC_029025	2082.44	527.199	2048.64	1018.73
XLOC_029029	484.429	139.396	828.116	149.991
XLOC_029030	136.579	70.8391	224.386	109.855
XLOC_029036	26.9888	0	40.6559	26.0441
XLOC_029068	412.474	223.218	327.788	161.023
XLOC_029075	12.2739	40.9806	11.887	17.4978
XLOC_029093	400.11	339.271	215.372	234.457
XLOC_029108	90.1237	77.1544	151.32	103.481
XLOC_029137	53.9265	0	0	226.25
XLOC_029173	328.627	293.038	227.379	528.669
XLOC_029176	303.745	505.054	340.277	0
XLOC_029242	459.482	395.722	646.121	540.154
XLOC_029244	81.9786	37.7379	19.7304	28.752
XLOC_029252	491.757	411.293	175.706	314.028
XLOC_029253	0	163.139	0	783.913
XLOC_029276	108.01	137.339	316.429	112.15
XLOC_029282	107.252	48.1581	88.5963	44.4836
XLOC_029286	0	436.526	131.667	776.754
XLOC_029308	531.776	465.118	665.008	415.85
XLOC_029330	167.746	82.1803	134.393	156.96
XLOC_029331	2541.05	1708.35	2543.89	1898.8
XLOC_029343	11503.8	11778.8	12921.3	7947.83
XLOC_029344	120.623	49.7847	285.367	35.1416
XLOC_029391	257.634	108.926	321.357	164.551
XLOC_029399	244.455	376.843	913.68	1070.42
XLOC_029438	341.493	163.725	452.736	164.322
XLOC_029439	669.893	535.073	963.532	467.709
XLOC_029453	301.228	407.583	442.011	269.928
XLOC_029463	4322.9	1065.94	9850.55	3971.51
XLOC_029465	175.584	235.436	0	303.319
XLOC_029479	150.034	277.902	103.316	267.19
XLOC_029480	707.115	570.832	504.619	938.078
XLOC_029489	103.9	36.0134	160.995	40.1528
XLOC_029505	43.1983	11.5075	76.6861	136.244
XLOC_029509	349.609	214.345	508.098	264.71
XLOC_029516	146.499	91.2166	183.295	87.202
XLOC_029521	351.218	197.299	316.792	316.045
XLOC_029528	407.403	274.35	479.027	312.314
XLOC_029538	219.981	332.496	298.948	165.951
XLOC_029634	210.097	131.111	359.884	210.459
XLOC_029672	122.325	69.8691	238.442	223.495
XLOC_029687	825.944	563.216	956.207	1213.34
XLOC_029713	1744.99	1183.41	1983.03	1557.56
XLOC_029721	2053.9	1256.84	2313.51	1326.47
XLOC_029723	5803.51	4646.19	11080	4089.36
XLOC_029754	2880.96	1257.41	2554.58	1182.69
XLOC_029818	235.245	48.8343	110.133	583.894
XLOC_029825	82.9502	121.18	85.3963	176.157
XLOC_029826	5063.72	2339.34	5108.85	74.8583
XLOC_029832	2689.89	1340.75	1516.97	1077.61
XLOC_029833	2587.62	4595.81	1205.62	1892.56
XLOC_029834	1509.49	1056.95	667.099	1057.48
XLOC_029838	111.005	134.645	103.43	234.847
XLOC_029842	327.741	353.984	273.787	461.391
XLOC_029848	0	194.803	119.887	385.475
XLOC_029853	425.109	765.195	571.878	320.673
XLOC_029878	123.1	105.467	311.35	91.3745
XLOC_029881	1023.13	393.575	2047.9	716.493
XLOC_029885	175.017	175.638	33.6446	249.817
XLOC_029887	2918.49	10054.2	4278.88	5568.59
XLOC_029897	700.793	1073.69	816.92	1678.74
XLOC_029899	4.28144	0	52.5127	24.8955
XLOC_029928	0	48.7858	12.9478	214.788
XLOC_029934	517.072	673.139	1117.25	669.484
XLOC_029940	0	5.76927	123.847	12.9364
XLOC_029942	11.3087	46.7817	0	144.63
XLOC_029944	1417.13	420.812	923.656	450.588
XLOC_029960	34.0273	44.9878	85.8474	87.8151
XLOC_029961	88.9046	141.334	191.348	274.952
XLOC_029995	299.255	0	87.8526	36.6224
XLOC_030003	499.087	648.919	286.372	112.544
XLOC_030015	759.749	495.077	4912.96	792.849
XLOC_030018	2079.85	3149.57	1911.39	1975.23
XLOC_030021	1468.11	940.261	1618.29	1555.89
XLOC_030040	145.834	223.353	187.513	248.266
XLOC_030041	7946.16	7280.51	10334.4	6280.2
XLOC_030043	1267.45	1051.62	715.617	909.051
XLOC_030066	220.715	443.571	244.896	352.772
XLOC_030110	339.019	132.902	206.507	154.117
XLOC_030112	126.301	452.952	216.45	348.184
XLOC_030164	9039.59	12355.7	16353.9	13307.3
XLOC_030178	137.406	71.4936	172.331	126.055
XLOC_030179	60.469	92.8699	79.6218	188.879
XLOC_030184	70.895	133.901	86.5153	93.9117
XLOC_030217	209.132	153.935	232.315	101.593
XLOC_030245	33.3358	141.83	44.7959	88.8414
XLOC_030246	169.659	710.225	580.174	618.945
XLOC_030249	173.297	128.411	222.121	128.638
XLOC_030263	457.658	2624.1	283.622	1189.17
XLOC_030266	125.011	128.173	164.487	238.666
XLOC_030274	128.536	147.085	161.015	82.9247
XLOC_030307	4998.82	6009.2	5878.02	4004.67
XLOC_030319	1447.7	2008.55	2212.18	2971.66
XLOC_030320	160.438	105.373	147.174	205.55
XLOC_030327	323.219	216.581	349.734	185.723
XLOC_030348	62.008	23.2517	147.606	184.953
XLOC_030351	1512.75	1066.31	1061.6	796.557
XLOC_030390	321.543	197.713	270.25	155.562
XLOC_030407	253.291	195.742	191.628	99.5403
XLOC_030410	172.556	136.315	238.737	123.287
XLOC_030414	23.2645	37.1725	0	0
XLOC_030416	426.419	470.329	1146.36	193.024
XLOC_030432	46.8669	41.9607	140.927	21.8423
XLOC_030487	168.659	85.9509	110.453	84.9615
XLOC_030499	1510.77	1741.19	1389.93	2242.39
XLOC_030513	57.9914	135.098	63.7875	41.4546
XLOC_030515	0	153.572	40.5766	0
XLOC_030530	1073.48	674.313	1675.39	679.951
XLOC_030538	1112.68	500.998	460.309	436.093
XLOC_030543	4462.32	3251.06	5878.97	3096.52
XLOC_030557	395.5	132.96	311.041	214.012
XLOC_030561	742.256	1470.5	1122.11	891.918
XLOC_030570	207.067	917.093	162.442	272.949
XLOC_030571	742.01	978.082	511.184	604.007
XLOC_030583	0	327.211	73.397	198.658
XLOC_030599	138.927	100.764	25.0016	136.077
XLOC_030605	662.722	436.136	871.528	650.084
XLOC_030607	249.413	182.522	307.697	136.562
XLOC_030636	76.1185	142.248	100.657	175.664
XLOC_030644	0	360.666	0	37.9422
XLOC_030650	511.406	925.793	450.806	771.987
XLOC_030658	135.884	106.511	161.564	304.123
XLOC_030694	3122.97	1613.26	2132.32	2745.05
XLOC_030696	135.978	76.3824	57.2606	88.2169
XLOC_030702	415.844	225.342	364.346	620.096
XLOC_030705	26.0171	3.38134	21.9887	76.6311
XLOC_030706	29.2598	8.55463	19.4693	45.4316
XLOC_030709	698.078	338.92	680.027	882.658
XLOC_030715	2812.93	941.544	1693.03	308.97
XLOC_030730	241.859	226.881	254.83	164.589
XLOC_030735	203.316	10.3872	100.628	114.363
XLOC_030737	270.289	458.229	347.79	333.319
XLOC_030762	259.681	36.7911	213.648	39.8752
XLOC_030764	1753.7	455.443	2802.66	137.657
XLOC_030783	3043.7	705.778	3460.3	687.272
XLOC_030784	6858.29	1801.05	9285.93	1445.09
XLOC_030785	230.005	1.61334	644.268	90.7613
XLOC_030786	750.073	104.181	845.713	145.983
XLOC_030795	268.108	144.702	306.817	274.35
XLOC_030806	425.834	673.429	487.318	381.748
XLOC_030820	11704.2	7603.86	14604	13983.1
XLOC_030856	130.313	399.588	73.1652	541.176
XLOC_030888	116.138	85.0102	0	74.5177
XLOC_030914	138.488	270.413	145.825	191.179
XLOC_030921	192.809	468.637	104.856	358.547
XLOC_030950	2934.57	1489.15	2076.39	1876.55
XLOC_030956	1488.82	2992.7	801.783	2071.22
XLOC_030977	1256.96	492.383	1371.33	618.933
XLOC_030978	2691.18	642.086	3598.87	1847.03
XLOC_031008	141.663	255.162	311.815	229.263
XLOC_031039	69.6209	28.899	115.5	25.2197
XLOC_031069	220.647	429.319	360.885	61.5955
XLOC_031127	5120.78	4468.78	4483.09	3171.86
XLOC_031146	90.8956	364.188	89.8782	503.474
XLOC_031149	52.1174	1679.4	282.408	590.931
XLOC_031153	9873.6	13691.5	12149.7	11623.9
XLOC_031162	222.326	281.177	230.232	535.921
XLOC_031179	207.241	132.894	280.054	144.896
XLOC_031182	91.6955	0	121.882	9.78714
XLOC_031186	1817.45	1999.51	1641.2	3024.07
XLOC_031188	519.272	307.504	539.046	249.764
XLOC_031191	1447.28	742.813	786.925	684.402
XLOC_031196	163.904	99.6566	177.258	185.808
XLOC_031197	1582.8	2556.03	1301.6	1467.78
XLOC_031198	593.381	928.352	192.791	272.018
XLOC_031216	98.6965	316.385	8.39842	651.853
XLOC_031230	746.543	458.833	707.239	645.295
XLOC_031233	186.042	169.039	57.2181	146.823
XLOC_031234	91.9765	121.262	76.36	182.27
XLOC_031239	236.209	564.133	329.132	934.227
XLOC_031252	136.696	34.0985	63.2034	309.348
XLOC_031263	12.8785	0	13.9624	29.2999
XLOC_031270	124.039	167.897	147.494	21.4339
XLOC_031273	1226.46	221.095	980.203	484.688
XLOC_031275	579.115	153.725	839.303	698.326
XLOC_031280	306.335	207.254	309.17	234.117
XLOC_031282	117.239	43.3247	190.06	78.6628
XLOC_031286	3.3329	29.5772	0	16.362
XLOC_031331	37.8583	108.367	126.614	80.2876
XLOC_031348	115.66	11.5656	56.6121	0
XLOC_031349	4750.17	3194.23	8471.02	4357.64
XLOC_031350	254.894	81.0791	706.685	100.611
XLOC_031355	1369.55	406.809	1146.76	1077.94
XLOC_031356	0	84.9484	157.286	112.415
XLOC_031367	896.394	753.15	1185.01	598.534
XLOC_031376	547.171	377.356	142.422	210.328
XLOC_031384	864.271	1046.12	639.449	1063.72
XLOC_031396	2951	1443.55	2603.44	801.333
XLOC_031436	364.225	1517.1	694.202	633.503
XLOC_031453	543.556	375.548	233.568	226.413
XLOC_031466	0	38.4758	0	25.6482
XLOC_031469	1345.16	2556.52	1840.17	3779.03
XLOC_031507	695.526	1686.33	150.402	887.316
XLOC_031539	59827.3	41022.9	78090.8	53767.6
XLOC_031574	643.228	576.518	436.905	401.283
XLOC_031576	411.978	158.163	212.55	194.771
XLOC_031578	1046.29	538.144	1623.38	595.564
XLOC_031598	793.478	801.82	1577.07	512.461
XLOC_031599	364.917	476.717	957.702	432.221
XLOC_031601	34984.9	28512.7	36776.5	23062.2
XLOC_031618	206.854	222.84	704.149	0
XLOC_031619	485.248	51.23	94.3722	139.334
XLOC_031627	3169.11	1562.06	2611.42	2202.97
XLOC_031628	80.3025	285.011	0	246.028
XLOC_031630	276.76	103.168	179.411	55.5891
XLOC_031646	183.556	99.6714	236.502	164.416
XLOC_031647	5391.51	5177.95	4441.93	3347.16
XLOC_031648	15419.5	8751.61	11500.6	10875.5
XLOC_031671	602.605	561.654	361.817	948.637
XLOC_031672	145.848	355.287	126.752	189.686
XLOC_031675	1841.8	726.067	2367.65	1342.86
XLOC_031676	1069.09	1152.65	1999.83	2390.58
XLOC_031692	155.941	269.685	115.361	177.325
XLOC_031699	559.919	0	424.225	0
XLOC_031710	36.5281	1149.29	209.251	1262.55
XLOC_031712	256.576	236.954	256.123	177.206
XLOC_031731	115.83	99.2508	118.075	176.665
XLOC_031735	2694.32	1716.74	2353.14	1744.46
XLOC_031736	209.994	470.548	154.579	129.453
XLOC_031743	200.4	160.871	238.829	318.632
XLOC_031747	1307.26	715.144	728.345	279.707
XLOC_031749	257.493	217.701	486.292	294.351
XLOC_031753	1987.23	3009.35	2801.62	2366.84
XLOC_031754	1274.15	2155.16	1857.13	1296.43
XLOC_031777	170.824	122.127	543.241	101.216
XLOC_031778	1546.54	2634.03	8996.62	652.041
XLOC_031779	1959.27	4679.08	7382.36	798.904
XLOC_031788	490.877	40.1054	594.14	86.1239
XLOC_031809	242.274	97.351	231.588	181.358
XLOC_031817	38.003	24.4559	0	49.1742
XLOC_031824	308.272	489.454	303.022	313.153
XLOC_031837	792.521	876.698	1667.89	687.616
XLOC_031864	160.502	206.441	138.897	232.024
XLOC_031867	213.654	89.8013	218.896	228.383
XLOC_031881	105.604	181.122	51.2871	94.3883
XLOC_031889	649.619	825.343	692.782	309.925
XLOC_031897	19714	6415.15	18225.9	1551.06
XLOC_031937	141.049	138.173	210.356	97.1018
XLOC_031938	666.372	229.672	1250.62	354.671
XLOC_031940	142.87	105.789	193.708	142.787
XLOC_031941	345.056	369.912	244.378	264.31
XLOC_031950	90.7554	108.415	34.5206	135.031
XLOC_031957	780.561	314.797	572.571	543.308
XLOC_031960	1006.65	1647.94	986.052	968.259
XLOC_031968	91.6551	78.5187	152.784	91.5756
XLOC_031980	642.203	452.151	388.809	336.602
XLOC_031990	376.68	92.5452	191.898	146.005
XLOC_031991	699.164	516.599	1250.01	675.346
XLOC_032000	5198.16	5632.74	6774.38	4613.38
XLOC_032018	61.0417	42.7572	150.424	45.6033
XLOC_032025	132.953	187.376	36.6694	35.8864
XLOC_032027	173.138	252.632	217.925	114.675
XLOC_032046	1753.34	1072.64	1844.74	483.608
XLOC_032052	211.762	353.23	260.216	231.134
XLOC_032086	2242.42	2416.69	898.669	1144.56
XLOC_032096	433.512	489.091	928.063	229.578
XLOC_032106	61.9818	59.0042	40.6905	21.8083
XLOC_032108	871.12	776.202	555.574	284.864
XLOC_032111	164.974	157.243	96.7208	61.4448
XLOC_032112	163.893	68.6433	59.9627	37.2459
XLOC_032149	3612.15	1726.68	2317.46	1915.43
XLOC_032161	151.896	114.533	219.662	155.313
XLOC_032163	149.66	91.0534	175.709	129.926
XLOC_032165	46.6351	27.339	63.3033	76.5205
XLOC_032187	2153.94	2325.75	1246.5	4138.1
XLOC_032189	16.614	75.0874	975.831	39.7689
XLOC_032190	16.7788	8.56422	32.0783	0
XLOC_032191	7.81257	4.7542	17.9324	0
XLOC_032192	0	12.3705	67.7262	5.71451
XLOC_032194	49.8013	34.6447	87.1582	23.0917
XLOC_032197	32321.2	6326.05	41768.4	15965.2
XLOC_032199	84.6989	36.0135	129.203	45.5459
XLOC_032201	64.8287	15.5175	182.621	34.7311
XLOC_032202	149.969	205.756	1252.85	742.282
XLOC_032208	3.75744	0	1.88673	29.3708
XLOC_032218	1707.27	1562.34	3221.84	5278.82
XLOC_032255	37.7491	14.7256	0	11.3141
XLOC_032261	864.183	248.867	339.811	589.493
XLOC_032264	376.231	2858.11	650.301	1523.62
XLOC_032265	80.2163	171.787	59.616	84.9192
XLOC_032273	251.893	175.317	215.224	84.3481
XLOC_032274	380.461	253.949	255.113	222.972
XLOC_032286	1280.68	2350.32	1382.19	1321.63
XLOC_032293	1399.48	250.693	1098.08	550.793
XLOC_032295	1138.95	214.815	1346.59	466.699
XLOC_032296	36.5913	22.6518	0	77.3144
XLOC_032299	366.863	492.109	289.324	368.148
XLOC_032313	345.933	194.259	247.023	295.181
XLOC_032341	27620.4	4503.35	32801.1	10069.3
XLOC_032342	79.4541	0	34.1488	12.6343
XLOC_032451	247.902	171.378	244.569	125.612
XLOC_032477	147.763	344.137	283.142	98.9602
XLOC_032482	64.1118	168.374	96.8544	52.8349
XLOC_032504	64102.9	22477.3	63106.8	36997.2
XLOC_032506	9516.82	1407.35	4768.67	1312.35
XLOC_032511	183.071	486.535	232.06	225.279
XLOC_032545	133.913	167.465	149.32	209.854
XLOC_032546	2178.1	873.118	1265.46	1366.39
XLOC_032568	347.349	100.319	293.217	219.871
XLOC_032590	148.882	363.69	202.767	213.704
XLOC_032591	80.667	174.377	101.004	104.999
XLOC_032597	1036.83	177.79	1360.67	309.901
XLOC_032600	52.6963	35.5482	64.7147	86.8024
XLOC_032604	0	8.0105	65.3233	26.877
XLOC_032608	149.236	236.437	151.058	329.731
XLOC_032609	69.5009	91.4258	50.5067	105.253
XLOC_032613	420.907	51.1035	334.787	9.44806
XLOC_032614	785.873	117.656	427.482	20.0481
XLOC_032623	408.836	244.77	334.591	125.03
XLOC_032645	146.35	272.417	292.83	411.536
XLOC_032659	4251.76	1504.38	5524.98	1622.05
XLOC_032661	2983.59	3272.89	4408.25	5822.52
XLOC_032706	1647.94	1623.45	2020.13	1447.91
XLOC_032709	304.483	271.353	78.7376	0
XLOC_032718	293.318	130.703	391.543	154.995
XLOC_032724	361.439	195.347	294.718	380.374
XLOC_032728	129.8	48.5417	643.658	16.4789
XLOC_032731	537.772	799.29	812.105	544.265
XLOC_032742	326.092	946.989	373.513	416.257
XLOC_032746	215.059	115.86	165.628	139.187
XLOC_032757	682.982	2332.26	1437.38	975.197
XLOC_032775	177.454	190.812	135.706	234.592
XLOC_032798	1026.74	641.322	1929.78	949.147
XLOC_032808	766.653	846.138	839.223	1607.95
XLOC_032835	1142.28	1461.05	2340.29	624.352
XLOC_032841	664.409	915.975	1190.44	481.495
XLOC_032851	1938.44	3104.96	2502.65	2573.41
XLOC_032869	235.867	132.637	138.366	116.813
XLOC_032877	1085	2456.63	708.699	2062.45
XLOC_032899	499.168	287.134	332.52	337.85
XLOC_032900	2054.9	542.229	1689.64	930.857
XLOC_032935	240.52	0	77.0966	0
XLOC_032936	80.9616	0	3.47033	0
XLOC_032976	96.8915	349.178	367.543	254.189
XLOC_032989	1001.7	570.562	919.848	550.353
XLOC_033060	175.583	53.413	284.718	32.7013
XLOC_033067	185.469	140.311	266.218	404.043
XLOC_033107	189.752	109.536	169.134	333.816
XLOC_033130	157.895	152.024	127.667	270.724
XLOC_033152	304.173	321.861	158.308	443.862
XLOC_033156	15.2182	1226.2	10.142	2430.84
XLOC_033157	0	899.239	63.9671	2202.39
XLOC_033158	84.9639	1671.24	105.738	2436.68
XLOC_033159	115.508	298.484	33.8684	300.574
XLOC_033165	24.6987	45.5319	70.3567	74.6214
XLOC_033169	462.727	474.268	294.043	576.711
XLOC_033190	57.8082	91.7837	46.5767	44.4628
XLOC_033210	104.583	43.6033	244.796	32.3674
XLOC_033213	0	280.97	169.685	46.3884
XLOC_033238	120.583	45.0336	37.701	185.71
XLOC_033268	81.6396	145.493	91.0204	107.45
XLOC_033269	0	8.7197	11.192	78.7912
XLOC_033306	246.104	250.836	707.849	315.724
XLOC_033308	886.287	927.422	1353.53	519.611
XLOC_033311	59.0028	76.9022	108.898	41.9298
XLOC_033351	1290.41	475.989	1263.83	523.896
XLOC_033352	19255.6	11363.3	20384.2	12452.3
XLOC_033355	535.105	315.892	191.163	144.875
XLOC_033356	685.673	328.018	530.244	213.279
XLOC_033357	1185.19	279.388	512.554	225.771
XLOC_033358	0	39.9081	122.555	56.715
XLOC_033363	441.847	375.722	741.019	372.825
XLOC_033371	257.061	160.314	365.6	302.058
XLOC_033378	464.653	1073.28	689.581	895.456
XLOC_033383	178.023	116.748	203.481	57.5341
XLOC_033434	213.887	449.731	173.969	263.646
XLOC_033443	91.4968	33.0817	121.511	140.102
XLOC_033449	251.489	118.505	531.68	161.029
XLOC_033452	902.825	199.639	684.697	82.9308
XLOC_033462	133.646	113.954	318.475	156.531
XLOC_033471	50.7901	90.2142	44.0746	65.7564
XLOC_033476	465.698	473.418	738.743	422.103
XLOC_033478	338.747	470.475	143.661	26.9198
XLOC_033552	903.798	788.39	1614.44	1063.77
XLOC_033560	0	24.9424	1.4198	19.4493
XLOC_033562	28.2603	87.0675	68.3089	138.54
XLOC_033563	109.798	6.13303	24.8883	4.80814
XLOC_033570	0	0	4.94447	39.1929
XLOC_033575	3591.61	4005.78	4613.86	3404.59
XLOC_033576	1784.94	776.549	690.369	924.002
XLOC_033598	0	83.7507	517.215	182.075
XLOC_033599	236.823	15.0837	81.3336	44.6492
XLOC_033604	142.068	128.039	86.89	203.223
XLOC_033609	727.128	339.501	1132.77	289.967
XLOC_033612	0	35.5209	2.59029	29.3951
XLOC_033618	512.536	92.0909	241.615	116.521
XLOC_033626	497.184	274.496	380.925	193.091
XLOC_033627	928.691	1328.26	1404.61	700.219
XLOC_033629	391.6	168.886	525.187	300.787
XLOC_033636	229.324	153.912	413.141	316.302
XLOC_033640	198.652	88.9706	113.129	128.691
XLOC_033641	36.8404	13.9535	76.7493	328.68
XLOC_033642	41.3056	12.4286	34.0218	102.227
XLOC_033643	34.0518	13.5355	52.8292	64.6826
XLOC_033645	165.358	45.6286	114.15	78.2896
XLOC_033656	51.13	93.6231	145.285	22.0558
XLOC_033679	102.92	189.901	42.8186	116.957
XLOC_033681	91.231	99.6343	82.4488	140.152
XLOC_033689	1834.31	1060.3	2971.15	863.867
XLOC_033691	178.216	111.11	693.301	113.843
XLOC_033715	574.423	1895.72	217.299	747.479
XLOC_033719	166.794	121.617	136.872	257.367
XLOC_033727	103.352	204.654	81.1969	108.617
XLOC_033728	115.057	107.555	63.2574	207.53
XLOC_033729	87.5242	94.6835	113.852	33.5231
XLOC_033747	63.9248	0	22.5349	3.51959
XLOC_033765	2730.87	2579.89	4983.43	3905.85
XLOC_033770	331.857	313.895	146.678	196.028
XLOC_033771	395.26	457.126	216.722	373.706
XLOC_033792	1971.58	1063.83	710.73	1420.3
XLOC_033795	299.998	465.286	209.353	325.045
XLOC_033798	454.865	628.129	829.14	377.173
XLOC_033799	408.56	363.457	986.093	357.269
XLOC_033802	224.884	94.9353	447.246	133.492
XLOC_033841	25.5465	33.3899	0	40.5948
XLOC_033842	91.6731	132.768	70.481	87.4933
XLOC_033844	1264.76	540.441	1255.22	546.638
XLOC_033847	52.1692	129.645	79.0774	305.919
XLOC_033852	305.826	253.676	440.803	441.058
XLOC_033860	935.865	688.046	1642.71	1079.09
XLOC_033861	80.3694	84.9003	232.83	298.107
XLOC_033895	20.1685	103.003	34.8826	91.5116
XLOC_033897	249.964	319.796	272.581	422.159
XLOC_033902	9588.42	5497.08	7738.58	4036.42
XLOC_033905	716.282	1885.02	1237.05	1286.39
XLOC_033920	177.457	463.567	14.132	232.812
XLOC_033926	425.905	228.011	109.244	320.936
XLOC_033928	535.261	590.109	841.137	367.372
XLOC_033931	18.9692	0	2.05636	0
XLOC_033932	191.718	43.1042	47.5022	26.849
XLOC_033934	0	11.3744	0	53.8225
XLOC_033935	11172.7	827.795	2281.22	582.717
XLOC_033942	3382.79	1450.98	1582.12	528.578
XLOC_033946	505.922	319.067	897.907	197.714
XLOC_033950	791.286	756.746	1076.43	1822.73
XLOC_033956	9985.68	7006.2	18392.4	9837.74
XLOC_033974	132.314	167.034	170.614	242.994
XLOC_034002	339.378	36.5181	806.469	303.765
XLOC_034025	1383.45	93.9629	992.815	959.827
XLOC_034028	139.063	17.706	96.4787	92.1159
XLOC_034050	375.567	173.747	24.86	236.86
XLOC_034113	1606.21	1074.52	1880.35	1793.51
XLOC_034116	3455.86	1890.9	3000.87	980.39
XLOC_034139	124.247	62.7796	301.253	193.817
XLOC_034146	239.763	154.821	292.887	228.354
XLOC_034147	833.908	1486.6	646.788	1116.12
XLOC_034160	5606.6	835.44	3885.32	1044.58
XLOC_034163	666.93	29.5868	223.955	144.308
XLOC_034167	2814.24	1202.53	2680.07	1458.7
XLOC_034171	247.447	226.518	386.003	80.1445
XLOC_034172	52.1396	56.3713	138.072	72.3694
XLOC_034179	17.9292	2.08436	99.8272	0
XLOC_034182	109.093	84.8261	126.266	227.688
XLOC_034277	44.2695	14.6841	58.7411	17.5962
XLOC_034280	98.0575	356.147	216.439	19.9143
XLOC_034281	373.739	216.983	467.068	181.064
XLOC_034284	492.98	98.827	603.114	338.783
XLOC_034294	1516.67	2065.67	1101.47	1996.56
XLOC_034316	241.816	157.46	432.336	311.802
XLOC_034318	84.9368	0	0	0
XLOC_034319	107.364	0	2.18428	0
XLOC_034320	202.384	0	11.4646	19.4856
XLOC_034321	141.457	415.89	366.705	780.505
XLOC_034327	181.34	143.195	261.533	145.55
XLOC_034331	458.687	714.117	832.157	675.603
XLOC_034332	135.307	120.425	271.223	137.633
XLOC_034339	105.669	156.913	219.656	130.568
XLOC_034353	240.644	389.226	174.415	240.178
XLOC_034382	1171.83	2023.53	1923.48	947.634
XLOC_034384	171.116	246.257	180.214	281.186
XLOC_034391	233.684	273.154	151.765	505.455
XLOC_034425	2567.39	1527.73	3085.37	4858.48
XLOC_034465	71.599	20.9014	56.1316	43.643
XLOC_034518	311.467	99.8461	224.324	102.871
XLOC_034529	282.786	465.693	133.932	380.056
XLOC_034569	123.901	131.404	66.983	130.587
XLOC_034579	1036.46	29.5576	266.823	42.2169
XLOC_034595	29.706	78.6016	15.9643	47.2264
XLOC_034597	782.645	439.904	853.299	930.306
XLOC_034598	2784.5	6604.42	2486.71	6418.04
XLOC_034599	205.645	210.833	229.717	358.563
XLOC_034632	270.611	964.629	498.252	1022.37
XLOC_034635	2140.26	1771.81	5313.49	2629.59
XLOC_034636	13.6478	52.8437	93.4311	26.0947
XLOC_034658	3037.19	2884.01	3871.46	1499.76
XLOC_034689	209.349	237.181	371.714	399.885
XLOC_034693	288.72	129.489	72.4368	463.76
XLOC_034732	203.152	122.671	56.9063	126.064
XLOC_034754	269.684	344.077	140.762	176.74
XLOC_034755	408.56	662.355	239.746	506.658
XLOC_034762	353.206	401.703	576.23	222.039
XLOC_034766	443.251	424.429	817.044	728.305
XLOC_034768	59.7355	0	0	15.7926
XLOC_034774	230.913	72.8176	274.01	136.019
XLOC_034775	1535.42	890.916	2674.27	731.097
XLOC_034839	361.097	416.438	124.597	125.675
XLOC_034851	2239.84	2466.58	4095.97	3632.74
XLOC_034875	319.753	0	171.114	209.995
XLOC_034979	45.9793	1446.24	69.7097	2234.25
XLOC_034980	678.797	14102.9	387.27	17515.8
XLOC_034981	207.539	970.161	68.631	817.846
XLOC_034982	578.298	0	124.339	0
XLOC_035067	424.358	180.777	677.354	202.548
XLOC_035072	426.224	0	156.586	29.3359
XLOC_035074	112.773	149.846	437.674	167.692
XLOC_035076	274.999	683.76	242.816	404.16
XLOC_035080	206.761	255.144	154.176	306.983
XLOC_035084	6.74919	6.03025	75.3302	0
XLOC_035086	83.5656	148.496	945.4	88.2668
XLOC_035096	1330.63	267.261	898.84	187.539
XLOC_035113	437.243	11.5655	48.187	0
XLOC_035124	1161.57	140.058	509.848	155.163
XLOC_035125	2391.48	467.854	1215.04	247.738
XLOC_035126	320.027	51.3617	158.306	17.2058
XLOC_035127	0	48.8	158.194	164.539
XLOC_035132	3.15552	0	29.0979	18.1524
XLOC_035145	71.6382	135.53	66.6124	68.4782
XLOC_035158	20.431	75.2091	51.5152	324.504
XLOC_035160	174.168	108.063	267.626	153.183
XLOC_035167	466.166	1062.83	633.494	594.695
XLOC_035190	483.162	401.517	627.114	941.977
XLOC_035191	129.228	69.7501	310.668	100.896
XLOC_035193	31.2412	25.6777	153.599	67.3733
XLOC_035194	478.982	249.423	1280.86	121.006
XLOC_035195	97.1662	29.7693	521.624	147.936
XLOC_035200	327.532	65.1309	135.308	89.9876
XLOC_035206	9333.71	6901.43	11244.7	6453.87
XLOC_035212	73.5193	272.285	47.1349	72.0773
XLOC_035216	571.392	291.173	1457.96	560.135
XLOC_035227	279.332	251.905	386.275	244.142
XLOC_035266	46898.9	80248.9	123609	64680.3
XLOC_035285	120.927	106.407	159.934	235.457
XLOC_035286	47.9526	67.4184	68.5657	108.251
XLOC_035296	187.756	565.633	244.849	153.47
XLOC_035298	10.4307	17.9564	0	4.41618
XLOC_035303	90.357	164.387	127.636	307.72
XLOC_035311	2416.16	252.585	6305.03	2852.14
XLOC_035328	5027.85	2520.23	4467.4	2700.89
XLOC_035329	1554.44	323.378	1822.95	543.764
XLOC_035357	211.522	163.15	434.768	431.519
XLOC_035360	132.763	256.258	1529.98	32.3411
XLOC_035361	21.4568	23.0447	319.132	20.5452
XLOC_035363	1273.64	1480.21	9296.5	312.065
XLOC_035365	18.851	14.0147	47.1696	0
XLOC_035366	92.6184	151.395	676.134	33.951
XLOC_035368	299.483	312.402	1625.95	149.825
XLOC_035370	867.483	836.18	1204.99	407.026
XLOC_035371	1128.43	739.777	2344.43	616.502
XLOC_035373	1.52715	12.1446	0	2.79436
XLOC_035375	200.837	422.75	205.339	587.139
XLOC_035467	1.41516	3.10631	0	9.6472
XLOC_035478	95.6331	93.0329	245.012	131.894
XLOC_035492	122.411	287.482	312.268	414.417
XLOC_035493	102.592	204.79	165.935	310.861
XLOC_035497	282.767	201.213	292.644	415.759
XLOC_035498	328.454	377.748	251.298	380.079
XLOC_035519	8.24668	114.659	0	55.7086
XLOC_035528	452.298	61.7834	365.188	87.8682
XLOC_035529	1373.25	328.878	1334	371.636
XLOC_035545	121.002	96.5667	103.764	47.3207
XLOC_035559	71.3519	38.3394	11.7068	0
XLOC_035571	429.373	346.076	287.074	232.112
XLOC_035575	11758.6	7385.7	8811.52	8757.34
XLOC_035583	643.771	468.329	910.559	418.505
XLOC_035585	1324.75	864.087	1315.79	681.193
XLOC_035587	73.4548	26.359	51.136	50.6592
XLOC_035589	80.3754	40.9572	139.687	85.6078
XLOC_035590	1445.15	1558.62	1825.08	675.816
XLOC_035592	153.065	63.7518	227.714	58.1969
XLOC_035603	0	38.2992	111.037	193.068
XLOC_035614	174.969	0	252.192	8.40831
XLOC_035616	776.276	618.79	1196.77	983.842
XLOC_035632	52.6057	175.222	105.762	116.221
XLOC_035646	27.0692	0	0	0
XLOC_035649	400.556	128.099	286.108	233.84
XLOC_035652	0	42.7279	421.589	283.826
XLOC_035694	269.219	703.336	134.755	188.565
XLOC_035702	1542.05	1022.88	1240.87	550.561
XLOC_035706	568.039	657.291	1651.81	712.169
XLOC_035731	63.4211	82.1652	0	407.483
XLOC_035739	77.2013	43.8903	80.3203	23.1263
XLOC_035743	512.746	393.43	428.7	310.187
XLOC_035758	432.693	770.437	375.195	657.363
XLOC_035761	313.826	218.862	401.816	276.275
XLOC_035767	61.8751	219.781	65.6416	83.3053
XLOC_035771	2691.53	1631.37	2241.05	1743.9
XLOC_035775	13.7021	23.1869	0	115.002
XLOC_035776	57.8929	105.493	61.5681	452.509
XLOC_035777	294.032	357.048	99.5995	1294.1
XLOC_035778	7.51625	15.7577	0	25.4164
XLOC_035785	36.288	65.6817	27.1265	55.5464
XLOC_035789	5409.42	6605.65	3446.44	4858.31
XLOC_035818	2014.09	705.099	2394.12	316.838
XLOC_035830	150.922	136.099	168.236	43.3984
XLOC_035837	236.916	554.428	96.8714	456.482
XLOC_035848	85.1569	360.768	39.1918	350.419
XLOC_035865	1595.01	736.442	831.236	2324.39
XLOC_035868	178.19	15.8749	372.848	0
XLOC_035869	2359.96	1119.54	5171.59	8.22283
XLOC_035870	380.314	129.552	1074.42	7.72429
XLOC_035879	196.264	267.182	105.473	176.438
XLOC_035883	39.0983	116.054	64.7949	316.774
XLOC_035884	347.825	656.434	372.552	1457.96
XLOC_035886	254.016	187.44	299.887	375.659
XLOC_035890	1574.42	472.362	2266.73	835.542
XLOC_035894	21.6749	0	8.27851	49.0561
XLOC_035897	8522.28	8408.66	5830.03	11197.4
XLOC_035913	112.499	0	255.77	0
XLOC_035933	186.955	203.142	168.871	407.847
XLOC_035939	4570.67	3835.19	5443.04	6960.55
XLOC_035969	828.379	175.34	922.653	251.096
XLOC_035972	10106.4	757.419	7103.46	527.865
XLOC_035973	337.809	15.2681	201.41	23.5877
XLOC_035975	573.619	163.485	695.42	252.615
XLOC_035991	943.601	1711.8	820.939	735.094
XLOC_035992	0	60.111	282.082	434.954
XLOC_035993	304.725	1309.76	1272.81	1946.11
XLOC_035994	314.675	960.646	1216.89	1406.88
XLOC_036009	42.1864	4.50024	0	3.56558
XLOC_036034	275.792	208.477	186.053	109.743
XLOC_036066	46.186	25.1073	158.917	119.317
XLOC_036072	302.144	1560.06	406.453	250.089
XLOC_036100	149.249	102.112	264.785	64.5369
XLOC_036105	0	7.04617	1.10909	15.3709
XLOC_036123	24.8487	0	10.0123	28.9954
XLOC_036125	175.298	91.2986	269.278	103.752
XLOC_036134	1922.05	601.861	1528.75	676.646
XLOC_036135	92.1716	358.239	501.852	0
XLOC_036150	1202.76	1364.35	823.388	1155.06
XLOC_036153	225.019	48.2763	343.77	170.761
XLOC_036154	227.74	67.4751	515.212	108.243
XLOC_036156	152.893	33.1372	61.0639	0
XLOC_036157	25.2614	0	66.5379	5.84963
XLOC_036208	77.8075	0	14.6815	61.8991
XLOC_036214	1034.41	1141.62	790.598	515.431
XLOC_036222	3254.51	233.129	365.397	784.339
XLOC_036223	374.2	25.5936	23.8213	25.0165
XLOC_036226	32.9349	4.72755	0	1.18964
XLOC_036239	80.1824	233.783	477.121	61.3594
XLOC_036240	517.686	520.037	1491.86	113.924
XLOC_036251	28.3325	58.47	163.582	22.2379
XLOC_036253	102.456	137.548	180.265	73.6923
XLOC_036262	22.4768	45.4009	19.4937	15.4684
XLOC_036288	281.394	244.273	399.055	225.688
XLOC_036302	248.906	383.5	434.28	276.315
XLOC_036304	13.0031	0	0	40.0945
XLOC_036312	50.911	11.1788	26.0432	8.5145
XLOC_036314	332.459	147.595	1002.64	47.0865
XLOC_036319	1265.6	679.561	6813.72	590.117
XLOC_036322	184.246	96.8359	131.234	64.113
XLOC_036345	706.082	1644.37	653.487	1006
XLOC_036346	30.0675	0	8.26462	88.5808
XLOC_036362	1299.75	6833.15	2011.5	6285.68
XLOC_036367	64.0529	43.047	75.7837	160.786
XLOC_036382	194.729	0	36.696	259.465
XLOC_036384	130.585	44.8533	83.0867	40.5239
XLOC_036385	31.5079	1.95707	0	14.2872
XLOC_036393	53.6946	10.3565	73.898	550.059
XLOC_036394	33.7949	19.2001	32.5959	96.9199
XLOC_036399	22.5684	0	224.5	45.6096
XLOC_036415	331.528	225.299	171.246	276.796
XLOC_036416	1499.62	1341.9	1303.08	2478.29
XLOC_036418	472.116	979.866	513.36	768.039
XLOC_036421	670.567	541.6	53.0347	803.605
XLOC_036426	403.65	353.864	551.461	903.097
XLOC_036452	94.5145	108.367	172.235	85.0436
XLOC_036454	159.753	210.117	277.344	231.117
XLOC_036458	18.4123	38.6355	39.5022	11.1259
XLOC_036470	1619.72	1111.76	2728.89	812.293
XLOC_036472	125.207	166.775	146.424	42.3644
XLOC_036473	819.667	51.8299	309.849	251.786
XLOC_036483	708.646	243.643	416.595	553.48
XLOC_036486	181.452	343.094	155.724	224.954
XLOC_036487	832.184	58.1836	885.204	192.234
XLOC_036488	469.964	135.968	713.582	202.008
XLOC_036489	78.9408	15.4612	75.5419	25.2746
XLOC_036500	171.288	106.895	118.207	221.721
XLOC_036523	0	0	1265410	0
XLOC_036532	163.319	252.665	71.5945	148.852
XLOC_036539	66.8254	65.3113	40.0815	174.392
XLOC_036541	7.75737	0	9.55255	12.5072
XLOC_036544	12273.4	14034.9	50149.5	12006.5
XLOC_036550	264.534	519.969	311.66	305.691
XLOC_036552	107.664	51.3552	78.5551	33.5148
XLOC_036569	604.457	498.597	944.252	364.326
XLOC_036570	347.576	310.954	575.142	218.082
XLOC_036571	66.2869	36.8465	193.05	72.5007
XLOC_036572	2086.58	1386.16	3935.21	1483.39
XLOC_036608	1491.72	709.174	287.083	495.037
XLOC_036612	0	419.834	245.861	144.924
XLOC_036613	91.3373	138.766	93.8538	69.369
XLOC_036617	144.207	33.644	242.545	195.868
XLOC_036640	1199.1	745.579	1046.91	899.886
XLOC_036661	780.399	458.97	441.699	137.713
XLOC_036672	308.042	292.544	138.255	499.756
XLOC_036675	94.5101	25.641	107.968	0
XLOC_036677	15661	4663.54	13951.3	5122.26
XLOC_036691	34.4582	67.4122	19.9449	16.5166
XLOC_036697	21980.3	14329.5	46543.1	12534
XLOC_036701	14340.6	14030.1	34696.7	10512.8
XLOC_036713	50.7692	19.5728	5.4474	0
XLOC_036725	118.203	179.345	211.739	307.698
XLOC_036726	125.419	21.7695	83.4885	214.372
XLOC_036728	185.624	324.735	48.6043	130.435
XLOC_036730	567.793	811.077	288.245	904.501
XLOC_036735	335.517	319.345	202.007	223.383
XLOC_036742	26.1617	43.4517	46.8147	13.8645
XLOC_036747	55.4733	265.221	335.802	0
XLOC_036748	70.0163	99.9363	499.986	7.70018
XLOC_036753	0	16.1799	2.81705	6.48338
XLOC_036757	4612.72	3173.31	2643.28	2393.75
XLOC_036763	880.586	474.086	967.577	352.71
XLOC_036768	195.496	113.818	286.086	141.972
XLOC_036805	128.493	118.406	203.75	106.61
XLOC_036806	1010.62	967.185	1572.3	890.592
XLOC_036820	35.5298	364.129	0	37.4668
XLOC_036823	368.268	665.096	76.8028	298.673
XLOC_036860	797.204	101.419	747.43	28.3747
XLOC_036866	361.305	0	1475.68	87.1205
XLOC_036869	513.097	190.076	489.853	166.448
XLOC_036889	164.024	145.398	277.794	319.251
XLOC_036901	331.987	552.868	282.144	365.508
XLOC_036910	160.797	255.614	167.149	125.805
XLOC_036917	17.7675	0	22.4476	57.9608
XLOC_036918	4.47855	0	5.77185	20.6432
XLOC_036920	0	469.1	51.4471	451.005
XLOC_036934	139.801	63.5697	85.1199	43.139
XLOC_036935	837.937	948.932	690.707	452.986
XLOC_036990	101.971	856.544	0	61.7674
XLOC_037000	101.166	39.9152	142.355	44.3154
XLOC_037001	678.988	596.737	1193.08	588.041
XLOC_037002	188.677	329.061	580.523	276.608
XLOC_037007	9.43062	0	53.4749	68.8985
XLOC_037011	7.74852	15.7229	66.5152	264.665
XLOC_037013	10182.7	16185.4	13280.1	11930.5
XLOC_037047	7.27207	61.2548	127.792	63.6852
XLOC_037049	92.5457	116.692	288.731	175.814
XLOC_037052	105.088	242.489	117.385	192.693
XLOC_037054	333.722	501.949	159.834	635.766
XLOC_037055	192.923	369.228	158.407	603.887
XLOC_037061	567.192	117.67	111.219	235.45
XLOC_037075	1942.08	964.293	465.787	1636.31
XLOC_037078	175.808	172.895	141.453	535.519
XLOC_037088	253.497	290.88	153.196	269.522
XLOC_037098	349.833	166.39	384.551	202.357
XLOC_037117	21504.8	16313.3	19987.6	12977.4
XLOC_037158	27209.8	44595.8	36691.6	23356.6
XLOC_037164	118.687	74.9208	61.3259	45.2934
XLOC_037178	82.0418	144.906	98.5402	73.2225
XLOC_037187	180.426	27.8036	89.4041	128.818
XLOC_037198	250.949	475.236	239.093	74.346
XLOC_037216	18.4012	350.29	57.6514	127.631
XLOC_037281	62.465	0	1.14155	0
XLOC_037283	70.7573	37.413	117.051	52.2551
XLOC_037295	225.444	50.246	242.989	106.789
XLOC_037307	0	37.7515	0	193.959
XLOC_037308	34.1233	57.968	0	172.611
XLOC_037309	262.221	88.2514	309.436	114.367
XLOC_037318	332.259	436.573	360.667	680.94
XLOC_037358	691.079	375.599	0	104.947
XLOC_037363	0	37.7515	133.388	0
XLOC_037370	0	120.426	0	193.587
XLOC_037372	0	19.6731	0	146.02
XLOC_037384	1006.93	582.518	1250.14	463
XLOC_037395	23.7094	25.9544	0	189.915
XLOC_037402	1866.25	217.397	1684.74	236.69
XLOC_037428	64.2755	6.4052	16.4425	0
XLOC_037456	4.00594	5.32876	68.0403	0
XLOC_037464	457.088	694.876	1068.86	926.509
XLOC_037465	31.1924	0	41.9705	95.2086
XLOC_037481	43.889	0	18.4811	62.2782
XLOC_037483	558.349	1467.89	2114	1076.75
XLOC_037502	1973.99	3141.4	2086.62	2274.54
XLOC_037506	175.391	281.038	395.772	295.609
XLOC_037510	104773	68625.2	83263.8	47317.6
XLOC_037513	201.125	232.866	757.947	45.4432
XLOC_037515	198.885	385.822	1278.23	109.951
XLOC_037516	58.7438	77.2536	502.423	24.1628
XLOC_037517	4.18065	0	0	34.8903
XLOC_037552	7678.82	6733.56	12480.9	2835.97
XLOC_037554	130.172	0	281.895	225.97
XLOC_037564	228.383	51.5148	65.9571	52.1792
XLOC_037574	61468.5	46674.4	110573	43571.2
XLOC_037578	0	115.712	462.664	28.4869
XLOC_037584	223.473	0	0	83.4511
XLOC_037592	376.096	1083.88	472.416	678.533
XLOC_037593	329.587	961.141	314.923	543.031
XLOC_037623	1038.25	2205.14	2252.92	1302.51
XLOC_037625	268.702	705.298	229.729	166.593
XLOC_037626	19.8391	224.031	52.7315	101.959
XLOC_037640	1564.34	189.379	3948.75	177.195
XLOC_037641	1191.78	639.594	3472.77	102.728
XLOC_037648	208.234	217.512	175.206	507.752
XLOC_037657	17.8455	9.49627	68.6002	0
XLOC_037674	8.40261	245.629	62.3142	751.228
XLOC_037675	965.816	920.183	1432.03	1278.96
XLOC_037694	2951.86	3010.63	1056.39	9783.01
XLOC_037695	4901.37	3164.56	2781.97	4104.25
XLOC_037696	17136.6	24883.5	8424.06	15990.6
XLOC_037704	397.393	284.644	2274.56	225.542
XLOC_037705	201.147	103.101	346.015	92.1086
XLOC_037708	874.657	1342.03	2390.91	296.639
XLOC_037715	76.7966	21.8178	115.731	49.6976
XLOC_037717	526.364	158.242	525.321	431.318
XLOC_037718	158.676	277.729	362.624	834.314
XLOC_037752	238.961	96.2438	431.614	290.292
XLOC_037755	376.185	371.146	483.727	145.9
XLOC_037757	127.156	30.513	0	39.2649
XLOC_037761	777.444	287.104	586.669	407.53
XLOC_037763	365.509	150.188	311.743	179.797
XLOC_037764	135.203	70.3305	95.3862	39.1453
XLOC_037768	241.148	167.1	290.679	177.565
XLOC_037770	76.127	145.325	83.7892	99.0611
XLOC_037785	189.315	94.7724	275.865	257.803
XLOC_037826	425.29	141.813	1541.15	109.759
XLOC_037847	450.174	0	775.127	2354.58
XLOC_037924	294199	211613	316829	200819
XLOC_037936	2079.27	883.527	496.216	699.393
XLOC_037938	126.246	30.1349	61.7546	42.4705
XLOC_037952	0	39.648	14.4603	0
XLOC_037957	307.493	521.707	515.242	1138.68
XLOC_037958	36.2496	290.801	104.737	304.717
XLOC_037962	19.0832	61.1533	48.8887	126.394
XLOC_037963	0	152.672	134.576	117.533
XLOC_037967	293.771	226.749	1475.95	172.01
XLOC_037970	68.1369	46.9318	259.519	36.2665
XLOC_037971	59.8208	53.3616	274.536	42.3737
XLOC_037973	37.8549	24.6119	109.289	35.4012
XLOC_037975	48.6776	60.478	92.0047	166.965
XLOC_037977	1410.93	1744.28	1727.37	2095.4
XLOC_037978	132.856	151.141	196.517	248.711
XLOC_037985	7.6616	0	0	46.8857
XLOC_038003	0	29.0075	84.1498	65.7063
XLOC_038044	4678.15	2344.07	8517.59	2785.41
XLOC_038047	689.129	390.825	2185.44	345.835
XLOC_038067	549.35	179.81	832.744	1449.01
XLOC_038068	1501.41	552.439	1418.74	2124.32
XLOC_038093	118.563	191.854	151.779	310.251
XLOC_038097	334.51	129.082	344.16	445.754
XLOC_038143	45.8507	111.83	85.633	71.2909
XLOC_038148	303.332	529.269	306.078	370.847
XLOC_038180	18.1844	56.2096	0	45.322
XLOC_038183	0	15.6531	20.6717	60.6577
XLOC_038202	10135.5	3106.58	13376.7	3481.1
XLOC_038211	0	0	5.56935	41.4044
XLOC_038212	6844.7	997.957	2829.79	4.36752
XLOC_038213	312.951	38.4816	262.483	3.28452
XLOC_038215	534.147	580.163	156.792	338.339
XLOC_038216	364.983	15.374	404.14	0
XLOC_038218	3651.82	9122.51	3935.22	6837.13
XLOC_038220	1693.3	1392.42	1831.29	3051.08
XLOC_038245	212.986	917.07	1783.29	3654.31
XLOC_038251	5476.76	674.541	4990.93	97.4729
XLOC_038256	74.7893	7.85237	70.4263	29.9913
XLOC_038287	6.40983	0	5.22847	56.5595
XLOC_038291	515.445	366.132	557.29	425.59
XLOC_038303	34.7922	0	82.8237	215.063
XLOC_038307	272.003	1035.22	357.173	580.706
XLOC_038345	48.2451	0	77.4851	163.827
XLOC_038353	162.821	276.067	102.318	100.622
XLOC_038354	346.85	313.265	281.725	506.316
XLOC_038360	88.597	173.134	341.022	146.666
XLOC_038385	144.899	0	24.2757	125.395
XLOC_038416	175.289	459.027	530.2	515.1
XLOC_038450	131.885	5.55361	175.479	19.1024
XLOC_038454	316.965	37.9972	239.138	65.6215
XLOC_038455	8074.5	1879.31	4714.54	428.956
XLOC_038456	426.781	242.71	320.164	73.6409
XLOC_038457	832.755	207.108	969.679	160.356
XLOC_038458	11.5453	0	2.41301	21.6622
XLOC_038470	5864.84	5690.38	9146.7	4677.13
XLOC_038474	6188.7	3649.74	7333.06	2817.55
XLOC_038492	130.186	18.5807	57.9762	87.5418
XLOC_038495	78.1043	73.7232	0	145.282
XLOC_038501	412.539	290.533	382.255	237.392
XLOC_038523	123.189	230.517	173.779	129.96
XLOC_038548	902.682	1283.93	707.819	620.63
XLOC_038552	3685.71	4771.19	4555.97	8319.83
XLOC_038553	480.922	444.386	435.239	796.43
XLOC_038558	11829.7	1107.71	12723.8	1781.17
XLOC_038566	245.447	118.649	119.478	84.2385
XLOC_038572	729.645	187.121	927.199	129.07
XLOC_038574	3887	2982.32	3095.44	2476.92
XLOC_038583	6428.58	5087.16	7456.38	4973.56
XLOC_038594	1020.26	888.95	983.663	1420.13
XLOC_038625	97.3699	76.396	170.019	110.164
XLOC_038652	46.0873	122.734	108.907	45.8603
XLOC_038675	0	29.6486	31.309	78.6283
XLOC_038678	1175.34	108.05	0	801.572
XLOC_038679	371.345	187.775	37.0075	0
XLOC_038681	296.061	20.2034	232.568	36.0523
XLOC_038683	237.005	128.926	152.154	176.235
XLOC_038684	974.446	925.582	495.294	607.299
XLOC_038690	24.5108	0	33.6416	49.5604
XLOC_038695	44.592	0	62.8372	44.0659
XLOC_038697	0	8.37949	5.77348	22.5544
XLOC_038698	147.885	100.983	222.538	155.559
XLOC_038701	10298.1	3525.24	10581.7	3888.46
XLOC_038707	0	0	272.867	28.4952
XLOC_038730	4.70755	3.13103	0	21.8938
XLOC_038739	13.375	53.8217	28.8262	192.458
XLOC_038741	144.504	0	254.459	496.803
XLOC_038787	8597.4	3190.6	7826.31	1078.71
XLOC_038788	1506.87	33063.4	6584.83	57502.3
XLOC_038789	675.588	28577	5257.65	65448.8
XLOC_038838	124.227	127.894	16.1835	140.699
XLOC_038840	240.554	501.825	108.966	328.709
XLOC_038841	56.2776	72.5664	27.8984	49.4124
XLOC_038848	4.92673	0	30.9094	67.314
XLOC_038861	1010	388.965	1049.89	379.824
XLOC_038873	1153.97	1384.25	808.368	2349.56
XLOC_038876	6359.69	5765.28	5466.92	3384.63
XLOC_038878	783.115	496.389	1062.69	531.502
XLOC_038880	50.8388	0	15.3402	8.98461
XLOC_038888	461.326	21.8634	1405.95	0
XLOC_038890	36.4068	3.0457	78.781	0
XLOC_038891	34.7189	61.4518	277.942	0
XLOC_038897	25119.3	12265.6	16511.5	8388.52
XLOC_038914	83.4943	491.334	0	72.6944
XLOC_038917	58.2594	164.339	106.218	202.067
XLOC_038924	604.593	181.732	81.7799	175.264
XLOC_038925	396.44	230.568	0	458.163
XLOC_038926	916.015	777.098	2279.07	562.441
XLOC_038929	9882.41	4664.06	12848.9	9122.52
XLOC_038934	205.243	398.736	163.481	262.654
XLOC_038952	2011.74	942.29	5985.85	144.802
XLOC_038956	12.3694	71.0429	59.6014	0
XLOC_038957	647.042	268.546	564.694	182.513
XLOC_038958	713.898	1056.36	4502.4	21.9929
XLOC_038968	23.2607	0	44.1872	184.451
XLOC_038973	93.9253	31.3559	169.776	51.0831
XLOC_038984	645.392	87.0056	341.1	195.452
XLOC_038991	5079.21	2106.21	3822.82	1039.3
XLOC_038992	743.307	158.991	474.522	174.891
XLOC_038995	120.812	20.3449	52.4314	26.8481
XLOC_038997	320.704	77.3702	228.566	82.5378
XLOC_038998	376.438	83.351	396.298	168.121
XLOC_039000	362.213	42.0013	308.361	78.5998
XLOC_039002	408.629	62.4017	330.949	111.067
XLOC_039003	292.155	124.934	174.011	77.9195
XLOC_039006	107.354	127.524	153.888	274.618
XLOC_039011	76.0466	104.893	49.2482	144.375
XLOC_039019	1652.56	2548.49	1507.75	977.114
XLOC_039024	2906.91	495.718	2743.43	289.611
XLOC_039035	0	0	53.0507	4.6925
XLOC_039037	86.8927	50.9823	611.853	0
XLOC_039038	10.8559	25.5334	493.686	0
XLOC_039039	76.9325	34.5571	201.839	12.4411
XLOC_039051	98.4985	53.0739	54.4543	33.3559
XLOC_039071	1105.34	248.49	657.335	149.888
XLOC_039094	452.243	286.312	386.786	78.4566
XLOC_039107	53.6273	146.043	44.8324	73.1473
XLOC_039110	3828.25	2311.79	3860.71	2405.7
XLOC_039113	640.094	41.6954	63.0281	82.9809
XLOC_039122	485.22	122.205	299.739	187.08
XLOC_039124	1766.37	1666.88	2177.62	1308.65
XLOC_039125	697.144	143.256	396.857	105.407
XLOC_039126	784.992	260.257	452.77	59.3794
XLOC_039145	233.482	90.9726	143.142	146.96
XLOC_039146	11.5956	0	7.67012	32.1199
XLOC_039148	2523.33	987.205	2369.72	1490.64
XLOC_039175	71.6297	170.221	92.3062	51.5097
XLOC_039190	188.181	160.303	200.774	303.399
XLOC_039195	493.042	1079.3	184.824	394.274
XLOC_039200	314.176	91.0799	561.905	65.2405
XLOC_039208	3648.68	1694.29	6203.4	1917.22
XLOC_039211	523.468	91.9169	316.983	0
XLOC_039212	13449.5	827.083	8137.9	169.397
XLOC_039238	116.881	182.567	171.616	255.415
XLOC_039278	285.385	24.9048	100.027	5.49957
XLOC_039287	1015.32	1791.94	1003.29	2106.26
XLOC_039301	259.355	117.536	283.978	406.969
XLOC_039303	152.591	77.0328	168.469	216.52
XLOC_039307	494.742	221.614	67.1005	55.0088
XLOC_039328	3413.87	4261.95	2261.59	2674.68
XLOC_039340	820.434	596.087	691.06	426.579
XLOC_039348	225.534	194.386	367.113	244.835
XLOC_039359	319.015	159.453	284.285	419.545
XLOC_039404	144.274	111.94	11.9149	34.8077
XLOC_039419	0	7.55059	18.0461	45.4671
XLOC_039449	0	54.1853	33.3471	103.903
XLOC_039451	317070	818702	684485	502587
XLOC_039452	10.4535	1.6208	0	1.0568
XLOC_039470	41.9489	10.76	39.8988	0
XLOC_039474	537.59	224.138	226.108	185.294
XLOC_039500	102.845	0	21.3603	0.94058
XLOC_039505	17473.5	7251.55	36192.8	15694.2
XLOC_039513	50.865	98.738	80.5301	55.307
XLOC_039514	66.6997	13.3905	0	189.576
XLOC_039515	61.7256	0	6.67408	171.905
XLOC_039542	23.6478	145.252	7.99848	208.403
XLOC_039545	0	51.9709	0	104.713
XLOC_039560	760.699	1166.87	597.136	1356.28
XLOC_039564	4150.48	1231.84	2151.11	820.317
XLOC_039565	364.471	92.6701	173.449	49.9519
XLOC_039575	757.126	497.705	808.905	704.837
XLOC_039576	52.7933	21.7743	245.802	0
XLOC_039579	1304.98	2574.69	1388.3	1747.41
XLOC_039586	242.806	13.5079	112.742	377.399
XLOC_039588	205.905	275.782	172.029	36.0095
XLOC_039625	0	17.615	23.1726	14.1289
XLOC_039638	154.194	304.822	222.253	180.241
XLOC_039642	311.577	456.038	427.905	333.554