E_38_0	E_38_1	E_38_2	E_51_0	E_51_1	E_51_2	C_38_0	C_38_1	C_38_2	C_51_0	C_51_1	C_51_2
XLOC_000017	0.00319699315338662	0.753591544459588	0.681464431608163	-0.313687655622546	-1.94024515947237	-1.33189206984944	1.61990476538124	0.086420627147564	0.393196077317335	-0.739496792232292	0.570812187038323	0.216735051071053
XLOC_000022	-0.240425411924739	-0.391574264134387	-0.319385125070461	-0.185037013720773	0.0252357892323323	-0.0740453853440135	-0.907956258055822	-0.491810722081889	-0.18203467603091	0.918879739389864	0.458528007647424	1.38962532009337
XLOC_000028	1.01745147453121	-0.0352897756388952	1.27000435555093	-1.48371567224779	-1.48371567224779	-1.48371567224779	2.26053634713533	-1.48371567224779	0.757229943544435	0.0958217149107143	2.05282430120522	-1.48371567224779
XLOC_000033	-0.624843078276016	-0.271266939165754	-0.375180455059935	0.351142544878506	0.0110722906205396	0.35210029505714	-0.326610319564352	-0.0622282055854519	-0.293945187540542	0.292402426964486	0.323987647187909	0.623368980483463
XLOC_000040	0.761691663746692	1.65307406824175	1.25969363247691	0.997975868104565	0.351562038397514	-0.963241730045299	0.19333868068781	-0.958282203079037	-0.800080835438286	-2.09125313797054	-0.327212842215303	-0.0772652029067746
XLOC_000043	0.867814535247446	-0.0823283973986704	-0.187592622585868	0.753440544973594	-1.62813432641008	0.602717703134494	-2.23951678874459	-0.513331238100101	0.956047902323703	0.309214956698436	0.632821846728289	0.528845884133343
XLOC_000059	0.355071636922353	1.12376300576891	0.96816931146569	-2.14609550985664	-2.14609550985664	-2.14609550985664	0.701986006542507	-2.14609550985664	-0.628298778656186	2.48994144178158	1.39044446359636	2.18330495200533
XLOC_000072	0.231054583879835	0.268187640401545	0.343624868793804	-0.567694925177931	-0.44950456639511	-0.230852951999019	0.243461106759431	0.168502952102197	0.24922643580474	-0.0947865352496873	-0.141272131769881	-0.0199464771499205
XLOC_000077	0.368724513173219	0.336836257709909	0.298872154086689	-0.255592366267013	-0.948987900618317	-0.244811511066678	-0.458721281702382	-0.187718484157397	0.393673721643006	0.352953979798515	0.0372790651423331	0.307491852258119
XLOC_000093	-1.26064582756465	-0.341761752091438	-0.197602402034458	-0.2827548502122	0.495062221929153	0.0494467285065916	0.666738467366124	0.746057731575399	-0.236007038344502	0.0587666447854502	-0.206180822874034	0.508880898958567
XLOC_000104	0.390972840486438	0.108142627711753	0.351803024707963	-1.12440671430627	-1.33569936855816	-0.369746538126241	0.680958543133614	0.0438359676743802	0.699817664630761	-0.373995875303265	0.47087785939916	0.45743996854987
XLOC_000134	-0.733854987571253	-0.733854987571253	3.45467409708832	-0.733854987571253	-0.733854987571253	-0.733854987571253	0.616701984623879	1.06483045222013	-0.733854987571253	-0.733854987571253	0.734633366637692	-0.733854987571253
XLOC_000140	0.718800614630997	0.457063937641804	-0.26363162117782	0.309165410521674	0.204499627768921	0.402681074024001	-0.0466299083023367	-0.079130587397013	0.133548699956033	-0.390655791705236	0.0994344640093487	-1.54514591997037
XLOC_000142	1.32704710023449	1.16942574050357	0.958059893455385	-0.167148611874744	0.156992368253674	-0.0277842023877728	-1.09123341315634	-0.98278144608765	-1.0102773137315	-0.152082619902959	-0.0659364341324906	-0.114281061173656
XLOC_000143	1.34603722474798	0.79284825269681	1.08635058344108	-0.106007990787766	-0.197210861822397	0.245317255639213	-1.27509047360764	-0.78837019571221	-1.38498428850174	-0.298339626760589	0.0281073810444052	0.551342739622855
XLOC_000161	-1.74829172003999	-1.74829172003999	-1.74829172003999	0.161422397977797	1.52783807456914	0.0465001943396626	1.38107982133795	0.0503937197513966	-0.230494988839535	-1.74829172003999	2.60506729773879	1.45136036328476
XLOC_000175	-1.24525161815228	-0.0455292708960933	0.0997318584737261	-0.905773420198726	-0.739595537802993	-0.423260262142612	0.621572982543384	0.432863600792348	-0.205216036096544	0.767291488728925	1.10914666129852	0.534019553452344
XLOC_000185	1.68725302511984	0.801659858999615	1.19498922971468	-0.58762177677674	-1.95676585865229	-0.527748624114852	0.0530201503830803	-0.731934867039492	-0.0637027897882012	-0.204768692946655	0.937240788217019	-0.601620443116003
XLOC_000210	-0.831187454854323	-0.691216580756132	-0.0104328596376115	1.92896075604368	1.36582806201122	0.48454041828412	-0.0249414737415776	-0.750578482607469	-1.11930462626353	-0.506039939414008	0.0239336633708271	0.130438517564794
XLOC_000219	1.09576635743691	0.678901067359631	1.15168831365822	0.617610539410478	-0.796461176469403	-2.27779905669888	0.995748732169563	0.470359070301727	0.687067629274384	-0.909903169308817	-0.331531781410026	-1.38144652572378
XLOC_000221	0.253441355677909	0.548389642274319	0.497585318478265	0.782614094926187	0.43233737924364	0.581767769541152	-1.03866619977918	-0.827762787499629	-0.860713809329038	-0.093730011266322	-0.363116737262717	0.0878539849954141
XLOC_000229	-1.09090706055381	0.0131536978158744	-0.303509715811751	-0.388062153025079	0.0634017652460921	0.232163004487437	0.249766098464718	0.603226740736267	-0.29128442106764	0.0957291387956705	0.561483485014614	0.254839419897608
XLOC_000236	-1.49032513813444	0.433741727859402	0.602208292489465	-0.851125350972582	-1.30873728806904	0.696463927953355	-0.110153405452755	0.529943210337712	-0.516235689095808	0.805037742623006	1.18308443409549	0.0260975363662013
XLOC_000246	-1.16921201011537	-1.16921201011537	-1.16921201011537	1.53449057307079	-1.16921201011537	1.90271759008638	2.19544913917239	1.40562625179522	-1.16921201011537	1.14620051668284	-1.16921201011537	-1.16921201011537
XLOC_000249	-2.06640633251484	-1.58272886295277	-1.81385345149511	0.837068053579485	0.0273798409186261	0.481420706742809	0.688021566110788	0.778117238933998	0.887303203915542	1.03915558663092	0.616163406010108	0.108359044120445
XLOC_000254	-1.88303352047792	-2.22773579998609	-2.11226910140368	-0.497964548461386	0.374027035909349	-0.00865764739512187	1.23207654999753	1.94364100248741	0.801951283536764	0.817328511651015	0.868039333330797	0.692596900811341
XLOC_000260	-0.160202306432969	-0.363350001852629	-0.15438088439133	-0.0892681169141722	-1.63262479229628	-0.535893641777436	0.076276037629051	0.829360246351297	-0.474543895598649	0.515607073047422	1.24937438281711	0.739645899418588
XLOC_000263	1.30455635594433	0.251815105774227	-1.19661079083467	3.49359071965435	-1.19661079083467	1.3736817333179	0.153946181360467	0.60207464895672	-1.19661079083467	-1.19661079083467	-1.19661079083467	-1.19661079083467
XLOC_000266	-0.212124896800402	0.138773045764621	0.118487755965727	0.0783778806113133	-0.407093218492895	-0.275862911694958	0.436975334435621	0.27014559068771	0.46792848641096	-0.36829195115976	-0.418149704957161	0.170834589229225
XLOC_000269	-1.10541133810521	0.343014558503678	0.438008638342285	3.42183853056417	0.856528096424426	-1.10541133810521	-1.10541133810521	-1.10541133810521	-1.10541133810521	1.210001188693	0.363077016103731	-1.10541133810521
XLOC_000274	-0.340814944054001	0.445973689082276	1.1286220921334	0.734915230413192	-1.12396322258861	-0.139077701011669	0.291937592291608	0.435442824320385	0.496307451384576	-0.329186565288329	-0.853330650438396	-0.74682579624443
XLOC_000280	0.112455287751095	0.434890177751687	0.874127993195163	-2.58114646594659	-0.837411881894899	-1.41893098376262	0.282699654607771	-0.110114086738069	0.165976714436489	1.28249931555845	0.291012765674038	1.50394150936749
XLOC_000281	0.669363317273852	0.854066550849115	0.680756014252108	-0.954388944501069	-0.790008847660394	-0.951632351309692	0.0956521362661427	0.204236772752321	0.286103651494868	0.104781835643703	0.0713295720803604	-0.270259707141314
XLOC_000284	0.150523247545296	0.0104475308679408	-0.0785818671843135	0.222550953515602	-0.00444974203696358	-0.427706659551394	0.216108737976554	0.436765700555728	0.684071236388516	-0.540818897952233	-0.383719958140552	-0.285190281984178
XLOC_000286	-0.227934366795802	-0.0559858886577986	-0.445690122976811	-0.336944877771542	-0.0491043482421434	0.323510289143433	-1.14584418965352	-0.567868742302087	-2.91928022223448	1.98730194594912	1.77176069730376	1.66607982623789
XLOC_000292	1.57428985484277	1.41947975370283	1.61200586426185	-0.668514747252837	-0.304748650114511	-1.68671916147973	1.16430849397787	0.685417077069381	0.853332246583124	-0.357722967994146	-0.0341160779642928	-4.2570116856323
XLOC_000296	2.40151886417861	2.28235853530642	1.69341413848453	-1.17851722730362	-1.95292368258471	-1.10886302618603	0.340056495316936	0.208273756905362	0.535511564115228	-1.25896815215206	-0.952908757769529	-1.00895250831113
XLOC_000297	1.63763923719215	2.98173828285599	2.00462485745034	-0.114121710386242	1.2522939662051	0.546456695748541	0.0118623731628738	-0.225150388612642	-2.02383582840403	-2.02383582840403	-2.02383582840403	-2.02383582840403
XLOC_000307	-0.611194207140625	-0.210291490263895	-0.196582936325242	-1.14259189681083	-0.54732224792058	0.0202667649450232	-0.0654375142990222	0.460819479614464	0.162239583760485	0.798672532660323	0.556589276391382	0.774832655388519
XLOC_000313	0.249033836618633	0.208892540838221	0.110735057042671	-0.0722616332592469	0.195777069619835	-0.14485655042515	-0.0967633717783567	-0.107616067611115	0.0335348020742696	-0.0264699964855293	0.0999105413173211	-0.449916227951551
XLOC_000316	1.34989106706587	0.955404399200087	1.08490532690612	-0.261134642655891	-1.67559878895016	-0.844821344479168	0.695329645605553	-0.0346197170000577	0.885565713409546	-0.256204203494488	-1.01831210857491	-0.8804053470325
XLOC_000324	-0.453318119157963	-0.51546063113745	-0.370249152625557	0.469448568472842	0.915878967389945	0.642710950927095	0.12676577254471	-0.412187450150769	-0.640024760524948	0.562957457996188	0.208314208083475	-0.534835811817564
XLOC_000346	1.14044965911327	0.256227054994982	-0.069697569230315	0.178144102394262	0.285332661736332	0.3546153241268	-0.885611053042052	-0.688360865690091	-0.27242308049571	-0.0790937102184079	-0.383017324597923	0.163434800908852
XLOC_000354	-0.0819443379394249	-0.492197211568705	-0.496731124995325	-0.158010340985515	-1.03181150758542	0.130637590039889	-0.28258269909013	-0.304513712428589	-0.139138546391472	0.061779483163181	1.2052216020085	1.58929080577301
XLOC_000403	-0.354532188240759	-0.0429162543411463	-0.680316361501971	-0.810840278970746	-0.409774639710551	-0.966674460811643	0.26582742012322	0.472023771356179	0.587810500527935	0.561521443959804	0.740907075979058	0.63696397163062
XLOC_000417	0.686342997808972	0.491374739478161	0.486611342038573	-0.503046285638307	-1.15725340589724	-0.400425300953938	0.0380139325569742	-0.0209495551236545	0.344669902357342	0.206446623101256	0.13465026901837	-0.30643525874651
XLOC_000420	0.324204241978448	-1.4116327994183	-1.4116327994183	-1.4116327994183	-1.4116327994183	-1.4116327994183	3.58846238630753	3.27712428258282	4.10327148447757	-1.4116327994183	-1.4116327994183	-1.4116327994183
XLOC_000421	2.2539764103889	1.66973400201956	2.8513293962267	-2.04216902173761	1.23396077287152	-2.04216902173761	1.8599971179012	-2.04216902173761	2.38401643101778	-2.04216902173761	-2.04216902173761	-2.04216902173761
XLOC_000422	0.983922006191145	0.614647980797134	0.739056683159248	-2.01466334463947	-2.01466334463947	0.555629179513099	2.67473229489798	2.52828669674079	1.97704188189796	-2.01466334463947	-2.01466334463947	-2.01466334463947
XLOC_000423	0.44226645889167	0.395724134028182	0.0362518625788733	0.7991859857602	0.810822557104909	1.34730172018774	-1.76183049028604	-0.785786673200403	-0.21839278236524	-0.812965319338255	-0.216908151803074	-0.0356693015585687
XLOC_000425	-1.56593234581829	-0.0112618615354227	-0.536057010794538	1.38178779837661	1.00027230965949	1.40682421830092	-1.19985654736115	-0.82088268738877	-1.48486037861525	0.471972714022631	1.40946314919279	-0.0514693580390206
XLOC_000458	1.16088091366723	0.108139663497131	-1.34028623311176	3.18696363555762	1.42348799642502	0.45450568126789	-1.34028623311176	-1.34028623311176	-1.34028623311176	0.23925115404674	0.128202121097183	-1.34028623311176
XLOC_000497	-0.364067955784543	-0.361340278048402	-0.230699034893757	0.263580629364149	0.360740252471025	0.371262127430821	-0.0513132518252313	-0.00408220325881459	-0.0667902405168306	0.00118882190679059	-0.028656303097307	0.110177436252092
XLOC_000513	1.80338754171114	1.12675709245602	0.895632503913681	-1.85808752388504	1.41804227072409	-0.0632956095053858	0.177610677681864	-0.0594020840936518	2.13361770265239	-1.85808752388504	-1.85808752388504	-1.85808752388504
XLOC_000517	-1.26421982847437	0.238586009857833	0.318001035769664	-0.269222381679089	-0.468859571583008	0.067619591499823	0.375243265388066	0.35680146946437	0.058775015162567	0.0417281724366187	0.879415049998202	-0.333867827840681
XLOC_000519	0.373550361760547	-0.139127643592582	0.130607601673312	0.0836161422703743	0.130529462404164	-0.0984332580128342	0.370118010197505	-0.204115480099269	0.316693189302695	-0.220807445616849	-0.280235719572447	-0.462395220714606
XLOC_000574	0.594157492341107	0.0214368559093012	0.289503133512707	-0.156498359614907	0.477575826989622	-0.737712171178737	0.263580112855245	0.374457285061313	0.178544539787563	-0.71612611941526	-0.46301811105946	-0.125900485188497
XLOC_000594	-1.18372287116776	1.8011217451733	1.08820869468547	-1.18372287116776	-1.18372287116776	-1.18372287116776	-1.18372287116776	1.89301965167186	0.334073860032692	-1.18372287116776	3.16963614661101	-1.18372287116776
XLOC_000596	-1.12672862083249	-0.0734647195332547	0.446143496935144	-0.89562418428963	-0.150621466076823	-0.173249023470499	0.481707098210444	0.609548700269367	0.626399415475131	-0.145404684688946	-0.170634052371298	0.571928040372859
XLOC_000627	1.66262661471379	-1.70514787472907	1.69733326362478	-1.70514787472907	-1.70514787472907	-1.70514787472907	-0.354590902533935	1.37159464811055	0.535797741063155	1.09523027572804	2.51774773293894	-1.70514787472907
XLOC_000640	-0.0402559157632361	0.0198066425125489	0.0766200224733726	-0.236393981046271	0.245405104228825	-0.0579297127055511	0.459745569926064	0.214308021483388	0.120030330255593	-0.2386122061279	-0.21516630869723	-0.347557566539603
XLOC_000641	0.0847628635217017	-0.298616871436683	0.00025498437208249	0.72515264899641	0.553396227051464	0.930757534889027	-0.128772311276481	-0.512033396616228	-1.05541657225334	-0.272306182071997	-0.00838469589903124	-0.0187942292769279
XLOC_000645	-0.0129657801908492	-0.0851730980278083	0.479269085872031	-0.243537478509913	-0.303121752990645	-0.399904088523737	-0.386194703162819	-0.115191905617834	-0.738050661120775	0.633784614815813	0.440594935170154	0.730490832286383
XLOC_000646	-1.1821140612521	-0.267647510353394	-0.427619224335616	0.568907180765722	0.320489936219128	0.801979799293676	-0.468579430961267	-0.607465187024093	-0.583657301780772	0.639901518364573	0.260892488751266	0.944911792312879
XLOC_000653	-1.3039297032303	-0.794769690519866	-1.18825023273858	-0.416278935265387	1.07397856887697	0.85028450810512	-1.17314351268297	-1.2257725312213	-0.490557250485362	0.974954314209149	1.67146579178078	2.02201867317175
XLOC_000687	0.77607939477148	0.828539661517608	1.2411118540784	-1.12353389375783	-1.06346224740721	-1.25694395279142	1.74271807708489	0.993924721737479	1.49952225512541	-1.02685832648688	-2.35874812273505	-0.252349421136874
XLOC_000688	-0.338342261338335	0.158948029601267	0.271565996802338	-0.613725723910768	-0.458883543316728	-0.19593700702396	1.24610371774809	0.939284628558575	0.328990686340846	-0.831876066540606	-0.262495113919601	-0.243633343001125
XLOC_000691	1.41385401093994	1.12746569388926	0.832225039920063	-0.70601592217274	-0.917308576424632	-0.992033917009594	0.229044871578559	-0.0875267119172074	0.881761982823901	-0.25722795531451	-0.803840651448229	-0.720397864864815
XLOC_000693	0.580554787459159	-0.261565696100629	2.73038457283018	-2.41803056337146	-2.41803056337146	-2.41803056337146	1.62645585738916	2.27072651862966	1.3939272402041	0.382347587085654	-0.949542209162512	-0.519196968220407
XLOC_000703	-0.007991142089395	-0.153917532492415	-0.616090761831758	0.731473194311119	0.296825328729407	0.502991156376003	-0.226574943593864	-1.33603328494834	-0.320009693855559	0.338640030067908	1.0480766224037	-0.257388973076813
XLOC_000719	-0.633707237175228	0.226973957441311	0.163340612883392	-0.356675219371345	-0.185629987784473	0.085760279901594	-0.3290711255546	-0.0278897249202057	-0.426438349354923	0.346388365161809	0.567589504748423	0.569358924024256
XLOC_000722	-0.578594731046581	-0.0882102658533022	-0.216591800202517	-0.150980319739992	-0.570407585535238	0.269500462297393	0.285436375762169	0.0150629151333783	-0.962701850024022	0.278867944157493	0.700112035751941	1.01850681929928
XLOC_000724	-0.150740334052914	0.0109072605800566	0.0691947496352299	0.0664362297423065	0.175303997676023	0.0464042404588785	0.0635602837759546	0.0391633077688347	-0.142077744940249	-0.0977523105127656	0.0295295538776479	-0.109929234008996
XLOC_000733	-0.53137059793341	-0.404421746677347	-0.0136285395791447	-0.508607479229031	-0.514863335404108	-0.692476439385917	0.881464955886726	0.71844984570113	1.06016511375297	-0.258503405735679	-0.21785965729312	0.481651285896941
XLOC_000741	3.41757650121994	3.4550911127473	3.81450557864683	-1.55048299851271	-1.55048299851271	-1.55048299851271	-1.55048299851271	0.248202441278675	-1.55048299851271	-1.55048299851271	-0.0819946443037658	-1.55048299851271
XLOC_000779	0.947912284715894	0.532011271058409	0.673655580515427	0.403485001266191	0.914242906400252	0.0690265966710246	-1.27568335100404	-0.135159646253615	-0.13205964086576	0.260796133486666	-0.825606713942009	-1.43262042204844
XLOC_000786	-0.0105799626382925	0.188617230927351	-0.220478218248886	-0.28932576995445	-0.450623676529613	0.214644878741485	-0.274007777970144	-0.103285375047015	-0.489459856439647	0.502487945965552	0.583304895036171	0.348705686157485
XLOC_000800	0.78267187130777	0.277599768082138	-0.191622279967668	0.567808973171853	0.0986459681807395	0.256480565852535	-1.15236917731406	-0.377275075309161	-0.972811875127524	0.410143978904096	0.0538782620827618	0.246849020136519
XLOC_000801	0.661264903486712	0.702024711061877	0.633368025908273	0.536352337620535	-0.37365767436244	0.437805095281179	-1.13085930910389	-1.33558052538099	-1.10735136691326	0.0130839670945466	0.124244056737431	0.839305778570032
XLOC_000812	-0.525381792280534	-0.199645113857974	-0.203209543423181	-0.159010288324971	-0.0382287432810955	0.1197924307044	0.431517327767603	0.324633515871195	0.333402375937961	-0.0372215365896817	0.0363984631437315	-0.0830470956674461
XLOC_000813	0.375660749051056	-0.240845975138734	0.034161674679952	0.319127783701105	-0.0338701000209065	0.600293315250928	-0.0385275859777012	0.339453054112191	0.421753305448233	-0.38484857752017	-1.06272599950681	-0.329631644079146
XLOC_000823	0.460384318717021	0.493337753643515	0.20358101750624	-0.619588505307092	-0.431374583622105	0.0117627432837102	-0.651629351754166	-0.0189865409583003	-0.539692978937017	0.104391455234996	0.182735139374004	0.805079532819198
XLOC_000826	-0.314913290870111	-0.126741112685636	-0.105203734192155	-0.28397161232852	-0.0995982450979689	0.136005662571423	0.309866429384797	0.0759725091394827	-0.122155684676851	0.0693651938399409	0.17622267462311	0.285151210292497
XLOC_000828	0.141479630126091	0.553813498099245	0.919990032153003	-1.14263058104764	-0.58477155692834	0.0331232482230561	0.516642875346666	0.161079825171075	0.503096888981641	-0.654043862273455	-0.106174593115463	-0.341605404735884
XLOC_000841	-0.315326998631202	0.437134114267615	-0.435246728688658	-0.163906302525512	0.419519996175854	0.193524843067488	-0.186938657996433	-0.313835295197587	0.217469659952972	0.522265505463787	0.095884634907331	-0.470544770795655
XLOC_000854	0.102266979019985	-0.0906543617756377	-0.386485265994885	0.331032657115513	0.388489457113652	0.223497905574618	-0.617485073788388	-0.44361915427064	-0.455351981337638	0.785013674312403	0.180810588603853	-0.0175154245728359
XLOC_000871	-0.232484685738356	0.361973379167316	0.575102963791494	0.673737818302897	0.447652267107107	0.326570551352492	-0.49282808028594	-0.550860626682685	-0.177853806885897	-0.141368310283608	-0.849545093832854	0.0599036239880304
XLOC_000873	-1.22139632192389	-0.45075300161436	0.0635230078976052	-0.590274112460908	-0.293441682050772	0.00142244156814808	-0.0751274335235159	0.198009318152726	-0.18502124841762	0.850323268636127	1.00651942653961	0.696216337196848
XLOC_000874	0.114680577899485	-0.262142640912593	-0.166484967104545	0.0422607498647274	0.013655438161666	0.222951183593699	-0.687868765758975	-0.7866973827799	-0.486124301027188	0.906633565195227	0.53468082849681	0.554455714371582
XLOC_000879	-1.3386375669622	0.81782730030863	-1.3386375669622	-1.3386375669622	-1.3386375669622	-1.3386375669622	-1.3386375669622	1.73810495587742	1.74101975107146	0.976774959836017	2.19790240649081	0.560196028188853
XLOC_000886	0.712117014800875	0.36741473529271	1.61343100637573	1.42384034698932	3.11584504882363	0.781242392174451	-1.78905013197812	-1.78905013197812	0.931360115433872	-1.78905013197812	-1.78905013197812	-1.78905013197812
XLOC_000890	-0.0885458800315595	-0.566501523792023	-0.737027765247626	0.0945501341626986	0.375673008375838	0.332925626204983	-0.417095348923723	-0.174958513383079	0.0559404266986343	0.77873228533957	0.732246688819376	-0.385939138223087
XLOC_000892	-1.30186757928158	-0.281824543998065	0.133092813301456	-0.509877657207443	-0.266709778752883	0.252677708280586	0.0915806893673725	0.25810223585839	0.173775820655903	-0.106726716183747	0.571824674968579	0.985952332991434
XLOC_000893	0.102058481535703	-0.268529657833	-0.492742839096338	0.808274342290591	0.731957682772572	0.109206334608777	-0.142572607459782	-0.383937598914575	-0.310683315968942	0.203525165283453	-0.237167124070101	-0.119388863148361
XLOC_000896	-0.319194233398866	-0.515076185876076	-0.608661443531858	0.854953832722845	0.404682092194138	0.422394331103812	-0.387033353517602	-0.338582472491735	0.124017339607637	0.270372867858857	-0.0555680950561293	0.147695320384981
XLOC_000898	-0.464653550819321	0.0502309201554922	0.204607659743534	-0.31392141063675	-0.25920218017338	-0.215466203194739	0.143834445139596	0.177289603878107	0.239322033964942	0.090575203314371	0.212545486739021	0.134837991889118
XLOC_000904	0.825462096570374	0.257445723760127	0.643436087182019	-0.832773651832213	-0.425800386312483	-0.986396209555584	0.75239205331308	0.947211180592974	1.25635647109003	-1.16625705761214	-1.1162157259009	-0.154860581295289
XLOC_000906	-0.128300551476126	-0.302240762985984	-0.25216563022346	0.925051600149843	0.963740511729284	0.567641477474795	-1.00478753437464	-0.915023162103795	-0.107420504208777	-0.466398171697985	0.160056589525257	0.559846138191587
XLOC_000909	-0.223741996358095	-0.60247056761548	-0.245090192193549	0.152905382374552	0.0304307072508632	0.274175459680675	-0.54507488992776	-0.354313784858943	-0.643018165905849	0.661786396722873	0.657667346607356	0.836744304223368
XLOC_000910	-0.386639430692783	-0.713943113512654	-0.687125385986096	0.135345117451729	0.220394910887077	0.36898368731139	-0.478038748417625	-0.547898410575826	-0.64796071776423	0.840890644739343	0.755126813609328	1.14086463295036
XLOC_000911	-0.38079493190345	-0.501171662934309	-0.53903324981415	0.282233630438441	0.308356451808562	0.40150214909835	-0.684982941505178	-0.311649497062204	-0.755888422282778	0.737862614081529	0.608118474419634	0.83544738565555
XLOC_000912	-3.42191555453265	0.658111997234277	0.562004895357149	-0.0665455972622011	-1.20548956041161	0.695298260563504	0.503411269513728	-0.215323833227715	-1.55116776659893	1.17405382834731	2.30138865474612	0.566173406271022
XLOC_000915	-0.461979046936127	-0.308881727026152	-0.383539718996571	0.537520567092053	0.361007669757273	0.452875127505002	-0.589928860572087	-0.0537758877677463	-1.26192519793538	0.675632388332567	0.620255938157849	0.412738748389319
XLOC_000916	0.442701828380658	-0.198034061615855	-0.458954224161953	0.462519796925594	0.532189911321979	0.473300652125929	-0.917973720826147	-1.40941306607594	-1.06124769710017	0.793971278640928	0.483446120265424	0.857493182119548
XLOC_000941	0.683791232252322	0.235992401512214	0.277512660588433	0.458273155063392	0.256309839736805	-0.225110982032999	-0.508857447601365	-0.0693062026823013	0.0289684042732077	-0.280588707559875	-0.416054447618163	-0.440929905931672
XLOC_000943	-0.706247085214136	-1.20293395398445	-1.86908713825474	0.988492426356714	0.953373520965702	0.855278043873611	0.0282813042779058	-0.583715822633847	-0.220916619736406	0.628932100942857	0.687534935746132	0.441008287660652
XLOC_000944	1.03657617320925	-0.0345708760654153	0.489911987508403	-0.0611511123541941	0.00801918305430682	0.765677006157475	0.0131837307747809	0.580992216144709	0.609426763754747	-0.520280412582556	-1.20341180547532	-1.68437285412618
XLOC_000951	0.382948576449303	0.285436201989191	0.139362840812906	-0.315539374627305	-0.415848343235313	-0.468197891292419	0.0187460147119278	-0.0174685474586731	0.167701994517596	-0.116821269264788	0.158615664051641	0.181064133345942
XLOC_000967	0.139183372344417	-0.456233980376435	-0.440654736642652	0.581868070916609	1.02646426641932	0.723823540843272	-0.952549963187576	-0.459952595574364	-1.14880601540133	0.415140734025943	0.322101602809989	0.2496157038228
XLOC_001032	0.0956223720664813	-0.0348251247740183	0.0273512710513337	0.495170939067737	0.318655884203382	0.387454088422393	-0.726141249982673	-0.384685594755751	-0.176588440201215	0.142864912027836	-0.051143246471181	-0.09373581065433
XLOC_001045	-0.24660919971136	-0.445306105529928	-0.186686571695704	-0.150714966133735	0.31651553107482	0.0649120834738506	-0.404794538785671	-0.131050090274464	-0.0812479597358866	0.47755117575346	0.579295832113354	0.208134809451265
XLOC_001066	-1.70606597064895	-0.511588323393379	-1.30217018312572	1.30476614502716	0.945810570014373	1.47764227969575	-0.10464697602301	0.237777441222113	-0.158529658216147	-0.0686143698413453	0.077222028158844	-0.191602982869681
XLOC_001076	-0.133249225078877	-0.268311215223747	-0.281368137471743	0.279390217521623	0.466913801864243	1.19358400418918	-0.35067432817459	-0.816381865807453	-0.406020208947147	0.29324178407669	0.18185615229124	-0.158980979239419
XLOC_001079	0.092891245057336	-0.558198077281728	-0.296100678096183	0.280591542597918	0.116413393612945	0.695010805395008	-0.775698319663722	-0.424683826217843	-0.611781926622205	0.437771932787484	0.553103537699866	0.490680370731125
XLOC_001097	0.48138739694045	-0.474046431392761	-0.157051347466924	0.47998611484993	0.259231613115302	0.743209379851383	-1.04909353530793	-0.449517111594176	-1.29929799868074	0.641806653802941	0.148483858680989	0.674901407201539
XLOC_001108	1.3422486549444	1.15432189892414	0.794403807596966	-1.55178514414416	-1.41635271962879	-1.44800983237857	1.16705338203068	0.978084444897796	1.19924955439679	-0.82800316462647	-0.588482549573762	-0.802728332439036
XLOC_001114	-1.3626663336327	1.90719218199285	0.180753642814798	-1.3626663336327	-1.3626663336327	2.08075760109075	-1.3626663336327	-1.3626663336327	-1.3626663336327	-1.3626663336327	2.86022927403531	2.50973163549521
XLOC_001132	-0.0132524852405158	0.737990056458444	0.530036419092855	0.134269734652493	-0.174195640465038	0.113056542316844	-0.206566910136345	-0.0173092579037464	-0.245146568277925	0.148098988938217	-0.320403387274665	-0.68657749216062
XLOC_001137	1.30527628759407	1.0934169037473	1.38834525412648	-0.362275566891913	-1.23607673349182	-0.696733971487079	1.22327077620925	0.164771798095743	1.23874196377271	-1.19660343067812	-2.70854036884961	-0.213592912147019
XLOC_001143	-0.0235712796010485	-1.77248799948562	0.654696158853728	-0.716062387789009	-0.652823072147313	0.754549495824857	0.245067603799159	0.269003427531214	-0.849295548722791	0.586818528485965	0.757125416593028	0.746979656657829
XLOC_001150	-0.205074135776291	-1.29630020968127	-0.894153702173262	0.437874646269576	0.637360778825337	0.658103809222433	-1.05848028598832	-0.0817252227530627	-0.84114051278032	0.908202552585276	0.372469022193719	1.36286326005619
XLOC_001168	1.99201634491903	2.52952671132078	1.48911589611748	-1.91336524223637	-1.91336524223637	-1.91336524223637	1.21600629914157	0.661473019674219	1.69321958709409	-1.91336524223637	-1.91336524223637	-0.0145316470853207
XLOC_001169	-0.96458411966226	-1.59207527372275	-1.8257508476371	0.877192700712939	0.591742279189194	0.626491447841127	-0.157560590318328	-0.13006480152734	0.213863730400071	0.719712126413386	0.527528186630068	1.11350516168101
XLOC_001170	-0.982474366727139	-0.982474366727139	-0.982474366727139	-0.982474366727139	0.979465067802501	-0.982474366727139	0.368082605467993	1.59236389518345	0.535322364473315	3.40208663416272	-0.982474366727139	-0.982474366727139
XLOC_001197	-0.632263253997029	0.0346005459034435	0.280501657710309	-0.394687668660008	0.0644500871063256	0.396285553560075	-0.472017435642262	-0.472674226909104	-1.47634400268452	0.729108656982597	1.18927647809806	0.753763608532116
XLOC_001200	2.98948678097445	2.48533528591504	2.33026120053958	-0.619285819824196	-1.29968189020213	-0.894595018796609	-0.397512430955818	-0.656195584834356	0.598179610625476	-1.81120410085324	-1.96943362882288	-0.755354403765311
XLOC_001221	0.696203193710883	0.942030817360379	0.479296981098878	-1.86623065832412	-1.17993854587525	-0.973772718228654	2.07393279907664	1.56588158879289	1.43475641816046	-0.891992011275228	-1.52029585995233	-0.759872004544554
XLOC_001224	1.16696359563792	0.114222345467814	0.209216425306422	-1.33420355114108	0.627735883388562	1.23608897301149	2.41004846824204	-1.33420355114108	0.906742064651144	-1.33420355114108	-1.33420355114108	-1.33420355114108
XLOC_001225	-1.49584231377174	0.702165366096422	1.04753097087189	-1.94442690040048	-0.957637438480112	0.268413385315537	0.2108464710301	0.354351703058877	-0.301680575195947	0.0442117995400171	1.17412589367835	0.897941638257079
XLOC_001228	-0.103481534565616	-0.566527105579888	-0.383533096536675	0.766389796311563	0.709687986082953	0.559030158995925	-0.646941338941716	-1.15731264881043	-0.580286364988098	0.965759487186281	0.353487754635338	0.0837269062103614
XLOC_001233	-0.5191868756506	-0.672916577705726	-0.332271710947656	-2.27094782322899	0.230148987042484	0.868332244789863	0.59289829732537	-0.192056720097201	-0.574077111916311	1.30322864888034	1.07157805934094	0.495270582167499
XLOC_001243	0.803304119375159	0.60778601499118	0.328645746833364	-1.75480857512974	-0.209471350930913	0.0812951319394619	-0.114605703482562	-0.0252702913954934	0.142644878118249	0.38190318860131	-0.0960034259545095	-0.145419732965511
XLOC_001255	0.974448901868724	0.248513560013071	0.262222113951724	-0.0721003548840988	0.362581224379836	-0.0706477533675365	-0.724837118884536	-0.398359362813188	0.0280127220963475	-0.303704961253532	0.0541108198231131	-0.360239790929922
XLOC_001256	1.62529066918918	1.98492137552426	0.731626375416511	0.0328478202488203	0.982593939132136	-0.100562238784771	-2.67085476293734	-2.67085476293734	-2.67085476293734	1.56935765360447	-0.0150545117091525	1.20154320619057
XLOC_001268	-0.686447245419229	-0.14443716793963	-0.0466375171230986	0.0147775347938577	0.176213995197728	0.20987575717068	-0.294884530451096	-0.275261182902163	-0.204170382712951	0.315200062567854	0.324212551436627	0.611558125381425
XLOC_001272	-0.501379285787358	0.102119398279402	0.125363675288421	-0.223282440821617	0.0183487965436058	0.11991345507435	-0.346163696384584	-0.287963952944693	-0.859813795648585	0.698816252495856	0.528966514354503	0.625075079550694
XLOC_001273	-0.388062800000985	-0.0595658181190553	0.452296376711552	-0.0810807539210483	-1.36643326187169	-0.237206048485961	-0.0199464742493802	0.366455087660176	0.312965255905325	0.772010844964671	0.916886760468446	-0.668319169062047
XLOC_001277	-0.25317082176028	0.0165348249216173	-0.137765716932373	-0.791267570178618	-0.571046899819896	-0.399456042458766	0.547768938449703	0.260142885259299	-0.168215405939744	0.648505558575811	0.411333912204862	0.436636337678395
XLOC_001291	-0.368286589344318	-0.127308619112021	-0.553078117776811	1.02941271006095	0.542402091741509	0.785803911551811	-1.03192613489537	-0.281696076720929	-0.681007113687794	0.38608442620581	-0.219015587788068	0.518615099765231
XLOC_001300	-0.732860203452162	0.493194311610002	0.335982941580859	0.466614075321223	1.11055363610689	0.39672512910477	-1.66434448629092	-1.04040041442911	-1.21704783200313	0.00748477509286083	0.81784468531239	1.02625338204631
XLOC_001309	3.50452820836078	3.36075281519267	2.9145741422304	-2.01455119992269	-1.951311884281	-1.03465021481591	2.10043370706526	1.18680639527524	2.00217238730624	-2.91202915209191	-1.92928352542895	-5.22744167889013
XLOC_001313	0.736653188296338	1.24581320100677	0.00999940331895788	-2.26193216253428	-2.26193216253428	-2.26193216253428	0.58614935386487	0.814810360305342	0.458478084877712	1.81786443618184	1.47912702713423	-0.363098567383227
XLOC_001317	2.13526206689134	2.01456971253737	1.81158800049965	-1.54941193556374	-0.863119823114864	-1.86407042619096	1.24631466694063	0.938136897401264	1.40711304793202	-1.72384205081034	-2.70307347259974	-0.849466683922632
XLOC_001319	-0.459987331158145	0.105087568426022	-0.102504290275683	-0.480327253891335	-0.179428242837599	0.203760575399364	-0.0220213734138133	0.14814074221812	0.313469210270681	0.213182332925084	0.40800000052982	-0.147371938192514
XLOC_001333	-0.406719538140178	-1.43300645464114	-0.674404284412325	0.792754740633207	-0.750601934748905	0.952286019555383	0.365474732981403	0.118296228414774	-0.711159743729267	0.715443354009691	0.253398403721965	0.7782384763554
XLOC_001339	0.750650546715855	-0.98518649468089	0.55823348176661	1.71851608850527	-0.98518649468089	0.809605419698762	3.05929992607973	-0.98518649468089	-0.98518649468089	-0.98518649468089	-0.98518649468089	-0.98518649468089
XLOC_001351	-0.406472423608399	-0.258296256885703	0.483397207021479	1.118134405017	1.00610013300799	0.496543507641594	-0.607110784759104	0.14831578019507	-0.154151491151904	-0.262748602505793	-0.426321147776262	-1.13739032619596
XLOC_001367	-0.420452506240824	-0.256184854407676	-0.110273209822192	-0.326988963204962	-0.46433023816157	-0.173285718420348	-0.0125755526614633	-0.0202374738089919	-0.0169561732357764	0.685453586262091	0.814125646034148	0.301705457667565
XLOC_001374	-0.0079434489945811	-0.224656003745441	-0.186205334931751	0.400369718038355	0.473238236878059	0.221474901889517	-0.146308517514186	-0.000540342939189031	0.174318547271508	0.0958560863978697	-0.161459426780533	-0.638144415569624
XLOC_001381	-0.0180880148363247	0.595910004537027	0.677007614534016	-0.226249460219349	-1.98972509935195	-0.770011279362228	0.0200609096834174	0.40460474663021	0.00615927146419004	0.85322973703602	-0.280502547848395	0.727604117733367
XLOC_001391	-1.30910494245561	-0.799944929745179	-0.459300062987109	0.895733083642907	1.34277159820771	0.508207506408556	-2.9571333210911	-1.23094777044661	-0.0123096219668835	1.11061803099016	0.944549707301483	1.96686072214167
XLOC_001395	0.510376819694889	0.208668990828549	0.0486931793773007	0.339425503498546	0.193120622750305	-0.162284302603444	0.0955968111902763	-0.169528835537855	0.062749812433939	-0.0943288361485113	-0.45976482517746	-0.572724940306539
XLOC_001411	0.130102504721226	-0.0988195711383213	-0.140439025108661	0.258332067132082	0.310306123228967	-0.117912132692092	0.0564344592027801	-0.109182386175469	-0.0344710906814747	0.0943541726606778	0.0153883742099588	-0.364093495359663
XLOC_001412	-1.21418602595924	-0.427397392822966	-0.178353362147748	-0.368390490943728	0.248034048180066	0.794498058424645	-0.816103504175372	0.832771388675455	-0.557354725785316	0.192118432468876	1.38870189647198	0.105661677613344
XLOC_001422	0.672783537611894	1.18261250696676	0.758636032662527	-1.27231412722593	-0.848528220959383	-1.23948400053077	0.734037321275959	0.202516903774977	0.911192454072119	-0.178511185907603	-0.565863690598519	-0.357077531142031
XLOC_001431	1.04140175263205	0.817487303974644	1.28903957794816	-0.188407723537798	0.226305673715152	0.15158033313019	-0.129244518886347	-0.333965735163453	0.124915268949753	-0.147361028561257	-1.51948095807473	-1.33226994612637
XLOC_001432	0.473574458146017	1.00997581941488	0.590408114978692	-0.3730733536691	0.621134657593478	0.450547399348403	0.0846671348448904	-0.321548889459405	-0.0615924467023712	-0.829457037780159	-0.890418447248762	-0.75421740946657
XLOC_001436	1.26116705284565	1.31159501100665	0.713956808571806	1.94320629316279	0.363466216786253	0.169984511402044	0.447773503648622	-0.601622572959139	1.5913972137869	-2.40030801275052	-2.40030801275052	-2.40030801275052
XLOC_001455	-0.415496006303451	-0.231578398170667	-0.201153263417304	0.158539199641645	0.019489011329199	0.262573579892535	-0.0633781990250775	-0.027257626028133	-0.0248342270633	0.173763714352067	0.186759615120652	0.162572599671837
XLOC_001458	0.0391275564876921	0.37156436768084	0.402044204768634	-0.413991452038436	-0.304303396875003	0.0977886193877548	-0.0946208196065932	0.234267815614785	-0.104566309815013	-0.378918509474246	0.103135189031576	0.0484727348380094
XLOC_001464	1.05293374935574	1.03919301486618	1.45682953687897	-1.94565160147488	-1.94565160147488	-1.94565160147488	1.79860041790824	1.50273186021483	1.66093322785559	1.21703620029484	-1.94565160147488	-1.94565160147488
XLOC_001484	3.18047296475676	3.58273120430131	3.80143637777805	-1.42284290695871	-1.42284290695871	-1.42284290695871	-1.42284290695871	-1.42284290695871	0.818102708833517	-1.42284290695871	-1.42284290695871	-1.42284290695871
XLOC_001485	2.49825121536756	2.23342591726658	2.73485942562454	1.25325339814783	-1.95963708081961	-0.164845166439954	-0.609080108624474	-1.95963708081961	1.85232072275595	-1.95963708081961	-1.95963708081961	-1.95963708081961
XLOC_001500	-0.0356071862503811	-0.380316908306549	-0.271496726111248	0.570074782804323	0.406214100188167	0.447973202781888	-0.198635156386132	-0.246245186702673	-0.0507948657838462	-0.256009430516645	-0.261663064601885	0.27650643888499
XLOC_001516	-2.02787431441677	-1.38500910517673	-2.30326406905887	0.751810744964554	0.938490610334404	0.941166110550642	-0.0748426556800821	-0.0135068463276147	-0.593422688850386	1.25579272229226	1.17545607338707	1.33520341798152
XLOC_001518	-0.37834669559907	0.296149008333435	0.238453111359007	-0.756357206598186	-0.902134856287979	-0.583094824143933	0.778839148827648	0.68759867886485	0.0301551212711564	0.332274963301201	0.839816001458194	-0.583352450786328
XLOC_001538	-2.91012394060885	-1.66111636566454	-1.24347984365174	0.758680550867721	0.91882902430281	0.169936817689191	1.05872998407351	0.175200216675877	-0.0998393187421707	0.900659804757607	1.01181989440049	0.920703175900092
XLOC_001539	-0.981318618267098	-2.64815272495701	-1.4290738200945	-1.39122793159809	0.0990295725442705	0.446716483204568	0.427226915685484	0.699254124285593	0.688242683020341	1.48265028233276	1.46453097049871	1.14212206334496
XLOC_001579	0.515863105829269	0.959201604968341	0.716803039712306	-0.734055688007145	-0.923935684534231	-1.33151621698363	0.716790552439606	0.42476114771079	0.848324628339777	-0.140964466112095	-0.639914670031074	-0.411357353331915
XLOC_001580	-0.114427216113146	0.410309560383673	0.100874471546346	-0.748383140051918	-0.374166648984845	-0.13766659819102	0.315355487435419	0.609981808426002	0.276945919376425	-0.0301889462312284	-0.199444593458285	-0.10919010413742
XLOC_001581	0.750087684356024	0.751641379662306	0.67685217215986	-0.465654705980919	-0.972552300531257	-1.34683428773425	1.26821151738906	1.31959730466491	1.31667975169268	-1.24643702477497	-1.47297641563162	-0.578615075271817
XLOC_001601	1.45633213752249	-1.54225321330812	2.48620747254625	2.5906650981042	2.11119548876135	0.252538701071528	-1.54225321330812	-1.54225321330812	-1.54225321330812	-1.54225321330812	-1.54225321330812	0.356580381842926
XLOC_001602	-0.944422909087745	0.477954626592269	0.116539417340313	-0.674916955089634	-0.54851083185938	0.337168997337774	-0.344477323473177	0.0314608416429509	-1.0733301206766	0.561337805077781	1.22169755935828	0.839498892837169
XLOC_001603	-0.636524488620457	-0.510718399036848	-0.956436043366775	0.932504081984509	0.799742135280432	0.923974647343138	-0.693722018409248	-1.06759942725015	-1.5294133180335	0.654935487036897	0.932734997485824	1.15052234558618
XLOC_001610	-0.71006030123798	-0.020724727746428	-0.0392920708619293	-0.690342384723984	-0.471721257052119	-0.628154513622396	1.17054476093249	1.17473130023987	1.22569780793263	-0.745605981295831	-0.50548472632951	0.240412093765195
XLOC_001613	-0.2517485126995	0.639772524539089	0.51464247585009	-1.49674632991923	0.0485908942795978	0.339357377149972	0.658527041511347	0.950870265289618	0.548530818118493	-0.325075807996811	-0.789481906363918	-0.837238839758754
XLOC_001617	-0.124940696702327	-0.398041477673271	-0.476811174262579	0.512381688743229	0.548711341385445	0.300047807380716	-0.25180922857046	-0.128106958323219	0.0414152049287306	0.0701684791230939	-0.146097223011896	0.0530822369825295
XLOC_001626	1.37577899755603	0.667456003258863	1.0525542821509	0.183177932837704	-1.25458036376002	-0.224526703248191	-0.308024720372933	-0.219271983828374	-0.612648394510148	-0.271992114191269	-0.43503228478916	0.0471093488965879
XLOC_001633	1.98057610569227	2.50352285066859	1.72706643757174	-1.38719838375059	-1.38719838375059	-1.38719838375059	-1.38719838375059	1.18763987816	0.130598347449862	-1.38719838375059	0.793786682961096	-1.38719838375059
XLOC_001656	2.6368905879405	2.31869349840574	1.73722054866892	-1.64542524841451	-1.95779239218484	-2.16199258659222	1.58123914472537	0.742795987885234	1.78381843417563	-2.43354403633686	-1.69738221334097	-0.904521724931999
XLOC_001673	1.20105881351542	0.73195612332638	0.876598966593373	-1.82603987234293	-1.76280055670124	-0.223032551615585	0.029409351937729	-0.0965015886086862	-0.612744898554972	0.310671891388117	0.762921244417686	0.608503076644711
XLOC_001680	0.688987158572869	0.861642441471652	0.284093693742598	-0.183283770027583	-1.9299093241653	-0.879964235564587	0.561206259423563	0.516585453624174	0.82452886865541	0.370148156133577	-0.631878864768352	-0.482155837098018
XLOC_001700	2.3841749342027	2.36864658970763	1.98065949772046	-2.11390406108842	-1.25984394956943	-0.580194244382753	0.665777460431244	-0.946875656266585	0.633219119294661	0.360942821783651	-1.36781792787802	-2.12478458395515
XLOC_001702	1.60623620902803	1.37074487202112	1.14538494878422	-0.678005590879395	0.138359248513505	-1.03803184726621	1.24442667418694	0.324170821435119	1.28715253232416	-1.56949122926322	-2.00907882541632	-1.82186781346796
XLOC_001704	1.22807921136897	-1.27308793541002	-1.27308793541002	-1.27308793541002	0.688851499119616	0.521703978969628	2.09157321387774	1.30175032650057	1.80656938262363	-1.27308793541002	-1.27308793541002	-1.27308793541002
XLOC_001705	-0.223986920649118	0.866030052192873	0.809034520198852	0.000774132550235507	-0.609332191636161	-1.31516946209272	2.40925743603028	2.52878608792008	1.84731943574015	-0.722774184475575	-1.70447691953361	-3.88546198624529
XLOC_001706	-0.336305017401017	-0.49970017785393	0.285342179593474	0.38810830387191	-0.153312331105958	-0.651680973334818	1.83307654085018	1.80694117552369	2.04785808574482	-1.62747730943515	-1.66212916753596	-1.43072130891726
XLOC_001708	0.243059508014557	-0.190840911985042	-0.361592517059151	0.51459133853243	0.248139548027067	0.231025652715054	-0.348250912887934	-0.166231659744422	-0.166847889858708	0.340392165507355	0.0441048729855016	-0.387549194246715
XLOC_001715	-0.85488803817132	0.275504509145774	-0.315650429635875	0.201357510050462	0.0232680017355911	0.602901664355059	-0.858225487042305	-0.266058116114119	-0.816221258074978	0.723581825414797	0.791408894888743	0.493020923448168
XLOC_001725	-0.0431456457884369	-0.248850243498092	-0.135285900208894	0.159829319377648	-0.503661575592623	0.230489671141152	0.328379615901536	0.290629168859054	0.126217772100322	0.272997994675244	-0.0530474417739981	-0.424552735192904
XLOC_001745	0.683720849596666	0.265272596518517	1.059279326089	1.81906812092687	-0.0655248449850907	-0.467686701123332	1.98635728568801	1.13493762923779	1.30522856821641	-0.580681566481431	-2.47949309848586	-4.66047816519755
XLOC_001746	0.870643425231913	0.473007201617565	1.94882763815946	0.55375877645598	1.16494177896432	0.408685772799967	1.00974825883713	1.16321813236417	1.51138350133994	-3.03473816192348	-3.03473816192348	-3.03473816192348
XLOC_001748	1.21972672049789	0.16698547032779	0.990491139572133	-1.2814404262811	-1.2814404262811	0.513351488098549	2.76304599447952	0.517245013510283	0.236356304919351	-1.2814404262811	-1.2814404262811	-1.2814404262811
XLOC_001757	-1.74321699691829	-0.294791100309398	1.01050303088043	-1.74321699691829	-1.74321699691829	-1.74321699691829	0.292481204648611	2.24538822423128	2.06874080665726	1.05716115353882	0.437768069793397	0.155616598232759
XLOC_001758	-0.268511037433989	-0.0275330672016922	-0.071879788789893	-0.233444989020296	-0.276989220643218	-0.499719808854695	2.07379667478414	1.63852597292019	1.82813409016367	-1.98483969841994	-1.69580917628092	-0.48172995122335
XLOC_001766	-0.334559100436294	-0.422972416932416	-0.169669173584261	0.164959443732431	-0.12368822873364	-0.205484694086563	0.518511800099793	0.33178563092425	0.962786916529237	-0.0150309416761418	-0.775294126167781	0.0686548903313833
XLOC_001768	-0.263564348866666	-0.986853209051827	-0.488633543726726	-0.138501877724084	0.796303756196982	0.568563925350293	-0.26695092717851	-0.349976982218186	-0.425915851571562	0.603713816504463	0.273261367681597	0.67855387460423
XLOC_001773	-0.138443305525178	0.493297858562342	0.407321458148963	-0.143741641713635	-1.04440803240108	-0.133029549648073	0.915324709949911	0.732332022034494	0.859680186974281	-1.00332440097531	0.0184195237925477	-0.963428829199263
XLOC_001776	-0.104597271097915	-0.13926399722459	0.539499003167227	-0.301704063530059	0.266643597459388	0.24058355818259	-0.453720286700843	-0.651712427859244	-0.947610195394963	0.342824119176798	0.799816993924277	0.409240969897335
XLOC_001789	-1.20983078276978	0.946634084501044	0.333589193677716	-1.20983078276978	-1.20983078276978	1.86209881743197	-1.20983078276978	-1.20983078276978	-1.20983078276978	1.95285701899993	3.37363636477782	-1.20983078276978
XLOC_001794	0.731155119200338	0.552352963724482	0.0874949251018862	-1.15481179440137	-0.88451959124857	-0.77557572074602	0.660341430261499	0.578073159061048	0.958275333651513	0.141502249856173	-0.467753359667105	-0.42653471479388
XLOC_001795	0.631732379558304	0.41024199343549	0.408555189419431	-0.373591269496954	-0.693419812385212	-0.648395017242093	-0.281637319963151	-0.138484683803165	-0.265684080863771	0.0775612323069179	0.359678654055775	0.513442734978421
XLOC_001803	-0.560364339130412	-0.541675376669706	-0.286178901105664	0.804261610162202	0.567637555944525	0.580300489609407	-0.305299642091445	-0.270268038033452	0.197087339018573	-0.15018048478975	-0.454805832651784	0.419485619737499
XLOC_001804	-0.0227385126516548	-0.320745013666068	-0.174075983667761	0.548674949775743	0.449665347077957	0.4955208431626	-0.190252914928108	-0.102088482686664	0.0586650811222551	-0.00825474266845383	-0.496416494945823	-0.237954075924021
XLOC_001805	0.0156393224418494	-0.459103867584595	-0.370277428276321	0.676455889889745	0.562288441921115	0.304453377618245	-0.199415756140363	-0.109275929580214	-0.00853209215387274	0.0579520304145262	-0.153799552767493	-0.316384435782625
XLOC_001807	-0.21070215773513	-0.616332667132735	-0.107880084190414	0.465314168977243	0.645732435752656	0.587891983935439	-0.266514337280365	0.139276827031025	-0.19833506414605	-0.214040947952877	0.0526294799736062	-0.277039637232404
XLOC_001818	-0.167960025036342	0.439055663264282	0.585044392085874	-0.461643694836617	-1.03145556692425	0.0422389001041203	0.0983566629292181	0.794295371260434	0.502137502907322	-0.149203653121077	-0.517467378198735	-0.133398174434231
XLOC_001824	0.037222841131733	-0.249142545148462	-0.204320301618921	0.0628610796385267	-0.254842650444889	-0.175648256323086	-0.354270141039219	-0.368140851602943	-0.370746689943701	0.67995745177906	0.7300155341966	0.467054529375293
XLOC_001840	-0.00712025502842373	-0.895222307392118	-0.288995930945209	1.06927559687582	0.980332786391397	0.128829748643403	-0.722655988229921	0.297634706583231	-0.275162001438913	0.209138111998812	-0.0697061953914453	-0.426348272066631
XLOC_001850	0.53134349956118	0.12917573225101	-0.185767679452217	0.114529544660241	-0.725243143033047	0.0343862469819465	-0.963187494986224	-0.674727996220014	-0.0948059278635851	0.638678445140327	0.48938452564702	0.706234247313359
XLOC_001853	0.315164613727817	-0.186507898798781	0.104818510502255	0.230257405130254	0.300427729566792	0.132185233238827	-0.786264031357015	-1.21069821470603	-0.790612700591341	0.660797817870612	0.689126110887062	0.541305424529549
XLOC_001868	-0.714781743878525	0.338482157420713	1.33644719355784	-0.0414068185868866	-2.24715294646826	-0.327424813423741	0.302053211530533	0.420141621961008	-1.40434234667458	0.110441308185484	1.44191018811288	0.785632988263539
XLOC_001869	0.802675512943613	0.374179706128762	0.219312596531744	-0.560190877005211	-0.796824156870231	-0.389844194840456	0.232536218564217	0.432248951940288	-0.1297865650388	-0.0367501809015147	0.028071029600178	-0.175628041052589
XLOC_001873	5.81370207002015	5.72891967497252	5.62511989252966	-1.08554355605105	-2.99525767406883	-1.20046575968918	0.369403475218925	-2.99525767406883	-0.274847426656845	-2.99525767406883	-2.99525767406883	-2.99525767406883
XLOC_001874	4.82937724920344	3.88289797199298	3.80059840524997	-1.69258709709538	-1.69258709709538	-1.69258709709538	-1.69258709709538	-1.69258709709538	1.02782315031661	-1.69258709709538	-1.69258709709538	-1.69258709709538
XLOC_001875	5.64866916111407	4.96593913825236	5.39964648571162	-2.00555033184944	-2.00555033184944	-2.00555033184944	0.0301478697174629	-2.00555033184944	-2.00555033184944	-2.00555033184944	-2.00555033184944	-2.00555033184944
XLOC_001876	5.60916206112529	5.58065554114517	5.39391570245786	-2.0112811151032	-2.0112811151032	-2.0112811151032	-2.0112811151032	-2.0112811151032	-0.493484383902743	-2.0112811151032	-2.0112811151032	-2.0112811151032
XLOC_001877	-0.837110831161015	1.31935403610981	-0.837110831161015	-0.837110831161015	-0.837110831161015	-0.837110831161015	0.513446141034117	-0.837110831161015	-0.837110831161015	1.4783016956372	3.38578477650699	-0.837110831161015
XLOC_001885	0.84273827846983	-0.002938110925367	0.352001124765242	0.200854420460281	-0.541988246094707	-0.573405787872848	0.51661878835331	0.692522065108083	0.584662511242185	-0.499581634739619	-0.944833310946345	-0.626650097820041
XLOC_001889	0.600649104880013	-0.0915615201350253	0.192778353049738	0.24882016704849	-0.104177716673521	-0.235995835371177	0.281939544827153	-0.141529916579495	0.419045999676017	-0.371507518747003	-0.280039464079535	-0.518421197895656
XLOC_001895	-0.502509719545222	0.127262338559014	-0.0734935349924299	-0.336808189048408	-0.266445151395192	-0.0201333009384213	0.440057467875894	0.0265673207305355	-0.30430411991967	-0.210930448507151	0.202131550888357	0.9186057862927
XLOC_001925	-0.445963548048708	-0.292951454856601	-0.475508209099082	0.896275050479768	0.535980814023412	0.272318550754227	-0.563873170461712	0.0267324381402956	0.267691992003712	-0.0384023076303146	0.0655425300844641	-0.247842685389459
XLOC_001931	-1.46702394574846	-0.142229994400198	-1.71188926878036	-0.877112358199615	0.292618406587184	0.217893066002222	0.847371090956496	0.692494778939859	1.31686588686263	0.0501620986633311	0.570527012281723	0.210323226835195
XLOC_001935	-1.31343890695583	-0.532022018994851	-0.177493524633389	0.116293026115192	-0.564103044262746	0.365453851829346	-0.285518333014558	-0.594167475325699	-0.11927716838004	0.0615764381195349	1.74306011262714	1.2996370428759
XLOC_001938	0.329496691605652	0.441379706272718	0.256412409057939	-0.929932861805367	-1.10376413784665	-1.10730148310014	1.04128403404602	0.83596523351193	0.813215491263271	-0.136437157586549	-0.276279066267234	-0.164038859151594
XLOC_001944	0.463603296888773	0.432020484097391	-0.350972537273423	0.336735893830181	0.895088316447836	0.261860847727726	-0.951590615540259	-1.79608749354802	-1.43251315166218	0.897244817242785	0.557380640490317	0.687229501298884
XLOC_001966	0.48676719493189	0.471110255352814	0.113404018627696	0.237264952832936	0.536753160219908	0.451784880247434	-0.571092845749193	-0.419481733558738	-0.618198662083389	-0.440853910295806	-0.0151537216429265	-0.232303588882627
XLOC_001970	-0.30194144726193	0.0702692714932205	0.266211197100293	0.392628747722994	-0.182906690878448	-0.959271161503239	0.654892570891064	0.754327172059018	0.125263246343429	-0.321146564259586	-0.179170023389185	-0.319156318317626
XLOC_001980	-0.758988781078649	-0.380216681236209	-0.692029408095323	0.720439480736149	0.79077856731855	0.681960516297819	-0.40268748510363	-0.109429063828907	0.25898389224783	0.1216683529416	0.163592320989872	-0.394071711189107
XLOC_001985	-0.407613300600817	-0.203206530328782	-0.109404769632459	0.119152945900992	-0.45638249270045	-0.538178958053373	-0.639383237882657	-0.133960384595369	-0.346398313364052	0.560201986187918	1.05672067357513	1.09845238149391
XLOC_001992	-1.82348234689559	0.633392344406358	0.438040911525939	-0.525440557121852	-0.568984788744774	-0.222532131085524	0.351252254379636	1.08563384681617	0.101645438725689	-0.451394565780923	0.117986386840082	0.863883206934787
XLOC_002030	0.661400294771694	0.582718000187052	0.454760045649069	-0.314148305975625	-0.195179432063961	-0.169787877963424	-0.690056766100806	-0.416045507914101	-0.789922231128234	0.0998765182062051	0.369538052982621	0.406847209349502
XLOC_002031	0.653284191977223	1.12124564209963	0.872222015371017	-0.762803064689927	-0.373267540864309	-0.464788682156177	-0.319195968420557	-0.311023664338476	0.0586061456384668	-0.723623956502275	-0.28718199810963	0.536526879995021
XLOC_002032	-0.0949585635455792	-0.295602348822027	-0.618780365772896	0.0181418701345306	-0.999115451765835	-0.758587023209412	-0.177818248711479	0.303569353855205	-0.65599781596428	0.768552709137534	1.53027391541124	0.980321969252996
XLOC_002034	0.523083976002745	-0.363570414046174	-0.494147200147363	-0.603398515514667	-0.125831906325688	-1.44949337831648	1.54335471738042	1.80464464026346	1.21063106062757	-0.492031278488441	-1.15356261523367	-0.399679086201717
XLOC_002043	-0.0867212475659436	0.299882625589018	0.428743434556569	-0.928890906554436	-0.118356067421262	-0.234427686482422	0.913461246786826	0.708899326304519	0.702836453573259	-1.00055949332357	-0.481779636869451	-0.20308804859311
XLOC_002044	-1.11788149875987	-1.11788149875987	1.15405006709337	1.58582108442629	0.84405793576977	-1.11788149875987	2.78428464087895	1.45695676315072	-1.11788149875987	-1.11788149875987	-1.11788149875987	-1.11788149875987
XLOC_002045	-0.306128471862881	-0.0678863624176245	0.189569753652457	-0.522141516562129	-0.282520736361695	-0.576531614523937	0.89457527689305	0.733326200410666	0.61502867347938	-0.0693295271804608	-0.05297498717845	-0.554986688348369
XLOC_002046	0.251316051266262	-0.0278686628412412	-0.305569635132643	0.329167562862875	0.151078054548003	0.11465329030872	0.142684970356773	0.882690891836362	0.814535697256047	-0.449152894779504	-0.927059509335324	-0.976475816346325
XLOC_002050	0.091226174180874	-0.556346846186222	0.645834388494379	-0.390890609235088	0.32580129807977	-0.141729783520933	0.384662633951535	1.09083412594116	1.07520065451251	-0.84606065626406	-0.525834233913624	-1.15269714604031
XLOC_002054	-0.125467940568699	-0.36286270270975	-0.335322727995749	0.316798504569798	0.0701947143549262	-0.0704679745563013	0.602706025662217	0.884541031001138	1.26551864855785	-0.372493413019605	-1.03305746167479	-0.840086703621034
XLOC_002055	-0.165456969816074	-0.111432339002881	-0.445212551532794	0.821677132992661	0.102934781904247	-0.082906020129129	0.450567998561267	0.91425004915119	1.03080144376469	-0.813162913674222	-0.559113264253685	-1.14294734796526
XLOC_002065	0.814296309883646	0.767753985020157	0.408281713570848	0.0128134938294657	-0.361753543376235	-0.763915399514477	0.464613316021479	-0.0142781008870072	0.724613062459675	-0.106590595932638	-1.9442657922123	-0.0015684488626091
XLOC_002070	-0.646524424313523	-0.721800612268874	0.0166716128679578	0.494846682226079	0.00783606390663927	-1.38770758311333	0.70367566916341	0.610236083619724	0.131949729951774	0.428527475492046	0.438697154830853	-0.0764078523627596
XLOC_002080	1.36739015441171	1.51180635242585	0.576273388578647	-2.53799143274368	-2.53799143274368	-2.53799143274368	-0.039657380325163	1.65996486154398	0.182418814668306	-0.222578905945469	1.54146138980976	1.03689562306343
XLOC_002082	1.85181390177428	1.78425732046191	1.11611250813995	-0.313596874297729	-1.20987717552751	-1.08945589543605	1.18159233149419	1.0253737016682	1.5944322580185	-1.64966040910649	-2.23873307501341	-2.05225859217583
XLOC_002100	0.750463736120303	0.39300455520493	-0.00657080291394685	0.21995893122891	0.0215633400270487	0.322987697231561	-0.307366046096332	-0.249719195128151	0.0508538866245605	0.233810497783977	-0.334571778577998	-1.09441482150486
XLOC_002111	-0.555744233788662	-0.605804270390646	-0.575411079893959	-0.468858595015119	-0.121052331700692	0.496090884317947	-0.385499866931986	-0.104762871847096	-1.00754171584105	0.560871090917027	1.03982818606086	1.72788480411337
XLOC_002112	0.187316626822037	-1.54852041457471	-0.00510043812720817	1.15518216861145	2.10492828749477	1.52340918562705	-1.54852041457471	-1.54852041457471	-1.54852041457471	2.14440159030847	0.63246465213698	-1.54852041457471
XLOC_002115	-0.0996543790471414	-0.343790024078947	-0.328346910618516	0.631125806838654	0.755453724284944	0.503438734422065	-0.764522196376889	-0.615782726099694	-0.535273995053068	0.391528176507293	0.267554071805851	0.138269717415454
XLOC_002135	-0.329987831104313	-0.489546284760898	-0.259556338726564	-0.228395640740509	-0.387615900570726	-0.232080008843188	0.0117211093444229	0.316657315887456	0.438216509107077	0.290162071009291	0.375772776087157	0.494652223310796
XLOC_002137	0.0323702673419088	0.0596041373942731	-0.235314478930237	0.0797391411287052	0.331178155427847	0.889024397381427	-0.21928874402399	0.678653597917075	0.591861639387357	-1.4633970143275	0.319691982762999	-1.06412308145986
XLOC_002161	-1.83172796705615	1.1531166492849	-1.83172796705615	1.38116251191128	1.82172073501332	-0.0369360526765006	-1.83172796705615	-1.83172796705615	-1.83172796705615	2.68404342818626	2.0884269354666	0.0671056280948976
XLOC_002162	0.74931810777711	0.404615828268944	1.00187098879684	0.951853544184277	-1.75184903900188	0.0429428753777685	-1.75184903900188	-1.75184903900188	-1.75184903900188	2.48836337753993	0.429136027709804	0.939295406352868
XLOC_002169	0.617667150043593	0.293203824776492	0.243306780922216	0.184815727199958	0.196538309211712	0.46758544127229	-0.582157100066098	-0.322733252730695	-0.239345503294782	-0.565762516991514	-0.143886577954336	-0.149232282388841
XLOC_002191	0.383697624465087	0.152296165323715	0.00815700535831532	0.264404378312966	-0.0380154641741512	0.0152545637481314	0.132848180429312	0.0834650330958731	-0.0174036218792715	-0.362217480189553	-0.426328416863127	-0.196157967627292
XLOC_002214	-0.761099251856119	-0.209916387624281	-0.0922111146504614	-0.311616504040124	-0.507561165776374	0.136250974816182	0.3466187294337	0.307339685598737	0.226415323282946	0.285501230232827	0.238024888513428	0.342253592069534
XLOC_002215	-0.1144036348572	-0.331010082656126	-0.683774229164321	0.628527457811588	0.232804033153447	0.443905442757776	0.274239659598834	-0.185055472902691	0.33296574383548	-0.0995661258813882	0.234958663563121	-0.733591455258518
XLOC_002216	0.207859032513393	-0.498240720621752	-0.398575995881685	0.620454046025287	0.554209780867308	0.290506036436061	0.287391051162242	-0.584570187354633	0.897481814133305	-0.0553597770443721	-0.300117179471821	-1.02103790076333
XLOC_002219	-0.844518735580577	0.630222306929656	-0.808066046196364	0.440542681360825	-0.545710847494639	0.712386688785808	-0.96664369715149	-0.319502969025624	-0.845283496387749	1.00105160477343	0.517116708698991	1.02840580128773
XLOC_002229	0.493057451216787	0.411855233616306	0.451342496335937	-0.687766932240344	-0.804205872620464	-0.839473781047931	0.612899672620287	0.817405952318653	0.661978872468662	-0.268699953298128	0.0372231996779879	-0.885616339047749
XLOC_002254	-1.63312050053874	0.58983197459209	0.351859948713593	-0.49878753995703	-0.679442815851565	-0.256162831507563	0.736457999028657	0.956303716304332	0.760536762856976	0.404784559302184	0.324557522619305	-1.05681879556224
XLOC_002270	5.27967932807735	4.41930873436716	4.50412131480819	-1.97295603444667	-1.97295603444667	-1.97295603444667	0.0627421671202293	-1.97295603444667	-0.455159303246219	-1.97295603444667	-1.97295603444667	-1.97295603444667
XLOC_002277	0.35420873097769	0.843532134156081	0.333987677867736	-0.131951656032332	-0.52169173164674	0.0591065379639746	-0.480963930993353	0.393736290717467	0.334323080805071	-1.40938331763907	-0.353802095886276	0.578898279709758
XLOC_002280	-0.499054274486578	-0.514491221797977	-0.202423818564989	-1.64015430447264	0.173808704183161	-0.675204825139573	1.10478844306683	0.165414714559578	0.0766388852241304	0.403041612087162	0.503906395669532	1.10372968967136
XLOC_002283	-0.293311999073501	-0.107601572699267	-0.114158131891321	-0.584465788711564	-0.0846328567449088	-0.185882256059579	0.3957993934465	0.376682598333007	0.0933199490344938	0.186623183552165	0.266244265785298	0.0513832150286753
XLOC_002288	0.888244152551765	0.554411086952491	0.239478151544706	-0.364134955291041	-0.702163054295179	-0.866772743026912	0.149000619881241	-0.302511444246194	0.0780882939555241	0.200291801657286	0.0661187958285243	0.0599492944877795
XLOC_002290	0.761764717401027	0.815535887152276	0.425831652833264	0.180121933228135	-2.36364153492129	-2.55712324030549	0.700500709071948	0.958636274150246	1.48587507027597	-0.491378812819839	-0.65441898341773	0.738296327351482
XLOC_002292	-1.260624078985	-1.67415204916589	-0.0703611919605427	0.120379594174835	0.190165848198956	0.113499682302193	0.177675419552535	0.789763437885675	0.321292118428474	0.382693418463632	0.80393751005808	0.105730291047052
XLOC_002303	0.1128290376764	-0.17670961829878	-0.305428108353084	0.302855241031143	0.304734393854751	0.0399288822876223	-0.0729748138042332	-0.0339104794724729	0.0345303236468908	0.185615837996313	-0.0630589431210087	-0.32841175344355
XLOC_002304	-0.905222605956299	-0.491830252145623	-0.345739394229677	1.01524039711748	0.502709946044594	0.133862011917787	1.4666291929873	1.2592632689021	1.27730335194414	-1.0619790832429	-1.66146812651937	-1.18876870681952
XLOC_002308	-0.475746273032945	0.352968980650198	0.165041778859333	-0.975579678512822	-0.426069832342394	-0.0335273321433425	-0.0508363186186598	0.384252686852146	0.0713444185113143	0.404095695444535	0.186738608521495	0.397317265811147
XLOC_002310	-0.333041836130858	0.134820629398039	0.357485003883617	-0.263680263648644	-0.380119204028764	0.146218424776713	0.681657223110958	0.367173943200915	-1.71127281428437	0.410599046589906	-0.00905678267961019	0.599216629812093
XLOC_002320	1.8557415961902	2.81134640892622	2.67649619140691	-1.51203289325266	-1.51203289325266	-1.51203289325266	1.33604862314648	-1.51203289325266	0.00576383794779045	-1.51203289325266	-1.51203289325266	0.386800701898387
XLOC_002323	0.339760061873868	-0.550819769526167	-0.603884302021382	1.45454214013612	0.508816471602082	0.071112811997911	-0.153281029617005	-0.388560020525133	0.107865978836458	0.281562415937279	-0.64798910236421	-0.419125656329827
XLOC_002341	-1.18885900094421	-1.47091649790324	-1.81042930938129	1.04332325042537	0.951929385584689	0.74824148397045	-0.0815053371218628	-0.185307493471314	0.0348311225364579	0.936378099730495	0.616151163463078	0.406163133111386
XLOC_002342	-1.20768450425747	-1.5085502283344	-0.983731248132035	0.870999153551942	0.33426848820956	0.194877269658638	-0.309992692319738	-0.0441484083964223	-0.0771748662750502	1.37996331797641	0.674956018503604	0.676217699814954
XLOC_002343	-1.06145797129999	-0.990938747809975	-1.2264002145294	0.622827560048895	0.351215022241361	0.442876050965276	0.159906548459964	-0.754996472376258	-0.148310186142282	1.11593514664742	0.623207488457692	0.866135775337297
XLOC_002344	-1.22494037991868	-1.50432060104559	-1.92843797908842	0.874165838566378	0.699189727611293	0.396200897289175	0.0490271878510047	-0.152926693163586	-0.112567592272996	0.959522362724734	0.790108573225721	1.15497865822096
XLOC_002346	-1.37533687854984	-1.06155678947976	-1.6529041872536	0.221914745107436	0.160563403340075	0.137491509000532	0.578462797173811	-0.401965101361997	0.43721742797064	1.24385464815694	1.00086991055332	0.711388515342444
XLOC_002347	1.00917318258196	0.727115685622927	-0.00805799356815218	-0.198095122364133	-0.0479783674793097	0.247742158514587	1.11318692466837	0.830717459423466	1.35784244049201	-2.08637996654888	-2.24276199797905	-0.702504403363796
XLOC_002364	0.233220029193134	0.0591318572299002	0.248538345053072	-0.0276230437043505	-0.591791428559175	-0.441975982397353	0.24692705908183	-0.0276587991305313	0.259071072375715	-0.526588980261534	-0.0939723394841039	0.662722210603398
XLOC_002382	0.399235145358422	0.84975794042802	0.221056411203654	-0.145192138091281	-1.01899330469118	-0.296898986898868	0.180651343853953	0.988065067415623	0.782434676448711	-0.287881005870806	-0.199445225720328	-1.47278992343592
XLOC_002388	0.596769912613051	1.26874451892497	1.21876720199444	-0.941679489972526	-0.417104680478795	0.421709420720457	-0.783429188007436	-0.629959314480396	-0.53253493744871	-0.191878657129831	-0.474556590989279	0.465151804254042
XLOC_002395	-0.685531847190729	-0.357181225658463	-0.0544568346892262	-0.0173672543879881	-0.118888380197598	-0.152433479542496	0.375416015758428	0.282723173015555	0.148768692271873	0.0324516307185529	0.230868495572651	0.315631014329441
XLOC_002396	-1.07569679758134	0.487640515756478	0.795062615869071	-1.78334529132839	-1.17216228882006	0.541566198078855	0.605534390351797	1.27433248896942	0.0830344535015159	0.234886836216893	1.05158864683164	-1.04244176784588
XLOC_002422	-0.993204472558225	0.110832052994061	0.146901289006767	-0.401224079424042	0.0476409419920838	0.0963435378308262	-0.116457977144949	0.0907694464290074	-0.470834823865868	0.334746570957765	0.768343090151838	0.38614442363073
XLOC_002448	-0.225195133309679	-0.386419360427908	-0.519477359580776	0.805088979098272	0.948866176407885	0.604862031411125	-0.655118702040066	-0.379870408085496	-0.380061701021475	0.235809463521033	-0.206487637208816	0.158003651235912
XLOC_002473	0.134703216126312	-0.51128954122557	-0.205597921150789	0.616902240085842	0.611016651923575	0.686978884196756	-0.568603204586396	-0.178490777863139	-0.072863820025872	-0.151562363854561	-0.319942475951247	-0.0412508876749067
XLOC_002481	0.151252629338404	0.691144675897569	0.268725371745401	-0.692076421794751	-1.4671622506482	-1.05069725029104	0.596011033887675	0.804503350668763	0.636229810334149	0.499705151340228	-0.0945376634907449	-0.34309843698745
XLOC_002507	-0.0667063916434332	-0.100753396345648	0.34790487917195	0.170869193693587	-0.295371851849604	-0.141893674048343	1.12317108574487	0.0203851289418964	0.706727399257677	-0.366095259823862	-0.785751089093378	-0.612486024005711
XLOC_002509	-1.15755347815994	-1.15755347815994	-1.15755347815994	2.43094346021953	1.60622075137684	-1.15755347815994	-1.15755347815994	-1.15755347815994	-1.15755347815994	3.08265893838187	2.14060467530124	-1.15755347815994
XLOC_002529	-0.0801773736441662	0.125194925911924	0.463263593899682	-0.289847009716472	-0.531185513330359	-0.0434336103714879	0.306017488048687	0.314588499801125	0.0782169492044575	-0.401286287656596	-0.0644605411279491	0.12310887898115
XLOC_002534	-0.909616622339079	1.1319441869658	0.790957219240453	-1.57368852859578	-1.0012613171728	-0.0845996477077238	0.918448258939643	1.69932706289727	0.0179895595374076	-0.378102394143781	0.974848888805774	-1.58624666642719
XLOC_002537	1.44457335887201	0.762663930511072	1.03149218206857	-0.159540979732281	-0.374522870805054	-0.315795619015484	0.298541613839414	0.0818341344885987	0.422616008946105	-0.385915278336636	-1.52237932721019	-1.28356715362613
XLOC_002539	-0.375877433280343	0.79927781103113	0.879634530194792	-1.38461590720675	-0.27819151768223	-0.245279220848708	0.0788631566895051	0.517739123021233	-0.00681480532827283	-0.108832739279245	0.486635878067059	-0.362538875378179
XLOC_002573	-0.00995778391261659	-0.102872810313032	-0.117772074630498	0.143429182478538	0.00970688256697905	-0.210695582453338	-0.0205765922603511	0.128144179591599	0.319405761297801	-0.0072936512043178	-0.14107065590534	0.00955314474457403
XLOC_002576	-0.0853268030199672	0.728479738699625	0.764401274919738	-0.341769032299502	-0.53104439942023	-0.985927424905242	0.0188907195786365	0.434271151764483	-0.283390790254693	-0.0798517653119779	0.400082921599132	-0.038815591350005
XLOC_002587	-1.65601114787016	-1.65601114787016	-1.65601114787016	-1.65601114787016	-1.65601114787016	-1.65601114787016	1.7086500014176	0.14267429192123	-1.65601114787016	3.1941051197859	3.12586220176826	3.4207864201981
XLOC_002588	-0.609894182420801	-1.53043115323514	-2.9718557931287	1.2958657189434	1.4345574224498	0.910454995107251	-0.112598259011433	-0.526670548426623	-2.99747903837574	1.49907213609193	1.75141187334357	1.85756682866249
XLOC_002604	0.36228854731151	-0.262353890314697	0.391136168892451	0.532139270386805	-0.22923381013551	0.137169631329942	0.389355240760498	0.17093005619394	0.0874547200682176	-0.0892345456524222	-0.889793709909595	-0.599857678931143
XLOC_002632	0.0960658160332049	-0.369138562742424	-0.36139344865292	0.460794637088671	0.821184259831256	0.462274925516239	0.0299820351439086	-0.191698056129149	0.369199958054921	-0.131498951188178	-0.319113645971108	-0.866658966984424
XLOC_002634	0.306003107173867	0.179194431989874	-0.473527307899209	0.833563318341123	1.28777679946722	0.587568636929732	-1.09515016826415	-1.21367293086907	-1.05547156322831	1.16283053305396	0.0240218907906939	-0.543136747485716
XLOC_002654	0.754718547030577	0.092236946196091	-0.336738855845498	0.470177797629635	-0.293530219186311	0.97684959916805	-2.9191642828691	-0.82481703656656	-2.40020049808667	1.07016980981219	1.21551568368945	2.19478250902814
XLOC_002655	0.381139455312742	0.102124602156592	-0.823345552988122	1.37878739457478	1.60604556220805	0.914237822960976	-0.263796758508907	-0.238829930880644	-0.804059260788468	-0.603233070756628	-0.996403295211349	-0.652666968079028
XLOC_002656	-0.124381280132177	-0.542829533210326	-0.400231963903998	1.3994272108803	1.43505874903847	0.808647160929961	-1.29455982437078	-0.414283061269352	-0.0763376807000569	-0.0502719706500026	-0.995583513886055	0.255345707274031
XLOC_002657	0.559178441634843	0.979806267508927	-1.1766585997619	2.03623187920553	2.09947119484723	2.56192241513677	-1.1766585997619	-1.1766585997619	-1.1766585997619	-1.1766585997619	-1.1766585997619	-1.1766585997619
XLOC_002681	-0.281983798111304	-0.0646260212538028	0.330161187676733	-0.497770456159475	-0.618999279357547	-0.282838538408118	0.0695352396213096	0.240257642544439	-0.134096503357023	0.502447173073753	0.713851333571883	0.024062020159155
XLOC_002682	0.733293887532428	0.456161454644354	0.221811449429115	-0.406828079526567	-1.26448154143232	-0.418186103248475	0.283718213094557	0.115281628983912	0.342151115926436	-0.542284144905393	-0.0614064068760278	0.540768526377979
XLOC_002688	0.549412134126115	0.677556312783727	0.320176553200358	-0.0420408946350916	-1.95175501265288	-0.156963098273226	2.22226545790273	2.0368502084967	2.19976337701021	-1.95175501265288	-1.95175501265288	-1.95175501265288
XLOC_002689	0.596680040357794	0.309268895569942	-1.13915700103895	-1.13915700103895	-1.13915700103895	-1.13915700103895	2.22550414824881	1.43568126087164	3.40696466222447	-1.13915700103895	-1.13915700103895	-1.13915700103895
XLOC_002690	0.954808516230648	-0.964540076603318	-0.869545996764711	1.17553096516725	-0.45102653868257	-2.41296597321221	3.20331124404223	2.64133126044483	3.96199451901448	-2.41296597321221	-2.41296597321221	-2.41296597321221
XLOC_002691	0.107301190570834	1.00077547461069	1.77394528752794	-1.62853585082591	-1.62853585082591	-1.62853585082591	2.77414165973885	1.44820667201371	2.66684482049343	-1.62853585082591	-1.62853585082591	-1.62853585082591
XLOC_002700	0.29305105025948	0.0705550901285603	0.159427482259347	0.0589733134126593	-0.00388802475066363	-0.37906689059803	0.514936948133213	0.621906828172882	0.901263982072473	-0.465405881032097	-1.07128117662193	-0.700472721435895
XLOC_002707	-1.69997668423187	-0.527037208573474	-0.745582632585853	0.752125664312465	0.265115045993025	0.862107471160162	-0.392610783998074	-0.0843958371774489	-0.958294159436278	0.747865913198943	1.08585299436466	0.69483021697374
XLOC_002708	-1.28173149548971	-1.0524853266667	-0.049708143121566	1.06621090542084	0.216672584220333	0.30641846840263	-0.769186090530277	-0.562460063859575	-0.647825889766536	0.334262807184183	1.38823671196038	1.05159553224599
XLOC_002711	-0.602914949495513	-0.710408843263215	-0.443473073498728	0.688356545617767	0.659659681987557	0.89952408936962	-0.930591874373794	-0.596459988639046	-0.572371941652902	0.807730476986165	0.546455011344553	0.254494865617538
XLOC_002713	-1.14445044791395	-0.906515495080767	-0.523487034892664	0.775683482852527	0.0601325863526343	0.0422845361128914	-0.434785932093845	0.389996719769385	-1.201644656366	0.352728581232077	1.23499516332827	1.35506249669944
XLOC_002744	-0.532879967296599	-0.0237199545861655	0.316924912171905	0.601452993285111	-0.767691088590437	0.20711569677146	1.99062404125603	1.62663875739172	1.79529341394218	-3.53146531812721	-1.35048025141553	-0.33181323480247
XLOC_002797	-0.650243923376109	-0.756119358364613	-0.416013975755803	0.656857149819557	0.640269786441447	0.41324835131042	-0.292922260846708	0.228563561297654	-0.582440746031755	0.558481730165619	0.62841571681935	-0.428096031479056
XLOC_002833	-0.288435614254582	0.323171267516533	0.238953427352763	-0.193402160757207	-0.468661343057073	0.105305579347402	0.687624203783722	0.500371298459574	0.251702752825089	-0.448015550640709	-0.0885459194981868	-0.620067941077319
XLOC_002834	0.0752137811499018	0.0484579947311019	-0.125494778938402	0.0177332032156681	0.189363025771181	-0.0400995710508809	0.119235473330122	-0.0024936523150032	0.00609917741440213	-0.0270272751356639	-0.00577814412794275	-0.255209234044473
XLOC_002836	-0.230411225329988	-0.415603039240088	-0.4682818565391	0.385356332186451	0.524844876829322	0.527945808881327	-0.485614200364802	-0.35463735723758	-0.132609564207423	0.348032483163363	0.266607635820172	0.0343701060383363
XLOC_002855	-0.64288697694262	-0.621308841848766	-0.498049304155126	0.655196360391717	0.631476829152062	0.488980349825587	-0.342550872751739	-0.232200037940512	0.0297074182053372	0.0806331202669366	0.000126360815741577	0.450875594981373
XLOC_002866	-0.499878809910789	-0.606998347044702	-0.308126491235937	0.898897158983258	0.800259097697161	0.572109325641168	-1.18178614825703	-0.267331187338896	-0.080941898109371	0.453195005115412	0.261791112532781	-0.0411888180730582
XLOC_002867	-0.207039031481909	-0.347504923994386	-0.45396888323832	0.714387280091277	0.891535224455174	0.522304515272037	-0.689318525970169	-0.390767762220287	-0.329788037022356	0.506612119270141	-0.218124029345534	0.00167205418433536
XLOC_002877	-0.204087796984694	0.564603571861867	1.75832258861303	-0.795540825745901	-2.70525494376369	-0.134962419611118	-0.669556742196785	-0.906569503972301	0.901329885566777	1.37454165495243	0.831285029689318	-0.014110498408936
XLOC_002881	-0.962577004871961	0.12743996797003	0.359513729614813	0.212551957928971	-0.671789034950346	0.0594502921131657	0.0653435690693112	0.318376692233547	0.0327852279327283	0.322264777143459	0.247643557674531	-0.111003731858248
XLOC_002901	0.105743189559744	-0.166768319346528	-0.241605565483147	0.548993117235035	0.455575078440656	0.586715005691943	-1.02949007990852	-0.714353315221175	-0.65830317913143	0.456334904884438	0.311884295525701	0.345274867753282
XLOC_002911	0.742526016998666	0.038060055225297	0.294076403716478	-1.01427392855314	-0.103180495802834	-0.259613752373111	-0.615630435573282	-0.18837849153596	-0.201319102529584	0.578002590835892	0.781824969026248	-0.0520938294346731
XLOC_002930	-0.070713531897316	-0.818441040529891	-0.551315826525166	0.299918527915742	0.650421878404669	0.600719971940095	-0.912980874397851	-0.632749371582909	-0.278151086743541	0.438560021957891	0.519116193297752	0.755615138160526
XLOC_002931	-0.566264703175078	-0.271584062188273	-0.281816592975485	-0.454355557329972	-0.680441108525763	0.445188828681364	-0.379215780890936	-0.651283032138239	-0.464893742908714	0.958854300833879	1.19659434652682	1.1492171040904
XLOC_002935	0.222924003629838	0.232670448067943	-0.164131745969453	-0.0179804955555758	-0.676657724762778	-0.844875081498519	0.878418929999293	0.767878731436118	0.533638666131069	-0.19492426413742	0.282695364839259	-1.01965683217977
XLOC_002943	0.295689326301246	-0.105456390914223	-0.0655710240162639	-0.428449003567022	-0.837042484326703	-0.00718634273664698	0.691408032245846	0.30370140825714	0.0760884618600217	-0.186555454918393	0.0940848366926588	0.169288635122339
XLOC_002963	2.42673619347462	0.59815922272406	1.37132903564131	-2.03115210271255	1.24497769189659	-0.236360188332893	-2.03115210271255	-2.03115210271255	-2.03115210271255	0.284260424085669	1.26700605074863	1.1684999806122
XLOC_002968	-1.11602056456885	-1.11602056456885	-1.11602056456885	-1.11602056456885	-1.11602056456885	0.678771349810797	-1.11602056456885	0.682664875222531	1.12492505122337	0.463516822589647	2.96343225798459	0.782813030582195
XLOC_002973	0.6152844586897	0.298865131807666	0.269030406994498	0.078058317597625	-0.288043000226521	-0.190841907821691	-0.0292468084903934	0.00932089207237574	0.194236428872642	-0.0730002170994872	-0.5617131591838	-0.321950543212617
XLOC_002977	-0.0965024723242642	0.0619942573349981	-0.00962430537665071	-0.372662289799086	-0.0984907867479592	-0.305677110394639	0.433079691901279	0.41032314268212	0.0485645010125584	-0.196389209267521	0.372074906495016	-0.246690325515846
XLOC_002980	-4.26598757248883	-1.63667624705222	-1.51226754469011	-1.56228498930267	-0.612538870419351	0.886811989677208	2.28869849007462	2.14826050167654	1.1262550417375	0.584128695167225	1.17415465015382	1.38144585546625
XLOC_002981	-3.12947665176935	-3.14321738625891	-3.85613043674673	0.55874853689924	1.05971002211843	1.89603967343937	0.166657419675611	0.518112716077306	-0.735819388373634	2.48952421880253	1.9562190386297	2.21963223750643
XLOC_002997	0.638737590782482	0.00203695605989651	0.817424452199156	0.199886221729018	-0.592726226910858	0.0454570308365208	-0.31414151566267	0.427531642765933	0.323221576869279	0.117831328990409	-0.780641547532109	-0.884617510127055
XLOC_003014	0.157207593757739	0.642324979134844	0.200494551567129	-0.468626622319872	-0.716578735353097	-1.43040724235522	0.859916475646784	0.869849438759804	1.00232790429498	0.0306015527937813	-0.346230906513188	-0.80087898941368
XLOC_003027	-0.354800853014724	0.139584030273268	-0.0275550285348238	0.3397693419702	-0.0013918552747878	0.214295968298048	-0.244194434320399	-0.312171206524368	-1.20254740361418	0.452407035219715	0.326191494940608	0.670412910581442
XLOC_003029	0.0361277902813146	-0.371962720736321	-0.573370275606732	-0.535524387110323	0.738118639400362	0.627233680130787	-1.05709935661809	-0.973377044216138	-0.430055279368423	1.50096783815972	1.13130115972773	-0.0923600440438763
XLOC_003031	1.61867772632035	-0.882489420458641	0.660930555988859	-0.882489420458641	-0.882489420458641	-0.882489420458641	-0.882489420458641	-0.882489420458641	-0.882489420458641	-0.882489420458641	0.585998933750304	4.19430814760961
XLOC_003032	-0.781514799037099	1.37495006823373	-0.781514799037099	-0.781514799037099	-0.781514799037099	-0.781514799037099	0.569042173158033	-0.781514799037099	0.736281932163355	-0.781514799037099	3.57184421874168	-0.781514799037099
XLOC_003041	0.514482386518333	1.18645699283026	1.25670171071415	-1.02396701606724	-0.315249814650318	-0.926715085336272	0.345391910541845	0.520865663103278	0.662330574628208	-1.01091441722462	0.125933173998029	-1.33531607905566
XLOC_003047	0.959854635169878	1.16950961218669	0.571355988946338	-1.28997805538015	-0.595484587490026	-0.383867331804955	1.03549055724268	0.161923433141868	0.0992890606919801	-0.431963182385537	-0.851619011655053	-0.444511118663708
XLOC_003052	0.380514034207704	0.655382121389789	-0.103280933182051	1.27988094783706	0.979649633003191	0.396620315679376	-0.327465032192976	-0.784610176538544	-0.217216285703381	-0.291069807247267	-0.215731655141216	-1.75267316211169
XLOC_003062	-0.579586276581743	0.312194492935568	0.453435164266227	-0.108143030765593	-0.0413814012901179	0.296662964842236	0.612032008436696	0.4476957398232	0.614575461994047	-1.0783735404082	0.112297675600857	-1.04140925885317
XLOC_003067	0.137919080984137	-0.896051545231232	-0.0450949490253914	0.629835324100433	0.728759706298898	0.595319035285224	-0.534642441412167	0.0828107128546121	-0.0682063938764053	-0.31070360108892	-0.225235796739814	-0.0947091321493732
XLOC_003080	-0.0789925197620303	0.086627054924417	-0.130038247445752	0.27030908258422	0.0728128247649167	0.226451554218285	-0.449309556011221	-0.591589442015792	-0.826830278422019	0.187940657065354	0.401930999996598	0.830687870103016
XLOC_003095	-0.403313988950842	-0.229009620411396	-0.716608594067254	0.0200483851059081	0.466478784023011	0.404594509890671	-0.542833963116815	-0.0221256868106421	-0.511953852532157	0.61547147518262	0.473119001200446	0.446133550486448
XLOC_003107	-0.84015016114019	-0.84015016114019	-0.84015016114019	1.0695639568776	-0.84015016114019	-0.84015016114019	-0.84015016114019	1.7346881007704	0.677646570060264	-0.84015016114019	3.23930266141326	-0.84015016114019
XLOC_003111	-0.847558863504339	-0.182850057318015	-1.05411287426247	0.646575496044948	0.0109002980963773	0.191143266947044	-0.0193260938269777	-0.0315250683410691	-0.239973369597759	0.616932852944931	0.713375328855074	0.196419083962255
XLOC_003116	0.922861861500209	1.26906281475585	0.0818253657292765	-0.913326721501432	-0.0910127315916371	-0.309032195806683	0.811156727654678	0.440605102820786	1.01308062401497	-0.808901654997723	-1.48938258850451	-0.92693660407378
XLOC_003123	0.86652534013568	0.746450541341761	0.835165354807608	-0.889513287051391	-1.12230070377744	-0.400206385985127	-0.0863537663094727	-0.577793111559261	-0.0160908054940014	-0.139712454208696	0.60444026922118	0.179389008879161
XLOC_003126	-3.06439676799107	0.20546174763448	0.783993462308046	1.77220726040603	2.09548237731514	-1.26960485361142	-0.566062715572553	-1.26571132819969	-0.823451152198852	1.32016423289878	0.676662421677436	0.135255315333671
XLOC_003132	0.0439923178349186	-0.123669828772329	-0.128856632950493	0.548533506951756	0.465794369064193	0.433365197118681	-0.608294294332312	-0.527414956910084	-0.449268324636119	0.0667238410382591	-0.0688234912815204	0.347918296875047
XLOC_003134	0.503763142807452	0.256160412273532	-0.218279483335844	-0.0946344598216431	-0.206668731830654	-0.141887147672985	0.446425758373638	0.623372181190666	0.731560973545999	-0.502625963741349	-0.564776283756424	-0.832410398032391
XLOC_003135	-0.155205265190379	-0.459863797067839	-0.0982474990011788	0.319520330176652	-0.0494179879388295	-0.137430169724047	0.866096463708723	0.586165531942366	0.23639257775974	-0.319728691353153	-0.371618467634857	-0.416663025677197
XLOC_003147	0.293288101668779	-0.0577397178615193	0.136564707308129	0.368576935278461	0.496088263031124	0.349917547582714	-0.60726128735709	-0.224286969606401	-0.052863640696482	-0.12820794154376	-0.128569514104229	-0.44550648369973
XLOC_003151	0.30054146383724	-0.125144942547325	-0.199282645586839	0.397704378895938	1.0483753260607	0.240313654013545	0.203485524662741	0.000627027760817356	-0.0185422128666346	-0.068469105242448	-0.12832635041851	-1.65128211856923
XLOC_003154	0.793456890114099	0.445403509815689	-0.317991422264266	-0.118716512294904	0.116987380757935	0.175714632547505	0.592287250563402	-0.0263266555211183	0.82399989795671	-0.668019375583211	-1.3914406155268	-0.425354980565047
XLOC_003155	-2.80606243532185	-0.651178242299416	0.68237980801816	0.148302033770417	0.496108297084844	0.141602885862706	1.53821671171203	0.969769605708193	0.568444455496829	0.87640884755779	-0.621744574195848	-1.34224739339385
XLOC_003157	0.0479900770694419	-0.654510063797055	-0.363739374126529	-0.568877176389872	-0.186368594975137	-0.0774247244725874	-0.464244804335489	0.316633999622139	-0.333325442987673	0.931765382526802	0.639342298684341	0.712758423181617
XLOC_003161	-2.27172819888323	-0.115263331612402	1.37086707775128	-2.27172819888323	-2.27172819888323	-2.27172819888323	1.09293295040453	2.10901829834308	0.44868204852876	2.11283280200663	1.64842670363952	0.419416246471521
XLOC_003165	0.969469181131458	2.66136503243865	1.22202206215118	1.6811925133199	-1.53169796564754	1.03859455850503	-0.181140993452403	0.26698747414385	-1.53169796564754	-1.53169796564754	-1.53169796564754	-1.53169796564754
XLOC_003190	0.669876339320719	0.894667899515805	0.961871551784314	0.340706284252052	-2.22460414988769	-1.61625106026476	0.741926500650155	0.194202912808978	1.14021514765207	-0.106746985701212	0.499534698932146	-1.49539913906258
XLOC_003192	-1.77018711659498	-0.0172804289874309	-1.12617719079108	0.200747889992559	1.1810607246004	0.656958297257852	-1.20186624313097	0.742896615001192	0.341571464789828	-0.132735515787373	0.938645556349534	0.186365947300484
XLOC_003193	0.976115362087762	0.0376412140382856	-0.0686838092545639	-0.245719494732927	0.424832447395699	0.583315168838742	0.420174961438904	0.0482096260700713	-0.65745439508891	0.116281773703191	-0.326432250752221	-1.30828060374403
XLOC_003225	-0.489279369724032	0.164902656606803	-0.150670811088043	-0.0694309215096771	-0.466030017897801	0.443415093246986	-1.12901391860244	-0.401937827415208	-0.108040628973741	0.737082194223159	0.882836771787172	0.586166779346829
XLOC_003256	0.0114429516233443	-0.0518984028894316	0.158096844820275	-0.361401508843787	-0.0970179158812847	-0.551974561873323	0.262155814678229	-0.124996685321257	-0.374051827223935	0.197010880562484	0.264536129202803	0.668098281145891
XLOC_003257	-2.18610803009136	-0.721827270594657	-0.89922904744202	-0.0984668280365781	-0.231228774740655	0.341776257544506	-1.00587412719791	-0.366294257322497	-0.976856318042626	1.63938341670309	2.30386237550413	2.20086260371657
XLOC_003263	0.358621166854508	0.250887680138204	0.700144280037101	-0.524443381355316	-0.256538860273644	-0.611404336276729	0.594067110917338	0.310589848802359	0.661258459593479	-0.562224970352092	-0.580174221542167	-0.340782776543043
XLOC_003266	-0.804439072307405	-0.0602516312628127	0.084467123553905	-0.471474691553174	-0.311326218118085	0.150927905520151	0.474479359093626	0.619654305094742	0.43255620469038	-0.00147931617010855	-0.168698200651357	0.0555842321101334
XLOC_003285	0.788845137845987	0.409256828915344	0.28798237893499	-0.590416932773868	-0.519811520954299	-0.502164245649562	-0.240869180122981	-0.314178997624014	-0.0969073135595373	0.198508386592023	0.219407520453101	0.360347937942805
XLOC_003292	0.00142954646634408	-0.356849203932894	-0.0942891929169871	0.612189853266344	0.404544938334034	0.533763202720898	-0.280546710493821	-0.503389312532262	-0.559127081339259	0.0942575518126869	-0.325391787822065	0.473408196436987
XLOC_003293	0.599329211081463	0.382550377263543	0.24271768683737	-0.250744705949407	-0.196564616404981	-0.190714548711211	-0.0356789228845926	0.00124884020904226	-0.015467969674777	-0.210910334761209	-0.0198302313440823	-0.305934785661162
XLOC_003297	-0.21715778393157	-0.412675888315549	-0.119143407509751	-0.492541246504003	-0.514445377321974	-0.562430192720456	0.566525105159543	-0.129746904608818	-0.415627247912925	0.718015450091705	0.493491445290965	1.08573604828284
XLOC_003306	-0.384264072419167	0.00761293797586937	0.310337328945106	-0.210462603341903	-1.34714650519585	0.166122127968973	0.133517104313147	0.21778767499815	-0.0607294881789828	0.27975617937797	0.531853920072256	0.355615395484429
XLOC_003315	-0.364064814341802	-0.785245311433544	-0.461224305813785	-0.125833571442798	-0.799886479586125	0.00853094602121107	0.434166786323037	0.163793325694247	0.513427106679793	0.148644981359821	0.12674922509668	1.14094211144326
XLOC_003329	0.789355505229865	0.634409542816059	0.635753205272039	0.00829771392417555	-0.221546222744977	0.155036015707719	0.364583542180809	-1.49126161701261	-0.357103830343056	-0.152076917817761	0.551422762300578	-0.916869699512839
XLOC_003351	-1.45729538189116	-1.45729538189116	1.29642464590755	-1.45729538189116	1.81883441271797	1.11299714226141	-1.45729538189116	-1.45729538189116	-1.45729538189116	1.99473328563833	2.07924459156184	0.441538213259886
XLOC_003352	-1.72372994478863	-1.72372994478863	-1.72372994478863	0.979972638397532	1.5523998498205	-1.72372994478863	-1.72372994478863	0.0749554950027578	-0.205933213588174	1.43895785698109	2.62962907299015	2.14866802433928
XLOC_003358	-0.249185563073803	-0.0711846306793342	-0.16287763444527	0.695822693060126	0.660076157060606	0.196666277874296	-0.28040419033244	-1.21263808064171	-0.138507894658644	0.507110322993482	0.459525878080942	-0.404403335238256
XLOC_003362	-0.413663651065399	-0.716827739689958	-1.42169334450432	0.311123274264475	0.294706431504959	0.312575875781037	-0.0742442040818645	-0.327654812101762	-0.159739642588019	1.16480863899625	0.576766746087625	0.453842427396975
XLOC_003365	0.0894128712404001	-0.587217578014719	-0.169581056001924	-0.868359611169615	-1.61012275982614	-1.77727027997612	2.25585427917424	1.85900660361028	1.18759640599714	-0.120033526826283	-0.55962112297939	0.300335774772136
XLOC_003369	-0.179460650308387	-0.145243956955858	0.306196600105676	1.20722979121899	0.771662766274739	0.149606518658846	1.14414635847718	0.751196337552461	0.763830776857119	-1.43717439540113	-0.709906833513396	-2.62208331296624
XLOC_003371	0.790573517222199	0.199130400051613	0.00744857378696917	0.512312683079974	0.320931127929016	-0.60229896667673	0.964049438781561	0.39589280566243	1.05189306443211	-1.32033933770869	-1.58528680536817	-0.734306501192275
XLOC_003375	-1.13521560874575	0.0522987534540871	0.296721076308907	0.469064057383122	-0.420341858441279	0.0447102200946343	1.10197279772331	1.09689260788607	0.30476784989629	-0.378109611237652	-0.669419318463457	-0.763340965858272
XLOC_003390	-0.383386092404514	-1.63954256837999	-1.01884747062643	1.37347342874228	0.379878011815582	0.830848009038156	0.476470881392851	0.506968460657927	0.737867400739641	-0.0739762238670956	-0.167708706833223	-1.02204513027518
XLOC_003391	-0.302075019441222	-0.342280759024327	0.194054911763402	-0.455714997009308	-0.04299657082555	-0.54896963554192	0.432863608393486	0.0937500374864078	0.291386688256608	0.0328717217648755	0.497763465938077	0.149346548239473
XLOC_003412	-1.39832568023739	-0.149318105293077	-0.862231155780898	0.0787277573333025	0.519285980435343	0.849325327892367	-1.09846452006723	-0.0574201987945142	-1.61636599043368	1.25039827925572	2.41889894399944	0.0654893616906116
XLOC_003420	0.952648109250855	0.937297886617488	0.67637772407139	0.364566616266856	0.565970361673189	-1.0286134774068	-1.6239558957311	0.686066663388687	-0.480332185592823	-0.0874764112403961	0.309835937508162	-1.27238532880551
XLOC_003426	1.63116852836261	1.30954701176656	0.868400900143865	-0.714423687686941	-1.18066473323013	-0.946585517146857	0.681607489365637	0.797098581131907	1.28479113773146	-1.25138814120439	-1.41678101125152	-1.0627705579822
XLOC_003450	-0.0660718512684628	-0.137018614067076	-0.268830914479441	0.567229911892152	0.585736954001371	0.43185410237184	-0.749348409855575	-0.442323305758977	-0.357611158233004	0.298068684677308	-0.0736930656842585	0.212007666404132
XLOC_003451	-0.236640687933381	-1.11111345257117	-0.278625243899803	1.0795755142545	0.51641899803311	0.522760238506931	-1.04786139588993	-0.192607081574588	-1.26228112431375	0.747581954021638	0.5969431496586	0.665849131707837
XLOC_003452	-0.850339788663144	0.0114621722287627	-0.0900822491729665	-0.0519803421928335	0.302382803630014	0.735888604447815	-0.490814168071331	-0.496521084667977	-0.808094362198519	0.424266007336655	0.803175803560904	0.510656603762616
XLOC_003464	1.79223330122239	1.17967402914133	1.1456146023001	-2.05576004576818	-2.19959441079369	-1.71577198910019	1.26259957616867	0.446654989671685	1.40006991396954	-1.049672108983	0.0241565248580082	-0.230204382686666
XLOC_003468	0.213972806250309	0.410321026114843	0.703501015138063	0.12759555530493	0.125627606038579	-0.0110881245712431	-0.0537647534224686	0.0337038149320357	0.0333621187485331	-0.30818135345474	-0.70173374844841	-0.573315962630435
XLOC_003469	2.24881069992113	1.77383047719025	1.73541717279387	-1.64689086612362	-1.12231605662989	-0.107396220235699	-0.759566746347001	-0.021457902492358	0.0948276760164699	-0.586810137307552	-0.751253635280734	-0.857194461504873
XLOC_003487	0.739495150161248	0.0735544417078344	-0.165710997505296	-0.2904938626381	0.0738557327024125	-0.368468173748504	0.28356484692929	0.00887241221475144	0.547564038078183	-0.219499525039249	-0.204385148207173	-0.478348914655395
XLOC_003488	0.230651259948877	0.445867862864564	1.02799165772395	-0.497511586256892	-0.430214963880946	-0.0251280924754216	1.13635072788945	1.135692282509	0.345126058623473	-0.600813475628396	-0.618130284502197	-2.14988144681545
XLOC_003490	-0.818327880791159	-0.818327880791159	-0.818327880791159	-0.818327880791159	-0.818327880791159	-0.818327880791159	-0.818327880791159	-0.818327880791159	-0.818327880791159	3.5662331200987	2.71821209266185	1.08050571435989
XLOC_003494	0.246286705488288	0.440691220638792	0.470308498028594	-0.0105940489418277	-0.126984714398942	-0.616896503309765	-0.100627161203253	-0.474843288249078	0.0206667683469997	0.125631614131522	0.0343279444982034	-0.00796703502953555
XLOC_003495	0.576108790059842	-0.169876482370151	-0.479298367773473	-0.29328256774786	1.27809963917889	-0.809849905925571	1.31405986459426	1.70623006154636	0.544405946628073	0.017509211510832	0.197673316426123	-3.88177950612732
XLOC_003506	-1.27376152594704	-0.219966684483099	0.203909070752697	-0.058109233325669	-0.865327402741805	0.59869275860413	0.427161892856456	0.634867246530506	0.50262829995309	0.0899853985970225	0.720637758261311	-0.760717579057595
XLOC_003509	-3.44714926302341	-0.385994880843528	-0.834819853199495	-0.499429118828509	0.190294278145605	1.25782909340854	0.606931446381004	1.34629204763288	0.464352078915431	0.55741038991643	0.557045019534752	0.187238761960297
XLOC_003510	-2.48387670760188	-1.52827189486586	-0.958152779080428	0.157766269461983	-0.2011893055508	0.330642404130573	0.943511639009936	1.05515624356397	0.989762417103706	0.0229857112116365	0.890343823847584	0.781322178769578
XLOC_003511	0.582659584508323	0.662038920902207	0.266385975636303	0.261986065115076	-0.0948237416143405	0.0516065981638372	-0.359160314528358	0.480149134894428	-0.00973079836884505	-1.02912068417121	-0.317656655376717	-0.494334085160706
XLOC_003513	0.933377197732187	0.968919041452073	1.01758148062277	-1.24336437466711	-1.04196062926078	-1.39646604048292	1.62541654919027	1.19335461974998	0.916874926404169	-1.56419700782181	-0.896231517760286	-0.513304245158537
XLOC_003515	-1.41393319340966	-1.41393319340966	-1.41393319340966	0.495780924608127	2.23951550865982	1.15635933074291	-1.41393319340966	-1.41393319340966	0.103863537790795	-1.41393319340966	2.32712599625885	2.16095386239746
XLOC_003530	-0.373720218755082	0.220924131019923	0.245132503837908	-0.712750356256636	-0.288657598416195	-0.516258207612644	0.424713071064804	0.583501447635459	0.190149240542311	-0.211694035767199	0.266844608294465	0.171815414412889
XLOC_003532	-0.288786314949086	0.92285451109274	1.02624243220536	-1.13900844589827	-1.14225102843582	0.0930590554079682	-0.25935440994121	0.177329957785256	-0.783952347409028	0.776452134548855	0.748736886001744	-0.131322430408516
XLOC_003535	0.959825064728584	-0.0664618517723792	0.0661607709559187	0.252176570981531	-3.33632036739793	1.34718199518337	-1.9857633952028	-0.761482105487343	-0.256663049364279	1.04824063349192	1.24714678014967	1.48595895373373
XLOC_003548	-0.362269613511183	-0.705743650959156	-0.29376963254694	0.2829340223969	0.84907375710734	0.293714877597235	0.563640448627826	-0.732657901235252	0.221139946896092	0.135773209173281	-0.0315444865595431	-0.220290976986603
XLOC_003551	1.08759672199019	-0.427414532050132	0.176942917782294	-0.734241411340793	0.539401615169892	-1.17705359541287	0.513016305699954	0.810591267829729	0.894426753759542	-1.4577897283666	0.0656007532131513	-0.291077068274347
XLOC_003587	-0.593774983799454	0.445101117698328	0.512198037334412	-1.07589176721542	-0.51663687438867	-0.314047909389711	0.339207086908737	0.769209564508937	0.829744563585779	-0.393738866359792	-0.00334117199535822	0.00197120311221077
XLOC_003588	0.800997643945371	-0.765544644814882	0.481086089199052	-1.47387715795121	-0.701900288561785	-1.23125244950174	0.74380011415658	0.721046200380785	0.667556368625934	0.36246687161149	-0.166653246720883	0.562274499631289
XLOC_003589	0.325795261822362	0.10743112929941	0.164202262348913	-0.330712846229688	-0.14738020279512	-0.291376234599743	0.61775201907065	0.581021508417294	0.692516319338674	-0.561468234745996	-0.812307216120303	-0.34547376580645
XLOC_003591	-0.279128506129992	0.270635741891076	-0.549846256334733	0.698762471222457	0.277434767460751	1.08889753710437	-1.75307283646752	-0.501697880619156	-1.51539907666389	1.13190352782267	0.824973645929669	0.306536864784297
XLOC_003592	0.444542182973797	0.227935735174872	0.272685247121585	-0.544738018337164	0.213103005691556	0.409830360729186	-1.04026254351123	-0.310822602806271	-2.22839992566151	0.291448695039647	1.03983266440065	1.22484519918489
XLOC_003616	-0.0963619661740189	-0.117848462809984	0.028365139495456	-0.533067370218859	-0.189647536437039	-0.513890992662007	0.227941721895077	0.581658605412873	0.0070160650147999	0.280806489240239	0.171879971871564	0.153148335371899
XLOC_003627	1.20921966396396	0.485421077260935	0.198524357965479	-0.150394252447328	-0.00509721172502431	-0.704825772772527	0.558642142456147	-0.381618125269305	0.668708195665437	-0.275407915139348	-1.23082991049503	-0.372342249463392
XLOC_003638	-0.24359735641497	0.39307005971564	-0.0518450377401178	-0.0562449482613445	0.383764001352071	0.0287792842523489	0.672213209608948	-0.0110497338430768	0.234793938544678	-0.573737348738063	-0.129910951271968	-0.646235117204142
XLOC_003641	0.332642904221276	0.269922973054754	0.205481829855872	0.270429876287693	0.160798928914181	0.256678403988643	-0.816668213981271	-0.617440172871921	-0.482933313937265	0.455324397603091	0.0962194606797002	-0.13045707381475
XLOC_003642	-0.192602660102844	0.273920543905579	0.305015298717565	-0.000490846435742043	0.280895682276759	0.390251884481438	-0.639379466411574	-0.327525961534833	-0.723220539108526	0.30900838759163	0.556843089586728	-0.232715412966177
XLOC_003672	0.643779989709765	0.220325956451294	-0.159820681953295	-0.486645125465679	-1.25648554199603	-0.918441175863681	1.25611526221653	1.42052278932636	0.818186355105634	-0.334796998693308	-0.0759758078157349	-1.12676502102186
XLOC_003692	-0.504074120839481	-0.469857427486952	-0.47998956957642	-0.484356204325485	-0.00678959513650668	-0.0139698476480739	0.837313241834567	-0.00858582742327574	0.410949395592715	0.112396669918974	0.120338776097691	0.48662450899224
XLOC_003711	-1.49042363302059	2.7026393650656	0.781507932832649	2.09807330535888	0.471515801509054	-1.49042363302059	-0.139866660825454	0.308261806770799	1.2299866143914	-1.49042363302059	-1.49042363302059	-1.49042363302059
XLOC_003717	-1.94028917151744	-1.43112915880701	0.285404762388697	0.941431305815036	0.711587369145883	1.19350449682595	0.533712833080922	0.316073318790771	-1.12691671877251	0.886012403264679	-0.252796238998586	-0.116595201216394
XLOC_003718	-1.24527781826527	0.447239949881472	0.352388833445445	-1.00861366209041	-1.12773975005243	0.367041270212602	-0.0736844638229881	0.460986939742637	-0.627237699611929	0.498911630780138	1.14471318239932	0.811271587381418
XLOC_003725	0.126791829934879	0.376582969441866	0.626261835708513	0.182180228138844	-0.141127805118794	0.44759511677084	-0.41006816011573	-0.427481107019854	-0.148921151662267	-0.673125643323536	-0.266534421787251	0.307846309032494
XLOC_003734	-0.403882718052756	-0.811973229070392	-0.167274507795777	-0.025166985842815	-1.58564121963079	-0.48622799437813	0.660318345143326	0.393176826898908	-0.435585561484525	1.2799447582406	0.578371208402729	1.00394107756962
XLOC_003748	-1.33559695248308	-0.119517884890754	-0.512891121700367	-0.0723548015214277	0.618273465582138	0.492530090658756	-0.385076545001716	-1.52169189175835	-1.64945726877716	1.09999787540923	1.99704302046447	1.38874201401826
XLOC_003755	-1.22383247239514	0.462105023782272	0.584756536670127	-1.09208624758508	-0.279621196182365	-0.268465494567581	0.437943526325993	0.725848058238085	-0.840632941304848	0.296339933069651	1.49835280513123	-0.30070753118235
XLOC_003758	0.615806697573765	2.77041568925637	1.51712068914862	-1.88536044920523	-1.88536044920523	-1.88536044920523	0.962721067193919	1.56302301248448	0.835049798206762	-0.305823062046726	-0.416872094996283	-1.88536044920523
XLOC_003763	0.45924384475972	0.121240399968422	0.402992721634383	-0.382925814228773	0.0297926119549849	0.572158933357691	-1.19573747341801	-0.817562226827498	-0.936988695027956	0.696109274372333	0.78816059172322	0.263515831731487
XLOC_003799	-0.144617798468309	-1.27372746150363	-0.61597680121017	0.710948279573472	0.779435695958757	0.894227484321352	0.24614570511971	-1.18182955500506	-1.17891475981103	1.22531851228243	0.925164807459253	-0.386174108716772
XLOC_003804	-0.288258999839581	0.563268850438607	0.149598473482817	-0.318315315143992	0.0691823479391331	0.0619836175330715	0.63037212915882	0.221814958422337	-0.0132439802064868	-0.563317546820443	-0.497722660769784	-0.015361874194495
XLOC_003815	-2.18636450084296	-1.2928902168031	-0.519720403885852	0.76799996824931	0.672751777972752	1.58413026072576	0.58251624072469	0.898959656441766	-0.315616712909239	0.157595056476412	-0.0020466397169554	-0.347314486432587
XLOC_003826	-0.431620550104639	-0.654853595061833	-0.902979552846499	0.291029198916094	1.01921517682739	1.77687299993056	-0.643408689842196	-0.164828332254707	-0.938990000150549	0.938315760646098	-0.0725780484406799	-0.216174367619038
XLOC_003841	0.0337483708319688	-0.193775964569686	0.163269557190228	0.16326026113443	-0.804783293900222	-0.538931674522987	0.516832447531019	0.716783590107918	0.592635823208361	0.00459990176858938	0.234225852358557	-0.88786487113818
XLOC_003842	-0.745681525195346	0.0512521391868157	-0.0377772588654386	-0.558329117041721	-0.291588194794786	-0.0187977535760329	-0.289446861148249	-0.260884251140991	0.114333978829856	0.727527075806212	0.814571315281245	0.494820452658431
XLOC_003851	0.405520882977234	-1.33031615841951	2.07216497993434	-1.33031615841951	-1.33031615841951	-1.33031615841951	0.705382043147391	0.468369281371875	1.39009408899248	0.249221228738991	-1.33031615841951	1.36082828693524
XLOC_003854	0.58276515297079	0.317178649368548	0.741962200190236	-0.395513384495206	0.0630561897207524	-0.466209007912538	-0.32037360805617	-0.419473003942389	-0.708862083610775	-0.0887142134256678	0.205130723018097	0.48905238617432
XLOC_003865	-1.87224248468362	0.282147042883877	0.671130799960006	0.047489298788121	-0.373838404973585	0.788730279131773	-1.63155141064098	-0.591288787578115	-0.77405894992688	1.1164294654254	1.27802356090802	1.05902959070598
XLOC_003867	-0.189722473960296	0.647588729801967	0.857011726902169	-1.15315056555617	-0.806328944484686	-0.992169746518062	1.28089063221051	0.77914095685864	0.903072343700455	-0.507922020410613	0.0312000569546251	-0.84961069549854
XLOC_003881	-3.05775573138927	-0.901290864118438	-1.51433575494177	-1.14804161337148	0.218374063219867	1.47996857563089	-0.559421678970745	-1.25907029159788	-0.816810115597043	1.68928396142881	2.99515472455969	2.87394472514736
XLOC_003882	-2.51564855685009	-0.359183689579258	0.238071470948633	1.07284838152938	1.43661447866771	1.46783949267641	-2.51564855685009	-2.51564855685009	-2.51564855685009	1.72456385969172	2.66808832845385	1.81375190501189
XLOC_003884	-2.30915330161937	-2.30915330161937	-0.0372217357661322	0.903737177348068	1.34429540045011	1.13427063310408	-2.30915330161937	-2.30915330161937	-2.30915330161937	3.04044894107912	2.64711007236929	2.5131260195123
XLOC_003904	6.28640857754283	5.62732298713742	5.8014014027319	-2.45344569055686	-2.45344569055686	-2.45344569055686	0.394635825842286	-2.45344569055686	-0.935648959356407	-2.45344569055686	-2.45344569055686	-2.45344569055686
XLOC_003905	3.50658381723714	3.96509852324773	3.48664162492334	-1.6617735112783	0.300165923251336	-1.6617735112783	0.373924690288597	-1.6617735112783	-1.6617735112783	-1.6617735112783	-1.6617735112783	-1.6617735112783
XLOC_003906	5.03789878385018	3.67583575483089	3.25391066918105	-1.32973835642912	-1.32973835642912	-1.32973835642912	-1.32973835642912	-1.32973835642912	-1.32973835642912	-1.32973835642912	-1.32973835642912	-1.32973835642912
XLOC_003907	5.53054243351489	4.92951383583414	5.03308566127068	-2.54109097120703	-2.54109097120703	-2.54109097120703	-0.0427569187885091	-0.742405531415644	0.538566346826625	-2.54109097120703	-2.54109097120703	-2.54109097120703
XLOC_003911	-0.519424694518257	-0.41520402954327	-0.0845282288613758	-0.315478352533366	-0.139405950469011	0.424592724761553	-0.453176475217134	-0.504590076965933	-0.608513710263711	0.675922135993229	0.669634228320263	1.27017242929702
XLOC_003933	1.12297945500977	0.927138617175988	0.877925315077293	0.146089187786561	-0.0586240383434724	0.147541789303124	-0.435022475555527	-0.746360579280239	-0.176950034276198	-1.0505566603915	0.00502456136129403	-0.759185137867084
XLOC_003943	-0.118817418771792	-0.494302042756545	-1.32526447340108	1.1114985893822	0.649552203287342	0.525332507070901	-0.24138627130574	-0.707093808938603	0.250245209180278	0.343033985441794	0.112680381680867	-0.105478860869628
XLOC_003949	-1.12735884756648	-0.574443472556784	-0.11476122141037	0.814457729588253	0.609619391261202	0.856735012979296	-0.615614920906511	-0.825674695785585	-0.106783097926137	1.12707658405141	0.143966145307656	-0.187218607035942
XLOC_003968	0.926847229411861	0.501996455411552	0.52333179292962	0.0146738270028584	-0.442938110093603	0.490396031052789	-0.480850698171213	-1.49234066274747	-0.721287283544125	0.0029447062300676	0.226472139878087	0.450754572639577
XLOC_003973	0.146347961638525	1.06081451253723	0.358276368922869	-1.12157502372006	-1.43394216749039	-0.334528942237728	0.951091903343604	0.950435112076763	0.971247963948844	-0.810783244461365	-0.356712944320746	-0.380671500237546
XLOC_004003	2.19517507530524	0.919104813586449	0.56172505400308	0.19950760616763	1.56592328275898	-1.71020651185016	-1.71020651185016	-1.71020651185016	-1.71020651185016	1.45248128991956	-0.241718157641211	0.188627083300894
XLOC_004022	1.3537487253444	1.56287387238006	1.51251997516761	-0.118567641871085	-0.485201400940959	-0.707311375049615	0.343551067109421	0.206325951686395	0.679950500902004	-1.28299675820259	-0.741335825105986	-2.32355709141965
XLOC_004060	-0.173634587876371	-0.339676808459791	0.156677667759468	-0.101718389953555	0.199180621100182	-0.409584951519757	0.441774061165331	0.396302893300406	0.560887243395981	-0.087850039328595	-0.335149959722747	-0.307207749860557
XLOC_004061	0.256695759565837	0.753374485912196	0.386570654976006	-0.531492592919788	-0.867233158513477	-0.978118117783052	1.02555375641534	0.818817037533484	0.990628317149914	-0.307181107398531	-0.709483973747998	-0.838131061189931
XLOC_004084	-0.0462579988537062	0.615979749793666	-0.551233449914474	-0.528374782269668	0.18831712504519	-0.193851016253416	0.493214430833676	0.466470257671444	0.583577894709538	0.205305144675873	-0.435844895632928	-0.797302459805199
XLOC_004095	0.361347215412886	0.312183479525042	0.483261665103262	-0.419710575892803	-0.350183212029904	-0.167637384881892	-0.123993228028834	0.449488785787444	-0.618696478007533	0.0317900202208143	-0.20920092342688	0.251350636218397
XLOC_004100	-0.0357696709594726	0.104201203138718	0.239051116232182	1.28665735008668	1.97294946253555	1.27995820217897	-3.40354416040233	-3.40354416040233	-3.40354416040233	1.7178243237882	2.09416623988241	1.55159425432375
XLOC_004123	-0.385145147053463	-1.01393034561539	-0.473256499089597	0.613066858116643	0.682736972513028	0.820405156683803	-0.0886584487745337	-0.913872257792284	0.37368707360413	-0.255293120264617	0.706935294714708	-0.0666755370424292
XLOC_004131	0.0845733414688858	-0.53052815193307	0.409401515298792	0.986105170242633	0.389931593035375	0.996886025442968	-0.0154442837984581	-1.09517876589698	0.0265599451688692	-0.233667719390504	-0.610787206006223	-0.407851463632282
XLOC_004160	-0.877689375864581	-0.404613579266326	-0.00889440264951169	0.791553459033322	0.477104676292753	0.715454472459804	-0.900109615869852	-0.908455804928584	-1.19433614823269	0.708846045777801	0.555587921459775	1.04555235178808
XLOC_004161	0.183680928247094	-0.023352905376635	-0.158958666759001	0.384433040208611	0.370317300741504	0.435761827370484	-0.231929116708153	-0.194233542612497	0.260431013274034	-0.190250641738181	-0.473596204472473	-0.362303032174791
XLOC_004167	2.48297868729459	2.0682773615209	1.88631541927155	-1.67100103537958	-1.30963440600031	-3.13584339741004	2.05552450292601	1.33504160594547	1.96341197169829	-1.75305592811819	-2.00272878416605	-1.91928599758263
XLOC_004177	-0.110886173471735	-0.382491575116303	-0.239226893922301	-0.332148317923706	-0.0618561147709098	-1.55208364532634	0.842169265375416	0.652108914393553	-0.0206674109569773	0.128868462685066	0.887859181686657	0.188354307347579
XLOC_004207	0.56637818837125	0.380503883433421	0.469218696899268	-1.00877775234293	0.0181830815509532	-0.766153043893468	-1.23952992411644	-1.15309084260569	0.116471563249899	0.522744093782647	0.911214392193697	1.1828376634774
XLOC_004214	0.536244608609766	-0.487263681685465	-1.08490188412031	1.46282595705396	1.36562330086577	-0.215678655916137	-0.0251462348870337	-1.12242418260302	-1.47875645803065	0.316604689799773	-0.458107515774128	1.19098005668748
XLOC_004221	2.8452993938372	1.56922913211841	0.483337783129308	-1.06008219331819	-1.06008219331819	0.73470972106146	1.78799932308096	-1.06008219331819	-1.06008219331819	-1.06008219331819	-1.06008219331819	-1.06008219331819
XLOC_004225	-0.0204341174224245	0.132142423051721	-0.157959660070404	-1.81513251914427	0.130694862366341	-0.228106573776938	0.513242571958713	0.647501032599872	0.777044057586028	-0.00559660844661281	0.112352447192694	-0.0857479158947161
XLOC_004232	0.566323177861664	0.718709363728981	1.37733044811931	-1.62708989729473	-0.85511302790531	-0.822859651612323	1.03515462734762	1.26134947404524	0.678327912444456	-0.72351779803552	-0.803744834718399	-0.804869793980979
XLOC_004235	1.0256372327794	0.805271395241636	0.634057963924116	-1.33069251498775	-0.324236133154756	-1.84725985316546	0.827758619967707	1.26849115587918	0.762130472681155	-0.678977036825401	-1.1781302636987	0.0359489613588702
XLOC_004245	-0.2974074717335	0.266130945084805	-0.0689692082145825	-1.08383776294489	-0.306020690803535	-0.0975163160157591	0.561947151613354	0.631213172133931	0.267224678890736	-0.263703973008284	-0.183392209317937	0.574331684315654
XLOC_004247	-0.0146643742686337	0.202573000343987	0.272184779594669	-0.123855061084136	-0.175585709002851	0.00501974789604809	0.00684624813263213	0.290338319364752	0.176669462776887	-0.207680967804034	-0.0371160567273847	-0.394729389221935
XLOC_004255	0.366337701406438	-0.250548207491477	-0.0205066496431785	0.0441053417580015	0.475625637245511	-0.0237795032268098	-0.800257393216923	-0.699184260422173	-0.310300406393988	-0.0642264866368842	0.353447228815497	0.92928699780599
XLOC_004259	1.42080072541305	1.68861718744425	1.39618051386911	-1.48542196325281	-0.458461129358926	-2.17491633994169	1.00600506092711	0.70950139507918	1.246328705358	-1.10256887942273	-0.746644646522473	-1.49942062959208
XLOC_004261	-1.4208446804848	-1.4208446804848	-1.4208446804848	-1.4208446804848	0.541094754044838	2.02257925423865	-1.4208446804848	-1.4208446804848	-1.4208446804848	2.27207732439837	2.65860814206864	2.45155328864311
XLOC_004265	-0.0349927074253884	-0.120336648107662	0.367554975990888	-0.0335138985464809	-0.506103813490064	-0.126768537079093	0.100296794858628	0.701626635742358	0.109493599304805	0.120675507289501	-0.322038517165911	-0.255893391371576
XLOC_004268	-0.504574511268558	-0.242627947166662	-0.139337035141295	0.293566401305632	0.13894603042717	-0.11639085337042	-0.0138109494727834	-0.138768588194124	-0.546764443941195	0.277423889423557	0.312246414976221	0.680091592422456
XLOC_004269	-0.491333812145387	-0.219509771540471	-0.380864498262164	-0.449449194439181	0.47081298538846	0.190552404141383	0.310243266417621	-0.0107232818464507	-0.0640966805812129	0.150105420731308	0.195718386406415	0.298544775729684
XLOC_004272	0.0503244586385296	-0.82110522762909	-0.0780162618120359	0.753561637598289	0.704684946858692	0.131970740222887	0.330329903336523	-0.685603980741457	0.50263461063581	-0.25299257855205	-0.338224753881774	-0.29756349467432
XLOC_004307	0.351989390730644	-0.117113299458397	0.316848576144658	-0.226007111598551	0.127888654236708	-0.381667971129683	0.434926588612089	0.088718400584062	0.486960718131548	-0.404109183968035	-0.180581750320015	-0.497853011965029
XLOC_004308	-0.188427731166894	-0.611626885385117	-1.09008378370951	0.486420100968294	-0.430600013929092	-0.812768155227698	0.911853573615709	0.697809410480403	0.917618902661017	-0.269236578936122	0.352989065112255	0.0360520955167543
XLOC_004309	0.046191898978436	0.0407781955160154	0.332211869171485	-0.345961873796345	-0.340892284743398	-0.535728085476211	0.424488935943618	-0.159847983606617	0.912118455174193	-0.378247229766075	-0.0224420584645939	0.0273301610694938
XLOC_004321	-0.708004544169734	0.405185322451488	0.816811631103023	-0.871231664883926	-1.72802018168712	-0.466425669276097	0.900431174873203	0.583859591377437	0.728631445689196	-0.0578331286846554	0.10767858648134	0.288917436725845
XLOC_004322	-0.451068552867191	0.300173988831768	0.141529271627077	-0.621168560403793	0.0657826164657074	0.268743886338197	0.691448061415645	-0.455125325530422	0.347283855398139	0.0423397093558329	-0.492169426127989	0.162230475497029
XLOC_004335	1.98829236396675	1.90709014636627	1.17371652980455	-0.506891409192326	-0.066333186090286	0.263706161366738	0.880222457296798	-0.643039365320143	0.706403564595635	-0.919403737702651	-1.06398163693157	-3.71978188815976
XLOC_004338	-1.42523635015604	0.731228517114787	-1.42523635015604	0.484477767861745	0.536703084373599	0.369555564223611	-1.42523635015604	-1.42523635015604	-1.42523635015604	2.47405236748211	0.755748716555646	1.7744157331687
XLOC_004340	0.256504499853784	0.151713710971556	0.0746546174849358	-1.05754200427382	-0.247613763255445	-0.125846635525076	-0.0902068938316596	0.508425520039501	-0.228831129281879	0.176530514543852	0.364357951346596	0.217853611927649
XLOC_004341	1.15994218315355	1.29518422697151	0.904652395346511	-0.516650956225411	-0.991170776732975	-0.983896505559097	0.722172582712729	0.4091901899951	1.01981914292136	-1.05445627363601	-0.987434109243712	-0.977352099703562
XLOC_004342	0.89048915839284	1.02659953619115	0.825843662639707	-1.80972664751881	-1.55247433889661	-1.8676393157165	0.750109424550542	0.912281055106765	0.809088616226115	-0.411087937709399	0.000127555772498233	0.426389230961702
XLOC_004345	1.39524581304635	0.980189225727761	0.899165256142812	-1.7049001869758	-1.71207021544844	-1.16616636354483	0.994044147375005	0.825256910383366	1.18621112244817	-0.764958316046462	-0.440614186012403	-0.491403207095536
XLOC_004351	-0.140801187418347	-1.41687144913714	0.847315643390571	0.481067094095636	-0.0939197390559534	0.49154153244641	-2.01048457300684	-1.47134451266315	0.610654523827121	0.803933493082308	0.989953534287058	0.908955640152337
XLOC_004354	0.0155926939858677	-0.124255058970976	-0.0314308057670685	-0.701310142477367	-0.253340788611779	-0.528434007808777	-0.254480840415474	0.225580721407456	-0.241719508438423	0.223708207089609	0.658744229719834	1.0113453002871
XLOC_004358	-0.128513243546707	0.168146952451785	0.930596150618989	0.106273831382444	0.66552872420919	0.355434657096598	-0.940446746524135	-0.996327946135179	-0.689552495965408	1.02941473838338	-0.0286697932960926	-0.471884828674865
XLOC_004359	-0.814444899929907	-0.209630612713861	-1.08870160413037	1.17298622372509	0.472901869160283	0.718489298172498	0.055318055785774	-0.728017976530051	-0.00912637867060351	0.214372848812507	0.0467162107426518	0.169136965576001
XLOC_004366	1.25118340080958	1.10565085879833	1.17274777843442	-0.669944996385501	-0.346669879476395	-0.569400467687872	-0.310709654061029	-0.452251791125573	-0.396205092567183	0.0400717619805917	-0.394720462005018	-0.429751456714353
XLOC_004388	0.0834846687214492	0.38325999594919	-0.0448560517291163	-0.371680495241501	-0.303193078856216	-0.803476545639502	0.228753701369221	-0.0862530115208262	1.06579384752613	-0.21983236846913	-0.15746396735572	0.225463305246029
XLOC_004391	-0.510990295673945	0.103007723699406	-0.78282407734963	0.0611360879598486	0.404060281767594	-0.197407423689711	-0.0505622390047691	-0.42524041104488	-0.136057677510924	0.103200632972137	0.509009038606396	0.922668359268474
XLOC_004392	0.110062452733223	0.534010644565671	0.448313913034619	-0.699096504386018	-0.25112715052043	-0.258325880926492	1.33022964443832	0.632549447529565	0.538902794373225	-0.883627045280006	-0.906662375164689	-0.59522994039698
XLOC_004393	0.718949035317454	0.916836877591886	-0.0963439842351983	-3.73893926086971	-0.46280946626058	-0.295515326146261	2.43708391515735	2.11947479192538	2.18309147841738	-2.15940187371121	-1.08313900964152	-0.539287177544967
XLOC_004395	-0.663525169124966	-0.0284709574955757	-0.083933013679407	0.0955011018479501	-0.61449511042414	-0.581878887540608	0.580772228030075	0.407559839015159	0.630944554693137	0.0122842103554257	0.110677601058922	0.134563603264023
XLOC_004404	-1.16210525587821	0.803291713051646	-0.360002789097664	-0.133378810985371	-0.228627001261929	-0.840092271947884	-0.0500200829022379	-1.07994531221425	-0.528199650155039	0.896350874946775	0.834200554931701	1.84852803151246
XLOC_004405	0.13062491604097	0.404906184710244	0.253705194715804	-1.05544487825049	-0.519806152555376	-1.46781251125858	1.40394006734168	1.04194734719026	0.582107694458791	-0.282545326947392	-0.0487360101267242	-0.442886525319189
XLOC_004427	1.19737105001932	1.1576261091441	1.24899125193353	-0.255796790451916	-0.635102923097127	-0.0358630491277285	-0.50587420204603	-0.607065290807268	0.32443739629233	-0.395453044197995	-0.640546205311221	-0.852724302349989
XLOC_004429	1.37636215851981	2.93433843079302	2.19711675373653	-0.0816982129052586	-1.99141233092304	-1.99141233092304	2.6979833086144	0.583425930987545	0.249533284869177	-1.99141233092304	-1.99141233092304	-1.99141233092304
XLOC_004448	-0.548479800087354	-0.598539836689338	-0.168229871719875	0.918093485486365	1.04583571638889	-0.102801485766186	0.552895294276275	-0.771049174576518	-0.296158867630859	0.722841236453555	-0.115659362942022	-0.638747333192936
XLOC_004483	-0.52371145762516	-0.643786256419078	-0.869641402677219	1.13933967217603	0.470042688391869	0.0645574814174754	0.264562705559568	0.205707171040271	0.362476280096141	0.201003962986939	-0.151998069294153	-0.51855277565268
XLOC_004504	-0.129312389399209	-0.102078519346844	0.0381197108509941	0.882079876160472	0.734421323780488	1.60158630842091	-0.681205802142607	-0.681822812265587	-1.34580050349207	-0.973429153996233	0.260620461823748	0.39682149960594
XLOC_004510	1.13890095569886	1.26704513435647	0.909665374773098	-1.36226619108014	-1.36226619108014	-1.36226619108014	0.673432010486765	-1.36226619108014	0.878679424712085	-1.36226619108014	0.106222163128808	1.83738589224461
XLOC_004512	0.284290320392679	1.09887533118583	0.009431409841552	0.520574524750551	0.275812137183451	0.164927177913875	-0.110506769550617	0.170230225534273	1.12402807366562	-1.72137920635304	-0.804614185569316	-1.01166903899485
XLOC_004516	-1.03959079118687	-1.03959079118687	0.503829185260632	-1.03959079118687	-1.03959079118687	-1.03959079118687	0.996107410380034	0.759094648604518	-1.03959079118687	1.27582173561135	3.74228255845155	-1.03959079118687
XLOC_004519	-1.23629369921704	-0.923392929877947	-0.922579201752075	0.396415746375579	0.482978258439982	0.617397159745586	-0.14220586038593	-0.60860702572917	0.0691961220043211	0.590550481641614	0.774027534730831	0.902513414024254
XLOC_004520	-0.745600243959215	-1.42382166469775	-0.707884234540135	0.894536135115986	0.798688183609913	0.54515753986192	-0.432145748358938	0.0331176464212293	0.310655901648251	0.309837775398163	0.141072300744858	0.276386408755721
XLOC_004537	-0.237328190565817	0.256667256743849	-0.45221694034698	0.956264712636031	1.02638831840405	0.798692955743965	-0.577238592294315	-0.215867316261534	-0.0684067693139419	-0.999085595080732	-0.339027561240825	-0.148842278423746
XLOC_004541	-0.565156518800869	-0.671031953789373	-0.930613655561596	0.655434212598501	0.315447198159663	0.0289387829669909	-0.35152471809693	-0.236102505852223	-0.196157412590294	0.610780140273786	0.149868772315785	1.19011765837656
XLOC_004598	1.25973654822991	0.417616064670121	-1.73884880260071	0.964853780585453	1.02492542693607	-1.73884880260071	-1.73884880260071	-1.73884880260071	-1.73884880260071	0.576563724197507	2.61451021517807	1.83603825320641
XLOC_004602	3.85959637968386	2.70477796267084	2.94894257547597	-1.84847787244265	-1.84847787244265	-1.84847787244265	-1.84847787244265	0.726360389467939	1.231179445591	-1.84847787244265	-0.379989518233705	-1.84847787244265
XLOC_004647	-1.10369233915925	-1.4159757004303	-1.27433139097328	0.894969333151532	1.5141566872144	0.944187924826981	-0.283753987292611	-0.276336044456565	-0.961407906676475	0.028743061969597	0.739989272295922	1.19345108953006
XLOC_004661	0.870388627417888	0.904018862384074	0.235254234748195	-0.42536242360299	-0.630075649733024	0.223974412354326	0.200054201087299	0.775799456016193	0.302103156445959	-0.588260948394523	-1.05030589868225	-0.81758803004115
XLOC_004672	0.347323294280107	1.2320656383735	1.32535689722486	-0.163170950095292	-0.466268952280853	-0.556831886707002	-0.300208002519352	-0.428101972923475	-0.218615343115315	0.0201074241453849	-0.500032421558244	-0.291623724824323
XLOC_004675	1.29553934575018	0.72837228398219	0.86611173541738	2.04107442649214	0.113780844172142	1.77479960665775	-3.16234895043699	-3.16234895043699	-3.16234895043699	0.289679717092502	1.42111819711062	0.956570694636072
XLOC_004687	2.78776556125412	2.80739435873633	3.02052394336051	0.228109450126963	-3.3603874882525	-0.790094964099932	2.16170187113075	1.32836959374862	1.89778013875266	-3.3603874882525	-3.3603874882525	-3.3603874882525
XLOC_004688	2.28817670034094	2.71865053163766	2.01540580221307	0.644647255570328	-0.606303788867468	-2.56824322339711	0.998663000897519	1.17539178586303	1.03834160593336	-2.56824322339711	-2.56824322339711	-2.56824322339711
XLOC_004689	3.04692668045836	2.67334693104924	1.89035390967842	0.209745970681544	-3.00314450828589	-1.20835259390624	1.39953300227887	1.81801669039558	2.18300744250779	-3.00314450828589	-3.00314450828589	-3.00314450828589
XLOC_004704	-1.64028421391983	-1.64028421391983	-1.64028421391983	2.88696565474955	0.321655220609808	-1.64028421391983	-0.2897272417247	-1.64028421391983	-0.122487482719378	1.16009393653728	1.37215685745655	2.87276412469006
XLOC_004707	-0.841915930191739	-0.841915930191739	-0.841915930191739	-0.841915930191739	-0.841915930191739	-0.841915930191739	2.90233608919138	1.73292233171885	-0.841915930191739	1.47349659660648	0.626572424017206	-0.841915930191739
XLOC_004708	-0.442118332432114	-0.89741446142841	-0.75184124321522	-0.259967956746835	0.789993723490895	0.810578130692669	-2.18558239668463	-1.73106666484722	-1.92683361829458	2.3645312107857	2.1733734743764	2.05634813430336
XLOC_004709	-1.05190959101434	0.396516305594553	-1.05190959101434	-1.05190959101434	-1.05190959101434	1.51838293313823	-1.05190959101434	-1.05190959101434	-1.05190959101434	2.64101241386883	1.96053148036205	0.846924004136711
XLOC_004720	0.746494647099176	-0.0444397171013096	0.302173615016195	0.0610475623210078	-0.0079568612068508	-0.800485250175493	0.306614574140708	-0.0139483803254832	0.439115078104841	-0.380437985364693	-0.224914241146826	-0.383263041361271
XLOC_004747	-0.790314275834487	3.53306502634439	2.85228100080003	-0.790314275834487	-0.790314275834487	-0.790314275834487	-0.790314275834487	-0.790314275834487	0.727482455365966	-0.790314275834487	-0.790314275834487	-0.790314275834487
XLOC_004748	1.97244515854393	1.97232292578708	1.95523924659815	-1.54540704853546	-1.78308575441649	-1.25344765308648	1.40891314042386	1.34011151076074	1.6889173809566	-2.25033569969155	-1.78025218845684	-1.72542101888351
XLOC_004750	1.10354782963542	0.662005143977874	0.615003331750822	-0.318539918492537	-1.00558142868551	-1.05798051962789	0.0634216607873626	-0.143509250913352	0.367434498073921	-0.333834850972365	-0.0181068362642129	0.0661403407304739
XLOC_004751	0.439323114975846	0.725745779746497	0.344382090354497	-0.294810554971684	-0.588882536719647	-0.417008621096056	-0.12716530109629	-0.377168796820827	-0.56458457216056	0.211742213532482	0.095988078046771	0.552439106208969
XLOC_004755	-0.750299847329433	-0.160762756752483	0.143797739970637	-0.116030526706576	-0.135315810043711	-0.189292239222271	-0.288884745668409	-0.143709799667294	-0.330807900071656	0.736128070909117	0.584084977172576	0.651092837409506
XLOC_004760	1.01102483403474	1.9044991180746	3.60778591414872	-0.724812207362007	-0.724812207362007	-0.724812207362007	-0.724812207362007	-0.724812207362007	-0.724812207362007	-0.724812207362007	-0.724812207362007	-0.724812207362007
XLOC_004761	3.60631210746219	3.37588577989176	3.96514189876585	-1.46536504465689	-1.46536504465689	-1.46536504465689	-1.46536504465689	-1.46536504465689	0.77558057113533	-1.46536504465689	-1.46536504465689	-1.46536504465689
XLOC_004781	0.548054850101504	0.664054738768192	0.667647361314962	0.2299788473882	0.566696135093956	0.467745545513535	-1.28326033281235	-0.90916471798718	-1.18967622852665	0.206204274466792	-0.0110306322357214	0.0427501589147541
XLOC_004782	0.747799915858018	0.757468460124261	0.417486218400312	0.508870215633362	-0.891460344596975	0.352879716935844	-0.797553489921841	-0.759321231505973	-1.00689060156689	0.362168884651672	0.788544207742784	-0.479991951754569
XLOC_004784	0.140411389004643	0.185272808695983	0.965483619330532	-0.539384785800496	-0.0658017781592894	0.936936511529355	-0.374996739063075	0.288188985058146	-0.444439833674014	-0.994554832829468	-0.190449561825041	0.0933342177327274
XLOC_004814	0.176571841224351	-0.416135135131695	0.325558328775487	1.48004442010548	0.640271732412193	0.803714741379972	-1.26546103393104	-2.09088465073024	-0.407968573216943	0.378993613193339	0.587783474762884	-0.21248875884378
XLOC_004816	1.92841673133835	0.978273798692233	2.16502494159533	-0.61975744683103	-0.567532130319176	1.45401648467768	0.599899976529126	1.45913365630076	0.190938682563174	-2.52947156484882	-2.52947156484882	-2.52947156484882
XLOC_004817	1.68698604858382	-1.68078844085903	0.591143124994201	-1.68078844085903	-1.68078844085903	-1.68078844085903	-0.330231468663903	0.117896998932351	-0.162991709658581	2.83498295438338	0.975011810369153	1.01035600449572
XLOC_004818	1.54675013002124	2.85594870691043	2.58377218725566	1.30911691691195	-0.81939482135223	0.442199691058792	1.03796921987491	0.846904146740321	1.01481931625406	-4.09552461596136	-2.62703626175242	-4.09552461596136
XLOC_004820	4.24392389678541	3.82274339969367	3.76012892939566	-1.4641503553411	-1.4641503553411	-1.4641503553411	-0.113593383145965	-1.4641503553411	-1.4641503553411	-1.4641503553411	-1.4641503553411	-1.4641503553411
XLOC_004826	5.56504136884961	4.62470460318093	4.97857402006495	-1.85401296925511	-1.85401296925511	-1.85401296925511	-1.85401296925511	-1.85401296925511	-0.336216238054652	-1.85401296925511	-1.85401296925511	-1.85401296925511
XLOC_004827	5.52320384308269	4.54023711953921	5.25821810292294	-2.0972393331458	-2.0972393331458	-2.0972393331458	-0.0615411315788967	-2.0972393331458	-0.579442601945345	-2.0972393331458	-2.0972393331458	-2.0972393331458
XLOC_004828	0.236334666268599	0.115525537629654	0.262424348747178	-0.698625273786575	-0.659094252593459	-0.542394244227303	0.292488612765288	0.358570911704163	0.156340374182225	-0.187144436916171	0.195254420998923	0.470319335227472
XLOC_004829	0.547875199839214	0.373662107536846	0.120930134900627	-0.567156162884344	-0.687212128147539	-0.314597490761962	0.0537502043031282	-0.102176857374925	0.627957135939567	-0.137307898986858	0.12857393482401	-0.0442981791877584
XLOC_004842	-0.475266559122071	-0.787549920393118	-0.859677033244544	1.3187173994213	0.207135832639226	0.346724796887595	-0.374986355606619	-1.06257956162841	-0.11656732678532	1.02435514941205	0.109735606778861	0.669957971641048
XLOC_004846	0.0248193007946043	1.27350108510876	1.16452008410885	-1.03882218599732	-1.3285373305366	-0.327098194124038	0.734852301059126	0.865871156921543	0.38317744211132	-0.998622485536422	-0.555545964328413	-0.19811520958141
XLOC_004873	0.646643484365553	1.17060738534614	0.721522867430432	-0.556522026132928	0.0139080970205949	-1.94179250815302	0.0104372558530441	0.211457866932905	0.0475548789014599	-0.128496736121676	-0.156524483558477	-0.0387960818840183
XLOC_004874	0.990863730771583	0.890491452660681	0.883668080524767	-0.738180905978181	-0.667615914734895	-0.405868864799601	0.360183406458757	0.404492186407346	0.402442133649986	-0.822867225522723	-0.707539555650319	-0.590068523787409
XLOC_004876	1.36658207257102	1.56032431494053	1.43602595761048	-1.14416653848394	-1.3425621296858	-1.47438024838345	0.76733739829093	0.901600009223786	0.772412554915407	-0.560026553414037	-1.08290617361944	-1.20024066396551
XLOC_004889	-0.816691958794763	-0.134668663068092	-1.07020162691529	-1.48076386505146	-2.22252701370798	-0.741042513514171	0.815628737488209	0.35848359314264	1.20777616598871	1.36215433852558	1.82952168607598	0.892331119830634
XLOC_004891	-0.675276123689494	1.09663219845481	-0.867693188638739	-2.41111316508624	-2.41111316508624	-2.41111316508624	0.953547984201522	0.665629357753381	1.40084463848931	2.10465823015617	2.27496511826323	0.280031280268513
XLOC_004893	0.115866322350757	0.707119427335767	0.116107126742321	0.156004637398018	-0.382884264239391	-0.148805048156115	0.775412058045749	-0.49703277560264	0.84390468846624	-1.27057585023172	-0.873263501483165	0.458147179374186
XLOC_004894	-0.27745473241184	0.672722456665668	0.566397433372819	0.834579907823098	-0.0768792976487358	-0.00876406014957176	0.628244735528729	1.06511618963445	0.527863788847463	-0.147602705622994	-1.12623627686291	-2.65798743917617
XLOC_004895	0.843315877352017	-0.0147120003328158	-0.148398532513498	0.304721460166669	-0.736688854057096	0.0135669549632329	0.503172001216505	0.390838718369531	1.17619320099952	-0.69526718724725	-1.28822501708007	-0.348516621836749
XLOC_004956	-1.71120165378345	-1.71120165378345	-1.71120165378345	-1.71120165378345	-1.71120165378345	1.36072794641831	1.65345949550431	0.863636608127142	1.00920859362854	1.45148614798627	2.02985753588506	0.187631941367603
XLOC_004974	2.29594025166288	1.08463062949085	3.11669484687959	-1.07183423777998	-1.07183423777998	-1.07183423777998	0.278722734415151	0.726851202011405	-1.07183423777998	-1.07183423777998	-1.07183423777998	-1.07183423777998
XLOC_004983	0.403939879109692	0.130539804220665	0.372063542220779	0.341859403352052	0.112751579995461	0.0785039201387434	-0.958678811085236	-0.195897822573029	-0.438529047087515	0.189640827971387	0.210194798134306	-0.246388074397309
XLOC_004993	0.794026942457166	-0.941810098939578	0.601609877507921	0.967904019078208	3.65314322127288	-0.941810098939578	-0.941810098939578	-0.941810098939578	0.575986632260876	-0.941810098939578	-0.941810098939578	-0.941810098939578
XLOC_004997	-0.35038058048372	-2.08621762188046	-0.542797645432965	1.12667285708697	1.18991217272867	0.484074902272105	-2.08621762188046	-2.08621762188046	-2.08621762188046	2.29834337900939	3.02561094089713	1.11343446144428
XLOC_005001	-1.40063221634903	-1.25245604962633	-1.30945158162035	0.335248373524997	1.70686634052321	1.47837624211898	-3.15586657166535	-1.46099804668423	-2.39736325873403	2.42672351176491	2.51503836659534	2.51451489015189
XLOC_005002	-1.40789339953676	-1.51097583357709	-2.06144355502876	1.767399087887	1.59403060119616	1.10504715447529	-2.85595731526413	-1.32329233443697	-1.15791716839985	2.04940511513933	1.87994956796181	1.92164807958397
XLOC_005011	0.25265970845025	0.104409283671086	0.0235501271052714	0.54178498129549	0.752057784248596	0.73205537435146	-0.663917644457727	-1.80880625914443	-0.687067548078577	0.733689339282768	0.0930703313693941	-0.0734854780935823
XLOC_005033	0.280739023218888	0.701366849092972	-1.45509801817786	-1.45509801817786	-1.45509801817786	-1.45509801817786	1.39298349822129	0.34358742161353	-1.45509801817786	1.34528013227925	2.76779758949015	0.443735576973194
XLOC_005058	0.0735745022335808	-1.13773511993845	0.108281151144574	-0.590497404023117	1.11661094107998	1.38930237537202	-1.25850178564238	-0.719361725298688	-0.214542669175624	0.398722017673896	0.928695620458731	-0.0945479038845329
XLOC_005070	-0.0844796990775105	0.317778540467033	0.00670093565116492	0.148808457604127	-1.9240213412562	0.561829458695531	-0.0877912253364208	-0.699190349643406	0.167841233378985	0.796095019334131	0.094077778845433	0.702351191337137
XLOC_005073	1.44703028432282	0.633978566763994	0.840270314074573	-0.766679069475246	-1.889140958734	-0.669427138744275	0.715248662127237	0.935094379402913	1.62143664971869	-1.49022738650106	-0.299556170492	-1.07802813246366
XLOC_005081	3.23922866992105	-1.05691676220547	-1.05691676220547	0.852797355812321	0.905022672324175	0.737875152174186	-1.05691676220547	-1.05691676220547	1.66349348520652	-1.05691676220547	-1.05691676220547	-1.05691676220547
XLOC_005091	-1.91788571143046	-0.469459814821569	0.835834316368257	-1.91788571143046	-1.91788571143046	-1.91788571143046	-0.567328739235329	-0.119200271639076	-0.400088980230008	3.02843113618113	2.76819257191901	2.59516262717943
XLOC_005094	-1.70473277959398	-0.256306882985087	1.04898724820474	-1.70473277959398	-1.70473277959398	-1.70473277959398	1.42463876178396	0.0939526601974066	1.01567746781801	0.610679747204235	-0.236244425385034	3.11754654153769
XLOC_005097	1.1534005367771	1.28325907925285	0.245401922242909	-0.16681787135744	-1.06354464075438	-0.224730539555127	1.97365247335899	1.54700211370867	1.75525849715273	-2.67397741858653	-1.55420066652089	-2.27470348571889
XLOC_005104	-0.713852747382316	-0.523299946660798	-0.0373929683464311	0.734799685652732	0.323160806795345	0.385738727761159	-1.23217390032181	-0.262535476541244	-0.714644915080713	0.502042765202839	0.457625345531386	1.08053262338986
XLOC_005108	0.713679947893044	0.759712150518605	0.744068070483537	-0.715471520584575	-1.56500984178509	-1.06973799726922	0.602986398864084	-0.114869556235783	1.00016990000112	0.161850572741151	-0.425462513349891	-0.0919156112769803
XLOC_005117	-0.368256448164664	-0.265408418707338	-0.119158881120851	0.386969016962698	0.457368577308966	0.646327951679345	-2.38930703544741	-1.08595336404747	-1.32937933936151	1.19600486229243	1.60978413025353	1.26100894835226
XLOC_005118	0.259434309318596	-0.415670336189939	-0.534444864565737	0.661667327151203	0.706764370780213	0.686569266812834	-2.1061000795595	-1.29573682778344	-1.59845867311463	1.16080831263043	1.29997807661296	1.17518911790701
XLOC_005130	-0.634944520364323	-0.459371128117553	-0.314900960053408	-0.255556739289586	-0.255248777284221	0.141364888403667	-0.431171601373583	-1.08156533379565	0.796406723450861	0.911334485607547	0.428942363670902	1.15471059914535
XLOC_005136	1.24859524919284	0.0605654686312289	0.639097183304795	-3.20929304699432	-3.20929304699432	-3.20929304699432	0.835193373766294	0.779312174155249	0.157752254187252	1.9922361319136	2.44848782941176	1.46663947641995
XLOC_005144	0.278352499651488	-0.342646387765472	-0.195848310398013	0.734242905321736	0.98129344157954	0.513473954369191	-2.40835567376166	-1.58120091382777	-1.31345219080963	1.33225914883465	0.884595045181236	1.1172864816247
XLOC_005145	1.85050763248631	1.81726622400228	1.42147842272992	0.274068005309285	0.072549444784614	-0.485724431708929	-2.16844323690281	-1.74674424004787	-1.58383107153436	0.446442057691761	-0.0279314374223096	0.130362630612105
XLOC_005150	-1.32644682156949	0.83001804570134	-1.32644682156949	0.583267296448298	2.32700188049999	2.65704122795701	-1.32644682156949	-1.32644682156949	-1.32644682156949	0.988965705228726	-1.32644682156949	0.572386773581562
XLOC_005158	0.332099003024319	-0.335543652873326	-0.488733147812381	0.62663031351925	-0.652186298033022	0.625212122340544	0.147609487244328	0.361699290691067	0.609116108174072	0.21627842068805	-0.00401981320119393	-1.43816183376171
XLOC_005183	-2.28603418948884	-2.80653028942462	-2.7188736951009	1.66075788176031	2.14600816131453	2.45824633059676	-2.96291081645174	-1.98127922787718	-3.52778159400177	3.29862403662757	3.20414473553204	3.51562866651384
XLOC_005184	-1.87617119833074	-2.27936058176401	-2.57560839463872	1.6057719618735	2.22234300641314	2.37634032323344	-3.63098004391526	-2.57809119112847	-3.03225763487176	3.17257717540471	3.27931705656437	3.31611952115981
XLOC_005219	0.664045477591216	-1.07179156380553	0.471628412641971	0.837922554212258	0.890147870724112	3.12099990026869	-1.07179156380553	-1.07179156380553	0.446005167394926	-1.07179156380553	-1.07179156380553	-1.07179156380553
XLOC_005226	0.614713891808282	-0.619701161757494	-0.194768329594763	0.444613884271681	0.733748648191765	1.01549344208002	-0.491781437181232	-0.279584554789681	0.00267938791810973	-0.275673030319021	-0.513446710239917	-0.436294030387748
XLOC_005229	-0.132704853958115	-0.175947828873449	-0.202938814119305	-0.24762407228992	-0.120775390469232	-0.0518782358261589	-0.020217774748188	-0.00230235796678535	-0.0502961315124502	0.27794623759808	0.302304131883101	0.424435090282431
XLOC_005265	0.090613902193823	-0.315853582254686	-0.493047365124491	-0.456884408090314	-0.571237493426072	-0.371926915003664	0.319291315620635	-0.158194782879532	-0.145594952317074	0.348393349648573	0.681653209779288	1.07278772185351
XLOC_005280	0.457469496198589	0.943885447125925	0.314652657538175	-1.22961816708904	-1.46240558381509	-0.740311266022777	1.02890175019078	1.07182632336182	1.29114041430121	-0.60008289064216	-1.03640146333112	-0.0390567178163144
XLOC_005281	0.676576876800889	0.769921534731482	0.577019292846751	-1.32180552728126	-1.21042960869067	-1.75548313602796	0.742502812687816	0.555339761260623	0.657900846683791	-0.121183954544922	0.109287415063029	0.320353686470428
XLOC_005284	-0.174121360432228	0.0571646938619166	0.759550314461332	-0.681716346829332	-1.31864043433864	-0.177952550845088	1.0123797914198	0.71761201693612	0.358675298151947	0.0884086906983095	-0.0781781525837877	-0.563181960500359
XLOC_005285	-0.209990305010162	-0.532525890570756	-0.354404462505591	0.87237352825553	0.556288471284035	0.499809329886571	-0.561463947543078	-0.682035382692978	-0.459414992184419	0.235057582469167	0.420947712609944	0.215358356001736
XLOC_005286	0.118062623552509	-0.118296380190572	0.0475528065339939	-0.123064678248941	-0.221470755639638	-0.188395607680395	-0.659236941125045	-0.40833982097802	-0.15751655938883	0.595594939439396	0.704076579353079	0.411033794372461
XLOC_005293	0.488638272550676	-1.24719876884607	0.296221207601431	-1.24719876884607	-1.24719876884607	-1.24719876884607	1.60088274755308	0.551486670945317	-1.24719876884607	3.13736223204379	1.40860148238212	-1.24719876884607
XLOC_005309	-0.178109669174534	0.497548115936387	-0.246925760075317	-0.985178411974141	-0.11695170892296	-0.124174553644782	0.230432275901809	0.491260651173404	0.261442935718684	-0.0744649626494809	0.446900463784246	-0.20177937607332
XLOC_005314	0.590996795702125	0.0561668407100271	0.138016816694328	0.945349309886828	0.124799346644836	0.191121872902316	0.145056313003315	0.154976318721987	0.448618552350156	-0.490676288672987	-0.919347348353106	-1.38507852958982
XLOC_005323	-0.723965692776958	-0.723965692776958	-0.723965692776958	-0.723965692776958	3.8709876274355	-0.723965692776958	-0.723965692776958	1.85087256913363	0.793831038423496	-0.723965692776958	-0.723965692776958	-0.723965692776958
XLOC_005325	0.306467860368948	0.240649164349049	0.315654323713766	-1.06024018090684	-0.607923081261228	-1.27261005831102	0.82841530739412	0.611222821980602	0.868761635308833	-0.483837640534478	-0.0034278235057279	0.256867671403977
XLOC_005347	-0.348466937697683	-0.129989337566483	0.0536035967995918	0.441264776966024	0.377789244258405	0.113104976264188	-0.769159199953693	-0.356465820491286	-0.612700493167242	0.522211315558803	0.196960387019796	0.511847492009576
XLOC_005349	-0.0557197471274016	-0.283006199244596	-0.136358673382976	0.054636473751172	0.149920238158856	0.415487454816802	-0.748015515510474	-0.270794866767915	-0.625430913009839	0.457707338044834	0.508707432087546	0.532866978183982
XLOC_005352	-0.813647125741337	-0.0162543588888084	-0.0936076197674414	0.289962013063537	0.390019788717845	0.483309030837264	-0.4471499553	-0.504709486483927	-0.527167639663755	0.375271563533547	0.383870984178969	0.480102805514115
XLOC_005356	-0.21859258675418	0.00379708668658196	0.418346249375591	-0.965548214525707	-1.2118996967369	-0.0662197712867876	1.01196794532147	1.39607369231932	1.05842216930742	-1.00332980352248	-0.239074508124803	-0.18394256205953
XLOC_005368	0.10725212718649	-0.56594135575645	0.0475551829649223	0.562872433968479	0.490465511787439	0.763236618294908	-0.628037754657169	-0.496272195513146	-0.131281443400938	0.0321688485038703	0.18027700609013	-0.362294979468535
XLOC_005373	0.282441421194282	0.0290599777292533	0.388474443628778	-0.286312623041748	-0.0716189527290112	-0.0393655764360243	-0.802493662975157	-0.778557839243102	0.0538245649693732	0.848372792081977	0.0596221753300412	0.316553279491336
XLOC_005378	-1.08619978556911	-1.08619978556911	2.31628135278475	-1.08619978556911	-1.08619978556911	3.45152452145105	0.264357186626026	2.65743522369103	-1.08619978556911	-1.08619978556911	-1.08619978556911	-1.08619978556911
XLOC_005381	-2.22174210626511	1.28600325727594	0.892522715057217	-2.22174210626511	-2.22174210626511	-2.22174210626511	-2.22174210626511	1.76686311488446	1.76996312027231	2.41429484537311	2.0011535014029	0.977909977059631
XLOC_005382	-0.590165475331965	-0.590165475331965	-0.590165475331965	-0.590165475331965	-0.590165475331965	-0.590165475331965	-0.590165475331965	-0.590165475331965	3.83601997742343	-0.590165475331965	2.06563477589622	-0.590165475331965
XLOC_005388	-1.09330415608131	-1.29902756995404	-1.18805429303156	0.611262149954568	0.724223210086008	0.714961805891003	-0.415128691865878	-0.274769318260643	0.0195312892567765	1.09440312380722	0.726162634360069	0.379739815837782
XLOC_005389	-0.82576612390409	-1.51137965278696	-0.412762301754853	0.918368848167918	1.23378731214199	1.11486099681191	-0.961173092499934	-0.618748675254811	-0.90434013955563	0.906503770310276	0.566567478655685	0.494081579668497
XLOC_005390	-1.22963825017345	-1.439482905869	-1.22987748427733	0.827701865980544	0.892564282558348	0.61572254541381	-0.661221861519833	-0.258965912990746	-0.278887729160328	0.973628086862602	0.716548383409378	1.071908979766
XLOC_005407	-0.312435378217383	-0.163281190695415	-0.70527776957871	0.41235154711249	-0.00897615664921592	0.413804148629052	-0.100515598707331	0.176835416272398	-0.512018003554565	0.75387304211014	0.538562721819702	-0.492922778541155
XLOC_005424	-0.379822185660034	0.724205057760718	0.538931423539484	-1.22254430361235	-0.853425684606654	-0.411703160334906	0.488152580309588	0.691292561741903	-0.0563933543212851	0.0372809791095747	0.59659345043934	-0.152567364365376
XLOC_005434	0.388691365581431	0.0516336647913054	0.160822578660005	0.389288459959987	0.463841826195386	0.448708647874403	-0.0153604041836868	-0.040197107001033	-0.102557930373413	-0.247842261137208	-0.431130238466899	-1.06589860190028
XLOC_005435	-1.4158470025794	-0.310322131289366	-0.227982316489182	-0.13398101270349	-0.1962839971556	0.332757191722566	0.478959799533836	0.453877119268634	-0.174312750942965	0.0610300135585806	0.62063290577465	0.511472181301745
XLOC_005436	-0.0250754198056047	-0.17274926678116	-0.725515564837847	0.518483242560648	0.677128366329589	-0.186268516641359	-0.196910764237439	0.596702432382795	0.0237542186308559	0.159582558897884	0.0921626595844698	-0.761293946082828
XLOC_005460	-0.522259761786304	-0.314780115952365	-0.283508247248731	0.706128167140776	0.776331781073	0.809462396031488	-0.298644031874853	-0.434722068966186	-0.283172844311396	-0.638080344122574	0.041397120472527	0.441847949544615
XLOC_005466	0.902174685661728	0.92345658576205	-0.956148084792117	-0.465825050014305	-0.945294659357155	0.217154438268153	0.923345997956617	0.222417837254839	1.02921129950899	-0.518946762710516	-1.06220338797363	-0.269342899564656
XLOC_005467	1.35710358274731	1.09930568599739	1.11204944281484	-1.31475741474829	-2.43721930400704	-1.46241251864514	1.2552532350248	0.459513540632469	1.07335830444565	-0.81643253265396	-0.514915250194342	0.189153228586302
XLOC_005475	-0.043913757345309	0.209564568883491	0.284371543852585	1.32722320451154	0.552816749230448	1.69849667468056	-0.967486836317336	-0.469023215697693	-1.40538842774749	-0.375936305439731	-1.09181835455521	0.281094155944142
XLOC_005555	-0.790194209113776	-0.977342144806273	-1.0273194617368	1.0526670408104	1.16520799459067	0.879992902020017	-0.567696419707953	-0.137693942107753	-1.19700659912092	0.385503327751031	0.808967647370363	0.404913864050984
XLOC_005561	-0.170489405045444	-0.676461754389261	-0.574004841527685	0.289724987452335	-0.271072667432351	0.26223126592947	0.5877277223442	0.740552905412089	0.771573144225072	-0.563934612686221	-0.450537601742171	0.0546908574599714
XLOC_005576	-1.58288853561546	0.573576331655371	-0.0394685591679567	1.63000194335198	1.69324125899368	2.79265448424634	-0.232331563420324	-1.58288853561546	1.4967687824182	-1.58288853561546	-1.58288853561546	-1.58288853561546
XLOC_005579	-0.851299135064014	-0.319711202573999	-1.11029306230634	1.29836728785941	1.36783958950827	0.736850828828322	-0.768522181277071	0.832916517567638	0.597569731555236	-1.35008639889047	-0.0397774196198561	-0.393854555587127
XLOC_005588	-1.49322778289067	-0.0448018862817816	-1.49322778289067	-1.49322778289067	-1.49322778289067	-1.49322778289067	1.63614375848727	0.305457656900712	0.02456894830978	2.89133321799918	2.24783140677784	0.405605812260376
XLOC_005610	0.308407529885941	0.387516248595757	0.222913936363937	1.3978766274387	-0.152098047420957	-0.0669657345917583	0.0966193901483834	-0.35716328780072	0.186158477046995	-0.642858947720715	-1.14974649826225	-0.230659693683317
XLOC_005615	-0.974339136607744	-0.183629178259336	-0.0685939623557239	0.024147886629498	-0.226083815943692	-0.401841695413651	0.25595959280076	0.203449576641345	-0.0760462552206054	0.579621152865545	0.374074409813604	0.493281425050007
XLOC_005621	1.64129934070967	1.74380209626615	1.6210852130423	-0.57896711606586	-0.680329302801869	-1.08009906677364	-0.444033820956351	-0.685226339841718	0.200896955531212	-0.644791909364393	-0.601061937445943	-0.492574112299552
XLOC_005626	-0.162352553230202	0.965471592821901	1.06424961630133	0.122392009738844	-0.103693541456947	0.630988009495326	-0.884566920956587	-0.0293126066412484	-0.574679092943858	-0.136370228557435	-0.466672464722172	-0.425453819848947
XLOC_005630	-0.378614807470327	-0.176428294325403	-0.438311751691894	-0.495762631165235	0.55572359235784	0.329078690322574	-0.0153024772521437	-0.749003095194396	0.725162154852468	0.0215865967613054	0.559460259847103	0.0624117629581127
XLOC_005639	1.53751824611452	0.484776995944419	1.30828266518876	-0.963648900664473	-0.963648900664473	-0.963648900664473	0.386908071530659	-0.963648900664473	3.02805632587296	-0.963648900664473	-0.963648900664473	-0.963648900664473
XLOC_005665	-0.804894744761183	-0.804894744761183	0.738525231686317	1.1048193732566	3.60591618352808	0.989897169618469	-0.804894744761183	-0.804894744761183	-0.804894744761183	-0.804894744761183	-0.804894744761183	-0.804894744761183
XLOC_005669	0.17452159498229	-0.242343695094985	0.302509067397389	-0.860917422120826	-0.398882413320696	0.431895031150297	0.319144654002423	0.0604615001238846	0.46104094967622	-0.0475188859215558	0.117992829244439	-0.317903210118877
XLOC_005674	-0.251471525718531	-1.18122387464221	-0.798195414454111	0.811069042525969	0.654957847320426	0.427713390775385	0.243471871788782	0.165205910055527	-0.191965326414191	-0.35803454165296	0.176413592374126	0.302059028041795
XLOC_005702	-0.127850259107491	-0.519466809078113	-0.386844186349816	0.737924543965712	1.24868244909977	0.586217695158126	-0.659953783325725	0.199279896445907	-1.06891507729168	0.290471274012448	0.29012749784978	-0.589673241378922
XLOC_005715	3.64026041036459	2.61675212006936	3.59934560275634	-1.09515090368781	-1.09515090368781	-1.09515090368781	-1.09515090368781	-1.09515090368781	-1.09515090368781	-1.09515090368781	-1.09515090368781	-1.09515090368781
XLOC_005718	0.296038319398551	0.163119882943043	0.241103210716859	-0.376026085920455	-0.194521530766926	-1.09149471046983	1.33536574928577	1.33867349578637	1.26596025720263	-1.09357428444464	-0.935091708807482	-0.949552594923897
XLOC_005719	0.131182004432971	0.783965700922735	1.8676466615019	-0.103891119289004	-0.345541827473657	0.3091298818024	2.84816250068067	3.15591642222754	3.1624741468764	-4.94049514768611	-1.92805407630973	-4.94049514768611
XLOC_005721	0.784979112442303	0.58054960649326	0.620036869212891	0.157100948896365	-0.84664248714497	-0.362820065451468	1.43517245870468	1.44944810148846	1.45271911155505	-2.73090990123456	-0.692963410253995	-1.84667034470803
XLOC_005722	-1.43998621182111	-1.43998621182111	1.96249492653275	-1.43998621182111	2.21346249024837	-1.43998621182111	0.595711989745796	3.38117498686036	1.92705908936047	-1.43998621182111	-1.43998621182111	-1.43998621182111
XLOC_005729	0.931848065764852	0.935492962851351	0.988204183825736	0.0405421556579739	0.180467830748965	-0.132131983132412	-0.359469101810331	-0.343344351836801	-0.0430578636083023	-0.836830585345459	-1.3441321367594	-0.0175891763561733
XLOC_005737	-0.744932903939091	-0.744932903939091	-0.744932903939091	-0.744932903939091	-0.744932903939091	-0.744932903939091	-0.744932903939091	-0.744932903939091	-0.744932903939091	3.63962809695076	1.9108673472891	1.15390069121196
XLOC_005744	3.58164890357876	2.92371597246692	3.19006963472348	-2.36317778256785	-2.36317778256785	-2.36317778256785	2.14154000039655	0.713564740271774	1.62852744396958	-2.36317778256785	-2.36317778256785	-2.36317778256785
XLOC_005759	-1.03664051862805	-1.43869177424725	-1.12213411215005	1.68294894371242	1.60624553615427	0.573585735593763	-0.222124712936938	-0.208166035302737	0.679914574772257	-0.514557846366196	-0.038766235226829	0.0383864446253392
XLOC_005776	0.285065413815063	0.397855771957781	0.526770594232589	0.141604431891718	0.278529697236289	-0.00561336411263014	0.0969227761140008	0.256483013765099	0.301489388905587	-0.74515157334875	-0.37848704591524	-1.15546910454152
XLOC_005797	0.39495589265699	0.351288616694497	0.541840360250802	0.233885492985079	-0.122627913306024	-0.309581943962915	0.118257748619996	0.0221092520283541	0.402796493153815	-0.706866539290839	-0.718061111628225	-0.207996348201524
XLOC_005805	0.0983138565723483	0.934756683025789	0.227283088453648	-1.01671102074087	-0.0702453093283202	-1.0062365823901	0.860427199186958	0.488461863818126	1.47377973155935	-0.907923937772027	-0.360224004106315	-0.721681568278586
XLOC_005806	0.689998450331464	0.836675685693926	0.548283427283327	-0.0434098241102285	-0.197735403900301	-0.425963524973866	0.70755754489069	0.406761841793147	0.547062283873771	-1.29097713424191	-1.22936679380813	-0.548886552831886
XLOC_005808	1.45518883701202	1.23711316627911	1.0657055158552	-0.194436454717406	-0.851280185657214	-0.536937674804674	1.34031518356406	1.10615616022492	1.65189641100061	-2.49243142361241	-1.91130729376343	-1.86998224138078
XLOC_005809	2.2542044410285	2.0024553041835	1.85280846952268	-1.18253827685876	-0.931257245469634	-1.32819346610601	0.842774688827157	0.726606560718517	1.04481413105679	-1.93456803957377	-1.41165431118674	-1.93545225614224
XLOC_005810	3.77330376374361	4.12880218114446	4.07000685383773	-1.1298272764252	-1.86776575139642	-0.667229224748179	1.43651359445608	0.962339941772887	1.37330512832125	-5.82002878691421	-3.63904372020253	-2.62037670358947
XLOC_005811	2.2969660642495	2.40044027408847	2.37147393013182	-1.3308896402469	-3.25518632451279	-1.77370182431898	2.78719181534628	2.47467275718191	2.72023568801305	-3.63758837188393	-3.03614069233074	-2.01747367571768
XLOC_005812	1.43773033198294	1.27069729212392	1.26714870013386	-0.599810167299909	-0.935584324525861	-0.588883467221182	1.35424556504212	1.16637874629997	1.52628652479924	-2.23208283359662	-2.08919834610136	-1.57692802163711
XLOC_005813	1.36252722360678	1.41669371036871	1.77354557746319	-0.673591568874164	0.109922500718755	0.061937685320272	0.64865067165953	0.722258959245132	1.07454304178834	-2.20110527759346	-1.62273388969467	-2.67264863400843
XLOC_005814	1.96968563605478	0.98318702853378	0.911059915682355	-3.67258910992782	-1.71064967539818	-3.67258910992782	1.5830059354768	1.83907997249897	1.0870694904251	0.711971890962037	0.0684700797406914	-0.0977020541207017
XLOC_005824	0.993589237410135	0.89567326359283	-0.102253686179488	-2.37418525203272	-2.37418525203272	-2.37418525203272	1.37006676735039	2.31457182996839	2.28265204636814	-0.794647864874222	0.638255819343661	-0.475351656881674
XLOC_005825	-0.474708159197024	0.701121737580712	1.17315767093891	-0.0365754404391074	-1.10395995174329	-1.80979722219985	1.04123043325775	1.85584264581014	1.62800533543596	-1.2174019445827	-2.19910467964073	0.442189574779245
XLOC_005858	5.79926295741827	5.36934136674884	5.1279643640469	-1.52542446481908	-3.43513858283687	-3.43513858283687	0.467027556801949	-0.358396059997249	0.716379806826217	-1.85560119567837	-3.43513858283687	-3.43513858283687
XLOC_005859	3.9606700519804	3.92662304727819	4.01299942218337	-1.54024799510796	0.421691439421684	-1.54024799510796	-1.54024799510796	-1.54024799510796	-1.54024799510796	-1.54024799510796	-1.54024799510796	-1.54024799510796
XLOC_005860	4.01803205172321	4.04621325671247	3.73997792853946	-1.81326948875186	-1.81326948875186	-0.0184775743722128	-1.81326948875186	-1.81326948875186	0.907140758660125	-1.81326948875186	-1.81326948875186	-1.81326948875186
XLOC_005862	2.25936855159448	2.18605266289906	1.66653287066593	-3.62981193026461	-1.66787249573497	-1.05951940611205	0.663068409432864	-0.181428468574901	0.182145873310939	0.610400486277195	-0.974011679036427	-0.0549248744574982
XLOC_005865	-0.885505643807583	-1.29092984151492	-0.0332359397324593	0.946271624406765	0.626247830047954	0.473499913887978	-0.492255436396653	-0.492893993932982	-1.18994584939667	1.03913297189403	0.258491146708551	1.04112321783599
XLOC_005866	-1.37464236040138	-0.71273812381867	-0.452468400387378	0.702376206427828	0.614344465496392	0.990926703949087	-0.0360222402717199	-0.347360343996432	-1.04441219946012	0.886610918068018	0.854364385665845	-0.0809790112714701
XLOC_005880	0.235479714617931	1.28874361591717	0.922900082574363	-2.1509515994908	-1.29689148797181	-0.617241782785135	1.19492932789603	1.37040308045746	0.365519735246811	-0.608637049979094	-0.762507564047406	0.0582539275644764
XLOC_005896	-0.258171804024125	-1.31091305419423	-0.487407384949882	1.12689716799241	1.44034099008468	2.05655884889167	2.85693826645133	1.62140754642319	1.23236627573431	-2.75933895080312	-2.75933895080312	-2.75933895080312
XLOC_005899	0.327422377296786	0.850758722906657	0.365013355868156	-0.276381047368217	1.00755933014225	0.725440510163461	-1.07188093423077	-0.70295136340611	-1.09438301512329	-0.39578513713032	0.555950190941682	-0.290762990060291
XLOC_005900	0.396723296499717	0.418241041343832	0.153646891707958	0.391369670413266	0.219033235210852	0.516434734510342	-1.58345883274675	-1.26701541702968	-0.573272331815282	0.533116116599786	0.211249858030264	0.583931737275694
XLOC_005904	-1.04598041560271	0.282931982874244	0.367954828082452	-0.396622683823601	-0.472221926646704	0.304137086658647	0.195304286645362	0.573824245090538	-0.281254405369392	0.113019755940707	0.620772015286443	-0.26186476913599
XLOC_005909	-0.801865561936468	-1.17735018592122	-0.520899602917059	0.157297241244007	0.594384650188462	0.168164012180276	0.645186760653137	0.439252383892241	0.589233244454176	-0.168413607481254	-0.0675488238988846	0.142559489542583
XLOC_005911	-1.29887632359129	-0.743681441184339	-0.366275798883705	0.0637111923463634	0.178915788832229	0.58924812832081	0.135752377080981	0.704840863159252	0.561715815193174	-0.597193576187548	0.395065779287173	0.376777195626899
XLOC_005920	-0.346098466360982	0.60950634637504	-0.311391817449989	0.976328554685172	-0.0604242537343649	-0.641943355602088	-1.21553890338532	-0.637130432964222	-1.47292734001162	1.23244389180775	1.06800039383457	0.799175382806047
XLOC_005921	-0.979217731390721	-0.979217731390721	-0.979217731390721	0.930496386627065	0.982721703138919	-0.979217731390721	-0.979217731390721	0.819467708400665	-0.979217731390721	2.92007098624743	1.20176733532097	-0.979217731390721
XLOC_005922	0.0970588786552868	-0.190352266132565	-0.0953581862939581	-1.63877816274146	0.323161271788182	0.156013751638194	-1.63877816274146	-1.63877816274146	-1.63877816274146	2.60143425380035	2.10228102692705	1.56087392058329
XLOC_005938	-0.665758947355153	-0.0735339799404606	0.250520478161227	0.931492676302122	1.35678548448798	1.02650492537684	-1.17799382876008	-0.862164117054874	-1.04707446741227	0.304602303873053	-0.042389926435404	-0.000990601242977895
XLOC_005944	-0.149593038861338	0.498281209096752	-0.206584395717615	1.34966690685658	1.75292427996532	-0.0714865764902339	-0.690313476728974	-0.978232103177115	-0.97531730798308	0.460796769225676	-0.134819723493986	-0.855322542691989
XLOC_005995	-1.73094082599272	-1.73094082599272	0.540990739860514	-1.73094082599272	-1.73094082599272	-1.73094082599272	2.0133111933904	0.843897435917868	1.63610447518885	0.584471700805493	1.56721732746846	1.46871125733202
XLOC_006003	0.117383378899582	-0.232338258272685	-0.399716582415752	0.877504473281378	0.619812971474748	0.515979085948405	-1.25886329872461	-0.991216387281534	-2.054670545193	0.939363652130006	0.930242259696878	0.936519250456581
XLOC_006006	0.243845672991474	-0.682769550553697	-0.607962575584603	0.165581780774046	-0.632054789632956	-0.249156386693064	0.446288207004971	0.467385998132888	0.404365052601725	0.110040529152986	0.0696734693265535	0.264762592479681
XLOC_006009	0.212179069507431	-0.209001427584311	-0.512329382536131	0.242598449806299	0.453938009406914	0.357155673873822	0.481481437440572	0.641867856779725	0.512199899169301	-0.748855489801004	-1.41644236006563	-0.0147917359969849
XLOC_006032	-0.610425427727758	0.396152789034298	-3.11159257450675	-1.20187845648897	1.92641519929669	1.82555598258798	-1.76103560231162	-1.31290713471537	-1.5937958433063	1.7385236931493	2.14064742608096	1.56433994890752
XLOC_006033	-2.07578036920895	-2.07578036920895	-0.532360392761453	1.13711010975848	1.57766833286052	1.3676435655145	-2.07578036920895	-2.07578036920895	-2.07578036920895	1.37624829832054	2.70609298042946	2.74649895192271
XLOC_006044	-0.693090241905294	-0.0748682876593181	-0.498985665702148	0.011131584065434	1.42127826635362	0.980821342235585	-0.296310927894933	-0.353977350919081	0.331548547314854	0.0531961290777225	-0.260269804759962	-0.62047359020649
XLOC_006048	-1.85165511838535	-1.16807723506605	-1.47140519001787	0.993876167537485	1.10902781960246	0.966304071189033	-1.0868071397028	-0.536190220574976	-0.016634868949299	0.988142224599315	0.751431322190017	1.32198816757802
XLOC_006050	-0.825601729397698	-0.652158597892277	-0.703067993805543	0.499985569793653	0.107398669958071	0.494508975539684	-0.0726691142563212	-0.198814813715671	0.0899741412127435	0.170109791812722	-0.0261710808409177	1.11650618159155
XLOC_006063	0.468343390714159	0.510528911719197	0.654572629987581	-1.07010601187142	-2.19256790113017	-0.972854081140447	0.516245224762034	0.0979551029900891	0.67161253026867	-0.320305179028723	0.423847544401153	1.21272783832788
XLOC_006065	0.0159543883635243	0.0625433273123015	-0.314359309094181	0.652693739118478	0.423270019991586	0.57049454984076	-0.612796620770559	-0.238701005945393	-1.00377810188059	0.186667247447406	0.297326472665532	-0.0393147070488586
XLOC_006070	0.107426868052538	-0.030364898293799	-0.0209138523980279	-1.43102253453304	-1.66380995125909	-0.941715633466775	1.08712943526864	0.113810144637482	0.559737020049818	1.01454777094814	0.656722192513128	0.548453438480977
XLOC_006081	-1.54347641439958	-1.54347641439958	-1.54347641439958	2.58944189701274	2.10997228766989	2.19510460049909	-1.54347641439958	1.03136184751101	0.697469201392641	-1.54347641439958	0.637508652312106	-1.54347641439958
XLOC_006084	-0.308319266759917	-1.15241503051074	0.802005738600465	0.781149830792844	0.849979040745896	-0.438785496609791	0.57782163958954	1.23823352803999	0.337385054216627	-1.25958574436657	-1.12411539267511	-0.303353901063229
XLOC_006097	-0.0682414413146986	-1.10040518147427	0.118673723388246	0.156519611884655	1.64677711602701	1.9254344829112	0.959679132626573	0.0139185023492647	-1.00930625949888	-1.41430398011266	-1.07391625568269	-0.154829451103758
XLOC_006102	-1.87968836042149	-1.87968836042149	-1.87968836042149	-1.87968836042149	0.0822510741081537	1.19224123978027	1.24968318095646	1.56869510126823	-0.361891629221033	0.435724166376728	1.65685161303152	1.69519869538563
XLOC_006124	1.19885150827825	1.05848396507504	0.679845515850697	0.279125640790763	0.106789205588349	0.0301230396915857	-3.70208659291513	-2.00246435104599	-0.873661913264253	0.991160505492115	1.16905119337028	1.06478228308831
XLOC_006126	0.495820691563308	0.64299134395042	0.405438587339079	1.27555132223885	0.982880302265523	1.25180731346478	-2.22619799164983	-1.20434243578664	-1.427224520731	0.375850169875662	-0.356336953505537	-0.216237829024607
XLOC_006133	-1.69889709102666	-1.42762392623172	-1.29500130350342	0.139121586539835	0.207412738944477	1.15556841463563	-0.192764658892879	-1.62073991901765	-0.271296989101875	1.98095306149744	1.72594843468223	1.2973196514746
XLOC_006138	-0.860796997949115	-1.23007102334313	-0.7451175274574	0.830819161709283	2.02123144138873	1.29341721338631	0.185104071980888	-0.782639825940111	-2.34158561757928	0.0399063688584258	0.493976668999045	1.09575606594635
XLOC_006141	0.321799007775887	-0.0884538658533929	-0.433126633640463	0.245733004729797	1.28327314236882	0.968108165548928	-0.916855714651823	-0.83313340224987	-1.56110661652759	0.465522828878493	0.500356485698831	0.0478835979223922
XLOC_006149	-0.284345149337245	-0.406982803466931	-0.189870067955789	0.142056700946821	-0.0463110566649041	0.189336693072281	-0.479315830408287	-0.0108187754482945	-0.716846837046971	0.483538570926605	0.483174483690364	0.836384071692352
XLOC_006151	1.21628028136868	0.832847541466526	0.603251817378373	0.258374116714212	0.633443260341851	0.637119406444079	-2.19081774123706	-2.07935176177689	-1.05020812848944	0.297293823251341	0.0987568453529466	0.743010539185393
XLOC_006159	-0.516540261683837	-1.02724479735873	-0.881234414093353	-0.140374837773367	0.54926765342304	-0.244402149892314	-0.947873548795418	-0.599497418480861	-0.346136856844593	1.34166429395566	1.411903525616	1.40046881192777
XLOC_006164	-0.370732063453835	-0.915772885667338	-1.66917851343079	0.782430615940985	0.724155683646969	0.779588084532784	0.200982951959574	0.231036413736819	-0.318552110044608	0.140111714528002	-0.00585253844460443	0.421782646696034
XLOC_006173	1.46514790382682	0.726684739820563	0.369304980237194	0.00708753240174476	-1.90262658561604	-0.10783467123639	0.945454930783106	2.29532970867162	1.90933121795951	-1.90262658561604	-1.90262658561604	-1.90262658561604
XLOC_006174	-1.12691424494361	1.02955062232721	2.5156810316909	-1.12691424494361	-1.12691424494361	-1.12691424494361	2.00245729643433	1.94982827789601	0.390882486256841	-1.12691424494361	-1.12691424494361	-1.12691424494361
XLOC_006181	1.11604238196635	0.936961880666463	0.44023005082916	0.846906706716346	0.825305287460902	0.774945973533545	-2.26348956225054	-1.71287264312272	-1.58237994421441	0.0537273770832138	0.218541983699136	0.346080507632555
XLOC_006185	1.52739553442489	1.38326439547858	1.2495778632979	-1.03071716008001	0.514620064118819	-0.800183704323994	1.372669578207	1.67517313047839	1.08315109302195	-4.24360763904745	-2.06262257233576	-0.668720583240329
XLOC_006188	-0.304349341111393	-0.236026447626704	-0.161481453401685	0.802400299643962	0.831580847833989	0.881016597419631	-0.769394296049985	-0.372381948889928	-0.529070651619088	-0.282884276286303	-0.0712818524587853	0.211872522546292
XLOC_006190	-0.353320630103489	-0.496649667236249	-0.546626984166779	0.341249564881435	0.124374585045109	0.422629968789602	-0.242714211409164	0.428047887823025	-0.31895795693981	0.24410581415115	-0.111657392234409	0.509519021399579
XLOC_006192	-1.41897989163498	-1.41897989163498	1.33474013616374	-1.41897989163498	2.2344688104345	0.375812022744675	-1.41897989163498	-1.41897989163498	-1.41897989163498	0.896432635163237	0.762005175076711	2.910420570227
XLOC_006210	0.155886294638088	-1.12174979945817	-0.984010348022983	1.46707525224706	0.93736215814864	0.0365231521592841	-0.967984613116736	-1.02386581272778	-0.717090362558009	1.2462745028637	0.593903847574149	0.377675728252763
XLOC_006211	-2.11283972115304	-2.11283972115304	-2.11283972115304	2.02007859025929	1.16329007345609	1.87064832837346	-2.11283972115304	-2.11283972115304	0.607570526258951	1.78644899648512	0.899601350223346	2.21656074070894
XLOC_006214	-0.468901025094537	-0.0672320582571908	-0.425236166004635	-0.0688636445827981	-0.215362939014792	0.444319053741848	-1.05126315765935	-0.196439176912572	-1.09983768237712	1.08120766743739	1.13082935008953	0.936779778634222
XLOC_006216	-0.986152264646421	-0.657801643114155	-0.887262483802852	0.492377168245842	0.118243026532979	0.79312935725756	-0.708161675607063	-0.296540530992041	-1.40168589095926	1.29510785714295	1.17342062789364	1.06532645204882
XLOC_006222	0.995330644730789	0.650628365222624	1.24788352575051	0.403877615969582	1.25793772748857	-1.5058365020482	2.23841551733491	-1.5058365020482	0.735109113744018	-1.5058365020482	-1.5058365020482	-1.5058365020482
XLOC_006224	2.3720385978559	1.58363852927043	1.19015798705171	-1.92410683427062	-1.92410683427062	-1.92410683427062	1.8201451851125	1.52427662741909	1.15555048376303	-1.92410683427062	-1.92410683427062	-0.0252732391195694
XLOC_006226	0.0156301861697887	-0.445366330013149	-0.481443514977606	0.626159433132838	0.688557952996794	0.48370043865097	-0.393196792887989	-0.348244676218114	0.0784883305056621	0.139524468249359	-0.290714503733046	-0.0730949918755091
XLOC_006239	0.0171634204456996	-0.827814605890861	-0.567544882459569	0.510798754426853	-0.951513967181942	0.00160565409629321	0.0446454626518378	-0.953237613782083	-0.205559000720974	0.723443000186637	0.939621572559276	1.26839220566883
XLOC_006252	0.156802183694557	-0.0993420973270975	-0.140668293841006	0.270487460887873	0.0452322436462502	0.255165431629234	0.222955368551079	0.0316582368671945	0.554014684388349	-0.284503306794981	-0.48949522688459	-0.522306684816867
XLOC_006253	-1.21624329596943	-0.760896689657779	-0.019203225750597	0.967157558028467	1.08100943446978	1.09222262212554	-0.659295377481331	-0.569959965394262	-0.254221101090786	-0.0940804038195591	-0.328651842792008	0.762162287331956
XLOC_006258	-0.143343329074261	1.6021851370137	1.46245988283591	-1.55359502526447	0.153513319838624	0.118245411411158	0.247420174513758	0.997650232688195	-1.17764029041698	-0.17750100973452	-1.60149735722245	0.0721028534113399
XLOC_006293	0.629472796473381	0.33193037515861	0.319320043234395	-0.0834384587691535	-0.290475108310972	-0.153161641921995	-0.181849313326028	-0.120979511535252	0.110829136078534	-0.116975604216416	-0.257643517509619	-0.187029195355484
XLOC_006295	0.868276514183555	0.761156977049642	1.49750212865633	-0.654544805891318	-1.22953163904291	-0.806251654698904	0.795581945498955	-0.239365911859014	0.55098674742475	-0.545757722922473	-0.145658365699895	-0.852394212698722
XLOC_006301	-2.3354781445994	-1.28426571026048	-1.48567326513089	0.546242332733082	0.805495776255561	1.41003190300628	-0.138224124708433	0.326443578746271	-0.223719563214588	0.540573412826366	1.05935326928049	0.779220535065751
XLOC_006303	-0.0967874510996127	-0.404684858368424	-0.503841243398527	0.938151291292817	0.885784504973283	0.871210971361419	-0.5976643495251	-0.803917517202636	-0.498717857964963	0.347680260138817	-0.265536299813927	0.128322549606855
XLOC_006320	0.194583152663931	0.498490575610101	0.0215186882805538	-1.1294984935402	-0.0332727960968233	-0.181238487962654	-0.109208977660447	0.0716633860789857	-0.241697242062446	-0.0894126102971837	0.495696969682716	0.502375835303459
XLOC_006322	-0.210976172911187	-0.380995195636731	-0.575670325320703	0.735583144680933	0.533940722774846	0.290109818920009	-0.0918422437928816	-0.596629084959773	0.0565353801298212	0.149894318519456	-0.0603616178869739	0.150411255483183
XLOC_006338	0.446164844281823	-0.829905417436969	-1.91579676642607	-0.246326263906138	1.57879103092987	0.73357472120064	-0.094555593585814	-0.382474220033955	-0.738806495461584	-0.00718807534408139	-0.161058589412394	1.61758082519468
XLOC_006340	0.489972571918941	0.640538766533445	0.502918598316268	-1.5198535730056	-1.49673142069002	-0.733215601385455	1.26937749832049	1.11323083481787	1.19912601391669	-0.478402337560864	-0.396955166913366	-0.590006184268399
XLOC_006348	0.0681349052107452	0.0529658060213523	0.642221924895444	-0.444770712613987	-0.193331698314846	1.00176583721501	-0.614264547971697	-0.407538521300995	0.157349888821468	0.413244160380629	-0.00641166888888733	-0.669365373454238
XLOC_006354	1.63976502832069	3.33166087962788	2.78119315817621	-0.861402118458308	-0.861402118458308	-0.861402118458308	-0.861402118458308	-0.861402118458308	-0.861402118458308	-0.861402118458308	-0.861402118458308	-0.861402118458308
XLOC_006368	-3.00415479485927	-1.23224647271497	-2.46806027040278	0.351215162411182	0.164903344545735	0.984188697342169	1.63774912397224	2.38748805594711	2.17009485651344	-1.5773040344863	0.813069829377563	-0.226943497646126
XLOC_006373	0.00866258270099962	0.280830082182796	0.52515496153244	-0.570031000043382	-0.533871985630165	-0.0636670789654197	0.0338258616197784	0.292465356674892	0.212796830271973	-0.160293791697901	0.143051045743537	-0.168922864389554
XLOC_006377	-0.466821808337039	0.2407216512152	0.315693992238766	-0.636587168918196	-0.26343226215267	-0.0265230577547175	0.412758983710959	0.389914443527426	0.415376293822251	-0.185086572804579	0.151808533539073	-0.347823028086468
XLOC_006380	-1.1930107901038	-0.237405977367775	-0.228187158035927	-0.427866968134331	0.477222494256784	-1.99049275539409	1.86976362962067	2.22158344914045	1.48848818888748	-0.6614965619085	0.551043283230935	-1.86964083419191
XLOC_006385	0.0993156721172763	0.407955937944463	0.405204189921685	-0.391254236998584	-0.68026863888028	-0.283283213653023	0.335198764865838	0.26272190493512	0.24956990390733	-0.091278073667759	-0.174321874576668	-0.1395603359154
XLOC_006387	0.074355198382472	0.267449591941165	0.292589589760794	-0.303079658939192	-0.959324511846911	-0.55634548822249	-0.172057691349587	-0.070574334317298	0.253517984998105	0.277712648922453	0.352311176694641	0.543445493975845
XLOC_006389	0.156508175464833	1.01819515237615	0.848311970759701	-0.626962538408607	-0.988962547896101	-1.21265660866795	0.736880708308362	0.907866851980216	0.499212809189157	-0.264961269972489	-0.274640690204968	-0.798792012928301
XLOC_006392	-0.397898928647973	-0.293678263672986	-0.0295761659008518	0.161572365847073	0.0486987462711577	0.216330012996951	0.0276660637175503	0.700797693073821	0.473996578769891	-0.589005878344399	-0.0350145321579758	-0.283887691952257
XLOC_006395	-0.382336092227717	0.0572418024394787	-0.231532770311901	-0.406779790083437	-0.265355348452949	-0.564730999626717	0.453109708460021	0.712153612692878	0.55042697562005	-0.302045432921146	-0.0263108998750345	0.406159234286468
XLOC_006404	0.754941815463059	0.977269858676108	0.774770866475215	-0.77370623957402	-1.5592443285744	-0.505126002563147	0.983922659363094	0.889162288515989	0.987718537937898	-0.759745909518243	-0.627239278492777	-1.14272426770877
XLOC_006413	0.814185521744641	0.432198222324203	0.534655135185779	0.869573919948607	0.480210650385109	0.557421588305753	-1.06694503107612	-0.415325307983849	-0.0773799274145537	-0.619506273984833	-1.11626352386211	-0.39282497357263
XLOC_006415	1.39353440592827	1.02426038053426	1.14866908289637	-1.60505094490235	-1.60505094490235	-1.60505094490235	2.43943547585827	0.19363449488904	1.11535930250964	0.710361581895869	-1.60505094490235	-1.60505094490235
XLOC_006421	-0.566603807045695	0.424144515862557	0.502239337987326	1.01755658899088	1.44446061174979	-0.669957775097998	-1.73337769779427	-0.482002741945906	-3.34495250797176	1.69904763763497	0.57739298347044	1.13205285415966
XLOC_006423	-2.4704009912198	-2.4704009912198	-2.4704009912198	1.66251732019252	-0.508461556690161	2.2131013713615	1.09650523307483	0.606341531619818	1.68111739844328	-0.154988464421587	-0.289415924508114	1.10448606458731
XLOC_006436	1.80642533581359	0.76061958600588	0.394322342886895	-0.262259131061346	-0.688052231169194	0.40746864350701	-0.924842688902849	-0.718116662232148	-0.442025861057589	-0.248746891802401	-0.0627268505976515	-0.0220655913901977
XLOC_006442	-0.681767463934893	0.209614940560161	0.35472355778947	0.27779790789053	-0.812117018646894	0.600063297515917	-1.16072915291289	-0.189617718274051	-1.42393933969494	1.03661476738212	0.687490402470166	1.10186581985531
XLOC_006445	-0.740917872743002	-0.134013455551107	-0.0866000710404258	-0.445160469678058	-0.321830475429727	-0.0863035799398713	-0.135541327281482	-0.119140020554602	-0.38120391190195	0.985908766476925	0.999138089467749	0.465664328175549
XLOC_006451	-0.0845424954214158	-0.402497147041993	-0.805089896831267	0.657441357931183	0.47479533757679	0.747585778795543	-0.716388794032448	0.0566828570402862	0.244982656421445	0.649066321786694	-0.589226958925371	-0.232809017299441
XLOC_006456	1.56726663396677	0.561663916253051	0.972284013767571	0.188230354676337	-0.163967536109424	-0.581057781478015	0.0200163501881905	0.0360683891913203	0.196649892117432	-0.346446634057323	-1.46119680006431	-0.989510798451602
XLOC_006457	0.582738851975064	1.12323647688116	1.39938224575507	-0.161630601950824	-0.752355132048977	-0.407625283362215	0.247330838318728	-0.069240745177038	-0.202373629641355	-0.455721133942797	-0.159539912565981	-1.14420197424084
XLOC_006460	-0.0713444289685619	-0.385039841739296	-0.664180109897112	1.24052098750934	0.943114133137202	0.405773281555498	-0.487937555398671	0.0718978424007251	0.00518182258630429	-0.839156426637126	-0.253106887052521	0.0342771825042174
XLOC_006465	0.403621003241054	0.0391905051521242	0.34356344062988	-1.08416623132071	0.380218368748035	-0.178055507745508	0.4390797046198	0.760000072012375	0.305100884751427	-0.481363689622424	-0.175440536646308	-0.751748013819745
XLOC_006488	0.302552243910023	-0.346449232702626	-0.802360148164066	0.951813027546962	1.275932194968	0.534685118896854	-0.125904012099504	0.0995572283069537	-0.0145386400800156	-0.494329387220452	-0.198148165843635	-1.18281022751849
XLOC_006503	-0.32248055798726	0.241057858831045	-0.122882708960876	-0.302606313547767	-0.0126851517552735	-0.160650843621104	-0.643442958336605	-0.604065659658257	-0.95733627628112	1.12832084152402	0.946069823394938	0.810701946398267
XLOC_006530	-0.218312920228012	-0.0997764937086849	0.224244511911074	0.424471239776143	0.6292181795884	-0.449521691648718	-0.697274609206007	-0.332373015086418	0.12823403515241	0.333260947677705	-0.202933363439517	0.260763179211626
XLOC_006546	-1.66855609382225	0.285545064486687	0.386645667002746	-1.44101936956532	-0.100222100895715	-0.0676058780121833	0.214060170621642	1.14194057806599	0.303057992400739	0.567778091502876	0.659246146170344	-0.28087026795555
XLOC_006559	0.523474218605063	0.500892728748658	0.344242682840253	-0.323680284525706	-0.316454359516593	-0.180711545977344	-0.169417323343708	-0.0397448615379616	0.209471156119189	-0.360089008432064	-0.0815428983322555	-0.106440504647541
XLOC_006572	0.750100233395938	0.87824441205355	0.52086465247018	-1.75106691338306	-1.75106691338306	-1.75106691338306	2.42295355717255	0.823771348527534	2.79505474988037	0.564345613415159	-1.75106691338306	-1.75106691338306
XLOC_006575	-0.76749287877593	0.273850786040231	-0.0221707566743081	-0.146142605337877	-0.866569288194759	-0.520116630535509	1.34259325220176	0.788049347366189	0.530849828913824	0.194335614327161	0.396982443038525	-1.20416911236931
XLOC_006577	0.340552358739253	0.553163266305548	0.383839316548643	-1.17717353115725	-0.123323977514558	-1.62379905602052	1.42428252602762	1.31509244741897	0.803228996581678	-0.658445336389027	-0.619882786108199	-0.617534224432165
XLOC_006579	-0.314437804262313	0.861392092515422	0.763746408665239	-1.51611680823155	-0.566370689348234	-1.14788979121596	1.52712868191721	2.06279941989844	0.635817412754255	-1.4194412409606	0.133539626361065	-1.02016730809297
XLOC_006599	-0.797158444736543	-0.376768157313101	-0.261272341094055	-0.304332380273961	-0.458952751152423	0.589830374171186	-0.444729553503754	0.515037989030251	-0.124330878005409	0.406312999981754	0.579704152688631	0.676658990207427
XLOC_006608	0.858941603678015	-0.0246647669210613	0.118176258020566	1.15347291417295	0.534551128127328	0.0187553078555629	-2.99454067661417	-1.0416336570315	-1.6631935769995	0.453651711946036	0.983749256132531	1.60273449763325
XLOC_006618	-0.133092480305157	-0.286088883941407	-0.20362671428426	-0.0738746342567786	0.375126018354823	0.65282888402273	-1.32527322461041	-1.05003961793654	-0.9767221271521	0.971035640532685	1.20123171963702	0.848495419939384
XLOC_006626	1.01122129293216	0.672596389397963	0.130599810514669	0.0105365840512626	-0.13329778097425	0.716016464174587	0.171740061102343	0.488183476819419	-0.726392892531587	-1.17028992009233	-0.412822819339303	-0.758090666054934
XLOC_006634	-0.0595329359868453	0.0458532606792996	-0.22497973533692	0.388457217114213	0.493474875381517	0.102146893039461	-0.0296835701895972	-0.390117813561361	0.38454365993095	0.130577596225899	-0.416221302268485	-0.424518145028133
XLOC_006637	0.178342432678404	-0.122010986386272	-0.262478562802674	0.536756504755003	0.432758551362769	0.218291682961551	-0.459241751764546	-0.281203414053524	-0.0877394596625294	0.13051943883765	-0.270628375074182	-0.0133660608516504
XLOC_006648	0.0526368544416931	0.371738319037249	0.541621920598146	0.0725110988811855	0.321028606162015	0.461954674525952	-2.74809406154299	-0.803331203410824	-2.94795498465604	1.57775585845065	1.34659522205502	1.75353769545794
XLOC_006649	0.509874984277695	1.0329833924926	1.09670741818851	-0.916602778692648	0.0344457508723917	-0.228411779163593	-1.70815814270702	-0.813108425026633	-0.982512325561681	0.580923009534479	0.473332950468124	0.920525945317768
XLOC_006655	0.424418485088149	0.374358448486165	0.00963169803224861	-0.045979075214996	-0.226634351109531	-1.10696778642557	-1.04952584524938	0.875399847029715	-0.811852085445745	0.457139565010903	0.602975963011092	0.497035136786953
XLOC_006660	0.23058865368294	0.122398536642742	-0.108898057721597	-0.128668303761793	-0.274445953451585	0.0445940786924606	0.695790238811905	0.410557023464955	0.635211200015529	-0.746499293361289	-0.793399350430042	-0.0872287725842256
XLOC_006665	4.04671958135066	4.03104253579457	3.57723193523231	-2.03586823705777	-2.7776313857143	-2.94477890586428	1.04842703135535	0.3147264134131	0.888383840691682	-4.73957082024394	-0.998511630575426	-0.41017035838196
XLOC_006683	-0.343719122106049	0.279816945241592	-0.230831766833286	-0.744255676546362	-0.675299751294674	0.0288766382569641	0.154830099525649	0.558226056622958	0.256879054884308	0.315196792362139	0.804640676164244	-0.40435994627748
XLOC_006690	-0.0728007769629966	2.63425413519741	1.30562700296259	-1.80863781835974	-1.80863781835974	-1.80863781835974	1.55602333092802	1.63974564332997	-0.290841087159287	-1.80863781835974	0.372347248351946	0.0901957767913089
XLOC_006714	-0.259116749345033	0.141785967531697	0.553008179925259	-1.23278492776401	0.120578993735069	-0.17737534584891	0.534684625842186	0.216683378245817	0.248060285354989	-0.482565428163327	0.0418167992946632	0.295224221191599
XLOC_006717	0.263754297440077	-0.0351675162317662	-0.162069830216208	0.302930899728389	0.193406781176636	0.215195407595317	0.0128064591884307	-0.0300154211547721	-0.0578457646065544	0.136890346593381	-0.502397747317575	-0.337487912195352
XLOC_006721	0.0235016753139385	0.444129501188022	-0.168915389635306	-1.71233536608281	-1.71233536608281	-1.71233536608281	-0.361778393887674	1.36440715675681	2.09962243749275	-1.71233536608281	1.58582278737837	1.86255168972431
XLOC_006723	-1.64734188440833	-0.30324283874449	-0.976218828493774	-0.96530264409119	-0.0365643631223165	-0.625314587423202	0.897806523753705	0.35169012417178	-1.01343627868516	1.15886425826227	1.30886952682148	1.85019099195923
XLOC_006724	-0.00462774605031679	-0.565691008099784	-0.153716989687569	-0.0656956429649975	-0.608894718229476	-0.397277462544405	-0.391307446628299	-0.488798416513978	-0.460750541239238	1.60239408027336	1.31555629190809	0.218809599776629
XLOC_006732	-0.844018599355726	-0.497285775965123	-0.814908239602055	0.191627219386527	0.270875282603152	0.854980841370056	-0.552259914393726	-0.304540375850031	-1.06311680220807	0.688341512152016	0.82270200485339	1.24760284700959
XLOC_006741	0.264373387372927	0.0315145763084033	-0.211169267507485	0.279992974086492	0.65155981746927	-0.0385022816649663	-0.668856024992859	-0.772254038744275	-0.374011721196789	0.254172790346971	0.0166470415740596	0.56653274694825
XLOC_006742	0.0632825761817299	0.316548663641464	-0.00305848506513851	-0.473619203474256	-0.245995366004691	-0.130694121685055	0.21875697673512	-0.693840329488262	-0.421168225094108	0.0842192414477179	0.4526387899357	0.832929482869776
XLOC_006747	-0.106923523425721	0.23945752544572	-0.385189244630283	0.391407379433988	0.201527382906902	0.533362849360651	-0.334940139841685	-0.335596931108527	-0.368149344349193	-0.44948321852161	0.0178841290287952	0.596643135700964
XLOC_006759	0.266219833402353	-0.243070684021982	-0.320129777508602	0.691713376490414	0.455587521014305	0.633217199578237	-0.740309720152792	-0.491517768951269	-0.250489391211252	-0.0843023407983265	-0.356723455426354	0.439805207585271
XLOC_006761	0.0901082733641747	-0.101729946403278	-0.334072661185055	0.660204470260826	0.730731956087157	0.245253242827536	-0.794325087397491	-0.349518562846306	-0.306903127109703	0.338712613698869	-0.0191832834356136	-0.159277887861105
XLOC_006770	1.0591238055495	1.45079463240725	0.992254078790801	-0.44547640711685	-0.935997976718062	-0.942886453531649	1.46581844734181	1.88567976514644	1.98224022831422	-3.55614053044736	-1.39461872793735	-1.56079086179875
XLOC_006780	0.0701512500812491	-0.317072065980872	-0.300188213875842	0.74982115498168	0.65374694603052	0.84315072133969	-0.862978494878933	-0.593059693144974	-0.219854903086985	0.164995990653521	-0.110644195409495	-0.0780684967095659
XLOC_006801	0.612827448263693	0.670988200856093	1.28263805633769	0.245813122252051	-0.512344599686602	-2.12745204159444	2.10423413115146	1.73642137643453	1.75309161887589	-1.68420655403043	-1.63416522231918	-2.44784553654075
XLOC_006810	-0.884621165876912	-0.552328741335995	-0.932475379740584	-0.647613331603205	0.566144569427362	-0.803089415987675	0.372676184276544	0.79253750208118	0.78892044029848	0.392472551639808	0.388866296154857	0.518510490666144
XLOC_006811	-1.28511276880336	-1.28511276880336	0.258307207644143	-1.28511276880336	-1.28511276880336	-1.28511276880336	1.56296874759579	1.28972549310723	3.01026790251599	-1.28511276880336	0.183375585405589	1.40603167655139
XLOC_006829	-1.30827150931301	-0.0822169942508415	0.399860735387142	-1.07716707277014	-1.00946362122707	-0.354791911951011	0.408026809583184	0.631515450723037	0.634777907639415	0.270219966816857	1.29536701653338	0.192143222829059
XLOC_006830	1.11770015386257	0.966551301652926	1.00079693605397	-1.03318959811063	-1.21384487400516	-1.18261985999645	0.306479445906028	0.494399164653331	1.00008967748589	-0.419068216704877	-0.38423455988454	-0.653059570913065
XLOC_006850	-1.51147374532939	-0.295394677737063	-0.123448729234933	-0.37612647399919	0.116118000972776	0.266386564172606	-0.101355859670206	0.165684922628701	-0.356631220535784	0.62004314337787	1.16129766888019	0.434900406474426
XLOC_006903	2.17310556572779	0.424188845843223	2.11611420887151	-1.7322760214276	1.03149820810917	-1.7322760214276	-1.7322760214276	-1.7322760214276	-1.7322760214276	0.583136505370609	-0.26378766721866	2.59712444043437
XLOC_006912	0.725611072632486	0.300603827650487	-0.00149302225955772	0.40667218679476	-0.0707886220521621	-0.214918710580641	0.145509728307715	-0.060743439369821	-0.148716804055124	0.153386394710274	-0.469010512958393	-0.766112098820024
XLOC_006913	-0.10456330441694	-0.136294742611778	0.302129649390823	0.126540624547625	0.108475021325903	0.0310252478991497	0.268087352827392	0.164225325190502	0.602633729871085	-0.431853801839716	-0.745139227187219	-0.185265874996823
XLOC_006916	0.682646409926696	-0.283052279392169	0.15882460769938	-0.585276575431886	-0.897643719202217	0.0190179502628638	1.3483158455719	1.48673356036493	1.39876019567963	-2.59423612665285	-0.43271432414284	-0.301375544683438
XLOC_006939	-0.473796294250235	-0.165022211099473	-0.106643958002294	0.14914812859562	0.238673191563061	0.443452304103337	-0.578036450793794	-0.275327701714161	-0.866996688320286	0.501531940856491	0.553901363209517	0.579116375852212
XLOC_006942	0.0240753600515777	-0.468036938098448	-0.40083328582994	0.520640735257608	0.648382966160132	0.303802434461321	-1.14657091146682	-0.11817962406553	-0.892411123630716	0.373479922033988	0.649639869533412	0.50601059559341
XLOC_006945	-1.5078582992222	-1.5078582992222	-1.5078582992222	-1.5078582992222	1.76827149538693	3.02986600779795	-1.5078582992222	1.06697996268838	0.00993843197824917	0.807554227576009	-1.5078582992222	2.36453966990571
XLOC_006946	-0.0371851515961525	-2.37593332589219	-0.207824203410182	1.17846714102522	1.07380135827247	1.17704894984652	-0.500526868364405	0.249703189810032	-0.853726261665713	0.541376135434402	0.246995349258913	-0.49219631271891
XLOC_006955	-0.902221265966054	0.93272120778146	0.296624079878227	-1.03367673730159	-0.710401620392486	0.101061149251134	0.0711593421360641	-0.140745639267905	-0.137499343713253	0.388464771042355	0.25746415091348	0.877049905638569
XLOC_006965	0.639751017087688	1.09826572309828	1.02464110586357	-0.18509200551444	0.22962139173851	-0.545118261901254	-0.784354292044636	0.292554887253716	0.98629797246811	-1.07657764389826	0.157471971921719	-1.837461866073
XLOC_006993	0.4054571030321	-0.753320577860557	-0.686116925592049	1.03347544401299	0.669632457351123	0.136809853156143	-0.578937016389072	0.084248707732149	0.173563019994691	0.727264815013497	-0.45434238672559	-0.757734493725434
XLOC_007031	0.158741559243591	0.28860010171934	0.339127262610861	-0.0815031618583522	-0.737690942624409	-0.388344534087627	0.0616856200690918	-0.436591793348774	0.629417647330672	0.264382880471663	-0.137571273530892	0.0397466340048318
XLOC_007032	1.14844156760666	0.667778654857869	0.944639066962051	-0.0274975136775124	-1.24368568198465	-1.46309598233532	0.102801105637655	0.2474130364112	0.905810323435672	-0.292018215433909	-0.340928601912363	-0.64965775956735
XLOC_007035	-1.39740947719219	0.759055390078634	2.00507166116166	-1.39740947719219	1.87872031741694	0.397382437187458	-1.39740947719219	-1.39740947719219	-1.39740947719219	2.84280293934962	-1.39740947719219	0.501424117958856
XLOC_007044	0.329400648685831	-0.179889868738504	0.453855081139635	0.517787076374176	0.0123799700359415	0.304097617118183	-0.659776253320017	-0.863855074044857	-0.485018939676557	0.088325345745023	0.247188456189526	0.235505940491619
XLOC_007050	0.657099079267227	0.027438903990296	-0.20020367380858	0.729015277190043	1.14692453845602	0.739864762435828	-0.408057358259608	-1.0149239900457	-0.496687514211753	-0.0111541266479929	-0.0552330893891275	-1.11408280897665
XLOC_007051	0.262371552491761	-0.104608982178648	-0.0158941687128014	1.09811009151211	0.452237080233939	0.695638900044242	-1.22413141880256	-1.24606243214102	-0.771172125195364	0.342453411607695	-0.186666706724678	0.697724797865333
XLOC_007056	-0.276756550830886	-0.579554876227223	-0.520100457282572	0.772060170624604	0.46565435827508	0.686873965145852	-1.37890100257088	-0.632429411234614	-1.23304832558018	0.99892545199735	0.697714952274147	0.999561725409313
XLOC_007058	-0.233259509922668	-0.578036587542075	-0.51223592885915	0.693270562010031	0.702676672048902	0.414880448444997	-1.10178726445836	-0.663013548781885	-1.06200119419814	0.872143268576449	0.781131723939673	0.68623135874223
XLOC_007060	-0.0144286146071764	-0.00162136691663939	-0.0348692817090992	0.0693732849497728	-0.142979622971183	-0.0019136875571224	-0.245834369369403	0.195573853694983	0.389327571572926	-0.0693938688604057	-0.355740871163363	0.212506972936701
XLOC_007061	-0.232916988170579	-0.165770788669488	-0.138441906789122	0.35750184050666	-0.197428295694079	-0.186155087635173	0.423780298755436	0.530973415518335	0.520157646374254	-0.59175567097462	-0.2955029285336	-0.0244415346880231
XLOC_007067	0.570288677010244	0.0628251607233681	-0.660206191860428	0.806952833185104	1.11923202826726	-0.150942570694644	-0.285989367150034	0.657023840513029	1.36060659071934	0.257649969896797	-0.947607688046289	-2.78983328256375
XLOC_007083	-1.08753957655541	0.604356274751786	-1.31677515748117	0.297529395461125	1.44930105046904	0.60408474073981	-0.0218004990397769	0.792039773891902	0.0178781059960604	0.927064671908007	-0.576265651958018	-1.68987312818335
XLOC_007089	0.816533091678829	1.47843732826153	2.04855644404697	-2.84494197391735	-0.0811677443805685	-0.274649449764777	-0.809243772350444	-1.04625653412596	-0.124531726505356	-1.26540458675884	1.0752129286054	1.02745599521057
XLOC_007122	0.832034893999863	3.14599563777265	-0.903802147396881	-0.903802147396881	-0.903802147396881	-0.903802147396881	0.446754824798251	-0.903802147396881	1.33714346839534	-0.903802147396881	0.564686206812064	-0.903802147396881
XLOC_007137	3.62382250408433	2.56579641055313	2.15136514285034	-1.87709554300403	-1.87709554300403	-1.87709554300403	-0.526538570808897	-0.0784101032126427	0.363850072788193	1.28559225876569	-1.87709554300403	-1.87709554300403
XLOC_007138	-0.915772154364991	-0.915772154364991	-0.915772154364991	-0.915772154364991	3.98912302643676	2.15615744583676	-0.915772154364991	-0.915772154364991	-0.915772154364991	-0.915772154364991	2.09666891701139	-0.915772154364991
XLOC_007140	0.74266767541529	0.31766043043329	0.342488899999198	0.683317473955498	0.493437477428412	-0.655199724726663	-0.336030060365289	-0.649896677106265	-0.518041959969623	-0.157573124000101	0.0512167375694439	-0.314047148633184
XLOC_007142	0.209317214220463	0.359177888062826	0.0311384800656951	0.542281594974694	-0.45154900960936	-0.87887188837212	-0.0887996993264739	0.191937295758416	0.652544345997244	0.415109430371444	-0.942205035375872	-0.0400806167669545
XLOC_007150	-0.600656950918082	-0.340092025232452	-0.223608547407043	0.123215884209964	0.514364681077841	0.749637481501572	-0.424713775377256	-0.717245238813037	-0.659925459624267	0.615220249388245	0.100501104990582	0.863302596203929
XLOC_007161	0.123002748806849	2.27788694182928	-1.6128342925899	1.60005618637754	1.66329550201924	0.957458231562673	-1.6128342925899	-1.6128342925899	-1.6128342925899	-1.6128342925899	-0.144345938380951	1.58681779073485
XLOC_007162	3.81253502920466	0.395676114392329	2.82286027273167	0.148925365139287	-1.7607887528785	1.31114084732325	0.274909448688403	0.0378966869128869	-1.7607887528785	-1.7607887528785	-1.7607887528785	-1.7607887528785
XLOC_007163	3.39047830668485	1.91743462683874	2.7809802407968	-1.06740998950232	-1.06740998950232	-1.06740998950232	-1.06740998950232	-1.06740998950232	0.450386741698138	-1.06740998950232	-1.06740998950232	-1.06740998950232
XLOC_007209	-0.0654121847056537	0.479693207716482	0.78685751936947	-0.475321498036642	-1.08542782222304	0.454340182862613	-0.996896467544411	-0.913174155142458	-0.0661769455128258	0.488558650823881	1.07858460581048	0.314374906582104
XLOC_007245	-0.165808848064281	-0.0874736699681833	-0.20035746461315	0.294680084094678	0.350528190753326	0.220862649419836	0.318138581469278	0.0364059698916774	0.676279786910311	-0.498449757222553	-0.529381459146421	-0.41542406352452
XLOC_007261	0.0395047713213508	0.331580242821607	-0.184204007823818	-0.0836386645872684	0.259781169194552	0.388262348078053	-0.404169596869499	-0.831839510787501	-0.642360098457866	-0.340876477199939	0.252667269359386	1.21529255495094
XLOC_007263	-0.130453796171216	-0.736662712006541	-0.396017845248471	1.25121163535231	0.350545244664865	-0.80098414082414	-1.11503653416965	-0.0464517812599317	0.0509725957717544	0.502631617270485	1.19573414709506	-0.125488430474528
XLOC_007266	-0.367747437286585	-0.570370877275125	-0.466372325710781	0.630992980029239	0.711152776377197	0.491605871858541	-0.371178546967931	0.130132877900252	-0.505353669102026	0.3839921822641	0.0103842625170341	-0.0772380946039215
XLOC_007271	-1.03555938921968	-8.42286353366362e-05	-0.54669141853533	-0.679763704604889	-0.297255123190155	-0.264638900306623	0.0170271483272026	0.684615963405143	-0.143016042336469	0.630369935732436	0.622446061438414	1.01254969792529
XLOC_007275	-0.864659979231337	0.583765917377556	-0.864659979231337	-0.864659979231337	-0.864659979231337	-0.864659979231337	2.26471156214661	-0.864659979231337	-0.864659979231337	3.03462873840682	-0.864659979231337	1.03417361591971
XLOC_007281	0.0926833579632094	0.0281228092997265	-0.0571095268099802	0.464938279814645	1.05721256570977	0.495247966771198	-0.827943844946434	-1.04497180153381	-0.227096761235103	-0.219094863658208	0.331068743256854	-0.0930569246318722
XLOC_007287	-0.612816442942037	-0.181749916978196	-0.25588762001771	-0.645325983988994	-0.244260344728799	-0.153275931389138	-0.0332240328942586	0.398549112272729	0.201746556733733	0.596782990199476	0.494453726138217	0.435007887594982
XLOC_007289	-0.568494022463194	-0.525650858572946	-0.51984544235495	0.667440840303692	0.81566076693939	0.130795245034668	-0.328582828640803	0.065325118538067	-0.0947324580246516	0.250096502063031	-0.217275355783332	0.325262492961031
XLOC_007316	0.79656413041241	1.28024159997447	-0.161183039919083	2.42831529504574	0.257336418163057	-1.70460301636658	0.331095185200319	0.870235245544006	1.01580723104541	-1.70460301636658	-1.70460301636658	-1.70460301636658
XLOC_007327	0.0526087326193938	-0.619612047143054	-0.131610654772541	0.832738939701315	0.738279575485067	0.621644798264414	-0.607488727359677	-1.21646102152155	-0.242569248497685	0.431236398743243	-0.112092857983987	0.253326112465069
XLOC_007373	-0.0296271315567154	0.0859876904964807	0.187886186016973	-0.0729176723965015	-0.561234804459696	-0.432015112256014	-0.0116628518817077	-0.0155153894637454	0.242772023984553	0.242405571803578	0.224151158409683	0.139770331303106
XLOC_007376	0.201445887245442	-0.196144860319908	0.389112580369396	0.0401939699565883	-0.189229749170304	-0.733208141755907	0.0868365812975949	0.428777769327003	0.122690997916584	0.0318189338120991	0.295252631869199	-0.477546600547794
XLOC_007383	-0.794347186326164	-0.376349471302679	0.0976916744370557	1.48398301887246	1.1808850166869	1.21367965430515	-0.525708302925956	-0.711123552331986	-0.887770969906007	-0.45951635693975	-0.476833165813551	0.255409641244521
XLOC_007412	2.21817364498523	2.20300454579584	1.82533125362391	-0.728532160735025	-0.676306844223171	-0.843454364373159	-2.63824627875281	-0.839560838961425	-0.397300662960589	-1.05870889159431	0.374194792623574	0.561405804571934
XLOC_007416	0.266465703704521	2.03837402584883	0.0740486387552766	0.440342780325563	-1.46937133769222	0.325420576687429	-0.118814365497091	0.329314102099163	2.52233388884521	-1.46937133769222	-1.46937133769222	-1.46937133769222
XLOC_007433	0.245845214665196	0.573117607116391	0.347276225246205	-0.811152605006686	-1.90106753154411	-0.661847849491202	0.937849691497195	0.976599093389707	0.638957549805658	-0.504183091547853	0.0834512693145708	0.0751544265549233
XLOC_007434	-0.773708956505867	-0.343235125209144	-0.136943377898565	0.379288586262812	-0.725233699442164	-1.4373374161697	0.774259208353296	0.652489931072232	1.21128473390454	0.0343112772939937	-0.377888879656202	0.742713717994772
XLOC_007442	-0.552648939427463	-2.14512590024053	0.312837634100896	0.0942835855180792	-0.115877675808794	-0.612264234825581	0.678619521256834	0.741384644981487	0.780715202926452	0.239968528389635	0.44849759130638	0.1296100418226
XLOC_007444	-0.485061639202849	-1.00151377651676	-0.985749726428025	-0.0277982202071225	0.698237143108126	1.17482206690074	-0.214604428374392	-0.426316655382191	-1.20485669665691	0.583576498023511	1.26036122243039	0.628904212305479
XLOC_007454	-1.04595147061939	-0.8307348677037	-0.624443120393121	0.119794974159409	0.291416951815536	0.15959883311788	0.33861814583015	0.164990188577677	-0.489673961802851	0.350052585528301	0.865132860219221	0.701198881270886
XLOC_007462	-0.81911878950361	-0.81911878950361	1.93460123829511	-0.81911878950361	-0.81911878950361	-0.81911878950361	-0.81911878950361	-0.81911878950361	-0.81911878950361	3.56544221138624	-0.81911878950361	1.87202565585114
XLOC_007491	0.399305744309629	-0.434568279589185	-0.410966872628807	0.622798131195633	0.231589703189786	0.617648375691889	-0.687447440965512	-0.386573599015865	-0.424493002070186	0.189283960823591	-0.0700299664153556	0.353453245474381
XLOC_007493	-1.72093152070254	0.641980356554005	0.144930870005967	0.383104358648794	-0.061523101549529	1.0144556072396	-0.153725752428951	-1.63770788670836	-0.969475809457068	0.248323800398447	0.88359399266755	1.22697508533208
XLOC_007505	-0.637210190577479	-0.377385510146935	-0.265491553022962	0.23611893968941	0.43857197859074	0.384980870550372	-0.283851979553548	-0.0979490397498619	-0.230742674582414	0.335939992303864	0.371439922090183	0.125579244408632
XLOC_007520	-0.0321983430452963	-0.0323150418808824	0.201076160309032	0.48600575441051	0.00469738946442266	0.474025939338717	-0.490221128982057	0.173516658161576	-0.947564712345667	0.297293384343865	-0.196826635066129	0.0625105752919133
XLOC_007524	-1.55708786255544	0.0899448291750931	0.23605177947671	-0.467022209292924	-0.183602497375269	0.168688169360688	0.0999370726930477	0.62577947011079	-1.02429120397127	0.421534005874826	0.845869161779987	0.744199284723773
XLOC_007525	0.139463735546643	-0.495002568172282	-0.783498323318878	0.474222886327198	1.07401380454028	0.780893261557561	-0.542298550160071	-1.29979446004395	-1.3685903503891	1.0444848671916	0.428019181774912	0.54808651514608
XLOC_007527	0.063684795004308	-1.20073031860349	-0.282950968631505	1.38236821284726	1.1419893922511	0.146999142804807	-0.478840860006446	-0.462301936256539	-0.805429576079336	0.519614882547293	-0.103732769634965	0.079330003757514
XLOC_007530	-0.183785934198375	-0.276421077595405	-0.753156528505496	1.08669451844499	0.269430013931133	0.575906390708322	-0.92173777307432	-0.481005237162844	-1.21380916319987	0.823060241299958	0.669613390074393	0.405211159277504
XLOC_007533	-0.50056360023615	-0.325924896910248	-0.357754202546539	0.280640286234618	0.4972700021951	0.248208149843233	-0.626010265309494	-0.793349103844998	-0.559974985069802	0.651402284772177	0.493688017995321	0.992368312876788
XLOC_007548	0.0386363692807936	-0.248774775507059	0.574730893737284	0.212513445901835	-1.69720067211595	0.873091852036618	2.20496546752287	1.75118278957376	1.3824566459177	-1.69720067211595	-1.69720067211595	-1.69720067211595
XLOC_007549	0.257717129047841	-0.0454469595767186	0.29479562327411	0.60472058223893	0.159524908476059	-0.223159774828412	0.329767290377277	1.19671299974513	0.793539819536127	-1.79832464423309	-1.30054464122902	-0.26930233282823
XLOC_007550	0.0869150208687177	1.34684818822379	1.69453467196666	-1.77187165228293	-1.33131342918089	0.355605693130986	0.383401719147647	-0.296005049249247	-0.327924832849501	-0.744549714708556	0.198974754053571	0.405384630879752
XLOC_007551	0.391095662995593	0.630035651416001	0.50286998393894	0.14210129964434	0.212339727624121	0.565623347499974	-0.94097366915996	-0.512797971391863	-0.777057276118443	0.373775895015022	-0.320110450237769	-0.266902201225956
XLOC_007566	0.707257222491492	0.546650388654585	0.39396261737508	-0.491329103338026	-2.03468577872014	-2.24836779933925	0.84793528619038	0.427299259927443	0.900608871844611	0.271796722503126	0.246235012910062	0.432637299500643
XLOC_007575	-0.719555632669764	-0.719555632669764	-0.719555632669764	-0.719555632669764	-0.719555632669764	4.21759292442497	-0.719555632669764	1.07912980712162	-0.719555632669764	-0.719555632669764	-0.719555632669764	1.17927796248129
XLOC_007578	0.173903958508086	0.961709551853337	-0.100352745692381	-1.01153707481547	-2.93583375908136	-1.15919217871232	0.849174879723921	1.47392018103703	1.30538648203541	0.379696174659068	-0.115899843972583	0.179024374457259
XLOC_007585	-0.96920848237633	0.278490050204812	-0.411012537155007	1.25333263080914	1.37887066539689	0.174404116504911	0.258903766304549	0.283514005987212	0.45216866253767	-1.42256140200223	-0.521231051752951	-0.755670424458664
XLOC_007587	1.17943101308207	1.08457827880787	0.951956532350441	-0.68220569184204	-0.0760242951559968	-0.569843338577969	0.0947015982331303	0.385399139605513	0.420242877995606	-0.972466803289725	-0.642727440423903	-1.173041870785
XLOC_007588	2.10314220811789	2.04760323637883	2.04105245253067	-1.30710531204658	-0.999625568214427	-1.35469867612241	0.444401420790726	0.524642506717148	0.377469383356534	-1.15664301749221	-1.70669963765361	-1.01353899636256
XLOC_007589	1.41019292678764	1.01495638077249	1.00395926691857	-0.262364680330291	-0.232739157897923	-0.361735103437812	0.167436304483589	0.136684165234648	-0.0458542999576323	-0.95804273550176	-1.11221153888384	-0.760281528187658
XLOC_007590	1.12357041420424	1.72111984554593	1.5307041462845	-1.10233986215515	-0.784039315292736	-1.05619318536882	0.81773292305258	0.805975827872354	0.656783085302129	-1.442367626164	-0.974073432221825	-1.2968728210592
XLOC_007591	1.75076400254306	1.62606561216125	1.45406564939391	-0.864752843756095	-1.23829731563026	-0.930937274526642	0.773836901326227	0.768725107784592	0.950410065850503	-1.57190204769165	-1.51879847467178	-1.19917938278313
XLOC_007604	-0.391827666370713	-0.315285910460563	-0.465415488642593	0.715870509637373	0.486826583441848	0.617579487028248	0.0831415796845389	-0.348920349755755	0.538237730652382	-0.114645298271735	-0.523331011282345	-0.282230165660686
XLOC_007609	-0.30143538723196	-0.978065836487079	-0.848645631505805	-0.374413514448672	-0.30946175075866	-0.890980852626383	1.82508739877115	0.41783604439817	0.982724454520633	0.421650548061719	0.818962896810278	-0.763258369503391
XLOC_007618	-0.0814682400209472	-0.189490476974188	-0.487190179779536	0.907255102641499	0.874447825755785	0.116221352072133	-0.308223024225976	-0.469909020824864	-0.425669474313021	0.0486164946723395	-0.0303790767569749	0.0457887177537497
XLOC_007645	1.26772695947225	1.9907463611941	2.05784328083018	-0.735217403591313	-1.85767929285006	-0.428662058312629	1.31998658544792	1.17396227204849	1.50681387694716	-3.04191613522834	-1.32329536892566	-1.93030907703209
XLOC_007654	-0.257902374307696	-0.498365101436963	-0.442318528997554	0.0296635378175027	-0.104387111972675	0.482665937382524	-0.491087605047476	-0.499433794106209	-0.729893185965679	0.773615038594795	0.684156308470528	1.0532868795689
XLOC_007697	0.319912493435697	0.351206838762228	0.520012069503982	0.0731384765901488	-0.598508903552209	-0.492999381747553	-0.0834814468270286	0.408089971332898	0.0319283116172526	0.326989617514551	-0.315592328905245	-0.540695717724718
XLOC_007708	0.157300738432587	0.0467478594024051	-0.197606700067126	0.0321661419472719	-0.0247391920776874	-0.263781547063978	-0.089298739946349	-0.165496441159339	0.118143163319584	0.545801383325387	0.15896584460865	-0.318202510721413
XLOC_007729	-0.377802899380157	-0.0939282700259714	-0.599339187372003	0.764016042883479	0.43169408236449	0.0818307299100631	-0.0748039163482082	0.00610496161656116	-0.437132608992489	0.106961540730382	-0.139460612483334	0.331860137097189
XLOC_007734	0.131521872465829	0.365871480446819	0.279130834689682	-0.389516061879847	-0.208011506726319	-0.299371641015488	0.12049658159973	0.025346590059538	-0.0379850282879328	-0.189587041546601	0.147238704982046	0.0548652152125451
XLOC_007740	-0.15251156369056	-0.398859210647546	0.699758140384565	-0.562420877021548	-1.17252720120794	0.0890673112030775	-1.08399584652932	0.605640237839959	-0.636699192241523	0.752872183090853	1.35319459991098	0.506481418909004
XLOC_007742	-0.359079772117989	-0.146358056813386	0.423149824772234	-0.0978337635049336	-0.550522688343356	0.0320691204224319	-0.277535085770624	0.0210901748755967	-0.203099168733035	-0.0253032121988683	0.480438380663752	0.702984246748179
XLOC_007760	0.178736423620036	-1.29430725622607	-1.52543184476841	1.12548966030618	-0.07947193167933	0.970473156921381	-0.534899853184012	0.101594624659175	-1.19949455453348	0.922377306340799	1.10103780250097	0.233896466042758
XLOC_007775	-1.07068051637019	-0.646095557320822	-0.650822772100038	0.30987966590939	-0.419730847287429	0.465837468620859	-0.428159184976587	0.517503015650036	-0.111560910065553	0.712991319212494	0.968401270632943	0.352437048094897
XLOC_007776	-1.25140370594869	-1.349319679766	-0.155600663014832	1.32712729963396	0.757315427546334	1.03597279443053	-0.114460412427158	-0.630572974241978	0.491165736823874	0.0168587562466724	0.162695154246862	-0.289777733529577
XLOC_007806	-1.75546052278956	0.401004344481268	0.998259505009159	-1.75546052278956	-1.75546052278956	-1.75546052278956	0.742873529628961	0.0432249170018264	1.32419679524409	1.04491762766755	2.32399229976389	0.143373072361491
XLOC_007808	-0.122653550794574	0.0633238765365061	0.124328366957075	-0.151103499384192	-0.00418041040887829	-0.107222700599147	-0.127678164971485	0.162814542539936	0.0763588691577617	0.0337940903884668	0.156474245777126	-0.104255665198592
XLOC_007815	0.9694653723247	1.06771468997932	0.840072112180449	-0.685431131800391	-2.26517120817693	-1.0454573881872	0.759052413885584	0.76647035672163	1.13725214929514	-0.788733021171895	0.154791447590232	-0.910025792640642
XLOC_007817	0.615099881305922	0.348508227747694	-0.280724561840056	-0.306589972389487	-0.23751592518087	-0.558431943096766	0.193349645906653	0.147182547532286	0.417035894071197	-0.22734091513569	-0.331041830194701	0.22046895127382
XLOC_007818	1.17696374859038	0.126006120048283	0.396155776470926	-0.879259580896915	-0.0514208554108295	-0.433422300018195	-0.0560783413676242	0.533095598930342	0.938004168125237	-0.853737364040085	-0.658614834236779	-0.23769213619474
XLOC_007822	0.019045586956782	-0.242074815167282	-0.115393790526717	0.996163773946206	0.711514368376182	0.524560337719292	-0.449463436259044	-0.147713353892005	-0.269462604033157	-0.197962361944006	-0.423886742521275	-0.40532696265497
XLOC_007859	-0.645979476550592	-0.556707049016368	-0.30616201845579	0.175661832265616	-0.431921141046404	0.174949811471948	0.0696861145565686	0.253081835870137	-0.365370329051662	0.524814280477555	0.699235832110019	0.408710307368974
XLOC_007867	0.31885072089503	0.690907327170828	0.392261453297417	-1.11452054937022	-0.992216818997475	-0.87250186262872	0.955151018533629	0.799462408744194	0.84081338934476	-0.59403929910807	-0.454726119517298	0.0305583316359161
XLOC_007873	-0.810972310884853	0.18332876198057	-1.06996623812718	0.217754134007984	0.122505943731427	1.03388442648443	-1.62436586008188	0.873243341746798	-0.177066705161684	0.648921107709498	0.399248251661638	0.203485146933246
XLOC_007903	-1.03151376945441	-0.522353756743972	-0.181708889985901	1.06110787838218	0.380711808004238	-0.58667518556157	-0.665437970997261	-0.953356597445402	-2.51230238908457	1.98424878538311	1.57627576116648	1.45100432633707
XLOC_007933	-0.299797529022376	-0.906006444857701	-1.66003178060003	0.990889724474564	1.23671008309519	1.37629904734356	-0.846845584104123	0.129198232981512	-0.262233418735665	0.62273860227279	0.457943819743917	-0.838864752591634
XLOC_007946	-0.266275798447381	-0.317768720260969	-0.593467240554725	0.552292324089433	0.417678732267511	0.898979403647064	-0.401985096931292	-0.226748238707605	0.0545792525916715	0.206863884356934	0.0954782525714837	-0.419626754622129
XLOC_007953	-0.256018150689522	-0.225423122951801	-0.102980351432992	-0.117449013773788	0.281272382002463	-0.336602220424053	0.430610868837084	0.21017785498157	-0.0938275982696997	0.135416250785942	-0.0129987518843642	0.0878218528191574
XLOC_007955	0.213401626386273	0.0744735618122023	-0.0652516923655844	-0.380367650778817	-1.19005586343968	-1.10150682107083	0.00298866794715735	0.62923889051324	0.523663245464737	0.746091635924639	0.608407581058368	-0.0610831814517114
XLOC_007970	-1.30682748301939	-1.72035545320028	-2.52065213012292	0.89586086901664	1.05289835540132	1.31907692342604	0.1596789559498	-0.130824653529058	-1.30761060258547	1.15957347646705	0.916942986880279	1.48223875531599
XLOC_007975	-0.0291038329089028	-0.503689952564799	-0.714186444493617	0.444274780828792	1.10859700306524	0.664920376783138	-1.15070493658567	0.156757370509404	-0.893023070859477	0.287815144941543	0.841806491127967	-0.21346292984361
XLOC_007976	0.000237402319092972	-0.216379365001039	-0.640376082220099	0.961143184518138	0.503203357061916	0.478758765775843	-1.37969459799578	-0.300803630917072	-0.933259233536321	0.898010720562655	0.335950906293617	0.293208573139045
XLOC_007979	-0.188933747704795	-0.40793712925079	-0.481443350796154	0.964712617772875	0.646835850564376	0.43121647439666	-0.736391463901668	-0.560596370089538	-0.768653361304493	0.633654262926044	0.29763647195341	0.169899745434071
XLOC_007981	-0.225042359128528	0.126199191346198	-0.0583368291012354	0.491986891107741	0.289826257778598	0.293816974225754	-0.671443952444498	-0.461154745822096	-0.963667793613649	0.578760142747043	0.0705126187694818	0.528543604135194
XLOC_007983	-0.594546723970612	-0.356611771137429	0.167125981473457	0.109675102000116	0.0743899911961057	0.882807416803442	-0.795185085121317	-0.509105513684963	-1.59127776635562	0.943853176794441	1.00102569587891	0.667849496123464
XLOC_007986	0.529971803025763	0.41364592592754	0.975066437039523	1.76563543941465	1.41789296346959	0.859507990581264	2.60907118339628	2.51493366025382	2.79489829374562	-3.69558259379639	-4.65262018191448	-5.53242092114318
XLOC_008012	1.06673598596562	1.53078282003994	0.922860613285668	-1.49292012516153	-1.42796836147152	-0.144268506446259	0.785343178312824	0.430252018885794	0.433487220354868	-0.696856062651141	-1.00196424098755	-0.405484540126722
XLOC_008013	-0.815911407067276	-0.650283891903804	-0.785114276377612	0.276544555297324	0.529019303469964	0.352863896296602	-0.701639368483782	-0.76466842226024	-0.266682992832424	1.19519399696203	0.993659389280772	0.637019217618445
XLOC_008014	-1.16829352220094	-1.27137595624126	-0.480873154244503	0.415866873835643	0.551449474004402	0.0418928486380112	0.801507616652197	0.512279220351756	0.701758632681391	-0.262909775419523	-0.0242967316848004	0.182994473627628
XLOC_008038	-0.116628628156962	-0.182325389797313	-0.118418539069916	0.250783574728866	0.350758168135997	0.145992701576409	-0.0963026855262381	0.0591552956835137	-0.00215384255195694	0.107778183908444	0.0518276874783261	-0.45046652640918
XLOC_008076	1.57259549878735	1.18097894881672	1.0253852545135	-2.08887956680883	-2.08887956680883	-2.08887956680883	-0.0531813652419268	-0.290194127017443	-0.571082835608375	-0.509342179650327	0.923561504567556	2.98791800125943
XLOC_008086	0.502198187225619	0.675788034406694	0.680885048642293	-1.25384043996145	0.236417064180904	0.366255244208483	-1.77541540946922	-0.451319476755862	-1.32811875518143	0.874271346911148	0.240113116311119	1.2327660394817
XLOC_008093	-0.727078908304763	-0.22001711825117	0.0149672384562969	-0.188826159375237	-0.0415160066593128	0.230409688090647	0.278223125416348	0.469681961240141	-0.0529342347194177	0.0502367076547632	0.144285708068416	0.0425679983832836
XLOC_008099	-2.00639118921552	-2.00639118921552	-2.00639118921552	0.69731139397064	1.64705751285396	2.18640027485869	-0.655834217020389	-2.00639118921552	0.234554426576701	2.07340540950059	0.649409062012667	1.19326089410922
XLOC_008113	0.259855752111856	-0.967810198399498	-0.627165331641428	1.18643710055605	1.08923444436786	1.84689226747102	-0.573389422301731	0.213201520060571	-1.39589824390689	-0.782633557057374	0.107911585607059	-0.356635916867485
XLOC_008119	-0.0239716896832265	-0.259292382779305	-0.320100923970273	0.217626850820544	0.60905807540184	0.312086015207305	-0.0459442253984168	0.572024319307515	0.1712651431874	-0.558346034909353	-0.407565427403978	-0.266839719780047
XLOC_008131	0.59389242125368	-1.14194462014306	-1.14194462014306	0.767769497874722	-1.14194462014306	-1.14194462014306	0.893753581423838	3.80048414255862	1.93771269789059	-1.14194462014306	-1.14194462014306	-1.14194462014306
XLOC_008136	-0.113191675479672	0.1989393083595	0.463112866212756	0.704546432730255	0.216990458587595	-0.0301088836502279	-0.50643371812261	-0.0817042498045115	-0.210299999174888	0.00517628578694751	-0.402368284974126	-0.24465854047102
XLOC_008146	-0.143039100625966	-0.191230184312039	-0.141186655929816	0.149588071085722	-0.000820631443032127	0.219989365886645	-0.624815769429679	-0.21021579995408	-0.732575907006837	0.574491013350086	0.594728808897255	0.505086789481743
XLOC_008162	1.40750577955258	1.11026744599705	1.03333900290734	-1.21460630821328	-2.27237735333213	-2.22314021158657	1.01496460459621	0.804570341387763	1.20648337035514	-0.00592398677202421	-0.477414637044021	-0.383668047848059
XLOC_008166	0.76876345459462	0.713865545236105	0.352673788442235	-0.85803778497277	-0.240553600372412	-0.689729893590784	-0.188985725606835	-0.0337174945026542	-0.167671975246336	0.292876579573983	-0.329838577331265	0.380355683776115
XLOC_008174	-2.58607270322642	-0.175322755309295	-0.031410636765707	-0.615137696638878	-0.208164431119148	0.442386075889605	0.120032912022065	0.273755998738054	-0.192415439830702	1.14873937299178	1.47656690076906	0.347042402479588
XLOC_008193	-0.395355806296642	0.0725066592322543	-0.520645980973079	0.350179274445327	-2.08946987294703	-0.477701082622016	0.851446863595291	0.0891846602178745	0.719289607007172	0.496358140214678	0.464384227587884	0.439823310538288
XLOC_008195	-0.291039903939106	0.0880730786137409	-0.175942708971532	-0.3690788972786	-0.706504805716265	0.142227443613375	0.510575138678464	0.275366280879033	-0.0909073929213955	0.441072346512736	-0.0164627919109419	0.192622212440489
XLOC_008201	1.08196946257199	0.650333813789338	0.449234360124944	-0.705904813441819	-0.825294345024808	-0.605492762285426	-0.123358310011231	0.0814800614395121	0.0670122063661616	0.065480238992464	-0.086901295788202	-0.0485586167329277
XLOC_008203	-0.823166715563827	0.157946379263004	0.15690332868788	0.116703612056954	-0.328600272656113	-0.117628812676456	0.588162931705641	0.871179801264461	0.0735144735830726	-0.100426347460028	-0.366143959403729	-0.228444418800866
XLOC_008221	-0.487493658349431	-0.485332371344233	-0.695828863273051	1.2445084353512	0.396569379939725	0.506710855564458	-0.747837052897014	0.221801370883556	-0.138786701145493	0.159966607395544	0.362613436106908	-0.336891438232169
XLOC_008228	0.249823242575548	0.670451068449631	0.785917767032039	-1.4860137988212	-1.4860137988212	-1.4860137988212	2.25823822056192	-1.4860137988212	0.754931816971026	0.829398727977018	-0.0175254446122515	0.412819796329854
XLOC_008255	-0.266036496879252	-0.690547119482887	-0.211456451834967	0.987005850960423	0.732008009137346	0.248145900835844	-0.725607641594156	0.190000845239126	0.317718809321478	0.167746449278403	-0.325680240528204	-0.423297914453152
XLOC_008266	0.987872707281768	0.159339344498961	-0.729600359951755	0.34244305141083	-0.303970778296221	0.727852374279827	-0.462194136005925	-0.864242187174826	-0.40536118306162	0.21527088680758	0.317991193605615	0.014599086605771
XLOC_008268	1.25922199177883	0.307957325293217	0.29782518320375	-1.48229799524638	-1.41627107852412	-0.830809807021757	0.0527860655682577	0.219475453631777	0.597172619372045	0.506102794214468	0.56430414874973	-0.0754667010198151
XLOC_008284	-1.02220019292882	-0.368018166597984	-0.41723146869668	0.267904392717246	-0.272887624683016	0.605361117685009	-0.717830694032624	0.291083237696974	-0.291938323903814	0.7128387696448	0.840364581825378	0.372554371273528
XLOC_008285	-0.224106092569943	-0.363605741466911	-0.585216395116348	1.04789414790989	0.372795585331407	0.411309783946991	-0.654522585819196	-0.176312539201619	-0.256938713652154	0.254840353953604	-0.20846832933935	0.382330526023626
XLOC_008303	0.0747681553953736	0.358625171180397	0.481067942699206	-0.0242422304114447	-0.0941041365924891	0.104236483594289	0.248903246876282	0.202448565160982	0.466308070797454	-0.708787892135526	-0.50486314449122	-0.604360232073309
XLOC_008306	0.649057800980535	-1.08677924041621	0.456640736031291	3.04613907099612	-1.08677924041621	0.708012673963443	0.948918961150693	0.711906199375177	-1.08677924041621	-1.08677924041621	-1.08677924041621	-1.08677924041621
XLOC_008318	-1.32225280004058	-1.32225280004058	-1.32225280004058	0.587461317977205	0.639686634489059	1.24803972411199	0.0283041721545514	1.25258546187001	-1.32225280004058	0.257284587117921	2.59790210248217	-1.32225280004058
XLOC_008325	0.221256079146434	1.30111932737905	1.25469855697499	-0.939270469763621	-1.44436962074441	-0.686711797641239	-0.743213056073161	0.0662347118168105	-0.0335207387162955	0.36644877304483	0.86296746043204	-0.225639225855438
XLOC_008326	0.601447084952567	0.909579904807679	0.879609291049324	-0.438105898970536	-0.888146104454166	-0.276691506507317	-1.07333374162317	0.0670575695872806	0.0890693047191222	-0.0826324888754257	0.283694346058048	-0.071547760743405
XLOC_008327	-0.651563044491001	-1.98502040058092	-3.71145893975897	1.39279267746887	0.998581818722151	1.61639572699645	-1.68797269191184	-1.05692262191881	-0.959498244887126	2.34434825216791	2.03536207116871	1.66495539702458
XLOC_008333	1.82839192807751	-0.760087237664591	0.283528831848723	-0.532041375038212	0.207331181512143	-0.301507919282197	0.157234285633169	-1.94624641421426	0.246773372531781	0.495280562536162	-0.446773700544468	0.76811648460424
XLOC_008334	1.06555625692907	0.170463945156278	0.590274721392748	-0.619804060972644	-0.184155502487564	-1.47292003984325	0.485032018465012	0.131601478303937	0.782786759709186	0.31695181015307	-0.13877975929806	-1.12700762750778
XLOC_008337	-1.22881462620211	-0.0580890159424827	0.0859547023259015	-1.3920417469163	-0.766732355162363	0.502084071618012	0.521714681601335	-0.366855982809688	-0.266792431323467	0.842030108266072	1.14374147229174	0.983801122253356
XLOC_008340	-1.31807027259084	1.66677434375022	0.22534970385666	-1.31807027259084	0.6438691619388	0.476721641788812	-1.31807027259084	-1.31807027259084	-1.31807027259084	2.13395839493865	0.862914794120848	0.58076332256021
XLOC_008345	0.909895893110971	0.397314703057127	-0.85598029705062	1.23715827549543	0.499766267761792	0.678687121690265	-1.76012738298595	0.284488605975791	0.0369192359148736	-0.565539430521298	-0.179008612851025	-0.683574379597355
XLOC_008348	-0.925111417476037	-0.0619870544354963	0.46885621485648	-0.489493226429406	-0.450119559278121	0.0224363560306866	0.28027243753573	0.102441296865649	-0.185179824524004	0.194533086923501	0.478691156325612	0.564660533605402
XLOC_008349	-0.0142395199870897	-0.0494394506771343	-0.309573258840041	0.735377446908476	0.284868740538869	0.228218483879433	0.0122233931072717	-0.326000681923304	0.335018904312351	-0.203900949177324	-0.360862168195685	-0.331690939945814
XLOC_008354	-2.39939792015756	-1.97877009428347	-0.492639684919786	-0.00231665014197446	1.13701762532789	0.680662838140484	2.67992636996505	1.52527211262198	2.10395988752464	-0.972547159784582	-0.83707680809312	-1.44409051619955
XLOC_008355	-1.44449325542369	-1.44449325542369	-1.44449325542369	-1.44449325542369	1.31928097411309	-1.44449325542369	-1.44449325542369	-1.44449325542369	-1.44449325542369	3.19154369621454	3.6673353073539	3.37778606570798
XLOC_008369	-1.02703144746047	0.0762692762718382	0.338366675457383	-0.704780153117588	-0.478088096203453	0.243479852459955	0.292295427724595	0.496381726501594	0.0889734900411865	0.305862555398363	1.17315424849001	-0.804883555563412
XLOC_008376	0.540899443068587	0.961527268942671	-1.19493759832816	-1.19493759832816	-1.19493759832816	-1.19493759832816	2.37196862596647	-1.19493759832816	1.52547264908383	-1.19493759832816	0.273550755880788	1.49620684702659
XLOC_008383	1.69378607655613	-0.213096397951278	0.890185404893072	0.901378301648729	1.06755618404446	0.131564910982686	-1.55807787963832	-0.0254128988111626	-0.254641006374383	-1.24347159426775	-0.18326378836946	-1.20650731271272
XLOC_008384	-0.750415580229211	0.183345684003232	-0.225289577616508	-0.62726808129466	-0.244759499879925	-0.378107255580505	0.518116576457873	0.0769407144734782	0.11203429281482	0.156161828294523	0.674941684748643	0.504299213808237
XLOC_008406	0.70641730094397	-0.412142242401941	-0.819344750936958	1.60794912971772	1.18852186392247	1.50940188737836	-0.287919557015868	-0.718305018311333	-1.0948947263899	-1.00991136004198	-0.720880837902962	0.0511083110384165
XLOC_008408	-0.452687723213297	0.140599061534633	-0.00708091063331029	0.244233992393595	0.102668918995816	0.182264986660452	-0.228202227342077	-0.299546674760562	0.624192776003311	0.0868290496933044	-0.293110873467842	-0.100160375864028
XLOC_008413	-0.48296648884577	-0.192514587489912	-0.152874202821375	-0.143174440274846	-0.234890589681124	-0.210420830801214	0.420901397174816	0.283773633705307	0.0747834480607246	0.0981809765850041	0.275343345164892	0.263858339223507
XLOC_008414	0.291185498139747	0.0180716281313309	0.0638397164802971	-0.166576609466892	-0.338632708221594	-0.505383142655203	0.193084449212682	0.341638496263966	0.327805093609181	0.109233837699147	-0.0979370458169182	-0.236329213375752
XLOC_008416	0.423915811650627	-0.0933166776581142	-0.231534399019063	0.251678548302658	0.315176093726961	0.181951839637293	-0.856377040274406	-0.594934755241676	-0.745028600199547	0.252479599756635	0.342512572648646	0.753477006669993
XLOC_008424	0.170482214521447	-0.243045755659445	0.29762809086635	0.976054953279996	1.26389548280939	1.03824282438158	-2.18760365679808	-1.60919518637698	-1.96552746180461	0.663664533481887	1.2045441024468	0.390859858851656
XLOC_008430	-2.6024432229647	-2.6024432229647	-2.6024432229647	1.28379289583083	1.05100547910477	2.21345457673008	-1.25188625076957	0.474299299874917	0.117967024447288	0.560244578805016	1.13861596670381	2.21983609816696
XLOC_008446	-0.146924092700841	-0.0242520651089091	0.675781738081874	-0.0864815746217387	0.389490682673408	0.164027882327026	-0.98640532453066	-0.948173066114791	-1.19574243617571	0.943769106304645	0.840320165551207	0.374588984314492
XLOC_008482	-0.31018478137731	-0.436993456561303	0.152262662312789	-0.934729975196642	-1.62479557904048	-0.12544471894392	0.426446684969143	0.233424801316834	0.236660002785908	0.495115618412865	1.0531989919363	0.835039749385809
XLOC_008492	-0.74472127787879	-0.616577099221179	0.156592713696068	-0.542185841471623	-3.24588842465778	1.69126013243695	0.92813204589782	1.13485807256852	-1.72809169345733	0.653400292980372	1.44018985869169	0.873031220415279
XLOC_008516	1.24173427345722	0.654355432742964	1.0727433769664	-0.67787744405199	-0.610173992508915	-0.0523277505553343	0.163036537676643	-1.2165220915718	-0.548290014320505	-0.258810465109774	0.0471126878663419	0.185019449408747
XLOC_008519	-0.585187643827122	-0.0622408988508001	0.23556695138959	0.574287735399399	-0.299513431200504	-0.881032533068227	2.02441448678967	1.39272858495785	2.01274460014398	0.126834465446135	-2.48447377906104	-2.05412853811893
XLOC_008524	0.564282543754052	-0.0332845588034107	0.247958709391671	0.465079815972	0.624890663165827	0.331337741561873	-0.754632018879001	-0.959822665835155	-0.211725892138611	0.175386200979785	-0.243425633314189	-0.206044905854831
XLOC_008532	0.0473776160443449	-0.588145455485498	-0.743739149788721	0.485510334802262	0.0942590644067387	0.679720335909102	0.316016499444552	-1.28316570920046	0.293514418552034	0.992112296545	0.364891636556957	-0.658351887786307
XLOC_008533	-0.0900473117607401	-0.396316538970848	-0.206655750365475	0.0350784432863822	-0.159824491381021	-0.123167475070188	0.271110012668743	0.135461344904196	0.21300303320063	0.232195257779283	0.0516663750827373	0.0374971006263003
XLOC_008539	-0.355993600029772	0.3391982235196	-0.119385389772793	-0.286632027547559	-0.403070967927679	-0.130379533635637	-0.309164113252545	-0.825276675067364	-0.267760232953516	1.2441852008378	0.739179769416639	0.375099346412821
XLOC_008545	-1.12904422992298	-1.12904422992298	-1.12904422992298	-1.12904422992298	3.07063571096482	3.40868007709718	-1.12904422992298	0.669641209868409	-1.12904422992298	-1.12904422992298	1.88339684145341	-1.12904422992298
XLOC_008613	1.041657783943	-0.0532933490957017	-0.380412994324598	-0.00658783419491282	0.468100202092534	0.192053361577273	-0.150423531440604	0.0969065194711023	-0.140097691944345	-0.00162166819703558	-0.336065141347124	-0.730215656539588
XLOC_008617	0.0847688267596141	-0.101105478178216	-0.399026140630141	-0.5320984266997	-1.4236254844791	0.653922030489452	0.423369314563065	0.564375183879497	0.815030695784619	0.0966257710542626	-0.125595025082151	-0.0566412674612113
XLOC_008618	0.626273615261145	1.59203506416952	1.56171309029888	-1.18563475947314	-0.907742142596203	-0.502655271190679	0.586028080283992	0.269456496788226	0.955798767104006	-1.86652440335597	-0.63247478753599	-0.496273749753797
XLOC_008621	-0.0308735566652523	-0.351058670346169	0.121728575952421	-0.0113437101171385	0.0573284365218782	-1.36396969388566	2.33259354924415	1.2691426658637	2.21395979619768	-1.40962870390116	-0.416472425434862	-2.41140626342958
XLOC_008623	0.533540931238994	0.976879430378066	1.11431922658775	-0.456217653640877	-0.964329975630646	-0.613519307989645	2.02690689581511	2.04131912328431	1.42741506272663	-3.0240926486001	-1.34847859898347	-1.7137424851861
XLOC_008624	0.740224951444257	0.588716237781654	0.732492406701247	0.330513903023095	0.804096910664302	-0.385150075782309	1.14388805552535	1.65355497852127	1.16133764364299	-2.44528056884589	-1.46253494218292	-2.86185950049305
XLOC_008625	0.81241690373159	0.389790164773664	0.420837634876309	-0.162889424996862	0.341305797666914	-0.0834155963783791	1.04361339361205	0.21328093581281	0.548910143633348	-1.23312106477686	-1.83425162895384	-0.456477259000743
XLOC_008626	0.752524953616181	0.467063661173805	0.552535057054584	0.533554957874427	0.474048957360305	-0.245204491417875	1.3652494357343	1.20881811280074	1.26548909502545	-2.06331922640314	-2.14866131098475	-2.16209920183404
XLOC_008663	0.857330992613118	0.39989778656213	0.0601819150013201	0.665655194941635	0.0494317590469215	-0.0473505764861706	-0.704562062257493	0.132021320249304	-0.0234057596006867	-0.0257645247226934	-0.944138058990412	-0.419297986356978
XLOC_008666	0.564033628212266	0.290083666782709	0.0588083205192103	-0.343170183158941	0.216084709667805	0.148282268758344	0.353620669773151	-0.00330838386008736	0.396132190950539	-0.584260914170086	-0.850910034278531	-0.245395939196379
XLOC_008667	-0.717633422798418	0.25897255320707	0.469141118908928	-0.669051279837262	-1.381635657311	-0.00524706257362695	0.289357593456189	0.35125269222086	-0.348634316587843	0.957846838550242	0.716960902663333	0.0786700401015308
XLOC_008673	-0.38658710283342	-0.255769512340668	-0.242060958402014	-1.46738876581674	-0.426266672353014	-0.304539419812854	0.397095786257692	0.624778452381346	0.880751296785364	0.243750362698766	0.141836197435654	0.794400335999886
XLOC_008677	-0.910459997371855	-0.910459997371855	0.632959979075645	-0.910459997371855	-0.910459997371855	3.46508302248994	-0.910459997371855	-0.910459997371855	-0.910459997371855	1.40495252942636	-0.910459997371855	1.7806844479829
XLOC_008685	-0.600747196201029	-0.625245109599639	-0.232424433453907	0.356742759331805	0.191364783860049	0.0379757210526082	0.289163729910475	-0.409339122648811	0.223601570431207	0.199381976034404	0.515288455863417	0.0542368654194219
XLOC_008701	0.154722986276537	0.20190185606816	0.0106267554403097	0.00532136744666722	-0.368186185281891	-0.198834801275193	0.11075361566442	0.0994760745433254	-0.0284473571057209	-0.356426429617438	0.334305090216619	0.0347870276241977
XLOC_008709	-0.120888283957266	-0.636416600174209	-0.356599771956391	0.507130057023629	0.855268313375699	0.974758113957283	-0.838788089399808	-1.01518673055523	-1.33053875028292	0.7078526508767	0.427988656848821	0.825420434243689
XLOC_008713	0.419023525272856	0.288764546488178	0.0487231686132663	0.296751707518425	0.564197889615746	0.322149169720129	-0.622008355909378	-0.376029655469216	-0.289198601139724	0.109217640852505	-0.103119523150975	-0.65847151241182
XLOC_008725	1.79842899590798	2.68969995969143	2.65195958934882	-1.78167648429138	0.109574252734912	-0.292587603403329	0.770215977927075	0.45704969522414	0.841379664591853	-4.48537906747754	-1.47293799610116	-1.2857269841528
XLOC_008732	-2.06614634731403	-0.2950364951343	-0.20028395660553	-0.663990236783231	-0.406737928161026	0.259015750555806	0.534777918321921	0.311090876846716	-0.343573273533812	1.200292559686	1.47304909759609	0.197542034525394
XLOC_008739	-0.370834543761716	-0.619637770045371	-0.181254369253659	1.35184463667133	0.726477377418683	0.534200717534353	-0.886242671829434	-0.481330643057768	-1.59571605397063	0.508309298471149	0.736435625318538	0.27774839650452
XLOC_008746	-1.3468275353923	-0.136091658414121	-0.20539940553678	-1.93828056415351	-0.194545980101817	-0.404570747447842	0.0541714574675236	0.694955359208969	0.447385989148052	0.536566318718562	1.2638338806063	1.22880288589696
XLOC_008759	-1.29674645905155	-1.29674645905155	-1.29674645905155	3.04676784686177	-1.29674645905155	-1.29674645905155	1.20158759336697	0.501938980739838	-1.29674645905155	0.282790928106954	0.171741895157397	2.57565151007636
XLOC_008769	-4.79178012873289	-0.901058894313706	-1.14918485209837	0.612861404140428	0.584713494204999	0.36101943343315	0.276559574515212	0.366323946786053	-0.0321215283799674	1.96833420399349	2.30713223255472	0.397201113896873
XLOC_008773	0.273161703886186	0.25850135114997	-0.878499855470492	-0.419329404301775	-0.356090088660078	-0.560290283067457	-0.784138366870063	0.356385337880364	-1.39127426747699	0.8835515119732	1.92084178236437	0.697180578592765
XLOC_008778	1.96082705134308	2.03850837026111	1.86439622069572	-1.86397293686868	-2.55403854071252	-1.39158944308721	1.18835969162069	0.438687475895279	0.789356086686399	-1.17099683211045	-1.02375035747806	-0.275786786245371
XLOC_008781	1.77406294315149	1.94135209697325	1.68900913760389	-2.83954645745049	-1.88980033856718	-1.35045757656244	0.663374433121553	1.02968269320679	1.09724637999922	-0.124940716360269	-0.959781893089048	-1.03020070202677
XLOC_008788	0.292543548111277	-0.185469450451888	-0.119856749986105	0.606929558089613	0.552433892120318	0.787960787610174	-1.02499392713009	-0.357693926299633	-0.643674601131006	-0.210145123657818	0.36369827379613	-0.0617322810709746
XLOC_008798	2.59669776783069	2.17377202688065	1.66663528881468	-0.698010459021549	0.251735659861767	-0.83142051805514	2.46504719964611	0.796243252079949	1.78443890858597	-3.40171304220771	-3.40171304220771	-3.40171304220771
XLOC_008802	-0.358796158287319	-0.458139834154689	-0.484609791147522	0.447320777856339	0.461338726151769	0.586974953034437	0.274790651476079	0.055935430120476	0.55594478865269	-0.359443131971927	-0.459745655646854	-0.261570756083484
XLOC_008805	0.451286035683586	0.394521178638025	0.46090365268071	-0.0447688329131104	-0.079529740050706	-0.120950755316152	0.0274979607171444	-0.068414682019041	0.0675991097130986	-0.324362308886124	-0.617151298665775	-0.146630319581661
XLOC_008806	0.336199096216466	0.568235468759765	0.641677716456864	0.148338680054667	0.858072087706929	0.134866143801642	-0.185748516446036	-0.373686362874116	-0.288570929828218	-0.48050883193684	-0.364468758380516	-0.994405793530606
XLOC_008814	0.0437380765921054	-0.215396148731474	-0.257984193332797	-0.388812904976358	0.413897352386386	-0.0198985142794506	-0.336957475427789	-0.674088047705436	-0.636378831820581	0.43725724588345	0.548878558621804	1.08574488279014
XLOC_008817	-0.394395634416604	-0.222466089989105	0.0325863016311194	-0.0435225296257498	-0.367714490540546	-0.703825238508353	0.82572223357938	0.913751358279883	1.08231783231169	-0.709556657698214	-0.529358513613073	0.116461428589575
XLOC_008839	0.392372376651721	0.0939413699556919	0.598698356678637	0.0424378760734676	0.169949203826131	0.332894113803125	-0.444700193384955	-0.473264824489176	-0.771844720343156	0.312029730193934	-0.189762507935821	-0.0627507810296013
XLOC_008842	0.0829267188152345	0.338596704882578	0.365202344914731	-1.02066800567293	-0.839622417457944	0.0205040148338753	0.124716652079598	0.0258880350586734	-0.430555078291766	0.509417727970801	0.766398338212459	0.0571949646546921
XLOC_008845	0.136621500691849	0.557249326565932	-0.055795564257396	1.10448704248126	2.6004644001829	-1.5992155407049	0.436482660862006	0.975622721205694	0.641730075087326	-1.5992155407049	-1.5992155407049	-1.5992155407049
XLOC_008859	-0.0146299225077557	0.331964957119482	-0.0401383172112766	0.286745927674128	-0.0546779681255591	-0.204834052102899	0.313606229424389	0.0100063805871553	0.345555797820133	-0.0661859406043366	-0.409601759401411	-0.497811332672046
XLOC_008867	-0.212675216441492	0.0695209097708558	0.148314514568625	-0.271336550359201	-0.304688611034825	0.0478989339893223	-0.00699346498901043	0.294687394415146	0.12654152951832	0.512377084044209	-0.150477131025438	-0.25316939245651
XLOC_008872	0.513142636256439	0.425044713277501	0.897989750997324	-0.342622502205375	-0.36190778554251	-0.0569863185487609	-0.924632196852559	0.127489724207853	-0.45907760450154	-0.0286566956068937	0.156454269974799	0.0537620085437274
XLOC_008881	-0.428136838203643	0.0202903198035438	-0.232722566760376	0.0559746800791716	-0.174343522464904	-0.463049712132864	0.425378896974771	0.217351551171478	0.389998539771821	-0.125168363748019	0.15085124064801	0.163575774861012
XLOC_008882	-0.152291509737605	-0.161539403499283	-0.0537247726824095	-0.341316953075861	-0.45531402476442	-0.175574514920735	0.302205459804933	0.128377528584656	0.13447924604329	0.0774079389475109	0.312046373708156	0.385244631591764
XLOC_008883	-2.21133892304796	-0.174363392861205	-0.0275430318842638	-0.25152430630588	-0.0924464913331189	0.338742872795054	0.426560922582921	0.480212386158939	0.344098066300081	0.169076972341673	0.719894271490064	0.278630653763708
XLOC_008888	0.0207713923147477	0.517120956861491	-0.194862130721649	0.293967132656677	-0.136427708009224	-0.559922214664513	0.213750913372848	0.173905553713125	0.552741688081424	-0.381846690412982	0.0281093034663282	-0.527308196658272
XLOC_008896	0.977898226663187	0.358653950130993	0.848882285720276	0.295485898840066	-0.0683570878218056	0.236564379171943	-1.00256705293774	-1.22683088873879	-0.944566946031001	0.558941278529473	0.369347594445198	-0.403451637971795
XLOC_008936	0.655431569342923	-0.368076720952308	0.98836858631291	0.756624283687627	-0.12771670919169	0.735918054985303	0.0940407258461233	-1.50514148279889	-1.00032242667583	0.43579165053293	-0.159824842186733	-0.505092688902364
XLOC_008939	-1.41981310857045	0.0286127880384377	0.123606867877045	-1.41981310857045	-1.41981310857045	-1.41981310857045	-0.0692561363753226	1.65692941426916	-1.41981310857045	0.159724278588047	2.50034179395229	2.69910653650261
XLOC_008953	-0.00811328267833389	-0.320236615053363	-0.302740460964874	0.23359570867037	0.0803571743725762	0.617198535425988	-0.379592035053831	-0.514149669547051	-0.960646194265061	0.305567044202359	0.547561308089016	0.701198486802216
XLOC_008954	0.0182013208190561	-0.144641326588944	-0.297183210774634	0.565575501491921	0.498573329164191	0.421038048997733	-0.816638713391663	-0.558803999354504	-0.680751322947525	0.40718391636201	0.298334456321323	0.289111999901033
XLOC_008958	0.4114011497193	0.132458766391843	-0.113012912202681	0.354739519943021	0.653852317580079	0.16912772940095	-0.264328493916496	-0.103136297436311	0.219327016611176	-0.168867540774744	-0.585830729331954	-0.70573052598418
XLOC_008960	-0.612120145041914	-0.00510445674128945	0.342926642553191	-0.668397517513682	-0.71255003818213	0.415787441320155	-0.395862541299085	-0.170663280553351	-0.211613889231828	0.397187262438568	0.677720186100271	0.94269033615109
XLOC_008961	0.979402455452307	2.36895654309249	0.750166874526549	-1.52176469132669	-1.52176469132669	-1.52176469132669	-1.52176469132669	1.92661877036303	-0.00396796012623257	1.64092311044303	-0.0532763371177416	-1.52176469132669
XLOC_008963	0.244584674327281	-0.167447337546242	0.733452645011633	0.0364232289442565	0.414068541076626	0.661972922440913	-0.588660500086306	-0.110080142498817	-0.0646411869697259	-0.106265638835268	-0.137467621946348	-0.915939583918007
XLOC_008970	-0.1774811844192	-0.092786273449061	0.0763387466058081	0.177763044540969	0.0504468375888205	0.0450925576862602	0.0619886447974007	0.0331469757469343	0.099261100927615	0.0148056022062821	0.00386313317217812	-0.292439185404012
XLOC_008971	1.25675029651947	0.749584780192155	0.733653539987008	-0.940310113167816	-1.12726519103844	-0.880292553225428	1.00240666392732	0.856901878746966	1.07712123250693	-0.848954484710174	-1.04760792442077	-0.831988125317209
XLOC_008973	-0.534815985184214	0.406264140098511	0.449530192049929	-0.066803922307483	-0.859416370947359	0.453953234361565	-0.417133948622004	-1.52659228997648	-0.974846627917273	0.744120606431511	1.37319397747982	0.952546994533476
XLOC_009000	-0.803841553718843	-0.348494947407193	-0.63640945346864	1.46606964207535	0.464803020463044	0.813421441941351	-0.410591346307912	-0.902030691557701	-0.673801533089962	0.446633800917841	0.607431037929771	-0.0231894177771039
XLOC_009015	-0.714189432074994	-0.391754542074401	-0.984907182279734	0.971701967137678	0.989704547131534	0.959722152065885	-0.543945065218318	-0.628748221789345	-0.660668005389599	0.229115482972737	-0.281368994929662	1.05533729444822
XLOC_009030	0.999260562644546	1.7125782355711	0.754395239612649	-1.99932478818607	0.764449441350708	-0.204532873806418	1.74492723119705	-0.200639348394684	2.42686066456933	-1.99932478818607	-1.99932478818607	-1.99932478818607
XLOC_009031	0.906360066329466	0.373319444770301	0.38253826410215	-0.0638237386130509	-0.296611155339104	-1.37976733325601	-0.0478937177697629	-0.873317334568961	1.30810776959658	-0.498031189879087	-0.937618786032195	1.12673771065968
XLOC_009049	0.0783641736267118	0.614097347283741	0.488408302701914	-0.432843261510365	-1.22180475771578	-0.696239417095562	1.49463683215111	1.43017418421434	1.36230342169448	-1.24278367026231	-0.848013403199128	-1.02629975188915
XLOC_009050	0.596320625799818	0.626535107833158	0.786462518434124	-0.51174691126667	-1.24879640449153	-1.39292649302001	2.70650652273878	2.50011281153155	2.83020557684592	-1.29252923006072	-2.81980547343202	-2.78033865091241
XLOC_009060	0.382507217153679	-0.125647177661294	-0.431882505834301	1.01304891464695	0.322079927796371	0.916260319486351	-0.789290552404047	-0.473460840698838	-0.726962296120468	0.0729371739291134	-0.229719274792882	0.0701290944993636
XLOC_009061	0.673989738129258	1.02946227152385	1.14284601077835	-0.301316590599193	-1.31857391249956	-1.07804548394314	-0.342366862949867	0.160231849948701	0.651193791269747	-0.0693077691094199	0.0467913820543426	-0.594904424603075
XLOC_009067	-0.881072050334197	-0.881072050334197	-0.881072050334197	-0.881072050334197	-0.881072050334197	-0.881072050334197	1.61726200208432	1.69376621157639	-0.881072050334197	0.698465336824305	3.03908285218855	-0.881072050334197
XLOC_009078	0.14890064056851	-0.134385640122431	0.124898908914046	-0.400698325767741	-0.120922555436926	-0.521005996425694	0.67311350482793	0.258901994627036	0.507632296587021	0.142413358693364	-0.336751241015305	-0.34209694544981
XLOC_009082	1.59669374041688	0.38538411824485	2.07730948127314	-1.77108074902598	-1.77108074902598	-1.77108074902598	-1.77108074902598	0.0276046907654084	-0.253284017825524	1.68094791850351	3.34074781375161	-1.77108074902598
XLOC_009105	-0.0160600761300422	-0.188447343575094	-0.429361633770293	0.693608646185014	0.830492214331944	0.678329548474956	-0.914697165082407	-0.862086357405059	-0.858797144126648	0.446158728392057	0.45223902760007	0.168621555105497
XLOC_009111	0.176399643001625	1.05791932372123	0.887824587611538	-0.0584790395845811	-0.442035916058524	-0.167865942365305	-0.0465487847124155	0.0340723891268411	-0.0928520478015002	-0.529323451492628	-0.720441875676041	-0.0986688857702394
XLOC_009113	0.429258525456369	0.681200486704755	0.37828611750969	-0.860339049988237	-0.896465350434498	-1.30758435736139	0.14877205758838	0.357669585319341	-0.120086617096296	0.226197128435613	0.619144989234371	0.343946484631903
XLOC_009114	-0.975411082082543	-0.979889280174573	-1.17080056889427	-0.403568558551761	0.306495206674086	-0.139118403945073	-0.515293628497695	0.00601260700499218	-1.01262428350792	1.51108435806984	1.9008100215767	1.47230361232821
XLOC_009116	0.47562321115692	0.697644304709261	0.920210711808005	-1.44771703231481	-0.769622149513143	-0.624001771295694	0.612271756260585	0.90898106630444	0.511510106274748	-0.182495625905277	-0.424409916077412	-0.677994661407618
XLOC_009118	0.779174696457973	0.728473709357072	0.74109180057013	-0.908379615630507	-0.666748378265284	-0.502398729475509	0.687204490080459	0.794647459445777	0.471188872597496	-0.928611435578924	-0.694926364957923	-0.500716504600767
XLOC_009121	0.342980813190075	0.645299472906167	0.241510574445957	-1.11497072582753	-0.767164462513102	-1.26744792929639	0.651074532252077	1.21618544643576	0.723290247387358	0.252894860738198	-0.307461836031797	-0.616190993686783
XLOC_009122	0.747009904954387	1.13825014023531	1.12321070220297	-0.685987771494805	-0.718179819382962	-0.680613689502056	-1.20108792072305	-0.489182904781948	-0.666393589662973	0.397692770990419	0.543846462988959	0.491435714175747
XLOC_009124	-0.333408328913385	-0.792702248945992	-0.456969002466172	0.0341932391278057	-0.635748027172897	0.127287375914039	-0.440085885818721	-0.278893689338537	-0.828574361373327	0.945482168064247	1.01231512589854	1.6471036350244
XLOC_009125	-1.73345417122504	1.77429119231601	1.38081065009729	-1.73345417122504	-1.73345417122504	-1.73345417122504	2.16871196841378	1.34328835161458	-0.215657440024586	0.581958355573174	-0.264965817016095	0.16537942392601
XLOC_009138	-0.682743033669475	0.0526714499131682	-0.0400632483461143	-0.573440378978715	0.223686339369483	0.642504676284716	-0.665748355542521	-0.421323453913433	-0.720964785156363	0.869074676082673	1.30522977861525	0.0111163353413319
XLOC_009139	-1.16235731899298	-0.0872398548786855	-0.34160272377627	-0.643895689640311	0.0648215117766151	-1.95983928428327	0.782848579099735	0.158625273565279	1.04240190105514	0.953758781691271	0.155946474913633	1.03653234946985
XLOC_009141	0.748166756265329	0.477189743679052	0.201491223385296	-0.31193268632778	0.111853219938764	-0.369845354525467	0.392973367008729	0.23894366878111	0.469842608862823	-1.23490938312412	-1.03600323646637	0.312230072522643
XLOC_009152	-0.735059653520631	-0.799216147727475	-0.660484848237435	-1.26051699451754	-2.88707449836737	-0.656222468822792	1.05556721827245	1.52267944175103	1.07301680639009	0.569294391379381	1.51374665580153	1.26427009759876
XLOC_009156	-0.0474007527239522	-0.672817919470481	0.119784585544084	-0.144789280216016	-0.173276743725543	-0.30175697990958	0.341242541732082	0.183577594108818	0.0532655082132907	-0.0974084511351174	0.0325042661887691	0.707075631393645
XLOC_009158	-0.493983264485853	0.0478385945993711	-0.759547313563107	1.20320394465737	0.956852462446176	0.441056642174411	-0.433917073306623	-0.409981249574568	-1.24089224268065	0.875953046264884	-0.254578526083452	0.0679949795520471
XLOC_009167	1.17311726824207	0.388106397874478	0.499079674796951	0.132342193463815	-0.163501410067757	-0.661163739395664	-0.445799451163687	0.27208873704661	0.108067437725397	-0.267342514798499	-0.702134738784109	-0.332859854939604
XLOC_009171	-1.06783855103398	-0.0808842507306027	-0.436313982877338	-1.23652080024383	-0.28213841190787	-0.0365509828956547	0.324719421651028	0.204767008236032	0.052244847174288	1.04421845661463	0.969161696103701	0.545135549909602
XLOC_009172	-0.0517749931730727	-0.32338039481764	-0.11147193739464	0.262033117871201	0.254863089398564	0.247720019044005	-0.971742731589785	-0.130769796326351	0.204859411494187	0.296899384968643	0.722427777010815	-0.399662946485923
XLOC_009175	-0.96891278713312	0.474966508670037	0.341572134705761	0.0549731172919294	-0.787324937067726	0.665037228455408	-0.569737665466548	-0.570384869732336	-1.06567411051825	0.506473713405547	0.792353765954815	1.12665790143448
XLOC_009190	0.328417715694846	0.158024997295316	-0.705274712832771	0.133514462813998	0.438069938287036	0.126594894801745	0.252761868294901	0.319628353003726	0.701988835099282	-0.365525500962664	-0.351554306534564	-1.03664654496085
XLOC_009197	2.108749471449	1.61567779292494	1.51867746372204	-1.97443370158778	-0.776513252265961	-0.811781160693427	1.72386700588701	1.26826248612201	1.87132629978518	-2.0246363787855	-2.53152392932703	-1.98767209723048
XLOC_009198	1.67161325313069	1.47053102548118	0.899227864066624	-0.578219437419336	-0.326780423120194	-0.384009436312495	1.53451302523597	0.873682051102685	1.79742150186656	-3.34219635617415	-1.38519376987965	-2.2305892979779
XLOC_009199	1.46389430273159	1.58188701531235	1.31546635526679	-0.814425093265965	-0.648247210870231	0.108580894073072	2.03117797023463	1.98745800310351	1.61574566689162	-3.80655026415395	-2.58542281749916	-2.24956482182425
XLOC_009236	0.346980005006806	-0.0156157122484633	0.248849372075609	-0.21930333138175	-0.97073240878473	-0.320181901775976	-0.334782280699908	-0.019384361978295	-0.339130949934234	0.699971021337614	0.487036178908569	0.436294369474757
XLOC_009242	0.163400119580881	-0.145820372603504	-0.248973278918697	0.289504521350102	0.403598947296919	0.172540724311562	-0.144950170751098	-0.0444653645832123	-0.0718579120469816	0.0873767034701576	-0.0902056931325301	-0.370148223973603
XLOC_009252	0.0235455204091286	-0.193074250148149	-0.25848223962826	0.054402773585366	0.027053767758642	0.491193068361773	0.22272327525452	0.0623083886091571	-0.33040046777394	-0.270897686875287	0.0228846981246145	0.148743152322439
XLOC_009269	-1.04181190285748	-1.04181190285748	-1.04181190285748	3.4854379658119	1.7219623266793	-1.04181190285748	-1.04181190285748	-1.04181190285748	0.475984828342972	2.65111010202569	-1.04181190285748	-1.04181190285748
XLOC_009280	-0.574526562401048	0.23726991993864	-0.224903309400703	0.716160691095892	0.785234738304509	0.360513344259216	-0.514460371221818	-2.11364257986683	-0.536962452114337	1.18615606647896	0.691708833290678	-0.0125483183631481
XLOC_009295	-0.663339414662475	-0.105717665491598	-0.711193628526146	0.0623507278325022	-0.533822849374755	-0.217487573714375	-0.437583875427809	0.228393962705873	-0.379583768521069	0.879201130375765	0.93433077195513	0.944452182848956
XLOC_009299	-0.212557476048014	-0.697244562461252	-0.433298149471668	0.585782191410075	0.196204811359161	0.222416549054673	0.0554183434885616	0.177344251831691	0.369705560887141	-0.103592463917451	-0.392752230775397	0.23257317464248
XLOC_009303	0.313079737150618	-0.242365174781356	0.957891086044787	-0.432044800350186	-0.975243875614665	-0.0419097344682724	0.565030780491997	-0.0944708798922669	0.756055918041096	-0.466630862654905	-0.25784100108536	-0.0815511928814843
XLOC_009307	-0.254623758982462	0.638850525057398	2.03799988547516	-1.99046080037921	-1.99046080037921	-1.99046080037921	0.85762071601994	1.45792266131051	0.729949447032783	0.324951726419008	-0.521972446170262	0.700683644975544
XLOC_009322	-0.616562640157844	0.00469895518365337	-0.721206516384519	-0.507259985467084	-0.579666907648125	-0.416223898680347	0.560315840202001	0.458363527722994	0.111475725957638	0.424539037887556	0.59519566932751	0.686331192056562
XLOC_009329	-2.12876224049368	-2.12876224049368	-2.12876224049368	1.45973469788578	-0.166822805964042	1.85472580903282	-0.77820526829855	0.446076021416907	0.11218337529854	0.671615909963429	2.22459677728509	0.562382204861069
XLOC_009331	0.304273578859699	0.266855850096102	0.538503526480005	0.0148383815528126	-2.9927425413357	-0.76189051179113	-0.661801636167865	0.476386822100707	0.372076756204053	1.30406356087571	0.297558024722369	0.841878188403238
XLOC_009337	0.0885513899435653	-0.23336798075971	-0.243500122849178	0.379347850833303	0.343601314833783	0.657668875902209	-0.12186156849555	-0.0514453672997517	-0.583100688025443	0.10448848557329	-0.154448771762094	-0.185933417894419
XLOC_009339	0.386681283214012	0.568353889480722	0.592422214820609	-1.16310637112277	-0.476814258673893	-0.700508319445743	-0.540327494076204	0.334372727634616	0.112398851802178	0.204759215442962	-0.0978972332790331	0.779665494202542
XLOC_009354	-0.368315694852281	-0.636127737439319	-0.416981983688568	-0.371937034795969	-0.369965146159474	-0.529508791688035	0.713187324478345	0.50219389989218	0.304428665028881	0.354915612556137	-0.231600034752503	1.0497109214206
XLOC_009355	-0.129066634541765	-0.431007902457353	-0.0652972161970258	0.377773227065806	0.148518089825193	-0.112802739512669	1.37625226284615	0.450050351543016	1.09198715796796	-0.722777770409689	-1.38313044862853	-0.600498377501092
XLOC_009370	-2.58579554181475	0.548278318530516	0.892696456609499	-0.276843194959166	-0.546373118841923	1.2247050934932	-0.584285706919532	-0.426276817126425	-0.824722292292445	0.782609273949335	1.15761412824696	0.638393401124731
XLOC_009376	-0.938866648880911	-0.938866648880911	-0.938866648880911	-0.938866648880911	-0.938866648880911	0.855925265498741	-0.938866648880911	2.13787587395871	-0.938866648880911	1.3765458779173	3.14058617367254	-0.938866648880911
XLOC_009380	0.770319804572503	0.525613697872549	0.465028052994718	0.177267561933679	-0.272185642928566	0.12782043899783	0.259722780232378	0.207949682332746	0.2444142348259	-1.06827239875964	-1.08741457675369	-0.350263635320413
XLOC_009400	-0.707765192583625	0.183854639300015	-0.238070446349826	0.147800885458157	1.31783979972557	0.518648352421352	-0.647699001404395	0.523971246267828	-0.0620608716070805	-0.305948076717589	-0.238252324412392	-0.492319010098024
XLOC_009401	-0.1909261584101	-0.463147137298373	-0.166008153728155	0.331550889161914	0.420201039531346	0.430814919536376	-0.115441348357404	-0.158619699478052	0.0179172069246505	0.0883273436226446	-0.263532373625168	0.0688634721203236
XLOC_009432	0.446159393037758	0.89468995215119	0.169180411885139	0.0762589878837341	-1.47371568697592	-1.1436763395189	0.442790164983476	-0.584214347665139	0.500790271890216	0.419456397717799	0.190463941026291	0.0618168535843582
XLOC_009468	-1.20562361487359	-1.20562361487359	-1.20562361487359	-1.20562361487359	0.756315819656054	1.86630598532817	-1.20562361487359	-1.20562361487359	0.312173116326868	2.48729839000959	3.01727199279442	-1.20562361487359
XLOC_009470	0.0446824177277891	-0.101243972675231	0.0413535966310965	1.21042886250658	0.446720845690638	0.826056122101608	-0.624317223826529	-1.28335972513116	-1.65994943320972	0.579734331533455	0.156742150912643	0.363152027738823
XLOC_009471	-0.121069696144256	-0.367400311140436	-0.154441813567544	0.100622557023602	0.389588736209014	0.0375431030366089	-1.02893846448236	-0.986706897285154	-0.294636175015502	0.887570769857591	0.774191711092106	0.763676480416331
XLOC_009523	1.02077517693067	0.601068613775442	0.214353636286455	-0.891645931778227	-1.20401307554856	-0.49665482063119	1.34777360337232	0.677961205361248	0.279515730195228	-0.787220865274517	-0.400690047604244	-0.361223225084628
XLOC_009526	0.703896881857753	1.00222779013343	0.79338086470382	-0.694120424812551	-0.47916317659588	-0.492957756414119	0.743330360100708	0.887211507461726	0.863508451860493	-0.968979790072564	-1.43026603010712	-0.928068678115702
XLOC_009613	1.23144404671222	-0.318715407509505	1.63533983423545	-1.7671413041184	-1.7671413041184	0.0276506102612541	1.79976492017623	1.68124215757132	2.77898035914502	-1.7671413041184	-1.7671413041184	-1.7671413041184
XLOC_009618	-0.96386285265052	-0.0493963017518162	-0.389775832965821	0.417140820509312	0.486927074533432	-0.479914952007214	-0.452118925990553	-0.232273208714878	0.0567128969898203	0.511523647888147	0.542477812309969	0.55255982185012
XLOC_009630	-0.534240278690419	0.456508044217833	0.600121232605809	-1.6174952318495	-2.06661148128016	-1.09180469591826	0.537778139581077	1.02802834197815	0.624490972392436	0.206104699854604	1.29735920579524	0.559761051313181
XLOC_009635	0.382140586017781	-1.35369645537896	-1.35369645537896	1.3500061278072	2.59856658013883	-1.35369645537896	-1.35369645537896	-1.35369645537896	-1.35369645537896	2.33922554950421	0.114791898829981	1.33744798997579
XLOC_009647	0.00955187117729217	-0.00572533760161154	-0.361385009419534	0.721500370824946	1.29858136303416	0.347526345627314	-1.25663931769933	-1.71042199564844	-0.863424786018805	0.614554442184671	0.498975419067935	0.706906634471395
XLOC_009652	-3.15213865590737	0.117598413955897	0.336303587432639	-0.0513716689070094	-0.935712661786326	0.452392127077235	0.425004690231458	0.0544530653975661	-0.592595025984772	1.03475264676145	1.08600514853758	1.22530833319165
XLOC_009674	0.0145185771925185	0.593876537263673	0.209572149893694	-0.439425163565103	-0.3568940287094	-0.181056213206391	0.0671582588634418	0.336965931620455	0.0878535313871343	-0.306212258760334	-0.118857175478405	0.0924998534987171
XLOC_009682	1.4915678016337	0.699821235223632	1.21310041273275	0.236942625976106	-2.49131944998327	-0.260467420438693	-0.050581373948142	0.235498197488212	1.11927482497807	-0.760336879629733	0.328614465125507	-1.76211443915816
XLOC_009683	1.11700361790809	0.990704909598063	1.09678256479813	-1.44265249321906	-2.26737520206175	-0.838357967524315	1.61568601928702	1.3405439430495	1.43785866894714	-1.57912076406904	-1.73299127813735	0.261917981423568
XLOC_009684	0.975071471594469	2.52370210998501	-1.52609567518452	1.68679480378291	1.75003411942461	0.268696239195127	-1.52609567518452	-1.52609567518452	-1.52609567518452	0.0534417119739774	-1.52609567518452	0.372737919966525
XLOC_009707	0.52547592362369	0.121466146995901	0.14712956785857	0.197395240416245	0.739441466743611	0.265241741311387	-0.370201930320942	-0.353529689984446	-0.507881101966593	0.150196955893359	-0.273387912602056	-0.641346407968721
XLOC_009709	-1.20711858790965	-1.20711858790965	0.336301388537852	-1.20711858790965	-1.20711858790965	-1.20711858790965	2.53713343147347	1.36771967400094	-1.20711858790965	0.372418799248854	0.261369766299297	2.36776846789747
XLOC_009724	-0.567541628227335	-0.559999966433743	-0.553766514917676	0.653726321012536	0.574129741871401	0.561711924218304	-0.623818181087669	-0.405470624866451	-0.443760176289333	0.609185355520335	0.359657212490104	0.395946536709531
XLOC_009729	-0.568033045612383	-0.187996164967325	-1.00488973033868	0.603840126009963	0.712497923626616	0.651837683358906	-0.713083183201578	-0.55505852144386	-0.21212219378208	0.674618239842296	0.162050757196038	0.436338109312082
XLOC_009732	-1.1074823381702	-0.646765046210236	-0.246731293766083	0.720986407005351	0.346852265292488	0.481192790419621	-0.462609391244076	-0.10950851135775	-0.986812967775203	0.766623771285542	0.895495749008963	0.348758565511584
XLOC_009733	0.401276273554087	0.444917166096793	0.294037304146926	-0.469229234989724	-0.354540776327251	-0.202852930050032	-0.0854747361139268	-0.0391821310911915	-0.210934694098581	-0.278360254609842	0.267698736175911	0.232645277306833
XLOC_009742	-0.0588667611634559	0.16120667484115	-0.609599896793656	-0.189910701102018	-0.622776955883182	-0.45794010195049	0.176301629556067	0.390333003989095	0.24233690979576	0.362052136704859	0.398918856740288	0.20794520526558
XLOC_009743	0.264524306611134	-0.193502531946889	-1.03128905293608	1.00964192319145	0.542898794851429	0.759106643318056	-0.845518779104383	-0.543015226832988	-1.13503726428943	0.710024497796602	0.599428958467269	-0.137262269126164
XLOC_009789	-0.867659679388908	-0.32894684537405	-0.370273041887958	-0.45216436652094	-0.0475129541696422	0.373255730499782	0.0126335205628738	0.413910480591868	-0.194661633415249	0.436349496803977	0.712099274032976	0.31297001826527
XLOC_009813	0.179144754688293	-0.0856805434126828	-0.0902144568393028	-0.145825230086547	-0.625294839429397	0.404758821082429	-0.104723070943269	-0.290138320349299	0.907408409294805	-0.0385311249570632	0.592952086643794	-0.703856485691757
XLOC_009840	0.345419002890021	0.219369012703297	0.246127988452264	-0.256107897079143	-0.218134277912319	0.0217631679949859	-0.239166960465926	-0.767242402445345	0.341066484737492	-0.197488485495954	0.293137931110181	0.211256435510442
XLOC_009851	-0.522834304840189	1.45323167752024	0.495048681561785	-2.25867134623693	-2.25867134623693	-2.25867134623693	1.78581507452368	1.48496366302321	0.820985971796721	0.904016455532785	-0.077686279525246	0.432473099117817
XLOC_009856	1.19370498108476	0.213714437292312	0.834724953468755	-0.909642299180518	-0.658203284881377	-0.100357042927796	0.826959583336792	0.542259189341503	1.38733881554204	0.165151719182554	-0.141328042316241	-3.35432300994278
XLOC_009859	1.06307771212659	0.600853098838268	-0.234607349435471	0.669036066168638	0.620159375429041	-0.209261604683716	-0.325392798335952	-1.07814013694592	-0.200719007167068	0.64160826668927	-0.206646633584516	-1.33996698909916
XLOC_009865	1.63741834998131	-0.86374879679768	0.679671179649819	-0.86374879679768	-0.86374879679768	-0.86374879679768	-0.86374879679768	-0.86374879679768	1.37719681899454	-0.86374879679768	3.21570402575577	-0.86374879679768
XLOC_009871	0.432751857669015	-1.40370179358415	0.31283212761156	1.15844200016399	0.465046465812689	0.241352405040839	-0.508769646560432	-0.368497115744934	-1.30486232779473	0.125043253546344	0.468742517942903	0.3816202558969
XLOC_009875	0.446782515041072	0.162783756196677	0.262563127649137	-0.380279436637331	-0.113538514390396	-0.34047557767886	0.330178620296972	0.457691305334412	-0.0892405498313087	-0.435911514646008	-0.727221221871813	0.426667490537442
XLOC_009884	0.923247948336834	0.91367482002999	0.823523322404099	-1.37426129730246	-1.04584351413648	-1.21406087087222	0.691522211022689	0.322142593290017	0.718677952833456	-0.227697421661628	-0.328968735425254	-0.201957008519035
XLOC_009897	-0.693422867950178	-0.396762671951686	0.410740556292168	-0.713238763291117	-0.644947610886475	-0.397043229522189	0.0664344255662188	0.905743874989005	-0.223084059618828	0.508224305366516	0.61391480219903	0.56344123880754
XLOC_009898	-0.856585711092409	-0.0567046478153248	-0.0628941823389297	0.0089161565597653	0.179953816193507	0.102837906221566	0.154442714391077	0.122005452826428	-0.0433637724585925	-0.012306062999599	0.251676363775585	0.212021966736932
XLOC_009918	-0.863686997416909	-0.380009527854846	-1.8214341677484	0.521381974599626	-0.601079914659125	-0.292924543994149	-0.516772627796755	-0.288111621356284	0.00219115698567363	1.75651433999462	2.6491339901177	-0.165202060871158
XLOC_009967	0.606704589629222	0.757504137336472	0.612526011670861	-1.60509045278445	-1.16453222968241	0.119167625342852	0.494999455783691	1.36969967749451	1.45637090623758	-0.18194398011366	-1.5198227782907	-0.945582962623972
XLOC_009968	0.821332634471865	0.476630354963699	1.07388551549159	0.229879605710658	-1.67983451230713	0.890458011845441	2.49418595824848	0.895003749603461	-0.162037781106675	-1.67983451230713	-1.67983451230713	-1.67983451230713
XLOC_009981	-0.958615560735259	0.590015077655278	-0.706062679715534	-0.756080124328092	-1.49784327298461	0.91576031234754	0.107123516780375	1.08316733386601	0.966402745241145	0.439506010123904	0.0767572659387521	-0.260130624189507
XLOC_009998	1.5487340896831	1.37605637305581	1.19316857222957	-1.07843736937225	-1.54518049771227	-0.779511455438342	0.703243750529523	0.576262442163882	1.10484377084731	-0.98054981576602	-0.582984303200257	-1.53564555702005
XLOC_010001	0.0508076003040641	0.782267328637804	0.6117410871822	-0.798367594952811	-4.68460371374834	-0.146879406728186	1.32784003727437	1.64323795599598	0.770272969461032	-0.300042712858485	0.351532595112462	0.392193854319916
XLOC_010006	-1.67121500927247	-3.88426417825975	-2.57897004706992	-0.241483076201444	0.54792371529982	1.23483822112841	-0.643294435331193	0.0130006433591863	-0.786568411605218	2.4339881257884	2.56104028692642	3.01500416523776
XLOC_010040	-0.877947097497381	-0.256685502155883	-0.371079581281944	-0.0415091052138505	-0.239904696415712	0.571952368707166	0.420464113782828	-0.00277555229244442	-0.967630344921351	0.213339687098268	1.15635545708737	0.395420253102935
XLOC_010044	0.325922286293135	-0.250991368258182	-0.324769002962164	0.7187474688261	0.539454282112906	0.370430521255468	-0.524690593725008	-0.486692714702592	0.00344628402415381	0.0458236656073439	-0.265412712654767	-0.151268115816393
XLOC_010056	0.716021878993832	-0.122692102302884	-0.15401313814478	0.36952844400108	0.603990561630456	0.130057121024002	-0.58871663832079	-0.429542896458778	0.307966589326355	0.00665364313911532	-0.418258106001559	-0.420995356886046
XLOC_010070	0.243779760599692	-0.0789798726605628	-0.132324747419672	-0.254216669611484	-0.100119602750308	-0.398635277322288	0.102450459508962	-0.0367765651872674	0.398906882383294	0.0944214743799048	0.163163257742964	-0.00166909966322493
XLOC_010075	0.907680829754018	0.103549390373975	0.541932791165687	0.319843075610673	0.531182635211288	0.00708020786874286	-0.565557206200092	-1.43004533566513	-0.473015649465937	-0.141181188544642	0.428199764076363	-0.229669314184947
XLOC_010079	0.133481742920138	-1.95335079285789	-0.2436989027548	0.557424301700957	1.14085060040232	0.975213018587765	-1.57353425991119	-3.13950996940756	-0.281358110798081	1.59290541037783	1.45522135551155	1.33635560622896
XLOC_010080	-0.122323267667509	-0.645183384434683	-0.853137021800273	0.324521795554285	0.394946148139601	0.166223630984915	-0.861529476101395	-1.10154662816083	-0.917259845760225	1.85330377668759	1.12511434180382	0.636869930754704
XLOC_010081	-0.3362864428636	-0.506477124859863	-0.778217440759234	0.0882601783428925	-0.161647797440553	-0.189529368789444	-1.08010426343305	-0.764875088726118	-0.793027194220928	1.95659904882666	1.39347596009331	1.17182953382993
XLOC_010099	0.397144257192609	0.150796610235623	0.898419272984708	-1.98928705691612	0.0532618605838828	0.638723132086247	-0.332094950639281	-0.450617713244195	-1.65805555914169	0.485559825955947	0.882872174704506	0.923278146197758
XLOC_010119	0.342350479594885	0.491504667116853	-0.871474167508647	0.577137554524036	1.62548982754241	1.27598141159915	-0.611903304504344	-1.43732692130354	-0.362551054480075	-0.434272845427046	-0.593914541620413	-0.0010211055332725
XLOC_010123	0.51640452298106	0.320563685147281	0.63760420990696	0.0862301070308007	-0.881813448003851	0.0389774191794592	-0.620372413699895	0.0443594452982445	-0.931348661094639	0.140098925579137	0.468214507215418	0.181081700460029
XLOC_010139	-0.0672486870812934	0.824371144802346	1.90667859210492	-1.47750038327151	-0.905073171848535	-0.197714916931167	0.50819267307978	-0.437567957197529	-0.0296845767945824	0.454833985180557	0.402264181089939	-0.981550883132923
XLOC_010143	0.229524842265928	0.0853937033196219	-0.17648975404687	-0.0458586203065057	0.474410097125446	0.590900687967599	-1.03676054824201	-1.1607318339801	-0.781819730853489	0.926202877060362	0.213932317126337	0.681295962563686
XLOC_010151	-0.440740623378706	0.317545914012287	-0.945716074439474	-0.133758577298769	-0.741811818579677	0.308383423949707	-0.309373439382766	-0.28452927903107	-0.332744479413499	0.746049927264514	0.727930615430463	1.08876441086699
XLOC_010178	0.859949772783605	-0.37167275051131	0.418830051485449	0.404784608820655	1.24316315738455	0.941596054367963	-0.060017965633107	0.124021333403618	-1.84432550118551	0.0713012030407238	-1.55229467722112	-0.235335286735525
XLOC_010180	0.177753675537993	-0.0855885943967127	-0.194333659655609	0.515953399025607	0.549782157172478	0.638627797813346	-0.554726142087908	-0.450607912741445	-0.499668525862871	0.172464300450988	-0.0199291143915037	-0.249727380864353
XLOC_010203	-0.276946407550335	0.373712190069829	0.684274449865999	0.0799731193181943	-0.397487689528728	-0.0766076660728379	0.598885869862881	0.888358749368878	0.390386540128845	-0.698347338324185	-0.34053155724754	-1.22567025989101
XLOC_010204	0.296784710482404	0.020515233834022	-0.236258882216589	0.347737261671707	0.427958787173566	0.319228482188766	-0.623147105014412	-0.5527339672524	-0.99525346785353	0.387855837019968	-0.0927835565969204	0.700096666563423
XLOC_010209	-0.190658173894859	-1.21962338764326	-0.495660392383379	0.307978589333064	-0.520175018597629	0.207620189256039	0.320599148239721	0.213052209279821	0.197335746963867	0.057471907693718	0.334281156494793	0.787778025258104
XLOC_010211	0.795221054387829	0.405001345552117	-0.315229399639695	0.0994396890734368	0.132360980895907	0.0134346655658257	-0.0843213392924769	-0.0896720353591309	0.247482923566875	-0.403858232461524	-0.688622923360882	-0.111236728928284
XLOC_010238	0.0544194325446448	0.421589204525727	0.358622027996237	-0.263612762567714	-0.211006453475383	0.0438425476665962	-0.105946201770529	-0.0547794433651667	-0.0965601733585579	-0.0945977162131264	0.118718273585051	-0.17068873556777
XLOC_010246	-0.438781890645902	-0.357378923028447	-1.04688151038827	0.0707478063029336	1.03901022177761	0.402949385021725	-0.142295192366973	0.0775505249087027	-0.480120344264852	0.0962700231597635	0.722724784383005	0.0562051151406999
XLOC_010253	0.0886229974564952	-0.0749916288182479	-0.17902680864969	0.354121251039224	0.488659352853899	0.327418191335543	-0.891204622411301	-0.697591726610167	-0.699671377388057	0.533904215971738	0.353944507169569	0.395815648050993
XLOC_010255	-1.20873039166153	-1.20873039166153	-1.20873039166153	2.9241879197508	-1.20873039166153	0.586061522718125	0.141826580533606	-1.20873039166153	0.309066339538927	3.03148202488028	0.259757962547418	-1.20873039166153
XLOC_010265	-0.12634081749761	0.546276346216461	0.471408187717567	-0.654057159142188	-1.07176632909963	-0.0433406172812898	-0.166988966559894	0.0683679792249423	-0.0291205174422071	0.452117807352303	0.667217338111217	-0.113773251599673
XLOC_010271	-0.199190100170352	-1.38721988073196	-0.324480274846788	1.15406309216208	1.15082050962454	1.25633003142919	0.271391688709964	-0.913443387097379	-0.845120592781964	0.464290087833009	0.454750166420073	-1.0821913405504
XLOC_010274	1.20514010533705	-1.29602704144194	-1.29602704144194	1.40767554174422	0.665912393087697	-1.29602704144194	2.99685329825554	1.27881122046865	0.221769689758511	-1.29602704144194	-1.29602704144194	-1.29602704144194
XLOC_010275	1.10886828031982	0.450935349207983	0.38832087890997	0.25524859284041	-1.55982861121765	-1.39253447110334	1.40063325059294	0.893576720604008	1.53900208639991	-1.67327060405707	-0.149880122477313	-1.26107135001967
XLOC_010276	-0.37035843232873	-0.625234383450223	0.145106249793783	-0.0412651755565658	0.241698444550016	-0.318319802058917	1.22604949773335	0.726908119751145	0.722614328220756	-1.05833868548124	-0.621218391422236	-0.0276417697511384
XLOC_010302	-0.105627230968822	0.315000594905261	1.56101686598828	-1.84146427236557	0.922309957171211	1.60195966235788	-1.84146427236557	-1.84146427236557	-1.84146427236557	2.67430712287684	0.339520794346121	0.0573693227854832
XLOC_010310	0.0714171255470051	-0.495749936220981	1.04403577278258	-0.253552859227836	0.208482149572294	0.297031191941141	0.466622179974453	1.34306395579063	-0.0910904993208161	0.129300224602249	-2.20548610392847	-0.514073201512249
XLOC_010326	0.802163618773466	0.963897045146025	0.521042048865726	0.128014479566549	-0.737466401941012	-0.297773554236233	-0.00455850826473547	0.0247504101396157	0.317280501680957	-0.196834076354815	-1.17504567316214	-0.345469890213399
XLOC_010327	-2.25750009239133	-1.96389635014032	-2.52685930391892	0.733458769059808	0.995426040009214	1.41426597463509	0.195802797863739	0.278173640316685	-0.587120989244493	1.40061408086574	1.22060161201152	1.09703382093327
XLOC_010366	-1.18537601056505	0.971088856705773	1.08655555528818	-1.18537601056505	-1.18537601056505	-1.18537601056505	-1.18537601056505	-1.18537601056505	1.53503423684693	3.1991849903248	-1.18537601056505	1.5057684347897
XLOC_010369	0.886478701547366	0.870781103889883	0.595216182744629	1.06685825474647	1.21939655861635	1.10836934106203	-0.237149904390328	-0.244849712946227	-0.241556973565492	-1.34009386971511	-1.75458481839049	-1.92886486359908
XLOC_010378	0.216691686086684	0.255110202256135	0.116207721474392	1.53302015323091	1.89810967045835	1.82063477965051	-1.34821541744765	-1.28531046987962	-1.2014749839498	-0.534587748956464	-1.21866886756092	-0.251516725362523
XLOC_010380	1.40707705143926	1.45613317928723	1.34615990925633	0.181536802432307	-0.102537674741932	-0.329559109872958	-1.03572972203009	-1.49390286376559	-0.729976199997433	0.0813904877642848	-0.453118647719537	-0.327473212051867
XLOC_010398	-0.691745700624021	-0.390388029923216	0.209176789789575	0.0430093868216135	0.748229406417376	0.918865253202587	-0.776099167764177	-0.287114848936535	-1.00814295720323	0.363692318733357	0.683355071191738	0.187162478294935
XLOC_010405	0.187078734696271	-0.283030066253353	-0.380911539048531	0.388766288300541	0.189940844047447	0.296753868870962	-1.08204496599374	-0.974153241160442	-0.609704541996736	0.734860869296352	0.776897370416384	0.755546378824857
XLOC_010408	-0.44134060711573	0.0175543982056041	0.0994043741899047	0.136493954491143	-0.190267551957276	0.232231888519637	-0.885014975306579	-0.875154989738418	-1.24012959546965	1.02890048998987	1.08341056655035	1.03391204764114
XLOC_010414	0.00856425937586813	-0.118244415808125	0.909522309537376	-0.615980934443464	-1.3060465382873	-0.275992877775476	0.513092115072204	0.62851432731691	0.495381442852594	-0.109378972700726	-0.736599632688769	0.607168917548908
XLOC_010430	0.541653004097443	0.237520873011251	0.0669946315556471	-0.259829811956737	0.147143453562992	0.425800820447185	0.38692704787955	0.803072583853484	0.343183540116088	-0.844789168485038	-0.193213860514091	-1.65446311356778
XLOC_010438	0.338632729374281	-1.39720431202246	0.874727253830772	0.512509805995323	0.564735122507177	0.397587602357189	-1.39720431202246	-1.39720431202246	-1.39720431202246	2.68259228669365	1.61523675935392	-1.39720431202246
XLOC_010441	-1.86005914426156	-1.86005914426156	-1.86005914426156	0.843643438924605	0.101880290268084	0.710233379891013	0.175639057305346	-0.0613737044701699	0.380886471530666	0.455353382536658	0.320925922450132	2.65298919434833
XLOC_010446	0.356861852602838	0.343511115239902	0.469318911495519	-0.695178233486068	0.0243465354384913	-0.0400507007495197	0.374919711406363	0.181477451063493	0.0443695155580937	-0.589884457161608	-0.408785257827923	-0.0609064435795847
XLOC_010448	0.648340056121965	0.78639335470009	0.543192548805584	-1.87578083922323	-1.03876885976349	-1.01921471403954	0.578035918909796	0.494806911677776	0.709718086034645	0.0525225890942078	0.0473031668925508	0.0734517807896431
XLOC_010450	-1.54100854296966	-0.0925826463607693	1.21271148482906	-1.54100854296966	-1.54100854296966	-1.54100854296966	-0.19045157077453	-1.54100854296966	2.0655762863608	2.15191346191351	2.20005064669885	0.357825052181388
XLOC_010462	0.358847525329804	0.235660042876731	0.132420611717594	-0.195406239266259	-0.516790746262286	-0.337391368744564	0.488772079181592	0.856230509185238	0.51579949985587	-0.44149138014566	-0.344206883567278	-0.752443650160792
XLOC_010464	0.527386370656423	0.219491152485033	0.593988407836472	-0.839321670619361	-0.518868943828569	-0.246078502609817	0.511948672315803	0.921965194302634	0.846969212148845	-1.00868555730525	-0.405346986147401	-0.603447349234811
XLOC_010465	-0.14474723365112	-0.2401618779772	-0.144504204169151	0.591202694662073	0.285292365475083	0.657423128831867	-0.665888002823582	-1.04406560644822	-0.433471558697641	0.438152535107432	0.338044490511818	0.362723269178645
XLOC_010497	0.179194548519757	-1.03211507365227	1.27499759145362	0.944338370489224	-0.424805711386324	1.4949224216582	-0.0592083995451596	-1.38989450113172	0.178465360258475	1.05163247561871	-1.72009158671416	-0.497435495568351
XLOC_010499	0.120009822223023	0.524269812478479	0.940793532226849	-0.507868341322916	-1.1163383980396	-1.02778935567075	-0.141337164223174	0.0841240761832838	0.29680336353633	0.303056187416078	0.588134755489359	-0.0638582902969711
XLOC_010502	0.154682018870653	-0.307542594417671	-0.239350331031503	0.0202290572906323	-0.417449135402173	-0.0900548715718177	-0.500522085574347	-0.637747200997373	-0.164122651781764	0.722664146547369	0.510991015124423	0.948222632943566
XLOC_010508	-0.468984916051217	-0.229075705077744	-0.346495848570213	-0.146382725100855	-0.559205599311452	0.163014695062715	-0.0179792866587505	0.31999750744786	-0.531171443959932	0.324004991971467	0.788821639952175	0.703456690295942
XLOC_010512	-0.127163183599256	0.434704088748879	-0.632388491292312	0.59934502724178	0.283471580916344	0.584895938120856	-1.05723429038956	-0.396038867206866	0.373467545950158	0.17016443066858	-0.572512328004083	0.339288548845482
XLOC_010518	-0.350309196574063	-0.74337935163091	-0.203531006854835	0.105895594743323	0.176099208675547	0.490441719528087	-0.320877291566187	-0.330226786728494	-0.371177395406972	0.328959378307895	0.545490258106123	0.672614869400489
XLOC_010529	-0.331348523842069	0.206161842559689	-0.594134834362952	-2.32701599297968	-0.960600316388334	-1.6664375868449	-0.0627096404418621	-0.0387738167098073	-0.630145281667002	2.05900831330877	1.36964477045404	2.97635106691411
XLOC_010530	-1.37921886090038	-0.0789848962210895	-0.219346364236364	1.72130594007672	1.71567828390684	1.80759376491806	-2.44511222099421	-2.60364335137289	-4.1063327448408	1.65023239985852	1.55713427500857	2.38069377479701
XLOC_010556	0.616668069374978	0.679463006729434	0.433513475720946	0.395264026724111	0.125089748625689	0.237141593032971	-0.409958016207168	-0.203761664974209	-0.146441885785439	-0.413014496208777	-0.413378236538691	-0.90058562049385
XLOC_010577	0.0941964595391431	-1.6416405818576	-0.0982206054101018	1.06206200132856	1.63448921275153	0.928651942294968	-1.6416405818576	-1.6416405818576	-1.6416405818576	-0.0621031946990995	-0.173152227648657	3.18063873927406
XLOC_010585	-0.0626333124990586	-0.321559548596502	-0.136221134770939	-0.905537633979503	-0.0490744846818778	0.0860416534374462	-0.190712139555954	-0.217654679828682	0.0731937779952032	0.737752399965678	0.673841967023966	0.312563135490222
XLOC_010591	-0.786744509634919	0.157453294395598	0.250277547599506	-0.482713760592004	-0.864229249309115	-0.0627210632343687	0.00152965354980861	0.105849207181089	0.29013598958169	0.52868610854291	0.188667221208463	0.673809560711339
XLOC_010594	-1.831603661648	-0.121710110846337	-0.328908609854775	0.612175197493191	1.08609801020903	0.420977973923349	-0.461575484305157	0.124756116330204	-0.962733225765771	0.388943545519549	0.476127297162375	0.597452951782335
XLOC_010618	-1.17230549171772	-1.55523536481952	-4.54007998116057	0.150121529328438	-0.340400040272774	1.59229903801343	-1.17541883187281	1.18945514527022	-0.388561591497489	2.52865011849918	1.65880831040442	2.0526671598252
XLOC_010619	-3.69517880207618	-0.787010650107433	-3.08208112753284	0.770375223188259	1.04762858516125	1.54100441208162	-0.82818209845716	-0.535838874678888	-0.804103334628841	2.0669946988264	2.19176861807818	2.11462335014563
XLOC_010620	0.560620814586995	-1.17521622680975	-1.17521622680975	-1.17521622680975	-1.17521622680975	-1.17521622680975	1.32311782560877	-1.17521622680975	-1.17521622680975	1.14019629998846	3.17814279096903	2.02443585651499
XLOC_010627	0.47807637209738	0.497705169579594	0.677297692153647	-0.0888698283413181	-0.39782409052705	-0.732928120314501	0.734311411187972	-0.158407594982448	0.672122121870118	-0.548708193218711	-0.417836676821525	-0.714938262683156
XLOC_010629	0.787108704785879	1.1992337376658	-0.0646995437901978	-2.1481538657533	-1.40878130920295	0.719625667768786	0.580395763114026	0.0700244532453125	0.515951328657648	0.122846245406373	-0.579170995082325	0.205619813184947
XLOC_010636	-1.40279112469653	0.1427125304319	0.409837744436625	-0.312725471434006	-0.43978028856874	-0.380691947107588	0.675173073799267	1.06108457048003	0.163096553278716	0.0651147120269977	0.0186291155068039	0.000340531846529935
XLOC_010640	-0.127896062169505	-0.326437521178816	-0.19497002388929	0.346644982871934	0.468966170291617	0.225000677738709	0.0669473101013125	-0.0534706042231115	0.0083222229053046	-0.0881804951272969	-0.1676376488483	-0.157289008472558
XLOC_010642	-0.0750505921144935	0.0434858344048337	-0.0949927844282943	-1.35717180183441	0.0288446662522519	0.262923882335528	-0.314937835562453	0.187660877336115	-1.09188953096685	0.631228987626444	0.558443675098119	1.22145462185321
XLOC_010645	-1.72773409014854	-1.72773409014854	-1.72773409014854	-1.72773409014854	1.03604013938824	2.01084692475014	-0.377177117953404	0.847104171762053	-1.72773409014854	-0.148196702990035	1.80880588330447	3.46124715248122
XLOC_010681	-0.601765734934112	0.113774983282172	0.181967246668339	-0.450345038828422	-0.569471126790439	-0.793165187562288	1.12344963502422	1.1815151424748	-0.023934010441228	0.27481929809981	0.0280160961133724	-0.464861303106229
XLOC_010682	-1.00438127045686	-0.140826099786183	-0.38341785743557	0.130796490253053	0.408191286159528	0.622846542852908	-1.10297935920793	-0.665268379470644	-0.848038541819408	0.793643496832196	0.845140221945595	1.34429347013332
XLOC_010683	1.39686086282975	0.344119612659652	-1.10430628394924	-1.10430628394924	1.65946794558754	-1.10430628394924	-1.10430628394924	-1.10430628394924	-1.10430628394924	1.21110624284897	3.11858932371877	-1.10430628394924
XLOC_010686	-0.406631239329687	-0.75592244657943	-0.447358322698796	0.600618292530004	0.622754614129449	0.760731706470124	-0.6835093011311	-0.48958839612671	-0.992101443918263	0.594054333039401	0.507929595355157	0.68902260825985
XLOC_010710	2.34378871874026	2.98188711388884	2.73319145264855	-1.37965947163574	-1.85912908097859	-3.71778586866842	2.53464054661046	2.19641647157988	2.38022528736304	-2.06054911551858	-3.33159271633638	-2.82143333769332
XLOC_010717	-0.23811543852987	0.0136904794241532	-0.366456158980435	-0.167181249011073	0.145097946071079	0.127249895831336	0.125196891688313	0.132614834524359	0.302905773502981	-0.24449263563459	0.35118717440263	-0.181697513288881
XLOC_010751	3.19541387434572	1.8619565182558	1.9945791409841	-1.40790199736975	-1.40790199736975	-1.40790199736975	-1.40790199736975	0.390783442421637	0.833043618422473	0.171635389788753	-1.40790199736975	-1.40790199736975
XLOC_010756	-1.05585264034049	-1.05585264034049	1.69786738745823	-1.05585264034049	-1.05585264034049	-1.05585264034049	-1.05585264034049	0.742832799450894	-1.05585264034049	2.10683516142923	-1.05585264034049	3.89928577438559
XLOC_010769	0.0248043309532431	-0.131837874982486	-0.167891499470965	0.223193645081595	-0.0275249619103342	0.0422074289882239	0.320047723820608	0.392791400466203	0.634917123610466	-0.284575060297287	-0.461986911714973	-0.564145344544293
XLOC_010770	-0.252098381491506	-0.572283495172423	0.169409968734759	0.41471809881479	0.626057658415405	-0.274781347573951	0.337388331832536	0.405759592820205	0.765537459266212	0.222845253152611	-0.637697250261116	-1.20485588853753
XLOC_010771	-0.0606451681631599	-0.270073451556466	-0.0648984746048615	0.482158220575994	-0.185469331518833	0.0364349359923493	0.328353598116979	0.615717816055226	0.498044596951558	-0.450643468075168	-0.784888123909748	-0.144091149863868
XLOC_010787	0.587603795935077	0.966375895777517	0.835032692904361	1.05371495126218	0.846682244550749	0.21183885693966	-1.33832120610292	-1.13159517943222	-0.966220013395101	0.410386667407046	-0.476205367797721	-0.999293338048635
XLOC_010793	0.35379734806332	0.0707320115327397	0.383627266250216	-0.305352872084047	0.302646975177091	-0.849010809835983	0.249265153797181	-0.174961400320282	0.388805826539071	-0.166699371280469	-0.237022962411053	-0.0158271654277886
XLOC_010796	0.146903112838479	-0.372258435055543	-0.120707671785308	0.655475421244582	0.558083298380169	0.356345199931575	-0.711222195606364	-0.979006045219379	-0.345028641683591	0.0849095384235152	0.110421423794074	0.616084994737794
XLOC_010805	0.559075078438669	0.587256283427929	0.815655096526182	-0.928712156123091	-1.31996342651861	0.234105340929059	-0.41913311142179	-0.451065263354935	-0.161882529820979	0.0773757806620816	1.09053412666213	-0.0832452194066455
XLOC_010811	-0.745693399165481	-0.597517232442785	0.0159793062785871	1.25843189487491	1.15515524826386	1.42794568948261	-2.5009277544818	-0.660252188879833	-0.922823818125554	0.792706501599572	-0.0967692702932395	0.873765022889143
XLOC_010819	-0.314408156266885	-0.329901994597623	-0.458283528946838	0.566403981736473	0.130836956792224	0.580647784052337	-0.892606651744625	-0.604147152978415	-0.540530466486406	0.627385268202033	0.843876972821223	0.390726987416508
XLOC_010828	0.36595320853148	0.175996063993527	-0.0871061586903439	0.760427479421446	0.678123704847947	0.146965767596918	-0.806941453501224	-0.250441539840749	-0.24211040130462	-0.133778851717096	-0.494567333582355	-0.11252048575493
XLOC_010829	0.519919607596098	0.322171474136474	-0.0985707354553975	0.291597133027521	0.407449447911985	0.266038239491092	-0.223108698925181	-0.227492444758694	-0.0959583122762906	0.114996686938861	-0.256026542814821	-1.02101585487165
XLOC_010842	0.0652063754711865	-0.435263142491064	-0.659056636380376	-0.465298429420207	0.25163629740925	0.218091198064352	0.227024729829211	-0.499807861332624	-0.730540795896717	0.79566638944612	0.281231230059296	0.951110645241576
XLOC_010846	0.868704849607727	0.786966485658378	0.545480134202593	-0.211679836848664	-1.00429228548854	-0.477954656683063	0.331844859557118	-0.726346131776681	0.266216712270566	-0.21357403486987	-0.231366328473863	0.0660002328442957
XLOC_010862	-0.496336066862959	-0.517085075677101	-0.169490197261578	0.600870466715802	0.238651024742819	0.464848761158907	-0.308213216497967	-0.387519911578466	0.0930755564523986	0.260791457763058	0.161759417322616	0.0586477837224653
XLOC_010868	-1.38275703978518	0.49096498350181	0.43722535371543	-0.749438337305145	-0.568392749090155	0.0727630918143687	0.239470852458282	-0.328976253545552	-0.159325409923976	0.945700121221608	1.27674656500517	-0.273981178066657
XLOC_010869	0.639509885807048	0.348511067278514	0.238899849727691	-0.148237871080943	-0.0944400453667749	0.0564019489882028	-0.344415230973337	-0.317686907843862	-0.36106053990927	0.0760726849918552	0.00488656374327334	-0.0984414053624043
XLOC_010874	0.987882057388903	0.773533973444456	0.695946367178154	-0.136901347698879	-0.653728579282935	-0.563949719585592	0.347376118022558	0.120456256636578	0.557994379916012	-0.73114065017521	-0.950230637082266	-0.447238218761768
XLOC_010880	0.144501524890607	0.312254958049737	0.0361071760075911	0.32798291627283	-0.221450044508204	-0.143419650271711	0.155227433399435	0.368819409618748	0.250587202536678	-0.0692275797842292	-0.340616275005607	-0.820767071205871
XLOC_010895	0.237557240244072	0.195248502227489	0.0669181884300425	-0.0403007489995604	-1.45437246487944	-1.28707832476512	0.930661605954552	0.857507308185115	0.455649691305105	-0.650705660772458	-0.377143241709798	1.06605790478001
XLOC_010902	1.46917934238142	-0.589920807333745	0.766524499931473	-0.415587712295389	-0.648375129021442	-2.50703191671127	-0.127803360535314	0.0789226661353881	0.244297832172505	1.04777841160757	0.654439542897743	0.0275766307710574
XLOC_010909	0.456879058273628	0.472959782659391	0.305116769831398	-0.14561394436645	-1.514758026242	-0.5399512408801	0.789807447469323	0.879571819740163	1.1763444274306	-1.11584445400906	-0.358377353256027	-0.406134286650864
XLOC_010910	-0.225870823668236	0.00953873661665838	0.091261197883366	-0.325384743509863	-0.292454320776448	0.0497741647288326	0.150301254927955	0.283818809542218	0.258421549056999	0.0736566118824733	0.280754596181648	-0.353817032865605
XLOC_010915	-1.61104415968989	1.01826716574672	1.50322066163244	-1.61104415968989	-1.61104415968989	-1.61104415968989	0.424654041877015	1.46569836314973	0.629901456102335	0.704368367108327	2.30911074283286	-1.61104415968989
XLOC_010938	0.3702922871255	0.140621028249806	0.321831590244549	0.523507186681189	0.838925650655263	0.648572250778265	-0.700444054038606	-0.368029531769535	-1.4099174361798	-0.182679199920402	-0.0232008366515819	-0.159478935174642
XLOC_010940	-0.505132941352683	0.0446313066683857	-0.124883012985204	0.630044819357226	0.54201307842579	1.30040184963893	-0.108353627342321	-0.0541515794111165	-0.56232714980473	-0.723887812178297	-0.152185439079492	-0.286169491936487
XLOC_010953	0.0112132708924895	0.196233890896382	0.59640118845117	-0.823927917427831	-0.198618525673893	-1.51342229411671	-0.18328599026801	-0.968241007690582	0.0734924696599775	1.05750167682797	0.596215436793421	1.15643780165561
XLOC_010961	0.471866186861538	0.248228766387477	0.243671408619523	-0.360093189928998	-0.560415909234505	-0.277771606984382	0.317440800754841	0.269338236009608	0.387565879884411	-0.29200827864064	-0.162671039189124	-0.285151254539748
XLOC_010962	0.068545574565305	0.0813445211458612	0.290005974883147	0.142619556438112	0.39485399104063	0.288707564556903	0.0164130883721771	0.370496195195456	0.0791807143943215	-0.630446706013743	-0.402282090737856	-0.699438383840313
XLOC_010966	0.185926349402987	1.7199478236318	-0.00649071554625769	1.1537918911924	1.21386353754302	3.13359167058754	-1.54991069199376	-1.54991069199376	-1.54991069199376	-1.54991069199376	-1.54991069199376	0.348922903157293
XLOC_010974	0.693294501250492	0.635010859104859	0.233736102410832	0.39544717173431	-0.480670390068814	0.628519790262264	-0.790673814411386	-1.39083279534009	-0.639460284530575	-0.111499093160059	0.666279348531035	0.16084860421713
XLOC_010978	0.577126369707646	-0.00188632498083496	-0.391590559299847	-0.282845314094579	-0.213514372638432	-0.220657442992991	0.0325386434684782	0.628093757252274	0.462156723594608	-0.280397819053267	0.069150157722432	-0.378173818685489
XLOC_010980	0.402790839883863	0.511586776634602	0.657538157516392	-0.552921564420179	-0.410801406677097	-0.0608715118203227	-0.0254686258659085	0.28151653699789	0.115579503340225	-0.571484000424398	0.377286333774808	-0.724751038939872
XLOC_010981	-0.433035817911347	0.44044687041689	0.223353602780752	-1.03799958676002	-0.335462084083163	-0.20334685025189	0.651605557140559	0.499433712349918	0.465383998381668	-0.178073106137144	-0.270669132481544	0.178362836555322
XLOC_010990	-0.460624173486099	0.0472760874505633	0.223566824044017	-0.381284822853684	-0.49340084245818	-0.0381480643015486	0.218892947057626	0.17796257283714	-0.00318916783736078	0.134132522798605	0.454364633377635	0.120451483371291
XLOC_010991	-0.685033486667294	0.451524918929356	0.381283455550038	-0.176534067248927	-0.53548964226171	-0.395900678013341	0.108767888519925	0.495494495558701	0.371346728659144	-0.0854566328941555	0.532022551423494	-0.462025531555232
XLOC_010997	0.727136796783663	0.56858725720377	0.567710255791866	-0.395771212855926	-0.694299408983311	0.124985943813122	0.831354319382267	1.18317413890204	0.807800110400722	-2.14716592225557	-0.48736602700747	-1.08614625117517
XLOC_011001	0.222861102646232	0.372721776488595	0.644369452872497	-2.14511346628669	-1.19536734740338	-1.4053921147494	0.347023321248729	0.309288026046088	0.543426564753481	0.757913016451898	0.531373625595249	1.01689604233669
XLOC_011007	0.724709238511014	1.12561195538774	0.588779768582194	-0.0860072980883313	-0.365397880288085	-1.03762779367867	-0.176204463120785	0.0449523901041253	-0.784503582039916	-0.260437413334934	0.180054565411316	0.046070512554321
XLOC_011013	1.14361968298238	1.41489284777732	1.25929915347409	-1.85496566784824	-1.85496566784824	-1.85496566784824	0.993115848550911	1.22177685499138	1.22469165018542	-1.85496566784824	-1.85496566784824	2.01743230127968
XLOC_011016	-1.93487113579441	0.148551597364984	0.167814636767385	-0.876194345013284	-0.179163086300607	1.05899472665533	-0.0318811547185289	-0.00331854471127091	-1.77852840715696	0.784633875714604	1.5366626826292	1.10729915456355
XLOC_011018	2.56100625419025	3.80124645814524	3.31550109110674	-0.385699551530005	-2.29541366954779	-2.29541366954779	0.833957871830151	0.279424592362798	1.07163163163378	-2.29541366954779	-2.29541366954779	-2.29541366954779
XLOC_011023	1.80385118182083	-0.115497411013139	-1.56392330762203	1.6489671713454	1.7122064869871	2.41956474190447	-1.56392330762203	-1.56392330762203	-1.56392330762203	0.015614079536471	-1.56392330762203	0.334910287529019
XLOC_011051	-1.40290845489704	-1.40290845489704	-1.40290845489704	0.506805663120749	-1.40290845489704	0.391883459482615	2.77111201565857	0.395776984894349	0.114888276303417	-1.40290845489704	2.33815073477147	0.495925140254013
XLOC_011055	0.645604904999912	0.363287664775497	0.275677984332654	-0.904949113939384	-0.565792696674569	0.0411014924903075	-0.284042746751912	0.126834920210018	0.18127955134359	0.25547522249432	0.331599907366152	-0.46607709064659
XLOC_011062	-1.09864614948762	-0.27038120799352	-0.120143647824875	-0.110046775121248	-0.246342291162021	0.41026381774414	-0.0808025797928842	0.179605294950283	0.0411467404538133	0.433989240288509	0.587777862089016	0.2735796958564
XLOC_011064	0.918790033821977	0.810513837046349	0.603793329961007	-0.531010946878592	-0.887820753608008	-0.238967689131007	-0.53184288735674	0.280195519592776	0.228408785691922	-0.0622581362808594	-0.835596280984828	0.245795188126005
XLOC_011069	0.75198616853827	0.231355116446407	0.220556086786078	0.010887588411566	0.0299376052131022	0.302743446792991	-0.159913477894263	-0.329217974639268	-0.196006093464397	-0.122617793216792	-0.576464202193073	-0.163246470780622
XLOC_011070	1.12186576347275	0.0170722028654726	0.566778354767926	-0.00104224616683801	-0.166457849292533	0.221265141587476	0.0511294223086445	-0.0463615475770345	-0.0941216908805478	-0.258148775484377	-1.28431072057323	-0.127668055027717
XLOC_011071	-0.0428065717077706	0.67563933513738	0.646188846618722	-0.671950079561698	-0.270884440301503	-0.557392855494175	0.236391738898474	0.271002317327276	-0.282176312653079	0.210849020323855	-0.177259884839087	-0.0376011137483916
XLOC_011074	0.206743861413273	-0.208133959860639	0.199108117006105	-0.468520064018808	-0.513718431107483	-0.53648958166557	1.06498960192402	1.09404342871664	1.18088255639069	-0.490118920871288	-1.06867150928761	-0.460115098639319
XLOC_011081	-0.739985114505808	-0.511546921970386	-0.0635253354699232	0.153632365898559	0.400504106115497	0.786241181298537	-0.524611915050921	-0.15703858081551	-1.81162805462796	1.02794051339349	0.600169684245112	0.839848071489317
XLOC_011084	-0.704556954862857	-0.59140497066237	-0.179430952250154	0.934824711160363	-0.107826448287099	-0.0899570040110209	0.268823653239261	0.563315937567057	0.493581132413341	0.047314741825657	0.0827941937372429	-0.717478039869421
XLOC_011085	0.0875302386276595	-0.0661994634274667	0.889632705408204	-0.36105434800108	-3.57394482696852	-1.77915291258886	1.49439487627958	2.08656224720777	0.972176836294906	0.810616173921339	-0.561503755592131	0.00094222883860029
XLOC_011087	0.273907940441376	0.101271620158599	0.232939800739214	0.583673808791224	0.398865275345332	0.00145909835868974	-0.516786317187695	-0.263319089873128	0.348129462535055	-0.286608569615753	-0.194557252264866	-0.678975777428052
XLOC_011118	-0.321938021488192	-0.205567663222284	-0.261725716360669	0.331102311337037	0.521385984346171	0.359486287357184	-0.791331674325069	-0.540287957064136	-0.418778178558876	0.553891760366231	0.137827287079103	0.63593558053349
XLOC_011121	0.236070067770771	0.430286327637057	0.212710949739763	-1.45187217607873	-1.38234481221583	-0.430787761629847	0.0636689301608566	0.00888541418048483	0.231717549618242	0.47349309008817	0.886555089483678	0.721617331245381
XLOC_011122	-0.206273266333373	-0.0836012387414407	0.0604424795269436	-0.459265282460388	0.330141509040876	0.581906738046422	-0.622002196060103	-0.861715199126466	-0.89363498272672	0.94926514005909	0.382365981664057	0.822370317111101
XLOC_011133	-0.671228308278075	0.616826438981743	0.335333061583472	-0.382103035432835	-0.217134977877515	-0.444072041165978	-0.166613434458879	-0.00542123797869465	0.628556165557094	0.0908053544954086	-0.0778782203058856	0.292930234880147
XLOC_011158	0.48786184484376	0.446005714149151	-0.397551759555986	-0.714342267433053	0.0239855085899485	-1.01915195298719	0.143499162583497	0.549910582916971	-0.183284956673294	0.385301030936657	-0.015576655427167	0.293343748056706
XLOC_011161	0.371267445641209	-1.93015598327513	-0.238230620246838	-2.17690673252817	0.324190077743302	0.850527706548779	-1.23853933414681	-0.638237388856244	0.33956460220944	1.03474763364457	1.16561915004175	2.13615344322414
XLOC_011167	-1.66459304408566	-1.66459304408566	-1.66459304408566	1.0391095391005	3.24030213671608	0.130198870293987	0.371105157481237	0.134092395705721	0.576352571706558	0.65081948271255	0.516392022626023	-1.66459304408566
XLOC_011170	-0.787063768550702	-0.569855769068968	0.137896474772388	0.00492615352343062	-0.621439608551247	-0.348668502043778	0.0269082540353169	0.592019168219002	-0.0871397152539464	0.357006942660648	0.650851879104413	0.64455849115344
XLOC_011181	0.747676700532238	2.51958502267654	0.555259635582993	-0.988160340864506	2.28796945374463	0.806631573515145	-0.988160340864506	-0.988160340864506	-0.988160340864506	-0.988160340864506	-0.988160340864506	-0.988160340864506
XLOC_011186	-0.607813821317973	-0.0844774757081019	-0.0532056070044682	0.253127064655601	0.756978256939239	0.659376180882688	-0.659048244017884	-1.02303352788219	-0.7888949891748	0.497297899953585	0.0177506881638614	1.03194357451044
XLOC_011192	-0.846965079488518	-0.0939470925895218	0.281729175495929	-0.490105918078633	-0.344133198017113	0.140901004544778	0.122818111220324	0.239304505694507	0.00326255643400231	0.248099178123958	0.428869758747062	0.310166997913234
XLOC_011194	0.468878125236735	0.630893361448001	1.09714932516492	0.506728473763244	0.480340397087046	-0.359071344835326	-0.969361004626085	-0.303769754762938	-0.288290688362929	-0.124460197414634	-0.128689775310797	-1.01034691738724
XLOC_011220	2.23232620974144	3.7239312638818	3.03442867652198	0.480565262163048	0.532790578674902	-1.42914885585474	-1.42914885585474	-1.42914885585474	-1.42914885585474	-1.42914885585474	-1.42914885585474	-1.42914885585474
XLOC_011221	3.65926828114936	3.72859911912737	3.38649738302148	-1.19715164258869	-1.19715164258869	-1.19715164258869	-1.19715164258869	-1.19715164258869	-1.19715164258869	-1.19715164258869	-1.19715164258869	-1.19715164258869
XLOC_011222	5.19404446161378	4.74612052817291	4.5580375161157	-0.10320194051458	-0.0399626248728837	-0.745799895329447	0.250813804812611	-3.31609241948202	-0.595682172070026	-3.31609241948202	-3.31609241948202	-3.31609241948202
XLOC_011223	4.40599262886556	4.08688044465018	4.82665825188499	1.27268156654797	-3.07083273936534	-3.07083273936534	-0.572498686946824	-1.27214729957396	-1.55303600816489	-3.07083273936534	-1.6023443851564	-0.379688294010594
XLOC_011225	2.74261338494505	3.58872383622782	4.1335765987202	-1.16276820221034	-1.16276820221034	-1.16276820221034	-1.16276820221034	-1.16276820221034	-1.16276820221034	-1.16276820221034	-1.16276820221034	-1.16276820221034
XLOC_011226	4.27299376580763	3.65367711174062	4.42556641221515	-1.92180795734773	-1.92180795734773	-0.12701604296808	-0.571250985152599	-0.123122517556346	-1.92180795734773	-1.92180795734773	-1.92180795734773	-1.92180795734773
XLOC_011227	2.25902145604544	3.35921398015006	3.84682537123539	-1.64636013110996	-1.64636013110996	-1.64636013110996	0.389338070456944	0.152325308681428	-0.128563399909504	-1.64636013110996	-1.64636013110996	-1.64636013110996
XLOC_011232	-2.65829708967303	-2.65829708967303	-2.65829708967303	1.68521721624028	-0.696357655143393	1.08028392522564	0.471074451704909	-0.859611649881647	1.63708358164631	1.42149950904308	1.56459851799498	1.67110337218894
XLOC_011233	-1.24163237885918	0.206793517749713	1.51208764893954	-1.24163237885918	0.72030705567046	0.553159535520472	-1.24163237885918	-1.24163237885918	-1.24163237885918	-1.24163237885918	2.49942681080933	1.95801970446557
XLOC_011235	-0.764975931060722	-1.33214299282871	-1.58026895061337	0.786553239258837	1.4545683192634	0.959429373927427	-1.32069808760907	-0.168566993590852	-0.112520295032463	0.261026362879223	0.667617584415508	1.1499783709908
XLOC_011250	-0.89951551635931	-0.202223448205284	-0.784418321391736	0.145863361592314	0.455278535798024	0.502134795022024	-0.0764152531180313	-0.41700262357037	-0.622498411209557	0.718902076079821	0.580775840485527	0.599118964876575
XLOC_011269	-0.550331825934274	-0.125746866884906	-0.765220575715436	-0.447264589541188	-0.377792287892324	0.701395525970394	-0.0823829020337197	0.869073814142342	-0.130138678726786	0.553698773456952	0.104354510637751	0.250355102521199
XLOC_011281	-1.46186578957773	-0.0822393219846029	0.282192708269685	-0.118876166267684	-0.688688038355314	-0.0381375313465604	0.365367247874128	-0.719490943065372	0.403826439252471	0.496615215513987	1.03373069999441	0.527565479692576
XLOC_011283	-0.729797006621517	-1.14182901849504	0.0279771816714272	1.18246327300142	1.47290753966645	-0.0394775559904721	0.151068896580522	-0.119517602446094	-0.919086657410499	0.59285877638082	0.0325020796108246	-0.51006990594784
XLOC_011285	-1.27440424056908	-1.27440424056908	-1.27440424056908	1.42929834261708	-1.27440424056908	3.40909812201222	0.076152731626054	-1.27440424056908	-1.27440424056908	2.62488447706908	1.38139601065911	-1.27440424056908
XLOC_011287	0.0484970506071498	-0.140124409068743	-0.160730340584381	0.903277854329458	0.677049965451658	0.221884914912402	-0.672196256320098	-0.425724188425833	-0.492963737469629	0.060516203120085	0.214513636714496	-0.234000693266561
XLOC_011292	1.05404365903848	1.28889309205475	1.91281721945108	1.92243093051746	1.24789067571295	0.639125103093007	1.51779684946916	1.7328508916509	1.26667330968651	-3.53583230943535	-3.19544458500538	-5.85124483623357
XLOC_011293	-0.218446731028223	-0.0105312433671214	0.610479272809322	-1.13388797983995	-0.00368670567133389	-1.10185926589147	0.569272454176696	0.710278323493129	0.399593387625121	0.0692185010099351	0.0203081145314803	0.0892618721524201
XLOC_011297	-0.235511625651755	-0.122359641451268	-0.619922099774228	0.607570363135196	1.04988960954422	0.451579864437678	-1.30140498574558	-0.261142362682718	0.424383535551216	0.460869032153506	0.236571097258251	-0.690522786774513
XLOC_011329	-0.137723926411131	-0.594044071579752	-0.00734699567514863	-0.476754063912685	-0.758668961845385	-0.245830418278581	0.626128059840005	0.609034458061863	0.0820412230540226	-0.144195498519362	0.502840900638416	0.544519294627736
XLOC_011333	1.43303298014693	0.905161738591358	1.42964460216518	-0.273523902684009	-0.0220848883848674	-2.82224629421767	0.855549146831659	0.437259025059713	0.142620391755596	-0.376825792055513	-1.60459713722094	-0.103989869987434
XLOC_011359	-0.888416684774145	0.380487085698575	0.403138864130979	-0.467270765146052	-0.266939416291476	-0.265303224242392	1.1340564238351	1.00133101055851	0.591074690478387	-0.601880843903922	-0.236365909665126	-0.783911230678441
XLOC_011360	0.126307874914888	-0.100383534489675	-0.113604825129068	0.565189915313498	0.269293757984673	-0.384765754835884	1.51763222409345	1.22813168754268	0.890607070781751	-1.67975207468873	-1.15631010086825	-1.16234624061935
XLOC_011362	-0.0717687400262035	0.210904279705614	0.194947005834113	-0.579363726423308	-0.82101443460796	-2.34403815461866	1.75004248587813	1.68570543661818	2.1192277895083	-0.214438575912486	-1.33651493226697	-0.59368843368875
XLOC_011363	-1.05782319603845	-1.16090563007878	0.199278789126358	0.457172860354627	0.661919800166885	0.0717621365184797	2.09403941423766	1.82378171528904	2.22406422698824	-3.03855610136675	-1.43381372564222	-0.840920289555081
XLOC_011365	-0.695943894221501	-1.34062409177527	-0.0530886332996188	0.815542892170265	-0.190287813872215	-0.414378364465636	2.24117978587082	2.44541740010152	2.03540577979537	-1.97108138907097	-1.08053624640654	-1.79160542482624
XLOC_011367	-0.617183670721888	0.0567403139734477	-0.0562501838437512	-1.00908067886098	-0.594367281608028	-1.15980352070008	0.970331377932943	0.785168054624513	-0.322256286274158	0.42076491474853	0.946831488967119	0.57910547176233
XLOC_011373	1.72705894629456	0.450988684575768	0.0936089249923984	-2.17832264086084	-2.17832264086084	-2.17832264086084	-0.142624439293935	0.898419881978782	1.18872266032074	0.622055509596274	0.00266242585085052	1.69407532826707
XLOC_011381	0.418940545316025	1.0563843585625	0.640042277382426	-1.37575785640582	-0.906080221588624	-0.559627563929374	0.646321378205531	0.580215351782434	0.727785369460348	-0.40151920935693	-0.408178490488753	-0.418525938939758
XLOC_011390	0.0708174241515627	-0.129826361124885	0.107895918377832	1.02553898893311	-0.0273747964202196	-0.410059479724691	-0.611582029030879	-0.796997278436909	-1.41855719840491	1.18365984138854	0.969808148746262	0.036676821545182
XLOC_011391	0.626526138619536	0.3812986814133	0.299897761333179	-0.378635480241883	-0.412817002902393	-0.427631340767242	0.0856945277370222	0.218701819754163	0.243645647379871	-0.247905296522225	-0.184531522128706	-0.204243933674615
XLOC_011392	0.824267947284228	0.713473388125464	0.282407540637887	-0.79702421888651	-0.563633687209768	-0.511388035229896	0.406184034472943	0.5952003773688	0.616887425687016	-0.458184063300473	-0.420690063395558	-0.687500645554136
XLOC_011403	0.265641450618142	-0.631349618389572	-0.800863938043161	0.823011427629756	1.01053501197238	0.745037116519352	-0.931336387511496	0.301622300482199	-1.23830807486269	-0.506960369856046	0.578330850572425	0.384640230868714
XLOC_011408	0.439425083238597	0.171613040651558	-0.298958566456523	0.735182486303541	1.12004511407285	0.847544839567613	-0.353067200262909	-1.21091557089462	-0.262703736387047	-0.640976486420712	-0.0130260479155284	-0.534162955496829
XLOC_011411	-0.411212712467056	-0.0444758046325813	-0.81826650476597	1.01289060615224	1.15337289956576	1.3634620345397	-0.698733664315739	-0.0974038234320096	-0.996374669304652	-0.63713408026584	0.0328912584414596	0.140984460484687
XLOC_011412	-0.385072273372924	-0.386947307909193	-0.663539662273871	0.924228909990921	0.9681704733399	1.09137610177032	-0.0639523885398825	0.0843491146458399	-0.597117537534085	-0.271831862464791	-0.483048638628462	-0.216614929023767
XLOC_011413	-1.22062595609077	0.227799940518121	1.05130560976246	0.689088161927015	3.37432736412168	1.85130364411098	0.129931016104361	-1.22062595609077	-1.22062595609077	-1.22062595609077	-1.22062595609077	-1.22062595609077
XLOC_011416	-0.639534294535814	-0.623453570150051	-0.00995703142867921	1.10460067753619	0.574887583437777	1.58485599544296	-0.1193505631836	0.354589517842577	-0.264601676372792	-0.859174213345807	-0.0573172785165257	-1.04554514672624
XLOC_011417	-0.205580570587473	-0.588960305545857	-0.662894407262042	1.10854899240062	0.792463935429126	0.950412373027279	-0.419115745385655	-0.0361414276349663	-0.56620522374224	-0.609183613090627	-0.0502595544613262	0.286915546853159
XLOC_011424	-0.657583601075943	-1.54899644903424	0.104089104368126	-0.5706979623024	0.546999433190642	0.321759977793069	-0.756181689827019	0.0847912454364144	-0.0027318457862533	0.661828871274157	0.753088661522193	1.06363425444125
XLOC_011425	-0.189223101931744	-0.428924950308028	-0.283351732094839	-0.416322053343796	-0.711027449714955	0.0206879218023888	-0.499991137880414	0.422736301413673	-0.381578620854858	0.748640446973848	0.884653411895916	0.833700964042808
XLOC_011426	-0.175725512512472	-0.3385087297679	-0.760433815417741	-0.252875842360718	0.032410781909971	0.0816479236555345	-0.210589005191639	0.45133295340742	-0.398447933679146	0.480804084584824	0.502767479863155	0.587617615508707
XLOC_011436	-0.559286294369686	-0.640333675275659	-0.453300395279919	0.367010992266337	0.207672220264726	0.268522708990776	0.330716150643466	0.380910513396428	0.38210443409424	-0.0271765063654428	-0.151314276144937	-0.105525872220321
XLOC_011452	-1.04466845248788	0.0666133840047021	-0.0685091503213755	-0.206390037986746	-0.814262895623497	0.896325994725443	-0.798638426241321	-0.407823460177434	-0.973052790085258	1.05364066879814	1.23673951078294	1.06002565461229
XLOC_011457	-0.201670705520999	-0.603033017242529	-0.525944859054811	0.729884994597239	0.485662517242856	0.473821383304236	-0.290468795895606	-0.213152022323898	-0.0455454517469001	0.0870581298827151	0.0107453877358239	0.0926424390218727
XLOC_011464	0.300981695831828	0.106013437501017	0.19743785363737	-1.92512328928912	-1.8564511426501	-2.33282792537501	1.49650869999206	1.30917255423154	1.29564772083521	0.251700417384229	0.567658111668766	0.589281866232207
XLOC_011470	-0.23533836981661	-0.120897992474198	-0.067785423502877	0.177164188842414	0.465079823265227	0.285741757838873	-0.836741151188583	-0.398610156829053	-0.623777448721811	0.438869378616967	0.303987951694395	0.612307442275262
XLOC_011474	-0.921153320485579	-1.76327380404537	-0.0713484410170753	-1.21603608813003	-1.15596444177942	-0.847809071114442	0.48293883924857	-0.176103662056056	1.19060526089923	1.28179050759173	1.92711164957487	1.26924257131356
XLOC_011475	-0.344138108659131	0.0907629916683854	0.310312815796678	-0.406050585538646	-0.0791197084439892	-0.130711521214164	-0.169480803395386	-0.325658631374442	-0.687317602480869	0.532660711253685	0.692189043596333	0.516551398791545
XLOC_011483	-0.636300502591446	-0.538786076783871	-0.100402675992159	-0.114680528947037	0.575042868027077	-0.7206181995912	0.0518101877979893	0.266855645771768	-0.138955284685456	0.560306708338381	0.39185134014537	0.40387651851059
XLOC_011497	-0.249290015774549	-0.0741431987984491	-0.00211469481361259	-0.274094373418917	0.168442366493407	0.113539782835514	0.12643848357685	0.137035109138121	0.333186494054159	-0.161293183947825	0.0687136485821407	-0.186420417926835
XLOC_011501	0.524434949520994	0.237023804733142	-1.21140209187575	-1.21140209187575	-1.21140209187575	-1.21140209187575	1.28693196054277	1.86534043096387	1.02954352391647	-1.21140209187575	2.32513788157725	-1.21140209187575
XLOC_011509	-0.395905076943033	0.0980903703666334	0.173891360618228	-0.223673500906449	-1.90429938818174	-1.05498514303291	1.35678029822158	0.997693862369047	0.934362244021576	0.154766207671511	-0.497604447618041	0.360883213413598
XLOC_011513	-0.0132091508972447	-0.574272412946712	-0.2249769534571	0.992187696795498	1.06220048309454	0.57505978814539	-0.727013811812363	-0.224415098913794	-0.397316269874685	0.640254527426396	-0.275294221811745	-0.833204575748179
XLOC_011535	1.72073473559943	0.957557301889942	0.365160053299318	0.0141778527684862	-1.56556222360805	-0.885912518421376	0.0733410574199373	0.0514100440814786	0.0968489996105699	-0.430047735506671	0.356741830204646	-0.754449397337711
XLOC_011536	-1.31513483073548	0.23953565354739	0.149857350810624	-2.40400606354831	-1.54994595202932	-2.51892826718644	2.06402077866216	1.8739604276803	1.85247740544275	0.0708408193237595	0.557975446576571	0.979347231456001
XLOC_011537	-0.199885575474394	-0.36030949363271	0.689984055155484	-0.459687141276551	-0.392390518900605	-1.06462043229119	1.43339020922986	1.47941736412628	1.60379325299592	-0.287430051947454	-0.330204666149531	-2.11205700183511
XLOC_011538	-4.14687636807375	-0.877017852448194	0.746622049890568	-0.558379429694283	-0.493427666004271	-0.703452433350297	1.4694008491807	1.71153768472134	1.42565734141723	-0.453954363190574	1.350834032211	0.529056155340527
XLOC_011541	-0.189182906201682	-0.290268443283927	-0.436863566874771	-0.0885030673944511	-1.04264761968841	-0.0414605395319052	-0.295860463107019	0.143015503224709	-0.351504986082649	0.777973277009997	0.836017229643465	0.979285582286645
XLOC_011563	0.406746088701117	-0.129408190253143	-0.381751149622502	-0.120326973957665	-0.455182746511257	0.0195122863582524	-0.166001285460421	0.256529875339369	0.111049559229369	0.360871605377087	0.168316682496128	-0.0703557516963382
XLOC_011572	-0.2453439034085	-1.45665352558053	-3.61311839285136	0.519799918560967	0.586561548036442	-0.541188792649605	-0.0462121685567314	-0.164734931161645	-2.0953216616509	2.05132176468655	2.68630808089005	2.31858206368526
XLOC_011576	-2.45179905251231	-2.45179905251231	-2.45179905251231	1.13669788586715	1.20164964955716	-2.45179905251231	0.677572488865629	1.53680616863726	1.97438640024308	1.44748966512584	1.08474092094069	0.747853030812432
XLOC_011578	-0.268134091415828	-0.0596526713853454	0.0174354868023725	0.637569357366683	-0.28737664234454	-0.00678436158924178	0.567694685982817	0.222628634766791	0.329813754035174	-0.560105491577352	0.173529910553092	-0.766618571194617
XLOC_011583	-0.822595389007337	0.0881665661094413	0.680340700405408	-1.42692115070103	-0.669080126672315	0.322051375516623	0.446500824101792	0.734252876411982	0.00972842930260587	0.646784611555568	1.34664798667252	-1.35587670369525
XLOC_011601	-0.611186431158803	0.684194588212562	-0.392542589024448	-0.838904591739648	0.179754470266572	0.0907570891596068	-0.125136365078617	-0.344394213308871	-0.913182906959624	0.821480076228023	0.881234170916326	0.567926702486919
XLOC_011619	1.29920505967159	1.32490901116921	1.45419365688906	-0.691939329982179	-0.959471530489306	-0.485965335243071	0.391887544530061	0.453680852340799	0.752987491530779	-1.12111992655538	-1.3260428702326	-1.09232462362896
XLOC_011625	-0.816193776690706	-1.0302180687443	-0.150206978202138	1.06175973477555	0.55120327087367	-0.527060968036753	0.68411212626364	0.398766435264569	-0.635791897730699	0.469233633414886	-0.15335422989181	0.147750718704078
XLOC_011628	0.36868045605073	0.081269311262878	-1.36715658534601	0.542557532671772	-1.36715658534601	0.427635329033637	2.19974963894861	0.431528854445371	2.78436180431707	-1.36715658534601	-1.36715658534601	-1.36715658534601
XLOC_011636	0.261188680261068	-0.500419435935778	-1.03905358304151	0.702299637754981	1.30175650946086	0.299828446287112	-0.954279679876361	-0.434609815450771	-0.341299457076094	0.93508598103597	0.0681960975045595	-0.298693380924039
XLOC_011644	-0.620641232770358	0.303453216847368	0.480889848867818	-0.153698759044973	-0.692587660682382	-0.915846061527931	0.850321083954776	0.784664942278773	1.21000654980043	-0.480949657437458	-0.524698024921918	-0.24091424536415
XLOC_011646	-0.317114982035793	-0.821024916604046	-0.992732590350485	0.1040309375923	0.36531442458354	-0.234509713568922	0.38637592531247	0.743568810897689	0.618469314708975	0.0734390408660444	-0.401215979515849	0.475399728114076
XLOC_011669	0.00768773360469233	0.13827167351586	0.241049510988248	-0.281591100511418	-0.0921873635594643	-0.258677581517684	0.109214107553353	-0.00896898659920708	0.330707645427173	-0.0977664348670437	0.0407846646324845	-0.128523868666985
XLOC_011730	3.01187866146529	2.5941739312889	3.88085510313691	-2.24707689325976	-2.24707689325976	-2.24707689325976	1.117584256028	0.829665629579862	2.04830377805959	-2.24707689325976	-2.24707689325976	-2.24707689325976
XLOC_011731	3.04149812754247	2.85037923248479	2.68086491283121	-0.392986769233957	-2.30270088725174	-0.507908972872092	0.826670654126199	0.774041635587876	-0.0617552714595213	-2.30270088725174	-2.30270088725174	-2.30270088725174
XLOC_011732	-0.53896492787229	-1.24466464748385	-0.501575681666792	1.48203349091279	1.89281234235063	1.64399201170435	-1.89575434295852	-1.59996418830967	-3.55697486680511	1.45137608970894	1.08035285995526	1.78733186046426
XLOC_011733	-1.46336244584028	-1.74274266696719	-1.6679356919981	1.53641339415321	2.27254056222979	2.34230667743652	-3.59961934364088	-1.9099832592716	-2.81276210326555	2.29203184386781	2.40250157020084	2.35061146309543
XLOC_011737	-0.22154112404097	-0.405619720364579	0.00514644774894801	-0.0348676174217744	0.216426460773588	0.561742139639444	-0.913902271569162	-0.75303502716751	-0.298535001075285	0.132010500506004	0.585240735800713	1.12693447717059
XLOC_011738	-0.609995846896497	-0.842935294131358	-0.821763649456352	0.509772865396918	0.991703941137327	0.61900405032382	-0.635993375624654	-0.0163382007165378	-1.70614892961567	0.369022139431835	0.770255981783024	1.37341631836815
XLOC_011778	0.0196526328608417	-0.114856361147443	0.359184784592292	1.14297118574159	1.03547991675561	0.811389366162187	-0.26421519277072	-0.0574891661000185	-0.83165083399586	-2.12282313652811	-0.215340055658316	0.23769686008795
XLOC_011799	0.558717671136372	-1.17711937026037	-1.17711937026037	2.41137756811909	0.784820064269267	1.3931731538922	-1.17711937026037	-1.17711937026037	-1.17711937026037	1.62325878019674	0.291368983948572	-1.17711937026037
XLOC_011835	1.6716033765126	1.51787367445747	1.12439313223875	-1.98987168908358	-1.98987168908358	-1.98987168908358	-0.639314716888448	1.45851177260613	0.251073926708642	1.90941702855458	0.665928562144607	-1.98987168908358
XLOC_011841	0.285442271771096	0.221283546122699	0.502849818487814	0.282201278886053	0.0697051688468804	0.31578601953772	-0.437175191704476	-0.312193838753252	-0.387747227118099	-0.177557789898575	-0.174528379752243	-0.188065676425618
XLOC_011842	0.5136055285423	0.34963607184573	0.182371077414418	0.304777951128409	0.33768032019163	0.279124526242027	-0.649348840817297	-0.367970670909353	-0.0279206008765343	-0.128709495109375	-0.219273395458572	-0.573972472193387
XLOC_011846	-0.00176089313403072	-0.914397574183768	-0.588228241918689	0.524071525368536	0.747556695324112	0.282748476023814	-0.472933577406565	-0.574885889885572	-0.173398465972777	0.384855863091248	0.0811528018088294	0.705219280884858
XLOC_011847	-0.0437855940995755	-0.835532160509644	-0.268854788959636	0.844931461470654	0.264848454682439	0.420238382460897	-0.988517094520351	-0.557543482280132	-0.730444653241023	0.069454816808558	0.654808996470259	1.17039566171756
XLOC_011859	-0.734903697741315	-0.550223799181105	-0.134432533304859	0.119669888895488	-0.162035239800869	-0.472511543530072	0.105103520023587	0.452653173799287	-0.0028469932663473	0.566114528760557	0.560227851610615	0.25318484373503
XLOC_011909	-0.282002704622677	0.367174914372394	0.480107734982714	-0.0073421952793371	-0.677718312894308	-0.0662637149474596	-0.141896550245809	0.302400642367991	0.33623742683271	-0.169173293590411	-0.310544769962437	0.16902082298663
XLOC_011931	0.119763837789984	-0.42258447817623	-0.28304935475169	-0.729411357466891	1.11567612769032	0.537152085903616	-0.871395456879302	-0.627042255112846	-0.623942249724991	1.1577124232604	0.420488832598382	0.206631844869245
XLOC_011942	-0.979198095790562	3.07059968937897	1.77452193200816	-0.979198095790562	-0.979198095790562	-0.979198095790562	-0.979198095790562	-0.979198095790562	-0.979198095790562	0.60033929136794	0.489290258418383	0.919635499360488
XLOC_011944	-1.00676471959207	-0.170162753369322	-0.236741454043782	-0.22531687764462	-0.175628322227233	-0.343016813034557	0.381775977337788	0.148386289508871	0.207500191078233	0.409718494605291	0.452093842529822	0.558156144851574
XLOC_011950	-0.219509148702982	0.0644067005776927	-0.453727523877955	0.233360721816995	0.342529462300341	-0.0054602091512681	0.2100344637339	0.368057856828754	0.495775820911106	-0.539673963601969	-0.250553277971093	-0.245240902863524
XLOC_011960	-0.254797125825172	0.100675407569424	0.452461438507121	0.407817353784087	0.43640508002785	0.997196221572983	-1.2711537269043	-1.14532657831474	-1.16928511347164	0.132182612304934	0.469077718648586	0.844746712100872
XLOC_011962	0.721000567887595	-0.107923449958156	0.0701979781070099	0.774083430097485	0.560154063276168	0.924411770499172	-1.34338979496285	-1.52232378200722	-0.335389898900305	0.0578556583158365	0.0799458958508117	0.121377561794456
XLOC_011965	-0.203432830605291	0.255081875405296	0.44917144827854	0.865633437777144	1.34589422085365	0.418260696621578	-0.771785813664174	-1.38318493797116	-0.945604706365336	0.597472181854291	0.0683520635219184	-0.695857635706459
XLOC_011972	0.543968613737821	0.16809946562642	0.523616594889417	0.676559009906778	-0.0119901666862745	0.49042461697259	-0.853099769804145	-0.383324948450279	-0.638867614281912	-0.327661214578066	-0.137933714012329	-0.049790873320017
XLOC_011999	-0.992322227586357	0.456103669022536	0.551097748861143	-0.992322227586357	-0.992322227586357	0.802469686793295	3.05216419317426	2.08442029525326	-0.992322227586357	-0.992322227586357	-0.992322227586357	-0.992322227586357
XLOC_012018	0.828963848869209	-0.705000438092717	-1.48145685118957	0.373798684906259	-1.83194744297512	0.0877806900694047	0.472618030736201	0.74996904571593	1.45355179592224	0.440768738159643	-0.122724891471564	-0.266321210649922
XLOC_012061	0.00314407514366977	0.200155539918811	0.340895088909788	-0.00286917535579789	-0.116423052848788	-0.294276487562875	0.406921972626661	0.435700170257428	0.326757545781641	-0.417021128650402	-0.454789195264031	-0.428195352956102
XLOC_012063	0.952139757412146	-0.165207912647118	0.022772050355595	0.109417639459828	-0.0279753774850651	-0.134369295450386	0.653289342652107	0.383865299878487	0.442600803233024	-0.373955826852331	-0.475348216959017	-1.38722826359726
XLOC_012085	0.514683878983942	2.20657973029114	0.285448298058184	-1.98648326779505	-1.98648326779505	-1.98648326779505	1.14288827358289	0.588354994115538	0.254462347997171	-0.406945880636549	0.669316983433137	0.7046611775597
XLOC_012091	-0.313030778542005	-0.387921847997673	-0.378318994212566	0.3558670827368	-0.14228681778928	0.27019783910677	0.0782716622242372	0.100999940858831	-0.229945072378009	0.594931075145715	0.105795995626925	-0.0545600847797401
XLOC_012098	-0.574015468303495	-0.368169022436904	-0.0131940604611636	-0.155072417631004	-0.321312014080025	-0.08819859717876	-0.374728569547193	-0.245277077306547	-0.548934055528338	0.960229234513768	1.18418452902895	0.544487518930703
XLOC_012100	0.777653238494227	0.188338820172686	0.312821996851825	0.493582491326784	-0.0867734225304551	-0.497877983920866	-0.0111886665600345	0.341186097656123	-0.273176884910399	-0.0883220275123104	-0.589356104467162	-0.566887554600417
XLOC_012106	2.96012944460068	3.37812715962416	2.16901267876761	-0.945252142554717	-0.945252142554717	-0.945252142554717	-0.945252142554717	-0.945252142554717	-0.945252142554717	-0.945252142554717	-0.945252142554717	-0.945252142554717
XLOC_012109	-0.625184431951452	-0.0377791680106965	0.108022448463456	0.0115549188035011	0.156851959525805	-0.0344869055981762	-0.19376073395825	-0.589203582087396	-0.667160538907324	0.136849230822031	0.908732778929378	0.825564023969129
XLOC_012110	-0.266013528758242	-0.553806149745855	-0.917013563122401	0.492918059724829	0.967177059990513	0.67398307838595	-1.07449642603883	-0.454112540194141	-0.810694940411514	0.802677355366813	0.354682620621247	0.784698974181635
XLOC_012111	-0.988459486525438	0.295246364091096	0.662884482269692	-0.564955156637091	-0.729381037909766	0.311933165739465	0.307441975283643	-0.0948429302238623	-0.713444466892344	0.287203440978602	1.15577066698131	0.0706029828446999
XLOC_012112	0.592828762387966	0.402240319108047	-0.0267354829335416	0.489063068669228	0.492590765669708	0.725051174819029	-1.55507628671747	-1.25928613206863	-0.601605622184321	1.04249499483039	0.200538450049798	-0.502104011630205
XLOC_012118	0.190627240428947	-0.55013786532433	-0.307992349956206	0.882098375923715	0.827684891359896	0.00528370132495581	0.32929595294099	-0.200291725171152	0.351452583853541	-0.0352941273698368	-0.79682022478226	-0.695906453228265
XLOC_012119	0.682532630976416	0.63085317174027	0.570165611117679	-0.294357636246789	0.0742687067112859	-0.82657029927807	-0.305609931285831	-0.0801486908793736	-0.142783063329261	-0.155633288893549	-0.0737128895866537	-0.0790043210461269
XLOC_012126	0.945554106459197	2.63744995776639	-0.0121930638722965	-1.5556130403198	-1.5556130403198	-1.5556130403198	-0.205056068124664	1.01922522159079	1.16479720709219	0.759799486478418	-0.0871246861108512	-1.5556130403198
XLOC_012128	-0.683560524879328	0.0902989107254486	0.0866470169022122	-0.977177443996924	-1.12750056982922	0.0045506084560003	0.505855798168467	0.46912528751511	0.540988313438888	0.185616468860372	0.62430657231898	0.280849562319997
XLOC_012134	0.292667323930969	-0.488253754851907	0.361951559876927	0.609793231501504	0.716981790843573	-0.0880816594312979	-0.287209315847925	-1.0608285557209	-1.35546718902502	0.591050618117674	0.449679141745648	0.257716808860749
XLOC_012158	-0.525104631901368	-0.190965530778346	-0.570662028344358	0.186883954462687	0.161460248581916	0.269796480820489	-0.170383772717524	0.0339965113358742	-0.0834698260618039	0.142252473212584	0.11481171668443	0.631384404705422
XLOC_012176	0.412052557976465	0.0203044601418743	-0.318761196156299	0.951644202584927	0.648117126126495	0.513425895818623	-1.27412279178545	-1.12532109063625	-1.42071933926709	0.583341524416309	0.427790230652516	0.582248420127877
XLOC_012180	0.225981521803034	0.427026522218425	0.422236395413876	-0.374071734002852	-0.193459138052386	-0.044244556610689	0.0909229378043612	0.00139554417292409	-0.0594626713499604	-0.251301874432015	-0.371565620209555	0.126542673244831
XLOC_012190	0.871549279769343	0.906284493389568	1.04036517355982	-0.739476429952417	-0.868280106290682	-0.668223883969619	0.286829118172406	0.187414433932407	0.115775083564001	-0.217793076882372	-0.585136302571888	-0.329307782720571
XLOC_012194	0.42379404953293	0.136382904745078	1.4416770359349	-1.31204299186381	-1.31204299186381	0.482748922515838	-1.31204299186381	-1.31204299186381	-1.31204299186381	0.267494395294688	2.4290161978047	1.37910145349094
XLOC_012230	0.437274317884629	-0.0468351005529373	-0.639232349143561	-0.24252185692051	0.139986724494225	-0.39658029849297	-0.931051345022942	-0.0787810144488761	-0.787607192324284	0.491158070025032	0.373689168187425	1.68050087631477
XLOC_012237	0.687449778513142	0.425141331180082	0.965174142230978	-0.858216397432635	-1.00205076245815	-1.00893923927173	-0.13339100009785	0.38627886432774	0.056436923659211	0.62315622226679	0.238411519296704	-0.379451382214283
XLOC_012257	0.0268984533968446	-0.14027003066953	-0.0547582842125784	0.424464794951898	0.448115184593464	0.5722188328395	-0.66569769693208	-0.353844192055338	-0.641153864293265	0.481283116837945	0.191414829877592	-0.288671144334444
XLOC_012277	0.14365542517461	-0.411789486757364	-0.31365841149996	-0.601469112326194	-0.806182338456228	0.0945514944622357	-0.0698797496235724	-0.150253208165736	0.19228453083258	0.704063598438339	0.270161402723808	0.948515855197485
XLOC_012310	-0.0126698215757353	-0.190413892367645	-0.577128869856632	0.390367286195818	0.000627210581409798	0.581425480192125	-0.978745036603299	-1.2830201551512	-0.976244704981433	0.448305820120382	1.12179138840972	1.47570529503649
XLOC_012312	-1.52802434096657	-0.636243571449256	-1.00097032190317	0.819918059943983	0.54182419739	0.942879612611264	0.380455147466135	0.065448434576088	-0.532662108161878	0.228808917713644	0.517918617212389	0.200647355567375
XLOC_012318	-0.12143856059914	-0.338065968385811	-0.675120286102556	0.552283343520649	0.349778014491596	0.406619257296567	-0.502836313313445	-0.509632963676832	-0.651668562418687	0.494344261774373	0.478053720151383	0.517684057261903
XLOC_012323	1.3496676311917	0.0909729831467549	0.86063691925263	-2.84056372338411	-1.98650361186512	-1.30685390667845	0.178192243665584	-0.207327800021636	1.03219734203981	1.02308205812092	1.26371029291171	0.542789571620198
XLOC_012333	-0.11764050901004	-0.0963586089097177	0.202403051300875	-0.928357045609386	-0.346305969216211	-0.465758993932363	0.209357917431612	-0.187489758132348	0.470754436778402	0.350703784876626	-0.0654968904648214	0.974188584887376
XLOC_012337	1.26630381973293	0.75077550351599	1.23116300514695	-0.13708131669575	0.186193800213356	-0.290182982511555	-0.799664874537253	-0.152524146411388	0.353073386976539	-0.893888746376742	-1.05353044257011	-0.460637006482969
XLOC_012342	0.0919868347477044	-0.195424310040148	1.10986982114968	-1.64385020664904	1.63227958796009	0.926442317503529	2.25831593298978	0.154835233142346	0.597095409143182	-1.64385020664904	-1.64385020664904	-1.64385020664904
XLOC_012354	-1.39428174836053	0.485514422392172	0.158394777163275	0.296084557796401	-0.901168894171212	-0.2836652993043	-0.200012329499966	0.106972833363833	-0.191607062490147	0.581238152580614	0.856498878703832	0.486031711826027
XLOC_012357	0.063363936665576	-1.11888341983826	-0.48952013868681	0.067674969349401	0.137739091294895	-0.0535997738290863	-0.00357296444995381	-0.0481937702493429	-0.195326949338797	0.628452394297868	0.205415469046285	0.806451155738219
XLOC_012369	-0.651002433486817	-0.571893714777001	0.38345842333845	-0.421442406949878	-0.812693677345401	-0.781468663336691	-0.0755610733257441	0.289340520793845	-0.469576041543847	1.33553818799831	0.892824163542893	0.882476715091888
XLOC_012371	0.215501475109474	-0.523316275649404	-0.212894083110596	0.0767658921095826	0.0171816176288511	-1.24914921181584	0.842234040460895	0.481596499768228	0.306543274681794	-0.325922508472394	0.0813365599164628	0.290122719372951
XLOC_012372	-0.764646187967074	-0.075310614475522	-1.18264164921292	0.317998086929767	-0.0997110830276755	0.609018829769207	-0.0839945712424388	0.439008407403501	0.121541549754227	-0.0751145096729608	0.381945171682203	0.411906570059681
XLOC_012377	-0.221159445240437	0.317426110127808	-0.281430936184467	-0.489006666583959	0.0397330798069504	0.0395381679600257	0.749207172869463	-0.336889741518677	0.399995072712148	-0.227596722266531	0.324237385439739	-0.314053477122063
XLOC_012384	3.299820754221	3.3019820412262	2.9507762568746	-2.27350302786216	-2.27350302786216	-2.27350302786216	-0.922946055667026	0.301335234048431	-2.27350302786216	0.041909498936056	-0.805014673653213	0.926149055462587
XLOC_012385	5.00958978075829	4.41790595105438	4.30928715632053	-2.00375582003812	-2.00375582003812	-2.00375582003812	0.494578232380398	-0.205070380246736	-2.00375582003812	-2.00375582003812	-2.00375582003812	-2.00375582003812
XLOC_012386	4.54934371436608	3.68572851215261	4.32427451950602	-1.39548297178052	-1.39548297178052	-1.39548297178052	-1.39548297178052	-1.39548297178052	-1.39548297178052	-1.39548297178052	-1.39548297178052	-1.39548297178052
XLOC_012387	4.30975095446566	4.060947728182	4.78057128841243	-1.46125221900668	-1.46125221900668	-1.46125221900668	-1.46125221900668	-1.46125221900668	-1.46125221900668	-1.46125221900668	-1.46125221900668	-1.46125221900668
XLOC_012392	0.113555997121212	-0.324970498288353	-0.364513596572298	0.725775191789467	0.664259019776424	0.375864610799725	-0.359342535978508	-0.350999761430417	-0.155501426954054	0.203221110323939	-0.282569604865978	-0.244778505721152
XLOC_012426	0.780570932697783	0.441946029163585	0.504720248925961	-1.35073760312899	-0.363948141208629	-1.12020414737298	0.908959273332552	0.490669151560607	1.21884710134528	-0.870706077213255	-1.26546992863525	0.62535316053333
XLOC_012470	-1.12764239651245	1.50166892892415	0.415777579935049	-1.12764239651245	-1.12764239651245	-1.12764239651245	1.37069165590607	1.94910012632717	-1.12764239651245	1.18777013028576	0.340845957696495	-1.12764239651245
XLOC_012480	-0.317677825041332	-0.283461131688803	0.485777525408456	-0.297959908527337	-0.22862896707119	-0.304801581201853	0.390643012496183	0.0724701822044453	-0.0379218317368357	-0.0372242269583625	0.463478305515566	0.0953064466010591
XLOC_012497	-0.498903552586887	-0.486263270480888	0.0889933148088859	0.812961863891014	0.406880715652509	1.13355091797745	-0.8181294804171	-0.800074466772289	-1.12991640744082	0.398261422747973	0.149531160474524	0.743107782145621
XLOC_012520	-0.123817968900367	-0.537345939081258	0.00332790744453604	-0.2900363821494	-0.780557951750612	-0.0430893355436766	-0.380233547181853	0.365452825589414	-0.988532666100984	1.07782920441633	1.11057758799061	0.586426265267272
XLOC_012533	-0.900803832348715	-0.578368942348122	-0.279840419327429	-0.534599346646029	0.574926305537083	-0.163751879682834	0.640636332011166	0.225415422366609	0.870840788162509	-0.467629293392645	0.469861141777511	0.143313723890895
XLOC_012534	0.497425833538745	0.0612361783852222	0.155982994609445	-0.159803031763271	-0.137666710163826	-0.0881049839623103	-0.369743723987037	-0.57254007183982	-0.268527145851122	0.262587237053463	0.13679220471491	0.482361219265607
XLOC_012536	0.484890079169014	0.940430527221966	0.62376711359434	-0.703815384421016	-1.35022921412807	-0.0277869048048061	0.186262504981247	0.12747547486823	0.504833917439708	0.150288619446725	-1.15219354330567	0.216076809938333
XLOC_012537	-0.157992980200657	-0.18227452157689	-0.16229275494713	0.414878245502255	0.504848549909005	0.39482645390456	-0.547636310672791	-0.0544741486753022	-0.269474530855568	0.101828624310201	-0.0493278823798153	0.00709125568213764
XLOC_012540	1.43343464709619	1.07578316300029	0.812105639888573	-0.503003847263285	-0.962376499535916	-0.830261265704642	0.492933652548354	0.451715190622009	0.70717799742649	-0.641211791235426	-0.882719232918254	-1.15357765392438
XLOC_012551	-1.35886202624972	-1.35886202624972	0.18455795019778	-1.35886202624972	1.40491220328706	2.37971898864896	0.676836175317182	0.439823413541666	3.06732342650568	-1.35886202624972	-1.35886202624972	-1.35886202624972
XLOC_012559	-1.02835216585834	0.0805615156530681	0.741998265181449	-0.791045024742851	-0.255406299047733	0.0373322520871282	0.301279213213951	0.262840571804187	-0.0780771950127521	-0.0181454734397484	0.381224523391738	0.365789816769909
XLOC_012572	0.44071071039665	0.234987296523922	0.0796004078502444	-0.385875553844336	-0.493366822830324	-0.0536739751255446	-0.100322161058435	0.488504263764974	0.531959136675563	-0.302642245374348	-0.120232082021186	-0.319648974957175
XLOC_012573	0.811445335496598	0.706654546614371	0.59699899853455	-0.0668894186797031	-0.33442161918683	0.196333846321751	0.243914575072405	0.201753589336032	0.558047223020278	-0.610016920669942	-0.700992958930125	-1.60282719692938
XLOC_012578	0.769934310992563	0.824100797754489	0.695699258501502	0.28103760492048	0.947253051987457	0.452464670729682	0.280205664442332	0.499200674699832	0.28280885710154	-1.57182499108754	-0.704145991389685	-2.75673390865265
XLOC_012594	-0.417550988787608	0.344661561156348	0.222049469921933	0.031931759028387	-0.384723623719284	-0.334697198178761	0.350042262999205	0.298060226745376	0.476504781591374	0.0869150224532023	-0.169181293159867	-0.5040119800503
XLOC_012595	0.351762502851546	-0.0146705591759844	0.00217041127975826	0.218970972361115	0.327975727771436	-0.298775322134336	0.297416473705892	0.253977224911907	0.552312656636255	-0.438184865102709	-0.630313631532289	-0.6226415915726
XLOC_012684	0.301358864251104	0.313999146357102	0.979413371697704	-0.00661476854006704	-0.023031611299583	-2.14439768288454	0.116869348471113	0.270592435187101	0.540445781726012	-0.1695132933316	0.0185532638435166	-0.197674855477869
XLOC_012687	0.99008774358907	0.468977874619051	0.259316618999051	-0.337454902092716	0.141263190953461	-0.0354671290804962	-0.513069764176713	-0.359346677460724	-0.387251357479135	0.460674773098905	0.0489269126639602	-0.736657283633717
XLOC_012705	-0.0226624338980574	0.158389571012256	0.813257914413165	-3.28130564439571	-1.53757106034402	-2.62072723826093	1.97499047828505	1.41899966844202	1.5782878050457	0.41570930351125	-0.0791911996359085	1.18182283582519
XLOC_012708	-0.00184253903536824	-0.273819864726815	-0.507594361888631	0.83223936430521	0.597592329274425	0.322567289111236	-0.406118446422458	-0.702670303445955	-0.0938863822227987	0.187004214868704	0.0780888197051866	-0.031560119522732
XLOC_012741	-0.53916270761556	-0.448927170333439	-0.381830250697355	0.38772010372392	0.0976995274374124	-0.189852410711462	-0.414291603028828	0.09170800831878	-0.475560880766274	0.980605516236723	0.613005714441191	0.278886152994891
XLOC_012750	-0.427332991146898	0.017709795183789	-0.381434718826524	0.187781541769144	0.479881639723613	0.350157149149973	-0.715549432604388	-0.319573705694509	-0.827560353040123	0.452401627762412	0.467928416089465	0.715591031634047
XLOC_012752	0.212379973727577	0.240133982473987	0.176374178049086	-0.668123895549005	-0.557888586029986	-0.518143436515446	0.72169894413846	0.500261015974864	0.52562999833372	-0.0630033184632666	-0.00288449541155167	-0.566434360728435
XLOC_012754	1.13300584879596	0.478324312209824	0.171502432755103	0.309192213388228	0.00453557548452643	-0.0865530525046374	-0.0223023357204601	0.296653944955555	0.104447017527009	-0.483588903912763	-0.745433221112656	-1.15978383186569
XLOC_012770	0.852125701007046	0.893642523625606	1.33192448867335	0.0266248882566815	-0.444833397694137	-0.726952217672926	0.285367976033889	-0.125362398779311	0.0954506037324263	-1.09156506669801	-0.990876108847628	-0.105546991636984
XLOC_012778	2.58981670567723	2.56066377352877	2.33548986070842	-0.0269974776555255	-0.418248748051048	-0.631930768670164	0.557958301498643	-1.29376926072922	0.815640167224839	-2.79097439641034	-2.90202342935989	-0.795624727761723
XLOC_012781	3.171239771433	2.65865858137916	2.03134312877193	-1.99711755708244	1.27901223752669	-1.99711755708244	0.850963959316708	1.99148766406714	-1.99711755708244	-1.99711755708244	-1.99711755708244	-1.99711755708244
XLOC_012783	0.0764265279292697	-0.414422560261187	0.0282066154205491	0.412786505123291	0.0239576282827603	-0.10264700807277	-0.136433862082168	0.294248894718349	0.568676245082727	-0.114946994757213	-0.321762015671647	-0.314089975711958
XLOC_012801	2.27314228930799	-1.38833277628818	-1.38833277628818	0.521381341729605	-1.38833277628818	2.80445868778603	-1.38833277628818	-1.38833277628818	-1.38833277628818	2.85187964025363	1.26746747494001	-1.38833277628818
XLOC_012825	-1.05630060085592	-0.227295142008318	-1.32565981238352	-0.67758486864598	-0.2419363101609	-0.830686534461785	0.427251210791677	0.51823385618529	0.892805803142696	1.19198751045252	0.848571691655448	0.480613196288783
XLOC_012843	-1.28766251341666	-0.462374004773332	-0.807046772560402	-0.522518691447196	0.102790700306742	1.25797142492719	-1.52606546148158	0.398860230797514	-0.663731776322093	0.381053407812018	1.19141331803155	1.93731013812625
XLOC_012844	-0.275118988244397	-0.672033640777863	-0.497620008072139	0.332201606524569	1.00016662455363	1.27027741532408	-1.08125166084766	-1.50568584419667	-1.12798867845641	0.659748534932247	0.893433605553248	1.00387103370736
XLOC_012845	-1.86642097234649	-1.86642097234649	-1.86642097234649	1.72207596603298	1.40970882226265	1.87216004255219	-1.86642097234649	-1.86642097234649	-1.86642097234649	1.58560769518301	2.35647463532152	2.25249867272658
XLOC_012847	0.791743901824354	0.821229948353	0.675548671698593	-0.872472707444798	-0.490301975568501	-0.242499158412953	0.341632925288685	0.30132430336398	0.297213336035886	-0.689825768630964	-0.497682874592705	-0.435910601914571
XLOC_012880	2.68681926500112	3.4682361529621	-0.974655800595057	-0.974655800595057	-0.974655800595057	-0.974655800595057	0.375901171600075	-0.974655800595057	1.26628981519717	-0.974655800595057	-0.974655800595057	-0.974655800595057
XLOC_012881	2.47429562678137	3.13619986336407	0.356240537632693	-1.18717943881481	-1.18717943881481	-1.18717943881481	0.163377533380325	-1.18717943881481	-1.18717943881481	-1.18717943881481	0.281308915394138	0.711654156336243
XLOC_012884	-0.271005191478053	-0.165507695092216	0.292168540440741	0.788320954877034	0.437832129331436	0.343279071505143	-0.718858841298501	-0.328043875234614	-1.43546821613328	0.212628588721298	0.390627135763385	0.454027398597631
XLOC_012891	0.00194035308249951	0.19950304563609	0.556548567396004	-0.881181918511646	-0.66648824819891	-0.418583866834624	0.69456314197899	0.88420323767657	-0.179140814774327	-0.0247626422374587	-0.319143428412947	0.152542573199761
XLOC_012894	0.387176853338445	-0.034789388388889	-0.0791361099770898	-0.607520658739521	0.363774218845426	-0.0183939224531793	0.668671524633913	1.0114619795406	0.86454774198024	-1.36432808842051	-0.260387801832692	-0.93107634852674
XLOC_012898	-0.724136547158953	0.0073231811747867	-0.0945592840518188	-0.62294383281425	0.190914030282586	-0.921823554191203	1.07115230543489	0.517170313467851	0.77964698786758	0.147181204713392	-0.0793581861432573	-0.270566618581598
XLOC_012904	0.765736981367186	0.561850702478893	0.637281490150456	-0.111545259380507	-0.16431416612547	0.182188726986609	-0.879317551432285	-0.957308666665549	-1.07839926724128	0.236888210889773	0.331141286720091	0.475797512252083
XLOC_012919	0.612224142096292	0.888694161097305	0.288999426691158	-0.26694238841592	-0.633576147485794	-0.421958891800723	-0.358603533753659	-0.159914838862445	-0.279341307062903	-0.124963134526034	0.261254341502407	0.194128170520311
XLOC_012922	1.1121540231349	1.24029820179251	1.36470690415463	1.31468945954207	1.37476110589269	-1.38901312364409	-1.38901312364409	0.409672316147295	0.128783607556363	-1.38901312364409	-1.38901312364409	-1.38901312364409
XLOC_012923	0.352530154745811	-1.05478212694884	-0.570431904119711	0.938278091526511	0.846096142734784	0.805735723788794	-0.105084225563881	-1.08672804084478	-0.5592006985419	0.44466957521034	-0.0422494082422	0.0311667162550755
XLOC_012930	-1.10439452316232	-0.136643205307998	0.192655217648728	-0.149240504232033	-0.485627432300825	0.0503766093659639	0.319655978730532	0.631527513480355	-0.0288967389389452	0.45932613466889	0.892979701893662	-0.641718751846017
XLOC_012948	1.90924841993412	0.780138756898798	1.82375482641211	-2.20470585944226	-2.20470585944226	-2.20470585944226	-0.854148887247127	0.370132402468331	0.874951458591395	1.24732280808723	-0.0237207927305714	0.486438585912492
XLOC_012951	0.587518689280988	0.254547398300729	0.0719906440582481	0.314400348141638	0.0367794458290067	0.290523675472481	-0.375288880255109	0.104772681567821	-0.164341790392579	-0.331798227637053	-0.667778054936473	-0.121325929429698
XLOC_012966	0.0689041272113178	0.717739630941148	0.460490384835541	-0.284603970395532	0.260285081783782	-1.0838732392793	-0.485127410170244	0.185508256017697	0.348064049694685	-0.246256896070292	0.233950382494346	-0.175080397063158
XLOC_012969	0.470947983770721	-0.51084558405323	0.0298282624725639	0.627469311457534	-0.35878421739793	0.701413452211693	-1.82436599623244	-0.572991040384079	-1.58669223642881	1.37806888666633	0.486404685032267	1.15954649288538
XLOC_012985	-0.732722138059511	0.447053620892967	-1.27993238233336	0.575323153762469	0.364030499510577	1.57714471129415	-0.827290979361059	0.294559878345432	-0.787612374325222	0.35284248916239	0.291881079693787	-0.275277558582624
XLOC_013009	-0.776912067897494	-0.776912067897494	-0.776912067897494	-0.776912067897494	-0.776912067897494	1.01787984648216	2.96733995148562	-0.776912067897494	-0.776912067897494	1.53850045890072	0.691576286311451	-0.776912067897494
XLOC_013010	0.0633175665359813	0.537124151446946	0.375584906948679	0.0687167740785961	-0.339876706681085	-0.496309963251362	0.5946708346698	0.529014692993797	0.498664748349663	-0.870888254151059	-0.129675016220527	-0.830343734719428
XLOC_013019	-0.670192619042058	0.092242466506308	-0.0861216376600051	-0.252289040627967	0.280789843397838	0.197594095170206	-0.673589632473324	-0.283477205750067	-0.509673239431807	0.574435701765355	0.626231363516847	0.704049904628673
XLOC_013021	0.202781501104484	-0.213119512553001	0.199452680007791	1.25902704932627	1.01171813915386	0.55683511366885	-1.50423450172684	-0.880290429865025	-1.78923833298094	0.252472833175927	0.383344349573113	0.521251111115518
XLOC_013030	0.17142774841378	-0.115983396374073	1.54985552833937	-1.56440929298296	1.19936493655381	0.230382621396687	-1.56440929298296	-1.56440929298296	-1.56440929298296	2.12851271190021	2.65848631468504	-1.56440929298296
XLOC_013038	0.175941270835027	0.400732831030114	-3.13705867645552	0.724162879970295	0.357529120900422	-0.941897638004344	0.632501734632556	0.665212065324808	1.44778874643098	0.169637614753033	-0.327119635124244	-0.167430314293131
XLOC_013039	-0.934895315208096	-0.85578659649828	-1.0203889087301	1.07907310575639	0.601612296909472	1.13344400659085	0.567427622669973	0.38221920338158	1.04046339829233	0.152679584323459	-0.969396772031024	-1.17645162545656
XLOC_013048	-0.265681549189639	0.130341873297733	0.125578475858146	-1.04569635713409	-0.0883628081947458	0.0512071376662391	0.293497993005539	0.109671339278991	-0.29859467186817	-0.179897000641864	0.437864510810264	0.730071057111594
XLOC_013050	1.25915018967068	0.41381949936881	0.927098676877932	-1.15076368198826	-1.4631308257586	0.0766371793270553	0.113832730246886	0.081900578313741	0.371083311847697	-0.659464021651614	-0.0531823370182556	0.0830187007639367
XLOC_013052	0.312560290405275	-0.623015962140886	0.202019871881874	0.0231250930983888	-1.67026546971063	-3.15160334994011	0.187098571516509	1.03032291035944	0.568509019576097	1.521285943947	1.59121993060073	0.00874315040631402
XLOC_013053	-0.165674206604458	0.482200041353631	0.997292537262536	-2.16134167574207	-0.417607091690379	-0.999126193558102	0.33162171680491	-4.07105579375985	0.58578150464101	2.11073572512935	1.7307958019682	1.57637763419523
XLOC_013057	-0.458763867032607	-0.258410120085004	-0.0816319903713438	-1.0630896287263	-0.542820911294353	-0.149858676919127	0.638113843352577	0.489920723743039	0.282704274522242	-0.0589719184395321	0.630325794285024	0.572482476965392
XLOC_013059	-0.263076244895079	0.389707451594685	-0.186338260812521	-0.644551886525149	-0.739800076801707	-0.285759210977524	0.606686710820601	-0.280456163357126	-0.304414698514028	0.490133528598576	0.756062083614856	0.461806767254419
XLOC_013064	-0.0125596035070883	-0.320457010775899	0.325804900490868	-0.196484951432374	-0.499582953617934	-0.102969287930046	0.288786174749752	0.556111586605154	0.0581393773651211	0.298238759568322	-0.289381263157376	-0.105645728358494
XLOC_013067	0.369382500774266	0.353945553462868	0.918992391912202	-0.37071204103361	-0.557023858899058	-0.0361882750173583	-0.148938652165232	-0.773161957699688	0.741240635945596	-0.260389860792878	0.0357913605839384	-0.272937797071048
XLOC_013113	1.14586292724213	-1.35530421953686	0.916627346316377	-1.35530421953686	-1.35530421953686	-1.35530421953686	-1.35530421953686	1.72143830330276	0.162492511663596	2.88490819700495	1.30049603169133	-1.35530421953686
XLOC_013155	0.591355983963995	0.312171269856492	0.456814113123484	-0.367508206113061	-0.298836059474044	-0.920990897760103	0.919025755448	0.679047834618547	1.06974727892364	-0.422224794108717	-1.23581959711225	-0.782782681365983
XLOC_013161	-1.79175974435378	-1.79175974435378	-1.79175974435378	1.42113073461365	-1.79175974435378	0.778532779798788	1.57290140493398	0.00692569543760424	1.57528555682779	0.523652782444433	0.389225322357906	0.899384701000969
XLOC_013162	-1.22043463329614	-1.22043463329614	0.322985343151365	1.48326794989003	-1.22043463329614	2.76305341623037	-1.22043463329614	-1.22043463329614	-1.22043463329614	3.29533676194628	-1.22043463329614	0.678398961854915
XLOC_013173	0.292968840370225	-0.29973813598582	0.313758402735552	-0.214626146026879	-0.456276854211532	-2.48093765027142	0.470859184959261	0.29446054380384	0.403646508785385	0.495390612339214	0.750621421304068	0.429873272198108
XLOC_013181	0.124137200869193	-1.05681871683071	-0.363890925639717	-0.814621639837565	-0.9952769157321	0.101454234786748	0.365440436285684	-0.126378752568421	-0.401418287986468	0.975188392815679	1.02644089459181	1.16574407924587
XLOC_013182	1.64633804265999	0.804217559100205	2.83628177648895	-1.35224730817062	-1.35224730817062	-1.35224730817062	2.214658916124	0.446438131620763	0.165549423029831	-1.35224730817062	-1.35224730817062	-1.35224730817062
XLOC_013237	-1.67521298858644	-0.722150475753058	-0.702481063161953	0.0632278324505045	-0.273091767732093	0.690349028569601	-0.13864166333566	0.0523636471736291	-0.517505976052682	0.899457131912877	1.070169138984	1.25351715553128
XLOC_013250	-0.432093536864829	-0.113991475595532	0.0541492863872008	-0.192074428196252	-1.35220344276729	0.230418156696712	0.339548932294607	0.424069969346617	0.574050829908552	-0.325143891491821	0.125010706296132	0.668258893985901
XLOC_013260	-0.359372838691397	-0.1704874517287	0.192562709318808	-0.0651769166629999	0.00522264368326741	0.141436831873386	0.187283095763578	0.275312220464081	0.350510525333555	-0.340467199164697	0.0873568979437911	-0.304180518132678
XLOC_013277	0.219941857793807	-1.53062483991754	0.0681795693515763	-0.171955150345283	-0.104658527969337	-0.322677992184383	0.852694394139416	0.305691742422873	-0.0892840035031996	0.902838868017789	0.266403893379817	-0.396549811185534
XLOC_013281	-0.607555279333987	-0.376269225039843	-0.0827367442340448	-0.456134583228296	-0.0711405039597377	-0.611386469746847	1.13421428339614	0.694420424549073	0.137558698748602	0.0625936115399304	-0.196343645795453	0.372779433104464
XLOC_013289	0.434853844338812	1.06359976169183	1.1745730386143	-0.794955631831034	-0.100462163940906	-0.945678473670133	1.23927102248391	0.838248236934861	0.950843055132454	-0.753908936854492	-1.84031178428317	-1.26607196861644
XLOC_013291	-0.468260427368729	0.571484512026532	0.463589763785152	-0.616470247065059	-1.21540274302101	-0.818789077333122	1.30879579066578	0.933528867122303	0.852270034944099	-0.5041669756056	-0.330397278191929	-0.176182219958421
XLOC_013292	1.13705184248417	1.40832500727911	-0.318113531898947	-1.86153350834645	-1.86153350834645	-1.86153350834645	0.174164693220455	-0.0628480685550605	1.95042429522911	0.938844642110664	0.319451558365241	0.0373000868046036
XLOC_013300	-0.789008068320296	0.0046065559168742	0.126907687537811	-0.289011752637329	-0.496402007145024	0.171926546427802	0.504268556121113	0.305126623719154	0.356968368458308	-0.160211644462755	0.23214564589102	0.0326834884933298
XLOC_013306	-0.446269052849031	0.3790194557943	-2.27062356584439	0.318874769120435	-1.05026931275511	-0.370619607568439	0.588633968272875	1.24025369136515	-1.0936332948799	0.265753056424225	1.2977850204857	1.14109487243419
XLOC_013310	0.604664662143774	-0.034844616128419	0.221171732362762	1.00240931844906	0.352346617228994	0.814575685877907	-0.635378777714841	-0.327163830894216	-1.63051350456961	-0.283339057802189	0.107058636562244	-0.190986865515465
XLOC_013318	-0.0965354243656638	-0.522556507794421	0.314482929490742	-0.299405924853677	-0.318691208190812	0.16528655854527	-0.00769439581627918	0.329979334897535	0.0418132526875192	0.426440844970648	0.238369227490471	-0.271488687061329
XLOC_013319	-0.0437359576440857	-0.4892765486843	-0.590357174094028	0.265242109878021	-0.0182336269767678	-0.164665402516352	-0.319114346744442	-0.494154670466668	0.0263185635028043	0.933596673340181	0.319901253022441	0.574479127383201
XLOC_013329	-1.35272480684109	-1.35272480684109	-1.35272480684109	-1.35272480684109	3.55217037396066	1.21756771731148	-0.00216783464595571	0.445960632950298	0.888220808951134	-1.35272480684109	0.115763547367857	0.546108788309962
XLOC_013343	-1.9115395834567	-1.9115395834567	-1.9115395834567	-1.9115395834567	0.852234646080078	0.658752940695869	1.99062655618212	-1.9115395834567	1.16811773457695	1.54048908407279	1.38661857000448	1.96085838567121
XLOC_013346	-1.2738082128895	-1.37172418670681	-0.613122016477993	1.02040996016423	0.92320730397604	1.27182572545435	-1.07467647803774	-0.0986326609521013	-0.490064312669278	1.0783484940888	0.314680671656297	0.313555712393717
XLOC_013347	-1.76319768840821	-1.76319768840821	-1.76319768840821	0.940504894777952	0.198741746121432	0.0315942259714437	-1.76319768840821	1.31354483443141	-0.245400957207754	1.39949011336151	1.9778615012603	1.43645439491654
XLOC_013350	-0.517879765041076	-1.72918938721311	-1.6137226886307	-1.18195167129777	0.314025686403866	-0.442230319760484	1.68430029954494	0.657295786896328	1.44110447758546	0.354558162057875	0.800424028865538	0.233265390589128
XLOC_013351	-0.364800886458191	-1.25621373441649	-0.504539225796941	-0.835198446761336	0.0698910156297794	-1.22953574327499	1.0785579817563	0.950664011352178	0.424125856052671	-0.0217999105620654	0.284123242414051	1.40472584006502
XLOC_013354	0.141541652854315	-1.59429538854243	-1.59429538854243	2.74921891737088	1.6818344060667	0.200496525837222	-1.59429538854243	-1.59429538854243	-1.59429538854243	2.64591702799938	2.14676380112608	-1.59429538854243
XLOC_013364	1.35395076541904	1.08510202990265	0.982720625688879	-0.793278023989489	-0.0731709549553816	-0.533661413166114	0.122635111147167	0.123078058398749	0.0228087139318767	-0.887182665566848	-0.819022428516284	-0.583979818294257
XLOC_013387	-0.897516037267284	-0.385585117355577	-0.0285395955956629	-0.34533010347273	-0.779977969054441	0.252379070714754	0.299775176576293	0.689457749360848	0.00972599501651672	0.343265829194348	0.885532563379498	-0.0431875614965618
XLOC_013393	0.320026332864266	0.88450854703169	0.5957965199255	0.215720029525471	-0.742939766648073	-0.336387858006643	0.122819136210851	0.106518301208895	-0.43073409957809	-0.643289615418569	-0.108841481391483	0.0168039542761864
XLOC_013394	-1.08174930831463	1.54756201712197	-1.08174930831463	-1.08174930831463	-1.08174930831463	-1.08174930831463	2.04762223306331	-1.08174930831463	1.15919630747759	1.71862884214248	1.09923575839706	-1.08174930831463
XLOC_013409	-0.213403151283135	0.00182571805403953	0.0791733643672465	0.315980219059348	0.276134950447481	0.0574594104932746	0.326562472047875	0.426847991084344	0.351654389519396	-0.629899343480518	-0.519789379507232	-0.472546640802129
XLOC_013410	-1.33077275824837	-0.812506628019136	0.23753530231853	-0.0686477401302694	-0.119429387629847	-0.623079260455468	1.08289934553607	1.02033981038703	0.400659542942688	-0.0220608525806609	0.207000504311527	0.0280621215678964
XLOC_013442	-0.395326600476464	-0.0846014053975637	-0.168050781060629	-0.226746041903606	-0.126662292431172	-0.138117622517932	0.244603085663831	0.213257793918993	0.105743753438503	-0.0453698719806699	0.279666205427361	0.341603777319346
XLOC_013453	-1.19665258230749	-0.1101208544352	-0.0487948292188749	0.780471235671297	1.01526634861572	0.476394348599923	-1.12460242097806	0.134608103200855	-0.660829891819207	0.278733918231174	-0.000162050096581545	0.455688674536444
XLOC_013454	0.426154380398021	0.734586555634047	0.464323386325415	-0.252434486940106	-1.03478255950103	-0.52120413318742	-0.0494470377901779	-0.0854506750999304	0.394828078639266	-0.00347393477265356	-0.261804882201006	0.188705308495578
XLOC_013486	-0.142397044835966	-0.172094781230722	-0.478330109403729	0.491872275786891	0.327446394514216	-0.00453339674841757	-0.461622972666179	-0.97728029303802	-0.576700843485685	0.436103681571714	0.637124003925309	0.920413085610586
XLOC_013506	-0.671885975911881	-0.188208506349817	0.46954215394364	0.959865188721452	-0.409278893154096	1.64284467700391	0.571198896692244	-0.598214860780284	-0.932107506898652	1.34271827255154	-1.70456476848193	-0.481908677336123
XLOC_013509	-0.204144329081183	0.559505200693097	0.702955951891189	-0.13478275659897	-1.00858392319887	-0.678544575741849	1.3153439947913	1.31468554941086	1.30367410814561	-0.582236026552234	-1.12549265181534	-1.4623805419436
XLOC_013512	0.102483298332164	0.453009534961273	0.708539470015827	-0.689924476575238	-0.266138570308694	-1.31395981168013	0.856880966265448	-0.336955100085152	0.130805225072562	-0.450841387498236	0.0933533063675824	0.712747545132594
XLOC_013517	1.80596760010943	0.255808145887705	-1.19261775072119	0.717096367296599	0.769321683808453	0.602174163658465	-1.19261775072119	3.00533854356647	-1.19261775072119	-1.19261775072119	-1.19261775072119	-1.19261775072119
XLOC_013552	0.33053610379427	0.641681169910554	0.24602822464465	0.187916509579567	-0.345333391280511	-0.142744426281552	-0.574475103164285	-0.26626015634366	-0.603552668548122	0.471885925492316	0.56900964834913	-0.514691836152359
XLOC_013557	-0.484834167213804	0.189089817481531	-0.756667948889488	-0.530043970777195	-0.462017778099944	-0.0674459191001722	-0.220150295540376	0.0347023598726226	-0.924864809946863	1.59185937025153	1.20318539527329	0.427187946688872
XLOC_013559	-0.144012500869412	-0.219916691195062	-0.0486586464396304	-0.227177710343049	0.136714503428529	-0.0372648522705479	-0.77054752956799	-0.450977446741943	-0.597490523276308	0.771555331811141	0.797436847731586	0.790339217732685
XLOC_013567	-0.14390395563949	0.336969034800058	-0.00552300304885289	0.27945841841726	-0.120425612394524	0.358710041175851	-0.971349750515091	-0.510268322624591	-0.709842593034913	-0.0517645351749607	0.635447901070028	0.902492376969221
XLOC_013571	-0.901773192116093	-0.795933681619844	-0.412905221431741	-0.329646808482299	0.170714399813558	-0.296816681787146	0.150813345430792	-0.125515423741708	0.0955969158169498	0.830496702098273	0.927620424955087	0.687349221064165
XLOC_013572	0.568975480792336	-0.0598097177695927	0.480864128756202	0.588505327340449	0.255526031839516	1.07995777925773	-0.458215250566129	0.318459527354722	-2.26175605553453	-0.262489254784938	-0.423248848773301	0.173230852087527
XLOC_013576	-0.0250876907437503	-1.11410660161286	-0.236855493303605	0.342055029780376	2.21261126892936	1.55354020295053	-2.8192809203272	-2.21897897503664	-1.37198176540701	1.09275189600003	1.12150366890553	1.46382937986525
XLOC_013577	-3.53072993548029	-5.26656697687704	-2.15230215555471	2.56063811716778	2.38314584411376	3.17119300610196	-5.26656697687704	-0.577809894875918	-3.02562136108481	3.83121236980506	4.09634548556614	3.77706247799509
XLOC_013579	-0.257222662440288	-1.7302663422864	-0.686650272773083	0.780508752272448	-0.304300030338195	1.00906957497073	-2.67941275706055	-1.63836843578783	-2.47416534283523	2.12230465045297	2.81471853734052	3.04378432848491
XLOC_013580	-0.116352730672211	0.308232228377157	-0.0531830049348221	0.121878512226793	0.254619026802547	0.625761107167531	-0.971333632184107	-0.478736264570895	-2.01246917922317	1.15617562381513	0.76706100222468	0.398347310971372
XLOC_013615	-1.79383633732302	-0.787258120560961	-0.652408207467497	1.20061622679789	1.35545840739193	0.954621545386501	-0.728097259807384	-0.846620022412298	-0.688418654771546	0.74148692656953	0.0583555336767647	1.18609996252008
XLOC_013616	0.00297784325894934	-0.161741789991294	-0.275287877945613	-0.682779261671006	0.253356633085433	0.296090962575175	-0.413615283171159	-0.374533556173351	-1.12654403824722	0.792232864754576	0.757218638116301	0.932624865409214
XLOC_013617	1.11612223470898	2.58959856981478	0.502067773064844	0.452050328452286	1.02447753987526	0.318640269418694	-0.901095282538743	0.825090268105744	0.828005063299779	-2.25165225473387	-2.25165225473387	-2.25165225473387
XLOC_013621	-0.0387613636134327	-0.463768608595433	-0.13824858022914	0.742208055087627	0.70214907492637	0.530316813926857	-0.657706476262013	-0.113929575143993	-0.857668288856407	0.135669782518908	0.370811100604779	-0.211071934364123
XLOC_013672	-0.903664776238862	-0.903664776238862	0.639755200208638	-0.903664776238862	-0.903664776238862	-0.903664776238862	0.44689219595627	-0.903664776238862	0.614131954961592	-0.903664776238862	2.83739441342965	1.78747966911589
XLOC_013687	-1.30623190039556	0.848652292626875	-0.77013737593907	0.170821537175131	0.234060852816827	0.0298606584094481	-0.543734889373785	-1.24338350200092	-1.52427221059185	0.409959725737187	1.91419443219636	1.78021037933936
XLOC_013714	0.314367224504869	0.321533094195102	0.237563818513479	-0.18478285541396	-0.202919835914903	0.0385507897477115	-0.0237747018555137	0.161294459879935	0.308281804085615	-0.456252888145096	-0.391266925882206	-0.122593983715042
XLOC_013746	-0.0124629842893587	-0.245850295105836	-0.64251935369191	0.749127986171635	0.519195301849917	0.514639570607159	-0.589208384796647	-0.384287361323857	-0.477816551919517	0.371741781950341	-0.000823141226176105	0.198263431774246
XLOC_013777	0.8167280277631	0.802987293273541	0.0900742427857195	-2.18185732306752	-2.18185732306752	-2.18185732306752	-0.146159121500614	0.894885199772103	1.42472750626295	1.27017134446198	-0.000872256355828327	1.3930297327396
XLOC_013785	-1.01496341067599	-1.01496341067599	2.09930141064634	-1.01496341067599	-1.01496341067599	-1.01496341067599	-1.01496341067599	0.783722029115397	-1.01496341067599	2.88432530696217	0.453524943532956	0.883870184475061
XLOC_013877	0.0153805138440672	-0.331881517010048	-0.250031541025748	0.570795292974955	0.186922076733111	0.147751724275414	0.705332146396602	0.558502730916807	0.786966069120657	-0.212308703592325	-1.04735099409604	-1.13007779853746
XLOC_013879	0.261365665595916	-0.0771655608507995	0.021450703424561	0.58585733879884	0.447022424350601	0.0616174294549747	0.145382877990688	0.0875104087105854	0.0775629566035896	-0.402206436647909	-0.585996632684477	-0.62240117474658
XLOC_013881	-0.460280344951812	0.489896844125696	0.555924061491692	0.0492493519970241	0.0328325092375081	-0.379157934904859	0.172733469008204	0.444760677608313	-0.205198765001499	-0.113649172794509	-0.348220611766958	-0.238890084048799
XLOC_013886	1.1030483982395	0.810067439049226	0.777264224978292	-0.958835013503537	-0.892073384028062	0.490906125668619	0.569410540527263	0.703662469519473	0.363123358293509	-0.455716373277638	-0.618756543875529	-1.89210124159112
XLOC_013889	-0.00750418072537418	-0.158421177939276	-0.0515482776319089	0.233447277022082	0.255919548968672	0.12170218759077	-0.567632240701986	-0.596196871806207	-0.762133905463872	0.444818277402251	0.692075081804902	0.395474281479952
XLOC_013952	0.585343188688078	0.139201745797465	0.524340528760957	0.180478712873642	0.100890006002942	0.345516022129853	-0.621168536927216	-0.0118923459436218	-0.0490868299220786	0.0132377163780202	-0.31122992664645	-0.895630281191599
XLOC_013953	0.691015838908661	0.525448398065532	0.528227048869159	0.507090490983376	0.462937970314928	-2.23319736664719	0.0280696647084531	-0.421673460231816	-0.0486666404350284	-0.0698922354458968	0.414194179258373	-0.383553888348549
XLOC_013957	-0.568955437604149	-0.815303084561136	-0.676571785071096	2.03656628559769	1.2139451398706	0.859079663867517	-1.50043972044291	0.18919636392637	-1.05314306615511	0.25626761445986	-0.642205262062657	0.701563288175019
XLOC_013959	-0.896391501273378	-0.896391501273378	-0.896391501273378	1.01332261674441	-0.896391501273378	-0.896391501273378	0.454165470921754	-0.896391501273378	0.621405229927076	3.18340509744274	-0.896391501273378	1.00244209387767
XLOC_013972	-0.392722887952734	0.144787478449024	1.36825482213753	-0.165186163695806	-0.0984245342203307	-2.50331256072848	2.98739537005701	2.48426425357897	2.44634485052465	-2.71856708794963	-2.82961612089919	-0.723217419301015
XLOC_013989	0.101794618692974	-0.131991877620523	-0.247086602820058	0.132532057839462	0.227311924135732	0.092425116860996	0.0745017392481788	-0.131559858417937	0.151471214148572	-0.0229547600070639	-0.00597242810010279	-0.240471143960226
XLOC_014000	-0.382524755322339	-0.58325122467854	-0.463372521908969	0.497709452950478	0.46539560197545	0.435108735140521	-0.360435687961785	0.0236700590360641	0.111209861326195	0.431493069711447	-0.151943766063569	-0.0230588242049574
XLOC_014005	0.231807302945477	0.362256131795881	0.478156540175915	-0.0808324410454873	0.0558400365029144	0.213192809073101	-0.299388390678082	-0.225670947255958	-0.0201194073223938	-0.217585235681415	-0.212396014759992	-0.285260383749957
XLOC_014024	-0.634471733641132	-0.226794144750169	-0.154234894821389	0.0493069537145239	-0.211803731301281	0.424035136357485	-0.375902650438313	-0.168675226864357	-0.280483007361639	0.648973185246769	0.69810581515933	0.23194429870018
XLOC_014027	0.902773446812791	0.755321529793269	0.869401329389503	-0.407872787830689	-1.26354290128937	-0.745744632429242	0.899348769856931	0.760462295975183	0.984833070475435	-1.05190489804444	-0.7339438924435	-0.969131330265869
XLOC_014029	-0.91849185398332	-0.460164912679605	-0.174020086066585	-0.215986479056473	-0.22187206721874	0.224115873680121	-0.0603198468106863	0.12814738402886	-0.507906386712942	0.744841786192592	0.826565670650079	0.635090917976705
XLOC_014061	2.0157481809277	1.59162360926559	1.64477656599607	-0.33800486510256	-1.46046675436131	0.591656815796695	0.971598386823492	0.46451609810303	1.50854043808736	-1.90882845709987	-2.75575262968914	-2.32540738874704
XLOC_014062	2.04858605596414	2.6328428044504	2.00012535908318	0.0657689753087256	-1.00161553599546	-0.834321395881137	1.62683582056487	1.15332346736146	2.12924936958119	-4.27774533060459	-1.2653042592282	-4.27774533060459
XLOC_014067	0.13466302990162	-0.583748937956826	-0.213657613208515	0.374966565761194	0.34161450508557	0.282385396571397	-1.05411323413818	-0.24408177825102	-1.0117963056713	0.684376710742352	0.476079043821611	0.813312617342105
XLOC_014068	-0.248252829795454	-0.625519404665321	-0.575444271902797	0.365637578973945	0.435701700919439	0.314064052456446	-0.28360966753153	-0.96533708133602	-0.82387216981109	0.735057006194021	0.503378078670829	1.16819700782754
XLOC_014077	-0.156421632317318	-0.0659678536166055	0.137870230248966	-1.8268802486629	-0.37736941323892	0.167282263542121	0.245786678400765	0.0962918953844287	-0.655718586689442	0.64268991001238	1.09452991348312	0.697906843453404
XLOC_014080	0.828199662517778	1.15166644078311	1.12519648379028	-1.90373654466139	-1.8404972290197	-1.13313897410233	1.33961974493979	0.96942501497948	1.41183546007507	-0.369587330810753	-0.334753673990416	-1.24422905450092
XLOC_014087	-0.1790170746054	-0.567581800506916	-0.745702238897237	0.877792250179678	0.674678374425887	0.601367424688731	-0.292789383052155	-0.641980897825746	0.146769658875123	-0.0865431405080992	-0.0211261540683241	0.234132981294461
XLOC_014101	0.103044606456021	-0.687898573224705	0.627863141555963	-1.10823609692587	-0.20314663453475	-0.865611388476398	0.420009457104935	0.735563766341017	0.54132077510352	-0.494114715520115	0.605695912552878	0.325509749567495
XLOC_014103	-0.514591473054884	-0.601737317637194	-0.189763299224978	0.0555448308550526	1.18536629308241	0.594278654286023	-0.160859442187078	-1.13999876019006	-0.424781174565167	0.848152018006444	0.550235025577664	-0.201845354948231
XLOC_014106	-0.0432761865860973	0.604091307125987	0.3522125532454	-0.0896606530737465	-0.950590627033739	-0.474033393478722	0.0506567102566331	0.207784212826984	-0.237771257094823	0.323062765733576	0.529349800425179	-0.271825232346633
XLOC_014122	-0.185423774787343	1.06358380015697	-0.377840839736588	-1.92126081618409	-1.92126081618409	-1.92126081618409	0.114437385382814	-0.122575376392702	0.319684799608135	1.24142698558563	2.43209820159469	1.27839126714066
XLOC_014164	0.451616388105615	0.902840256202412	0.614095136620577	-1.16547992293722	-1.2513875216327	-0.598763454326182	0.588091652572656	0.662280091154621	0.14788445868173	-0.322214756159608	-0.0268936910323809	-0.00206863724950601
XLOC_014167	1.63615024954803	1.29124679338088	1.3619602393514	-0.984028069029882	-1.10212045489106	-0.659201848826833	0.29750215933872	-0.00400577707090832	0.547222781100523	-1.10210202283763	-0.828763867545627	-0.453860182517618
XLOC_014190	-0.390729926924564	-0.405726269554576	-1.00022799281261	1.38880537378615	1.56042735144227	0.577112541571719	0.00447512750288404	-0.159861141110611	0.0970166842370386	0.0976986244998654	-0.495259205332955	-1.27373116730461
XLOC_014217	0.492953987910537	0.12711532699418	0.332469888049756	-0.216916830121741	0.079281048087247	0.347968062058442	0.211365018753941	-0.00986021501044565	0.172485333590784	-0.293257176300837	-1.16657711947152	-0.0770273245403388
XLOC_014257	0.512362404702354	0.569128537956684	0.540620939445435	-0.22389540161145	-0.0901159067609028	0.0624478782547184	0.183274190589499	-0.585523027578716	-0.248368068652709	-0.133114177795544	-0.175693278464474	-0.411124090084895
XLOC_014265	-0.287054138853854	-0.587919862930785	-0.90450290499372	-0.136597534182648	-0.113475381867067	-0.388568601064065	0.531474676902968	0.450495480512923	0.404776686097134	0.386843161921048	0.263400008391803	0.381128410066261
XLOC_014280	0.31060111728384	-0.278474394006825	-0.619461361732174	0.999000846744641	0.905588469811161	0.165241163738338	-0.554315856918289	-0.745380930052882	0.094665490687146	-0.338207450056078	-0.575981129976974	0.636724034478098
XLOC_014285	0.316730230475713	-0.021894673058485	-0.0439029842355501	-2.32376620113234	-0.12257360351675	-0.651925764456706	0.445118571110482	0.403600013647551	0.299289947750897	0.390839539957887	0.470241615966247	0.838243307491046
XLOC_014286	0.210198282321658	0.153496807885364	0.191150207549647	-0.553299679654349	-0.465891118092038	-0.175295625831449	-0.326228742462098	0.0585861604347038	-0.103140476638124	0.287559896447664	0.486283220180976	0.236581067858044
XLOC_014310	-0.736167442170552	0.712258454438341	-0.736167442170552	-0.736167442170552	-0.736167442170552	-0.736167442170552	-0.736167442170552	-0.736167442170552	-0.736167442170552	2.42652035959917	3.48672816549746	-0.736167442170552
XLOC_014321	1.59711777430528	2.25902201088799	1.04990753003144	-2.06435729129089	-2.06435729129089	-2.06435729129089	0.783724225108252	-0.265671851499509	1.30268800989068	-0.484819904132393	0.116627775420793	-0.165523696139845
XLOC_014322	1.1635312737531	0.654245652675458	0.723285982848552	-0.529098392598375	-0.843547175338943	-1.21624706615245	0.41301973202035	0.313988411850668	0.414415710461755	-0.0241722144341932	-0.438575153965729	-0.630846761120196
XLOC_014323	0.623725218592734	0.82115664713613	0.811435828978388	-1.26939525829698	-1.53607562952376	-1.49380693553183	1.17802890777686	0.863339194303393	0.709225953414277	-0.345237029033582	-0.102854707576316	-0.259542190239303
XLOC_014349	1.6981806459572	0.560492202536273	1.03327944883486	0.336250032767486	-0.914870041292761	0.492502526679409	0.101880503795585	0.497757246099225	0.995152114891785	-0.498077831018719	-0.111547013348447	-4.19099983590189
XLOC_014351	-1.50311978675401	-1.50311978675401	-1.50311978675401	-1.50311978675401	0.458819647775635	0.291672127625646	-0.152562814558874	-1.50311978675401	2.92306566600139	1.2972583637031	1.50932128462238	1.18802465860075
XLOC_014357	-0.346591941882668	-0.811433403581234	-0.666503496628986	0.304723220582502	0.433386969526821	0.466517584485309	-0.272890168454119	0.152422385417144	-0.168818882043468	0.397397749303917	0.0798771554396103	0.431912827835172
XLOC_014364	0.513462452188327	0.754121098242124	0.637381312171372	-1.29258528236433	-1.18341654188099	-1.37272858004263	0.952534496883858	0.919518522232003	0.493343988560484	-0.386115942076917	-0.057286956170012	0.0217714322567106
XLOC_014366	1.17016309311234	0.983076731594799	0.825625970928979	-1.12452924610815	-1.16055470197829	-1.5277334781368	0.691285601635593	0.362659152001642	0.279589165777292	-0.319049592602445	-0.0477145239397991	-0.132818172285162
XLOC_014372	1.17101884910949	1.4411816463171	0.078202811691602	-1.65467834692513	-0.800618235406134	-0.994099940790342	1.12500317459454	0.816354032283394	0.861792987812485	-0.112363797413419	-0.266234311481732	-1.66555886979186
XLOC_014375	0.122038123168475	-0.27743362787136	-1.14467353351821	0.637814326874425	0.99619446425916	0.84032022197141	-0.0567159303104781	0.125275499627675	-1.02855764732216	0.00107202075386148	0.130836370647942	-0.346170288280732
XLOC_014388	0.312959151270994	0.261835316376517	0.867567365584499	0.0471730668740333	0.470958973140577	0.0800031935691869	0.212222724616817	0.400142443364119	-0.00219700380700516	-0.513324937994089	-0.0766277455082278	-2.06071254748742
XLOC_014396	-0.158091622818146	-0.314278847376893	-0.520950211404734	0.658177038921712	0.788903231564419	0.601210979600785	-0.57180179087826	-0.619516905979261	-0.505766510638567	0.414741279624014	0.0699033742559916	0.157469985128937
XLOC_014399	0.308659266303638	-0.175450152133928	-0.238064622431941	0.348797581350899	0.553544521163157	0.261836626429486	-1.28832343661309	-1.08159740994239	-2.09529860598712	1.60638619249106	0.551644227144909	1.24786581222533
XLOC_014400	0.69869009877676	0.903735508932991	0.895941718263085	-0.77129170219529	-0.781840069356694	-0.491997893594564	-0.825973938927675	-0.283793803271854	-0.867657336487427	0.370888873163931	0.7933039006162	0.35999464408053
XLOC_014421	0.261664141722212	0.36378836856479	-1.25463230526121	0.595983337185345	0.177607097460466	-0.0482304751290759	0.174162420151319	0.397651061291172	0.503917468407968	-0.17384117333348	-0.726452768093797	-0.271617172965702
XLOC_014432	-0.26751473955426	-0.316678475442104	-1.37563094173172	-0.362821731102336	-0.379409094480446	-0.478690269056792	0.000773621769206478	0.172794832415547	-0.343312185874939	0.999647823597293	1.05825065840057	1.29259050105998
XLOC_014440	0.662070936413599	0.871586998223153	0.52739816520325	-1.43577519855687	-1.16518887091344	-1.59405466923449	0.703573913599794	0.878846148511682	1.12280382218713	0.00360952137517678	-0.28533954198325	-0.289531224825748
XLOC_014453	0.0321639933889335	0.449628980416829	-0.0568633353023396	-0.302573054907469	-0.0453207462852632	-0.103778949628203	0.846136015974952	0.845475914083563	0.664241085395802	-0.408581573685737	-1.38721514492566	-0.533313184525411
XLOC_014455	-1.2896850300608	-1.2896850300608	-1.2896850300608	-1.2896850300608	1.47408919947598	0.505106884318855	0.746013171506105	1.28515323184979	2.70202019647663	1.02572749673742	-1.2896850300608	-1.2896850300608
XLOC_014456	-0.0233486045796774	0.0161471945369787	-0.173322277867409	-0.0894382054125966	0.123554011806535	0.411126972069927	-1.45057920360835	-0.605244696883116	-1.28440358035606	0.778901539443695	1.10524672684606	1.19136012400402
XLOC_014481	0.413907705511978	0.115896997532022	-0.165509352121081	-0.418498083393224	-0.467374774132821	-0.223972954322519	0.307922356792795	0.169457475309543	0.0108774786807064	0.315869174333895	0.374560729047032	-0.433136753238325
XLOC_014483	0.0428255779720761	0.355010667685169	-0.576738667349431	-1.03772525335402	0.0718003988290921	0.175047990403139	-0.102664459602722	0.638929107905096	0.158951976236667	-0.132608702515797	0.191642680792817	0.215528682997918
XLOC_014488	-0.964331121488345	-0.964331121488345	1.30760044436489	-0.964331121488345	0.997608313041295	3.57339318553181	-0.964331121488345	-0.964331121488345	-0.964331121488345	1.83604702896877	-0.964331121488345	-0.964331121488345
XLOC_014492	0.504410631299677	0.604297671312699	0.571311177084263	-0.342560290038238	-0.415858449100499	-0.0731893148724172	-0.130519211385128	-0.113221636041292	-0.302920631327515	-0.279348611944664	-0.017977320977197	-0.00442401400969139
XLOC_014526	1.53169849097288	1.12193397290038	1.01060024962896	0.451871335737686	-0.101779542150585	0.0982766801704775	-1.12929998170443	-0.824289256800108	0.106919660557755	-0.375664266394297	-0.730153331731334	-1.16011401118738
XLOC_014527	0.96675309414077	0.337369150303897	0.382318085253595	0.755219127036097	0.836357907552794	0.16524627397096	-0.265869092395292	-0.46991347678192	-0.142022406563589	-0.520718195207813	-0.888964942575459	-1.15577552473404
XLOC_014545	-0.886153217190757	-0.886153217190757	-0.886153217190757	-0.886153217190757	-0.886153217190757	0.908638697188895	-0.886153217190757	0.912532222600629	-0.886153217190757	3.4984077836991	1.76964703403743	-0.886153217190757
XLOC_014598	-0.202955433100438	-0.161867423796144	-0.137885748262418	0.160234962195355	0.294364766891658	0.140345938096422	0.142126354226981	0.0217423104118417	0.0359007927893824	-0.056815748662002	-0.132155458941428	-0.103035311849213
XLOC_014605	-0.754394955314639	0.0342471227733974	0.195165445159336	-0.633471662540556	-0.105348444349032	-0.414853927625828	0.794539765522934	0.531321400526615	0.270728839012699	-0.152562344641369	0.438372022832565	-0.203743261356127
XLOC_014609	0.333764048939312	1.22512656487563	1.4032479929408	-0.173830937457793	-0.105539785053151	-0.817643501780687	-0.157341615240286	-0.467484924474638	-0.250776365501982	-0.374398014216676	-0.426967818307293	-0.188155644723235
XLOC_014618	0.388281400705233	0.584537501364025	0.28150991701364	-0.0783323335700787	0.190771911779378	0.334614973221628	-0.625802634342599	-0.200490080471337	-0.494006686346016	-0.220557961247602	-0.318431415448178	0.157905407341902
XLOC_014626	-0.297663056985134	-0.0132759322447162	-0.0094625714208485	-0.376311766279752	-0.229018609856609	-0.34794492518669	0.0945363076614223	0.272274424191643	0.258394727264221	0.262543696115447	0.662580395358837	-0.276652688617826
XLOC_014638	0.314729241159309	0.569164601272882	0.70549734556966	-1.06688065403707	-0.417972064624838	-0.234028600668999	-0.0421987787771236	0.049679015156145	-0.423818634061665	0.135658162743987	0.526881994904457	-0.116711628636748
XLOC_014653	-0.704377924476164	0.458376617859583	0.0864503232913503	-0.224829433740669	-0.561900744808663	0.000324612286789261	0.403056841652166	0.429190896642266	0.00906353048163133	0.0731023572588256	0.509506090393701	-0.47796316684081
XLOC_014655	0.638068390560783	0.951848479630864	0.596353435679934	-2.36630327837957	-1.79387606695659	-1.99807626136397	1.87787579226645	0.906712313113481	2.00867160037535	0.207463506704337	-0.288132511927314	-0.740605399703752
XLOC_014656	0.0479275267582437	-0.37280939326291	0.176896758639543	-0.013140370156437	0.484698790376912	-0.0880154162588926	0.452327520705605	0.264066833570731	0.454926249209785	-0.84730752640628	-0.154204996581704	-0.405365976594597
XLOC_014684	1.51915882109158	1.14988479569757	1.92305460861481	-1.47942652973904	-1.47942652973904	-1.47942652973904	-0.128869557543905	-1.47942652973904	-1.47942652973904	1.97260213779046	2.44072837278371	-1.47942652973904
XLOC_014687	0.827983954597094	-0.832628010377298	-0.697778097283834	1.32161928857825	1.22441663239006	1.89017031110689	-1.84203932149983	-1.26363085107873	-0.733788544587883	0.175398021324063	0.695762934942454	-0.765486318111231
XLOC_014692	0.815973750280098	-1.6851933964989	-0.141773420051396	-1.6851933964989	-1.6851933964989	-1.6851933964989	-0.334636424303763	-1.6851933964989	0.555752219293327	2.83057799874352	2.05586579316961	2.64420706536308
XLOC_014696	1.6294750429676	1.27873486191717	0.999933904392975	0.035190966212042	-0.378578992224137	-0.123453324101837	1.02596329922345	0.760760871794895	1.30032035051012	-2.05202491301691	-2.32107799602338	-2.15524407165199
XLOC_014712	0.456365151331328	-1.40505560699466	0.107320653984925	1.06675316160219	1.02260064093374	1.84284297327935	-1.21479249111301	-0.574008589371569	-0.690773177996434	0.547481526786076	-0.16069525676317	-0.998038985678768
XLOC_014724	-1.08758517259248	0.943431889656129	0.3674648175262	-0.848997555778367	-1.26842482157361	-0.109800726928994	-0.0453435064006591	0.507817783934676	0.159790748873518	0.34914399227299	0.540254537607958	0.492248013402643
XLOC_014727	-0.188179092956486	-0.399479148404547	-0.468135833558151	0.266626476193282	0.197066901086433	0.700594883605262	-0.622596928112371	-0.548988640526768	-0.626945597346697	0.345561927478772	0.500599595126057	0.843875457415209
XLOC_014729	-0.203527881841232	-0.0527283341339819	-0.331868602291798	0.381204063284388	1.20389417699917	0.93931489277471	0.276367747947116	-0.373265562083508	-0.370045776217179	-0.881173710404262	-0.756517775079671	0.168346761046243
XLOC_014743	-1.04681122942367	-1.04681122942367	0.496608747023827	0.862902888594113	-1.04681122942367	1.5234812947289	-1.04681122942367	-1.04681122942367	-1.04681122942367	1.26860129737454	3.17608437824434	-1.04681122942367
XLOC_014755	-0.146377030079378	-0.418114553221453	0.0599306148221554	-0.0287121216400781	-0.0110128318704525	-0.123807732578877	0.692826029578468	0.27984106153829	0.540830473980217	-0.217081303630545	-0.376104088614079	-0.252218518284266
XLOC_014763	1.87468640588547	1.49175653278367	0.0503318928901137	-1.49308808355739	-1.49308808355739	-1.49308808355739	-1.49308808355739	-1.49308808355739	-1.49308808355739	2.40620063408077	2.72980752411062	0.405745511593664
XLOC_014765	-0.189110835447435	-0.251374591650551	-0.187928328072021	0.710618789350629	0.515797206792165	0.521579567307457	-0.719935337214441	-0.363911634054729	-0.352767002382171	0.323497452814815	0.0926242906659152	-0.0990895781096253
XLOC_014770	0.457079243202452	0.940756712764516	1.35839323477731	-0.134373785558755	1.23204189103259	-2.04408790357654	-2.04408790357654	-2.04408790357654	-2.04408790357654	0.75629024688057	2.03536491897691	1.53079915223058
XLOC_014778	0.565852064505025	-0.0852372578340388	0.176860141351506	-0.50118804126587	-0.194032801362763	-0.315114517117378	-0.334697324520843	-0.033245462126013	0.590848036799736	0.258682871204226	-0.0540767715808848	-0.0746509380526987
XLOC_014795	1.01376045068491	1.80054908382119	1.26191493671546	-1.81193674534971	-3.72165086336749	-1.92685894898784	1.93951300207563	0.659095633858814	2.28644421842089	-0.269622195838	-0.709209791991107	-0.521998780042747
XLOC_014806	-0.551694161242162	-0.52773356104108	-0.113817780880964	0.794782102419385	0.297941649217746	-0.362675965962955	1.74610975383029	1.44427999747674	1.62649472647298	-1.26111527536619	-1.59235194595975	-1.50021953896404
XLOC_014807	-0.378202419369657	-0.141051698677531	0.131148090102897	0.271058364267281	-0.811823223099658	-1.03624540502671	1.57447420856958	0.964450189014248	1.49338944571417	-1.02701098670958	-0.718832353001977	-0.321354211783071
XLOC_014829	-0.416890107039276	-0.399017524816109	-0.443384908274826	0.598238175463505	0.535756503544757	0.172636422812644	-0.169047828311982	-0.248884121584318	0.303515155464416	0.148573776906042	-0.19290410317592	0.111408559011069
XLOC_014833	0.0196929074774657	-0.176147930356313	-0.622874890909917	-0.104139540756926	-0.231194357891661	-0.172106016430509	0.747095636351481	0.338284063396538	0.102091211822216	0.0233926679935275	-0.238977735072249	0.314883984376351
XLOC_014835	0.738507373527855	0.408754073533222	-0.203098754654382	0.0234492490845852	0.581308273203883	0.821239152495363	0.253166930086135	-1.93425102479136	-0.0923468731642529	0.335889290800125	0.167959234688089	-1.10057692480926
XLOC_014837	-0.753854234496388	0.0892244225217445	-0.118729214843845	-0.562810822413513	-0.265978392003377	-0.000617041391027584	-0.0284640773361087	0.0915547448921705	-0.373544800299105	0.269813210152423	0.6415546938164	1.01185151140063
XLOC_014848	-1.41119885524938	-1.41119885524938	-1.41119885524938	-1.41119885524938	1.3525753742874	1.15909366890319	-0.0606418830542488	1.16363940666121	-1.41119885524938	2.04082981228011	2.81169675241863	-1.41119885524938
XLOC_014865	1.30668280423447	1.4504508730071	0.994913649992559	-1.69850058446991	-1.15861098992913	-0.508060482920381	1.04732379701008	0.341583659343177	1.0000909314617	-1.25763524459695	-0.779693964534274	-0.738544448598438
XLOC_014880	-1.18796843516647	0.346053039062335	0.478675661790633	-1.01409135854543	-0.160031247026441	-0.353512952410649	0.643100747731408	-0.348967214652629	0.682779352767246	-0.608392949765004	-0.742820409851531	2.26517576606654
XLOC_014925	-0.0141147544925397	0.631043329040537	1.06475067649979	-1.50384211266416	-1.18056699575505	-0.109902456036028	-0.0744995700816142	0.305728577616009	-0.509936768284587	0.419668191665115	0.425173113936279	0.54649876855624
XLOC_014955	-0.179469225108716	-0.194129577844932	-0.970585990941782	0.258663493649201	-0.431402110194636	0.852297744830624	-0.95547927088617	-0.0962455911145383	1.02549311995131	0.76526545539194	0.138044795403896	-0.212452843136201
XLOC_014958	0.455906013767201	0.949901461076868	1.37218543928358	-1.36593211956378	-0.657214918146854	-0.714443931339155	0.452522727719789	0.935512370887085	0.375786422576308	-1.0119558218175	-0.216031929498508	-0.576235714945035
XLOC_014959	0.954021793810236	0.68852196644684	0.568089195408598	-0.582527313343309	0.276098880015488	-0.0185833221884275	-0.418139266605889	0.0558008144202882	-0.0457796510748887	-1.03769736037228	-0.489997426706569	0.050191690189914
XLOC_014963	-0.0554130636596557	-1.7912501050564	-0.247830128608901	0.118464012961386	0.972524124480378	0.00354180932325154	-1.7912501050564	-1.7912501050564	-1.7912501050564	2.84478684658182	1.7452898683966	1.78363695075072
XLOC_014964	1.47000007614496	1.04608482762634	0.705705296412338	-0.197551778341027	1.15581214315805	-1.65287204680865	0.891475570244037	0.32949558664663	0.130835157161559	-1.9244234965533	-0.804646744487659	-1.14991459120329
XLOC_014978	0.792963571228272	0.334220180105721	-0.108177618538623	0.371910562969211	0.13032569312452	-0.155981638238345	0.0104025356753574	-0.0381225590352461	0.339346673621641	-0.614755859021866	-0.568443155369183	-0.493688386521469
XLOC_014980	0.311056642215493	-0.357978676831695	-0.620595852704043	0.760716089815344	0.830851521214885	0.00845033117994554	-0.557566052740927	0.0620891221671895	0.35461921370853	-0.400483370472549	-0.0830277893663514	-0.308131178185825
XLOC_014981	-0.0943442522851852	-0.123497184433641	-0.673761309918244	0.1994551279792	0.552819539875988	0.578848872690049	-0.759953319255676	-0.866992132284858	-0.414177320895377	0.544554426843124	0.299298083704116	0.757749467980504
XLOC_014986	-0.872768274577228	-0.0699412996731246	-0.174468477064213	-1.00422374591277	-0.802820000506434	0.23984223817965	0.589721134857453	0.441791037006271	-0.32592349041401	0.454910649996366	1.14193370864782	0.38194651946022
XLOC_014990	0.135232995861105	1.21696513153498	0.838479470876663	0.291754323547918	-0.694499205307546	0.136278239163448	-1.1154320549644	-0.0345046843811705	0.71864255626838	-0.77368113027759	-0.105715640216064	-0.613520002105727
XLOC_014991	0.501172414769013	0.162547511234815	0.52196197713434	-0.152825089536186	0.0618685807765509	-0.305302293005044	-0.669006129469595	-0.0218654013437289	0.671877683870665	0.00708966763085339	0.193109708835603	-0.970628630897287
XLOC_014995	0.414278846070633	0.695817976800532	0.777890616122076	0.0262003198229754	-0.0710023363652166	-0.0531328920891383	-0.322811955138045	-1.09284230129336	0.453520650203181	-0.358322974403555	0.21105797821745	-0.680653927947539
XLOC_015005	-1.62799144907716	0.159875035511556	0.571097247905118	-0.00345209602815366	-0.582066583147319	-0.401577904072181	0.927037190082614	0.868073702401985	0.532406109535936	-0.323637404177147	0.232035117388164	-0.351798966323416
XLOC_015014	0.764844903756873	1.97558078073505	2.112067987277	-1.73632224302212	-1.73632224302212	-1.73632224302212	2.3081641777385	2.00731276623802	-0.218525511821666	-1.73632224302212	-0.267833888813175	-1.73632224302212
XLOC_015048	0.797930582173987	0.0859260900981118	0.515641114313866	-0.0106625283949375	0.00222805599148845	-0.255208282748326	-0.980575349333239	-0.135240842608	-0.019454113436244	0.0544787749492128	0.181700711123328	-0.236764212129254
XLOC_015050	0.728658392901495	0.0641194095122088	0.252700234536467	0.624362010687508	0.344882181374419	-0.0222943326035461	-0.509120710993119	-0.361540876751831	0.0611176391238253	-0.209657867624025	-0.454914210763033	-0.518311869400373
XLOC_015073	-1.59005562419276	-0.819603513404775	-0.835560787276276	-0.107279086341312	0.230956998580488	-0.0801773555476544	0.177869787661443	-0.210543155768245	-0.137803118813936	1.33331829475572	0.387786662700379	1.65109089764692
XLOC_015076	-0.5859940660212	-0.852585719579428	-0.865642641827424	0.80575637818476	0.303820309568831	0.157649594120421	-0.534584492361667	-0.456738785912695	-0.823012459713123	1.79035292928739	0.472484762179218	0.58849419207491
XLOC_015078	0.601971627157258	-0.103140473049946	0.0928014525571266	0.43059564033448	0.913415749092174	0.406718967665323	-0.668665616700925	-0.527659747384492	-0.8383446832525	0.476240794194878	-0.123852371607485	-0.660081339005895
XLOC_015081	-1.12588936575757	1.27237530165675	0.932393059932799	-0.260114562684368	-0.376553503064488	0.0285333683410363	-0.742878010593129	-1.04372942209361	-2.06695418394176	1.13536391271182	1.10311738030965	1.14433602518287
XLOC_015086	-0.76663063538337	-1.23829224555486	-0.567409315327104	-0.0131165295616285	0.214507307907937	0.700681476244094	-0.0798995844616792	0.133846378479258	-0.0733700707415386	0.544721915360346	0.375457302485195	0.769504000553349
XLOC_015087	0.463432672383575	0.176021527595723	0.27101560743433	-1.27240436901317	-1.27240436901317	-1.27240436901317	-1.27240436901317	-1.27240436901317	-1.27240436901317	1.04300815778504	3.08095464876561	2.59999360011474
XLOC_015159	0.323833974344934	0.166507458579026	0.289925364137113	-0.248983130182334	-1.26000089196325	-0.454200913725818	0.293157465891118	0.270312925707584	0.251063171181406	0.149850942292817	0.346266968056557	-0.12773333431915
XLOC_015184	-0.51151346252302	-0.526509805153031	-0.17198131079157	0.338135938976012	-0.374448438497731	-1.52597782398673	0.226437612011394	0.376288959517641	0.35735697335921	0.750529437710973	0.738016265064945	0.323665654311911
XLOC_015185	-1.63099515057428	-0.3634931195764	-0.218143218693921	0.335504709503784	0.195910099791556	-0.108684710980356	-0.304335228031353	-0.566631897078553	-0.722058976928544	1.04389233919106	1.27307243717792	1.06596271619909
XLOC_015191	1.89661127083898	1.41676608772763	1.37241936613942	-1.28886662783395	-0.339120508950638	-0.92063961081836	1.07577049222798	0.550380830360149	1.33418952104928	-1.192191060563	-1.81158414430843	-2.09373561586906
XLOC_015209	0.747519210168743	-0.988317831228002	-0.988317831228002	-0.988317831228002	-0.988317831228002	-0.988317831228002	-0.988317831228002	-0.988317831228002	0.529478899972452	1.32709469557021	0.480170522980943	3.83396148990366
XLOC_015224	-0.198908253541407	-0.0729542661037357	-0.269319357207021	-0.0378336381331703	0.497805087561948	0.0902245551125462	-0.631486597381667	-0.541722225110827	-1.27364084787437	0.921466431681167	0.891661684393636	0.624707426602897
XLOC_015227	-0.450125787654299	-0.3666606785177	0.0759504189767348	0.00884934307020302	0.0015675723185371	0.310734599609601	-0.630039276905629	-0.182492410700121	-0.925670408062285	0.872382241843626	0.803752611685821	0.4817517743355
XLOC_015230	-0.0828594572477517	-0.0702999595654585	-0.223729634890542	-0.339182708625358	-0.149747210755486	0.314638432160134	-0.634738142837342	-0.5171978800856	-0.673768380187641	0.788389022791247	0.758620572662849	0.829875346580945
XLOC_015236	1.22471930592228	1.33636941705755	0.758406342606746	-0.720346115757263	-0.953133532483316	-0.868001219654117	-0.101864451588399	0.335846528148891	0.153076365800127	-0.707293516914636	-0.527129411999345	0.0693502888614823
XLOC_015242	0.357892623164562	0.0790165046784512	0.452466632125289	0.186144456852271	0.0288291817094821	-0.735965191206348	0.045980159419365	0.279106509916992	0.173497608919063	-0.487579567943293	-0.206481972975189	-0.172906944660643
XLOC_015248	-0.409383255473114	-0.0308735375925293	-0.345816949295757	-0.0857501531027749	-0.284145744304636	-0.243003228892388	-0.262642409691313	-0.0117452895442876	-0.286196618672858	0.537122174864252	0.530373987502458	0.892061024202953
XLOC_015251	0.250053175223852	-0.317963197586395	0.40557513856227	-0.307813773307702	-0.727241039102948	-0.195409329421575	0.864140666565256	0.268471788080381	-0.59522774715518	0.328473476898719	-0.0149423418983554	0.0418831831416808
XLOC_015256	-0.733621189600068	0.473919147957867	0.351929103746802	-1.58279638485694	-0.196779916770285	-0.128664679271121	1.06166766299377	0.0426365787743173	-0.142273771583076	-0.267503324744543	0.421449308010924	0.700037465342351
XLOC_015272	0.939325406852839	1.4230028764149	-1.56184173992615	-1.56184173992615	0.400097694603486	0.232950174453498	0.936492312492367	1.01299652198444	2.86434371282924	-1.56184173992615	-1.56184173992615	-1.56184173992615
XLOC_015278	-0.901040407596261	0.547385489012632	-0.901040407596261	-0.901040407596261	-0.901040407596261	-0.901040407596261	2.66586581669837	2.17570211524336	1.81936983981573	-0.901040407596261	-0.901040407596261	-0.901040407596261
XLOC_015289	0.180836194857368	-1.04649879948591	-1.08286289844931	0.912527176522879	0.8871621890207	0.556605204838291	-0.725371990272764	-0.141676467224022	-0.385102442538055	0.298735009645683	0.275496263759823	0.270150559325319
XLOC_015303	-0.983948989753199	-0.983948989753199	0.559470986694301	2.22894148921424	0.977990444776442	2.75463202514548	0.366607982441933	-0.983948989753199	-0.983948989753199	-0.983948989753199	-0.983948989753199	-0.983948989753199
XLOC_015318	-1.31643679747587	1.95342171814968	1.43728323032284	2.56979932131965	-1.31643679747587	0.478355116903777	-1.31643679747587	1.25840146443471	0.201359933724579	-1.31643679747587	-1.31643679747587	-1.31643679747587
XLOC_015319	0.283612209849442	-0.121824538210742	-0.17540894438365	0.375132099681211	0.721019317735251	0.293742366747847	-0.66430657582446	-0.587806735989042	-0.227880115569041	0.23403612179312	-0.150022532254689	0.0197073264247516
XLOC_015354	-0.0505871664762347	0.264359379599082	-0.255160412634053	-0.460298214897397	-0.79327751039833	-0.211137389183242	0.195442859770324	0.306908839230494	0.537807779312208	0.66927883426354	-0.299265212976882	0.0959282143904865
XLOC_015363	-1.08439851529737	0.546741535917896	0.608185787940341	-0.534662836966058	-1.00918265747362	0.385745793217338	-0.265869699540546	0.058497918319337	-0.371363249214503	1.04573544454992	0.648763850320893	-0.0281933717736242
XLOC_015367	2.13644316422287	-0.711276371294755	0.954562553418683	-0.249988149885861	-2.15970226790365	2.21584075195815	-2.15970226790365	-2.15970226790365	-2.15970226790365	1.73958644973451	1.13845588555753	1.41518478790347
XLOC_015368	0.721759345418326	0.129052369062281	0.271058748588429	0.0677618411131276	-1.34630987476675	-0.429648205301672	0.230653681238729	-0.24169317214958	0.23319713479608	-0.382227252834076	0.413696639484916	0.332698745350196
XLOC_015370	-0.380821272749968	-0.239794221099531	0.431028548347745	0.474678888424988	0.498698604846711	0.122082614213214	-0.39588583930321	-0.646326599468992	-1.14365889643664	0.610185519013046	0.484972981462202	0.184839672750426
XLOC_015377	-1.83658330454542	-1.83658330454542	-1.83658330454542	1.37630717442202	-1.83658330454542	2.14690474498108	-1.83658330454542	-1.83658330454542	0.404362311246807	2.06270541309274	2.74688384300219	2.28233634052765
XLOC_015378	-1.48736692073779	-1.48736692073779	-1.48736692073779	-1.48736692073779	1.27640730879899	2.25121409416089	0.548331280829113	-1.48736692073779	0.0304298104626648	-1.48736692073779	2.43278798178496	2.38503104839012
XLOC_015388	0.267689085414732	-0.363342558329772	0.032140819935754	0.212123490239536	0.743613937994045	0.23589384371336	-0.00691023625807397	-0.314834801316041	-0.0691992654591305	0.146277019502705	-0.008528612873687	-0.874922722563427
XLOC_015395	-0.101139748797738	-0.0648613664052089	0.11829398632343	-0.348479596958665	-0.454837902900506	-0.392760696849047	0.674331683776064	0.525545893755512	0.761284731529186	-0.200037609544959	0.0498944283760991	-0.56723380230417
XLOC_015397	-0.12129567019227	-0.170459406080114	0.231861498873192	0.305975144745037	0.0494482905604556	-0.0721893579025377	0.319677589481294	0.490663733153148	0.647333334047935	0.00368616753289608	-0.549475462513064	-1.13522586170597
XLOC_015398	-0.00433454851346671	-0.381631815206505	0.169120236875304	-0.00756405799579696	-0.0658389902898131	-0.294180071968146	0.150396503204949	0.527504196593886	0.778584939673287	-0.0534473896064487	-0.163011291503687	-0.655597711263566
XLOC_015415	1.13487500007477	-0.591816886490602	0.153152142352907	0.0543241687486722	-0.320242868457028	0.0219523684252527	-0.141635950097338	-0.094034989988014	0.477046425556848	0.121294222002057	-0.229117905320011	-0.585795726807508
XLOC_015421	1.40586931489527	1.67714247969021	2.43574464991903	0.316998082082441	0.369223398594295	0.202075878444307	-0.242159063740213	0.205969403856041	-1.59271603593534	-1.59271603593534	-1.59271603593534	-1.59271603593534
XLOC_015440	-0.915360781356109	-0.994995956946915	-1.46224301074894	0.419117061880676	0.229841694759948	0.429897917081011	0.137225756190776	-0.305081377180686	0.0305478306398523	0.449722805452984	0.648654378332897	1.33267368189451
XLOC_015444	0.442883416897633	-0.0359795007940171	-0.0290225938748669	0.165785875095459	-0.138870762808243	-0.273809753768986	-0.16570867401323	-0.800841788745222	-0.467990183846559	0.190087874013393	0.34561161823126	0.767854473613381
XLOC_015445	-2.31563034766152	0.584888627307557	0.594465852583392	-0.592197838437183	-0.64539706330094	0.448974182069627	0.329038913918327	0.112010957330955	-0.827768032932415	0.751487376695318	1.37782011772171	0.182307254705165
XLOC_015446	-0.0105027527481685	-0.398334011125734	0.146617368522989	0.166876015427057	0.0247477172024073	0.624445992162363	-0.565532135747108	-0.525743161684027	-0.621520448737315	0.525331614158583	0.355427170473803	0.278186632095156
XLOC_015465	1.22315347609451	0.929987223015342	0.791330668534988	-1.25730790035971	-1.09715942692462	-0.479655832057707	0.707092252469707	0.679113985189287	0.798892701009289	-0.997509275695116	-1.05557455178152	-0.242363319494451
XLOC_015478	0.600120870629666	0.0451267382396932	-0.644375849120125	0.901464085009881	0.0519257638093684	0.616227152101338	0.414135977886403	0.237737336730982	0.406950902399019	0.169515986773219	-1.80979522803567	-0.989033736423782
XLOC_015479	0.116197559462652	-0.385760013439615	-0.280820794185624	0.565857007062503	-0.00967843153893888	-0.288032340258687	0.232794012199458	0.567605977643338	0.878714412517758	0.337474054747399	-1.7852352052006	0.0508837609903603
XLOC_015509	0.605296218261595	-0.142947395227666	0.493885974675631	0.40818942582945	0.208697191148791	0.49453499755767	-0.897115417468385	0.0814881830702401	-0.472679594544753	-0.25739902367026	-0.313561497191372	-0.208389062440939
XLOC_015513	0.330853727611231	0.265861322816008	0.311822217644405	-0.0737999522149426	-0.0693424097482627	-0.117286153398721	-0.2801411017338	-0.44109068939426	-0.198755586115247	0.0821963060068018	-0.000950753473849986	0.190633072000631
XLOC_015521	-0.273303521994209	0.194212536116536	0.340036564038438	-0.230681648251697	-0.270473856957862	-0.101807052766425	0.497776509618595	0.58052481821967	0.0309362944382432	-0.367610344288078	-0.30434765126232	-0.0952626469108893
XLOC_015523	0.726159047263264	0.257319103241475	0.168954845641805	-0.366807145248793	-0.200135445915891	-0.198499253866808	0.0594010853782336	0.0944815541604171	0.43093487317237	-0.0966538064217239	-0.390200958024562	-0.48495389937978
XLOC_015525	0.857973949482537	0.600927123965343	0.171232201948074	-0.545411186946145	-0.477120034541503	-0.566117415648469	-0.782010869886693	0.278491858833031	-0.195863264549574	-0.0324129726447664	0.275765661062832	0.414544948925329
XLOC_015527	0.0159816722161468	-0.322643231318051	0.225030074713262	-1.19529903116574	-0.168338197271852	-1.13542587850385	0.751898845852558	0.648500832101143	0.3531025834703	0.155673247549046	0.518632978313004	0.15288610404403
XLOC_015528	0.0765177342532759	-0.111214529796431	0.0034060730768477	0.637768204689587	0.261140463343359	0.187767830745054	0.149387860105232	0.165278195664035	0.334941209585249	-0.430800931366183	-0.782369041097352	-0.491823069202682
XLOC_015530	0.316759141596312	0.566987172393262	0.471536303091864	-0.237692336248038	-0.461059460265753	-0.917414247453157	1.30241096748361	0.454368562098454	0.641648445078753	-0.786995199536345	-0.293169824505289	-1.05737952373367
XLOC_015531	0.438023978438387	-2.71686599666819	-0.762810754923232	-0.952401414309648	0.739603287524666	0.771856663817653	-2.12959369171018	0.523465188724035	0.130088778042261	1.55463930314408	1.492488983129	0.911505674791172
XLOC_015539	-1.45946006497543	-1.45946006497543	-1.45946006497543	-1.45946006497543	-1.45946006497543	1.11083245917714	1.38862145142372	0.339225374815955	0.0583366662250235	1.34091808548168	2.61999275757802	0.43937353017562
XLOC_015548	2.03462572248177	0.529615524156423	2.95679968249577	-1.6268493431144	-1.6268493431144	-1.6268493431144	2.5471711274412	-1.6268493431144	1.74019595806717	-0.047311955955903	-1.6268493431144	-1.6268493431144
XLOC_015550	-0.788109188059093	-0.0931395057303144	0.146328349368707	-0.622939337716873	-0.282386960540983	-0.179139368966936	0.568219010649999	0.248586460713266	-0.272119977265451	0.500856987925733	0.28198830657419	0.491855223047758
XLOC_015576	2.98215197980906	2.06161500899472	3.26529947731323	-0.923229607346335	-0.923229607346335	-0.923229607346335	-0.923229607346335	-0.923229607346335	-0.923229607346335	-0.923229607346335	-0.923229607346335	-0.923229607346335
XLOC_015578	0.942355296721484	0.78730787863832	0.322058777548236	-1.0481516498499	-0.788898206327418	-0.519606815305912	0.371306846992291	-0.0825281366598176	-0.371159215598196	-0.0176726911236855	0.0940690966491298	0.310918818315469
XLOC_015579	0.224976907593006	0.488221300056645	-1.39138337049752	-0.690464341218723	0.773920258850018	0.548680803452445	0.670712318947063	0.397090150834014	0.84301702624635	-0.793766230590227	-1.11382374460929	0.0428189209362193
XLOC_015621	-0.240048993096894	0.119581713238187	0.357303992740904	0.154007085265602	1.6614369629683	0.80417339915794	-1.40682288384547	-1.96135616331282	-0.929609595892947	0.741274943046653	0.0472727223241955	0.652786817406348
XLOC_015622	0.335656162673326	0.681857115928969	0.682214619156119	0.492177490360139	0.287464264230105	0.764021497785122	-0.915008888152176	-2.51419109679719	-2.36861911129579	1.20670906559846	0.712822237020275	0.63489664349264
XLOC_015629	1.06512774477514	0.186720098142989	0.0335306032039338	0.168605649110678	0.237434859063731	-0.659274707956664	1.28810863488878	0.883963041707382	0.357424886407875	-2.23443957736135	-1.11466282529571	-0.212538406686791
XLOC_015630	0.650889680009298	0.686014688692664	0.350089015702187	-0.59035434421065	-0.624403572477966	-0.474405158704587	0.641443786213141	0.693960853881769	0.727121585015071	-0.388082145696214	-0.760039945733301	-0.912234442691413
XLOC_015634	-0.922699285741665	-0.36659576564826	-0.222039064362953	-0.0816391477503808	-0.440594722763164	-0.665325849573658	0.704106221797572	0.815750826351611	0.549438806378769	-0.371125417835947	0.62691747092204	0.373805928226036
XLOC_015665	-1.63427663866219	-1.7321926124795	-0.307554621660906	0.402590404768263	-0.243823424938787	0.787999727637261	-0.228490889532905	-0.459101086724789	0.57048258138593	0.717880068316108	1.19683716345994	0.92964932843157
XLOC_015671	0.239962261412155	0.563429039677485	0.772212924520411	0.106277063785145	-0.432611837852265	-0.12220497414997	0.0831334268648369	0.327558328493925	0.534330424344486	-0.668374014062912	-0.521127539430515	-0.882585103602787
XLOC_015674	0.378725568782675	0.514327003680187	-0.0757364480768921	0.252879889140855	-0.113523939533974	0.162613005536645	-0.0538869961393162	-0.192983611208168	-0.151729785528336	-0.363184985497582	-0.0407741783815627	-0.316725522774527
XLOC_015681	1.499137923661	-1.49944742716961	0.772484138683624	-1.49944742716961	2.15400127489986	0.29534448721004	-1.49944742716961	-1.49944742716961	-1.49944742716961	-1.49944742716961	3.084019720378	1.19169701818514
XLOC_015695	-0.433748243750788	0.277103354086148	0.155119319982634	-0.118566371653364	-0.521585908720107	-0.136514431493087	0.40489001523576	0.05569850046217	0.157731743161741	-0.0183198718613946	0.425828348665346	-0.247636454115058
XLOC_015708	0.220083071456714	-0.0673280733311379	-1.51575396994003	1.18794861324613	-1.51575396994003	0.279037944439622	-1.51575396994003	-1.51575396994003	-1.51575396994003	2.86880703094982	2.70714163772798	0.38307962521102
XLOC_015711	-0.552062202074632	-0.566722554810848	-1.70372376143131	0.232757721258984	0.137509530982427	0.358454010464755	-3.1068868170349	-0.71380877996989	-0.4657385626926	2.24873261826558	2.08017140569047	2.05131739135195
XLOC_015717	2.62959162157955	2.02338270574422	2.36402757250229	1.72852782117061	-1.48436265779683	-1.48436265779683	1.64500888358112	-1.48436265779683	-1.48436265779683	-1.48436265779683	-1.48436265779683	-1.48436265779683
XLOC_015724	-0.429829411012025	-0.281653244289329	-1.63066414437364	1.03674387456169	1.10641398895808	0.0158489033091431	-0.630467772162731	-0.0907165200258122	-0.376307984326631	0.168383896180434	0.150591602576442	0.961656810604374
XLOC_015754	-1.20724136790283	-1.20724136790283	-1.20724136790283	-1.20724136790283	-1.20724136790283	0.587550546476825	-1.20724136790283	-1.20724136790283	-1.20724136790283	3.03297104863898	4.04499863268489	1.99241071542192
XLOC_015760	-0.68541771419385	-0.68541771419385	-0.68541771419385	1.22429640382394	1.27652172033579	-0.68541771419385	-0.68541771419385	-0.68541771419385	-0.68541771419385	-0.68541771419385	3.66794130358493	-0.68541771419385
XLOC_015762	-0.780617761848449	0.544176189499816	-0.376721974325213	-0.566312633711629	-0.125754410609589	1.03669468701572	0.122963026959752	-0.0355681034189259	-2.26140638147861	1.07091315497699	-0.0381439230105554	1.40977812995069
XLOC_015774	1.60439344707381	1.68350216578362	0.244159195496152	-2.50956083230257	-2.50956083230257	-2.50956083230257	-0.0112267798840464	-0.710875392511181	2.25009776805035	0.942467835226926	-1.04107247809362	2.56723673576569
XLOC_015776	0.695393851657379	0.913616127325064	1.09105275934551	-0.827427468417494	-2.07854754247774	-0.671174974505572	0.881914319332855	0.973164332657446	1.33872984320456	-0.71864038544865	-0.57280398744846	-1.0252768752249
XLOC_015781	0.920638438256791	0.592159762203881	0.474310684040667	-0.174459102779124	-0.20094899177117	-0.0630039696883387	0.906859887661957	0.50388812792559	0.717113402653979	-1.73208644626349	-1.06806629877558	-0.876405493465158
XLOC_015785	-0.133551944577709	0.636900166210275	0.563275548975572	0.505647842584147	0.574818137992648	0.259653161172756	0.0783678349323429	0.355718849912072	0.637982792619862	-1.53794320078626	-1.06981696579301	-0.871052223242692
XLOC_015793	-0.282708115825151	-0.0514220615310066	-0.261918553459824	0.80735753743737	0.388981297712491	0.0972734029788205	-0.698437045551881	-1.0839570892391	-0.867248530266444	0.99438560169157	1.39561944404276	-0.437925887989604
XLOC_015822	1.55690193481212	1.1448699229386	2.37473803805105	0.0343810997271561	-1.21656994471064	-3.17850937924028	2.83393437178243	3.43151005161524	2.55427204274517	-3.17850937924028	-3.17850937924028	-3.17850937924028
XLOC_015823	1.98963362559326	1.68910872939845	2.24597682866631	1.53356615495975	1.2103414908671	0.610891091927136	2.92376921092847	3.03183724601228	2.80407430163215	-6.34658556841053	-6.45763460136009	-5.23497851021428
XLOC_015836	-0.955169886592873	-0.852002229340902	-0.975246251384704	0.469685169096545	0.375145375288823	0.643832389260018	-0.912216451421588	-0.442441630067722	-2.23311299735669	1.65814175387631	1.47859340560468	1.74479135303811
XLOC_015838	-1.50549084818682	0.0979184099442456	0.508585478883115	-0.936519737985995	-0.211444145176698	0.115650429021025	-0.252091994821787	0.171341448178829	-0.0307700069386687	0.547732038687577	1.00067817900553	0.49441074938965
XLOC_015843	-0.0987667000133117	0.759103984628654	0.517617633172869	-1.55672959601199	0.12182429150088	-1.70438469990885	1.15853065014015	0.643086323800786	0.565129366980857	-0.0933634721090373	-0.259228829503587	-0.0528189526774065
XLOC_015845	-1.93936891330493	-1.93936891330493	-1.93936891330493	1.2735215656625	1.71407978876454	-1.93936891330493	0.0963292882619686	1.13737360953469	0.301576702487289	2.44519208758492	-0.470880559095988	1.26028317001981
XLOC_015847	0.177120530095454	-0.0922828862254566	0.0658107104568479	0.111929846536098	-0.0446436276711939	0.0940333261557278	-0.648495601288657	-0.652130034350565	-0.753555087737704	0.479172036922305	0.469585382363524	0.793455404743623
XLOC_015886	-1.03719968426842	-0.0102737066060659	0.219844083786023	-0.661902931293088	-0.148484984423017	0.0114672997697269	0.0857418799878218	0.0168918273475311	-0.440903408142254	0.082677971565511	0.781538251947234	1.10060340032899
XLOC_015922	2.62041698834478	2.24726091345074	2.7769372927691	-1.69630770197633	-3.62060438624222	-0.766646021077078	1.27179931975502	1.06363089790541	1.49613364116921	-1.88962181588869	-3.40155875406017	-0.101440374149766
XLOC_015923	2.3908795133999	2.13157669773492	1.85498046830435	-3.24982620221211	-0.748729391940641	-0.783997300368108	1.46480501536235	1.12307849108625	1.18265847904946	-2.84412779343169	-0.936644712561892	-1.58465326442278
XLOC_015925	0.4111198853048	1.03986580265782	0.658757710620915	-1.94931341781092	-0.751392968489099	-1.42362288187968	0.815172723281294	0.268864901187692	0.519116029270007	-0.312087629122306	0.495576979627726	0.227942865351759
XLOC_015929	-0.779087802566963	0.750547699317556	0.0910698668664889	-0.212791713492928	-0.217353860228767	0.0837900961543152	0.0264803789567658	0.0533367542240608	-1.2932111185915	0.441131701841513	0.726212819047635	0.329875178471823
XLOC_015940	0.239538619186086	-0.903040319060517	-0.355367013029205	0.889622070572245	0.848225903838157	0.620852424324931	-0.0040332791510771	-0.477545632354481	-0.227294504272166	-0.42472384019342	-0.410904030035786	0.204669600175233
XLOC_015942	-1.89254225408227	-1.62718366686431	-2.4274989936268	0.31479681954903	0.42992342281548	0.515979065040864	0.46805774859133	0.305701605754433	0.246047906508381	1.25387173767937	1.17755791105329	1.23528869758121
XLOC_015943	-2.16816468515555	-1.68203817324651	-1.41039049686261	0.716807375242669	0.255250582143837	0.74777705352733	-0.149259098754558	-0.121207270520853	0.252541823364209	1.28305942334438	0.8075312273406	1.46809223957705
XLOC_016011	-1.30128267607267	-0.268601520268514	-1.30901522081568	0.0658067826456561	-0.0072359730625422	0.0383130611227918	0.409786490300706	-0.0526955333176859	-0.427240230934334	0.705397351137194	0.795016508554007	1.35175096071107
XLOC_016017	-0.664823355864858	-0.320694821550544	-0.0041371594533457	0.804006183089391	0.378213082981543	0.650904517273585	-0.465691621013089	1.02169938834932	-1.31218759789573	-0.580569177778224	0.653480438041757	-0.160199876179805
XLOC_016042	0.161826934500382	0.210526225182033	0.0906099810852146	-0.511931489190885	0.394611402263906	-0.409664549923771	1.05943280139815	0.725557085658764	0.694667643259123	-0.716343911785732	-0.942883302642382	-0.756408819804796
XLOC_016063	0.29237723336744	0.212742057776635	-0.414573394830593	-0.0995197747716503	-2.48109464615532	0.494114476409773	-0.0403565701201991	0.0999159606952986	-0.291515691021878	0.503282766926632	0.874594249386728	0.850033332337133
XLOC_016064	-1.14471567428924	-1.14471567428924	1.60900435350947	-1.14471567428924	-1.14471567428924	-1.14471567428924	-1.14471567428924	0.653969765502142	1.93494164374441	3.49132127734898	0.323772679919701	-1.14471567428924
XLOC_016070	0.764234753378645	0.392434495122384	0.326892781431587	-0.144834775540316	-0.623554098012256	-0.439519207687392	0.148324048027406	0.341484502431696	0.490633331452759	-0.319789653013531	-0.48896550813828	-0.447340669452699
XLOC_016072	-0.863359888398322	0.1309411844671	0.368663463969817	0.970784756905404	-4.5248349539945	0.0128893530256562	1.52183978593546	0.820855764233329	1.52443851443964	-0.00906355875208753	0.0586321935531089	-0.0117866153846098
XLOC_016073	-1.48113668539508	-0.102820233296025	-0.281468529133294	0.0608989652672474	0.162516647885076	-1.05277135028328	1.13292140855487	0.836960599038746	0.929289665576542	0.225640678719907	-0.116956101144308	-0.31307506579041
XLOC_016074	-0.456332360243765	-0.72913619466201	-0.251648464090149	0.706798478724707	0.16096182761291	0.146694651901008	0.469051514509204	0.357615607052004	0.346021873896364	-0.123800638891153	-0.195109947984154	-0.431116347824958
XLOC_016086	0.123967829962302	0.616957239650011	0.563892707154796	-2.02874951058958	-1.96867786423897	-0.748964044249244	1.27999165724696	0.779216988651045	0.659790520450588	0.213864753835852	-0.148984946228137	0.657694668354373
XLOC_016087	0.797936029470567	0.48565266819952	0.898224860760312	-0.0372051588497531	-4.17012347026208	-0.726699535538628	1.77131663757268	1.17556724796575	1.70687220311631	-2.59058608310358	0.183235547516697	0.505809053152196
XLOC_016089	1.98599894843938	2.5175868809294	1.72700502119706	-1.67547611715679	-1.67547611715679	1.76794781756666	-1.67547611715679	0.123209322634593	1.93110871217367	-1.67547611715679	-1.67547611715679	-1.67547611715679
XLOC_016090	1.29335985229963	0.451239368739844	0.566706067322252	-1.70522549853098	-1.70522549853098	-1.70522549853098	1.65943565075678	2.28337972261859	1.66181980265059	0.610187028267231	-1.70522549853098	-1.70522549853098
XLOC_016117	-1.25276359192213	0.903701275348695	-1.25276359192213	-1.25276359192213	-1.25276359192213	-1.25276359192213	-1.25276359192213	-1.25276359192213	0.265033139278322	2.82703300679398	2.82668923063131	1.94688849140261
XLOC_016124	2.6558174430586	0.906900723174036	1.02236742175644	0.660149973920994	-1.24956414409679	1.32072838005578	-1.24956414409679	-1.24956414409679	-1.24956414409679	-1.24956414409679	0.931420922614896	-1.24956414409679
XLOC_016126	-1.8800585513119	-0.43163265470301	0.391873014541333	2.00617756748363	2.3196213895759	2.1034294982146	-1.8800585513119	-1.8800585513119	-1.8800585513119	2.19973804740421	-1.8800585513119	0.811085894042849
XLOC_016128	1.10271574161418	1.11879646599995	1.2608028455261	-0.419805093470783	-3.63269557243822	0.905028734581935	0.269470567200598	-1.05785731052763	-1.391749956646	0.751865428451636	-0.0961555989852148	1.18958374869345
XLOC_016136	-1.63304395147797	-1.63304395147797	0.63888761437527	2.89420591719141	1.64308584313117	0.161747962901686	1.21503756492118	0.16564148831342	1.44661336655569	-1.63304395147797	-1.63304395147797	-1.63304395147797
XLOC_016138	0.804961299637938	0.244537871995789	0.00764380697885247	0.633827805366432	0.315289564102346	0.0882681289713192	-0.664225146411375	0.0936619693040681	-0.0310200247938486	0.0245658363008028	-0.576398824034167	-0.941112287418155
XLOC_016141	0.704805926163957	0.185967639420769	-0.10825840556421	-0.710319699307346	0.158315274861585	-0.381757050537902	0.577092332292414	0.563745232653717	0.230606814248401	-0.649338412841785	-0.416827107633874	-0.154032543755728
XLOC_016143	-0.291632847676865	0.34630502551031	0.169336200906091	-0.316512750993928	-0.168292824358229	-0.347630889784583	0.329546960058897	0.265324235393155	0.110302449423704	-0.212262404731291	0.356528104772792	-0.241011258520054
XLOC_016151	-1.226178267638	3.09720103454088	-1.226178267638	-1.226178267638	-1.226178267638	-1.226178267638	0.809519933928898	1.85056425520162	0.29161846356245	0.353359119520498	0.954806799073684	-1.226178267638
XLOC_016153	1.78140833910992	1.85597536110992	1.77367579436691	-0.13101276959897	-0.955735478441657	-1.14921718382587	-1.22117565555991	-1.14467144606785	-0.999099460566445	-0.0265877030952608	-0.18296973452543	0.399409937094628
XLOC_016154	3.028853462039	2.92083122508576	2.69904930057975	0.234421797305054	-1.34531827907148	-1.53879998445569	-0.744431359320499	-2.31040706881687	-0.742047207426683	-0.416170503725085	-0.36803331893975	-1.41794806325351
XLOC_016157	2.99167732489603	2.85716833088775	1.28750905650758	0.443503146726651	-1.46621097129114	1.10408155286143	-1.46621097129114	-1.46621097129114	-1.46621097129114	0.113326415867367	-1.46621097129114	-1.46621097129114
XLOC_016184	1.06867718913258	0.936976497902315	0.320735723003993	-1.74943292987839	-1.33471953262544	-1.04395304975507	0.818243950650527	-0.234533182996616	1.1720552203214	0.374733972475067	-0.291095640063649	-0.0376882181667124
XLOC_016200	1.32853348571722	0.590070321710964	1.60335427290887	-2.03924100372564	-2.03924100372564	-2.03924100372564	0.808840512673506	2.34150549350066	1.32780429745593	-0.459703616567139	0.616559247502547	-2.03924100372564
XLOC_016224	0.642209395450005	0.286975210990731	0.0981197788845156	-0.136920621763661	-0.11880516241435	-0.244548537337733	0.118107540015403	0.185739752016391	-0.0835960058584053	-0.245054101118354	0.0277024367917393	-0.529929685656279
XLOC_016232	-1.02491165278894	-1.26751821958832	-0.0653369849077174	0.414172184451485	0.113940869617617	0.928790342991828	-0.488578015225282	-0.605259413630693	-0.801026367078049	0.274412226962389	1.03029632505672	1.49101870413896
XLOC_016233	-3.52112534821398	-0.601186251149123	-0.673313364000548	-0.420358361213614	0.0152901972714661	1.06548543980085	-0.656958044154162	-0.202665155953685	0.0697963424586749	1.07484403466599	1.84194997167689	2.00824053881123
XLOC_016235	-0.929510375551718	-1.19433567365269	-1.53900844143976	0.901808599189257	0.919811179183114	1.14206818290658	-0.787394326282325	-1.39879345058931	-0.35705997323875	1.04749354206081	1.46903537865792	0.72588535875688
XLOC_016237	1.85832385020268	0.96774401880265	1.22924944603142	-0.793168376243641	-0.728216612553629	-0.00612229476131265	0.391894923949041	-0.000918817396799554	-0.389960088085677	-0.929636647093613	0.0913314664172278	-1.69052086926835
XLOC_016240	-0.149142774544469	0.121020022663141	1.11972358822979	0.0849662688212831	-0.473743160307613	-0.691762624522659	2.35728950856527	1.86495110124647	1.67274417381792	-2.56914156179866	-1.14349489892836	-2.19340964324212
XLOC_016248	0.416129150135848	0.400692202824449	0.7517324552377	-0.0105308574659118	-0.142919803457039	0.167487060245255	-0.159577344934609	-0.160224549200396	0.157361319151755	-0.2938039061487	-1.19227678267122	0.065931056282869
XLOC_016270	-0.15585438271319	-0.555326133753026	-0.581164017134581	1.30938302449331	0.581442408146435	0.489736376969191	-0.738329753125425	-0.478905905790022	-0.560462852941639	0.46521559731722	0.100109797265691	0.124155841266036
XLOC_016271	0.394629305080933	0.815257130955016	0.202212240131688	-1.34120773631581	-1.34120773631581	-1.34120773631581	-1.34120773631581	-1.34120773631581	0.176588994884642	1.82148006545391	2.73824508623763	0.557625858835238
XLOC_016284	-1.72849218410079	0.198673226784653	0.34127079609098	-1.51418705596397	-0.132124214718955	-0.189353227911256	-0.982825515548292	0.52787030620742	-0.431696863612065	1.53166800180964	1.53961010798836	0.839586622974275
XLOC_016296	2.32849733727193	0.843854383332164	-0.242036965656941	-1.78545694210444	-1.78545694210444	-1.78545694210444	0.250241259462461	-1.78545694210444	-1.78545694210444	2.73031445313797	1.22698412927194	1.78943011370268
XLOC_016299	1.67649609676611	0.938032932759856	2.64131972883398	-1.69127839267675	-1.69127839267675	0.103513521702903	-1.69127839267675	-1.69127839267675	-1.69127839267675	0.624134134121465	0.964521858551439	1.508373690648
XLOC_016303	-1.20071924371127	1.78412537262979	1.07121232214197	0.708994874306516	-1.20071924371127	-1.20071924371127	-1.20071924371127	-1.20071924371127	-1.20071924371127	1.96196855805845	2.87873357884218	-1.20071924371127
XLOC_016327	0.151866387458669	0.556669145170444	0.450244544406966	-0.0438262538240526	0.384650855222193	-0.25236351226267	-0.505117051222183	-0.67252645057591	-1.07486589774703	0.16670389643448	0.284652952073787	0.553911384865309
XLOC_016328	-0.0443954930138268	-0.428563466519509	-0.145000920490457	-0.0786020460865391	-0.123224465500671	-0.00753344253226196	-0.520698246289066	-0.471558212113959	-0.641457781466983	0.866043755641213	0.761883851825147	0.833106466546914
XLOC_016330	-0.39224695110809	-0.633762402217506	-0.792186879059624	0.880119382539082	0.770622354053121	0.477365071122531	-0.682344802474402	-0.492203963726546	-0.391447238814607	0.687608232604578	0.235252806075405	0.333224391006055
XLOC_016339	-0.559418521875465	-0.489203201864656	-0.266296225812827	-0.0645294174506983	-0.474426574448078	-0.107213068544684	-0.0474937230305752	-0.245789561513975	-0.55580451859454	0.987066682068086	1.10321022285591	0.719897908211509
XLOC_016366	-0.505931680229108	0.207655838736882	-0.660758515064292	0.0234176645422588	0.0932039185663793	0.276364006970955	0.697185254086611	0.157687442292412	0.285035607232199	-0.244743591380594	0.0191778947923718	-0.348293840546074
XLOC_016368	-0.164305231948964	-0.449282452682416	-0.854949659178267	0.617142609998481	-0.346852763575302	0.0330581081439503	0.198618219748325	0.0657484077943149	0.191965141790071	0.107064818400605	-0.0410124541631136	0.642805255672318
XLOC_016372	-1.36878889396214	0.269010727855017	0.0608570645136188	1.39135931693587	0.737152196676934	-0.0530610208236952	0.51903166199962	-0.193613342024735	0.655679230821335	-0.496350966863187	-0.65711056085155	-0.864165414277085
XLOC_016385	0.528482960108995	0.388983311212027	0.799986650017114	-0.675886776270775	-0.719431007893697	-0.629685123711399	-0.623715107795292	-0.62436231206108	0.0863965802140463	0.555582060599788	0.4201163205415	0.493532445038776
XLOC_016388	0.0336507757975992	-0.0711400130846283	-0.412775115330779	0.897766589894406	0.81420235813796	0.634419580695788	-0.815286098804746	-0.494208660388522	-0.531261426167022	0.210190843428385	-0.508378044432048	0.242819210253614
XLOC_016389	1.38474400323952	1.34125698698876	1.04671164445602	-1.60209795138303	-2.17708478453462	-1.93655635597819	1.44137139464189	1.07289674107016	1.18716268492961	-1.00797933586188	-0.945610934748472	0.195185907180254
XLOC_016390	0.724929378919867	0.627286113948441	0.233916445472904	-0.715395992751863	-1.57106610621054	-0.81627456314609	1.03360630375202	1.07235570564453	0.88174019399969	-0.547580268786488	-0.790408237143771	-0.133108973698699
XLOC_016391	1.77187231013787	0.327702976005869	0.469347285462886	-1.62437057926957	-1.0519433678466	-0.589492147557054	0.672022023270102	0.726224071201306	0.858078788337949	-0.428784444817574	-1.31563209107934	0.184975176154158
XLOC_016393	-0.722857184676619	0.34129548592523	-0.427163416865624	-1.09275758983064	-0.645719075265835	-0.113887365584462	-0.249506226829816	0.486187761927324	-0.288085884971397	0.706964037010676	1.08862924800936	0.916900211151797
XLOC_016401	-0.350848799633692	0.266878100924563	0.512454998301735	-0.403370009626747	-0.928883794883457	0.0624087554210417	-0.445440473337036	-0.588424179594119	-0.544184633082276	0.714652150437651	1.003786774062	0.700971111010336
XLOC_016425	-1.06853455734528	-0.0619563405832206	-1.29777013827103	1.12049980636474	2.16162189982847	1.24619609557051	-1.07136765170575	-0.492959181284651	-0.84929145671228	-0.407013902354552	0.171357485544239	0.549217940948793
XLOC_016430	0.349709644611155	-0.222958335807107	0.070574144998691	0.999793095997314	0.70572111424935	1.0106425812431	-1.02488316632332	-0.85601464219378	-1.50306273357612	0.987902052298487	0.0920384067679336	-0.609462162265704
XLOC_016431	-2.23616850013167	0.351373760650464	0.491571990848302	-0.0857694227328882	0.227674399359383	-0.900075941326664	-1.93630733996152	-0.523622079838704	-0.604960240346841	2.04234236413971	1.28023445905929	1.89370655028113
XLOC_016442	-0.710213121048366	-0.38981796798266	-0.457330939217144	0.0823785680627562	-0.0875887796916217	-0.762920575974702	1.53269494925956	0.982069000553826	1.27243206535602	-0.804281133114824	-0.535882572861347	-0.121539493341499
XLOC_016447	-0.135360639521865	-0.387210711066892	-0.776914945385904	1.14127555687304	0.967907070182201	0.446792597686335	-0.00723599996999624	-1.0752145215384	0.138845737868439	0.0368278039174674	-0.528310766949176	0.178598817904752
XLOC_016453	0.253207286647898	0.249921941747328	-0.778389854923311	1.02126931986098	1.15795660526455	0.519560006437448	-0.324648826562454	-0.258728618272014	-0.39186150273633	-0.300117399182501	-0.59449818535799	-0.553670772923605
XLOC_016456	-1.32109199094497	-1.32109199094497	-1.32109199094497	-1.32109199094497	2.3323567111245	2.12233194377848	0.714606210621928	-1.32109199094497	-1.32109199094497	1.47928615951214	2.59906291157777	-1.32109199094497
XLOC_016458	0.0635992097071849	1.76745736835568	0.8735385832148	-0.449306408117548	-2.83088127950122	0.0230770856639229	0.868343151412264	-0.104063632029742	0.152814193317908	0.328547770159665	0.524807616040831	-1.21793365822374
XLOC_016459	1.5038970003712	1.56522592334329	0.39898460829711	-0.150999503753892	-4.4945138096672	0.554480376369433	0.873650040730808	1.23502131676359	-0.0683283569118078	0.451803037944391	-0.574358907144457	-1.29486172634246
XLOC_016460	0.727143768907081	1.11075426196509	0.719321205951081	-1.87152002450825	-1.34694521501452	-1.56496467922957	1.20812561146439	0.697830523373447	0.986693182328999	-0.339447819027396	-0.050338119528651	-0.276652696681687
XLOC_016475	-0.0408827727373167	0.376786032946818	-0.443695965278991	0.314912911877476	0.600199536148165	1.25075004315692	-0.176289741333161	-1.03265907752958	-1.69663676875607	0.26019632388182	0.541334243281971	0.0459852343419449
XLOC_016480	-0.41298283309121	-0.0383420396988869	0.339513304030095	-0.386357968308173	-0.653428405351312	0.0374805715565039	-0.443213301000375	-0.285188639242658	-0.306341999091133	0.618416613126296	0.671550629114549	0.858894067956298
XLOC_016486	0.329102026216227	-0.0363656305621305	0.354647669783197	0.00563426868076888	-0.41274197104411	-0.246336798200648	0.102069767270279	0.564931629519212	0.689287746544116	-0.370563302321223	-0.875568733742386	-0.104096672143301
XLOC_016488	-0.17827330452677	-0.586363815544406	-1.23368046236008	1.31014389431158	1.56146978747778	1.01898938910814	-0.733995461075119	-0.0932115593336738	-1.55650428268028	0.213954666942116	-0.163164819673603	0.44063596735432
XLOC_016505	0.421989202126945	0.330406453786326	0.0694862912402279	-0.7354145390481	-0.0409210711579728	-1.34034783006274	0.443160514421835	0.716486949473921	0.798066828416973	-0.331889152143337	-0.207233216818747	-0.123790430235332
XLOC_016516	0.0746458014694795	-0.0302820838304001	-0.593245037608996	1.16453137275695	1.41585726592315	1.00827673347375	-0.87960798262975	-0.401027625042261	-2.06136387485658	-0.397213121378711	9.92273698470214e-05	0.699329324353529
XLOC_016525	1.77987851224283	0.0309617923582564	2.063026009747	-2.12550307491257	-2.12550307491257	-2.12550307491257	0.372830977505949	0.951239447927048	0.594907172499418	-0.54596568775407	0.0554819917991161	1.07414900841217
XLOC_016526	0.0899127216368214	-0.436787944702207	-0.142081518604211	-0.396718416122004	-0.117815702813607	-0.100777778122877	0.165723843466218	0.23487486219339	0.108730468655692	-0.0528492221668788	0.173018264437596	0.474770422142061
XLOC_016536	-0.432135016267292	-0.366350182984972	-0.44610106418023	0.88933839643901	0.755334187047831	0.670088567427726	-0.0479365263162386	-0.0562590998310366	-0.0275932782906221	-0.339224930602846	-0.244193251773716	-0.354967800667612
XLOC_016537	0.914521977050659	0.789521487895132	0.642160565811268	-0.873891473207719	-0.141878668268995	-0.195355864010867	0.598795514202632	0.575843961287435	0.193301542105775	-0.818655368817494	-0.518966588347305	-1.16539708570053
XLOC_016549	0.286274724159934	-0.172656792055915	-0.264251940985269	0.248082596220467	0.294605562259182	0.0289293895702016	0.491983091306794	0.0950501622320967	0.378310050709052	-0.294742491654233	-0.693804844517463	-0.397779507244853
XLOC_016553	0.352720762224921	-0.0448699853404291	-0.367409698166475	0.152329899112204	-1.11884807162525	-0.362962675389132	0.54038132006841	0.889177646711079	0.641802717360921	-0.526079353588114	0.0145654059623439	-0.170807967330476
XLOC_016559	1.61717219774325	1.27422205587063	1.0367188219862	-0.757013672793548	-1.26559639614094	-1.24182967521321	1.20947031696981	0.850367491820296	1.00496312808564	-1.54979479009454	-1.25236948814979	-0.926309990083789
XLOC_016560	1.20703097428033	1.26160117814466	1.11799167077992	-1.0780025552005	-1.21534383015711	-0.863422852087733	0.915467836998586	0.492193338460035	0.918105042242657	-0.878073534867259	-0.822943893287894	-1.05460337530568
XLOC_016563	-0.846888060266299	-0.575614895471361	-0.731208589774584	0.844728099392098	1.05942176970483	0.530069608764878	-0.278567186802288	-0.397089949407202	-0.0335156075213612	-0.682785609327196	0.627523369943419	0.483927050765061
XLOC_016567	0.510929517477303	0.0835157847582186	0.357748949843691	-0.0326756492227354	-0.412276337799943	-0.39703835931037	0.566013656443198	0.826842031714793	0.646756607971565	-0.53769466983274	-1.06170531231586	-0.550416219727118
XLOC_016569	0.573740257503057	0.994368083377141	1.10983478195955	-1.16209678389369	0.799842650635953	-1.16209678389369	-1.16209678389369	-1.16209678389369	-1.16209678389369	-1.16209678389369	2.75805811862906	0.736736811257363
XLOC_016590	0.677565085116577	0.533433946170272	-0.109872288272809	0.214099609330439	0.471351917952645	0.412893714609705	-0.319877849783612	-1.10483286720618	-0.237801284183793	-0.243321820699706	0.286751586712342	-0.58038974974587
XLOC_016591	0.454961778727522	0.64143382363361	0.405982528305509	0.00344175215612452	-0.0326719823939232	0.179587894756827	-0.445686485325728	-0.4818325202781	-0.49298620866325	0.0544318492028832	0.290576329684656	-0.577238759806133
XLOC_016592	0.603866240559765	0.599761991432423	0.495930483001001	0.574149290628892	0.548112088141247	0.339412195124476	-0.60801627788301	-0.169140311551282	-0.724366219294942	-0.541409608135526	-0.328440129815275	-0.789859742207772
XLOC_016594	-0.139032870643552	0.194083477681287	0.276623905160399	0.16451273277359	0.010075894938355	0.107586336962502	-0.118844765052563	0.134167213418424	-0.35805397687065	-0.106934570436524	-0.058433874276643	-0.105749503654618
XLOC_016595	0.708026367668415	0.534086156158557	0.632217231415962	-0.033376941549057	-0.0769211731719786	0.0128247110103192	-0.168460615230094	0.351209249195496	-0.291165411129423	-0.489760625660116	-0.454926968839779	-0.723751979868304
XLOC_016617	0.201784547959914	-0.0627464970002798	-0.0209415598127212	0.132982908977544	-0.0909774538506518	-0.243244603316626	0.155415768031457	0.524476171027565	0.409628255107144	-0.0432523861478042	-0.210051302433468	-0.753073848542069
XLOC_016618	0.499347979731813	-0.0348076750114386	0.236851195531091	0.14789809013448	-0.106096103806098	0.0198158636314725	-0.30480831851798	0.345971260130681	0.384775664442484	0.155273885451707	-0.252214709703307	-1.0920071320149
XLOC_016619	0.235908048969458	-0.0408852963825517	-0.047544272931674	0.369043818889837	0.118942754092144	0.0849121585492725	0.0862562647913752	0.234543454898638	0.522776683380645	-0.0958811725536766	-0.391878958938829	-1.07619348276463
XLOC_016621	-0.0510571759061884	-0.04215500357531	-0.453330184317686	0.664590130772746	0.849334732883127	-0.0183106347681452	-0.0272384155830601	0.208536690402711	0.258699793816784	-0.198594552284895	-0.321889232599391	-0.868586148840696
XLOC_016622	-0.568526427497874	-0.0789584936239276	0.00475898989187229	0.131810713076639	0.0145191823502202	0.328436768590501	0.257417357984185	0.591206296282595	0.128186802409594	-0.388111132376663	-0.278073156138614	-0.142666900948536
XLOC_016623	2.96893588913948	0.511980198592974	2.70614957861859	-0.936445698015919	-0.936445698015919	-0.936445698015919	-0.936445698015919	-0.936445698015919	1.3044999177763	-0.936445698015919	-0.936445698015919	-0.936445698015919
XLOC_016632	-0.951119773712181	-0.205026312001896	0.314581904466503	0.969014157054296	0.854609929126354	0.169744888170532	-0.780875406855505	-1.17368914820134	-1.00831398216423	1.03741391215622	1.13911423475914	-0.365454402797892
XLOC_016633	-0.970180439588908	-0.830209565490717	-1.22369010770944	0.865468447897369	1.03853869390612	1.24470452155272	-2.30225672746486	-0.889571467342053	-0.731370099701302	1.76253997182973	1.86093336253323	0.175093409578122
XLOC_016634	-1.7155683151197	-1.00225064219314	-0.525624581290741	0.255366691467844	0.558098920931876	1.25718824899952	-0.811987526311495	-0.333407168724006	-0.902195862374758	1.05920623357251	0.943627210455773	1.21754679058631
XLOC_016637	0.494550278885343	0.456460644991262	0.508560844579434	-0.140314352386603	-0.18446687305505	0.126161945225628	-0.346649524680972	-0.528610350305289	-1.13787419394695	0.382150262754986	0.369523735446169	0.000507582492038416
XLOC_016643	-1.70052955910562	1.28431505723544	0.57140200674762	-1.70052955910562	-1.70052955910562	-1.70052955910562	-0.349972586910483	0.0981558806857703	1.01988068830637	2.19875915853254	0.480455507606072	1.49912252421913
XLOC_016646	-1.78524314480885	-2.0726542895967	-1.24914862035236	1.00616968246379	-0.757305956668815	1.72854484328292	-0.672998669806445	1.02186985517467	2.16023973984277	-0.720702035748482	1.66265669909834	-0.321428102880847
XLOC_016650	-0.750583434121844	-0.264167483194507	-0.604149724918456	-0.034699945276861	0.312121675794626	0.0849434465020771	-0.0579606452253536	0.249024517638445	-0.809002932309139	0.436207116521376	0.575876741767897	0.862390666821742
XLOC_016653	2.04220737132808	1.61423356429749	1.85056828567931	-1.86487461207775	-1.50110851493942	-2.38144195025546	-0.0320513708470411	0.632680488151099	0.468659188829886	-0.0350632261808244	-0.417235241596408	-0.376573982388955
XLOC_016682	-0.18294596380975	0.271439417900679	0.379627640447454	-0.517683012106152	-0.78721293598891	-0.101040176194167	0.552520250435907	0.957148018894752	0.732077552622446	0.144041631182675	-0.44503103472425	-1.00294138866068
XLOC_016690	0.170329361059339	0.307137957378125	0.808114627224032	-1.05495200467787	-0.293148758143285	-2.28589134719735	1.52252543308718	1.36004697917819	1.11267204982803	-0.9031038779055	-0.366691485689942	-0.377038934140947
XLOC_016695	0.502194030640224	0.409602027139339	0.447228790876915	-0.409205702994162	-0.670316388009967	-0.316036625626621	-0.153285211212772	0.414231236745055	-0.068370657541962	-0.086227222774431	-0.0412244412871683	-0.028589835954449
XLOC_016702	-1.35886816470831	0.795521362859185	-0.436694204694317	-1.80745275133705	-1.36689452823501	0.229281799184021	1.21624842611524	1.06570880830382	-0.0747083229557211	0.329259012393996	0.781508365423565	0.62709019765059
XLOC_016719	0.0199463068521961	0.489976756390885	0.394488010195987	-0.368697330939605	-0.178639635941828	-0.00851606859507381	-0.425191257194936	-0.0623293592541216	-0.53375336398006	0.0268098678921325	0.270662028377499	0.375244046196929
XLOC_016720	0.199935363427479	-0.134120170728648	0.400034939495765	0.271851561350295	-0.219175088620483	0.28270104659608	0.268777896512197	0.11978977913479	0.00207754416141892	-0.557122598567457	-0.163624350843946	-0.471125921917491
XLOC_016722	0.667131886484937	0.307669245076132	0.0436534574908594	0.426887165382994	0.675404672663824	0.316603236520544	-0.390669665306928	-0.300117145159521	-0.633865487266409	0.601172657471381	-0.708384218748093	-1.00548580460972
XLOC_016723	0.978164917691329	0.557427997670175	0.319455971791678	1.14703166022833	0.986352063202672	1.18894102820163	-1.29944867900351	-1.58736730545165	-1.29706452710969	-0.423897411749461	0.519627057012666	-1.08922277248415
XLOC_016724	0.259564501274689	0.0819241183706581	0.144026452298078	-0.441529673298406	-0.275259542829255	-0.315377300257117	-0.185514222688337	-0.162658824929466	-0.067351966509241	0.326008931123177	0.387809500474793	0.248358026970424
XLOC_016738	-2.59047121350218	0.393849869265058	0.581382337908052	-0.914645951589661	0.00831171848723322	0.34466098362624	0.470028954110591	0.0390156621410283	-0.292693125011176	0.826968082566903	1.63464338932362	-0.50105070732571
XLOC_016745	0.648279807104498	0.948956712732238	-0.965534253023731	0.817146549641495	0.165884206428112	-0.801203474803888	-0.220434700305955	-0.0515661761764186	-0.337157640477237	-0.478223543635691	-0.122299310735435	0.396151823252016
XLOC_016747	0.0536305451592511	0.36891096505862	0.515160502645107	-0.299877552447598	0.0803116890353088	-0.546099899073196	0.246087029822998	-0.177152636252274	-0.104172109730337	-0.0369818977355951	-0.129777474742752	0.0299608382604646
XLOC_016748	1.51801911559278	0.685711071372229	0.776585299529534	-1.30127705933666	-0.690094056828326	-1.81784439751437	0.178565705531971	0.365173843422704	1.11832108407225	-0.0396577300600747	-0.416777216675793	-0.376725659106238
XLOC_016753	1.28593211306404	2.00499725841435	1.92269769167134	0.0180091277054539	-0.294358016064878	-0.498558210472257	1.11890782886344	0.418117410475564	-2.05269107947356	-1.2550752838758	0.902508970366323	-3.57048781067401
XLOC_016770	-1.00022207339927	1.15624279387156	1.27170949245397	-1.00022207339927	-1.00022207339927	-1.00022207339927	-1.00022207339927	-1.00022207339927	0.517574657801184	1.31519045339894	2.74083711626924	-1.00022207339927
XLOC_016779	-1.02081487767966	-1.02081487767966	1.73290515011906	-1.02081487767966	-1.02081487767966	0.773977036699991	-1.02081487767966	-1.02081487767966	-1.02081487767966	0.558722509478841	3.20208072998835	0.878018717471389
XLOC_016790	-0.240059727688028	-0.211531180495014	-0.306012354013114	0.619565818657835	0.845167542329468	0.260749942876755	-0.317081544618482	-0.206383833433363	-0.226584007457766	0.396155861234504	-0.345902529252311	-0.268083988140485
XLOC_016804	-1.49438952873395	-0.0459636321250603	0.777542037119283	1.20931305445221	0.467549905795688	0.300402385645699	-1.49438952873395	-1.49438952873395	-1.49438952873395	2.8901714721559	-0.0259011745250077	0.404444066417097
XLOC_016807	0.934829735093501	0.281180648181708	0.323435101720836	-0.170883361706672	-0.238896082373962	-0.53364628310177	0.600454030504004	0.0712997556976482	0.52364223119984	-0.582829281837521	-0.580070318134642	-0.628516175242964
XLOC_016809	-0.00350055450878806	0.392260815931074	0.412735355107087	-0.24046593073893	-0.581889826538617	-0.177514882216796	0.981294503820775	0.357219531499914	0.161267927729307	-0.209627732537469	0.0387250299706263	-1.13050423751818
XLOC_016830	-0.358735048722884	-0.183489181063466	0.13108917347412	-0.463041352061679	-1.82661200923741	-0.664043325132055	1.28717314832745	0.929183244193632	1.17398994867871	-0.365198422232694	0.167167036356162	0.172516787420112
XLOC_016834	0.253325755234686	0.575760645235278	0.874289168255972	0.619530240937372	0.688017657322656	0.587158440613952	-1.50190860008164	-0.901606654791071	-0.538032312905231	-1.18730231471107	0.761838446296807	-0.231070471407722
XLOC_016839	0.480437027238303	0.121772108537548	0.438722072357454	-2.52393464170205	0.246078355193724	-0.0748376627221718	-0.722919441923814	-0.684687183507945	0.505144197097239	1.03110831185285	1.73482155905279	-0.551704701473933
XLOC_016842	-0.476238275557749	0.41528276168084	-0.350477546134742	-0.243925061255903	-1.28067786967544	-0.396402264724761	-0.429408788780522	0.411564146482911	-0.0784897675729503	1.50076564205478	1.03985427409678	-0.11184725061325
XLOC_016882	0.402256079488182	1.12132122483849	0.129485181360309	-0.8656669058704	-1.17803404964073	-1.38223424404811	0.679329991586411	-0.0734173470235584	1.42283182912852	-0.213951427708055	-0.100804826471089	0.058884494360024
XLOC_016888	0.386550179088029	-0.16628788238576	-0.156657858574824	0.445900356648282	0.963228194069345	0.691074323993258	-0.479576096687059	-0.484387807297114	-0.8916941978611	0.0154035751658164	0.0233953013640784	-0.346948087522953
XLOC_016892	5.31406731463473	5.22016514472527	4.94216802015111	-2.54229918715361	-2.54229918715361	-2.54229918715361	0.822361962134151	-0.743613747362223	-0.301353571361386	-2.54229918715361	-2.54229918715361	-2.54229918715361
XLOC_016893	0.808516437898646	3.26574239458809	2.92106962680102	-0.927320603498099	-0.927320603498099	-0.927320603498099	0.423236368697033	-0.927320603498099	-0.927320603498099	-0.927320603498099	-0.927320603498099	-0.927320603498099
XLOC_016912	-0.106774678633869	-0.0111105121983464	-0.329574165099098	-0.405843664167927	-0.00414161124951384	0.104634360047319	-0.621382077255024	-0.768081253546189	-0.203260135298082	0.680324970204882	0.852005456156276	0.813203311039571
XLOC_016914	-0.32735841920296	-0.0366235746190364	-0.975840304419027	-0.0347615084516892	-0.193139095748299	-0.419134248856665	-0.525237032014649	0.183401561327662	0.341105729384471	0.662250710724135	0.710576377608123	0.614759804267936
XLOC_016916	-0.580334554816219	-0.707143230000212	-1.08481652217215	-0.711790026151758	-0.0746784744669338	0.175786479049318	0.067883162705578	0.58936898484994	-0.0334897706530013	0.919287153717905	0.875036821990633	0.564889975946899
XLOC_016917	-0.818658117704972	-0.259836431782835	-0.404046846889589	-0.0303688938651892	-0.943082541855445	0.424519233642962	0.37121935968333	0.326598553883941	-1.06140853778817	0.386600242702279	0.722427990578494	1.28603598939519
XLOC_016918	-1.21975029637938	-1.21975029637938	-1.21975029637938	-1.21975029637938	-1.21975029637938	0.575041618000274	-1.21975029637938	0.578935143412008	1.02119531941284	1.94293750539034	2.52130889328913	0.679083298771672
XLOC_016937	-0.964833000538298	-0.474448535345019	-0.294064770162247	0.226435995195938	-0.528061736919629	-0.635765831571065	0.801956560220112	0.733955671901412	0.913520812126092	-0.465391974040375	0.51028415445661	0.176412654676474
XLOC_016947	-1.00044046718957	-0.258624692487185	-0.266290125786217	-0.21425361642909	-0.0161076232796979	0.237554157131351	0.0261182213046016	0.152924221472523	-0.146481721237267	0.416552914451234	0.514877903224209	0.554170828825109
XLOC_016959	-1.55304409324298	-0.744847130002875	-0.0579801823992181	0.0846351342845368	-0.477634459251197	-0.0732595149293758	0.466555088624577	0.564066048711763	0.137959750189792	0.461912490171585	0.53992129407086	0.651715573772536
XLOC_016960	1.24573179611866	0.62065858170235	1.14008462100537	0.149992033023066	-0.239748042591342	-0.463006443436891	0.104276587780914	-0.82324354747241	-0.0571239462641575	-0.390632145283003	-0.730127279835115	-0.556862214747448
XLOC_016961	0.9735217602988	1.027010411322	0.411933391635001	-0.202452752096939	-0.571637054137287	-0.105563340716964	-0.0644120186029165	-0.0348389916829932	-0.00780182930103024	-0.612600207930864	-0.285750627504786	-0.527408741282024
XLOC_016968	-1.0445060448084	0.190949009240986	0.206528252974769	-0.814946018271456	0.920585685416499	0.694590532308133	-0.469064684647322	-0.777713826958464	-1.16675509764734	0.7642680198808	0.281681898457882	1.21438227405392
XLOC_016974	-0.763795480151964	-0.763795480151964	-0.763795480151964	-0.763795480151964	1.19814395437768	-0.763795480151964	0.586761492043168	-0.763795480151964	-0.763795480151964	3.62076552073789	0.704692874056981	-0.763795480151964
XLOC_016980	0.789123427866805	0.564871423106759	0.52393177301907	0.0776429377791343	-0.17668358658893	0.431883207285045	-0.442446915984508	-0.237847647559437	-0.110867571793539	-0.479386598599229	-0.612719528770176	-0.327500919760999
XLOC_016989	0.540449417333874	0.352274986912987	0.45352369557571	0.21391435603667	-0.219435448533914	0.428494059149442	-0.856618966208092	-0.614482130667448	-0.306698596453693	-0.177157759156295	0.489562600478466	-0.303826214467712
XLOC_016992	-1.59591219742669	-1.59591219742669	-1.59591219742669	3.09428931306232	0.366027237102947	0.198879716952959	1.25216931897245	1.48083032541293	-1.59591219742669	-0.0163748102681913	-1.59591219742669	1.60373988589805
XLOC_016994	-0.18849598933092	0.233832627109401	-0.300553157760047	0.772560744180281	0.328355180001979	0.950605517979039	-0.252461978129645	-0.0142370799913385	-0.551489480778324	-0.88186436739351	-0.300740237544531	0.204488221657611
XLOC_016999	0.0793968813337598	0.716934640395552	-0.00609671218824381	-0.821666919075179	-0.758427603433482	-2.23976548366296	0.965537787683217	0.163398896245044	0.391628054712783	0.205655018499195	0.0448954245108322	1.25851001497948
XLOC_017004	-0.0586878065403864	0.253497283172707	-0.442399698038978	0.128664601613239	-0.158925803258644	-0.768391170903287	0.214167367422596	0.127173396877921	0.390282544303179	-0.234122087028259	0.284657769425861	0.264083602954047
XLOC_017013	0.395611993373008	0.114536291489682	0.178434804609058	0.368451506343895	-0.255274239644197	-0.0545920623556455	-0.722663098133984	-0.435415825629148	-0.249149800695708	0.189618652913479	0.185590031356462	0.284851746373104
XLOC_017014	0.488354011141924	-0.148552627530232	0.208492894229682	-0.257446439670386	-0.268977210673039	-0.264288112344903	0.12723563776298	0.690580328688537	0.319755746911956	-0.717909923259052	-0.313064220715479	0.13581991545801
XLOC_017031	1.29427334468987	0.531798895578166	0.781477761844812	0.796436193578428	1.00289448389591	-0.495468504348885	-0.060360199479585	-0.143386254519261	-0.0360935739003923	-0.652198064615862	-0.889971744536758	-2.12940233818644
XLOC_017042	-0.68255319060223	0.552901863447151	0.351907666223037	0.511030227707594	0.241500303824837	-0.113005107397302	-1.43184632069084	-1.34812400828889	-0.370322017223207	1.07812943827778	0.075188158164063	1.13519298655802
XLOC_017045	0.880646908673176	0.771367160116602	0.722539093899478	-0.446464228995751	-0.817214332018578	-0.581046225789191	0.656820443204261	0.402755366606939	0.353651640637455	-0.706547675089181	-0.439820083709193	-0.796688067536014
XLOC_017060	-0.21569589057553	-0.613332114189877	0.772420940233388	1.61741615469445	0.783817703070823	-0.382496462832251	0.0529429928246774	0.259669019495379	0.305107975024471	-0.0412808790148116	-1.10863640635454	-1.42993303237618
XLOC_017061	-0.320917071437761	-0.147473939932341	-0.107506761567059	-0.245105755313116	0.0506414957679722	-0.0354405072041128	0.00731908049438346	0.613149019194383	0.441979061617038	0.0731333074655387	0.00154089660776258	-0.331318825692684
XLOC_017067	-0.259040745738842	0.0106806278000402	0.0578035260840082	-0.261999320114537	-0.58983531005777	-0.504040693575735	0.70237057294327	0.787976762600639	0.909700142174849	-0.187992720482058	-0.280442420196643	-0.385180421437232
XLOC_017069	0.953257246457701	1.23569282494964	0.984054377147364	-0.680528748671128	-1.18434095389634	-0.58949266188439	0.440389373208482	0.285094764518951	0.557083569085856	-0.379043057945021	-0.627996314042582	-0.994170418928538
XLOC_017076	2.95096257542509	-0.954419011730308	1.79930101606841	-0.954419011730308	2.32171078287882	-0.954419011730308	-0.954419011730308	-0.954419011730308	0.563377719470145	-0.954419011730308	-0.954419011730308	-0.954419011730308
XLOC_017090	-0.689749834193804	-0.755852875052873	-0.537147701576131	-0.0994343238162916	-0.723419212509446	0.561020843098684	-0.565587615591307	0.521191825003259	0.115568687065499	0.639913652691636	0.830060998710515	0.703435556170255
XLOC_017093	0.487155121058052	0.383990152660892	0.0253679754294129	1.54203698099444	1.68001525997159	1.64803895401238	-1.77362392443487	-1.57242004139245	-2.33133660373014	-0.657454934074462	-0.145064872354617	0.713295931859784
XLOC_017096	0.0233746781968227	0.110783159420736	-0.759789794150256	0.673458129582982	0.234245549899478	0.442749924687253	-2.08029195054918	-0.693709573343744	-0.938626420516116	0.900562212316825	1.26003184345935	0.827212240995848
XLOC_017098	-0.446279024280537	0.285221280995473	0.0717072659678326	0.431300221679844	0.217370854858527	0.627140062494735	-1.37328780157075	-0.600216150498018	-1.50011623831265	0.505312961719437	0.554255960648802	1.22759060629731
XLOC_017114	0.373896559766145	0.004622534372134	-1.08126881461697	3.25561703709862	1.02875991100501	-0.829896876684819	2.57115057965711	1.3639164300851	1.18726901251108	-2.62468879106447	-2.62468879106447	-2.62468879106447
XLOC_017115	-1.17547722278861	-0.283341339200049	0.28951495875749	0.662541454777878	0.23674835467003	0.874931612417408	2.92827430552312	2.5418156854244	1.74796816566787	-1.37368442316212	-4.17406257361923	-2.27522897846818
XLOC_017116	-1.42611307315814	0.730351794112687	-1.42611307315814	0.483601044859646	-1.42611307315814	0.368678841221511	2.47605306648068	2.317521936102	2.18047175617232	-1.42611307315814	-1.42611307315814	-1.42611307315814
XLOC_017119	0.905410393458306	-0.830426647938439	-0.830426647938439	-0.830426647938439	-0.830426647938439	1.73986587621413	-0.830426647938439	-0.830426647938439	-0.830426647938439	0.749110739220063	3.24902617461501	-0.830426647938439
XLOC_017130	0.273430772363441	0.643058641890621	0.471350968144182	0.00764468796648021	-0.261885235916277	-0.362744452624981	0.22219634966353	0.618887759806121	0.432888412265729	-0.353576162108122	-0.263756700858916	-1.42749504059181
XLOC_017135	-0.510835440759529	0.16681988564285	0.652726863957217	-1.01843042715663	-0.38131887547181	0.172009674392897	0.410912115425908	0.717897278289707	0.384160393525196	0.203032641500999	0.235781025075277	-1.03275513442208
XLOC_017138	-0.834874124725565	3.35818887336062	1.43705744112767	-0.834874124725565	-0.834874124725565	-0.834874124725565	1.20082407684134	-0.834874124725565	0.682922606474889	-0.834874124725565	-0.834874124725565	-0.834874124725565
XLOC_017154	0.0153462670500311	0.417604506594575	0.480378726356951	0.381550752752717	0.571909540640775	0.227928195029345	-1.73988808826629	-0.0450195632851766	-1.86755935725345	0.358347242946157	0.965092060968138	0.234309716466226
XLOC_017159	-0.865487005023927	3.32757599306226	1.40644456082931	-0.865487005023927	-0.865487005023927	1.70480551912864	0.485069967171205	-0.865487005023927	-0.865487005023927	-0.865487005023927	-0.865487005023927	-0.865487005023927
XLOC_017173	-0.74086218438207	-0.0230825295201074	0.0833149985040409	0.255691114488073	0.0185676402371113	0.245282710775533	0.362162796807516	0.170460246767218	0.0974931193188473	-0.230698352643572	0.0600219142195098	-0.2983514745721
XLOC_017208	0.794581813627127	0.254810665193792	0.952084142530536	-0.567348799562584	-1.81846887362283	-0.411096305650662	1.14199298818777	1.23324300151236	1.28036182399473	-0.710037667342108	-1.17444376570922	-0.975679023158901
XLOC_017217	0.724416451235043	0.994206983131964	0.577103411037156	-0.369730555517408	-1.77006111574774	0.141575785374567	0.397410385873098	0.568633145806338	0.660541570111445	-0.0391562715564815	-0.997135158733068	-0.887804631014908
XLOC_017218	-0.106240442054339	0.191880685025833	0.30315318845062	-0.548933674086403	-0.38980017957741	-0.902528329653612	0.976903555998514	0.917587338426141	0.431119359224807	-0.724452805402081	-0.148936131511952	0.000247435159886678
XLOC_017235	-0.971233627301527	-0.41241194137939	0.0049256748649773	-0.661010185870289	-0.456263246058032	-0.0219635844236334	0.0825343881735625	0.310217054297216	0.195042184041263	0.485553689770543	1.02981635865769	0.414793235227617
XLOC_017260	0.747793918808778	0.403091639300612	-1.75337322797022	-1.75337322797022	-1.75337322797022	-1.75337322797022	0.744960824448305	0.0453122118211704	0.487572387822007	1.0470049224869	2.59998578980856	0.937771217384535
XLOC_017261	-1.06821270427452	-1.06821270427452	-1.06821270427452	-1.06821270427452	-1.06821270427452	-1.06821270427452	-1.06821270427452	-1.06821270427452	1.1727329115177	3.01158389444159	2.22994544918666	2.13143937905022
XLOC_017270	-1.5991636543766	-1.5991636543766	-1.5991636543766	0.310550463641186	1.16461057516018	-1.5991636543766	-0.248606682181469	0.975674607533989	0.641781961415621	-0.0196262672180987	2.48028916817685	1.09198079097815
XLOC_017276	0.884494940807766	0.834754586616682	0.756753440881757	-0.0664160819315756	0.00321246116296692	-0.222782691945399	0.130789925319907	-0.346298422007507	0.0524338508956967	-1.03934313776676	-0.63569132579565	-0.351907546237881
XLOC_017277	0.12931906919539	0.14586595563518	0.291735238901729	0.608867108888933	0.534248544412482	0.179208430902261	-0.241960604826796	-0.377206358287637	0.0484038672000064	-0.464392066672534	-0.511976511585074	-0.342112673763937
XLOC_017319	1.34499168430664	-0.265205128362535	0.7375720551826	0.813593994636441	0.43902695743074	-0.712502428058264	0.24675114778305	-0.412291353521576	-0.00440797311862973	-0.463004357898541	-1.14348529140533	-0.581039306974599
XLOC_017338	-0.959185615299369	-0.959185615299369	-0.959185615299369	-0.959185615299369	-0.959185615299369	-0.959185615299369	-0.959185615299369	-0.959185615299369	-0.959185615299369	2.94010310233879	1.69661463592882	3.99595279942671
XLOC_017343	-0.250980357268306	-0.514103857028525	-0.339854156287725	0.47149580831352	0.640941768088723	0.425419541582876	-0.190785852820724	-0.220945508699403	-0.100490635679744	0.0307313323395704	-0.179059999463863	0.227631916923603
XLOC_017362	-0.434355459006471	-0.0136346948022608	0.0094275652200686	0.00500039185917256	-0.390723032798968	-0.0505045550844292	-0.104310945403961	0.342504195078482	-0.247191724683963	0.284767461277744	0.582475115036608	0.0165456833079825
XLOC_017370	1.35536758770023	-1.14579955907876	-1.14579955907876	-1.14579955907876	-1.14579955907876	-1.14579955907876	1.35253449333976	-1.14579955907876	-1.14579955907876	0.433737828079743	2.15235859438242	2.72659841004915
XLOC_017371	-0.953905261252838	-0.953905261252838	-0.953905261252838	-0.953905261252838	-0.953905261252838	0.840886653126814	1.54442879116568	-0.953905261252838	-0.953905261252838	1.84647288920427	3.39945375652594	-0.953905261252838
XLOC_017376	-1.19756697743932	-0.988141954636813	-0.163106120614053	-0.474917228418587	-0.151642111509481	-0.0618962273271828	0.258433297213183	1.14406540986154	0.518988115960982	0.461838642707127	0.241540408817883	0.412404745384726
XLOC_017379	-0.576126217995827	-0.319584184800327	-0.418919768232033	0.453574388535838	0.654390713849907	0.766646609373076	-1.0570385384807	-0.445495372997812	-0.697353072635043	0.533304049079071	0.492907438135978	0.61369395616787
XLOC_017382	-0.218864726021827	-0.638571289177054	-0.423437972179646	0.759763513014226	0.689262801443818	-0.137123322525705	-1.54576230255458	-0.561678697591248	-0.960124172757268	1.21465304296352	0.948918757510179	0.872964367875588
XLOC_017383	0.0246719202000971	-0.931910293488247	-0.988905825482268	0.605804939001728	0.909995830639312	0.39726768056311	-0.994006692388966	-1.69479711077684	-1.25721687917102	1.42745302342952	1.08221692307113	1.41942648440244
XLOC_017389	0.345195441794791	0.373133642104518	0.805997378356296	-1.02752399413472	0.246119032375963	0.876290742812061	-2.87806191136335	-0.225003030929132	-1.1018023093547	1.26803140595895	0.583950287354495	0.733673315024829
XLOC_017401	-1.12689730700715	-0.114337535901565	-0.0297496396433932	-0.164345298905905	-0.23420720508695	0.293156553643611	-1.11208660710732	-0.403174522926584	-1.34081301574029	1.33916834598764	1.7744026996888	1.11888353299912
XLOC_017413	-1.14449120837456	0.547404642932637	0.202731875145566	-3.64565835515355	-0.881884125616776	-1.07536583100098	1.60993669025106	2.38676439807482	1.98229630578206	-0.482970553383835	0.274496547369194	0.226739613974358
XLOC_017423	-0.0592531007735904	0.31951899906885	0.546803070910073	-0.754557040493876	-0.594408567058787	-0.0268195541931835	0.395487489196258	0.33657195615404	0.30980952717848	-0.144850667699061	0.264232303172308	-0.592534415461505
XLOC_017425	-1.16722496721098	-1.16722496721098	1.10470659864225	1.53647761597518	-1.16722496721098	-1.16722496721098	-1.16722496721098	-1.16722496721098	-1.16722496721098	1.63315318324613	1.4885752840172	2.40766208859613
XLOC_017475	-0.308689833839823	-0.335675136958704	-0.231770548494598	0.612241723854092	0.628293876635414	0.367557198551641	-0.0789748307807727	-0.00802964265411177	0.0713859860134285	-0.0984998129420962	-0.26214051214304	-0.355698467241421
XLOC_017480	1.03416188981356	0.685146851536674	0.598118334302216	0.653940940953815	0.376567901770056	0.289629566275385	-0.404098973637264	-0.14724428081571	0.142814247665624	-1.0779222351129	-1.14803206573831	-1.00308217701314
XLOC_017494	0.164551116836923	-0.204790500221328	-0.886777151345369	0.403436223044337	1.08803952534305	0.824335780911803	-0.119111703866559	0.138505200216154	-0.522107942304525	0.0446113563030535	-0.227213903676107	-0.703478001241429
XLOC_017515	-0.862030477418304	-0.151178879581368	-0.712816659798671	0.331568885959922	-0.0649175295804705	0.586451333246851	-0.98596570088966	-0.315330034701719	0.324357579637307	0.786273816999469	0.595520572044698	0.468067094081944
XLOC_017520	-0.820708643357601	-0.936734859754297	-1.10023902991646	0.993402403971046	1.42207387710682	0.510948454390954	-0.0351023219905837	0.168806316071074	-0.0867760857735229	-0.703176067738605	0.452646367405843	0.134859589585333
XLOC_017521	-2.72757753037095	-0.572693337348516	-2.19148300591446	1.66450812857317	0.808838015114491	1.11924487881678	-0.56124843212888	0.590882661889339	-0.168033900448352	0.386701695888355	1.29199607656505	0.358864749363969
XLOC_017522	-1.31785713381406	-0.949940654013069	-0.707795138644945	1.04357068591152	1.19261874086708	1.0567089256822	0.0921702299970475	-0.162564614373728	-0.487499695662298	-0.0150158117319128	0.777158136696269	-0.521553670914108
XLOC_017544	-2.11087244625691	-2.11087244625691	-2.11087244625691	1.10201803271052	-2.11087244625691	1.33255148846654	1.9336139745037	1.63276256300322	1.49571238307355	1.9689241524592	-2.11087244625691	1.08877963706783
XLOC_017584	3.06763521872579	3.61532103379864	4.47876447243278	-1.39025307746137	-1.39025307746137	-1.39025307746137	-0.0396961052662401	-1.39025307746137	-1.39025307746137	-1.39025307746137	-1.39025307746137	-1.39025307746137
XLOC_017599	0.898044085753304	0.358272937319969	0.305208404824754	0.212286980823349	0.482579183976145	-1.00764834657929	0.578818157923091	0.263811445033044	0.636818264829831	-1.29821439122261	-0.768240788437778	-0.661735934243811
XLOC_017609	-0.627165158693152	-0.627165158693152	-0.627165158693152	2.07653742449301	-0.627165158693152	-0.627165158693152	-0.627165158693152	-0.627165158693152	-0.627165158693152	-0.627165158693152	-0.627165158693152	4.19511416243851
XLOC_017619	0.532889705237414	0.308821374862383	-0.682570027125722	-0.346276825274798	0.658127216405892	-0.0957673683260341	-0.278331002719131	-0.592814282629174	-0.492750731142953	0.544820066158128	0.263069776165493	0.180782098388509
XLOC_017653	0.784885122518194	-0.950951918878551	-0.950951918878551	-0.950951918878551	-0.950951918878551	-0.950951918878551	-0.950951918878551	-0.950951918878551	-0.950951918878551	3.28926049766326	2.58558805457445	0.947881676272499
XLOC_017666	-1.63184692051236	-1.63184692051236	-1.63184692051236	0.277867197505422	2.02160178155711	1.44008267968939	-1.63184692051236	-1.63184692051236	-1.63184692051236	1.82018174701713	2.28830798201038	1.94304013529475
XLOC_017667	-1.19243148495712	-1.19243148495712	-1.19243148495712	0.717282633060662	0.769507949572516	-1.19243148495712	-1.19243148495712	-1.19243148495712	-1.19243148495712	3.65768478269893	0.276056869251821	2.92648816011594
XLOC_017673	-1.393381321081	0.0550445755278903	0.150038655366498	-1.393381321081	-1.393381321081	-1.393381321081	1.97127982820676	1.18145694082959	0.84756429471122	2.68641527763511	0.0751070331279429	-1.393381321081
XLOC_017693	-0.0431062771177704	-0.844130198551717	-0.132133605809043	0.653815438489122	-0.120591016791967	-0.102721572515889	1.74976323492811	1.56463487814386	1.72893667826757	-1.78609230546221	-1.10191387555276	-1.56646137802731
XLOC_017694	-0.480817631787507	-2.43830704389305	-0.406242826504311	-0.461853599751556	-0.183960982874622	0.65485311832463	1.54998412491147	1.68784690015226	1.60838776448252	-1.14274324363439	-0.121775130123548	-0.265371449301906
XLOC_017696	-0.702746832184653	-0.925979877141847	-0.484102990050298	1.47250615936711	0.343178033745186	-0.000803311866243384	1.76158131834907	0.843805962615257	1.38645856408538	-0.917412393922871	-2.63571604484934	-0.140768588146753
XLOC_017697	-0.405626192595722	-1.14408935660198	-0.65913586071625	0.753849186630799	-0.497270887429448	0.419390782035633	1.84287653521586	1.38470339348036	1.61884193218775	-0.321372014509088	-1.11760043081039	-1.87456708688753
XLOC_017713	-1.15657057923861	-1.15657057923861	1.11536098661462	-1.15657057923861	1.60720365029817	-1.15657057923861	1.34176347317991	0.642114860552774	3.38955108402481	-1.15657057923861	-1.15657057923861	-1.15657057923861
XLOC_017720	0.0832961149627796	0.705426735347892	-0.196565001949462	0.67368183942645	-0.516598092364071	0.419598400090167	-0.0879053419263967	0.210371464452482	-0.316401916557745	0.00730942593058703	-0.82678659806138	-0.155427029351302
XLOC_017751	0.813452025233456	-0.0221820590839146	-0.136106848498357	1.19592149994448	0.134434873293063	0.954677205638668	-0.258176325057593	-0.950827164735474	0.0841885944842904	-0.285193201971351	-0.347343521986426	-1.18284507726085
XLOC_017768	0.71278105572143	0.343507030327419	-0.0138727292559504	-2.28580429510919	-2.28580429510919	-2.28580429510919	1.07885685417857	-2.28580429510919	1.08124100607239	1.61348442252897	1.93709131255882	2.39012822830509
XLOC_017783	-0.0122831039267304	0.88119118011313	1.65436099303038	-1.74812014532347	-1.74812014532347	-1.74812014532347	-0.397563173128343	0.826718116587114	-1.74812014532347	1.41456765644624	2.47477546234453	0.150713449827575
XLOC_017809	0.404547426553245	0.191167252577653	0.160577243591204	0.000779575783081299	0.065921488944932	0.0668106012283349	-0.208090912050755	-0.0816254668485428	-0.0946507839631892	0.026841049350681	-0.155213783944006	-0.377063691222636
XLOC_017812	-0.681066766316833	-0.0435290072550405	-0.211372020083034	0.512516651992991	0.242986728110234	0.253973140343431	2.00014179036147	1.3427419937056	1.25425242274093	-1.9946428952361	-0.572125438025198	-2.10387660033846
XLOC_017814	-0.872467238939552	-0.334956872537794	-0.445250704584219	0.96064480633043	0.260158947708492	0.728482976870515	2.2058132825617	1.67773784058228	2.30082863584613	-1.08492682121177	-3.309360471886	-2.0867043807402
XLOC_017815	-1.69682783996272	-0.511346494292095	-0.0810365293226321	-0.537352460736201	0.0952768159006325	0.27576549497577	2.68301970246348	1.68490286043776	2.51343052574763	-1.61257366187609	-1.32354313973707	-1.48971527359846
XLOC_017828	0.517452587782766	0.565254843871391	0.511515214085011	0.667909192453972	0.951328904371627	0.14705295218395	-0.632861639766485	0.0920585771923266	-0.439596743533365	-0.729865064931221	-0.213293809969183	-1.43695501374079
XLOC_017832	0.576110749693933	-0.0214351593424587	-0.249077737141334	0.00982741330537706	0.386069232109325	-0.535435836451007	0.460187142874614	0.631409902807854	0.54909857139566	-0.148832946060463	-1.53462813948788	-0.123293193703619
XLOC_017837	-0.246045481753989	-1.79620493597571	-1.7012108561371	-0.0317403536171685	0.0314989620245281	-1.44983891820495	0.322275391710023	1.57653036609687	1.05074983873474	1.39140611905362	-0.232189761208219	1.08476962927737
XLOC_017864	0.0905371788987352	-0.0280518484093175	-0.0906883575651793	-0.167794852862658	-0.399668216014868	-0.411131068204057	0.730384471361766	0.640247972350556	0.55090220360306	-0.724622384048182	-0.214158869820372	0.0240437707105183
XLOC_017878	-1.17803372840304	-1.17803372840304	1.09389783745019	-1.17803372840304	-1.17803372840304	-1.17803372840304	0.17252324379209	-1.17803372840304	0.339763002797412	1.13737879839517	3.60383962123537	0.720799866748008
XLOC_017879	-0.108133816213177	-0.663127948603149	-1.23255904272951	1.35754600808328	0.9014763116347	1.14359353569149	-1.31149028537529	-0.995046869658218	0.0607876050386986	0.198139837328442	-0.318497668054942	0.967312332857684
XLOC_017888	-0.509884136584708	-0.392637401169049	-0.640342499952718	0.739297152095976	0.612105249623327	0.670346559764709	-0.378445038771961	-0.344129644155318	0.440396740666996	0.116982176663428	-0.273399400027379	-0.0402897581533059
XLOC_017910	-0.287091543738232	-0.395142300020964	-0.329844196316939	0.392136352333077	0.350849370748284	0.216026995219686	-0.21417845272561	-0.155738825381494	0.226646203990063	0.108942301143244	0.0263045170024867	0.0610895777463973
XLOC_017944	-2.00565147792824	0.150813389342592	1.1086133433941	-2.00565147792824	-2.00565147792824	-2.00565147792824	-0.655094505733103	-0.20696603813685	1.60093335140223	2.51011991731417	1.00678959344815	2.50739686068165
XLOC_017948	-0.256549704408418	-0.496508187416403	-0.661230143820991	0.999240122928102	0.599844646175951	0.363276442963594	-0.0830937993400962	0.103343134615679	0.130723107770384	-0.128049535241928	-0.193613826935307	-0.377382257290561
XLOC_017953	0.59309299319926	-1.14274404819748	1.12918751765575	0.766970069820301	-1.14274404819748	2.84074400132902	-1.14274404819748	-1.14274404819748	2.66921375537807	-1.14274404819748	-1.14274404819748	-1.14274404819748
XLOC_017955	0.197765315876381	-0.220887989036727	-0.300993137101359	0.295028687001958	-0.0365245972179853	0.0146376702398694	0.208363452966704	0.165185101846056	0.39431684237563	-0.0842152743097291	-0.571454715154304	-0.0612213574865041
XLOC_017964	0.877077062305384	-0.858759979091361	-0.858759979091361	-0.858759979091361	-0.858759979091361	-0.858759979091361	-0.858759979091361	0.939925460700025	-0.858759979091361	-0.858759979091361	3.22069284346209	1.83238446626339
XLOC_017967	-1.19158549433369	-1.20532622882325	0.50432566127984	1.11736685252189	1.46029104632964	1.72323758262241	-0.445918825781187	0.352779196215957	0.10520982615504	-1.87475831836609	-1.17772977378792	0.63210847596736
XLOC_017971	-0.919030300556796	-0.774614102542662	0.159153912370757	1.245477269577	0.983487018269862	1.54188630467096	0.309081948124083	0.118016874989491	-1.01245408413664	-0.744615288996077	-0.904256985189444	-0.00213256658052696
XLOC_017978	-1.06476758543027	0.318949963565038	0.364878373045488	1.37859941364647	1.29878152907961	1.42050878161977	-1.06788092558537	0.388619123808342	-0.137161403553783	-0.533253357234972	-1.13438392141195	-1.23288999154838
XLOC_017983	6.01022347428616	5.49390153106386	5.50438039770576	-0.858718824846112	-0.806493508334258	-0.973641028484246	-2.7684329428639	-2.7684329428639	-0.527487327071676	-2.7684329428639	-2.7684329428639	-2.7684329428639
XLOC_018026	-1.05903605831223	-0.993899774358702	-1.0382464959469	0.714333337679729	-0.263675801420868	-0.220941471931126	-1.20739570238486	-0.742727998930158	-1.21708312231276	2.24327336792402	1.8409405529939	1.94445916699996
XLOC_018041	0.316180236931084	-0.1131211114594	-0.120059345366724	0.360333925457319	0.0645919763137037	0.190637488485043	-0.0710078642490544	-0.0218146239939347	0.0793545711797297	-0.154795436789413	-0.224495832112521	-0.305803984395825
XLOC_018050	-0.827858443039879	-0.0714570941636774	-0.998497494853908	1.26319033300155	1.50215149008691	0.808693407448963	-1.10652230323508	0.122862826753314	-1.03625934241961	0.218429962895605	-0.543677942184813	0.668944599710618
XLOC_018061	-0.195533705469659	-0.39050196380047	-0.0914417965709093	-0.133974130703186	-0.0877975346394768	-0.0305213590743278	-0.227345844092664	-0.411172497819212	-0.474504116166683	0.484665071233744	0.552510588144262	1.00561728895859
XLOC_018073	-0.685895813981414	-0.691752250603797	-0.525357138922001	0.927134309562554	0.990139475177802	0.763170382098114	-0.602165017798402	-0.6712722558986	-0.225766170526262	0.209958997922072	0.150090931623918	0.361714551346012
XLOC_018078	-0.945850298825244	-1.01000679303209	-0.727206456690888	-0.532554709532238	-0.301576875035354	-0.0108103921649798	0.253175809333957	0.451864504225171	0.395072105007753	0.660126618219541	1.0310109024274	0.736755586066963
XLOC_018084	-0.62242767620727	0.337016993218359	0.762975907473789	-0.788646089456303	-0.318968454639102	-1.2860561358711	0.309150251653973	0.316568194490019	-0.0866049857189841	0.621647300916181	0.178933276460769	0.576411417679675
XLOC_018120	-0.40717669321347	-0.600655256611694	0.0200398411418625	0.52404574802824	-0.112878339481067	0.0629847394929257	-1.18318673899092	0.230391761011395	-0.945512979187291	0.0720027205209881	1.00507004970282	1.33487514758621
XLOC_018129	-0.137952426501206	2.44958983428093	1.24047535342438	0.0359246501198358	0.0881499666316898	0.696503056254619	-1.87378946789795	-1.87378946789795	-1.87378946789795	0.441623058900264	0.782010783330237	0.0250441272530997
XLOC_018131	-0.761786081328305	-0.344425650081271	-0.198305193864286	0.489482677866553	0.414298351614526	0.860925997489566	-0.371470969135001	-0.782201343948201	-0.635977832592441	0.697448442083463	0.671639719315314	-0.039628117419916
XLOC_018136	-0.0603848899161887	-0.902505373475976	-0.787038674893569	0.52952669763266	1.69925746241946	-0.488677716594235	0.305690908540956	1.13898605354085	0.308075060434772	0.633951764136369	0.682088948921705	-3.0589702407468
XLOC_018137	-0.374563531045959	-1.35635709886991	-1.77078836657269	1.16747211961637	1.06906604222567	1.741645717543	-0.870778967359583	-0.0038332579917304	-1.1424117540262	0.382542466462136	0.364508541460189	0.793498088558709
XLOC_018146	-0.00139784180113267	-0.733470799335638	-0.991072598274118	0.904824662240121	0.30589216628417	0.875466466081961	-0.974717278427732	0.401996550794917	-0.719084819712326	0.646062423943842	-0.134579401241639	0.420080469447578
XLOC_018156	-0.522400369202424	0.0781268215368671	0.566018445635417	-0.811835566509311	0.0265429820545879	0.189985991022366	0.51336349834811	0.753512538871141	-0.0485745019420198	-0.297465333800355	-0.59761903862353	0.150344532609155
XLOC_018167	0.483218984037713	0.566053552981115	0.162264654520905	-0.680994779312459	-0.319628149933191	-0.634793126753083	-0.362328796858346	0.3032624530048	-0.557659424172198	-0.111058256718773	-0.177000132466463	1.32866302166998
XLOC_018172	1.29112407480522	0.292666260244052	0.248319538655851	-0.147148681085532	0.0432101068025261	-1.13318098897719	0.304651141106482	0.860049136175521	0.891426043284693	-0.369629345685611	-1.03721621595024	-1.24427106937578
XLOC_018174	2.84817306216498	-0.306716912941599	1.64733832880336	-1.75514280955049	-1.75514280955049	0.039649104829161	1.37422873182745	1.32159971328913	1.85144201977997	-1.75514280955049	-1.75514280955049	-1.75514280955049
XLOC_018177	-3.48623056675896	-1.32976569948813	1.09741845885121	-1.57651644874117	-0.210100772149827	0.889312453102833	1.88193328363905	1.76871727437987	1.45940434058981	-0.685852416301849	0.986766214281373	-0.795086121404209
XLOC_018178	0.78563709612478	-0.115669965112278	0.737782882261108	0.278042109727675	-0.606298883151642	-0.18301889880764	2.01972051124067	2.12288411064492	1.40714481474452	-0.865639913786258	-1.02202194521643	-4.55856191866943
XLOC_018182	-1.16440780005965	0.126634384922613	-0.115443179350375	0.00246949723785583	-0.446240075992122	-0.285239408776204	-0.241392440081324	-0.00214731163954429	-0.687036911417852	0.730892728432005	1.26519764774756	0.816712868977036
XLOC_018187	0.262874860703485	-1.39417865833296	-1.25342158627994	0.770370553865751	1.16762417932014	1.06431963072186	-0.314981252506866	-0.249061044216426	-0.322166327994251	-0.0637107123672935	-0.339360211605369	0.671690568691869
XLOC_018213	0.0506424360165543	-1.40283534435848	-0.309990778694709	1.50467992211512	1.25591268576494	0.289102871806824	-0.890879068212893	-0.351127816075975	-0.533897978424739	0.581080329478722	0.0240717512940343	-0.216759010709402
XLOC_018215	-0.195928891444427	-1.22717908141169	-0.449703042159753	0.749820798970613	0.715059891833017	0.810555151376152	-0.181118191544596	-0.0536055065071563	-0.241442159294238	0.229226443149781	-0.317258734188955	0.161573321221252
XLOC_018219	0.551685560964618	-0.00183252558132185	-0.409035034116338	0.917890046667304	-0.398181608681376	0.885518246343884	-1.55329625833233	-0.603246849061139	-0.239672507175299	1.29797193194763	-0.515090337297848	0.0672893343222105
XLOC_018233	0.0389366019882935	0.0565807092086601	0.0192572990360951	-0.0597683776426816	-0.110079232257688	-0.0299676359328682	0.020966184353437	0.0986018644240172	-0.0897571376059965	0.113386693580708	0.0916007667736238	-0.149757735925606
XLOC_018250	1.99454255027121	3.31069878907726	3.23757609931745	-1.91083903688419	-1.91083903688419	-1.91083903688419	0.587495015534331	1.16590348595543	1.16881828114946	-1.91083903688419	-1.91083903688419	-1.91083903688419
XLOC_018251	2.92315065203913	2.50628536196185	0.869058144846015	-0.33549255845853	0.518567553060462	-2.24520667647632	0.602874839922831	0.329631585434274	1.56675112709924	-2.24520667647632	-2.24520667647632	-2.24520667647632
XLOC_018260	-0.873182277388647	1.04593698820326	0.55646368108711	-4.24095676683151	-1.47718253729473	0.134586253030287	1.7714869841912	1.8968062725673	1.27394751706436	1.24293382329561	1.01128323375621	-2.34212317168046
XLOC_018264	0.708967383533482	0.551640867767574	0.825874032853046	-2.36512498691706	-0.777645525630654	-1.20236691967595	0.64112779038784	0.655446334896132	0.493088219920195	0.00738443102846897	0.340126879310816	0.1214814925261
XLOC_018265	0.692800916549558	0.342416207453959	0.242482117299613	-0.367274775472844	-0.399261386140338	-0.256283147096084	0.0269819137778757	0.139458104290838	-0.0130640567709062	0.0269261899864777	-0.615655756433318	0.180473672555166
XLOC_018268	-1.49928223459356	-3.24819895447813	-1.76206854511444	0.779047970605068	0.403235084233101	1.23610489334857	0.342284251585964	0.390751972686381	-1.25314543208587	1.30151258574666	1.73097645251218	1.57878195555407
XLOC_018297	-0.844797996550303	-0.738958486054053	0.191034667261193	-0.48900231193551	-0.821981607436443	-0.154478545919257	1.02128705434496	-0.0685402281759169	-0.549870612102572	0.434138595065423	0.782551278095829	1.23861819340665
XLOC_018303	-0.0615206897996501	-0.198719750028483	-0.273452665854803	0.332946233177828	0.232119213780339	0.142011848470777	-0.857623622976059	-0.618378494534279	-0.382326457233082	0.86777600961473	0.303074386688529	0.51409398869415
XLOC_018322	-0.108551117883859	-0.435158113805406	-0.363921263606109	0.051857357742696	0.0942490434784862	-0.377801320243976	-0.0692306584452416	0.080347842442297	0.441998835179798	0.0499237754751594	0.394070281552486	0.242215338113669
XLOC_018323	-0.00963131048719212	0.193125242023551	-0.520235774813427	-0.508899193573058	-0.719060454899931	0.190035821379695	0.271307920251345	0.195455564393977	-0.0789512193019908	0.469924240839346	0.300805896786412	0.216123267401275
XLOC_018324	0.865703990470803	1.26996398072626	1.23925080023553	-1.37710061162481	-0.207369846838007	-0.590054530142478	0.102742153243828	0.829818244431064	0.715722376044095	-1.51356888247478	-1.04544264748152	-0.289665026589996
XLOC_018328	-0.00957038497374629	-0.795036809381373	-0.773865164706367	0.44329948554623	0.552468226029577	0.161926084254038	0.00225136562909611	0.123469561615208	0.381194065018994	-0.235109767154087	0.0288117190188784	0.12016161910355
XLOC_018330	-0.738776911892579	0.444119512500344	0.351172373013491	-1.41153130045702	-0.907336077793247	0.294986776893226	0.173634404688269	0.525755782733539	0.312355522416252	0.180745218932008	0.736340243102329	0.0385344558633927
XLOC_018335	-0.406125447467114	0.334377282107964	0.151682936710704	-0.827149389350176	-1.44337282524489	-0.682736085512367	1.20289333680666	0.840226021544198	0.690074952043372	-0.0884167478739419	-0.0237341785669569	0.252280144802546
XLOC_018336	-0.146523888264397	-0.258452766831155	-0.0452929510073155	-0.0468637977781796	-0.311531604114457	0.11198069840777	0.48374247476862	0.450709745032185	0.823471111803213	-0.593692786676439	-0.226998435228458	-0.240547800111397
XLOC_018337	0.0979724410425664	-0.345970270756188	-0.138577877104079	0.123144318934943	0.314042392523844	0.0349675672989038	0.530928794153684	0.290844116555063	0.582913199204985	-0.438282646240764	-0.569683778676046	-0.482298256936912
XLOC_018342	0.338986266804651	-0.0807202963505746	0.331253722061641	-1.94904130131627	-1.20966874476592	-0.346033980588923	0.779508327551056	1.12068703103244	1.14674064883316	0.256376543992679	0.444443101167796	-0.832531318421732
XLOC_018343	0.737148763646178	0.938987456310177	0.904334101914214	-2.15925421018522	-1.54807120767688	-1.76426309903818	1.37076851905183	1.37972874363844	1.02155641889452	-0.0278199521435258	-0.495511147976973	-0.357604386434568
XLOC_018344	-0.779992205513546	-0.635576007499412	-0.836983562369823	-2.77565967465116	0.352633981134498	0.251774764425794	0.975790072774183	1.34704896055943	1.75296232848257	0.260943054942653	0.0964995569694711	-0.00944126925466815
XLOC_018345	1.42983796222374	0.882601273688319	0.509816084549334	-0.720449163680466	-1.43303354115421	-1.83519539729245	1.6228076498214	0.582032569488854	1.20162720482971	-0.826457682458734	-0.775746860778952	-0.637840099236547
XLOC_018349	-0.968575759215211	-0.968575759215211	-0.968575759215211	0.941138358802575	0.993363675314429	-0.968575759215211	0.381981212979921	3.85258543946626	-0.968575759215211	0.610961627943291	-0.968575759215211	-0.968575759215211
XLOC_018350	1.32233062454353	0.917086088719805	1.01833479738253	-1.5645707757424	-0.343295075347315	-0.970936524560981	1.03979657217646	0.279595527590677	1.35691737445738	-0.786716597465191	-1.03638945351305	-1.23215255824144
XLOC_018351	-0.469329273199545	-0.572411707239872	1.10354284456809	0.325732293341135	0.139420475475688	-0.389931685464269	1.47111695109367	1.21124346935315	1.79182355708873	-1.96509655486895	-1.75303363394968	-0.89307673619815
XLOC_018352	-0.480635104614216	0.226788538525007	0.640753649561314	-0.580731375645722	-0.510982433071121	-0.314255078033491	1.46519623347184	1.93251344261966	2.22918554439274	-1.21782238123654	-1.58070628269581	-1.80930475327366
XLOC_018353	-0.731738230440209	-0.873981864154587	-0.0165006157209877	0.773002002629868	0.214816230494458	-0.655633284879226	2.04128000805095	1.59772809698487	2.02393095627548	-1.23842229686684	-1.62535448209815	-1.50912652027564
XLOC_018359	-0.0409841489451068	-0.227511610561448	-0.29647065060008	-0.630320139461523	-0.347323239439643	-0.292950025424734	0.275821475746314	-0.00219377716237368	0.0299912552820114	0.177683002664049	0.250451239435277	1.10380661846725
XLOC_018360	0.255303353406772	-0.0839737873332052	-0.160066904782449	0.359048689688496	0.0770782340650129	-0.059416452192794	0.00316735763781928	0.0372227836463193	0.213501338830728	-0.0419595933494872	-0.155909128843865	-0.443995890773355
XLOC_018370	0.272640536051936	0.14837884891939	-0.560505348171439	0.380573817539945	0.253519000405211	0.656779081241729	-1.12522076544931	-1.1112620878151	-0.943346918301362	0.949454153253666	0.245735623224623	0.833254059100716
XLOC_018378	0.480094457753283	0.464625987023474	0.648588493291805	0.220177280140257	-1.31863641139732	-0.581167795190385	0.0516382017437556	0.458401822394086	-0.00341206838925778	-0.571999504673526	0.714867474862869	-0.563177937559041
XLOC_018392	-1.76671609803098	-0.873241813991119	-0.748833111629005	-0.798850556241563	0.697126801460077	0.480934910098777	0.67146733112788	-0.425810616588104	-1.98475640822727	1.98133745069939	1.08091400811988	1.68642810320204
XLOC_018395	-0.239696412737512	1.2943250614913	-0.432113477686757	-1.97553345413426	-1.97553345413426	-1.97553345413426	0.060164747432645	-0.176848014342871	0.744876793277733	2.77150623868382	0.680266797093931	1.22411862919049
XLOC_018407	0.198404148312289	-0.0635495738766467	0.00247764348934876	-0.77786621738704	-0.434942023579295	-0.114062000123405	0.583579003462908	0.44946454772537	0.256794884206117	-0.478674849148489	-0.283552319345183	0.66192675626403
XLOC_018424	0.186750104423259	0.0804891774476566	0.0698547726762992	-0.354079217669541	-0.0568540443279737	-0.301797214960041	0.0572208094930708	0.264448233067027	0.0405525601254659	-0.108730291326055	-0.189191128574559	0.311336239625382
XLOC_018426	-0.119470392383723	0.297927768041852	0.310081562103802	-1.47766808714198	-1.15439297023288	-0.65912112571701	-0.0776804591193594	-0.33755394085988	0.299018719194949	0.85754837861634	0.874763018372143	1.18654752912575
XLOC_018432	-0.206833206903049	-0.30630940639679	0.0379907577020777	-0.189276950117435	0.0599693306483537	0.170129874178294	-0.176122521565588	-0.692829287353327	-0.527979718163666	0.485456570144352	0.624139283405475	0.721665274421307
XLOC_018437	-1.21443106031265	-0.617262240497161	-0.818154974294479	0.194427160023084	0.0383159648175404	-0.1889284917275	-0.182869813125134	0.0423294476206006	-0.762120908315366	1.26566068919281	1.31754792118239	0.925486305435855
XLOC_018438	0.100067857081868	-0.824593781908042	-1.19837859289508	0.132752557027689	-0.466179938928263	0.182673125548739	-0.40535362126196	-0.209030689697919	0.266497105637314	0.784669156399368	0.824662610129271	0.812214212867015
XLOC_018439	-1.00801013951693	-1.39094001261873	-0.347323943105414	0.460819399437323	-0.176104688071984	1.13054717400568	-1.01112347967202	-0.177828334672125	-1.00873932777821	1.44910229665295	0.807952256344152	1.2716487989953
XLOC_018440	0.0917066801012876	0.0674596937730811	-0.168146121170636	0.26327910452021	0.114066350460869	0.0927684509385784	-0.755804976456589	-0.584187781554905	-0.605341141403381	0.439043544019839	0.428438190356955	0.61671800641469
XLOC_018441	0.940127227329911	1.13863892235609	1.03606726338349	-1.6423230823777	-1.20667452389262	-1.94120280375465	1.18294681707536	0.397761161435391	1.42515362788071	-0.183188686468565	-0.464938976461199	-0.682366946506224
XLOC_018444	-0.367719627913956	-0.773143825621292	-1.91014503224175	0.305655297377683	-0.0689117398280175	0.991285929781606	-0.919613040657354	-0.465908765752814	-0.672159833503044	1.10949483948235	1.56931876710752	1.20184703176907
XLOC_018450	0.255977947643184	0.498839607130556	0.770133128498036	-0.28127097869422	-1.27848068087562	0.361888220870862	-0.154056957511524	0.673671774920611	-0.586743773090207	-0.429205151182888	0.0538189105881273	0.115427951703088
XLOC_018484	1.36946322493288	0.524132534631017	0.354618214977427	-0.496029273693196	-1.35281779049639	-0.253404565243729	-1.49957604372758	-0.430991290817863	-0.0828259218420992	0.648521783164543	0.554789300198415	0.664119827916575
XLOC_018488	0.591631568369721	0.674374315731731	0.317525301050427	-0.780079887070947	-0.558754259311859	-0.74001414076274	0.504928095997782	0.445530425707179	0.252392305704159	-0.0444801348324289	-0.260754852820954	-0.402298737762074
XLOC_018492	0.154439318431654	0.602969877545087	0.352359514212395	-0.891634594982125	-1.2192045227637	-0.169259434162993	-0.0507206132534916	0.169125104022184	0.784275211994899	-0.297515979460978	0.187490417799999	0.377675700617077
XLOC_018496	0.651535878028128	-1.45456411058767	0.104653648635294	0.88564492139388	0.954132337779164	0.965118750012362	-1.23579391962513	-0.635491974334563	0.211505235295069	0.552161515613948	-1.42807518479609	0.429172902585612
XLOC_018520	0.89908680365871	2.67099512580302	3.96067021018058	-0.836750237738034	-0.836750237738034	-0.836750237738034	-0.836750237738034	-0.836750237738034	-0.836750237738034	-0.836750237738034	-0.836750237738034	-0.836750237738034
XLOC_018530	-0.690097708519149	0.147606864448838	0.647022140554033	-1.81613495183187	-0.384263256935788	0.0779908667024474	-0.0822930213903712	0.188709776154614	-1.00341835589542	0.985382552829511	1.16833863773332	0.761156456149839
XLOC_018532	0.465683300085851	-0.286355896483055	-0.534060995266724	-0.0604217209548947	0.0098488291902683	0.312880505560076	-0.5363400611756	-0.576185420835323	-0.646233876069704	0.766110795416096	0.513729433939109	0.571345106593903
XLOC_018535	0.0968840756596689	-0.0525542544958828	-0.290171673939621	0.573330147405438	0.12608193024274	0.230069133517528	-1.62927653688295	-0.57056354977049	-0.976550191004565	0.901382460510231	0.907938471929169	0.683429986828727
XLOC_018540	1.76603590654373	0.261025708218382	2.29308992560712	-1.89543915905245	-1.89543915905245	-1.89543915905245	0.602894893366075	1.55294430263727	2.09626606748498	0.904938991404665	-1.89543915905245	-1.89543915905245
XLOC_018549	1.67223249872108	1.04123550570617	0.293719243564881	0.0619749409395984	0.699086492624422	0.65110167722594	-0.73014266669689	0.167799675244174	0.0810077167144563	-2.45921656065929	-1.033569897789	-0.445228625595534
XLOC_018556	-0.263184221721318	0.401716098234709	-0.0222806189843512	-0.778374119770445	-0.449956336604467	0.154579790146252	-0.211774648061784	-0.0546471454914332	-0.214555116063347	0.602065542535723	0.266918442106762	0.569492333673697
XLOC_018571	-1.25837472674604	0.190051169862853	0.28504524970146	0.651339391271746	0.7035647077836	3.42512763583526	0.777323474820862	-1.25837472674604	0.259422004454414	-1.25837472674604	-1.25837472674604	-1.25837472674604
XLOC_018586	0.00964660518376004	0.254209348485394	0.77934812173082	-0.619496902670168	-0.278944525494278	0.0083076572876033	-0.151367061337338	0.51869773711465	-0.435959795808451	-0.533103609482809	0.58387866631627	-0.135216241325453
XLOC_018587	3.56340315918589	4.12273858827861	3.42058632052548	-2.00992062289727	-2.00992062289727	-2.00992062289727	0.0257775786696368	-2.00992062289727	-2.00992062289727	-0.430383235738763	-0.54143226868832	-0.111087027746215
XLOC_018588	3.87144218309568	1.78460964731766	2.44236030761111	1.50346761416276	-1.2002349690234	-1.2002349690234	-1.2002349690234	-1.2002349690234	-1.2002349690234	-1.2002349690234	-1.2002349690234	-1.2002349690234
XLOC_018593	0.0923994467497202	0.094042391683427	0.0668417136522326	-0.00988018962596016	-0.228459808716098	0.0622556073834613	-0.180506220013827	-0.186547517803685	-0.33703189327834	0.19560627505515	0.138982525357976	0.292297669555943
XLOC_018625	1.2046269606941	1.50980866412394	1.12193533659355	-0.420192361972953	0.182410719322332	-0.213688314932157	0.913828705877997	0.34778753109288	0.392959735236284	-2.21842007839146	-1.35674662974494	-1.46431026789957
XLOC_018634	1.22429054813632	0.458861485923994	0.818275951823519	0.760825072350178	-0.13590169704676	0.390435931758716	-0.372692154780416	-0.165966128109714	-0.940127796005556	0.200327067482056	0.409550748652641	-2.64787903018497
XLOC_018635	0.416362332304851	1.01889147842616	0.858919764443937	-1.53910451724316	-0.341184067921332	-0.768506946684091	0.381498839625684	0.908512077965693	1.07851437656609	-0.00495530339251538	-0.831840093687843	-1.17710794040347
XLOC_018642	-0.419720712435704	-0.0698991774481179	-0.203160148101719	0.709650348478213	0.779978455662631	1.03758458179576	-1.40619364613444	-0.7414617871363	-0.358505725198939	0.815433163753381	-0.236025840721208	0.0923204874864405
XLOC_018643	0.030839323109789	-0.262208453812352	-0.474626114790969	0.46645751415642	1.02340085275275	0.750900578247507	-0.695747431499735	-0.530084920125178	-0.640476934066459	0.348277113535751	0.0809136033628866	-0.0976451308704132
XLOC_018661	-0.732808587806899	0.793232610910897	0.588562497444851	-1.58071591591684	-1.81934193503818	-1.08097590381978	0.914329989743875	0.845613196285102	0.0835904991993441	0.679362267749383	1.13065040196412	0.178500879284135
XLOC_018665	-0.274046018915506	-0.525896090460533	-0.227024234651767	-0.459430275564146	-0.389801732469603	-0.102549549687722	-0.0382988329035445	-0.331084702672067	-0.0305116209193557	1.10047773108563	0.533931891317904	0.744233435840703
XLOC_018666	0.753567873755697	0.867125766800001	0.810452492715353	-0.663639946494859	-0.762649549192645	-0.945187613406956	0.27348078422775	0.275281460601322	0.483442185399847	-0.282174660813254	-0.252300052323305	-0.557398741268951
XLOC_018670	1.01045537252481	0.818131784881275	0.445582492759797	-0.179234519724884	-0.329288865108436	-0.420377493097599	0.455167911681397	0.120131755127968	0.33124246043933	-0.527930148739695	-0.733765229531792	-0.990115521212168
XLOC_018677	-0.294055475005695	1.23996599922311	0.242039049450796	-2.02989251640244	-2.02989251640244	-2.02989251640244	2.01459390435818	1.04685000643718	1.04976480163121	0.770485634054671	0.151092550309248	-0.131058921251389
XLOC_018685	-0.0816591696128244	-0.267875198127435	-0.207587381755754	0.159755506840507	-0.102763514746543	-0.331201274447493	0.832017874298392	1.02818213633001	1.2252443241483	-0.890186377669357	-0.563441201826111	-0.8004857234317
XLOC_018688	-1.85441170211626	-1.72626752345865	-0.953097710541405	-0.469342730099728	-0.702130146825781	-0.372090799368757	2.07497006027207	1.56320192063058	1.65251623289312	-0.456290131257101	0.117417932145076	1.12552459772684
XLOC_018709	0.322602183040886	-0.709561557118684	-0.585152854756571	1.00464142335802	2.46902602342677	1.81392667961075	-1.30317468098839	-0.7640346206447	-1.09792726676307	-0.176185080785571	-0.326431811178904	-0.647728437200538
XLOC_018736	0.499937016262789	0.370237438777803	0.219796177383074	-0.818603953106895	0.175604058155683	-0.297846796437847	0.184596143722178	-0.0453091553568221	0.416308791115486	-0.47540654327283	0.0687881505929884	-0.29810132783561
XLOC_018745	-0.945462191029291	-0.0993517397465213	0.217504552837703	1.33286801416933	0.525649844753198	0.489524046196664	-1.10659175880157	0.203453455472348	-1.77118646015103	0.426625590085377	0.755531103266815	-0.0285644570530224
XLOC_018747	-0.0397908939627873	0.049481533571436	-0.450148949992094	0.376230756867987	0.651633313083761	0.799658414610232	-0.474596956847743	-1.13701624537869	-0.967013946778302	0.451773252751294	0.617478728398844	0.122310993676072
XLOC_018750	-0.148120631338317	-0.15772232514343	-0.41895306459401	0.52817646342289	0.529388670151334	0.355776702360689	-0.618160287014064	-0.283300502160666	-0.336323945693719	0.390546073470434	0.220483801301532	-0.0617909547626816
XLOC_018752	-0.34658116933867	-0.994154189705766	-0.771489815220187	1.13920332435225	1.17923056052468	1.22750665435058	-0.786411115585553	-0.977476188720146	-0.527662337195497	0.261886567467373	0.346782691497943	0.249165017572995
XLOC_018765	-0.0900613216714738	-0.0351927497476154	0.037649055757246	-0.106698953394536	0.0285414636391828	-0.111708794940004	0.308639077383317	0.123134857120684	0.0599417802667972	-0.150186250171638	-0.00366719870661392	-0.0603909655353476
XLOC_018775	0.0435885090954136	0.58869390151755	0.441939583413042	0.716963434387052	-0.0528769821433031	0.430945439550198	-0.208070502270485	0.689871839670579	1.66947381625599	-1.93714439623289	-0.0296613153630947	-2.35372332788005
XLOC_018776	0.268266180204506	0.310340175274627	0.356375832030009	0.0456327263278347	-0.365959737029435	-0.0368015459301745	0.168536749752079	-0.0428285285055239	0.0511867689329737	-0.505468755743093	-0.00903453898134288	-0.240245326332468
XLOC_018802	-2.1045376343889	-1.21275686487159	-0.782446899902127	-0.104020037488481	-0.493760113102889	0.416280901190239	0.280662039944885	0.371750339413729	-0.579860749191398	1.53877656941187	1.7638167959829	0.906095653001764
XLOC_018803	-1.15213153289629	-0.847981830281868	-1.02158112905168	0.773074257280705	0.559069727903131	1.00300495049858	-0.794453868182568	-0.214710731676604	-0.381505209119847	0.875915285281982	0.737140807959664	0.464159272284801
XLOC_018804	-1.72167851039139	-1.03965521466472	-1.06099231397988	1.03846970050661	0.989593009767017	1.14109068519098	-0.796572660136773	-0.546502958453989	-1.2774951962587	1.01104190102725	1.42045410069123	0.84224745670237
XLOC_018824	-0.306027256376898	0.0404561288104288	0.468504367331558	0.140794118296518	0.248948328895798	0.442125864678206	-0.533572670179981	-0.56929824652348	-1.43567248898726	0.522713678457068	0.395852780209129	0.585175395388911
XLOC_018825	-0.552714349041643	-0.399580024114067	-0.173147581997644	0.35041491771158	0.307122727765134	0.435738490957091	-0.572690254819938	-0.735297198963765	-0.325594134590467	0.975481581830017	0.451533379608184	0.238732445655513
XLOC_018827	0.671058861669488	0.821854673280715	0.74893107215256	-0.573548239284447	-0.868383346737847	-0.515564680805445	0.190682825648283	0.50310556128335	0.311314866569198	-0.566942951469349	-0.322459338974269	-0.400049303332231
XLOC_018846	0.131048373622952	0.271401808590244	0.116845346835091	0.836915032203783	0.404048777422618	0.249852742421661	-0.64396789934095	0.0233321014895038	0.0474201484756485	-0.670984776254708	-0.544065651784798	-0.221846003681044
XLOC_018857	0.354041536957678	0.604892704681934	0.136285780776669	-1.07344733060134	-0.257082491208444	-1.97353770179121	0.244202228928468	0.0141071614513928	0.957998855712036	0.302969559906502	0.240819239891427	0.448750455294888
XLOC_018898	1.00544120175652	0.402261785493072	1.2997330643228	-1.54981176978237	-0.301251317450736	-0.270026303442026	0.435881286568921	0.127232144257779	0.776824345531607	-0.354225635330371	0.782621955892275	-2.35468075781748
XLOC_018901	0.539897827979775	0.545108146611319	0.0891972311498783	1.20511627969229	0.100593993987313	-1.36087725209099	-0.114905547276989	-0.261351145434174	0.978173996627274	0.232189223857103	-1.26776121336143	-0.685381541741374
XLOC_018902	0.234722745164054	0.791631783602686	0.406274133861756	-1.43573587118152	-1.37078410749151	-0.648689789699196	-0.519515026596595	0.952485365118219	0.368009804665343	0.640207347976919	0.528828856072589	0.0525647585072671
XLOC_018910	-0.28472938454023	-0.147024035345508	-0.165710068416457	0.831112643273016	0.116258621553327	0.316940798841879	-0.59610669788608	-0.623720563199803	-0.884083731404871	0.516589581664279	-0.0397835415831134	0.960256377043564
XLOC_018922	-0.240843096401063	-0.0778481989776107	-0.136793065098137	0.0590648091419919	0.050720959934571	-0.117027925746385	0.438381137964098	0.113689773641934	0.270492155384987	-0.0862770470974468	-0.158999519440362	-0.114559983306577
XLOC_018928	-0.0764101483046282	-0.0611929841785424	-0.164137969973106	0.322197405541016	0.0815414591841961	0.218867388686967	-0.10076507934625	-0.00888728541298089	0.396719328484281	-0.303798870178405	-0.411874592145558	0.107741347643014
XLOC_018935	-0.900392397674006	-0.751238210152038	-0.263626819066704	0.582384140177441	0.123801468756409	-0.331081556728603	-0.623318485575776	-0.411121603184225	-0.498644694406893	1.33313415256348	1.03205378421982	0.70805022107109
XLOC_018941	-0.518015073035837	0.2641640655562	0.215148714763766	-0.0700249199347791	0.369364974421098	0.11312817983373	-0.569354628024213	-0.470525516977367	-0.779311868059519	0.402992078488161	0.628694707947549	0.413739285021208
XLOC_018942	0.213460949066832	-0.577482230613894	0.234250511432158	0.176799631958818	-0.93105812483958	1.05155553544794	-0.357177827155234	-0.932781771439721	-1.7636927645458	0.927329031327361	0.624672582605365	1.33412447675576
XLOC_018952	0.71607145120802	-0.341954642323184	-0.452248474369609	1.55434986570915	0.591647027057546	0.152301961214397	-1.21794037158571	0.157582166821344	-0.489465924560994	-1.09192459099717	0.251289712980463	0.170291818845742
XLOC_018991	0.298478389422743	1.08867919411695	0.57155393228604	0.611814978104657	0.0670392121405019	-0.215079607838287	-0.664332163404872	-0.525914448611836	-0.403946339346409	-0.639800736024919	0.431264954037862	-0.619757364882434
XLOC_018994	-0.632919751195452	0.130729778578828	-0.293387599464002	0.855497447642897	0.925080380949236	-0.407305684801316	-0.401412407845171	-0.547858006002356	-0.235171243210653	0.393082542744494	0.349334175260034	-0.135669632656537
XLOC_019007	0.0403095795826491	0.748741519185132	0.220665216051644	-0.794831608737671	-0.728069979262196	-0.552206900288204	0.493570259460173	0.867665874285338	0.330417706855163	-0.411978524907586	-0.241671636800524	0.0273884945760843
XLOC_019009	0.250596804265205	0.502193152741897	0.0601151148038177	-0.263356026983733	-0.453640800286761	0.185223262767451	0.036854033173106	0.0541926920738769	0.353974835454024	-0.379926801082305	-0.145408365661533	-0.200817901265046
XLOC_019012	0.182631839504834	0.199257068170901	-0.0513126363256013	-0.0786957196986799	-0.375301745295688	0.0170422143298143	0.168289008965248	0.187205778130723	0.410667091145534	0.00300533620460985	0.131594783567892	-0.794383018699582
XLOC_019019	0.870681687741889	0.811699413388849	0.791684789846611	-0.378812316513597	-0.366224217843428	-0.428132825683681	0.0856503376333553	0.0792393820390558	0.0570360405527168	-0.71544482322235	-0.55802134776906	-0.249356120170356
XLOC_019032	-0.845910129190609	-0.365603366792973	-0.13831929495175	0.356724959107978	0.604835693409726	0.807032113506271	-0.388074170660395	-0.656640329982619	-0.535648510112146	0.136281667384836	0.412967359275521	0.612354009006158
XLOC_019081	-1.04884761155114	0.399578285057748	3.13968147310843	-1.04884761155114	-1.04884761155114	0.745944302828508	-1.04884761155114	-1.04884761155114	-1.04884761155114	0.530689775607358	-1.04884761155114	2.52603944425597
XLOC_019096	1.83780788977508	1.89026815652121	1.42302110271919	-0.0618053987542244	-0.803568547410745	-0.970716067560733	0.801398242354242	2.28878925171665	1.89132931646048	-2.76550798194038	-2.76550798194038	-2.76550798194038
XLOC_019101	-1.48168151711068	2.23022150664649	1.27203851068804	-1.48168151711068	0.480257917418958	0.31311039726897	-1.48168151711068	-1.48168151711068	-1.48168151711068	0.09785587004782	2.59777130544276	0.417152078040368
XLOC_019103	0.463386402410936	-0.182812069619528	-0.181050194196272	0.754607913092114	0.670015961065516	0.660163575801384	-1.51287991070115	-0.846202106399958	-0.645581292440378	0.454476026536186	0.083244522360256	0.282631172090894
XLOC_019132	-0.431674707108635	-0.904748145176205	-0.117937220906539	0.669425718634757	0.567515332244279	0.245334780661331	-0.324996705944026	-0.39385714030343	-0.565913446288278	0.579235175653694	0.257245925929642	0.420370432603407
XLOC_019147	-0.267442016139199	-0.785863333144796	-0.875541635881563	1.42292429001773	0.39220443569446	0.243540282326199	-0.936441657693518	0.00657154996954468	0.115757514951089	0.267609897666467	0.462732427469772	-0.0460517552361859
XLOC_019159	-1.16283443758819	-0.548836418214834	0.106031925186075	-0.590708053954391	0.117642676691265	-0.315586301056108	-0.19355478556149	-0.310236183966901	-0.165464329655142	1.17048434801917	1.51675629631323	0.376305263787311
XLOC_019162	1.40092908729102	1.67220225208596	-1.59765626353959	-1.59765626353959	-1.59765626353959	-1.59765626353959	0.438041938027309	-1.59765626353959	1.1227539838724	1.20272188691752	1.0581439876886	1.09348818181516
XLOC_019163	0.0360524977521255	-0.355564052218496	-0.222941429490199	-0.412532088876614	2.10590103610869	-0.553492967642297	-0.496051026466108	-0.177039106154337	-1.38447695205183	0.759138433045805	0.454030254709397	0.246975401283862
XLOC_019164	-0.350117199641939	-0.203370678211301	-0.617801945914085	1.09223100065692	1.60719810316017	1.00888835805362	-1.07935640747383	-0.657657410618881	-0.350881960449111	0.77204569250793	0.225432996374211	-1.44661054844371
XLOC_019182	-0.473290136495248	0.851503814853018	-0.718155459527145	-3.47187548732586	0.938935440963396	-0.0284515526024127	-0.623793970926716	0.726080806961795	0.34008231624969	1.04389590791655	0.0646644861271408	1.3504038338058
XLOC_019184	-0.778055456476621	0.0680549948061486	0.210061374332297	0.00676446685699528	-0.731174008114227	-0.145712736611864	-0.390556703934539	-0.939802034371879	-1.96302679622003	1.61230138067422	1.67932354506652	1.37182197399297
XLOC_019191	1.00568441855318	0.824111861451554	0.754940000374019	-0.639272227872979	-0.695434057229035	-0.905226269916451	0.798258309953811	0.494083278530354	1.15742567198626	-0.840940994033191	-0.809755215175611	-1.14387477662191
XLOC_019195	-0.321039216217493	-0.355467419205646	0.143014225933594	0.0957280269000034	-0.348552308056042	0.182203157452538	-1.23598457439948	-0.159764409751084	-0.192648293694318	0.365881365727073	0.623927234541508	1.20270221076934
XLOC_019196	-1.2934770189574	0.00190400041396721	-0.513932880369457	0.331062334091607	0.0662842817481595	-0.157806268845261	-0.554337947719158	-0.152483457194942	-0.750593999932907	0.693063602527725	0.606556835979834	1.72376051825783
XLOC_019224	0.388892881218685	0.325166287948456	0.180193258234094	0.00960224428363521	0.0604275744645406	0.0837612623951305	-0.147311301352035	0.121835551981803	-0.0921582543518928	-0.478609958679338	-0.446625803144003	-0.00517374299907924
XLOC_019285	-0.588198022662374	-0.274417933592294	0.180805074465978	-1.45966824639178	-1.13639312948267	-0.789940471823422	0.538611825639423	0.930055676340685	0.473035292670317	0.105068364215637	1.36532323310375	0.655718337516757
XLOC_019287	-0.2427925352168	0.656142182115607	0.485382815916756	-1.27879772435231	-1.32418787490513	-0.696698442225307	0.748292223303118	0.556836098727253	0.265422941782493	-0.149878306082103	0.528861927241859	0.45141669369457
XLOC_019317	0.420787787858613	0.788482953045583	0.735677951330821	-0.754715265647408	-0.74824430382228	0.107141911048783	0.462859031472027	0.311261606715487	0.882593761830636	-1.15740366622938	-0.917282411263065	-0.131159356339813
XLOC_019336	-1.04426410152677	0.404161795082121	0.499155874920729	-1.04426410152677	-1.04426410152677	-1.04426410152677	-1.04426410152677	0.754421338264615	1.19668151426545	0.535273285631731	2.87589080099598	-1.04426410152677
XLOC_019378	0.319877487370527	-0.598384227192589	0.245316405602196	0.555241364567016	1.23243177780634	0.692185812019233	-0.474161541806515	-0.659576791212545	-1.04159718303165	1.01625814517579	0.669446317709573	-1.95703756700737
XLOC_019388	0.501464404272935	0.881052009513902	0.583661962241893	-0.610584430582279	-1.5675637048442	-0.54198716156974	0.846004052645726	0.47377291988619	0.884943698224366	-0.214880592567692	-0.765188232220224	-0.470694925000877
XLOC_019411	-0.870463101591969	-0.0644436745596995	0.614102585255148	-0.382571974640242	0.0910110330009646	-1.49029092378094	0.572895766622523	1.02199155621379	0.491927760106518	-0.124176730608952	-0.0336367506647868	0.173654454647641
XLOC_019412	0.272974439619489	-0.123384427834797	0.22636017328508	0.190344614853302	-0.0289029618127987	-0.481388543828508	0.197939379993256	0.182042473150188	0.581296732579483	-0.322843027408268	-0.483896517347278	-0.210542335249141
XLOC_019440	0.167680103148014	-0.597748959064308	-0.709824652360007	1.39485576744825	0.277290719844139	0.762975122058828	-1.31044273062684	-1.06037302894406	-0.417171119530644	0.728483353952391	0.198528525403733	0.565746898670501
XLOC_019463	0.610972337313947	0.134761474464224	-0.239023336522816	0.274554189772138	0.263023418769485	-0.137813443235946	0.228838744529986	0.273068601451826	0.815721202921946	-1.30764187400834	-0.351302163863656	-0.565159151592792
XLOC_019526	0.325265735182918	-0.520064955118948	0.639897901503164	-0.836541046458379	-0.296651451917601	-0.332777250474135	0.951200260736761	-0.0126380006792024	-0.100611365364506	-0.00870491731757905	0.21733673680791	-0.0257116469004064
XLOC_019548	0.88212019517698	0.0997967047665318	-0.977563826650411	0.578687475923783	1.48125579397247	1.02709679954337	-1.97787254055038	-0.137196974948412	-0.279832393686108	0.375575121958398	0.554235618118569	-1.62630197362479
XLOC_019562	0.390199777241396	0.340139740639412	-0.364725864174955	-0.62461915609461	0.545111608692189	0.162426925387718	-0.646209870179447	-1.63827783256348	-0.221410867936646	0.42292085716415	0.658579533668592	0.975865148155685
XLOC_019565	-0.465828217408136	0.629611294957003	0.820640496447325	-0.413895340539661	-0.605276895690619	0.161882611092725	0.318862463145102	0.324411598329092	0.0555257956200759	-0.2173867280329	-0.286305785524228	-0.322241292395773
XLOC_019577	-1.34984204480895	0.155994309910348	0.141112401015886	-0.0225501761929765	-0.325648178378537	-1.5227596059657	0.704929217895232	1.08999581559974	0.74785616516151	0.415030763763935	0.605479142640824	-0.639597810641312
XLOC_019590	-0.977747597534222	-0.357004068958117	-0.410088395178567	0.154764550695585	-0.0240771528200607	0.585749010100515	-0.388886169081265	0.0227349755337576	-0.705453938513605	0.572901576778734	0.640747093689252	0.886360115287993
XLOC_019591	-1.24990576297353	-0.740745750263092	0.0841070077065886	0.721029243614015	-0.29622807828635	0.800503072232497	-0.883829964516381	-1.17174859096452	-0.641906284473677	0.601625153851911	1.45892690997099	1.31817304410154
XLOC_019628	-0.127095456894939	2.02726268896016	1.63388225319533	-1.32877446086417	-1.26870281451356	0.343065975811458	1.16336232667124	1.31321367417749	1.15367490674334	-1.71706451725212	-1.85149197733865	-1.34133259869558
XLOC_019667	-0.0152306462232445	-0.197662929080161	-0.345453287771498	-0.116973416160754	0.290546925202605	0.194222416185509	0.520379126275536	0.278982988490432	0.113868930618446	-0.320605259538972	-0.399799555415873	-0.00227529258201997
XLOC_019670	-2.02458562993363	0.202691994086856	0.116715593673477	-0.191473584663644	-0.198643613136281	-0.274816227266944	-0.225276251009924	0.156084821519286	-0.603208485019627	0.776209190406587	1.27643509520181	0.989867096142027
XLOC_019702	-0.296922218773774	0.416395454152783	-0.541787541805671	0.590728549191139	1.86437157570182	1.38799479297691	-0.797173517185869	-0.7206693076938	0.311077259726074	-0.495129419147279	-1.1145225028927	-0.604363124249639
XLOC_019708	-0.377012737777045	-0.503821412961038	0.265842523144837	-1.00155793159638	0.733973772091577	0.444978618232621	-0.840354454545298	-0.964325740283385	-1.35336701097226	0.755422663351806	1.29834903920675	1.54187267210781
XLOC_019709	1.37387360657547	1.61575730098468	1.66669661485859	-0.526205390859111	-0.419907451954433	-0.434782750069767	0.81889901210161	0.536611371159331	0.645481851694534	-1.62144565425542	-1.90646439289964	-1.74851411733584
XLOC_019711	0.974474845132541	1.22689953387602	1.5224664516285	-0.526172117266192	0.266817738052207	0.745224784628898	0.115861089790455	-1.10965245145804	-0.148338466697796	-0.984496802527911	-0.974550276150846	-1.10853432900784
XLOC_019713	-0.090656909304589	-0.0498971017294245	-0.118553786883028	-0.215569475170766	-0.404844842291494	-0.432407775967053	0.1960362542775	0.360716086217317	-0.196145639583154	0.364688383245245	0.279346298663629	0.307288508525819
XLOC_019718	0.277783282260385	-0.325440076788162	-0.512085980431053	0.788805890862983	0.38821073598378	0.379906895945965	-0.623918982949665	-0.372859005020782	-0.282961901183592	0.0926706213091482	-0.0233698882374629	0.213258408248461
XLOC_019728	0.110068545649456	-0.230553545908052	-0.109897805310002	0.548778640092294	0.727197077739655	0.316308270232184	-0.396260892134618	-0.435539935969582	-0.131527009980884	0.208318852706014	-0.432214769281299	-0.17467742783516
XLOC_019752	-0.0583727518804578	-0.18733484486339	-0.087670120123323	0.234224158870813	-0.271875834074323	-0.0318575230772318	0.598296926920604	0.27941937328908	0.465808662518605	-1.05688259041547	-0.34541856162098	0.461663104456077
XLOC_019753	0.371717797544787	-0.584864416143557	0.0286321225778146	0.673061011925002	-0.298348680778283	-0.0867314250932125	-0.933678944016959	-0.955609957355418	0.17854782931414	0.437003444941097	1.1164809095362	0.0537903075483932
XLOC_019757	1.17801522158443	0.548803751880698	0.614204603961747	-1.03778642177074	-1.17017536776186	-1.19280292515554	0.926613731058677	0.464379485964665	0.940017928279308	-0.617541029031314	-0.143001480902642	-0.510727498107431
XLOC_019768	-4.07631987996432	-1.9198550126935	-4.07631987996432	1.23121781772187	1.57414201152962	1.07647968220171	0.992019823283774	0.466630161415938	-0.99666256193067	2.10547163892488	1.47674178566925	2.14645441380577
XLOC_019775	1.33239138594171	1.1743250730621	1.23071576514466	-1.21935970023168	-1.54517811452191	-1.10204078761609	1.08748499464973	0.828150557556731	1.27176588897126	-0.856069942881171	-1.41136622966736	-0.790818890407981
XLOC_019776	0.608764788596056	1.06709172989977	0.861274843959659	-0.815567940295551	-1.81931137633689	-0.436331866640205	1.05042306752786	0.168689292021708	0.868566368857853	-0.741521948954622	-0.0861530544330451	-0.72592390420259
XLOC_019792	0.194595702311832	-0.647524781247955	1.38453943614079	2.28721735014841	-2.80398964851878	-1.00919773413913	0.325381892859159	-0.229151386608194	0.275667669514871	1.27580695019733	-0.148189397290595	-0.905156053367733
XLOC_019802	0.043333955933023	-0.529386680498783	-0.10585741416771	0.437787170328675	0.773428751924746	0.868771629733605	-0.123009962487723	-0.531567133224206	0.191692025335653	0.107710008226548	-0.810143291033464	-0.322759060070369
XLOC_019826	0.246426165752254	0.478091012632806	0.107064041139047	-0.0423778183217491	-0.581266719959158	-0.513151482459994	0.412427264138303	0.00489474595374162	0.195754161592795	-0.0801594073185248	-0.0981086585086004	-0.129593304640926
XLOC_019835	-0.208514424808286	0.114952353457044	0.292388985477494	-0.491348448458298	-1.39511340778863	-0.363290255212582	0.328153775782561	0.456678319900624	0.800777022753614	-0.278704202698514	0.010416482932361	0.733603798662609
XLOC_019847	0.0632717436633037	-0.436611627688331	0.167037605700518	-0.0891528651971356	-0.0580789652147935	0.204519000887309	-0.667766274372021	-0.465818036195239	-0.787664188429054	0.626155789947585	0.5120244019826	0.932083414915262
XLOC_019852	-0.676322771357431	-0.597214052647615	-0.761816364879435	1.09002877742929	1.01762185524825	0.999773805008506	-1.22337082643918	-1.04664204147367	-0.244155387470383	0.693613539393306	0.461962949853906	0.28652051733445
XLOC_019864	0.100630086760133	-0.0733101247497245	-0.547851798455934	0.225692557902715	0.791832292613154	0.605991490579778	-0.371609243957493	-0.413127801420424	-2.76453928135282	0.805950416318726	0.665710501139008	0.974630904622881
XLOC_019865	-1.24264393724128	0.913820930029551	-1.24264393724128	-1.24264393724128	-1.24264393724128	0.552147977138375	-1.24264393724128	-1.24264393724128	-1.24264393724128	1.92004386452844	2.98025167042673	2.33224311856584
XLOC_019925	-1.6883673136178	2.02353571013938	-0.144947337170297	1.01533526956836	-1.6883673136178	1.38356228658396	-1.6883673136178	-1.6883673136178	-1.6883673136178	0.627045213180418	2.53452829405021	1.00277713173695
XLOC_019932	1.12038056313016	0.537180416772056	0.891270981785186	-0.239489115125075	-0.334737305401632	-0.554147605752295	-0.24029498607664	0.124606608042948	-1.32310579628362	0.419911617084399	-0.147817275975674	-0.253758102199813
XLOC_019949	-0.383871963833537	0.0981523283866998	0.357033496497208	-0.577252313235698	-0.411074430839965	-0.378458207956433	0.228006200848645	0.302890598324498	0.6725082514929	-0.0101531026655168	0.596862391772974	-0.494643248791779
XLOC_019952	0.120151847256481	-0.00593655372333401	0.103504282650924	-0.276720117225927	-0.172147998602393	-0.0402888122324185	0.311899354347243	0.455070949156197	0.319728764766226	-0.548466982135577	0.0961384533480691	-0.362933187605495
XLOC_019992	0.427290541175143	0.608342546085456	0.689440156082446	0.350140211326898	0.635426835597587	0.196081769754437	-0.838900647701482	-0.752461566190725	-1.66140946930664	-0.500854370798489	0.511173213247413	0.335730780727957
XLOC_019993	0.668981384154387	0.338869883691888	0.437082824898164	0.211937001333972	0.06188265595042	0.245264550675635	-0.734340298978768	-1.70674708242078	-0.306191171545093	0.310672243073716	0.195983820601508	0.276604188564947
XLOC_020014	-0.261154859059056	-1.10629676768582	-0.693724575125025	0.672191761909318	0.253815522184439	-0.824924349052679	-0.0151248328124973	0.214645268531793	0.580125893131941	0.49667263059364	-0.264362505862669	0.948136813246615
XLOC_020022	0.737893293893536	-0.341916208143371	-0.509759220971365	1.29410313813726	-0.498454926369083	0.0593913155844978	-1.19124210694272	-0.550458205201275	-0.798027575262193	0.7314786790312	0.512966634869965	0.554025181373542
XLOC_020025	-0.0429436134988945	-0.819816597575853	-0.172336873643145	0.438191862587114	0.71548591062139	0.281093405874272	-0.425077206282856	-0.245938629101964	-0.714595691467903	0.254384000768941	0.550133561486103	0.181419870232795
XLOC_020030	-1.24031199778897	-0.231329251589994	-0.267693350553393	-0.0362076314795425	-0.047738402482195	0.792169645350437	-1.19348251101174	-0.352509575748311	-0.842563489804173	0.832900525600633	1.91212373524471	0.674642304262548
XLOC_020039	-2.04037562646821	0.246011171738963	0.392037651728338	-0.697386003158161	-0.336481647261677	0.503720107588729	0.210651642343209	0.321528814549277	-0.766695824805289	0.586621995539217	1.51384949699525	0.0665182212103543
XLOC_020041	0.317838173470534	-0.235543555751831	-0.414870195116763	0.549729559641635	0.569398327178707	0.104787458989067	-0.613711818091582	-0.311311744774426	-0.453860191556731	0.702428192529631	0.131623258934569	-0.346507465452802
XLOC_020092	-0.54010628831124	-0.282995885324271	0.312163415763884	-2.1325491372516	0.43600086644443	-0.460708700575965	0.0168416301768568	-0.455505223211452	-0.179414422036893	0.82818843710015	1.36263657112724	1.09544873609886
XLOC_020128	-0.111441289460137	-0.126955888433726	-0.307367794283077	0.778504723577301	0.820896409313091	0.620690410873217	-0.567332879315653	-0.807239785171975	-0.266981953511666	-0.17446530501753	0.0281815236938341	0.113511827736319
XLOC_020134	0.83188429623482	0.545454269186431	1.12757806404582	0.095164542548769	-0.541759544960538	0.764892317117125	-0.839273346209521	-0.752834264698764	-1.13485465651787	-0.356878484958483	-0.388080468069563	0.648707276281779
XLOC_020164	-0.269492188038321	-0.298736307036151	-0.14950470958278	-0.20836067048808	-0.429125591843274	-0.545031489600666	0.644700623306376	0.591818257184523	0.595952670219591	0.0125305761684906	-0.0483841630499597	0.103632992760245
XLOC_020165	-0.492817805100652	-0.0345746365299373	0.38524877878009	-1.19115676847442	-0.852675096904665	-1.79912552755625	1.99376789011792	1.90317400380939	1.51667503756179	-0.466820600284471	-1.02099582222711	0.0593005468083252
XLOC_020168	0.450099727912482	0.623023179212678	0.909139048678661	-1.32374944703851	-1.1570777477056	-2.37236574587396	2.41347991935895	2.16224611797932	2.41667831003531	-1.0338354515411	-1.71550950184138	-1.37212840917686
XLOC_020181	-0.47316124403461	-0.0779673537675496	-0.320559111416937	0.117154266342902	0.186485207799048	0.308212460339209	-0.411344560317418	-0.033169313726904	-1.39332000649061	0.713907140587361	0.654049895411299	0.729712619274207
XLOC_020194	-0.952668950038383	-1.10656636355968	-0.784896320374117	0.427560030338281	0.796166766490906	0.234411045072097	-0.344272751555804	-0.015248148818694	-0.453258944754597	0.593107283238702	0.761887865346939	0.843778488614353
XLOC_020195	-0.741937694223979	-1.32667181322404	-1.4416121248856	0.718439669950341	0.871736863398304	0.707926445860696	-0.554984676138448	-0.329470890991136	-0.687695973256078	1.13177977399139	0.906920595430503	0.745569824088051
XLOC_020196	-0.375999406267086	-1.22009517001791	-0.847358409008947	-1.27706320667602	-0.836504983573984	0.447194871451276	-1.99161963322494	0.198803396357659	-0.677995882067907	2.44448213043024	2.51282594774532	1.6233303448523
XLOC_020218	-0.594849601456824	0.124215543893486	-0.0207625817721251	0.887926936394623	0.356629380787185	0.401781331298032	-0.85126517973831	-1.07052302796856	-1.15588885387552	0.983622688604828	0.395580795696199	0.543532568137
XLOC_020233	0.551344005576926	0.164418566694843	0.0256913858426131	-0.0565361887962617	-0.129911083539776	-0.056446818415484	-0.711697904304309	-0.214300318966393	-0.0576220037379329	0.433454440904711	0.06662254041761	-0.015016621676553
XLOC_020257	-1.25442824242393	-0.0837026321643037	-0.402158538348806	0.0306331745174715	-0.27832108766826	0.239477181191864	0.0193808794784296	0.732045136765698	0.371457064736648	0.222786224972373	0.156844349224683	0.245986489718134
XLOC_020271	0.369962305079532	0.45214840770578	0.643216877000675	-0.302792083484912	0.608301349265393	0.234019362062396	-0.272217255177236	-0.891565943676762	0.0544462911663288	0.742035464765062	0.435105582872064	-2.07266035757832
XLOC_020277	-0.287985898181939	0.24720249467217	0.309678695577881	-0.881755175347029	-0.336563516194349	0.0360511211912273	-0.813809352791362	-0.0987160989739495	-0.553615286234897	0.803549765755192	0.676062075720658	0.899901174806401
XLOC_020296	0.974037375838972	0.668931222328311	0.518336954898487	-1.0084738106473	-0.878612416805482	-0.994230008331435	0.727534236830397	0.579788571231747	0.782658163785394	-0.270760797500233	-0.220778435435318	-0.878431056193536
XLOC_020306	-0.260611321093861	0.185320570465034	-0.0745511966389358	-0.520552689766549	-0.757185969631569	-0.677589901966932	1.08392625750778	1.11521846045144	0.71849093837935	-1.03208901375771	-0.655390884081871	0.87501475013383
XLOC_020331	1.47045266446749	1.26254251564303	1.12627895695028	-1.49865337388875	-1.62745705022701	-1.32577723922016	1.11096244356617	0.362468362806945	0.803907168396056	-0.550365476235045	-0.839369309775108	-0.294989662483898
XLOC_020353	1.07884591193341	0.220818034248575	0.414907607121819	-0.314847001610258	0.325269603675287	0.565287914672378	-1.23203352972185	-1.41744877912788	-0.460419092928686	0.889684424028785	0.147007665356123	-0.217072757647696
XLOC_020358	0.523253921704965	0.292827594134535	-0.359894145754548	0.856218302459197	0.611455914892096	-0.0106989233939636	-0.255542890716639	-0.559818009264544	0.397211676934651	-0.468626631698003	-0.807364040745608	-0.219022768552143
XLOC_020375	0.24918267253583	1.00746920992682	0.447102868316571	-0.354620752129173	-0.565913406381065	-0.386992552452592	-1.03126076984985	-0.16603703402839	-0.13798915875365	0.340299047990579	-0.0719011089596169	0.670660983784541
XLOC_020378	-0.357740028308123	-0.357740028308123	-0.357740028308123	-0.357740028308123	-0.357740028308123	-0.357740028308123	3.93514031138936	-0.357740028308123	-0.357740028308123	-0.357740028308123	-0.357740028308123	-0.357740028308123
XLOC_020397	-1.36162346222057	-0.204580836560444	-0.222371290212765	-0.417945460110026	-0.243656250716609	-0.0300292661026003	0.00497482262287363	0.323155055721699	-0.166616624965197	0.704026335680089	0.971913697919474	0.642753278944081
XLOC_020401	-0.323612960428306	-1.34068679222179	-0.844024292063654	0.673151098124251	0.0525077827707356	0.194115510531859	-0.0903202099589482	-0.73031898159915	-0.311245866839225	1.03401345890104	0.572329741513796	1.1140915112694
XLOC_020435	-0.160999004609651	-0.268822505066406	-0.196297359076457	-0.217531969959602	-0.386177265669891	-0.847196409061611	-0.288779903758956	0.0417822545166864	0.0381651927339872	0.760510004138787	0.591063598645091	0.934283367168019
XLOC_020448	5.3615988732329	4.91845314484553	5.15012728645582	-2.49476762855544	-2.49476762855544	-2.49476762855544	-1.1442106563603	0.0800706333551524	-0.976970897354983	-0.915230241396935	-2.49476762855544	-2.49476762855544
XLOC_020449	4.72971745655206	4.26749284326374	4.41260146049305	-1.79224688974676	-1.79224688974676	-1.79224688974676	-1.79224688974676	-1.79224688974676	0.928163357665231	-1.79224688974676	-1.79224688974676	-1.79224688974676
XLOC_020467	0.503597943557978	-0.0326448315365555	-0.138969854829405	0.593172420942196	0.143132215458566	0.689596225703146	-0.741518785197572	-2.06589395158357	-0.868347221939469	0.856285614156159	0.483116022187354	0.578474203081174
XLOC_020473	-0.102748549962934	-0.246077587095694	-0.0296947384300736	0.52526979101796	0.489369865432786	1.01479012149069	-0.974573864390711	-0.366019540109516	-0.770204005297743	0.307409300916476	-0.214992798176545	0.367472004605306
XLOC_020478	1.22912170677172	1.38160667584935	1.13437156982146	-0.835157100623875	-1.2264083710194	-2.10674180633544	0.901444781893435	0.252397391428862	1.06052344254175	0.305219183589923	-0.492593123187715	-1.60378435073007
XLOC_020490	-0.0198418468584363	1.22768917839776	0.675253782511905	0.214267196507316	-0.80299012539305	-0.379710141049047	1.22212345914881	0.905253913265444	1.25284192087754	-2.43984063411263	-1.21871318745784	-0.636333515837777
XLOC_020493	-1.36705838678299	-1.36705838678299	-1.36705838678299	-1.36705838678299	-1.36705838678299	2.07636554794046	1.48102312961615	-1.36705838678299	-1.36705838678299	0.94835414001522	2.85583722088501	2.20782866902412
XLOC_020496	0.470004033885819	0.498468148562325	0.528412917494621	0.264406775524465	-0.553248537860517	-0.2466891367808	-0.191396005964114	-0.536714212963994	-0.365977290545968	0.109298537162346	0.219729139439505	-0.196294367953685
XLOC_020533	-0.578397487226382	0.976272997056488	-0.823262810258279	-0.364092359089562	0.375280197460793	-0.505053237855245	-0.0100766137623709	-0.500240315217379	-2.05918610685654	0.502813760659117	1.74064549201469	1.24529648307467
XLOC_020535	0.434988674600887	0.920106059977992	0.742961294060662	0.0693146674798202	0.0150412363702035	-0.212058733812373	0.236804405323823	0.549122966007604	-0.109348825649852	-1.30088755792546	-0.822946277862777	-0.523097908570532
XLOC_020537	-0.555185074180438	-0.545650742366388	-0.402582941562764	0.382555240207205	1.24145286835321	0.400181903647118	-1.02685788084296	-0.0388526586258324	-0.440710275505842	0.808029987500177	0.0805557974756104	0.0970637759008994
XLOC_020546	0.224740837035073	-0.203041846475021	0.230665500984236	-0.20781014453339	-0.137663567224804	-1.14748718663018	0.22131561782586	0.741143082160436	-0.198892428240307	0.166100877773921	0.382631757572149	-0.0717025002479641
XLOC_020555	-1.63512796296667	-0.683680960406097	-0.662509315731091	-0.597396548253934	-0.820763672271648	0.184211196702513	0.363230509414783	0.441852203644772	0.700728477201349	0.841419556919866	0.69584984647804	1.17218666926812
XLOC_020570	0.242586549017712	0.139504114977385	-0.205168652809685	1.03764811555839	0.984448890694636	0.629943479472497	-1.55522483069028	-2.25487344331742	-0.44697405377834	0.982931527562735	0.169336724559204	0.275841578753171
XLOC_020591	-0.348749578251676	0.288788180810116	0.334716590290566	0.373900170769057	0.809548729254137	0.353193942066734	-0.895797633333423	-0.264747563340391	-1.3830465395944	1.20173629990986	0.120763289919557	-0.590305888500138
XLOC_020600	0.827063344274552	-0.102689004649131	-0.0504414112334688	0.363597868488414	0.21593931610843	-0.40621552217763	-0.651059489500305	-0.745983534910125	0.314227797807376	-0.30790287755956	0.811470819134962	-0.26800730578351
XLOC_020606	0.504080498448109	-1.05985129012993	0.415969146411975	0.739941044015223	-0.156785725381715	-0.0298723466508202	-0.665430514032157	-1.99275839176038	0.759162078398422	0.553771830519552	0.544231909106617	0.387541761055107
XLOC_020609	0.325555940124537	0.261399445917693	-1.5164667733986	-0.575507860284401	0.969829363914427	-1.99360642487218	0.385622131303767	-1.98971289946045	0.363120050411248	0.596162661638018	1.3953385460521	1.77826581865385
XLOC_020616	-0.285749410498042	-0.119787347884834	-0.411563043358244	-0.314190089187856	-0.637498122445495	-0.0126178356798201	0.239102345323077	-0.0804548169339006	-0.0400957160433109	0.576926942945544	0.553015761513484	0.532911332249396
XLOC_020619	0.438507910499546	0.553420957363434	0.77155191404071	-1.16280446973375	-2.74254454611028	-1.52283072612056	0.573797412783562	0.729613616515498	0.582994217229739	0.594176125214435	0.467662070194635	0.716455518123032
XLOC_020622	1.01419978991601	1.43878474896538	1.51097388802931	-1.48098398324306	-1.04042576014102	-0.156150155190344	-0.189156679246105	1.0356606642203	0.698368152015833	-0.614077863494384	-1.39571630874932	-0.821476493082587
XLOC_020625	-0.0790524756999971	0.404624993862067	-1.03679964603149	-2.58021962247899	-2.58021962247899	-2.58021962247899	1.59380084807661	0.496522900360629	0.786825678702586	1.65999279406282	2.37604375150967	1.53870002259407
XLOC_020628	0.155503522517208	0.272650643913963	0.312709972281001	0.164755746296777	-0.168779368390631	-0.396474731050716	0.0714170839747252	-0.119212446734705	-0.29915651533856	0.145956926583533	-0.157808646529319	0.018437812476729
XLOC_020639	0.536692466660209	0.503623552583404	0.567699147839755	-1.36645301931412	-1.15175934900139	-2.07316648027664	1.25723461638495	0.659223729240497	0.808014450220008	-0.182017621546756	0.274788743243124	0.166119763966958
XLOC_020640	-0.204854625129118	0.0887554129376058	-0.166973100267136	-0.435426323448183	-0.564229999786448	-0.591792933462006	0.782147973671252	0.236602239359445	0.442713896127631	0.147005767628962	-0.391933334005951	0.657985026373949
XLOC_020659	1.95859051475173	1.65101374528791	1.34081189380554	-2.18827149583274	-1.18181511399975	-0.960870634517422	0.935512310888162	1.35071145799092	1.01697630214298	-1.87747971657405	-1.09069015086273	-0.954489113080541
XLOC_020672	1.10451018372011	-1.8940751671105	-0.350655190663003	1.31881531185693	0.869699062426275	2.64364913990965	-1.8940751671105	-1.8940751671105	-1.8940751671105	0.906302983346608	0.286909899601185	0.797069278244248
XLOC_020673	1.01694814807401	0.994374786989803	0.975643680227518	0.515689450928788	0.697284713941096	0.357689183721714	-1.71436819674456	-2.36725752608588	-2.15054896711323	0.659117905690361	0.660431459414564	0.354995360955812
XLOC_020674	0.67185571530031	-0.0306444255661873	0.517028880465126	0.973198929680525	0.528571469482202	0.816832319666701	-2.18813702042705	-1.95947601398658	-1.66917323564462	0.933043804148824	0.719192111506544	0.687707465374219
XLOC_020675	1.96466244496762	1.65575894416867	1.99285248245453	-3.21501372754543	-0.713916917273957	0.215639978818135	-2.6263937931447	-0.74398134833691	-1.75768254438164	0.700159080049522	1.32810951855471	1.19980588166945
XLOC_020681	0.501939018587938	0.323370896821285	0.592880378325344	-0.540281034717339	-1.3499692473782	-0.289771577768574	-0.472335212161672	0.0875001856377242	-0.834578635375228	0.841422889603297	0.619882363532931	0.519939974892489
XLOC_020694	0.164155368550602	-0.679940395200219	-0.835534089503442	0.74040259966324	2.00003428120022	0.587925396194382	0.739596728711675	0.248157383461886	-0.870141592792118	-0.0505101931876166	-1.29399865959758	-0.750146827501028
XLOC_020723	0.481187318006159	-0.0690956412078698	0.566137187262169	0.349421433879399	0.730949749041454	0.406706292816486	-0.130765631861599	-1.08244126448098	-0.209121706285809	-0.23689420475831	-0.581978457287062	-0.224105075124043
XLOC_020744	-0.63315043996802	-0.111659382069774	-0.119880339080353	-0.26281056351935	-0.336246576069573	0.138885539387704	-0.348240763996598	-0.0976856602416429	-0.141822063906741	0.560574570997042	0.846153061020473	0.505882617446828
XLOC_020767	0.516679892852422	0.32781443628009	0.277335261873941	0.0391849496187042	0.0105224874162895	0.142637721247563	-0.466143402269016	-0.212206716732786	-0.24125441502809	-0.0716559035953672	-0.439902650963013	0.116988339299259
XLOC_020769	-0.367331573239145	-0.368389176900791	-0.0978137020094589	-0.0694580330618386	-0.277278169686834	-0.14541898331686	0.583336821447906	0.169125311247012	0.26062820861163	0.125238164323538	0.243747220648309	-0.0563860880634666
XLOC_020776	-0.483348690202717	-0.0127887224302921	-0.117517375371813	-0.315520850830822	-0.565707538635047	-0.199289339386102	0.23615038542432	0.0473486562688432	-0.184315622544794	0.375806889627285	0.630121732678044	0.589060475403102
XLOC_020784	0.442428745696677	0.606303062142214	0.394972139498773	-0.414106474442823	-0.666621714722176	-0.618436271479288	0.96319818797056	0.652923946978406	0.82695061237736	-0.870280601575496	-0.508113133622098	-0.809218498822116
XLOC_020788	-0.451884500244017	0.466118836159923	0.0337727501700469	-0.213853418063521	-1.05615147242318	-0.369978712628433	0.460526816336832	0.233682423517704	-0.36137782424117	0.555987769478584	0.574542284393749	0.128615047543478
XLOC_020799	-0.109903897489316	-0.0145363585629958	-0.719401963377362	1.1707014387489	-0.368112252788682	0.585007368489554	-0.165114683111717	0.120964888324637	-0.141606740921085	-0.0520207984340715	-1.03125222022348	0.725275219345614
XLOC_020817	0.483632132591887	0.199633373747492	0.177122039089766	-0.842359783559015	0.0551754760152345	-0.0904834766578198	-0.150304506817067	-0.344921023821835	0.0324374187496437	0.205492041209556	-0.128016051866473	0.402592361318629
XLOC_020820	-0.238332881492356	-0.337676557359726	0.152005433302497	0.00147114398420278	-0.656136829745669	-0.0384417257746152	0.267573184895234	0.239959319581511	0.281587664310877	0.0153227105392695	-0.212553257061163	0.525221794819935
XLOC_020823	0.970417902249281	1.06465272388423	1.11364965962166	-1.58368270042629	-1.81352663709544	-1.43694439864275	0.845359865447447	0.671103991573711	1.02304192822502	-0.395258428929629	-0.310330337689597	-0.148483568217651
XLOC_020827	0.194866867850398	-1.54097017354635	-1.54097017354635	1.16273240963981	3.05398314666611	0.253821740833305	-1.54097017354635	-1.54097017354635	-1.54097017354635	0.774442353251867	1.11483007768184	1.1501742718084
XLOC_020828	-0.706121024255561	-0.720781376991777	-0.763112381111838	0.69603508627524	0.293392569390792	1.61904107361428	-1.04459638711633	-1.53476008857134	-2.37055699561874	1.16185728811186	1.51624230520122	1.85335993107218
XLOC_020834	1.20229044745874	0.400409573454292	0.361888435389232	-0.151535474323844	-0.186820585127855	-1.26628170793583	-0.263233801288462	-0.0280043740439915	-0.603436367838077	0.147655893914707	0.198707704396043	0.188360255945038
XLOC_020848	-0.443010738681991	-0.183445219443717	0.0725126306048089	0.236964472342306	0.396511046516901	0.447477546290866	-0.534319622556	-0.436918134900566	-0.529620014815523	0.220560167430605	0.199934041828042	0.553353825384265
XLOC_020863	0.378120188241613	0.739776225945157	0.273476312014939	-1.50664686643519	-1.19320304434292	0.113448817734741	-0.137287939826105	-0.338585751573686	0.235071675704895	0.0910076048963893	0.806005306334271	0.538817471305899
XLOC_020877	-1.47336219128983	-0.0249362946809331	0.0700577851576742	2.11513474708964	1.29041203824695	0.321429723089826	-1.47336219128983	-1.47336219128983	-1.47336219128983	1.32701595916729	2.26769699837868	-1.47336219128983
XLOC_020887	0.0672268060804022	-0.195081641252658	-0.525608874848148	0.940089782497328	0.855478870732605	0.544344516604462	-0.75361397253059	-0.310284593351899	0.30631372355531	0.319762096701835	-0.381811453136036	-0.866815261052607
XLOC_020896	0.4493771734751	-0.325619328171356	0.777662474672995	-0.175168020344232	-1.24255253164841	-2.72389041187789	1.0975948909969	1.27673346817779	1.31182704651913	-0.134121325367691	-0.982142352804541	0.670298916372214
XLOC_020904	0.729209376691264	0.999177804239655	1.39519617517983	-1.55881819142966	-0.17675535018464	0.165439886697642	0.596455180000918	-1.02807366113696	-0.345523217641698	0.174608177214501	-0.692255847843648	-0.258660331787206
XLOC_020909	1.2074159858068	1.31325549630305	0.320394902053521	0.35824079054993	0.125453373823877	-0.0845713935221482	-0.679913811846452	-0.079611866555886	-1.28704971245338	-0.365307526475881	0.00854464520740539	-0.836850882890848
XLOC_020921	0.196242945296427	0.0880528282562292	-0.0668142813407897	-0.75713262045253	-0.376943378969623	-0.379192180322499	0.403211044982624	0.49521566708203	-0.182150229026654	-0.277437419164023	0.34273040057449	0.514217223084317
XLOC_020922	-1.31171503133786	-1.45504406847062	-1.34685584592384	0.948989690918203	0.68750607092633	0.328596736611313	-0.0533553261015784	-0.255446412016908	0.491365097879783	0.845311975071538	0.56048061241668	0.560166500026953
XLOC_020935	0.549988219199514	0.566068943585277	-0.33703286455377	-0.29918697605736	-1.42164886531611	-1.61513057070032	1.79195352520676	0.972680980666049	1.32948118904297	-0.286134377214733	-0.265268192330141	-0.985771011528144
XLOC_020943	-0.503741244769744	0.0147410633256424	0.0632410372849845	-0.294037561011175	-0.320425637687372	-0.420941755580833	0.36965752906641	0.416777855844201	0.367862216993677	0.0306044844407323	0.0460828376998803	0.230179174393597
XLOC_020944	-1.09322807021287	-1.09322807021287	-1.09322807021287	0.816486047804919	2.18290172439627	3.59027429236843	0.257328901982265	-1.09322807021287	-1.09322807021287	-1.09322807021287	-1.09322807021287	0.805605524938183
XLOC_020945	-0.523818803631128	-0.677548505686254	-1.43157384142858	0.905913129439893	1.3794961370811	1.32103793373816	-0.441041849844185	-1.10855134638768	-1.94434825343508	1.4791462883106	0.0376017384407055	1.00368737340246
XLOC_020967	-0.181565299141092	0.0228414711309428	0.24322857687006	-0.405646620095976	-0.391727024258285	-0.799307556707686	0.480055972302546	0.729477011316441	0.407484917018394	-0.330612875708943	0.222382698737825	0.00338872853577676
XLOC_020969	1.58975241822292	1.66431944022292	-0.0627753985663149	-2.00145151084765	-1.94922619433579	0.464377390996358	0.688838716591125	-0.462782167175722	1.03446927848333	-0.459136961335942	-0.170106439196925	-0.336278573058318
XLOC_020991	-1.10215672115738	-1.39633575071063	-1.14455950801038	0.956585349495548	0.698594608431735	1.19064126671618	-0.388065079399547	-0.271705381947218	-0.415782176207616	0.649138939565244	0.445506733992591	0.778137719231477
XLOC_020995	-1.33059443380912	-1.73868494482676	-1.20483370438612	0.645781938060443	0.804915432569437	1.35892887577611	-0.654988894160014	-0.200473162322601	-0.333606046786918	0.889952773358427	1.13249878278483	0.631103383742282
XLOC_020996	-1.19140680832743	-1.58904303194177	-1.45419311884831	0.849517099542693	0.175464191399366	1.743725388801	-0.803908055785343	-0.408031313481703	-0.439951097081957	1.74062721359761	0.750061925408247	0.627137606717598
XLOC_020997	0.456292717283761	0.619960002337312	0.203112999755493	-0.211803659902357	-0.141427995954672	-0.194702919077474	0.429517811924072	0.8073965723699	0.538375165836701	-0.858708817002171	-0.44668725793013	-1.20132461964044
XLOC_021009	0.684186962122408	0.379216299037954	0.401973876562183	0.168145430475974	-0.181931021401812	-0.31535116940915	-0.332282672085183	-0.772377738446696	-0.0117790152470665	-0.0148053184566397	0.198184402157074	-0.203180035309045
XLOC_021015	3.02997141913814	3.46148106651277	3.63138875838426	0.0774120730472356	-1.5023280033293	-4.26610223286608	1.0468781546695	0.788195000790958	1.61089344051231	-0.814073565336585	-2.79761387865713	-4.26610223286608
XLOC_021021	-0.553525705077753	-0.0183373122236432	0.127360288100867	-1.14729498224284	0.547198996830356	-0.827755981517974	0.534032062408178	-0.575218340436949	-0.31274166603722	0.770884368108326	0.619519824109837	0.835878447978818
XLOC_021035	2.06571564561573	3.6203861298986	2.70972557141963	-0.932869705214885	-0.932869705214885	-0.932869705214885	-0.932869705214885	-0.932869705214885	-0.932869705214885	-0.932869705214885	-0.932869705214885	-0.932869705214885
XLOC_021036	1.49346096040084	3.43518576717901	4.14070894982349	-1.00770618637815	-1.00770618637815	-1.00770618637815	-1.00770618637815	-1.00770618637815	-1.00770618637815	-1.00770618637815	-1.00770618637815	-1.00770618637815
XLOC_021047	0.960805869712014	0.374045016967437	0.280546578908587	-0.674221919517768	-0.386600455748825	-0.756023731092172	0.388027430081514	0.316917598670924	0.449766387831112	-0.0972558016542893	-0.774691598128433	-0.0813153760301004
XLOC_021060	-0.767595361310932	-0.767595361310932	1.5043362045423	-0.767595361310932	3.99063234185533	-0.767595361310932	-0.767595361310932	-0.767595361310932	-0.767595361310932	-0.767595361310932	1.41338970540076	-0.767595361310932
XLOC_021082	0.144473969589802	-0.0172824576775223	-0.0188763360059632	0.209589545294019	0.236360309565292	0.58321854169267	-1.21968885877037	-0.796787321420384	-0.635752735025424	0.623306508079512	0.262497985042408	0.628940849635967
XLOC_021089	0.177575890804629	0.218753483497034	0.159068111315211	0.220639006051881	0.50137169574227	0.706260244748417	-1.16749232609047	-1.0088143976236	-0.846258603946611	0.164437753479101	0.0243963705881889	0.850062771433933
XLOC_021108	-0.105130257438332	-0.666193519487799	-0.853906585456617	0.490018593476946	-0.096943111926989	-0.594605441254896	0.332711185009692	-0.0178698769901375	0.627555488805762	0.0259548961018892	0.0544465923071229	0.803962036853363
XLOC_021135	0.379063166411368	-0.607435441109634	0.508032398292667	1.21633470655318	0.934419808620481	-0.447313779876448	-0.860534069006468	-0.72026153819097	-0.503552979218314	0.751136326096897	-0.679744432023625	0.0298558334508643
XLOC_021140	0.553746483710734	-1.18209055768601	-1.18209055768601	-1.18209055768601	-1.18209055768601	1.88983904251574	-1.18209055768601	-1.18209055768601	-1.18209055768601	0.397446829472492	3.040805049982	2.39279649812111
XLOC_021144	-0.820961962861308	3.22883582230822	1.93275806493741	-0.820961962861308	-0.820961962861308	-0.820961962861308	-0.820961962861308	-0.820961962861308	-0.820961962861308	0.758575424297194	0.647526391347637	-0.820961962861308
XLOC_021153	-0.37412546756893	0.542303803633508	-0.0438132119330907	-0.133724598495458	-0.232130675886156	-0.459677055441362	-0.388165025438521	-0.527514036695442	-0.514879597390784	0.755629259207264	0.646710268590754	0.729386337418221
XLOC_021169	0.113787909243303	0.26295899045245	0.12585647802238	-0.0472824904286071	-0.0756173841979262	0.0287278076528121	-0.542610982983039	-0.442813427040623	-0.922973548955079	0.329461933752395	0.45014265538286	0.720362059099083
XLOC_021172	-0.559443910206603	-0.175147842704474	-0.134289759061685	-0.384849682029745	-0.199429700057618	-0.0670118348990236	0.253872953570669	0.175833993214798	0.225299366967487	0.208728699998929	0.555411962905913	0.10102575230135
XLOC_021180	0.193471054143188	0.523871460999604	0.828112837861264	-0.64199289789387	-0.328904260995499	-0.735716166363287	0.592441671302629	0.472557370406342	0.703723950931868	-0.698149710725565	-0.423728550490519	-0.485686759176161
XLOC_021182	0.12971112294328	1.0877440540024	1.43356396788596	-0.816879814129314	-0.896697698696169	-0.495642283474904	0.0627742218277501	0.621994598595316	0.41032027044221	-0.613673396980782	-0.464263708761656	-0.458951333654087
XLOC_021184	0.706239077316933	0.344333776386557	0.0430583604233794	0.564457805523781	1.01757270439709	0.672643404662451	-0.287584972462581	-1.83541954688119	-0.181977829602955	-0.0244392076956359	-0.360419034995056	-0.658464537072765
XLOC_021187	0.153964201663473	0.138333975310845	0.0596352603314196	-0.186707360947818	0.0781284456052092	-0.490545055046542	0.301883760506095	-0.124849313636918	-0.0774088350140341	0.362276553897385	-0.227794164573608	0.013082531904498
XLOC_021191	-0.764076645120983	-0.711616378374855	-0.218977380634812	1.28027907683889	0.648495911495401	0.60394939811338	-1.62314049745334	-0.112444675697623	-0.821270853573031	0.733102384025043	0.130317883448292	0.85538177693364
XLOC_021208	-0.136253370272566	0.111737205118668	-0.24298239386277	0.692924255304106	0.755682423223705	0.251511078778792	-0.240538015413767	-0.330840231670735	0.290696174686341	-0.251986144522526	-0.557411625267994	-0.34253935610125
XLOC_021210	-0.0959909336940665	-0.0958180761161991	-0.231718204500805	0.55556156901509	0.555874308853021	0.601122685599266	-0.37999518528099	-0.233565283762468	-0.0786963267040601	0.0363002388854845	-0.38028370248947	-0.252791089804813
XLOC_021218	-0.41444162122766	0.444703198439491	0.550533656623546	-0.420986879396475	-0.599265651965037	-0.112911219075503	0.890873057832929	0.897982997932317	0.769701901346327	-0.77088942946691	-0.736245273965942	-0.499054737077079
XLOC_021221	0.86616123885599	1.01105796115002	0.732537670855857	-0.493920671066516	-1.3336933587598	-0.364637304378293	0.0853994988843017	0.0361580787121536	-0.103250691650739	-0.0516457907663233	-0.0614018711041444	-0.322764760732504
XLOC_021228	0.324934697032152	0.551969039338095	0.4382422055311	-0.768860063663455	-0.846281984174148	-0.600561456889883	0.433460955788043	0.434135881288375	0.287512730766265	-0.0693189744582128	0.18631519496193	-0.371548225520272
XLOC_021232	2.13737774043279	1.89340242949705	1.91335935474897	0.788212559617268	0.283113408636482	0.30098285291256	-2.43359508127277	-2.2049340748323	-1.46971879409637	-0.645639646033697	-0.928317579893146	0.365756830283159
XLOC_021234	-1.0394844860632	0.408941410545689	-1.0394844860632	-1.0394844860632	-1.0394844860632	-1.0394844860632	0.311072486131928	-1.0394844860632	-1.0394844860632	0.540052901095298	3.1834111216048	2.83291348306471
XLOC_021268	-0.0318877250030596	0.121025321472774	0.570939744057868	0.504307094459016	0.668687191299691	0.507063687650392	-1.37787679320004	-0.662783539382632	-0.647304472982623	0.417566556711519	0.0705173641520958	-0.140254429234997
XLOC_021284	-0.00201076708528447	0.264146987490554	-0.431411161120895	0.141690683774221	-0.0343441992116409	0.172000370730774	-0.110969131774538	0.343910187102509	0.250682509358378	0.0081853021458631	-0.221765990597748	-0.380114790812193
XLOC_021294	0.0967918956858052	0.179994621064949	-0.0159292253541388	0.362976771391401	0.0945186449596331	0.278553535284497	-0.61942274168515	-1.02356833486655	-0.633676675275517	0.168506250963544	0.531208789046555	0.580046468784963
XLOC_021296	0.638718094606002	0.559082919015196	0.886872580636547	-0.210457100650873	-1.33291898990962	-0.653269284722951	-0.96732167806846	0.284053277779904	0.0548251702166835	-0.197404501808246	-0.355634029777892	1.29345354268372
XLOC_021298	-1.07836276900862	-1.07836276900862	-1.07836276900862	-1.07836276900862	-1.07836276900862	1.99356683119313	-1.07836276900862	-1.07836276900862	-1.07836276900862	1.23704975778959	3.27499624877015	2.12128931431612
XLOC_021301	1.26397202606359	1.35329932955557	1.27249912698563	-0.863018043798485	-0.744396297966238	-0.346882051007627	1.06293982799172	0.619039519092112	1.06684109373254	-2.11599453007707	-1.34757626640171	-1.22072373417004
XLOC_021302	-2.47184203440799	-0.530117227629828	-1.57052804283313	0.431632351686332	0.299243405695205	0.940399246599728	-0.199448942614836	-0.43005913980672	-0.981303954649554	1.20878233770222	2.10718121245073	1.19606078780784
XLOC_021329	0.824936360260889	0.81119562577133	0.098282575283509	-2.17364899056973	-2.17364899056973	-2.17364899056973	-0.137950789002824	1.27473447111999	0.0672966252224958	0.989038811199992	1.56741019909878	1.02600309275502
XLOC_021345	-0.164597180775212	-0.19730291405509	-0.164051704393842	0.727537222059379	0.759866998987206	0.296451815810569	-0.54658602268867	-0.246375089440333	-0.224148702088502	0.235125432613188	-0.238305786508237	-0.237614069520445
XLOC_021347	0.298477843582514	0.100145102130391	0.1900689948638	0.18348221200679	-0.342619437247125	0.14549611967681	-0.523367500567557	-0.444309195509738	-0.136263670617458	0.0919739519509903	-0.110171855515627	0.547087435246205
XLOC_021353	-0.207663421209374	-0.302175155346581	-0.20742261681781	1.24916441019794	1.31940283817772	0.765428803754583	-0.557346415071541	0.770838595161632	0.661828825954165	-1.4628951994393	-0.726426594093998	-1.30273407126744
XLOC_021354	-0.0495555884532193	-0.156396280319446	0.0797262190521	0.952686612788543	1.92637016609474	0.959656655355527	-0.880761943202462	0.614913400592937	-0.0983819454865822	-1.36508573368588	-0.924593754939632	-1.05857780779663
XLOC_021355	0.0499257877191592	-0.578859410842769	0.408755579022821	1.70316765647952	0.92808182762607	1.0589186480896	-0.16865801378531	0.897029405125915	0.164400586393755	-0.274711671581848	-2.36595111317174	-1.82209928107518
XLOC_021368	0.514113613882098	-0.504620374778369	-0.032584441420175	0.893714427412911	0.611799529480211	0.823018803995578	-1.18315434814674	0.00217770896218639	-0.327664231706343	-0.10194126858439	-0.402094973407565	-0.292764445689405
XLOC_021402	-0.313878391839921	0.235885856181147	-0.222697757111246	0.0523260938627645	-0.717514322667591	-0.233691900974089	-0.412476480590998	0.137102970101645	-1.31060943422493	1.00553408051018	0.973287548108005	0.806731738645029
XLOC_021409	0.0167696567986155	-0.535759082391884	-0.286776801341059	0.437740937191197	0.508379979122381	-0.0399727987326255	-0.0785880915311754	0.225986033929772	0.461014575783024	0.0569000957255188	-0.27658672412721	-0.489107780426549
XLOC_021412	-0.119990563429264	-1.85582760482601	-1.85582760482601	1.73266933355346	2.34385233606179	0.714464919326561	-1.85582760482601	-1.85582760482601	-1.85582760482601	-0.276290217667507	2.06432729769674	2.82010491858827
XLOC_021464	0.246762947281519	-0.0984983495282599	0.0910322913698565	0.26407456762955	0.153367786620347	0.119833024462942	-0.146359684711191	0.051133382174795	-0.0507589567628859	-0.231208038398567	-0.259900225510124	-0.139478744627972
XLOC_021466	0.510445097818478	0.533888628976666	0.065281705071401	-1.6017295934244	-1.28828577133213	0.236214821378257	0.128311505034517	0.172541361956358	0.477741021194031	0.386671196036454	0.219452311555205	0.159467715735154
XLOC_021467	0.228144558045175	-0.103577894641852	-0.10076891259526	-0.906091378933203	-0.42922562309152	-0.386763299351353	0.0844274440083996	-0.275319762157935	-0.175273835383395	0.409725503210403	0.710404806631399	0.94431839425914
XLOC_021544	0.468228068958003	0.379858425886348	0.329996645579295	0.479817028817368	0.217484392643711	0.273009208919942	-0.458639401583456	-0.587812020219645	-0.400734456374113	0.0336066724603326	-0.0675434174301612	-0.667271147657623
XLOC_021559	-0.791406699026022	-0.275455499012176	-0.605296990568379	0.823373326443445	0.911391739497518	0.86352713607822	-0.555659513014061	-0.45133995938278	-1.02050168876743	0.882197562440804	0.352090814302243	-0.132920228991378
XLOC_021602	0.312218397509532	-0.943938078465941	-0.807450871923995	1.52787069013091	0.817874477858817	0.850490700742349	-1.52646956084517	-0.457884807935455	-1.28879580104154	-0.140069706980704	0.380295206637688	1.27585935431351
XLOC_021630	1.87984950610718	-1.11873584472343	2.72965438557569	0.790978273294352	-1.11873584472343	-1.11873584472343	-1.11873584472343	-1.11873584472343	-1.11873584472343	-1.11873584472343	0.349752509485511	2.08091623860131
XLOC_021715	0.84754327878579	-0.888293762610955	1.38363780324228	-0.888293762610955	3.5225171656783	-0.888293762610955	-0.888293762610955	-0.888293762610955	1.35265185318127	-0.888293762610955	-0.888293762610955	-0.888293762610955
XLOC_021718	0.548469024551876	0.837444717331387	0.498504264509841	0.862855034530212	0.422099336315966	-0.238789068168056	-1.04342916859542	-0.72060072958907	-0.387749124690407	0.34627343404358	0.201957561154742	-1.32703528139465
XLOC_021720	1.72511366601684	1.18962227861797	2.09332995622888	-0.631216081750305	-0.943583225520636	-1.14778341992802	0.780382165596063	-0.231107798980195	0.635923784042197	-1.90430049333155	-0.921554866668589	-0.644825964322652
XLOC_021733	0.815112393870682	-0.0303605130930089	0.770225396826725	0.53057164446974	0.173761837740323	-0.124192501843656	-1.80468581278932	-0.548747876909199	-0.0788972914925203	0.660138214166561	0.267128893413559	-0.630054384359882
XLOC_021753	0.00725215932873535	-0.203333844774316	-0.880226949478931	0.85825431096286	0.678341042469393	0.828156488631214	-0.604218641039595	-0.512968627715004	-0.200314876823449	0.0214796606086605	0.101058903952493	-0.0934796261220558
XLOC_021770	0.973087299486037	0.985727581592036	0.952924367521101	-0.572578876459739	-0.963830146855262	-3.1213012679934	0.605996177010195	1.06062499230616	1.49090151781273	-0.675880765831243	-0.332626034825446	-0.403044843763165
XLOC_021782	0.491446711340929	0.347114052266142	-0.0329673505810515	0.28999619265166	0.017871339300374	-0.0284990630997983	-0.444249572582738	0.197339335533234	0.359463199049508	-0.207868175281544	-0.57521140097106	-0.414435267625652
XLOC_021784	-0.173914098427831	-0.411190481901915	0.130229721914956	0.151930252609898	-0.108833967191771	0.148030271318765	0.380584806975746	0.77045622713908	0.996234329486599	-0.741626032183744	-0.64931180498954	-0.492589224750239
XLOC_021826	-0.000684785421621648	-0.7395025361805	-0.0609562763656522	0.75282932040012	0.888029914423779	0.867101928790642	-0.893242789523621	0.633530893758863	-0.416056412942792	0.146900589378001	-0.595776169294662	-0.582173677022554
XLOC_021834	0.550088812000546	0.0784272018290579	-0.614498437423122	0.925385564975876	0.709145613415927	0.852123852460181	-0.12547688207709	-0.909307155504952	-0.411912286712393	-1.08229284226366	0.0597166389000137	-0.0314000796003855
XLOC_021835	0.739218340684558	1.06165323068515	1.43224726989963	-0.651207052063476	-1.90215809650127	-0.125516516132236	0.180388889729707	-0.415714069341198	0.127607695506517	-1.0637193805738	0.608899250009422	0.00830043809700021
XLOC_021868	9.19651200437244e-06	-0.0714834405641058	-0.561371801806422	0.311588591930021	0.234885184371874	-0.3396615486115	-0.617373998617361	-0.38419211038801	-0.393687750452817	0.525241903273414	0.631703041112972	0.66434273323993
XLOC_021874	-1.13523918219475	-0.59341732310953	-0.785615929194408	0.412799200925467	1.15985211298288	1.59132032271269	-0.744475678606735	-0.868446964344822	-0.0630415107774498	0.524166437951693	0.458224562204003	0.0438739514509683
XLOC_021887	0.205556179544403	1.73957765377321	0.0131391145951583	3.15992064863667	0.431658572677299	0.26451105252731	-1.53028086185234	-1.53028086185234	-1.53028086185234	-1.53028086185234	-0.0617925076433965	0.368552733298709
XLOC_021893	0.101816219685738	-0.504392696149587	-1.7402064938374	0.957382297727519	0.187541881197164	1.1406615024754	0.0323483610699817	-1.43729979778005	-1.29172781227865	0.503633335551774	1.24010194089708	0.810141261441029
XLOC_021925	-1.12954736869943	0.318878527909465	3.33403016367729	-1.12954736869943	-1.12954736869943	-1.12954736869943	-1.12954736869943	1.94719515414019	0.388249362501026	0.449990018459074	0.338940985509517	-1.12954736869943
XLOC_021929	0.0431864809167273	-0.55356418472583	-0.713535898708051	0.509093082354257	0.393233720611808	0.71875833046326	-0.117827185604371	0.17131987015865	-0.121290983716176	0.00735576491413337	-0.125562367797587	-0.211166628866815
XLOC_021937	0.280907622712546	0.254875455685025	0.00125904690632161	0.138288028497843	0.0336222457450903	0.0352462486333458	0.385125145311149	-0.533754681429389	0.540142409291928	-0.325492567435019	-0.154941952192782	-0.655277001726061
XLOC_021951	0.436900665926557	-0.896556690163359	-0.318024975489793	0.1770991001244	0.244395722500347	1.25931555889454	-0.264249066150096	-1.59157694387832	-0.174709979251484	0.469621745849311	0.705280422353754	-0.0474955607158503
XLOC_021980	-0.889664088717714	-0.614796001535629	-1.16723139742148	-0.258541879254732	0.406956450366031	0.303651901767753	-0.769821867314214	-0.142151674166995	-1.83807974049131	1.72056521304943	1.58634979177945	1.66276329193941
XLOC_021994	1.02991891643084	0.862388364852652	0.785316272610912	-0.909274747445758	-0.715135883323839	-1.29425871597786	0.731367908405211	0.792799087807989	1.28117619208016	-0.717619105402393	-0.714589695256061	-1.13208859478185
XLOC_021996	0.792118178300313	0.669085290635095	0.729678513923411	0.408892267133004	0.38017813293141	0.185305741556079	-0.0536957493186465	0.287600377130459	-0.0912024851384015	-1.58278227840569	-0.883343088760348	-0.841834899986684
XLOC_021999	0.809815931252956	0.780868013112377	0.758563513330788	-1.11070013121742	-1.07714860294542	-1.34348112799838	0.794145553410821	0.789106457363321	0.876414680906272	-0.639823449688183	-0.365389443308619	-0.272371394218505
XLOC_022012	-0.832853863438128	-0.832853863438128	0.710566113009371	3.85734764705088	1.12908557109151	-0.832853863438128	-0.832853863438128	0.965831576353258	-0.832853863438128	-0.832853863438128	-0.832853863438128	-0.832853863438128
XLOC_022048	0.715808773333425	0.951459075331097	0.87314123025163	0.377556219388627	0.501054277956603	0.516292256446176	-0.550560527560777	-1.42540907573909	-0.860520665616626	-0.322264982838283	-0.694327010187804	-0.0822295707649747
XLOC_022055	-1.89853521680747	0.0775307655529542	-1.36244069235098	1.20223177019289	-1.67243282367458	-0.562442658002465	-0.786290741805071	0.10926275105592	-0.267326957022642	1.91224852855898	1.80576996443843	1.44242530986404
XLOC_022071	0.403794363561599	-0.614939625098868	0.124810498367273	0.738113559024732	0.939877782967628	1.04794428940429	-0.440556063627383	0.0992646854033339	0.225879630255095	-0.1495303222688	-2.159611135579	-0.215047662409906
XLOC_022078	-0.398279604756333	-0.438616716612966	-0.272138885295805	0.574948554853821	0.502297862673853	0.434582149048811	-0.324918326277887	-0.139722767663587	-0.146749414761304	0.214294787932227	0.00931762260331759	-0.0150152617441393
XLOC_022093	-0.00850680488598243	-0.429243724907137	-0.157596048523234	1.25088560445978	1.44835396107793	0.715516641514568	-0.7223114658011	-1.27003505364228	-0.795144746696617	0.0691496455525771	-0.097719885235005	-0.00334812291350239
XLOC_022097	0.572028391004303	-1.11057415665968	-0.812766306419285	0.945010103946659	1.30591445984314	1.02574873886778	-1.43438916678423	-1.55291192938914	-0.705914719759511	0.823591534533882	0.378894283989244	0.56536876682683
XLOC_022098	0.0282904548436935	0.25308201503878	0.155436331188596	0.263077529772844	-1.17468076682488	0.754529981690129	-1.46346831960659	-0.00696827021288282	-0.836424242356924	0.655761121232759	0.552060206173747	0.819303959060727
XLOC_022109	0.603748818378061	0.412655382098981	-0.189828817790783	0.43200065206577	0.274685376922981	-0.170813072929889	-0.512747055903018	-0.551185697312782	-0.958391527239547	0.0194630997141267	-0.131423682095281	0.771836524091382
XLOC_022111	0.842136168281668	0.614611832880013	0.454640118897792	0.0471487351723985	0.317440938325195	0.0933503877317747	-0.651556858792343	-1.70789118006702	-0.125935943256603	0.0452545371511928	0.551143382018394	-0.480342118342462
XLOC_022112	-0.76817487813011	0.181378784004241	0.355260752424422	-0.322787430192954	-0.618631033724526	-0.0385492401932339	-0.0031463542388197	0.145155148946903	-0.641138264282851	0.799637174441287	0.587341125178335	0.323654215767306
XLOC_022117	0.592182711965138	0.668604184042971	0.25253612401815	0.333390776600344	-0.148243591604682	0.134842321345208	-0.660234722070922	-0.430381900746277	-0.693779338222436	0.136043041743656	0.0777400418126684	-0.262699648883823
XLOC_022119	0.471318243451873	0.159034882180825	-1.09426011792692	0.907900276592541	1.5823047533205	1.22743927731741	-1.13208010699301	-0.115994759054467	-0.0705558035253757	-0.112180255390918	-1.19858310281959	-0.624343287152861
XLOC_022120	0.773579620071037	0.024572084556584	0.170903272923953	0.662883101862833	0.287854741455419	0.0594740516285333	-0.332172029882715	0.189701281054948	0.162788349591427	-0.896713145646363	-0.356184583239068	-0.74668674437659
XLOC_022125	0.777805955604718	1.34117723895863	0.579406565432658	0.189968201461373	-0.510517657160565	-0.499531244927367	-0.620055345896524	-0.727364232282536	-0.0936487477546342	-0.346996252056076	-0.108383208321354	0.0181387269416797
XLOC_022142	-0.0562658525057165	-0.351860353753058	-0.364983128795176	0.837868287606753	0.925678509566403	0.626128354696015	-1.46724744705482	-0.661495136693746	-1.4744325225422	0.549456073900472	0.51263122660951	0.92452198896557
XLOC_022153	-0.476994116548634	-0.251141105590285	-0.178615959600337	0.036284809013079	-0.0935789341067625	-0.0310010131409486	-0.249613283659128	-0.246015769715864	-0.348603194025459	0.737359060206762	0.699701479133135	0.402218028034441
XLOC_022160	-0.152493133995351	0.552973305510754	0.225230538317022	-0.370360427552099	-0.614109728872044	0.0455722638845968	-0.28700819723046	0.00286177979267155	0.164425136831638	0.0455022295667469	0.214192707199776	0.173213526546746
XLOC_022181	0.348259685583795	0.0743097241542374	-0.581802793432219	0.477771575886256	1.21816397019813	0.376893005492029	-2.52077958307667	-1.2694046272283	-0.539807192239184	1.10996320827177	0.363837009858996	0.942596016531165
XLOC_022184	-0.158026135040064	-0.843639663922938	0.537069494330277	-1.304940510713	0.266441696213746	0.0437111080022685	-0.991271309453651	-1.44505398740275	-0.901732222555039	1.40230097521377	1.61646965143301	1.77867090389437
XLOC_022197	0.488339404895698	0.487281801234053	0.676006098019652	0.074541616164371	0.397117282266327	-0.506672195399459	0.0446650367048482	0.0119703227556691	-0.085371213902893	-0.695282894354454	-0.701942175486277	-0.190653082897538
XLOC_022204	-1.50418075849436	-0.318699412823736	0.0215431700270932	-0.985719129141693	0.692834758371181	0.783195741884857	-0.0188618973226076	-0.183198165936103	-0.720436858274137	0.405514120332843	1.2188602326918	0.609148198684873
XLOC_022223	-0.495087141388774	-0.390328585169869	-0.428485104208725	-0.551824621113195	-0.295350583576625	-0.0772147257460789	-0.0411894006298716	0.102252112057061	0.688817942367281	0.557392991899066	0.716022457744673	0.214994657765052
XLOC_022245	-1.05856391472189	-0.829317745898887	0.0773814676005484	0.941953682178528	0.930422911175875	1.00414155328012	-1.35537783103031	0.625651737909759	0.0396196200348511	-0.204267585075657	-0.640586157764621	0.468942262311692
XLOC_022264	-0.0140131688596519	-0.167051955878778	-0.162542824307881	0.568007966373868	0.529470878653658	0.544878206890596	-0.640331355385786	-0.626616443311464	-0.708483710466218	0.675169822586621	0.181728589414304	-0.180216005709269
XLOC_022269	0.0875681481866195	-0.350196990454291	-0.170760272462061	0.825821654342997	0.787415254372112	0.564390771643398	-0.882563229838232	-0.732773386851268	-0.628818604312608	0.49931805216128	0.070083807088384	-0.0694852038763383
XLOC_022278	2.51420422267375	1.0091940243484	2.88118984293195	-1.14727084292242	-1.14727084292242	1.42302168123015	0.203286129272709	-1.14727084292242	-1.14727084292242	-1.14727084292242	-1.14727084292242	-1.14727084292242
XLOC_022284	0.845868426504338	0.679826205920917	0.397418813222149	-1.53693757055231	-0.31566187015722	-1.34272756944547	0.788531042070524	-0.150916750034829	0.428220552651245	-0.678922697557693	0.542979000073875	0.342322417304471
XLOC_022290	0.228029652695285	0.957958412769337	0.766913174136145	-1.40042464706405	-0.680497395453219	-1.05466958477261	0.780538243619872	0.707524669938555	0.613444325669238	-0.243504245067331	0.089996328937497	-0.765308935408719
XLOC_022291	-0.608430453097705	-1.42148217065654	-0.466552418272201	1.46037833035262	0.667214042352897	0.132137858592515	1.75463113543105	1.20729847304595	1.83017584332608	-0.785647581625736	-1.39074759561961	-2.37897546382933
XLOC_022293	-0.0301842095933824	0.257497201337411	-0.821300975426448	1.03395456066938	0.659387523463676	0.257225667325435	2.11110894318118	2.0968569564796	1.74575412929959	-1.62015326995056	-1.75458073003709	-3.93556579674878
XLOC_022294	-0.860782277346	-1.02634971818913	-0.151184279059675	0.526960947228925	-0.396311837403797	-0.240277131744413	1.87824385843309	1.4336448520617	1.97128556306204	-0.793527203825609	-1.6220445361738	-0.719658237043324
XLOC_022298	0.0045699565896884	0.131869927959766	-0.0666469968254786	-0.352407255280309	-0.464441527289321	-0.24978627059594	-0.0759418670239649	0.484890357111778	0.384339024401969	-0.113339789026476	-0.247146128473184	0.564040568451476
XLOC_022302	-1.17917787197236	-0.00845226171273783	-0.491757504015933	-0.0706817712255674	-0.00160772401695031	-1.28253184002467	0.669432731976469	1.40136496811131	0.652944095235116	0.131405761825867	0.577587151850076	-0.398525736030626
XLOC_022314	-1.67165180856614	-1.16249179585571	-0.206659627020039	0.991755503099837	0.980224732097184	0.912422291187723	-0.62575073863614	0.0185199226043604	-0.124115496133336	-0.0342002077585342	0.769905063245893	0.152042161734907
XLOC_022317	1.91731218172478	2.15566327391191	1.7518653823747	-2.24901228025155	-1.50963972370119	-1.47841470969248	1.06879740742726	1.07296570357962	1.00710534132669	-1.22169034267718	-1.38244993666554	-1.13250229735701
XLOC_022318	1.64580496118789	1.91558388829048	1.78244882064158	-1.87957049654019	-1.51580439940186	-2.0246435001962	0.826651987355927	0.119942132754038	1.11749873822846	-0.346698950729124	-0.686194085281237	-0.955019096309762
XLOC_022320	-0.0315909553297082	0.190363938767122	0.225273693359852	-0.289794663343778	-0.592062604959164	-0.418009923499304	0.41938279678983	0.459171770852911	0.284346704116349	-0.323562355491233	-0.159867805206622	0.23634940394374
XLOC_022325	0.165880895187294	-0.101931147399745	-0.262330250829891	1.07017414854008	0.531869047431717	0.131867043118164	-0.0486120756080926	0.413427462148406	0.170679092684701	0.0207067326416253	-0.174602668961169	-1.91712827895309
XLOC_022326	-0.428274014187322	-0.0700094066389614	-0.298556374006168	-0.0529772612119928	-0.695813273525479	0.0643416514035886	0.371454590138241	1.00766866419053	0.705951023525376	-0.355643015865806	-0.685945252030543	0.437802668208534
XLOC_022338	0.887205404649757	0.957670863668217	0.572565354757693	-0.527034812407859	-1.00834317735395	-0.493794253924429	1.0318487863608	0.336592978897159	0.870175677152976	-1.09631088691484	-0.883403820544359	-0.647172114341177
XLOC_022340	-0.189778044918371	-0.0781279337831053	-0.354720288147783	-0.0747740903679297	-0.547364005311513	-0.0497376704436112	-0.233081733794156	-0.162665532598357	-0.190570212616768	0.600213146917488	0.14267800849381	1.13792835657029
XLOC_022348	0.0518959309193772	0.133337985213944	0.537179115173685	-0.537921386864347	-0.728496346159738	0.115706059752395	0.25594503517913	0.233031594765658	-0.176314826474658	-0.194851592361514	0.477041027198634	-0.16655259634257
XLOC_022349	1.64824051818266	0.62473222788743	1.98117753515265	-3.08717079586974	-0.323396566332965	-0.0152411956679899	-0.239089279470596	-1.28848535607836	0.519414033460721	0.364857871659749	0.210987357591437	-0.396026350514992
XLOC_022353	1.13385500509929	0.86770508678909	0.808924088557965	-1.19269828948677	-0.354319740922874	-1.22507008981019	0.67266545352338	0.483956071772344	0.747868045864526	-0.192956305929903	-0.664508246620183	-1.08542107883667
XLOC_022364	-0.45510428680892	-0.173565156079021	-0.338270629976246	0.800150400230613	0.624115517244752	0.830460087187166	-0.758227402218255	-0.993506393126383	-0.415862482676371	0.497969528217281	-0.271991648405182	0.653832466410566
XLOC_022366	0.349638754536817	-0.585937498009344	0.455671776971313	0.97098902797487	0.898582105793829	1.22306221898578	-1.3424105758936	-0.920711579038652	-1.30273197085776	0.440285442510261	0.0469465738004349	-0.233384276773951
XLOC_022370	4.09733218622177	-0.505983685493701	-0.505983685493701	-0.505983685493701	-0.505983685493701	-0.505983685493701	-0.505983685493701	-0.505983685493701	-0.505983685493701	-0.505983685493701	0.962504668715244	-0.505983685493701
XLOC_022381	-0.810409978102388	-0.172872219040596	0.440624319680776	-2.2206616742926	0.452129365459123	0.228435304687273	0.645590296550115	1.3115681346838	0.703590403456855	-0.288327305840538	0.515777965163889	-0.8054446124057
XLOC_022385	-1.03455530141701	0.17298503614093	0.543076360889241	-0.462428917783211	-0.86507143466766	-0.263634812503946	0.46662504095032	0.68562005120782	-0.0371851934839622	-0.0500354190482497	0.682870748648512	0.161733841067212
XLOC_022404	-0.031248026761121	0.146752905633348	-0.227031905353692	-0.405926684137177	1.08193977881698	1.40150791880823	-0.686051402017886	0.0556217564107175	-0.189295090761655	-0.173917862647404	-0.419183667566672	-0.553167720423668
XLOC_022411	0.575805037465039	0.326466655984706	0.658140114559866	0.430101586843668	0.0407383172801703	0.321448810279411	-0.908999689019993	-0.478026076779773	-0.798750942530399	0.272696644143378	0.514336001793674	-0.953956460019743
XLOC_022419	-0.559198934331831	-0.329952765508827	0.473822506516139	0.6159300284691	0.190136928361253	0.828320186108631	0.0722063397694717	-0.022717705640348	0.20551145282739	-0.527751995044833	-0.300519097405259	-0.645786944120891
XLOC_022421	-1.62120163940498	-0.60083246484431	-0.543017426477424	-0.0309635156604706	-0.488575452756932	0.0560762240241086	0.680040247197836	0.0614263411133154	0.88041147362541	0.732162310180682	0.406255036231268	0.468218866771497
XLOC_022426	-0.231206394546977	-0.44135749659947	-0.295280935784265	0.485989824876133	0.685661276284467	0.546724177281672	-0.15098722230911	-0.344200756102012	-0.110452732251941	0.191522968755101	-0.102589832096075	-0.233822877507519
XLOC_022431	-1.21500346888272	-0.391420636688105	0.00803250562875402	-0.269995212748794	-0.009733219134338	-0.645794055890225	0.333286412423489	0.846564456444417	-0.284850645687468	0.303087474391049	0.594455707222852	0.731370682921093
XLOC_022457	1.81055675368398	0.774659584581539	0.236025437475807	0.221979994811014	-1.47141056799801	-1.30411642788369	0.508054682797476	0.194888400094541	0.0121182377457769	-0.231768967364731	0.124155265535525	-0.87514239347923
XLOC_022486	0.929860821653236	0.332714546499489	0.565828257110891	0.747534995264979	0.77436963074543	0.111761063654134	-0.165283843365597	-0.417935804309813	0.00411555739734126	-1.01626927943502	-0.942778858066775	-0.923917087148299
XLOC_022487	0.621320002626593	0.532130430226891	0.568691996597242	0.281063589822356	0.322321760387977	-0.268976524966767	-0.541785398688238	0.157057207931361	-0.067197253504613	-1.06314492144099	0.125953962977187	-0.667434851968991
XLOC_022497	0.39398588598236	-0.025720677172866	-0.12336636102305	0.297709371767316	0.052946984200215	0.233435663275353	-0.932911690550394	-3.30824672131461	0.0792197896876798	1.42416865847077	0.550848715300086	1.35793038137714
XLOC_022500	0.876981710713781	0.655316583956164	0.86277868392592	-1.30146832967173	-0.886754932418775	-3.07469011143247	1.22856057108186	0.542697973661356	1.2196863444381	-0.523614151394512	-0.327354305513347	0.727859962653647
XLOC_022504	0.334469267619129	0.761156727461667	-0.315233240730938	-0.66621544126177	0.262522839707104	0.496602055790381	-0.50501196421069	-0.811773452887424	-1.01802452063765	0.474160842952029	0.430412475467569	0.556934410730602
XLOC_022533	1.709971882491	1.33103475249931	0.739449444072391	-2.57511572264658	-1.20870004605523	-1.04140590594091	0.443640244403117	0.457598922037318	1.08770386882662	-0.585541123026209	0.551306468196437	-0.909942784857249
XLOC_022547	-0.200633216188495	-0.491190128196616	-0.371071203671789	-0.0132008110316004	0.164926587138098	0.273930977751149	-0.167109710546541	-0.470288012111917	-0.807977667936708	0.509717369104095	0.477884240302583	1.09501157538773
XLOC_022550	0.445832162743599	0.128731851763424	-0.00846456220781633	1.21030980258949	1.26199228884468	1.33494044575511	-2.90489836653855	-2.01468569865183	-2.41941781121177	1.21080084663497	0.8885743295612	0.86628471071751
XLOC_022555	0.15491850753213	0.575546333406213	-0.0374985574171147	-1.58091853386461	-1.58091853386461	-1.58091853386461	-0.230361561669482	-1.58091853386461	0.660027081927608	2.6592938826772	1.43152253751177	1.11022591149014
XLOC_022560	0.53224527228308	3.23930018444349	0.339828207333835	0.706122348904122	-1.20359176911366	1.3667007550389	-1.20359176911366	-1.20359176911366	1.03735384667856	-1.20359176911366	-1.20359176911366	-1.20359176911366
XLOC_022595	-0.209114288184405	0.11592621864319	-0.285348538050837	-0.343567249764425	-0.181609369940626	-0.24070869515665	0.338335750269319	0.145609637726972	-0.145512461335119	-0.169281757676038	0.0806624767045978	0.894608276764024
XLOC_022597	0.0832606228168036	0.383671459066683	0.297949874561169	-0.655004226830235	-0.776143134240211	-0.431814121697281	0.0451890503338621	0.288675958727776	0.227059740184449	0.0133791801657548	0.100822457480291	0.422953139430929
XLOC_022613	-4.99382500287787	-2.83736013560704	-2.72189343702464	1.13409769746299	1.9442908574625	1.37247318950528	-0.220264764305727	0.666682071298411	-2.75287938708565	2.41592950363498	2.99330401454574	2.99944539299103
XLOC_022631	0.047999113001111	-0.239412031786741	1.71464320995822	-1.68783792839563	-1.68783792839563	-1.68783792839563	1.16024358800351	1.76054553329408	-0.17004119719518	2.69672307249422	-0.219349574186689	-1.68783792839563
XLOC_022638	2.03634590307453	0.11699731024056	0.211991390079168	0.578285531649454	1.43234564316845	0.46336332801132	0.0191283858268001	0.467256853423054	-1.33142858636833	-1.33142858636833	-1.33142858636833	-1.33142858636833
XLOC_022648	0.593022342624797	0.137843422315642	0.316334170087627	0.550997144747283	0.112488815902191	0.132987543729088	-0.555172120787458	-0.583918554542421	-0.309179157413965	0.118402410728716	-0.225484634535958	-0.288321382855536
XLOC_022656	-1.47236769559612	-1.18468628466532	-2.6240292549528	0.284243379745082	0.981274638457759	0.70292072973801	0.369198790583404	0.993944091896517	-0.119581655746354	0.447137642861224	0.675161173197444	0.946784444481149
XLOC_022672	-0.980284585865845	-0.980284585865845	-0.980284585865845	3.70991692462317	0.981654848663795	0.814507328513806	-0.980284585865845	0.818400853925541	0.537512145334609	-0.980284585865845	-0.980284585865845	-0.980284585865845
XLOC_022673	-0.36147177519068	-0.493233416442841	-0.297701662055733	0.558592524456721	0.581959451735571	0.382787382408466	-0.460380065333064	-0.313789127956467	0.0560891027218524	0.117021447468574	0.0661078449148462	0.164018293272763
XLOC_022675	-0.745644893215917	-0.851520328204421	-0.338241150695298	0.00481701856576677	0.248860286987663	0.0224436820056795	-0.0272238278813068	0.183080161305435	-0.0388937145270027	0.327205976335754	0.895183510031941	0.319933279291703
XLOC_022676	-0.0890845750297924	-0.366923841289374	-0.184711366103919	0.339941235847306	0.40168619712178	0.323296251652819	-0.65553418842457	-0.323765518158933	-0.557727968059278	0.00365179762693302	0.235724638850026	0.873447335967001
XLOC_022697	-0.197678585717279	-0.0495597946639341	0.221195809158029	-0.429688154152761	-0.381974733774319	-0.00578267685929035	-0.0242010768582901	-0.0930513637322727	-0.101781808052007	0.162223421218139	0.282962058920635	0.617336904513353
XLOC_022699	-0.185048315579166	-0.526693115312247	-0.0185899838329791	0.194720232512426	-0.201003192145715	0.0100982174586139	0.489769035785842	0.513217448069509	0.600138870866977	-0.299713345318411	-0.291115751474898	-0.285780101029957
XLOC_022704	-0.243528770214414	-0.0543860013458168	-0.0992567043494734	-0.228232411186061	-0.010427664559824	-0.0047307295929464	-0.249851670510534	-0.268310650414904	-0.439354544062331	0.437999936478015	0.503134931867628	0.656944277890668
XLOC_022716	-0.681350293168644	0.939423997901776	0.609018275923534	-0.625961894964679	-0.657948505632173	0.413932315581578	0.246828856907563	0.261169594575399	-0.690806518564703	-0.205044023827792	0.683788198835468	-0.29305000356733
XLOC_022723	-0.164528786206896	-0.161641810001155	-0.288243083205545	0.114265676521661	0.30703517373798	0.0945017454934849	-0.368061004078069	-0.57282273758071	-0.413445157579684	0.431159527315938	0.362995206496985	0.658785249086002
XLOC_022729	0.170659429424632	0.115200270996567	0.132831967366621	-0.165758718117177	0.251294628987496	-0.321419577648308	0.317004655461579	0.359929228632622	0.865655799677659	-1.19171442897555	0.105086882177869	-0.638770137984013
XLOC_022734	1.51187102279401	-0.407477570039955	-1.85590346664885	0.0538106513689391	3.18210430715459	1.21602613355291	-1.85590346664885	-1.85590346664885	-1.85590346664885	-0.276366079490345	0.799896784579341	1.3437486166759
XLOC_022743	1.17863168217331	0.141105394742461	0.34268485664925	0.741187562501447	0.539669001976776	0.15750086067817	-0.763512121040885	-0.57947282200416	-0.412593099833313	0.278390882757922	-0.684762756457672	-0.938829442143303
XLOC_022773	-0.95851843103446	0.104572693990635	0.283225036247642	0.131827059298923	0.392032035680734	0.690766397930534	-1.12264824945622	-0.259238519342635	-0.977686017589265	0.810938554427517	0.948419028289622	-0.0436895884430255
XLOC_022774	-1.54610103550208	-0.097675138893184	-1.54610103550208	-1.54610103550208	-1.54610103550208	0.248690878877575	-1.54610103550208	-1.54610103550208	-1.54610103550208	3.57526744868845	3.56572752727551	3.53069653256618
XLOC_022776	0.352600023148317	0.307518963583596	0.444223335327515	-0.0477720189652251	0.175904343793945	0.118435309979007	0.37058822191521	-0.0472556826108184	-0.0622568727523651	-0.757370606526543	-0.665375760027073	-0.189239256865562
XLOC_022797	-1.82327786228317	-1.33960039272111	-0.476054778763046	0.0190692968511481	-2.36250557453253	0.612703548032571	1.096875170548	1.26356455861152	0.5311917951098	1.09386331521422	0.631818364926495	0.75235255900609
XLOC_022806	-0.383162481465201	-0.12975988930441	-0.0560957278735472	-0.066724927913242	0.191327128603609	-0.040054833875141	0.0783494586215205	-0.157588536794375	-0.118201596785863	0.236554024476829	0.14493841187149	0.300418970438335
XLOC_022816	-1.03137889102076	-1.03137889102076	-1.03137889102076	0.878335226997025	-1.03137889102076	-1.03137889102076	0.319178081174371	1.54345937088983	-1.03137889102076	1.76899925943635	2.70968029864775	-1.03137889102076
XLOC_022818	0.299327346345866	0.577059527652538	0.0250706421453986	1.10795602238988	-0.0141221026069536	1.08070105071968	-0.8701836661344	-2.19751154386263	-2.05193955836123	1.44843424205492	0.545278524298475	0.049929515358448
XLOC_022819	1.76795922793188	0.101125121241968	-0.984766227747137	0.175516378991524	1.12526249787484	0.915237730528814	-2.52818620419464	-2.52818620419464	-2.52818620419464	1.98758519104777	1.82517281358414	0.671465879130108
XLOC_022821	-0.707776035306247	-0.758899870200724	-0.153167820992742	-0.469958328869809	0.513864932709081	0.49585514297416	-0.759010458006157	-0.551564690958611	-1.33546491004064	1.17840578286093	1.72598725689131	0.821728998939452
XLOC_022842	-0.298169585847328	-0.365298435282984	-0.343963097764916	0.649938063180996	0.895733759424845	0.362229157166936	-0.731963557337137	0.0660072995737915	-0.893364091382209	0.489174834488849	-0.115056947443589	0.284732601222741
XLOC_022843	0.969370374537738	-1.4774806299069	0.829632035198988	-0.421055018210296	0.318317538340059	0.741597522684061	-2.2833885249826	-1.05910723526714	-1.39299988138551	1.21617077047832	1.23775013096494	1.32119291754835
XLOC_022853	-0.320031930664991	0.154137571272361	0.318179684737588	-0.270404877188087	-0.316523683315477	0.043972995931151	0.153723829787614	0.362168114626423	-0.207912242612408	0.0235449104005436	0.185565050060722	-0.126419423035442
XLOC_022864	-0.0304162999741848	-1.05123601258952	-0.00962673760885835	0.809096477585625	0.356708289184345	0.478435541724505	-0.971937804203632	-0.831665273388134	-0.0478565826990005	0.767100457712126	0.515866496895	0.0155314473617203
XLOC_022867	-1.72977917048065	0.141857244381661	-0.472677185315844	-0.287430970181791	-0.375462711113228	-0.172873746114268	0.430322165961448	0.00649815062120673	0.349035889619524	0.908511213466531	0.808337608024013	0.393661511131401
XLOC_022869	-0.0972452948804428	0.266230305823565	0.63045603536755	-1.14379455163327	-1.3485077777633	-0.49445771567595	0.869041934836551	1.09894480681757	0.59150910428083	-0.323660761696662	-0.243348998006315	0.194832912529865
XLOC_022871	-0.690360272146184	-0.599906493445471	-0.456130324525878	0.918691678935458	0.190243444814348	0.726722607897178	-0.476728471442245	-0.0305350573453875	-0.62255709480183	0.86278902464651	-0.147464231143172	0.325235188556674
XLOC_022872	-0.199687349008505	-0.755132260940479	-0.479335924814729	0.408540624233486	0.51084901377479	0.787389516023834	-0.698102262047217	-0.198177065832908	0.0312795268375679	0.0952739967337042	0.239600519420314	0.257501665620143
XLOC_022890	0.131434962959776	-0.101615255850783	-0.308646725833189	0.708639204220509	0.765232574594815	0.768959485017442	-0.939997506220145	-0.904334326516978	-1.39201206661331	0.527052985282994	0.244750066384377	0.500536602574494
XLOC_022891	-0.322018288111175	0.160006004109063	-0.103178843912986	0.656609950924879	0.726532929343064	1.22027265462631	-1.22293198974297	-0.880507572497851	-2.01097853162398	0.798356397111399	1.07684762277337	-0.0990103329991134
XLOC_022908	-0.399401945642765	0.0555422226752995	0.0190550464954597	-0.0475180404144062	0.0920464734963709	-0.266169748647229	0.27742206714157	0.474254091273453	0.41532031329684	-0.145604309085495	0.141048123007053	-0.615994293596144
XLOC_022911	-0.317626471437594	-0.820574661683153	-0.231318542809062	0.627381784696335	0.697198434977466	0.788362603734446	-1.06182114077525	0.196588566563281	-1.00498818783094	0.930024071352064	0.669617786814453	-0.472844243602047
XLOC_022915	1.39749141303693	0.814056716204473	0.667302398099965	1.06401289032302	-4.02719410834418	-0.0437060588176803	0.146826362211423	-0.578810646654468	-0.215236304768627	0.357366892545675	0.326164909434595	0.0917255367288821
XLOC_022925	0.548715659747826	0.498919513033522	0.142946840321455	-0.443602585308293	-0.286227609455883	-0.523123305139029	-0.207297748709035	-0.0102094830042425	0.0344645303543913	-0.135280999126163	0.0936075434249428	0.287087643860504
XLOC_022932	-0.423627277665697	0.0268955174039007	0.224453061501767	0.0859024192831388	-0.737076726618517	0.41810399800193	-0.721744191212634	-0.674143231103311	-0.0404277465754088	0.278055469738041	0.836138843261479	0.727469863985314
XLOC_022938	2.01726523051596	-1.3505092589269	1.76375556239543	-1.3505092589269	-1.3505092589269	-1.3505092589269	0.685188942640006	-1.3505092589269	-1.3505092589269	-1.3505092589269	1.66193181244949	3.32542326448738
XLOC_022939	-0.0483081562989582	-0.361753955421054	-0.361391137043915	0.31876181921251	0.642546469513098	0.428729665815061	-0.394530985190571	-0.0317644793155942	-0.0311209112347814	-0.0109435394820458	-0.180709038645183	0.030484248091426
XLOC_022945	0.591368118920194	0.576199019730801	0.0675463166928774	0.262198063851527	-1.50127757528107	-0.281563755291352	-0.220565384057234	0.27789823656241	-0.273346578280424	0.5850644628382	0.606643823324815	-0.690164749010736
XLOC_022958	-0.212287166384932	-0.372711084543247	-0.231954012490228	1.25428611918879	-1.53947324349127	1.31677598107361	-0.310885255136008	-0.272652996720139	-0.269481374836979	0.130713809511194	0.368133847203535	0.139535376625679
XLOC_022960	-1.53551215344834	-1.53551215344834	-1.53551215344834	3.15468935704067	-1.53551215344834	0.25927976093131	0.50018604811856	1.03932610846225	-0.0177154222478884	1.26486599700877	1.47692891792804	-1.53551215344834
XLOC_022963	0.088717269080262	-0.334974931817508	-0.506188363135029	0.875123579384359	0.844203263538499	0.263012048985216	-0.92594194459008	-0.398928706250071	-1.02909708192622	0.965904803200265	0.104321813460899	0.0538482500694091
XLOC_022967	-0.422333942609652	0.414108883843789	0.316302743020757	-0.861185311663117	-0.688115065654366	-0.211557832099349	0.710276926265787	0.58156603008502	0.310351803634442	-0.400168531054344	0.20207895432752	0.0486753419035129
XLOC_022970	-0.409679010161978	0.195135277054068	-0.257076877544304	0.464949332744454	0.772104572647561	-0.0556253975976118	-0.225761116876443	0.314059632154274	-0.223188535275901	0.125372903643688	-0.0412139396384088	-0.659076841149395
XLOC_022973	0.0245830793092274	0.177238886187315	0.118571213497003	0.264722463910879	-0.226304186059899	0.275571949156665	-1.22053364944632	-0.614733267456058	-1.50317533848176	0.753013019088645	1.05047436264319	0.900571467651119
XLOC_022975	-0.98374662567999	-0.174505438107605	-0.115091982289196	-0.129523173324816	-0.673319484052396	0.189097106796888	0.183436495917057	0.146916416338131	-0.311831655733397	0.341129241068482	0.765660955339292	0.761778143727546
XLOC_022985	0.689828041603601	0.567184407850084	0.650658225825126	1.65377528703104	0.344487401078312	0.285598141882262	1.71559317012631	1.91392238402069	2.05176427699392	-3.47965934380905	-2.49691371714608	-3.89623827545621
XLOC_022987	-0.00358188185891706	-0.251061103963899	0.323968557051124	0.193259605523112	-0.35722813888845	-0.643510414329715	1.69139526515088	1.47699710342868	1.62147334409139	-1.48478129738603	-1.5376945664059	-1.02923647241228
XLOC_022992	-0.138694091442033	-0.225623430850399	-0.454170398217605	0.64683047064924	0.618168008446825	-0.0215711561468606	0.179150098536853	0.0824566929617845	0.326609392435024	0.202394728168325	-0.758060242063681	-0.457490072477476
XLOC_022995	-0.480847249226795	0.226101937909082	0.0503664830737645	-0.473588237236898	-0.629671543458379	-0.323249125183354	0.567167253908446	0.630515112630174	0.587689891310765	-0.182246790579191	-0.086841611416892	0.114603878269286
XLOC_022996	0.441824883054354	-0.130843097363908	0.860906822853426	0.859728461468444	-0.329834543514378	0.207080261334447	-0.285007986842094	-0.194659084025474	-0.520176215658585	0.168308741804116	-0.326138491384164	-0.751189751726183
XLOC_023004	-0.198480157527659	0.316509723961137	0.710195367749265	-0.458421526200348	0.206449317689433	-0.52638800187393	0.125890407334921	-0.046756852903906	-0.148236868624299	-0.24253917855188	0.110093439131695	0.151684329815571
XLOC_023007	0.430140284400826	0.608819721105037	0.754571201980591	-0.0973470007449837	-0.503937248826148	0.154726190265928	0.28829374207157	-0.317145754731795	-0.100657155529693	-0.0083904879330543	0.255530998239911	-1.46460449029819
XLOC_023019	-1.82008832996815	-1.13806503424148	-0.72428528703429	0.692443008752086	0.761970372614985	1.58909214095256	-0.414302580838863	0.472644254765274	-1.19615759287358	0.68677408884537	1.45555845730543	-0.365583498279344
XLOC_023041	0.857583893963828	0.637218056426068	1.11760555805703	-0.559992923513399	-0.182347611381029	-0.0382486061461407	0.33407738742739	0.642292334248015	0.0231011400326464	-1.18795407454462	-0.130979418194118	-1.51235573637566
XLOC_023043	0.36807767380484	1.1367690426514	0.138842092879082	-0.223375354956367	0.630684756562625	1.3103344617493	-2.13308947297415	-2.13308947297415	-2.13308947297415	2.10712294356766	1.16506868048703	-0.234255877823103
XLOC_023073	-0.0102323734312986	-0.136060819059935	-0.0547885963455776	0.309572295954348	0.190788073285868	0.230482262647122	-0.178215134205216	-0.00120919484088411	0.263601220975559	-0.14994938331477	-0.233120146151787	-0.230868205513437
XLOC_023087	-0.114202284215604	-0.0350935655057878	-0.825675425238126	-2.31844244557419	0.530071139574286	-4.22815656359198	0.700313521475504	0.714272199109705	1.28674772030389	2.47801984390363	1.52725408474077	0.28489177501791
XLOC_023089	-0.179472173353153	0.152820251187764	0.71815231927174	-0.833469677658352	-0.618776007345615	-0.586522631052628	0.38090996302209	-0.365567112628426	-0.196912456077968	0.44559115282766	0.675217103417628	0.408029268389257
XLOC_023106	-1.2682837354916	-0.0738060882360267	-0.624273809687703	0.0766452195910965	-0.613420384252741	-0.528288071423542	-0.222382665561598	0.113877410904089	-0.454911282746663	0.85449939786831	1.44054893745291	1.29979507158347
XLOC_023112	-0.0985183962154554	0.00905159554692858	-0.0193144282675721	-0.140935180620147	-0.239784595306027	-0.0693712523406571	0.16046713663337	-0.0364896867782534	-0.197334860891266	0.312993184976973	0.210880243498393	0.108356239763706
XLOC_023143	-0.549823623728092	0.105414392349361	-0.302499505050285	-0.387051942263613	-1.0188351076071	-1.37957254611688	1.23169169236456	1.31290733590078	1.00834575810447	-0.123938749049649	0.0641888253486558	0.0391734697477863
XLOC_023145	-0.238900041445337	-0.660866283172671	-0.516954164629084	-0.665560049047096	0.127429806271302	-0.415050592098332	1.12662160105837	0.712167146766691	1.14138554599832	-0.245314656307673	-0.463826700468908	0.0988683870744129
XLOC_023146	1.37878513287389	2.2705659023912	1.35990534391223	-2.28268993272228	0.481084296814493	0.287602591430285	1.76179648803833	0.794052590117335	0.79696738531137	-2.28268993272228	-2.28268993272228	-2.28268993272228
XLOC_023149	-0.640551949087171	0.250715521042207	0.205579052227209	-0.106521934038119	-0.330756542855185	0.236403147751083	0.277310755798662	0.376330251907739	-0.0113457598980862	-0.221843632172527	0.0530358654596172	-0.0883547761354277
XLOC_023163	-0.434752742267452	-0.502510669120841	-0.525083529372644	-0.23520437032867	-0.20771916097936	0.0405796648599983	0.025052601455684	0.289656282271697	-0.133549071308236	0.441431950737659	0.354950377380456	0.887148666671711
XLOC_023166	-2.54619154651562	0.174179132666836	-0.0637928932116605	-0.703844387381296	-0.289130990128346	-0.854567229220396	0.613805172148516	0.540650874379079	-0.101723785945841	0.55937037263014	1.78690351733657	0.884341763242012
XLOC_023167	-1.52059959077959	-1.52059959077959	-1.52059959077959	1.69229088818785	2.13284911128989	1.04969293337298	-1.52059959077959	-1.52059959077959	-1.52059959077959	2.37868912685857	1.4918414805968	0.378234004371461
XLOC_023172	0.165133995877829	0.0142666343968143	0.207119855772376	0.569127978062726	0.180176046347444	0.267211960362599	0.205658042349488	-0.510322099025477	0.419606595204897	0.0301300555119042	-0.675004350886597	-0.873104713974008
XLOC_023181	0.668867510693416	0.715809557739683	0.196961499920916	0.0172378953340253	-0.291227479783505	-0.139729804359539	-0.948953309774605	-0.0876546780686285	-0.85536920548891	0.279873526320427	-0.0388302163385141	0.483014703805236
XLOC_023187	0.140502663854693	0.372167510735244	0.0448348680877571	-0.378235959670988	-0.308980917244964	-1.02229425164417	0.363483553968328	0.0729799444894699	0.65384802599513	-0.134555883126169	-0.353067927287404	0.549318371843076
XLOC_023207	-1.54259960511833	0.613865262152495	1.21112042268039	0.367114512899453	-1.54259960511833	1.52932999508342	-1.54259960511833	-1.54259960511833	-1.54259960511833	1.25777854533878	2.37755529740441	0.356233990032717
XLOC_023211	-0.818042656728643	-0.210189380229302	-0.0967998693179482	-0.251224491086708	-0.166259452832195	0.294993118840708	-0.157575295027106	-0.029261181545575	-0.253754143137444	0.311154994960633	0.468891080713416	0.90806727539017
XLOC_023215	-0.0587558428993065	-0.6354145234469	-0.339638339189879	0.744079610800634	0.606035590291293	0.160537140438423	-0.479466974419484	-0.0289063023793856	-0.0481560569055635	0.52379185726223	0.0267450409528989	-0.470851200504961
XLOC_023231	-1.32215999673663	2.38974302702054	1.43156003106209	2.26633694164283	1.44161423280015	-1.32215999673663	-1.32215999673663	-1.32215999673663	-1.32215999673663	0.25737739042187	0.146328357472313	-1.32215999673663
XLOC_023233	-0.878831060051015	0.778022394710415	0.923560571812579	-1.08699250543404	-0.856014670937155	-0.364617344614907	0.708683988603816	0.920626088695189	-0.957405075702554	0.159117525419402	1.59215993818741	-0.938309850689144
XLOC_023260	-0.165584923609929	-0.239540850218566	-0.0280220351644793	0.42889509585155	0.648190001249234	0.293092739041613	-0.188199683171841	-0.293037633855383	-0.201129209550277	-0.155803263866273	-0.0397631903099498	-0.0590970463957028
XLOC_023266	0.714693593489307	0.699126213688558	0.868639451703692	-0.704089011794456	-0.280303105527912	-1.4739024024605	0.194996764277555	1.00973097327165	0.601664125253384	-0.890258225290127	-0.209775113752599	-0.530523262858559
XLOC_023277	0.708294744866023	0.283784122262388	-0.549688310680311	0.120456990722678	-0.14432106162077	-0.802138842007917	-0.00175942444825772	0.300744127823138	0.0632832843456645	-0.199728317426315	0.272445169960696	-0.0513724837970155
XLOC_023282	0.279309740564099	0.532788066792898	-0.840359528869428	-0.161499890499168	-0.0937964389560921	-0.950168744269872	0.56684528623607	1.10666603526679	0.703492855057784	-0.448537342626738	-0.335390741389772	-0.359349297306572
XLOC_023289	0.372542939017859	0.393824839118182	0.787154209833242	-0.158854750652344	-1.17611207255271	-0.312477308375716	1.66678772798418	1.00938793132831	1.98954303784958	-1.22908639043234	-0.905479500402491	-2.43723066271575
XLOC_023294	-0.216367515632905	0.906050844555062	0.545742923972486	-0.520507241168108	0.461562135420221	0.0615601311066678	-0.431973551867992	0.00478326877091195	-0.371378390944733	-0.34203330382948	-0.141012981475884	0.0435736810937604
XLOC_023307	0.441752170112158	-0.673474864898579	-0.435752585395862	-0.802001134690798	0.321210888133765	-1.34576295383368	0.750865185070446	0.7031717498682	0.979421425756691	-0.207882519169651	-0.457555375217511	0.726008014264814
XLOC_023308	-1.55470738854717	-1.14358865086505	-1.72413037911971	-0.61034412868942	-0.439193079196001	-0.34763698697973	1.06895111754212	1.24442445026212	1.36426478133189	0.630149824695262	1.02560365171633	0.486206787849353
XLOC_023312	0.667233296426609	0.320220925721653	0.255409098235149	0.196996725003587	-0.473379392611384	-0.757602353016386	-0.116324718239649	0.555317170326473	0.146766455055268	-0.139909961226326	-0.308250192104562	-0.346477053570434
XLOC_023316	0.214790789659343	0.858778001504742	0.679709227863928	-0.563889521115915	-0.401685584300584	-0.0524708019628726	-0.17603652199184	-0.0975092885671991	-0.0462080131164875	-0.424708735585556	0.154701408308304	-0.145470960695866
XLOC_023320	0.799091385552759	0.0965912446862625	1.09529481025291	0.586636844326151	0.655807139734652	0.0281656905209848	-0.308978521117192	-0.0878216678922819	0.121355831926382	-1.21606086169058	-0.435986085533418	-1.33409581076664
XLOC_023331	0.368246873996898	0.0635883421194379	-0.0802027392852906	-0.411767933947548	-0.550174522991008	-0.50502257248016	0.0724754801942646	-0.122141036810503	0.282421991662813	0.173027390603708	-0.0913857860532907	0.800934512990676
XLOC_023344	0.774312962354393	0.405038936960382	0.529447639322496	2.46592912201279	-0.262332953946583	1.21915154624723	0.274061663942298	1.97368390581144	-0.706475657275769	-2.22427238847622	-2.22427238847622	-2.22427238847622
XLOC_023349	-0.186767636734857	0.309911089611502	0.235425944156879	-0.974955989220482	-0.905785693811981	-0.815424710298306	0.582090360114643	0.494644612612568	0.196618158310764	0.554764883506236	0.471293501291433	0.0381854804615989
XLOC_023380	0.548383941012892	-0.258238197555624	0.585462435239161	0.661484374693002	-1.54426175318838	-0.569454967826479	0.887803387996426	0.850068092793784	0.950131644280005	-0.61511397784198	-0.387881080202406	-1.10838389940041
XLOC_023382	1.51721150659639	0.701147905428503	0.446785036530918	-0.528853569161216	-1.77980461359901	-1.946952133749	0.858260297327908	0.246861173020922	0.684441404626745	-0.941365897671541	0.611614969650123	0.13065392099926
XLOC_023383	-0.184768084030675	-0.291608775896901	-0.147052074611595	0.273137646422393	-0.639576001567863	-0.675701800124397	0.249876946473901	0.398178449659623	0.422266496645768	0.770275832688202	-0.214218028777694	0.0391893931192424
XLOC_023384	0.828076385510362	0.698007405058171	0.0619102771549382	-0.523787719354069	-1.51004124820953	-1.56727026140183	0.00780164334855282	0.50502486243353	0.452303693992808	0.963735531237767	0.194431905319422	-0.110192475090119
XLOC_023405	0.0534034208311711	-0.189203145968208	-0.131388107601322	1.17425336324387	0.76565988248419	0.675096948058041	-2.26687239128512	-0.426196825683152	-0.355295307331352	0.368936682442841	0.491420973767232	-0.15981549295819
XLOC_023416	0.895419188936595	0.164417934440422	0.275391211362895	0.396612903060977	-0.999643991192315	-0.124243337209045	0.107104271079596	0.10011127440305	-0.160656091617369	0.104064007484768	0.0900931516164238	-0.848670522365996
XLOC_023419	-0.989005713280595	-0.581877972707681	-0.0294310453993738	-0.576156192728118	0.478665850203591	1.01496301614001	-0.252781890626583	0.125255769520108	-1.61124137853261	0.777072774277665	0.699071008600766	0.945465774532821
XLOC_023423	0.871881899156476	0.859221154358597	1.22822593013535	-0.454567418755749	-1.27451711655797	-0.91067231491401	1.10936152689446	1.07694457794094	0.68260277128576	-1.4599624204604	-0.846322768223034	-0.882195820860411
XLOC_023425	1.00482130187148	0.584577639524861	-0.720112249912558	0.26810154818543	-0.616239444693887	-0.585014430685177	0.359967604855805	0.943166602215112	0.461836218288457	-0.875580475328503	0.543326082565914	-1.36885039688693
XLOC_023430	0.169224120843239	0.341172598981243	1.07751775058793	-0.294241354942899	-0.696883871827347	-0.552784866592458	1.04505639825646	1.04439566604818	0.526488346704902	-0.751662784973044	-1.12878227158876	-0.779499731497431
XLOC_023436	0.296445179320268	0.10585673604035	0.25065166740268	-0.917021981026877	-0.593746864117771	-0.413258185042633	0.293048730505977	0.223092165255224	-0.643282077208559	0.46715803840415	0.41013158446327	0.520925006003917
XLOC_023460	0.0261137023410738	-0.6594998265418	0.514981673025426	1.3001198547954	0.941164279782613	-0.0257952491300282	-0.965045592328212	-0.511341317423671	-0.283112158955933	-0.324736610821475	-0.125830464163723	0.112981709420335
XLOC_023465	0.453478297908035	0.660625083708117	0.388190082237474	-0.0799626212198845	-0.191996893228896	0.432883393536779	-0.786565141950581	0.402134109294768	-0.00472564591434654	-0.661264534797549	0.302021778964733	-0.914817908538653
XLOC_023467	0.41010628480274	0.39987428688074	0.242603897854281	0.172328640706992	0.246778657053838	-0.291876178207691	-0.0594226342829121	-0.208273152780651	0.0794221356838385	-0.264573859475428	-0.408740806460383	-0.318227271775369
XLOC_023480	-1.11598446375525	-1.11598446375525	-1.11598446375525	-1.11598446375525	0.845954970774386	0.678807450624398	-1.11598446375525	1.45885379815534	-1.11598446375525	2.57693754112792	0.352503890453691	0.782849131395796
XLOC_023484	-0.311968353640173	-0.265379414691395	-0.493021992490271	0.726594892021667	0.432925207714061	-0.334995412437786	-0.700875676941299	-0.174358933138031	-0.122844693305487	0.829541608441339	0.403579712613118	0.0108030558542609
XLOC_023485	-0.21809838840575	-0.771616474951689	-2.54948269426798	1.05889156804188	1.19447416821063	1.14992765482861	-0.132018620583772	-0.623457965833561	-0.164576961720355	0.124902587490376	0.362322625182717	0.568732502008897
XLOC_023488	-0.134066283980999	-0.549967297638484	0.159245141059456	1.08346383482806	0.744089755925912	1.11670439331149	-1.30357729646127	-0.384582237418613	-1.21403820956265	0.514187760321077	-0.622276288552476	0.590816728168499
XLOC_023507	0.310783814301654	-0.290220122198931	-0.21053567957429	0.444148526973464	0.797653824927929	0.394044917408939	-0.976679606921324	-0.381413437315916	-0.249522791800579	0.412730719742896	-0.245855679512783	-0.00513448603106159
XLOC_023522	0.0945972953716132	-0.288332577730189	-0.519457166272527	0.315319744308219	1.7648305797322	-0.702884669918676	-1.23747899250434	-0.698338932160656	0.0938681071103309	-0.110489392301527	-0.26073612269486	1.54910212706042
XLOC_023547	-1.3937936540677	-1.26564947541008	0.43763732066404	0.795240709642323	0.0573022346711007	1.15403338518995	-0.328054576552063	-2.0962753610553	0.864697799506229	0.489600200043165	1.06130257314197	0.223958844226373
XLOC_023552	0.304287907559189	0.650771292746516	-0.164457279402701	-0.531059724393287	-0.775822111960387	-0.0222928294798903	0.00573885056816259	0.846667471420501	0.303493591812336	-0.0129729132010317	0.0382795885750955	-0.642633844244505
XLOC_023566	-1.07978477384504	-0.488995820024259	-0.0838193722485965	0.150746654924642	0.172219082271971	0.567914202674157	-0.0343015394684514	0.0214844360755198	-0.260723005438734	0.167011663570602	0.455101332240291	0.413147139267895
XLOC_023580	-0.308127555569355	-0.0485815375868661	-0.230644810265408	0.338804969376187	0.408621619657318	0.950987941060023	-1.17684206297981	-0.0919882487568673	-0.377868592060974	0.670890430758978	0.248485990013038	-0.383738143646269
XLOC_023597	-0.0937027863263626	-0.338338894488491	-0.376593039230819	0.689429509855508	0.584861553150949	0.333432171167875	-0.342736736790574	-0.363630262823415	-0.300493099008992	0.261674929059316	-0.0621237319634549	0.00822038739847031
XLOC_023598	0.313644257550806	0.123568022157128	-0.159208017022843	0.669752468793143	0.56408492492971	0.376633044698395	-0.250743795632781	-0.713934521413059	-0.109989007724574	0.340902379466027	-0.343632875168762	-0.811076880633189
XLOC_023601	-0.517325274976939	-0.0309093240496017	-0.479734296405569	0.671394401215919	0.366737763312217	0.476879238936951	-0.149208949225334	-0.502639489386409	-0.260139684283421	0.409088364126577	0.240794215986162	-0.224936965250552
XLOC_023603	-0.545664281488752	0.153545041028915	0.102416057678712	-0.4139180566787	-0.712446252806085	0.409702696338804	0.287239717561619	0.570339175638559	0.510925965726163	-0.495972949417308	0.18451016212022	-0.0506772757021494
XLOC_023605	-1.43331565513651	-0.0753393581599999	-0.0702423439244013	0.833715069555765	0.187842058277593	0.29108964985164	0.155470788606286	0.824674307719958	0.7492914693122	-0.284474885398926	-0.934940577335015	-0.243770523368595
XLOC_023616	-0.512237940595301	-0.183887319063035	-0.276976784239486	0.288452950569502	0.226225318531038	0.548538207920941	-0.536517215347279	-0.48760163750039	-0.525521040554711	0.189535234062841	0.546690196534464	0.723300029681413
XLOC_023617	0.173915174741668	0.239051458695196	-0.186718039969595	-0.200763482634388	0.39450616625586	0.80105807489729	-0.317190489437929	-0.789537342826238	-0.410625239699625	0.376336946710657	0.013453045251393	-0.0934862719842879
XLOC_023655	0.568863144887732	0.0350668976465816	0.115616423897333	-0.114894416058112	0.805872868760673	0.364075181924473	-1.10321659908702	-0.387188861676444	-1.0367381273988	0.243527516938153	-0.175721020342024	0.684736990507462
XLOC_023657	-0.671061908061832	-0.0778874171603645	-0.204122529596402	-0.296396429823758	-0.781385653235393	-0.6165487993027	0.470867926324648	0.846152077685969	0.425364653526112	-0.0530706135880683	0.757479938886829	0.200608754344961
XLOC_023691	0.396410665402661	0.803538405975575	0.658560280309964	0.0646573652843268	-1.49581686850365	-0.78845861358628	2.00293895174526	1.02346913132255	1.60301382911391	-1.60925886134306	-1.7595055917364	-0.899548693984869
XLOC_023693	0.850403171111394	0.944165028560899	0.257567490182844	-0.0692569533295408	-0.000769536944256188	0.210847718740815	0.382542868862473	0.0155199229093395	0.642542615300669	-0.958980712031582	0.0730512520298943	-2.34763286539295
XLOC_023700	-1.07287936785361	0.0961043704852509	-0.733347216122163	-1.0035177953714	0.419065527985215	0.0518917865437025	0.25723018755851	0.38801310548506	-0.0758909808314074	0.0158531227224215	0.768658809700631	0.888818449697792
XLOC_023705	-0.232926767972291	0.139283950782859	-0.0920045011850723	0.493805239245351	0.626219579148432	0.948359128491767	-0.0685278442008714	-0.812408858621797	-0.791596006749716	0.0888809440091052	0.11857205222532	-0.41765691517309
XLOC_023734	-0.319505065832583	-0.459255470065031	-0.307101709317052	0.410149147527388	0.303387741400419	0.338544324742767	-0.0556553422472081	-0.00420304090341617	0.319062351766954	0.0409101822730786	-0.0165895744220155	-0.249743544923298
XLOC_023739	-0.403166928368357	-0.983440121583381	-0.16158188840716	0.459782359437975	-0.0678826918371565	-0.473830334650057	0.964860653662239	0.704459468867059	0.698748549323353	-0.0905090489487792	-0.494512749813774	-0.152927267681958
XLOC_023741	0.168018859425053	-0.299924610796799	-1.04744087293808	-1.02458220529328	-0.0999007756286199	-0.460638214138395	0.288598884636736	0.021973835438331	1.1316275613055	0.476060353623397	0.906737370701648	-0.060530186335483
XLOC_023759	0.944617600812266	0.319200434065737	0.54759924716399	0.0409245376693219	-1.12947138310934	-0.603133754303861	0.864105777198612	0.597480728000208	0.834678180828097	-0.793242618580521	-0.758408961760184	-0.864349787984323
XLOC_023772	-0.723688099534142	-0.11288064895853	0.0329886343080181	-0.216192406371876	-0.105949192153354	-0.113163640369225	0.0307095683991427	0.378610988994824	-1.19567891119212	0.42566300017853	0.83796193576489	0.761618770933851
XLOC_023806	3.20133766847005	0.353618132952431	2.93365292219791	-1.09480776365646	-1.09480776365646	-1.09480776365646	2.2698533856313	-1.09480776365646	-1.09480776365646	-1.09480776365646	-1.09480776365646	-1.09480776365646
XLOC_023810	0.0924510806391865	-0.124297521210879	-0.159252130047856	0.355822265399885	0.702036622989302	0.0346388441933545	-0.523785857476721	-0.409990685370381	-0.48479371600968	0.384190164504144	0.119721474988694	0.0132594574009488
XLOC_023825	0.177181588550035	-0.110229556237817	1.84382568550714	3.1315460576423	1.20511877669007	0.236136461532942	-0.208098480651578	-1.55865545284671	-0.0408587216462559	-1.55865545284671	-1.55865545284671	-1.55865545284671
XLOC_023839	1.10130081139525	0.639863822797155	0.821074384791897	-0.766594794406862	-1.25711636400807	-1.26400484082166	0.89379927862424	0.629255733712434	0.918164187330819	-0.941024909653464	-0.273059419591938	-0.501657890169794
XLOC_023861	-0.135760442076617	-0.0427861027688969	-0.0695402705507231	0.0966901609798754	0.128840275423483	0.116002511327002	0.231855081977727	-0.0376255292727663	-0.0157622749526993	-0.264136869982625	-0.127045306243335	0.119268766139577
XLOC_023865	-0.555026801660353	0.336229625441799	0.0990683165492561	-0.73779468636968	-0.173352103994318	-0.061051384240292	-0.242107047530864	0.543908562845858	-0.0183406676187721	0.281235140567385	0.750934000779143	-0.223702954769163
XLOC_023866	0.0599272366036345	0.413256455151501	0.29380710355572	-0.455346496763699	-0.407148005299854	-0.370135659333419	0.270973007262057	0.327085410154655	0.184417214728645	-0.34952048715205	-0.13156187471319	0.164246095806005
XLOC_023877	-0.226857968259262	-0.241854310889273	0.00975024199771735	-1.47185578547899	-0.485066323558628	-0.491954800372215	-0.510725793890824	0.473357811072511	-0.258560811691031	1.03518493197473	0.921628617005075	1.24695419209019
XLOC_023882	0.570582625923016	0.23156982980006	0.428718676368568	0.174059213417262	0.380866695216413	0.1785501269273	0.057714752673796	-0.370577463525461	-0.536514497183126	-0.381712320561722	-0.461856794674039	-0.271400844382068
XLOC_023890	-0.680252207076896	0.647264788211178	1.00974559256001	-0.443588050902036	-0.666955174919751	-0.598839937420587	0.567098090989411	0.388633907942381	0.226989825206904	-0.589605519103452	-0.386146096168361	0.525654780681204
XLOC_023891	0.472507851163527	0.307788217913284	1.23541261978334	-0.0120310978222484	-0.256793485389349	-0.0763048063142113	0.819919025724166	0.997575443469809	0.264647295352803	-0.900901235453152	-0.634799281057149	-2.21702054737082
XLOC_023901	0.944675374251338	0.793676672922339	-0.07255580189877	-0.536262082076472	0.172088648569185	-0.119619246164486	-0.182635914319544	-1.15504269776155	0.0331958936157166	0.337991739126532	-0.237424898311167	0.0219123120468758
XLOC_023907	-0.614969592216703	-0.614969592216703	-0.614969592216703	2.08873299096946	-0.614969592216703	-0.614969592216703	-0.614969592216703	-0.614969592216703	-0.614969592216703	-0.614969592216703	-0.614969592216703	4.06096293119757
XLOC_023916	-0.816019326875273	0.228065943606275	0.113062762183741	-1.22567874395651	-0.824613104696317	-0.359561026160403	0.186180117144964	0.188662685851269	-0.589211884155197	0.78927157042072	1.39317629779062	0.916664708846104
XLOC_023923	0.244223684202079	0.0219056534389406	-0.341472900167387	0.309331568042305	0.249268590610099	-0.0842359195087834	-0.452255613310542	0.060657920113071	-0.414495431740803	0.560449302576001	0.210936688242628	-0.364313542497609
XLOC_023934	-0.727150339862059	-0.384956759792479	-0.0192460735321518	-0.59350973625229	-0.183823366040586	-0.172610178384824	0.133969657835919	0.472794372637916	-0.248759044902411	0.35424135688978	0.66735550345921	0.701694607943975
XLOC_023939	-0.151164019071001	0.494713407819467	0.384722084571487	0.00439946140274028	-0.252127392781841	-0.27514898686479	0.215529352001932	0.572558765009568	0.249043616412026	-0.14979915692965	-0.121776189062349	-0.970950942507587
XLOC_023944	-0.13620931282104	0.355727568898456	0.59540884306184	0.46722546491637	0.386673343997981	-0.540960180234094	0.443874578881633	-0.143330426730012	0.10732508517511	-0.110226988148272	-0.575600387643661	-0.849907589354311
XLOC_023951	1.51884770390385	1.39877290510993	1.92325576868375	1.07999633485039	0.0762528988090514	0.0693644219954646	-0.0789406213181305	-0.675043580389036	0.82220786527002	-1.80801451528053	-0.203272139556001	-4.12342704207875
XLOC_023954	0.683751568692745	0.525536835259517	0.246446528640806	-1.20221534490896	-1.99482779354883	-1.06527089745674	0.850903659532205	0.530669608553455	1.15825683202197	0.380706735355856	0.359980533159448	-0.473938265301473
XLOC_023955	0.306478981423639	0.24037594056457	0.531146630235097	-2.06149558750928	-0.812935135177653	-1.02661715579677	0.804756383333434	1.1535825988304	0.26514052780469	0.271292239976097	0.01667517894297	0.311599397372812
XLOC_023956	-0.345868863364307	0.033710731849685	-0.119126059452753	-0.406936760278987	-0.715891022464719	0.0389005205997321	0.362451974173208	0.383549765301124	0.178053977661937	0.0262042963212226	0.278544033572866	0.286407406080994
XLOC_023962	0.64169043049716	0.255376249065863	0.163698978479278	-0.274043167196146	-0.183801699528804	-0.121438428198108	-9.70922599723423e-05	0.0212166934927129	0.109238400131449	-0.170752248053267	-0.101735117720274	-0.339352998709895
XLOC_023967	0.466281534651782	0.157179941365389	0.406223972040608	-0.674818495334279	0.515593784345169	-0.212220443657256	0.00314384457472094	0.0660487921427588	0.02722260840304	-0.163490826915362	-0.181283120519355	-0.409881591097211
XLOC_023981	0.240457294266236	-0.0168121596689961	-0.00556134598031388	0.569905929201235	0.771043767965801	0.428643926814374	-0.601117352097408	-0.645738157896798	-0.0622988103776967	0.0836955235235708	-0.289133243185294	-0.473085372564714
XLOC_023986	-2.89413831876661	0.295775401552711	-0.441446275503782	-0.102725491493972	0.128252343002912	-0.254432340301559	1.19794111336666	1.16544043427198	0.0268619382375128	0.491393124027175	0.68765296990834	-0.300574898301377
XLOC_024011	-0.777817261612141	0.04747124703119	-0.743110612701149	1.05783162587413	-0.492143048985524	0.229951268806793	-0.401339731671882	0.0523645432326587	0.511245547345864	-0.452669746171826	0.437875396492607	0.530340772359274
XLOC_024031	0.811864943765288	0.616346839381309	0.7606192615795	-0.268936719218035	-0.364184909494592	0.547193573258416	-0.785117759151444	-0.578391732480742	-0.663757558387703	0.0773521809644926	0.293101770880664	-0.446089891097159
XLOC_024042	-0.0950223762095384	-0.113448123073697	-0.200901890976732	-0.188059957120281	-0.376888043805239	-0.103094852499051	0.27611557186439	-0.0976503243981117	0.0671681762102843	0.230163218440467	0.126573810025333	0.475044791542185
XLOC_024052	-0.053749186701638	0.583788572360154	0.295874066298707	-0.954812987110576	-0.514254764008536	0.370020840942142	0.605856772494134	-0.179098244928438	-0.0161850764149269	1.03382571282992	0.305293314962321	-1.47655902072326
XLOC_024056	0.947531053953883	1.71622242280044	2.77896202868562	-1.55363609282511	-1.55363609282511	-1.55363609282511	0.482062108741791	-1.55363609282511	1.16677415458688	0.761776433973104	-0.0851477386161656	-1.55363609282511
XLOC_024080	0.339577684074125	-0.346035844808749	0.298662876465866	-1.69213104679212	0.50906155082347	-0.952409695254828	0.293562009559168	1.03523516798777	-0.583875826402726	-0.702911625095105	0.715994932799312	1.08526981664382
XLOC_024089	-1.0567092515292	-1.0567092515292	-1.0567092515292	-1.0567092515292	-1.0567092515292	0.738082662850454	2.84545688810962	-1.0567092515292	-1.0567092515292	1.25870327526902	0.411779102679747	2.14294283179555
XLOC_024100	-0.270298179640261	0.0738303546740533	-2.09465269263562	-0.0495757307036553	1.39993510472032	0.899651637937035	-1.1397386166646	-0.189689207393406	-0.91766242167113	0.746488331806736	0.10298652058539	1.43872489898514
XLOC_024101	-0.491532310485692	-0.420799678195154	-0.606124799690361	0.0480343209594771	0.60591040377227	0.699483940464415	-0.490738436737654	0.0235675298530253	-0.0286232310468417	0.375755488292533	0.451355300425153	-0.166288527611179
XLOC_024102	-0.285397180217407	-0.440011301345825	-0.392097087083524	0.312106696575858	0.382730533976387	0.38405949469303	-0.354703619627731	-0.0250285981469744	-0.243787991012622	0.167939597749623	0.249644563218693	0.244544891220489
XLOC_024108	0.797489877025455	0.752273238503221	0.733610784054642	-0.832631712847462	-0.860530596793716	-0.562476325857041	0.115944413043479	-0.138474376813422	0.172947721801801	-0.0300140674144256	0.14381627679226	-0.291955231494784
XLOC_024110	-0.262438282808963	0.230551126878746	0.177486594383531	-0.282254178149902	-0.70804727825775	-0.181709649452273	-0.190388121479527	-0.0645609728899732	-0.0885195080468755	0.48787085937774	0.434203459086568	0.447805951358676
XLOC_024123	-0.523102664152796	-0.0633950692904763	-0.14329535771672	0.416494677396035	-0.350563126110846	0.64009772692361	-1.30270683121183	-0.254458741600099	-0.49839549429386	0.447258587075409	0.849013477358407	0.783052815623167
XLOC_024126	0.206164748017732	-0.106748704028892	-0.0954399644753607	0.12744574021375	0.0245688093191738	-0.111351030028549	-0.0271656629932071	-0.133516486564156	0.112446407577552	0.1594285029802	0.0530961133577552	-0.208928473376
XLOC_024127	-0.435388034476921	-0.137266907396749	-0.455723728129958	0.711079688781036	0.796724021446087	0.129566559735964	-0.146335693867169	-0.134595591111705	-0.447676954542574	0.27200785366064	0.0571259041382088	-0.20951711823686
XLOC_024128	0.953274697693525	1.26537580602062	0.925746307600178	-1.46085428531567	-1.2332304478461	-1.34658167692515	0.830734436310975	1.09396043651126	1.18131001887908	-0.410632463283036	-0.675957685330097	-1.12314514431557
XLOC_024130	0.245731012925674	0.107304652799892	-0.00335317388657153	0.0126281460225783	0.041222838034626	0.130604677677374	0.109013008320245	0.0488582347189226	0.141741892866014	-0.250889298275371	-0.311686056245266	-0.271175934958116
XLOC_024132	-0.244511293624081	0.749789779241342	-1.15226633142154	-0.0197502404247274	-0.25253765715078	0.286805104853957	-1.05790484282111	-1.33114809730967	-0.53894105803868	0.730050592417968	1.34625364136746	1.48416040290986
XLOC_024135	-1.52227884365881	0.263026786634872	-0.426475800724947	0.20115366556553	0.917845572880388	-0.206550970520365	-0.290048987645107	-0.901448111952092	-0.738534943438581	0.656567453661534	0.767727543304418	1.27901663589316
XLOC_024139	-0.254660912922954	-0.0810710657418792	-0.230576361659893	0.230987041435311	-0.246473767411612	0.380291796950795	-0.424348303476573	-1.07577446022408	-1.04129885473359	0.60280176228112	0.746485617810888	1.39363750769247
XLOC_024147	-0.19839967276899	0.120766101864863	-0.0491170797515839	-0.361218066016912	-1.00942448641665	-0.115473615572867	0.146179085395739	0.897430189986198	0.674476225710203	-0.0518079210357545	-0.201660266519176	0.148249505124928
XLOC_024149	0.134650558335106	-0.170339501577748	-0.21386521855489	-0.0943643993304599	-0.27861257682182	-0.364469905805634	-0.148932876445666	0.210306711684587	0.216864436333451	0.633244417690929	0.0807861274932087	-0.00526777300106485
XLOC_024153	0.348225146903272	-0.356240814870097	-0.173246805826884	-0.716102493570093	-0.570196250084634	-0.297425143577165	0.41706767998799	-0.240332116667884	0.778022666505475	0.121642265119986	0.213392828956713	0.475193037123321
XLOC_024183	2.10867585802282	1.93690325841655	1.57211379761521	-1.20840604762711	-1.34079666889024	-1.21157697668656	1.43454617267654	1.10073269478013	1.36405822451168	-1.98588880570729	-1.76201255632346	-2.00834895078827
XLOC_024184	2.06752913550699	1.95175405916091	1.99381803040794	-1.26347529024827	-0.967728039167185	-1.64683094199886	1.63770469184729	1.39466568529766	1.82210242266041	-1.91522751307591	-2.54395736633153	-2.53035487405942
XLOC_024214	-1.60112756793417	2.44867021723536	2.24726266236495	-1.60112756793417	0.360811866595474	0.193664346445485	1.96577865636046	-1.60112756793417	2.39057765860326	-1.60112756793417	-1.60112756793417	-1.60112756793417
XLOC_024225	-0.502263283810921	-0.560301205967707	-0.48122030081676	0.372451227957347	0.73540413932363	0.507040892360695	0.0449485362872526	-0.545975859063499	0.209746902711476	-0.0951972433308299	0.360440463531587	-0.0450742691822725
XLOC_024263	-0.80739938145344	-0.187971988444874	0.0290189265918821	-0.357739933853589	-0.388660249699448	0.149613200637379	0.575074476091248	0.19545577204153	-0.36003000276076	0.150813921035827	0.882989827008347	0.118835432805896
XLOC_024265	0.0484892779146051	0.293658445046445	0.660656832519297	0.523214873281636	0.509940999663039	-0.355383195643785	-0.171525172264006	0.258477305336194	0.209726661027184	-0.0565382927444231	-1.2376888024127	-0.683028931723486
XLOC_024296	-0.336918482083529	-0.113963321241306	0.0991662633828723	-0.335439673204622	-0.473846262248082	0.42872476352838	-0.620581302787011	-0.0940645589837423	-0.600425242181771	0.62903961865917	0.335941308595845	1.0823668885638
XLOC_024299	-1.06726173782172	-1.41196401732988	-0.454164063278379	0.564489426811615	0.842382043688549	0.624362579473503	2.93787696819064	2.56933415479809	2.90057921594496	-3.56842888460071	-3.56842888460071	-0.368776801275965
XLOC_024300	-0.58746606751393	-1.00770972986055	-0.494430552351428	1.5382747588251	1.13727958326234	0.935461033829437	2.12725585326291	1.67885514691408	1.99969125362525	-1.77622884870723	-2.08133702704364	-3.46964540424234
XLOC_024327	-0.147594552226064	0.489943206835728	-1.14728401028011	-2.35183471358465	-0.309285796084648	-0.0687573675282245	1.05143155593314	1.5338669628329	1.56896054117424	-0.568626826719264	0.0918101861763372	-0.142629186529375
XLOC_024331	-0.397337532027484	-1.2414332957783	-2.23936024555062	0.0159580572655216	0.962423768678073	-0.135748791542065	-0.108614300839093	-0.767656802143719	-0.904706982073394	0.610076672786668	1.97036059129101	2.23603885993341
XLOC_024332	-0.94198649434577	-0.813842315688158	-0.689433613326045	1.08409622754462	-1.48121420659512	1.37274415857002	-3.44315364112476	0.00522982056494969	-0.363496323091109	1.40696262653129	1.74058324417917	2.12351051678092
XLOC_024333	0.202076044014968	0.309866385052133	-0.209653407181002	-0.101356675238228	-1.09518727982228	-1.13045518824975	0.730593448308187	1.40080923249718	0.963009892434128	-0.559681360499947	-0.394169645333951	-0.115851445981425
XLOC_024346	-2.43923304763097	-1.48362823489495	-1.22335851146366	0.84066405660151	0.829021354925795	0.869030897694572	-0.738667833825735	0.169710637605375	-0.0742261150883863	1.1506978270866	0.616423339465665	1.4835656295242
XLOC_024352	0.681264893745733	1.09318590145682	0.972589315199252	-0.851400653293886	-1.39459972855837	-0.351937489872282	0.362555333692873	1.18829220844323	0.564235827106586	-0.463345161386781	-0.93489710207706	-0.86594334445612
XLOC_024353	-0.568182060905419	0.722397065432844	0.364418463802163	-2.05136227464504	-0.601851439221061	-0.133527410059038	0.440256975406122	0.547821396221893	-0.784222408852536	0.951990344559369	1.45905314826311	-0.346791800002405
XLOC_024369	0.78149848699002	0.765907387288051	0.787411499134256	-0.467088450388371	-0.731866502731818	-0.955957053325238	1.21658113047626	0.94725297941941	1.25526005142856	-1.68981068757134	-1.09375352003616	-0.815435320683632
XLOC_024404	-2.35842263868632	-1.35184442192426	-2.58765821961207	0.636029925434592	1.09024340656068	1.37095389955992	0.208749917782788	0.39535805567352	-1.49254448428373	0.965297140147428	1.56384109107419	1.55999632827326
XLOC_024413	0.541682825389295	0.50039926958167	-0.170543962527705	-1.39587176994243	0.167387454497175	-0.933273718265411	0.768269860095438	0.850235049960102	0.633081964767761	-0.312713380908626	-0.428292404025362	-0.220361188621902
XLOC_024415	0.0584480438095527	0.723604015475281	0.239407008058365	-0.0607659956292377	-0.842190579113331	-0.10619144020949	0.164488716152755	0.751385250533947	0.132977657183987	-0.337295578517593	-0.557912445011928	-0.165954652732307
XLOC_024438	2.58657305714581	2.39309449374759	2.32378674662493	-1.31880853000958	-1.31880853000958	-1.31880853000958	-1.31880853000958	-1.31880853000958	0.198988201190872	0.26072885714892	0.149679824199363	-1.31880853000958
XLOC_024439	-0.452128715214166	-0.500375247869163	-0.422893802241043	0.689960239795239	0.0961708016218168	-0.206469923954231	0.0989473218286152	0.312693284769552	0.00851254703308779	0.311260274460536	0.0529293270321833	0.0113938927375754
XLOC_024445	-0.72000347791591	0.55788079312805	0.214994992889018	-0.752513018962866	-0.411960641786977	-0.168558821976674	0.283878963469793	0.935697845613986	-0.482911569599865	-0.232261114647191	0.715395660902587	0.0603603888860498
XLOC_024449	1.21357440276317	0.899528128367525	0.961278990721391	0.264178473108197	-0.150657776786655	-0.60404768366924	1.27148849101189	0.991594019300098	1.37998990690741	-2.0788646354259	-2.17278993314308	-1.97527238315482
XLOC_024477	0.602119338659053	0.265271286028009	0.366571073180075	-0.40832058942544	-0.497210718305252	-0.492470895207352	0.208489341706782	0.45085611757959	0.430655943555187	0.116056962001392	-0.541751625281479	-0.500266234490559
XLOC_024479	0.611865127705745	0.654050648710783	0.617686549747384	-0.285570525005982	-0.402009465386102	-2.24252786952279	1.19962335734735	0.982595400759974	0.969654789766349	-0.733023794959246	-1.51466224021418	0.14231802105072
XLOC_024481	-0.0305189195005857	0.456008157918931	0.548832411122839	-0.549257543026267	-1.53551107188173	-0.790096567712834	0.799187588698065	1.27530254802717	0.588690853105023	-0.116116486426057	-0.239982580430789	-0.406538389893766
XLOC_024483	0.0650595781000494	0.143394756196147	0.166046534628551	0.420148956828898	0.0773422205356349	0.395921648817336	-0.860089855354795	-0.419535538222005	-0.640101309551621	-0.0182296664924042	0.558125589526036	0.111917084988172
XLOC_024491	0.588914718385739	0.194531632827708	0.103424009977488	0.241181758031926	0.464799337762527	-0.0104907399874605	-0.213783025789647	-0.120618945565333	-0.440627195755299	-0.318383216660717	-0.288198069201842	-0.20075026402508
XLOC_024521	-0.883030822723627	0.470213506132271	0.36577494206229	0.0954372194492086	-0.869733790566482	-0.170644462498836	-0.669399022019688	0.140632433867476	-0.409204955463222	0.69542923163176	0.956925983838942	0.277599736289902
XLOC_024522	1.30878509533125	-0.241374358890469	-0.146380279051861	1.52309022346807	0.272139179030279	-1.68980025549936	-1.68980025549936	-1.68980025549936	-1.68980025549936	2.55041216104245	0.491184811212326	1.00134418985539
XLOC_024523	0.44594660828781	0.16320081186637	-0.203736406114586	0.436968942335701	0.850249501468992	0.135533390469806	-0.607490126705389	-0.729259403986453	-0.922565222425797	0.57247557292376	0.0870341459850126	-0.228357814105227
XLOC_024524	-0.0109483308427283	-0.407438356719092	-0.214585135343531	0.598921211166727	0.63138774702637	0.594467863564139	-0.730733710171838	-0.373332400406176	-0.655745338488085	0.558253957969301	0.0208443144679586	-0.0110918222230438
XLOC_024525	0.0496421307877899	-0.320562363105228	-0.123560782303514	0.625712185329373	0.633454015936465	0.369741060250433	-0.674718902303576	-0.466154518799357	-0.309855256400986	0.233503824334576	0.0603337552358703	-0.0775351489618412
XLOC_024529	0.309037529206629	0.339940746485311	0.52476850446899	0.110752498236577	-0.0578927974737127	0.545529073505323	-0.604616220109477	0.0982142298039035	-0.342618530922571	-0.430506912211305	0.226982382513151	-0.719590503502817
XLOC_024614	0.468354361719835	0.879473099401948	0.892216856219395	-0.113288422453057	0.229635771354688	-0.737323757557953	-0.0526622697412424	0.611596633089122	-0.763988821738391	-0.00251779586286904	-1.06746710236048	-0.344028552070999
XLOC_024615	1.08148589023979	0.42041359234063	-0.0653317746978717	0.270058959673115	-0.299752912414514	0.113804320389912	0.0707015379825178	-0.245177737386349	0.200749138025986	-0.0695174694276508	-0.990168252002927	-0.487265292722641
XLOC_024616	0.982992373700689	0.335421982242347	0.701563778894053	-0.154966942855004	-0.0852968284586186	-0.799125335460744	0.125739483375922	-0.0870930607453877	0.893062045775887	0.142134066450506	-0.784713877501541	-1.26971768541811
XLOC_024621	-0.0237478631203736	-0.24788108582005	-0.243677342796567	0.898313065076173	0.223214502497691	0.439422350964318	-0.574856814954356	-0.171460857857046	-0.615282701703721	0.0808096693554203	0.0967930538400257	0.138354024518486
XLOC_024634	0.603553615374175	0.456991248736787	0.323596874772511	-0.0321664822848193	-0.571055383922229	-0.0532571150621042	-0.774968267556318	-0.900879208102733	-0.388431287595044	-0.018421045191678	0.488135302241844	0.866901748589614
XLOC_024641	-1.36163802103433	0.00191279870717409	0.147379828487885	0.00949894082251479	-0.521798614784923	-0.358355605817144	0.636184234001193	0.041995853881053	0.0452629714597164	0.430416811959401	0.339004009853388	0.590136792464072
XLOC_024673	-0.330071410409834	0.0163096384616059	0.257825456985938	-0.638045043201005	-1.18124411846548	-0.366201035776022	0.211297016898403	0.745968420464028	-0.342256218890538	0.311848927307846	0.680532065703975	0.634036300921085
XLOC_024702	0.590121014202467	0.0421112548141487	0.0788624551633941	0.319945399785214	0.282052730814092	0.218307146258068	-0.17802994792307	-0.517656898697541	-0.326747615365635	-0.149863649221017	-0.465565104920507	0.106463215090381
XLOC_024727	0.363107603852592	0.783735429726675	0.899202128309082	3.31747207294486	-1.37272943754415	1.19756308660842	-1.37272943754415	-1.37272943754415	-1.37272943754415	0.206807949614349	0.0957589166647919	-1.37272943754415
XLOC_024752	-0.636374792441799	-0.652013482771296	-0.0723339204841338	0.106050577534974	0.248797226449177	0.509722979261996	-0.842961933135339	-0.67274279453865	-1.11526229513978	0.933494238439062	0.948808667074065	1.24481552975172
XLOC_024753	-0.171677570224349	-0.423485495262129	-0.777599957918588	0.545993135754495	0.474474241947862	0.482635482609028	-1.14528529556728	-0.977622965585673	-0.795277416984443	1.12752944480244	0.840432639131528	0.819883757297113
XLOC_024773	0.13770216126251	0.154316151941165	0.273149720730334	0.486738995135426	-0.00766766417057418	-0.0670459672823522	0.0379701738799048	-0.107860859278549	0.133167518461468	-0.400171396362348	-0.296651805696682	-0.343647028620302
XLOC_024779	0.667666864030608	0.598310805814757	0.526304307841169	0.124506016860758	-0.344488678870269	-0.4832779465354	-0.036723791567459	-0.192928984421023	-0.122345491106712	-0.342619234776592	-0.248109057217427	-0.146294810052408
XLOC_024781	0.761679965115792	0.515332318158805	1.04918355859945	0.992784401658655	-0.258335672401592	-0.462535866808972	0.86821204355404	1.00848457436954	0.0721193623197394	-1.21905294021251	0.206593722657785	-3.53446546701072
XLOC_024793	0.26258814258934	0.261530538927695	-0.53879150343622	-0.576056847691993	-0.0813097950539063	-0.504804301709195	0.12680643090165	-0.213780939550689	0.764381348380702	0.0358184181122132	0.376984469742283	0.0866340387881213
XLOC_024797	-0.479072653095628	0.693866822562767	-0.129449400095282	0.376493424946154	0.444980841331438	-0.400235468397788	-0.419006461916398	1.06748014170428	-0.601321705934573	0.443463478199538	0.904683467812744	-1.90188248711725
XLOC_024826	-0.397506724418927	-0.362945048973558	-0.51750151072871	-0.0270839924670927	-0.347830283728376	0.35382784189608	-0.270945929786272	-0.00390514748736503	-0.556254729693999	0.687728670623214	0.802662318498647	0.639754536266354
XLOC_024828	0.347381601211238	0.0039075637632644	0.41588158217548	-1.4888069817904	-1.42385521810039	-0.884512456095655	-0.572586137205475	0.434365162256921	0.888402813244088	0.529425145754881	0.362838302472784	1.38755862231327
XLOC_024857	0.408202145065006	0.282113744085192	0.0344086453015224	0.378832337202754	0.553376406909964	-0.0781181626979448	-0.417825472537028	-0.407965486968866	0.0192000530142113	-0.354532352867468	-0.104239475955091	-0.313452380552254
XLOC_024862	0.10756038776787	-0.6435174838942	-0.748044661285289	0.91585752221664	0.744422622820842	0.83018827858661	-0.941816603101969	-0.983335160564899	-0.325090965654149	-0.155658421789895	0.374462147100926	0.824972337797511
XLOC_024867	-0.42620766134046	-0.638896703864422	-0.544144165335651	0.619171216611163	0.813902849598374	1.08494998165895	-0.410806992030096	-0.585853016768756	-1.05722051619439	0.642317220960878	0.353313387420815	0.149474399283592
XLOC_024886	-0.209347212367842	-0.277057757924408	-0.279857029386357	0.559625997701147	0.794088115330522	0.432539872046885	-0.451313931444553	-0.0326763449385066	0.0887173013992477	0.074550401496472	-0.355970731386629	-0.343298680525982
XLOC_024918	-2.83085737045126	-2.83085737045126	-2.83085737045126	-0.921143252433479	-0.067083140914487	1.85264499213004	1.21362905030935	1.712092670929	0.248799947582389	1.24893922826485	1.52250164732751	1.68219096815862
XLOC_024919	1.16721066394113	1.32630788716977	1.20202012506008	-0.808226852117492	-0.996503934532156	-0.746038981015904	0.344941816905258	0.466088815777462	0.347557721244277	-0.369724613752591	-1.03007729197144	-0.903555356708402
XLOC_024920	1.03025984613166	0.827130920618949	0.994952983938436	-0.560179500349728	-0.561623538541994	-0.507083661619589	0.854699029144076	0.861399415748897	0.905277577918708	-1.0467524000438	-1.42492581045355	-1.37315486249207
XLOC_024922	2.85752127593203	2.06919855215446	1.97004216712436	-2.08082706283825	-2.02860174632639	-2.19574926647638	2.02190257016668	0.207415113431627	1.79193400258568	-1.67512865405782	-2.52205282664709	-0.415654125048915
XLOC_024923	1.27594448256932	1.0301674381275	1.10108352799521	-1.1417138961886	-1.47745446178229	-0.913153073490318	1.20102401807705	0.908994613348233	1.39550772720776	-1.0907128203253	-1.76563797894583	-0.524049576592737
XLOC_024925	0.580894097504019	0.538585359487436	-0.198636317569057	-0.0436510963153136	-2.42522596769899	-1.31523580202687	1.40083244937066	0.867782438910203	1.44334397054805	-0.00260440133877182	-0.0338063844498517	-0.812278346421511
XLOC_024926	1.18904810096902	2.57276564996433	1.66966384182528	-2.17872638847384	-2.17872638847384	-2.17872638847384	2.22395112209093	0.396111873436753	1.97279200118925	-0.599189001315334	-0.710238034264891	-2.17872638847384
XLOC_024927	2.25505468978393	1.95378859472997	1.16021922180002	-1.43908649767633	-1.37232486820085	-1.37921334501444	0.832383279508556	1.00092692475479	0.517308183788147	-1.1874438081988	-1.09900802804832	-1.24260434722668
XLOC_024928	2.04530653837487	1.77697129156339	0.99397827019258	-1.98980602975395	0.300159793116066	-0.827590547569982	1.62256921161151	1.1547770858853	0.0921850787656937	-0.736832346002017	-2.43103179356279	-2.00068655262068
XLOC_024931	0.828545238610345	1.30332656791904	1.48948136774528	-0.355634481802841	-0.428041403983881	-1.2987917528712	0.476340435134433	0.839454028903685	-0.146627317089135	-0.571500152428029	-0.855750634897836	-1.28080189523985
XLOC_024932	1.43217531127694	0.880828179846183	0.651367339157487	0.592981633614503	-0.0656955955926994	-0.550103877456195	0.396241497669395	0.404764563577245	0.588489869076912	-0.786946543001887	-1.8518958494995	-1.69220652866839
XLOC_024933	1.42460615460922	0.719378836585875	0.467280904534084	0.499255062525656	0.140028833106344	-0.0726394490655586	0.19708910964507	-0.132495365194976	-0.215199555232479	-0.743815285513815	-1.42244080689199	-0.861048439107432
XLOC_024949	0.168592909476831	0.342036040982252	-0.175456557319664	-0.405427723761338	0.167700818043329	-0.406845914940044	0.123141228985009	0.773816338622209	0.528778629804719	-0.29340109180912	-0.698657704451963	-0.124276973632218
XLOC_024950	0.238580500637061	0.0779736668001547	-0.0419425772966635	0.412381969714325	0.0485389830524534	0.148985814129128	0.474026444699891	0.293879653750983	0.623051925848714	-0.84889647016761	-1.34379697331477	-0.0827829378536737
XLOC_024953	-0.236520327844731	-0.279598859807713	-0.356875847113962	0.215627582008651	-0.0272634403849334	0.147933821290295	-0.014243622012021	0.0307886622131104	-0.110909567733097	0.0850857290687461	0.061886618468268	0.484089251847395
XLOC_024970	-0.33550713942537	-1.22691998738367	-1.29622773450633	1.13106614614835	1.73860953537045	0.567508791824624	-1.19457099175772	-0.11766181245937	-1.12686520756529	1.03043932983419	0.378805318930852	0.451323750989277
XLOC_024978	-1.07467930700828	-0.845433138185273	0.0612660753141627	0.759465338295449	1.40340489908112	1.11689648388845	-0.333476862039689	0.318142861052583	-0.0793170742035887	-0.656357773888338	-0.26315759156412	-0.406753910742478
XLOC_024981	-0.89942334269022	-2.64834006257479	-0.776344243991246	0.933688702579762	0.845656961648326	1.10860349794109	-1.0605529104625	0.353299145673322	0.381347020948062	0.741815856917584	0.748256735787961	0.271992638222639
XLOC_024984	0.808436020354268	1.37255472117991	1.30099246258969	-2.50063784697712	-2.06007962387508	-1.03002596336325	0.552418245035097	0.821340136854056	1.10424890991381	0.300819579723577	0.088323269783503	-0.758389911218471
XLOC_024985	1.50117203802082	0.827978555077884	1.22490165284136	-0.710623004392847	-3.92351348336028	-0.851583883158529	1.0049566017072	1.58815559906651	1.9534821900181	-0.47148481583079	-0.911072411983897	-1.23236903800553
XLOC_024986	1.24388527671054	1.28824093615403	1.33026782270096	-1.13854844004407	-2.14229187608541	-1.29297763093657	0.412345083480187	0.931351205840993	0.590297473930334	-0.41924347290764	-0.108787989825219	-0.694538389018129
XLOC_024987	1.27474306844779	1.03504122007151	1.2377331266219	-1.50038443222546	-0.975809622731732	-0.337626364984353	1.01776753757622	1.02762752314438	0.955578248258364	-1.30682395230488	-0.913623769980658	-1.51422258189308
XLOC_025007	1.1276654619549	0.50224829520837	0.414009527607935	-0.520630421858857	-0.0849818633737769	0.614107464693869	0.509525791597856	-1.15927815596831	-0.597575849903046	-0.235865966065438	-0.400971076267304	-0.168253207626205
XLOC_025026	0.409881372768491	-0.799276396787021	-0.0516537340379353	0.646545528943351	0.310804963349662	-1.11049316705788	-0.804587761195933	-0.0279129832750815	-1.7694168639229	1.02556272629983	0.906336466376194	1.26420984853921
XLOC_025027	-0.856059399201806	-0.856059399201806	-0.856059399201806	1.05365471881598	-0.856059399201806	-0.856059399201806	2.50860175008595	0.942626040589579	-0.856059399201806	-0.856059399201806	-0.856059399201806	2.34359268412294
XLOC_025028	0.42374947602129	-0.0597332503027204	0.141895560742212	-0.240613189012332	-0.170504834478646	-0.541092398821968	0.205268451369069	0.275898646455201	0.524628948415186	-0.271205085738587	-0.0666165394471916	-0.221675785201513
XLOC_025029	0.869030132039507	0.351557938638925	0.498031235527321	0.102871038563697	-0.0685638608321009	-0.516920510425376	0.0864987040041916	0.157128899090324	0.607721430168834	-0.665593565376707	-0.745738039489023	-0.676023401909598
XLOC_025045	-0.381767922078974	0.12739209063146	-1.10842170705635	0.505882845885939	-0.616579043372812	0.603134776616911	1.1243645100548	0.608251948239984	0.226231556420875	-0.579975122452479	0.973005744869186	-1.48151967775854
XLOC_025053	0.756945291153683	0.77343644730936	0.192894719054704	-0.999612903562464	-0.150369149293958	-0.477868586195205	0.450513847827809	-0.015193689805054	0.438843961182113	-0.490372361560303	-0.0291523719470979	-0.450065204163588
XLOC_025054	-0.014470835225433	-0.141440694020945	-0.145502211923835	0.214988195760741	0.273786546199055	0.147811141310708	0.0377130812899189	-0.00387147281351652	0.0921031069545073	-0.145770186657122	-0.193079341956437	-0.122267328917642
XLOC_025096	0.0193889038732973	0.179025413265252	0.233619296331351	-0.291329881085849	-0.0407811392864996	0.152515965043927	0.0243502062700305	0.221678198607488	0.264362677099337	-0.287107930034853	-0.0129995835857617	-0.462722126497729
XLOC_025097	-0.264687304704225	0.0223575619644034	0.0620065696862042	0.0755803998259807	-0.0339882062135128	0.23811995316195	-0.048042503219909	0.156318742265098	0.0522932477786942	0.131250719589215	0.0945314862613493	-0.485740666395246
XLOC_025099	0.363206827944119	-0.192584259694207	-0.345272030973712	0.240537709456711	0.403107530211203	0.261958823294173	-0.013902717486352	0.239036850146231	0.33246701775368	-0.394377038310008	0.108078748044463	-1.0022574603863
XLOC_025107	-1.44254862706121	-1.0363432739228	-0.817142827564219	0.264448163215667	0.22294736780368	0.380368734970467	-0.562632117855408	-0.467327474132595	-0.980381884889505	1.21798550531095	1.62654560577034	1.59408082835464
XLOC_025125	-0.777872834684242	0.670553061924651	3.41065624997533	-0.777872834684242	-0.777872834684242	-0.777872834684242	-0.777872834684242	1.02081260510714	-0.777872834684242	-0.777872834684242	-0.777872834684242	1.12096076046681
XLOC_025130	0.401824851441487	1.02784356987083	0.887482101855551	0.0670878031450854	-2.47667566500433	-0.424552094846328	0.771993856481594	0.190618903424938	0.725256838872844	-0.294133046929517	-0.458576544902699	-0.418170573409447
XLOC_025132	-1.20963586621203	-1.20963586621203	-1.20963586621203	4.09790183147417	1.55413836332475	-1.20963586621203	2.15502528307573	-1.20963586621203	1.87002145182162	-1.20963586621203	-1.20963586621203	-1.20963586621203
XLOC_025136	0.522013265769711	0.875163961029525	0.697268434710061	-0.863956339551404	0.0523708764765276	-0.468418943400907	-1.21690851095117	-1.13993455857872	-0.742320365767545	0.540953586648365	0.663661187445904	1.08010740616965
XLOC_025137	1.63581551511161	-1.73195897433125	0.539972591521986	-1.73195897433125	1.03181525520553	0.0628329400484022	-1.73195897433125	-1.73195897433125	-1.73195897433125	1.43072882743847	2.49093663333676	1.4676931089935
XLOC_025142	0.128099803649523	0.593605097533327	0.535503546170141	-0.997937439663194	-3.16891631654588	-1.14736770154902	0.485421466178924	0.38081333135127	-0.0205118188600943	0.475873314849229	1.8110134503363	0.924403266549471
XLOC_025143	-0.41348740682928	-1.15195057083553	-0.378780757918287	1.52627580141406	1.12363328452961	1.1558866608226	-1.28292784385362	-0.0376268870119993	-0.701604578238484	0.603299104617717	0.13889300625061	-0.581609812947393
XLOC_025144	-0.257524519931785	-0.963224239543341	-0.622981656692512	0.772727196271314	-0.24422748777464	0.510564055289811	-0.382986238820552	-0.358375999137889	-0.486141376156693	1.10481265765411	0.647277519230427	0.280080089611754
XLOC_025165	-0.263385680962431	-0.0823336760521176	-0.135398208547333	0.514562485547642	1.24568953703342	-0.182117979989362	-0.0635791590798602	-1.23378671519021	0.249576916570493	-0.0821407667793865	0.275675014297258	-0.242761766848114
XLOC_025184	-1.0927789129419	-1.0927789129419	-1.0927789129419	-1.0927789129419	-1.0927789129419	-1.0927789129419	2.27188223634585	0.705906526849481	0.425017818258549	-1.0927789129419	2.6482802767266	1.59836553241285
XLOC_025200	-0.712176449383951	-0.15284102029123	-0.369970913563368	0.712678606305467	0.719194559743146	0.836559092829099	-0.0788767577089011	-0.147737192068305	-0.712966521976129	0.447897195581705	-0.311519385625413	-0.230241213842119
XLOC_025211	0.486202110511379	1.29510039020188	1.14973923856757	-2.54089657534697	0.12682673585405	0.696401035651841	-1.15378270885785	-0.811358291612728	-0.567635103520733	-0.0893468967765036	0.939762825872382	0.468987239455683
XLOC_025223	-0.312584614427838	0.207845945282642	0.169357809254592	-0.351698269444197	-0.477229927634991	-0.288514351797311	0.522002578147376	0.825121339400351	0.578112608968684	-0.407889637993543	-0.11204717208177	-0.352476307673998
XLOC_025239	0.459982581552169	-0.168802617009759	0.0828019358772316	-1.02319763218745	-1.33556477595778	-1.16827063584346	0.161865668005232	-0.62308934941734	0.715064161502482	0.665774797703151	1.55206302332034	0.681372842455183
XLOC_025248	2.30313585363325	1.6583220871211	1.76326130637509	-1.62091766900133	-2.36268081765786	-1.75432772803493	0.448939986384651	0.364136829813623	1.06762236203884	-0.872591584658003	-0.245167429634049	-0.749733196380379
XLOC_025249	1.49740612838879	1.51855137785394	1.33213609087346	-0.961503268245599	-0.317563707459927	-0.667072123403189	0.276330171694712	0.536439049749675	-0.114924179866145	-0.850393913220752	-1.27338609384156	-0.976019532523406
XLOC_025259	-0.231857822463461	-0.535989953549652	-0.336501698690135	0.722058024943644	1.00183379527446	0.741234402500496	-0.869367160099521	-0.747913154796966	-0.816709045142118	0.703315411559814	0.507046104589686	-0.137148904126251
XLOC_025261	-0.840080448656447	0.0258264847629954	-0.217458480863221	-0.600355207304462	-0.298096740572436	-0.150472071506289	-0.0640749560828215	0.152423588541269	0.466837808009032	0.573673597149234	0.661513313513145	0.290263113010002
XLOC_025299	-0.289284339346894	-0.142537817916256	-0.737039541174291	0.722107926212787	0.88828580860852	0.99722967911107	-2.08709571905489	-1.1370463097837	-1.50577245343976	1.18793012804941	1.12198825230172	0.981234386432274
XLOC_025313	-0.329591769538046	-0.00930285197729663	-0.654051616460094	-0.182069549645037	-0.0201116698212385	0.698315816824022	-0.332989277944107	-0.981571366690148	-0.64755019507674	0.969211945974702	0.768718302119795	0.720992232234193
XLOC_025321	-1.3824419673394	-1.3824419673394	-1.3824419673394	1.32126061584676	0.579497467190239	-1.3824419673394	-1.3824419673394	-1.3824419673394	0.858503648452821	2.06958670019009	1.27335828388879	2.19244508846771
XLOC_025331	-0.176697053096886	0.591128830057677	0.70772764811055	-0.861095724459821	-0.707112980430475	-0.187725493397006	0.593407661470394	0.199550200942702	0.301872233547209	-0.173468226632251	-0.26715362596426	-0.0204334701478297
XLOC_025333	1.08001839790453	-0.314276652378124	0.0135130092432263	-0.442802922170343	-0.559241862550463	0.370315033541629	-0.465335007875329	0.461016007126328	0.657901870095895	-0.223013098021647	-0.28397450749025	-0.294120267425448
XLOC_025343	-1.53808825267755	-1.53808825267755	-1.53808825267755	1.67480222628988	3.62179089262866	0.2567036617021	-1.53808825267755	0.260597187113834	-1.53808825267755	0.04144913448095	1.47435281869883	0.360745342473498
XLOC_025344	0.11299809940029	0.36003031952608	0.376858068072339	-0.0993961975837987	0.0448090551575664	0.19218521363957	-0.166735406582731	-0.0422862583440562	-0.23924787730644	-0.390129031222362	0.111750106822887	-0.260836091579344
XLOC_025353	-0.439786640474741	-0.231871152813639	-0.474462910463027	-0.0367495327031877	-1.28793126691052	-0.116082744615301	0.992053329276878	1.08362653348732	0.575609642789686	0.0211890012213765	-0.318552520131683	0.232958261336838
XLOC_025387	0.817328533872328	0.434398660770526	-0.278514389717295	-2.55044595557053	-2.55044595557053	-2.55044595557053	1.19380606381259	1.83030054165578	0.529211362463124	0.612241846199188	1.19061323409798	1.32195201355738
XLOC_025389	0.408324712983372	0.204299344445342	0.142922780025406	-0.0442081811083863	-0.107505505885898	-0.122744484394358	-0.152019265561085	-0.2491549935731	-0.0834316300952267	-0.0347981245669882	-0.11073544044722	0.149050788178137
XLOC_025431	-0.167507420869117	-0.00323976903596979	-0.283777068077598	-0.194797789411753	-0.880240627164	0.140535825279517	0.0740296830958469	0.465473533797109	-0.322518296180945	0.101435540735523	0.374785856928673	0.695820530902711
XLOC_025440	-1.3910871701624	-1.3910871701624	-1.3910871701624	0.51862694785539	-1.3910871701624	0.403704744217256	0.644611031404506	-1.3910871701624	-1.3910871701624	2.68870942855372	1.90707098329878	2.18379988564472
XLOC_025441	0.446022237137232	-1.28981480425951	0.253605172187987	-1.28981480425951	-1.28981480425951	-1.28981480425951	0.060742167935619	0.508870635531873	0.227981926940941	2.16221386326998	2.78963801829393	-1.28981480425951
XLOC_025445	0.42363117327955	0.644056703832985	0.762458837923464	-0.584612502105105	-0.549841149169207	-0.0178181189634383	-0.0356504647133145	-0.481847913430392	0.0728880351623031	-0.349426144162186	0.0554016496169982	0.0607598927283455
XLOC_025456	0.340697239681338	0.758057670928372	0.718492978680887	-0.514156124356627	-0.602187865288063	0.197538333184246	-0.311209648947242	-0.114886717383201	0.056022672334862	-0.152154855920509	0.229002645912864	-0.605216328826926
XLOC_025463	0.104585695065056	-0.237059104668025	-0.0112527308343333	0.0547597391697732	0.35565875022351	0.738847568460472	-0.119131426130756	0.0710210191441583	0.274263859246601	-0.122184029412071	-0.690566305774046	-0.418943034490341
XLOC_025474	0.145963192913556	0.442623388912049	0.357891600197901	-2.00675414763833	-0.510776789936689	-0.334913710962697	0.48538263989709	1.1479573219706	1.25525000258947	-0.47024431428268	0.325679578036312	-0.838058761696578
XLOC_025499	1.40025003485995	0.814482058719712	0.502669331860598	-2.45134503474889	-2.3881057191072	-0.727086956621593	0.866464652929914	0.25454525580951	0.864226969987572	0.21040139454005	0.0431825100588021	0.610315501711572
XLOC_025510	0.752392429140271	0.169192282782163	0.830253236792682	-1.16476044819166	-1.09799881871618	-0.360530202509245	0.363485105839144	-0.476517560922511	-0.442041955432016	0.716669146064148	0.360102116802103	0.349754668351099
XLOC_025519	-2.54626962258965	-2.54626962258965	-2.54626962258965	0.666620856377786	-0.584330188060009	0.525659977612104	1.19798239679347	1.99668041879061	1.2656881809859	0.254108527867461	0.990270350863355	1.32612834653826
XLOC_025522	0.555866241259347	0.405052483480409	0.870038751301227	-1.01821538680898	-0.419295988058102	-0.516898064114653	-0.086317234635616	0.207922959700488	0.148501139213499	-0.376809241784623	0.199751225750498	0.0304031146965027
XLOC_025527	-0.26065052255764	-0.114317527039006	0.00847801139052073	0.0897894200687919	0.275577198273846	0.21524707556326	0.267600698747891	0.0819830555184673	0.13287755448256	-0.280851073065081	-0.143668649241823	-0.272065242141798
XLOC_025575	0.514756756597957	0.93538458247204	-1.22108028479879	-1.22108028479879	-1.22108028479879	-1.22108028479879	2.34582593949584	0.577605154992598	1.85857703323487	1.09433224199943	-1.22108028479879	-1.22108028479879
XLOC_025597	-0.159489117412621	-0.597681285021631	-0.433528755437269	0.764774727150087	0.728190648028926	0.550621736046825	-0.419990407504194	-0.20786592584402	-0.219027200870666	0.114984296686986	-0.0986293403389578	-0.0223593754834699
XLOC_025623	-0.0686082776935066	-0.139787131990056	-0.117158669447555	-0.0679539401759897	-0.349243490346586	-0.0809543465208442	0.0393483931792336	0.0109698656756905	0.204058271766479	-0.0353169908990907	0.0904005244265225	0.514245792025699
XLOC_025625	0.0815998189551781	-0.16810705007827	-0.529710520555703	0.16686371783877	0.139877803211236	0.361469569332244	-0.199989150201418	0.366902182457207	0.194280458876023	-0.00539867111007375	-0.155521771195252	-0.252266387529944
XLOC_025626	0.186140948131513	-0.421063081157596	-0.332282196250654	0.3595320330354	0.084577487373469	0.119711939166775	0.284974341025324	0.18871758116128	0.331618290832052	-0.0845896189894582	-0.487437532887122	-0.229900191440983
XLOC_025628	-0.128913013391802	0.385251718367692	0.45515796799025	0.157198605158313	0.661049797441951	0.624324179713558	-0.707111508869542	-0.300347888219211	-1.33143115554965	-0.307803721923395	0.0223604108429907	0.470264608438849
XLOC_025640	-1.16772405446302	-0.658564041752582	-0.137848719439261	1.49568325720296	0.428643914918823	1.48884158452845	0.126570934403847	-1.08956688245401	-0.799264104112055	-0.267020687655476	0.417157742253975	0.163091056568343
XLOC_025644	0.986598134651814	0.108321817041579	0.254293382128949	0.217710006476771	0.254941407762435	0.379401530092583	-0.235354466596489	-0.529168744087549	-0.751142619919987	0.0165480737148709	-0.450161710414172	-0.251986810850801
XLOC_025646	0.448225750862547	0.490904346776351	0.128314196116229	0.224144429907663	0.0563210658854958	0.97132565317219	-0.591403512048346	-0.80146328692742	-1.53338190969096	0.336171061859882	0.433849402264141	-0.163007198177777
XLOC_025653	0.461077828538572	0.445401044533487	0.354051442715678	-0.147476087462364	0.214227043804733	0.154653176553335	-0.602431950370487	-0.422721102275141	-0.652762957092696	-0.326018541359339	0.110920331253554	0.411079771160665
XLOC_025658	-0.887740806154766	-0.974886650737075	-0.987749803647818	-0.175792306507113	0.661586245304179	1.21179861651765	0.0566980771003331	0.271743535074112	0.350896565515574	-0.133369790604639	0.243328339071202	0.363487979068363
XLOC_025674	-0.175869118070199	-0.527114398692635	-0.212127844532846	0.225338138735358	0.109598401619269	0.496037600853761	-0.386348053701662	-0.352234396627832	-0.303166298595325	0.219372150415808	0.129981781483895	0.776532037112416
XLOC_025675	-0.313496961077323	-0.467311909327258	-0.602364512483529	0.782821651591933	0.610597806146721	0.415238003059052	-0.293706897688791	-0.254227836608965	0.188696156644696	0.0690705996066097	-0.0895334141494004	-0.0457826857137515
XLOC_025693	0.02639762777914	0.118018782427502	-0.392629929647376	0.784587300725926	0.379806625519076	0.829617452779189	-1.01775216632507	-0.418175742611315	-1.02743958625297	0.00719251078148364	0.504382548132496	0.205994576691921
XLOC_025698	0.107757986102058	-0.195252501851241	-0.150927300476122	0.56093385128182	0.371199108717564	0.640358887384208	-0.20637694753249	-0.109382837336581	-0.250052224857463	-0.156651251451646	-0.595190873103975	-0.0164158968761381
XLOC_025701	-1.00654089081918	2.50120447272187	-1.00654089081918	4.19688248610995	-1.00654089081918	-1.00654089081918	-1.00654089081918	-1.00654089081918	-1.00654089081918	-1.00654089081918	0.461947463389763	0.892292704331868
XLOC_025702	-0.312514145649947	-0.218651900878299	-0.226131599659525	0.199547871380478	-0.228003494541721	0.476379630440038	-0.236497311483534	-0.371304891873248	-0.515925356410335	0.41993231455996	0.458977434838818	0.554191449277312
XLOC_025706	-0.164706983287016	-0.461003296233365	-0.572924805921863	0.570153123864571	0.603274600863596	0.628096773036997	-1.03450760750255	-0.746603075590454	-0.771117428874367	0.585862412610828	0.70153076377983	0.661945523253783
XLOC_025708	-0.659105587419169	-0.153430712795398	-0.393697515953992	0.0829429575472815	-0.125781546274833	0.527828417495567	-0.883701829244973	-0.349137731214237	-1.03213199838168	0.791802746561652	1.30876200615446	0.885650793525327
XLOC_025709	-0.809583435407013	-1.49937512494622	-1.087401106534	0.74967487186824	1.08978113591263	0.687310142308509	-1.32499156347473	-0.992577041205661	-0.614879875465393	1.23785193091123	1.24733853985897	1.31685152617344
XLOC_025717	-1.20266644738338	-0.81434372781002	0.20420681804284	-0.336891644310171	-0.453330584690291	-0.0482437132847666	-0.819655092218932	-0.875536291829976	0.0814933943692182	1.46766491129716	1.06869674981209	1.72860562800622
XLOC_025718	-1.16159843482505	0.342355276767289	0.157299262756307	-0.934061710568124	-0.308752318814186	-0.129831464885713	0.35434015762972	-0.124551259278767	-0.520858358717027	0.65295117444071	1.55070645484553	0.12200122064931
XLOC_025720	-0.313231646041422	0.324961362806586	0.348667504816468	-0.795180770816396	-0.243795355220469	-0.134725185384403	0.225741925303156	-0.0615585181499521	0.146996409210744	0.0404912781278686	0.320601355753372	0.141031639594449
XLOC_025724	-0.521072693611147	0.041527180051447	0.114052326041396	0.0175847963814411	0.460065249680159	0.772686751183917	-1.14713638373452	-0.341384073373445	-1.34246701104837	0.580070829188507	0.429686618169846	0.936386411070759
XLOC_025727	-0.469453719460678	-0.044691035811212	0.0768391347845903	-0.0998451600865105	0.249357941677694	0.574886803401941	-0.613900848135587	-0.497624864537356	-1.32490893343323	0.600352666807837	1.06751856267166	0.481469452120845
XLOC_025734	-0.0906689823596398	-0.678448364700469	-0.484920808390986	0.547044873002517	0.713305126180392	0.3211828677263	-1.42374686174057	-0.519257628222157	-0.990226477348638	1.05714409146425	0.99992033856069	0.548671825828305
XLOC_025735	-1.15148816798778	-1.15148816798778	-1.15148816798778	3.19202613792553	0.810451266541857	-1.15148816798778	-1.15148816798778	-1.15148816798778	-1.15148816798778	1.16392435881043	2.1466699854734	0.747345427163267
XLOC_025738	1.1276898023276	0.907981523838735	1.20121393226488	-1.26612187547454	0.0949054843200701	0.464802392125405	-1.10263071814581	-0.514716336197955	-0.0534524354375021	-0.179997559806074	-0.300874308143588	-0.378799901671223
XLOC_025741	1.08360895256782	1.1089839379739	1.49948047166467	-0.270216969214768	0.372078525125029	-0.42495510473493	-0.724661316286351	-0.419650591382027	-0.547415968400832	-0.300285298630901	-0.621491292912305	-0.7554753457693
XLOC_025742	1.60436899728827	0.86590583328202	2.26505519369979	0.146308625863201	1.00036873738219	0.0313864222250666	-0.412848519959453	0.0352799476368006	-0.245608760954131	-1.76340549215459	-1.76340549215459	-1.76340549215459
XLOC_025753	-0.569428745437385	0.276681705845385	0.219686173851364	-0.131296026679468	-0.522547297074991	-0.0992673127309889	1.60530585583784	1.25472479383801	1.96352578855873	0.0409610626496288	-1.4623692612164	-2.57597673744173
XLOC_025786	-0.373664880312345	-0.327893553873309	-0.23643831082485	0.310150639943554	0.458909830298312	0.252387158614633	-0.221519899778709	0.0961937590592772	-0.127663231375717	0.173983286816998	0.0148890088413953	-0.0193338074092342
XLOC_025809	0.801089164639144	1.12586949984681	0.668009725027081	-2.07933812474494	-1.61730311594481	-2.01946497208305	0.771405672499383	0.602241344709896	0.866421025783809	0.222635777642433	0.0871700375841451	0.571263965040107
XLOC_025813	0.446189969847	0.866817795721083	1.82461774977259	-1.28964707154974	-1.28964707154974	-1.28964707154974	0.0609099006453873	-1.28964707154974	0.951298544242477	0.289890315608757	2.00851108191143	-1.28964707154974
XLOC_025817	-0.751479751677298	0.0231145714175991	0.358033609495032	-0.950316722774584	-0.111938174210685	0.262456520982576	0.510711828974587	0.653094653650708	-0.187055658207293	-0.094950154580002	0.41160619285352	-0.123276915924158
XLOC_025821	0.0992380085374052	0.550853157058683	0.323424484338876	-0.287539866991288	-0.55869396135631	0.191466416422458	0.344220958540484	-0.0547840018291801	0.0307363337791919	-0.137990569141561	-0.170671348447138	-0.330259610911611
XLOC_025823	0.49391440067917	-0.0451076063110536	0.417680150812738	-0.0186324791129238	0.0509960639816187	-0.602319180936201	0.0186247943103117	0.754318783067452	-0.245574762177939	-0.0137020399515206	-0.64786027055155	-0.162337853810104
XLOC_025828	0.0545354347947331	0.177180104410398	0.259912378750313	-0.255964330495273	-0.690534500693531	-0.205767297622122	-0.577049756518694	-0.181074029608815	-0.266560115803236	0.686539773187265	0.614313893453911	0.38446844614505
XLOC_025829	0.506235609365886	0.226855388238973	-0.0111166376395238	-0.0251620803043169	-0.795002496834672	0.431048326960976	-1.42777621342785	-0.173521239041003	-1.18272463414692	0.282786930547592	0.61169244372903	1.55668460255182
XLOC_025848	1.17874353293213	1.30141556052406	0.728042936102234	-0.0325371704497552	-0.889325687252948	-1.09352588166033	-0.421203462478962	-0.176850260712507	-0.798410180680504	1.11201388640798	0.0574401258059281	-0.965803398537336
XLOC_025850	0.446789060522482	0.598297523765288	0.604627283418628	-0.43559719179502	-0.334254712655092	-0.285804861793022	0.16219510128243	-0.159466019294538	-0.0662510049507272	-0.146217526314437	-0.315931940498757	-0.0683857116872275
XLOC_025857	0.665505113695698	0.212836663630624	0.222439517415732	-0.0344394247929998	0.130528632762321	-0.52058502988959	-0.293519697951869	0.647721796369812	0.0013246058442018	0.0940453218842778	-0.399655040540796	-0.726202458427412
XLOC_025860	0.233690961988254	-0.17049589574725	0.10419732705007	0.621348738486097	0.485283923221719	0.211021998602334	-0.486442625938091	-0.218862410398431	0.13239445339215	0.0880907272811271	-0.455635805173043	-0.544591392764938
XLOC_025874	-0.998157087970706	0.554860511996075	0.48489030390768	-0.548141108240304	-1.41362198974787	0.128602193889084	0.454391382181866	0.518429370291557	-0.193930389538366	0.32373973047972	0.722986459391047	-0.0340493766397865
XLOC_025879	-0.0662961588327482	-0.0817646295625565	-0.344949477584605	-0.483500119803233	-1.02669919506771	0.0676720503028543	-0.317758895536235	0.811981303339044	0.310253523355541	0.613728534483564	0.526781016152249	-0.0094479512461616
XLOC_025880	-0.679899350944964	0.345083624628983	-0.455231702133506	-1.06137499257503	0.129037287104414	-0.702582317027408	0.153004648105408	0.280846250164331	-0.123621842128429	0.615413663530652	0.786038691856454	0.713286039419096
XLOC_025886	-0.451608399489643	-0.380683940362508	-0.321598566882551	0.858680317976135	0.984658224411246	0.408495238389309	-0.455013424201339	-0.213226794121277	0.219275949142525	-0.0730560556045985	-0.349494412273066	-0.226428136984228
XLOC_025890	-0.319310184886469	0.66292927158541	0.737273864093218	-0.756015588931309	-0.322108028458957	0.00138972037272644	-0.11189292410802	0.311092051676156	-0.616265629787605	-0.0214290095604159	0.193198158544821	0.241138299460445
XLOC_025900	-0.541117317811609	-0.50300166464962	-0.358012007561553	0.81938187182557	0.518750787252039	0.444949011660333	-0.824780138515091	-0.690528209522881	-0.477848922169835	0.539396579668404	0.455925197453601	0.616884812370642
XLOC_025904	0.356800022404947	0.440362281939777	0.435577701327116	0.0841588261544235	-0.135449485911702	0.0443888370586523	-0.488759154185363	-0.605067988447409	-0.463061277971536	-0.252529607561156	0.353531573534006	0.230048271658248
XLOC_025934	-0.832158252454084	-0.442603337178965	-0.311949104618424	-0.009848841532202	0.149786109618035	0.0845063518731743	-0.254564165652867	-0.338524709384203	-0.366758608296363	0.391564790732146	0.834845986051168	1.09570378084258
XLOC_025935	-2.17834190338668	-2.17834190338668	-2.17834190338668	2.16517240252663	1.4751067986828	-0.383549989007028	1.18631924590108	-0.379656463595294	-0.660545172186226	1.90145469532943	-0.709853549177735	1.94057774168638
XLOC_025937	-0.707074017386313	-0.693882024456558	-0.576061143217279	0.0873924436145099	0.0761768211840188	0.237582476897545	-0.214990446002099	-0.305326952930631	-0.374158067133392	0.704908378594254	0.785707727302086	0.979724803533857
XLOC_025961	0.916576020016266	0.736326588200972	0.107093798613221	-0.796163276140144	0.150302435272407	-0.639910782228222	0.653963475250128	0.40612198162127	0.507096227967152	-1.87138447728003	-0.139676259505587	-0.0303457317874276
XLOC_025982	0.0391682911802267	-0.312923374594583	-0.263424335441231	0.677670352214665	0.438226538053257	0.351351298344861	-0.423752763721372	-0.377894027605114	0.0678211475189201	0.176842874352838	-0.104872728798961	-0.268213271503516
XLOC_025987	1.47248090807464	1.14444674293219	0.869924222037851	-1.84507108503419	-0.126227020969202	-0.454602583033682	0.79260279043218	0.371534845085511	0.729729860589893	-0.477205498468465	-1.42344403274562	-1.05416914890111
XLOC_026002	0.970856901842796	1.02538566923865	0.870902793259838	-0.501065154374435	-0.371203760532618	-0.819560410125893	-0.0441022288910338	-0.124263401763057	0.130048273893018	-0.8238539343888	-0.239789354509227	-0.0733553936492379
XLOC_026009	0.597133528543155	0.55584997273553	0.247248112410185	0.308573884311905	0.328401343931685	0.335675615105563	-0.283674503942669	-1.34186549527647	-0.458088867786606	-0.061360236302562	0.236065065642185	-0.463958419371902
XLOC_026022	-0.266661440155005	-0.460140003553229	-0.76956188895655	0.919163971356795	0.865964746493039	1.55213750628778	-0.605136803015775	-1.09530050447078	-1.93109741151818	1.10542634095966	0.181315990468374	0.503889496103873
XLOC_026026	0.182883176325406	0.38300808789053	0.423916593984709	-0.197704529550485	-0.423184779840603	-0.711961988354707	0.46053070392334	0.421251660088376	0.470064572933923	-0.0448776983403052	-0.363440638727296	-0.600485160332885
XLOC_026033	-1.80124346597853	0.0209686894213581	0.681155187325426	-0.416174493961994	-1.53863638322075	-0.10961914868331	-0.558158593374405	0.518750585923947	0.354426685643341	0.333626338880701	1.25065105287605	1.26425354514816
XLOC_026047	-1.15157694271603	-2.20431819288613	-0.0101488128605127	-1.74302997147724	-1.69080465496539	-1.08245156534246	2.28869601833974	0.728002407731279	1.67401464257437	0.731816911394829	1.59949591109269	0.860304249114862
XLOC_026048	-0.347545509356222	-1.55670327891173	-1.41797197942169	-2.0180041257018	-1.01154774386881	-0.180770299397816	2.12015699176014	1.71233435968517	1.41123955688834	0.113430132339895	0.148909584251481	1.02647231173306
XLOC_026049	0.290059247902672	1.49257313083114	1.48551128865814	-1.07450069831053	-1.46575196870605	-1.43452695469734	1.47447389187659	0.817917387938721	0.821179844855099	-0.471698156612243	-0.636141654585425	-1.29909535915078
XLOC_026052	-0.558581739369302	-0.074904269807238	-3.05974888614829	3.01014027114089	3.53364927641743	1.13304257792592	-0.561414833729774	1.62900819585282	-0.818803270356073	-1.48021149898979	-1.59126053193935	-1.16091529099724
XLOC_026053	-0.943512342956654	-1.13699090635488	-1.00050369981293	1.94934257078073	2.30993265123974	1.86157600164647	-0.946727790473234	0.309210145406888	-0.192056631711186	-0.464332929222196	-0.769441107558604	-0.976495960984139
XLOC_026055	-0.431898042152634	-0.36390311676357	-0.318085379637797	0.222619123300452	0.419743515946347	0.357468511186868	0.0556905265165319	-0.00187272145099371	-0.300337758272969	0.181745778996572	0.0675822762004081	0.111247286130782
XLOC_026063	2.20158287647532	1.59537396063999	1.20189341842127	0.791331180285102	-1.91237140290106	-1.91237140290106	1.65453482139357	0.66246685900953	1.45467389828052	-1.91237140290106	-1.91237140290106	-1.91237140290106
XLOC_026070	-0.56019449750343	-0.142796337077855	0.101625985776964	0.390939776306571	0.0399685294396903	0.804906567416382	-0.927079747128785	-0.519063828496236	-0.8329654813717	0.531530835411746	0.434038913252436	0.67908928397422
XLOC_026075	-0.23440931342927	-0.467427960928193	-0.654519808253326	0.314812989795092	0.112663034654307	-0.238093287985699	-0.304703275411855	0.0109389037064318	0.229276618472149	0.512730711359923	0.363890785227909	0.35484060279253
XLOC_026076	0.0212251152685106	-0.0461128054695932	-0.385828677030403	0.555255130317563	0.44855272508769	-0.069184569154447	-0.441830873841342	0.0678360491545753	-0.107217175931859	0.386985402038018	-0.0149687519645365	-0.414711568474175
XLOC_026077	-0.3248508716905	-0.30198608225886	-0.390178214843484	0.560940365169492	0.580609132706563	0.412341373803836	-0.152176350604137	-0.251952821744322	-0.106007328197355	0.12055213879685	-0.0491262321561141	-0.0981651089819673
XLOC_026118	-0.124928075397607	-0.0717475779516032	-0.399786985948734	0.517856084606548	-0.0210328170308616	-0.244291217876411	0.179301951515932	0.565128648882038	0.796027588963752	-0.346968556301453	-0.511412054274635	-0.338146989186968
XLOC_026119	-0.351668131444014	-1.14006820002948	0.245684854393784	-0.304299257657218	-0.695550528052741	0.289334993524205	0.82477379185845	1.1476022308648	0.92472014592045	-0.132042168328121	-1.34965541010935	0.541167679059228
XLOC_026177	0.155896944609516	-0.689791480308086	-0.875078692689189	0.634385439763484	0.967373446704917	0.404647419979399	-0.406838398095736	-0.024531660039429	-0.598099648147612	0.350150746858615	-0.289194057189921	0.37107993855405
XLOC_026194	-0.503417288828348	-0.780345716982909	-0.481285549753348	0.542025086512703	0.505911351962655	0.461283384754204	-0.617189597275103	-0.41493437673441	-0.242610826662815	0.442335472117851	0.399182163933367	0.689045896956155
XLOC_026195	0.302377901320584	-0.00892073130361837	-0.202216549203785	-0.349463333253214	-0.0162686578715761	-0.0866441121517294	-0.440365397686787	-0.568974165189374	-0.149513765805013	0.553620247148205	0.394570190366995	0.571798373629308
XLOC_026196	-1.58076673816903	-0.867449065242478	-0.936756812365137	0.110849421489362	1.37048110302634	0.846378675683798	-0.677185949360834	0.363076673702032	-0.972767259669186	1.38991025197537	0.456784219861151	0.497445479068605
XLOC_026197	-2.79467162277689	0.198365128243469	0.413178012778695	-0.964850113519753	-0.252214522704624	0.737071837926169	-0.0766266188484916	0.500579606169366	-0.200349301955808	0.625033720072691	1.47899590086297	0.3354879737522
XLOC_026202	-0.956355040653839	-0.956355040653839	-0.956355040653839	0.953359077363947	-0.956355040653839	0.838436873725813	0.394201931541293	-0.956355040653839	-0.956355040653839	3.28385737588797	1.22463002605785	-0.956355040653839
XLOC_026209	-0.269799547300981	0.198062918227915	-0.144038817877974	-0.594769532075822	-0.528007902600347	-0.352144823626355	-0.127683498031588	0.326609390168889	-0.576169453825062	0.690620480788239	0.308448465372654	1.06887232078043
XLOC_026235	1.05376983036623	0.458352477645378	1.15562595498212	-0.200855345291364	-2.92911742125074	0.261742706385658	-0.037963505165763	-0.510310358554071	0.623847428115487	-0.375285460537967	0.715318025671126	-0.215124332366103
XLOC_026255	-1.03974058041681	-1.05509080305017	-2.61603587149879	-0.125229640208421	0.779548432218511	-0.0142380118316616	0.137070263149755	0.637247089640677	0.0346154377899044	1.16409370088255	1.24668112475064	0.851078858573819
XLOC_026256	-0.466627206037351	-0.287565062005636	-0.481906345654844	0.413607002235466	0.199791651798593	-0.181966282848986	0.242431548687659	0.230412770418122	0.261307404869724	-0.148548493285876	0.0109798390567715	0.208083172766356
XLOC_026258	-0.490512120798242	0.299035241168932	0.347939262214311	-0.146131536016708	-0.0763148857355773	-0.929007003979386	1.34316287610599	0.90572461147746	1.50202264011062	-1.08573656424636	-0.882277141311272	-0.78790537898977
XLOC_026260	-0.298720631648643	-0.983525085859046	-1.15523275960549	-0.0929329957525491	0.0116391228709851	-0.0250864948574074	1.48492308514987	1.2829892807848	0.977604001186128	-0.491584523669688	-0.416569636943903	-0.293503361655064
XLOC_026288	-0.362325585978957	-0.0990811935153184	-0.926784634259854	1.02639045297134	0.737742780505273	0.828906949262253	-1.21860363013923	-1.24053464347769	-0.590942442203866	0.599502907124134	0.542476453183255	0.703252586528663
XLOC_026289	0.0763363254345899	0.0908631449007427	-0.0328420253623927	0.0127801923000233	0.0828259215190688	0.508763811097465	-0.475547172159688	-0.982603702148623	-0.97935740659397	0.174600731253035	0.441519362320371	1.08266081743938
XLOC_026305	-2.28269231238648	-0.460480156986591	-0.0893629527213271	-1.57096898019804	-0.373048530876213	0.265134726871166	0.411979911556108	0.647209338800578	0.542899272903924	0.762761327597728	1.44932436798252	0.697243987456623
XLOC_026307	-0.749213846025373	-0.263087334116332	-0.336210023876136	-0.957375291408398	-0.21237257319559	-0.547476602983041	0.628171051692764	0.310790634357557	0.392370513300609	0.484637180897248	0.679132433809477	0.570633857547214
XLOC_026321	1.43928744793538	1.22624193699567	1.40584666016708	-1.00026111956087	-0.383836580437072	-0.554423838682147	0.471198091606242	0.200900760058317	1.06525852535598	-1.46009948443826	-1.62520459464012	-0.784907804360204
XLOC_026332	-0.1871874361993	-0.228146474940818	-0.289584143262626	0.697497613084087	0.385941099145018	0.351751338885876	-0.0488442315064095	-0.368738934748951	0.0436019141748965	0.255730680638511	-0.15034368476277	-0.461677740507522
XLOC_026338	0.249687784986449	-0.0910252512901568	-0.124105714777035	0.299226052297326	0.985301747079222	0.579174866862383	-0.714781350233146	-0.744795529050235	-0.452265437508895	-0.000125314598945714	-0.191861815580919	0.20556996181395
XLOC_026363	0.525337743190671	0.272631221500683	0.244258817664165	0.766088178266553	-0.322183554927524	0.248727105145418	-0.0311939174457709	-0.179124015296953	0.178752594022777	-0.0268506128134005	-1.20950282602539	-0.466940733281229
XLOC_026367	0.317019545266145	0.291819730180054	0.111981466506658	-0.634222330012544	-0.113953612580592	-0.474691051090367	0.136104530067203	0.443089692931002	0.369199498675372	-0.356482141389625	-0.6321316406277	0.542266312074394
XLOC_026396	-0.481972006258562	0.169388897070208	0.0587166049546077	-0.766589429809855	-0.704496490030275	-0.439626693764678	0.213055928285435	0.354849828214677	0.149881108706394	0.382826648849464	0.545346594540552	0.518619009242039
XLOC_026405	-0.219226994883416	-0.222544165664065	-0.180990960497285	0.740137225937556	0.414010759683979	0.771858058563001	-0.325359654946189	-0.287520780942488	0.033820515464507	-0.0587603950780817	0.158973099170536	-0.824396706808064
XLOC_026427	-1.57713169153983	1.40771292480122	0.694799874313401	-1.57713169153983	-1.57713169153983	-1.57713169153983	-1.57713169153983	1.49961083129978	1.50252562649382	0.73828083525838	1.72102646192135	0.321701903611216
XLOC_026436	-0.312404827533941	-0.762963273017395	-0.59568377087025	0.590984536802697	0.575590009620457	0.262703577176726	-0.356619488096596	-0.483991285239975	-0.0181959038364763	0.518636558138121	0.109316874055738	0.472626992800901
XLOC_026443	0.179181597527496	-0.0412966073527175	0.072410113835903	-0.928885939538992	-0.187106331459867	0.0411305120216277	-0.462054183730906	-0.2147241328192	-0.198479178337712	0.297549558794115	0.57733303753727	0.864941553522977
XLOC_026449	1.84656062703319	0.74176706642591	0.816574041395004	0.48974959788262	-0.280090818647736	-1.03634682481209	0.120233585921024	-0.0990242623092303	0.630573172679889	-1.67939260907843	-0.943230786082532	-0.607372790407624
XLOC_026454	0.0347349347111328	0.00478188774875044	0.562973852183394	-0.407958297320931	-0.292753700835066	0.378679674299218	-0.76210677694704	0.310612096855496	-0.603028116298726	0.462566304019278	0.602354066687858	-0.290855925103369
XLOC_026465	0.276097594626367	-0.18319632540624	0.181968964463272	-1.41574566742426	-1.2253868795362	-1.13564099535391	1.27660790300774	1.72415476921325	1.26146046914235	-0.164481977014284	-0.583414429114363	-0.012423426603732
XLOC_026467	-0.0899902455215416	-0.243719947576668	-0.348984172763866	0.134770807677812	-0.987691081580939	-0.0128842962190419	1.90969855432541	1.19096345158397	1.10417149305425	-0.588777509347999	-0.214925337664713	-1.85263171596667
XLOC_026468	-0.625683943277364	0.352980409470987	0.86127775701702	-0.929116662530561	-1.57553049223761	-0.420349767617164	1.48492209313747	1.5058868011073	1.23013735845619	-1.29726778473233	-0.626340171628744	0.0390844028348107
XLOC_026490	-0.0193804709290806	0.266488026083136	0.580708021540442	-0.217789157156939	0.158452661647009	0.494801926786016	0.232570572412298	0.0685362166675674	-0.563236674056093	-0.422983513432235	-0.455230045834408	-0.12293756372771
XLOC_026512	0.644040857319897	-0.184492505462909	0.260328965821306	-0.878780462754976	-0.995219403135096	-0.722527968843053	0.640644408505606	-0.351733097767319	0.643243137009786	-0.0564280887258688	0.0341118912182967	0.966812266814331
XLOC_026515	-0.745221182300476	0.911969605330506	-0.341325394777241	0.142429585664437	0.208456502386698	0.239681516395408	1.10928681748352	0.244798688018482	1.44234541766259	-1.42839400633288	-0.731365461754707	-1.05266208777634
XLOC_026554	-0.510800072705379	-0.216539040026085	-0.296250527099699	-0.294864487452433	-0.249981266884016	-0.0980758276652844	0.529191494701077	0.207884346734545	0.292612707174894	0.484456930521479	0.566258222910379	-0.413892480209474
XLOC_026566	0.00341647550368585	1.21318939532568	1.04890346396279	-1.20095326087608	-0.673053033852478	-0.490968210018509	-0.391932886782513	0.00987143636015198	-0.438669904391263	-0.037386471210521	1.13918534001419	-0.181602344035126
XLOC_026610	0.985939273653456	1.03587325529636	0.873364494304752	-1.4891228440592	-1.07440944680625	-1.29491284295236	1.15102495868414	0.449981661343634	0.985140085885853	-1.19660019833429	-0.648900264668574	0.22262186765248
XLOC_026616	-0.826504208042312	0.221088435991945	0.198464930376457	-0.586103338968841	-0.484485656351012	0.498404993182315	-0.25306018600699	-0.025758163551826	-0.665266824929733	0.521213184089246	0.93098110480538	0.471025729405375
XLOC_026641	0.351552224174792	0.0818074517984524	-0.273557576738126	0.324994904188743	0.449588244990217	0.0717290749054449	0.337900275242194	0.208575026771199	0.550188675182	-0.427240456895036	-0.467926676724487	-1.2076111668954
XLOC_026663	0.964473994361811	0.291280511418872	0.337208920899322	1.77721206987858	0.916282095918591	1.12244792356519	-0.0575340164545297	-0.47160630586972	0.299447073333624	-4.46021152701929	-1.44777045564291	0.728769715610465
XLOC_026668	0.395142287262872	0.360580472380609	0.345177527220837	0.0927001969626069	0.125621488785077	-0.487049660138093	0.383322798921618	-0.341501591569089	0.0751060643193719	-0.448559213485275	-0.57852778068439	0.0779874100238596
XLOC_026679	0.441491050467221	0.986596442889357	1.12891141842365	-1.15095179847314	-0.578524587050164	-2.05986246727964	1.8500365844198	0.52609211556701	0.905004218693622	0.225142217056819	-0.318114408206292	-1.95582078650825
XLOC_026690	0.82793981543765	0.812502868126252	0.607553035617105	-0.870443413625098	-1.34991302296795	-1.55993779031397	0.901219426132031	0.915419044488416	0.779113458404288	-0.153245457381371	-0.419894577489816	-0.490313386427535
XLOC_026694	2.34350917468628	1.29901209720204	1.95979728318769	0.426356297354352	-0.942787784521196	-1.91177009967832	1.29353317166786	1.23586674864371	0.444956375605112	-1.39114948725976	-1.05076176282979	-3.70656201405797
XLOC_026702	0.234746871230996	-0.307601444735218	-0.168066321310678	0.468855914596748	0.404230737980342	0.182837919759894	-1.13600329353365	-1.42392191998179	0.354972361350558	0.848937799877079	-0.147305425042632	0.688316799808351
XLOC_026706	0.411885382874583	0.085845023095068	0.0373294870278738	0.0273409997064729	-0.0312033706642136	0.00119253510547956	-0.0244334959576804	-0.170512138738243	0.187582676283707	-0.0874672592920565	-0.0925338325318794	-0.345026006909121
XLOC_026717	-4.10098071237511	0.452275122738374	0.0875483722844583	-0.214744593579583	0.803914468426638	0.0918107516991018	-0.356728692991994	0.0969755819125471	-1.38057046496312	0.646058980442964	1.70087088335294	2.17357030305279
XLOC_026737	1.76801279939751	2.32411631949092	1.18330449649224	-0.696641945931768	-1.43840509458829	-1.60555261473828	1.5997506566079	0.980401968108377	1.92641420295147	-3.40034452911793	-1.93185617490898	-0.709200083763178
XLOC_026750	0.282726396349179	0.0709451166615764	-0.164381925086879	-0.439356573713424	-0.0927317931791967	0.165199852997903	0.171294448032278	-0.0209776019768277	0.446938068015747	0.0549580285224121	-0.296865421997405	-0.17774859462537
XLOC_026751	-0.264227054562225	-0.145455753034238	-0.256200483186015	0.654022134692056	0.731780492002541	0.586025735654159	-0.62718796640027	-0.540060308728844	-0.877701852312892	0.533312791951957	0.111104815759552	0.0945874481642157
XLOC_026752	-0.164303400747024	-0.281715120297185	-0.184725898308068	0.436873902386268	0.553775297653174	0.695185401041292	-0.513426416349953	-0.808599396519421	-0.628155869337204	0.0911470611225313	0.103921818649485	0.700022620706108
XLOC_026766	2.80594269506801	3.05960055173108	2.34052769500133	0.556110004517984	-0.511274506786197	-1.21711177724276	1.58075954900268	-0.0437692921351909	1.3229396308201	-3.78740430139533	-2.31891594718638	-3.78740430139533
XLOC_026770	-0.841983784878659	-0.0448014865238591	0.0144141783595817	-0.55833243816226	-0.515802892662942	-0.228954721476674	0.569352944359199	0.759621331408271	0.454210381279113	-0.0805782531757284	0.471969300250104	0.000885441223854144
XLOC_026771	-1.37957492702652	-0.252885050812983	-0.0401898121057833	-0.16484070039799	-0.325477754529466	0.740365773709103	-0.380394810499618	0.0120861621991768	-0.857205278334163	0.865464411332093	0.998528917443716	0.784123069022435
XLOC_026776	-0.287148019656672	0.332022149090964	0.560847243085279	-0.810911862445548	-0.102561131799892	-0.96564999796571	0.436236502431703	0.377320969389484	0.46711661301636	-0.243812651875366	0.0804387314332473	0.156101455296155
XLOC_026781	0.113870916384157	-0.365974266727194	-0.164394804820405	-0.684102566807736	0.531900285447065	0.633541097232147	-1.48242922577745	-0.520361724336103	-0.664965633259508	0.659582648324765	0.587451023223602	1.35588225111667
XLOC_026783	-0.800721916961114	0.0905455531682646	-0.335772067920362	-0.300351551433736	0.207230910803782	0.465162556980881	-0.314015916713536	-0.0929647183707996	-1.00216147023158	0.71227338009864	0.798531928481848	0.572243312097712
XLOC_026784	-0.909470316667229	-1.31152157228643	-0.834895511384033	0.179998780885532	-0.118529415241854	0.129374966122432	0.681266370035496	-0.642678098817298	0.162727354750075	0.583304469881146	0.990563538270003	1.08985943445216
XLOC_026789	0.701230744714461	0.337166720201846	0.0215932525069995	0.941631613787932	0.333934362953772	-0.111681130468789	-0.503000198872252	-0.77014171711667	-0.242614374813789	-0.150452649999121	-0.527379157970755	-0.0302874649236307
XLOC_026837	0.01945341086551	-0.39535025375365	-0.920145403012765	0.632600760200783	0.616183917441267	0.964802338919575	-1.20435406948402	-0.56785959164083	-0.188947488514217	0.824753810655685	0.491536133775516	-0.272673565452862
XLOC_026846	-1.61714690167634	-0.610568684914288	0.775184369508978	-0.905423569487902	-0.166051012937547	0.257228971406455	0.655246190116809	0.570443033545781	0.641344551897581	-0.666285380925845	1.0654228368486	0.00060559661772519
XLOC_026854	-0.206833432918559	0.234442366096534	-1.14643224679683	-0.205372575233049	-0.136885158847765	0.165474891730146	0.0807021127534124	-0.232464169949522	0.279983750558166	0.489547224886702	0.205296742416895	0.472540495303875
XLOC_026864	-0.239217796701391	-0.170686254823421	-0.0600633090817446	0.0252251231953124	0.225311038037843	0.141756777989674	-0.00944638867665581	-0.0475706233323177	0.0583411471160336	0.0551931470622833	-0.0553759128173681	0.0765330520317455
XLOC_026913	0.0210011873026748	-0.208987836409804	-0.0777470539044494	0.230914764899531	0.115728587023128	0.227657981500654	0.283897842509097	0.35484952254264	0.213465481515556	-0.465692229550465	-0.43647673879685	-0.258611508631716
XLOC_026929	-0.76822685203791	0.706963543698196	0.196314831623318	-1.28113246986264	-0.866419072609692	-0.284278951394604	0.551376400251109	0.513116263622849	0.205862597000721	0.148713123746865	0.0827712479991751	0.794939337962616
XLOC_026933	-1.15602777551467	-1.06066023658835	-0.389636786965077	0.266389756461263	0.795129502852172	0.466753940787691	-0.192595892091664	-0.0259065040281445	-0.503572139486407	0.71789035257488	0.276565739961564	0.805670042036739
XLOC_026938	-1.73200278490649	-1.09446502584469	-0.0747130864189618	1.64772528962252	1.28333392851506	0.520341128100289	1.63997104871051	1.3562874968397	1.17178355668674	-0.809466653611321	-1.26248991673525	-2.64630498095812
XLOC_026941	-2.53415897131099	-0.446043551251186	-0.267201819074355	0.579717754192287	0.0695711292870236	-0.0805849546903161	1.84624351658601	1.33977243878876	1.50294192812967	-0.773476342430985	-0.520368334075185	-0.716412794150743
XLOC_026971	0.703765812015504	-0.021699562942783	0.119057509110235	0.84294618118626	-0.811142814430462	0.351306283194846	-1.09993036721218	-0.0838450192736317	-0.652633712924384	0.0511798787424729	1.19318935990615	-0.592193547372026
XLOC_026980	-2.03542512262284	-2.03542512262284	-2.03542512262284	1.17746535634459	0.728349106913933	0.534867401529725	0.462908929795676	-0.236739682831459	-0.51762839142239	1.41660354490665	1.8847297798999	0.655719322731906
XLOC_026983	1.63866125692311	1.19691254384226	1.12699781059881	-1.23284451123318	-1.23087262259668	-1.14636938068064	0.858240311611187	0.52755260312547	1.03282718254859	-0.904198172838646	-0.945476532650307	-0.921430488649963
XLOC_026984	0.795264962288828	0.893924963542318	0.637199899775341	-1.03647732554977	-0.992080474943998	-1.19517601617255	0.688594264451913	0.417109107805469	0.673692513669405	-0.417451024104155	-0.247197437813758	-0.217403432949039
XLOC_026988	-0.710319042306412	0.255442406601964	-0.450297378213214	0.838536625452365	0.864005611475698	0.332996557427875	0.140017107601659	-0.372526917136874	0.162631507405345	-0.396400191711964	-0.231714851913521	-0.432371434682925
XLOC_026994	1.07559144522947	0.658648193758014	0.746418377039388	-0.173684844030108	-0.0904604506277202	-0.458266014639531	-0.660304638656088	-0.803759617405552	-0.440890683056772	0.0037982368011189	-0.0798587035851064	0.222768699172898
XLOC_026997	1.24728144899119	0.587595379274512	0.639848923555077	-0.0834508929920537	-0.343804776889615	-0.0446924755838367	-0.730683023306817	-0.859505481061945	-0.376871753635948	0.534878225597837	-0.0315501805282041	-0.53904539342019
XLOC_027036	1.27256503097092	1.49982727820014	1.48436008119152	-0.515148560527915	-0.0204015078898276	-0.202118197623069	-0.146825066806383	0.257802701652461	-0.215893597917773	-1.88852907539642	-0.866785150628556	-0.658853935225095
XLOC_027038	1.93520364461624	1.09308316105645	-1.06338170621438	-1.06338170621438	2.21274808839475	-1.06338170621438	-1.06338170621438	-1.06338170621438	-1.06338170621438	-1.06338170621438	-1.06338170621438	3.2660187556476
XLOC_027040	-0.266729435683553	-0.546666005220142	-0.0726248594804071	0.791947355097572	1.67942395714357	0.379579722089488	-1.1257932880159	-0.672089013111364	-0.443859854643626	-0.123005614580947	0.447583022672669	-0.0477659862673576
XLOC_027047	-0.239909425694467	-0.0973292690703156	-0.228058302425315	0.506113043392997	0.196997833336882	0.666315692058459	-0.453735986593562	-0.380805782856179	0.0319955744872065	0.239680176704962	0.185050805287412	-0.42631435862808
XLOC_027053	-0.897335379565844	-0.17334859498229	-1.17272513420794	0.568628086588554	-0.016731662605312	0.484477780806642	-0.289530692437066	0.126327877025259	-0.148195852502505	0.175515489985827	0.866235640371236	0.476682441523435
XLOC_027064	0.741291238437165	0.110717859523882	0.395121990111913	-0.188509360632181	-0.0718562262061671	-1.15028998066753	0.219142090703698	0.551459146852147	0.265392868797469	0.21032471184297	-0.562032611037374	-0.520761727725989
XLOC_027067	0.199236975749471	0.0512792760360004	-0.0035203945442559	-0.0391404442106751	-0.216710954332505	-0.472047838130094	1.21930076254554	1.01558818833101	0.873878142279381	-1.05309538804928	-0.870301125022993	-0.704467200651603
XLOC_027073	-0.60608334837054	-0.740592342378825	-1.42137636792319	0.243566053128491	0.951916783774148	1.46549521008776	-0.374576005020259	-0.121542881856024	0.328270969668625	-0.548200249315296	-0.107708270569046	0.930830448774163
XLOC_027092	-0.940491406633388	0.479245011703568	-0.138388939852844	2.33259288758115	1.20593243375249	1.53041254694444	0.326503612837918	-2.80328103243818	-0.610261245692135	-0.217405471339709	-0.681811569706816	-0.483046827156501
XLOC_027093	-0.186087803305044	-0.0551226696589424	-0.122318384960305	0.760167109522352	0.278532741317327	0.823269867228095	-1.31033928600559	-1.02187978723938	-0.411285739488795	0.18843625962529	0.458005396449166	0.598622296515821
XLOC_027119	1.09081515502299	0.603719542910432	0.749796103725637	-0.164041987607334	0.447210970137131	-0.0253059505497841	-1.27941407671326	-0.315331026732978	-1.0895861529562	0.119927428305415	-0.114569952813365	-0.0232200527286928
XLOC_027121	-2.58982630209665	-0.0854193376156323	-0.507344423265473	0.490213400192273	0.382722131206285	0.762057407617256	-1.18882730923683	-0.0366962152186101	-1.09928822233822	0.733893476737092	1.72074766231218	1.41776773170634
XLOC_027123	-0.747492839727144	-0.40336430541283	-0.472672052535489	0.721336699227105	-1.35149309963322	0.700630470524781	0.177613010527476	0.42768271221026	-0.748222027988426	0.520769622468221	0.468199818377604	0.707011991961663
XLOC_027125	0.789109652215939	0.27864285881089	0.0160256829385421	-1.00997186568341	-0.0635061542708533	-1.16167871449099	1.13176118418336	0.123285339823499	0.428484999061172	-0.0533311442256732	-0.665526106210118	0.186704267847635
XLOC_027130	2.00550167478566	1.32887122553054	0.615958175042721	-1.65597339081051	0.305966043719126	0.914319133342055	-1.65597339081051	-1.65597339081051	-1.65597339081051	2.5842390257313	0.525011675901173	-1.65597339081051
XLOC_027138	1.55098402490092	1.7184385802029	1.6692252781042	0.0463838122345637	-0.444137757366649	0.405176487782189	0.552021672467131	0.944191869419239	1.03750222779392	-3.06428031109595	-2.46283263154276	-1.9526732528997
XLOC_027139	0.136594295904139	-0.925675941519942	0.298516328951	0.787345592329326	0.824576993614991	0.42031452851566	-1.07887406423329	-0.486706693305104	-0.692337084272016	0.148524656824852	0.390401427439113	0.177319959751275
XLOC_027140	0.638033995487335	-1.09780304590941	-1.09780304590941	-1.09780304590941	-1.09780304590941	-1.09780304590941	0.252753926285723	1.47703521600118	-1.09780304590941	1.2176094808888	2.20035510755177	0.801030549241641
XLOC_027145	-0.0581796289909646	-0.449796178961587	0.743922837789579	-1.80994057656935	-0.443524899978008	0.818069612433014	0.785063088377253	0.661091802639166	-1.47870907879492	0.179634023051016	-0.183114721134136	1.23548372013894
XLOC_027197	0.515051507583527	0.287257543161191	0.268571510090242	0.48021874577768	0.093922666751646	0.209223911071282	-1.33067735996718	-0.539597796525048	-0.796173476967341	0.305263868304465	0.302930910437353	0.204007970282182
XLOC_027212	0.156225968779061	-0.650396169789454	0.368154376063406	-0.356679649045671	0.950267936534958	0.549431074529527	0.772393400469997	0.354103278698052	0.155442849212981	-0.315632954069129	-1.4020358014978	-0.581274309885922
XLOC_027221	1.89071291269558	1.88317004736142	1.44409863268733	-1.02468259816215	-1.28118028724575	-1.81513953559456	1.26104628083433	0.991104623901551	1.63353166240568	-1.56937122933975	-1.66393509712119	-1.74935541242249
XLOC_027238	-0.576630535953983	-0.466315802342465	-0.34183633507503	0.237154823062413	0.112480257837834	0.151882004701047	-0.158778592430931	-0.135805125233594	-0.40331746615395	0.556836158388721	0.459518162535987	0.564812450663954
XLOC_027240	-1.47546109125351	-0.0139303015415244	-0.52106703960749	-0.385991993700745	-0.55140759682644	-0.083083567664417	0.523380841140661	0.548347668768924	-0.0168816611388998	0.46865172642486	0.677272272289891	0.830170743108691
XLOC_027241	0.69562366672782	0.186054183038563	0.453179397043288	0.0212705339953656	-0.199483967739262	0.0404469115522179	-0.247401718315456	-0.375806817139755	0.183909199198465	-0.336658320289376	-0.310231722173575	-0.1109013458983
XLOC_027256	0.456253954847071	0.144136935413602	-0.0650831184424003	0.423402616829662	-0.38691582586512	-0.340641725345925	0.774362022078169	0.812990987235001	1.13061327984738	-0.842060860046857	-1.31865435475442	-0.788403911796175
XLOC_027258	-1.03295057796413	0.0529764662929679	0.181814368336855	-0.197312275795644	-0.983026009400643	-0.523739390979038	1.73493874595511	1.72891949870467	1.17401323081286	-0.667154267975361	-0.460572195868458	-1.00790759211919
XLOC_027263	-1.47240687537337	-0.790383579646698	-0.507583243305499	0.129338992601927	0.319697780489985	-0.0242835651214444	0.527982485581784	0.889353761614566	0.486577367253168	-0.455620363926373	0.915229283516517	-0.0179020436845629
XLOC_027264	1.59524602352337	0.663419686122964	1.06856342086308	-1.33632121364059	-1.81579082298344	-1.48575147552641	0.70678365097415	0.563183228175462	0.620073467823886	-0.050931200776529	-0.783161241703442	0.254686477147505
XLOC_027284	0.208558591375521	0.101717899509294	-0.398463664362796	-0.315205251413355	-0.584735175296112	0.348598965850281	-0.25457909870154	-0.568445715442516	0.254252724278833	0.844938259167217	0.505001967512626	-0.141639502477457
XLOC_027312	-0.487370521315387	-0.222011934097431	0.0622393698225485	-0.823052350890558	-0.0652113268618386	-0.186293042616454	0.554871144876437	0.617636268601089	0.699068559179144	-0.0229336374842202	-0.227856581161442	0.100914051948111
XLOC_027313	0.00599405741097581	0.899468341450836	-0.186423007538269	2.79740688468361	-1.72984298398577	0.0649489303938831	-1.72984298398577	-1.72984298398577	-1.72984298398577	0.585569542812445	1.28259808739062	1.46980909933898
XLOC_027321	-0.867574242336283	-0.22006697768805	0.0920004255449385	-0.297437938426346	-0.562215990769793	0.146362030323591	-0.563344215422743	0.151749038394669	-0.581054887642353	0.697465856197089	1.15310356305951	0.851013338765778
XLOC_027331	-1.30075225614232	0.147673640466573	0.242667720305181	-1.30075225614232	3.29420106407014	1.26954026801025	-1.30075225614232	-1.30075225614232	-1.30075225614232	0.278785131016183	-1.30075225614232	2.57164571298559
XLOC_027340	0.438588821552305	-0.440025332480588	-0.0494393049566053	1.17805315795282	1.09823527338596	0.949571120017703	-0.459067860011174	-1.18470486887707	-0.086966667303356	-0.248527329676923	-0.892029140898269	-0.303687868704803
XLOC_027348	-1.38192628797593	-1.38192628797593	-1.38192628797593	2.5043098308196	0.580013146553707	1.18836623617664	-1.38192628797593	2.99882020925037	-1.38192628797593	0.933486238822281	0.0865620662330113	-1.38192628797593
XLOC_027351	-0.0443640514960943	-0.111492900931751	-0.225417690346193	-0.148129745214832	0.662405093918342	0.355752849725905	-0.673115060630177	-0.839487399101516	-0.984091308024921	0.555711775464854	0.415471860285136	1.03675657635125
XLOC_027375	-0.789196634867727	-0.935123025270747	-1.52827566547608	0.746567378769056	1.2382617249597	1.01040085621611	-0.290919232957933	-0.34920470456002	-0.405997103777438	1.31094670716862	0.372310040161181	-0.379770340364715
XLOC_027406	0.704409875721836	0.218298139830308	0.25472407854703	0.840362026427199	0.357289849367451	0.358394757545721	-0.38741306126436	-0.570149416875799	-0.246859022222364	-0.0166835253188422	-0.308643474738586	-1.2037302270196
XLOC_027409	0.3851090364843	0.302655481700183	0.354983952455193	0.149125909146589	0.178455355686764	0.162264148917266	-0.505375710535865	-0.318422403070875	-0.752102220104827	-0.203226759963489	0.0723045125153705	0.174228696769394
XLOC_027427	-0.376471557435925	0.516967108967474	0.527549464151274	-1.10839731163838	-0.704479503864858	-0.386020590262548	0.425372138782404	0.431543317116635	0.163464635599118	-0.154870264557571	0.539450093256104	0.125892469886278
XLOC_027438	-0.31821919847095	-0.608022850350137	-0.118340859687915	-0.114272856486059	-0.0442087345405646	-0.308788018765027	-0.581596892486497	-0.266296883906556	-0.157161069562866	0.481909973764483	0.785279193130558	1.24971819736153
XLOC_027502	0.905208170227181	-2.2496818048794	0.490421383171281	0.992093809000724	1.33990007231515	1.11779009820649	-1.19977364906977	0.0455273077718497	-1.45716208569607	-0.00518569660511536	-0.399949548027109	0.420811943584773
XLOC_027515	-0.0979300248791404	-0.835436673162357	-0.761395012732083	0.67657483363755	0.785235406150958	1.10075617022366	-0.110729624050762	-0.0379982074182355	-0.284063274951979	0.439894694548943	-0.0407597362101857	-0.834148551156364
XLOC_027584	-0.911260786286036	1.24520408098479	-0.911260786286036	-0.911260786286036	-0.911260786286036	-0.911260786286036	-0.911260786286036	-0.911260786286036	-0.911260786286036	1.88911736417107	3.16819203626741	0.987572808865014
XLOC_027597	-0.861677840757839	0.185914803276418	0.226025412144551	-0.901187604228594	-0.684359099762945	-0.125737202968315	0.596230502798709	0.645433895087282	0.381893557337922	0.0973826460039691	0.147241989568645	0.292838941500196
XLOC_027601	0.0778256387542502	-0.215039773802594	-0.496100776205959	0.823062277490449	1.11298343928294	0.567929911945657	-1.39042863667275	-0.309501266089519	0.218026076213361	0.404813233746675	-0.18425943216025	-0.609310692502269
XLOC_027625	-0.0675299671678253	0.484412902806405	0.467485442957521	-0.299548596269755	-0.312881549901842	0.0795765195411597	-0.0218645383811893	0.121960978042834	0.0164310173770925	-0.322263232417468	-0.125248451731833	-0.0205305248550971
XLOC_027627	-1.19263511932371	-1.37479059826263	-0.631701632445577	-1.09144240497901	0.150999576225151	-0.421714630410654	0.422549150143997	0.753399595938236	0.121227035058023	0.858299023817833	1.094480141286	1.31132986295234
XLOC_027629	0.290708120074093	-0.268639094702587	-0.0325165953310407	0.486446342812979	0.46428687706088	0.457088146654819	-0.165183469781423	-1.61235344608513	-0.734932316306274	0.713076464184176	0.400316821399066	0.00170215002043594
XLOC_027653	-0.426432663025808	0.0885572184629888	-0.337360630596068	-0.395719678875788	-0.4846098077556	-0.0506636530448841	0.207236686200157	0.152684323058973	0.666587265558412	0.0709424510705352	0.0857636125356036	0.423014876411482
XLOC_027654	-0.135323909182339	0.580216809033945	0.687381921600376	-1.34660461256423	-1.27984298308875	-0.0537921592931019	0.786423647003098	0.439257845549288	0.486183809437406	0.00436766615056072	0.0181874763081948	-0.186455510954454
XLOC_027655	0.988592568169485	0.954876758686286	0.546847806793313	-0.86214464446695	-0.905024059370751	-0.590239511344159	0.61839850033831	0.469735208325165	0.550781328669744	-0.610211080795695	-0.519076342554389	-0.642536532450366
XLOC_027656	2.99529791442277	2.85463707509982	2.02843800543323	-4.98608278310101	-2.22230855356423	-0.793291319026799	2.39642299600761	1.29653602821513	1.62720805163303	-0.13596651544496	-1.97364171172463	-3.08724918794996
XLOC_027658	1.45083028801534	1.15209133463657	0.891171172090475	-0.371007845315637	0.500983739055098	-0.0644525000369525	-0.512991944728048	-0.513608954851027	0.288877699152256	-0.805215296581673	-0.959085810649986	-1.05759188078642
XLOC_027659	0.0610315444203415	0.807438621401653	0.789628955941197	0.131475969896699	0.0264714223418849	-0.043405511744357	0.105646459762688	0.120029807888127	0.100692041882342	-0.569678572371633	-0.700565479043435	-0.828765260375508
XLOC_027687	0.0650216335929308	-1.56727435744411	0.541784226197993	1.15508728685545	0.918454006990432	1.17101070876497	0.381986484241844	-1.29057216005171	-0.733055717937859	-0.0776482022933518	0.0384509488704108	-0.603244857787007
XLOC_027690	0.854135006721472	1.29980297584014	0.573252510430899	-1.05330253594917	-1.82314295247952	-1.20692509367254	0.381565195229885	0.759545835319777	1.11432151855673	-0.302891696946165	-0.22097129763927	-0.375389465412245
XLOC_027692	0.567915213025987	1.03164176190238	1.19828876541303	-0.787739374485407	-1.28399305294015	-0.154765839554421	0.327677100605604	0.693985360690844	0.249321026181394	-1.02883010549655	-0.123535724819859	-0.689965130522845
XLOC_027700	0.025701930359503	-0.0352598449699721	0.0873916679178821	-0.664951792925598	-0.383828918712459	0.223065270452417	-0.038557592813067	0.255755570102782	-0.235576230851668	0.437439000456429	0.0188666179213586	0.309954323062394
XLOC_027724	-0.235886299493766	0.320217220599639	-0.179964343272451	1.20319753774666	0.674802381592061	0.385807227733104	-0.630683389437062	-0.349946394352171	-0.373904929509074	0.610104277658921	-0.532547999866541	-0.891195289399319
XLOC_027727	-1.47572270630222	-0.347122078341831	-0.315850209638198	0.318261252241155	0.105687058507737	0.516019397996318	0.410560934492024	-0.0295341318694895	0.0846802776690394	0.0559552151518137	-0.144355732293451	0.821420722387095
XLOC_027730	-0.859066734369818	0.589359162239074	0.684353242077681	-0.859066734369818	-0.859066734369818	-0.859066734369818	-0.859066734369818	2.2176757884698	-0.859066734369818	3.38114568217199	-0.859066734369818	-0.859066734369818
XLOC_027736	-0.922567265715996	-0.611422199599711	-0.392276445848959	0.288265521938103	0.270252687643998	0.69065634446821	-0.301016998452538	-0.402969310931545	0.100957010294702	0.40833267711245	0.308264421864251	0.563523557227037
XLOC_027740	0.672064157684752	0.496607852048894	0.418290006969427	-0.856365263374284	0.0980171249616744	0.449463135510919	0.061919566459637	0.0668348734967221	0.649079896521856	-0.246658890579469	-0.370524984584201	-1.43872747511593
XLOC_027754	0.389258214073051	0.204657521403391	0.285269733475197	0.427808104344135	0.581790848373481	0.64845370029848	-0.899802327416232	-0.840693856998982	-0.313166514696102	0.0460740743427106	-0.489266816686309	-0.0403826805128213
XLOC_027761	0.37195410025793	-0.283252667611372	0.113855968215625	-0.355405656609618	-0.430646403457079	-0.559126639641116	0.296298252857985	0.175549988066601	0.745525219662365	0.190932281947498	-0.490243850924941	0.224559407236123
XLOC_027762	-0.408050640696603	-0.258896453174635	-0.370972146470334	0.0430671332515491	-0.506242861268385	0.241861238530815	0.676969543400115	0.767952188793728	0.784802903999492	-0.879909563544794	-0.392774936291982	0.302193593471037
XLOC_027763	0.354792512777482	-0.053120362438321	-0.124164571261399	-0.0756011094108189	0.0157414719675906	-0.291130453507874	0.364713379248492	0.0205093683672697	0.166161772297507	-0.111296229589737	-0.213842708450219	-0.0527630699999726
XLOC_027772	-2.08205515097253	-0.757261199624267	0.215704299127392	-1.19440438300762	-0.669829573513889	-0.264742702108364	0.232339885732427	-0.138211739101465	-1.08893527526572	1.8999621048107	1.58806102881722	2.25937270510612
XLOC_027776	2.00691731232057	2.5520227047427	2.04337000170478	0.41447446338021	-2.28922811980595	-2.28922811980595	1.07543302948181	0.787514403033668	2.56640868436601	-2.28922811980595	-2.28922811980595	-2.28922811980595
XLOC_027808	0.0498102516021728	-0.260123232947855	-0.13966879006481	0.317222874462635	0.400227475653868	0.265555510569138	-0.1498211841927	-0.170964955631192	0.0352755571937671	-0.0224199376711525	-0.122600706979954	-0.202492861993917
XLOC_027814	0.054834554654859	0.475462380528942	-1.68100248674189	0.228711631275901	1.97244621532759	0.113789427637766	2.72167502382288	0.1176829530495	1.0394077606701	-1.68100248674189	-1.68100248674189	-1.68100248674189
XLOC_027815	-0.700040206195135	-0.16845227370512	-1.24725045046898	0.841908105137825	0.233438048421145	0.454382527903474	0.327880367746137	-1.78667700988072	-0.754930442460846	0.1542561234511	1.44033632393674	1.20514888611438
XLOC_027880	0.492020433598972	0.820958107779753	1.93131357151392	-0.0334369073979377	-3.6219338457774	0.570857618296812	-0.49256230439946	-0.173550384087689	-0.254888544595826	1.32438300183419	1.15993950386101	-1.72310025062635
XLOC_027887	0.23690243384047	-0.305494147641218	-0.414708435602936	0.836084306989045	0.680847851447496	0.458159028854299	-0.379140660230918	-0.514184009484074	-0.159235224661174	0.0721696565287573	-0.235490236606395	-0.275910563433344
XLOC_027890	0.379055576437726	0.0667722151666785	0.105492583149226	0.718533774391278	0.975786083013483	1.54337509587909	-1.02209769900029	-1.14062046160521	-0.0428822600314973	-0.34879150675311	0.663236077292792	-1.89785947794017
XLOC_027891	-0.945075823897208	-0.164177480791341	-0.463334388013632	0.602494194182335	0.018587385726204	0.977575007527951	-0.510430793392633	-0.280606834851052	-0.219079101957486	0.204225242241567	0.265626790999542	0.514195802225747
XLOC_027895	-0.219079625070489	-0.250662437861871	0.350716812490772	1.07102496057558	1.14118497746426	0.677457473024488	-0.73131450647542	-1.23839679519588	-1.93544865065957	0.959585682635452	0.0468269686446963	0.128105140427991
XLOC_027902	-0.0688996992123592	0.309610018668225	0.271645915045005	0.875123242281765	0.806118818753906	1.04763036226062	-1.49961441198327	-1.80975772121762	-0.897831079388514	0.604997601562543	0.340842117588907	0.0201348356407998
XLOC_027903	-0.150641547234311	-0.399444773517966	0.125038090055853	1.10732046680333	0.910462859514863	0.822450677729646	-1.74762425015104	-0.57595400247882	-1.6262640493873	0.578092700480028	0.206100195905532	0.750463632280193
XLOC_027904	-0.133699384179044	0.292988075663493	-0.894249373363083	0.260595233452123	1.23978598100113	0.375152457519646	-0.788502759435809	-1.09715190174695	-1.05171294621786	0.923442240031267	0.128476482478247	0.744875894796838
XLOC_027906	-0.437166696715892	0.22507105193148	0.117441517597613	0.823053262917786	0.666942067712243	0.977651807081844	-1.60781296823429	-0.152076426003963	-1.58430502604365	0.0900044220624467	0.38292628591145	0.498270701782933
XLOC_027907	-0.278027168934386	-0.0710163426679609	-0.171107436145647	0.118771722898327	0.440322111797039	0.764370986095264	-1.00910268469134	-0.261901250404654	-0.911189110154766	0.428754390763525	0.804524032241678	0.145600749202926
XLOC_027908	-0.00565426609560316	-0.509564200663855	0.0245614969806685	0.272403168605246	0.265168527700193	0.448874390337783	-0.979928496845213	-0.420093099045817	-0.997639169064823	0.888116342076549	0.7189404869518	0.294814819063074
XLOC_027909	0.0765168340799915	-0.535984091977538	0.305689515857564	0.482582246802385	0.747605717220649	0.710778707475408	-1.20159106867919	-0.79482744802886	-1.14359096177245	0.58668066581849	0.434856689582764	0.33128319362079
XLOC_027910	-1.00768593952497	0.489685456154294	0.242523326749317	0.0142085463718535	-0.64530277474958	-0.276474190903174	-0.240231880571209	-0.0758243534613818	-1.07551695229319	0.853158468658417	0.951900009970015	0.769560283599616
XLOC_027919	1.46789944550366	1.43323271937699	1.27364994950445	-1.98571730658858	-0.597908008549152	-0.24856160001237	0.445654002356145	0.205636850296714	0.199230871202007	-0.845341022374782	-1.29309530364109	-0.0546805970739932
XLOC_027933	-0.575430782098333	-0.740998222941462	-1.0275386044739	0.0551109153949367	-0.00495206203726895	-0.166112962014074	-0.188751021924243	0.132326416491981	-0.302572501741764	0.699879067120351	1.35880368399597	0.760236074227802
XLOC_027962	0.625050272197652	1.17470105418772	1.1229266487774	-0.855887184130157	-1.5684715616039	-0.823057057435004	0.102521689163294	0.482749836860917	0.305583218729315	-0.105357784761615	0.136001591925055	-0.59676072391067
XLOC_027986	-1.12880872320144	-1.12880872320144	1.1431228426518	0.780905394816348	-1.12880872320144	-1.12880872320144	2.43809750109319	1.94793379963818	1.59160152421055	-1.12880872320144	-1.12880872320144	-1.12880872320144
XLOC_028008	-0.300118806400693	-0.364853026087232	-0.183823782742484	0.116470951474074	-0.119585496657574	0.0654369124804912	0.0692644286007038	0.171070608577962	-0.274452819882876	-0.101451125048948	0.292141658394589	0.629900497291981
XLOC_028019	1.26297122888504	0.0696365811766038	0.301710342821386	0.625682240424635	0.356152316541878	0.255293099833174	-1.11494923296694	-0.693250236111989	-1.0752706279311	0.264461390350033	0.100017892376851	-0.352454995399587
XLOC_028031	-0.448976208485683	-0.297839141959995	0.290742985789809	0.316896471020651	0.772664759529644	0.818213793714978	-0.826460619847261	-0.968002756911805	-1.16666318639688	0.0781949102926554	0.743319264428701	0.687909728825188
XLOC_028044	-0.551327714594465	-0.108897876979404	0.291715834435115	-0.494202701428041	-0.559894406285094	0.00967989351269694	-0.360392008022932	0.60812186691569	-0.563512523075169	0.0271730118132147	0.928963642250372	0.77257298145802
XLOC_028056	0.191746844803545	-0.269176027723797	-0.243156485469193	0.465121040731658	0.368273062473493	0.0669610704325176	-0.255158261811914	-0.410027451743622	-0.871205222546338	0.416825539438125	0.572580398047453	-0.0327845066319261
XLOC_028062	0.243043114148259	0.565478004148852	0.103304774809509	0.476331270829896	0.677735016236229	0.688721428469427	-1.86193870514869	-1.28353023472759	-0.753687928236747	0.155498637675199	1.01991691750089	-0.0308722957052359
XLOC_028070	0.805047497492631	-0.930789543904113	-0.930789543904113	-0.930789543904113	1.03114989062553	3.88510825579067	-0.930789543904113	-0.930789543904113	-0.930789543904113	-0.930789543904113	1.72501070732407	-0.930789543904113
XLOC_028076	-0.616740789987374	-0.133865174739118	-0.00457323538268284	0.35600351546485	0.0325288750868671	0.708168411237253	-0.741564728009666	-0.116733141827765	-0.874052992411665	0.180218696788476	0.427637144614558	0.78297341916627
XLOC_028082	0.524622117369548	0.289839569817916	0.0153824608482243	-0.585394408959917	-0.474330412552073	-0.304459720063118	-0.0389783770591325	-0.0052446549774281	0.119513584847248	0.196032012067837	0.307212416889513	-0.0441945882286223
XLOC_028088	0.97296891196188	0.697835009828854	0.732080644229901	-0.465303843928869	-0.274945056040812	0.0715076016184382	-1.26080373079142	-0.380526967689989	-0.675165600994107	0.0490663887800862	0.171550680104477	0.361735962921556
XLOC_028090	-0.546667299066677	0.282338159780926	0.606359165400685	0.400085937619471	0.469159984828088	0.50177620771162	0.0637841079942545	0.914225174271995	0.623399065681774	-2.20417744479673	-0.781659987585835	-0.328623071839569
XLOC_028138	0.291262761630943	0.0809757456264162	-0.110219666537141	-0.282772509914274	-0.259473509183511	-0.0989374545025452	0.0602059996895292	-0.0693359549395911	-0.0217909699749743	0.236314089637917	0.104875179357919	0.0688962891093094
XLOC_028141	-1.61630745771374	0.0987529374565677	0.431559297393019	-1.26051177309895	-0.786928765457739	-0.627538238167959	2.13018120637199	2.23792230211006	1.57463418966498	-0.933410447489756	-0.377737925924445	-0.870615325144047
XLOC_028173	0.0458075499957502	-0.33125976471377	-0.360226108670415	0.389288084362664	0.371037879245459	0.436623190954575	-0.0529969800083085	-0.0184147654112481	-0.056022727433553	0.257374782840892	-0.143520069787579	-0.537691071374467
XLOC_028185	0.0251055652406693	-0.696292926892535	-0.601545348688873	0.528049426197762	0.919198223065639	0.335197406512996	-0.152269504254288	-0.0375115954308054	0.142252859061291	0.250584408648815	-0.330989746188767	-0.381778767271901
XLOC_028191	-0.102734184479042	0.232411031931621	0.26343342772334	-0.123177561096458	-0.533062069479769	0.00549309095035788	-0.313727305506025	-0.173932485726702	-0.0107629963857949	0.0443824054827289	-0.00427718002390343	0.715953826609637
XLOC_028203	-0.109634216702273	2.20432652707051	0.426460307754218	-1.84547125809902	-1.84547125809902	-1.84547125809902	1.51918989118874	1.6029122035907	0.874938989312972	-1.84547125809902	0.81032899312917	0.0533623370520324
XLOC_028213	-1.01374731700826	-0.370677029577189	-0.649160426398898	0.0445125611073642	0.712477579136423	0.696458673242005	-0.053509071332182	-0.279711265848976	-0.539970843139119	0.499247980051493	0.389313780284326	0.564765379483014
XLOC_028238	1.04260522905583	0.60559397269293	0.412861964545108	-0.89436724806334	-0.10530157844374	-0.460398840651361	-0.167670541516282	0.300377166521947	0.401546361695612	-0.0425904565890889	-0.280067403158944	-0.812588626088677
XLOC_028242	0.444271817614444	0.766148842708641	0.696787223426033	-0.93153126482522	-0.660016317208681	-0.141572815706104	0.18463514194851	0.30440382063018	0.344363198343862	-0.668635610113217	-0.0701708525380251	-0.268683184280422
XLOC_028257	0.100591913142938	0.00953105055113745	0.0569444350618191	-0.123790303358187	-0.63434676726007	-0.758566463476511	0.421060816746136	0.273136228103703	0.183755898576172	-0.127053461815164	0.22056143041283	0.378175223315191
XLOC_028275	0.494654739512526	0.203713621991682	0.305662123227217	0.557754667202259	0.627985416381738	0.692344331605606	-0.377344660155083	-1.3883433899959	0.435386230806341	0.194124377945696	-0.669310385293036	-1.07662707322905
XLOC_028282	0.627871218987037	0.0502033307263181	0.546557806945578	0.288161749232555	-0.202864900738223	0.559900295050123	-0.763126678325304	-0.780539625229427	-0.679565378883545	0.276270705533729	-0.457164295711264	0.534295772412429
XLOC_028288	0.557001118862355	-1.19420907232164	-1.05935915922817	0.267565921555469	0.674539187075198	0.547670593625824	-0.657468015102069	-0.958319426602548	0.243680471486082	1.07140546366013	0.254308938125973	0.253183978863394
XLOC_028295	1.31000107586039	0.257259825690287	0.352253905528895	-1.1911660709186	-1.1911660709186	1.37912645323396	-1.1911660709186	-1.1911660709186	-1.1911660709186	-1.1911660709186	1.46463418030958	2.38372098488851
XLOC_028297	0.402645626110516	1.65165320105483	0.938740150567006	-1.33319141528623	-1.33319141528623	-1.33319141528623	2.41106060409689	2.41044359397391	0.184605315914225	-1.33319141528623	-1.33319141528623	-1.33319141528623
XLOC_028313	0.346580107133015	0.377874452459546	0.158062750079051	0.30707034366226	0.297692350674347	0.460773588446874	-0.907152840407965	0.434757585030216	-0.41403346242299	-0.365392290168817	-0.113052552917174	-0.583180031568364
XLOC_028330	0.664021676732676	0.362080408817088	0.621900890482155	-0.219042871477148	0.167447028194968	0.102194659177262	-0.608864180386576	0.00223839323163233	-0.297402938011298	0.151607158892457	-0.712556029925053	-0.233624195728163
XLOC_028340	-1.03573355592996	-0.116849480456753	0.0273098696002272	-0.802445399248326	-0.734154246843684	-0.213318662961985	0.373394323377273	1.11045576219791	0.635302410344035	0.235587480610945	0.293788835146207	0.226662664164111
XLOC_028374	0.621277366432659	1.04190519230674	0.428860301483414	-1.11455967496409	-1.11455967496409	-1.11455967496409	-1.11455967496409	-1.11455967496409	0.403237056236369	3.12565274157772	1.0664253917476	-1.11455967496409
XLOC_028387	-1.31363675271575	-1.31363675271575	-1.31363675271575	-1.31363675271575	0.648302681813886	2.87915471135846	-1.31363675271575	0.485048687075632	-1.31363675271575	0.265900634442748	1.34216349851243	2.26125030309136
XLOC_028427	-0.979944925136677	1.17651994213415	-0.979944925136677	-0.979944925136677	-0.979944925136677	-0.979944925136677	-0.979944925136677	-0.979944925136677	-0.979944925136677	2.91934379250148	2.03249614623971	1.71119952021807
XLOC_028430	-0.733362634153885	-0.0461310622344868	-0.447185171264691	0.462754850321979	0.455487448135001	0.20693396030678	0.0444373445525788	-0.2339692977004	0.391399513532066	-0.252181976682251	0.0671307987307426	0.084686226456566
XLOC_028432	1.47704372014011	-1.52154163069051	-1.52154163069051	0.388172487327277	2.43072140482728	2.21703938420817	-1.52154163069051	-1.52154163069051	-1.52154163069051	0.0579957564679929	0.659443436021178	0.377291964460541
XLOC_028434	0.290925453181725	0.0818684932676472	0.204851119789504	0.227671017232757	0.428097700805424	0.124714353418897	-0.928646136158934	-0.607510750359186	-0.6932149168355	0.446460834177714	0.167299466476248	0.257483365003697
XLOC_028439	-2.65064997110866	-2.65064997110866	-2.65064997110866	2.03955153938035	1.7601609571806	2.50214959105737	0.916256253185963	-0.0758117091980743	-2.65064997110866	0.512037830661054	1.26950493141408	1.67875049075331
XLOC_028447	-0.36313311449738	-0.437963892064802	-0.421824997211484	0.408908201716827	0.524705455859248	0.619101031602922	-0.424757968208354	-0.220121139288741	-0.291827367289292	0.0412360031743937	0.133869303462127	0.431808482744541
XLOC_028460	-0.441100752462276	0.0372620754758106	-0.289756689128524	-0.228820836948152	-0.217098254936399	-0.0329809961332606	0.0626750590066862	0.396393558080607	-0.19027142516216	0.029219152363317	0.536580672135342	0.337898437709013
XLOC_028463	-0.489944563764321	-0.881561113734943	0.646000818558119	1.05200374756864	-0.199156593842706	-0.167931579833997	0.251257881204268	-1.07467710652088	9.87603025883743e-05	0.364351765881914	0.321577151679836	0.177980832501478
XLOC_028472	-0.306675757733327	-0.231057656996287	-0.262465625772625	0.515624978748351	0.468709871448041	0.309711184896846	-0.853853581784746	-0.502157747740606	-0.560568587177761	0.644378577940303	0.438906377203669	0.33944796696813
XLOC_028473	-0.18393926352672	0.190701529865603	0.279087981162076	-0.749667675421779	-0.311934769622145	-0.461152092842406	0.0451524447368028	0.0911839266943071	-0.122369282896303	0.501435876619083	0.423875657142097	0.29762566808938
XLOC_028482	0.257785806975783	-0.587860188773211	-0.126679828554979	1.07664302443705	0.501983956855735	0.202433801985348	-0.216208176169951	0.0343128000978368	0.0169612645602548	-0.108242089751792	-0.189466052787635	-0.861664318874439
XLOC_028507	-0.0674436826550124	0.381473264726873	0.15495388154477	-0.245542361224871	0.179092761718081	0.155901101961634	0.0726103783498449	0.341674548099002	-0.141808443865379	-0.199343160567274	-0.104024927880888	-0.527543360206776
XLOC_028508	0.4871898748472	0.0648527574144566	-0.110553734824078	0.419598125271705	0.246852651042088	0.112282166063848	0.0308250669430237	0.0114030074908538	0.416394893708411	-0.504813102644514	-0.674682874443512	-0.499348830869488
XLOC_028520	-0.0670348386828561	-0.0457529385825337	-0.499604554748824	0.0940397767253804	0.082509005722728	-0.0616210828057513	0.809788074457042	0.56981015362759	0.481320582662926	-0.366423706863285	-0.384216000467278	-0.612814471045134
XLOC_028533	-0.810460564362634	-0.20099896557276	-0.645570637510601	-0.233694592989811	0.0131771472271272	0.638568120295959	-0.635687251162016	0.447153326252102	-0.0939446338461076	0.271699879853641	0.543354419178325	0.706403752636771
XLOC_028534	-0.543959015821152	-0.348462382627934	-0.311745173512326	-0.239986214777996	-0.050393027832178	0.340496661064158	-0.0261778390888381	0.124790802186997	-0.396751438402124	0.331160420605933	0.305396925268833	0.815630282936633
XLOC_028549	0.456842721171344	-0.326525930188278	0.176252514633771	-0.260060115291891	0.767390167553401	0.474617816637676	-0.189361393367993	-0.0817969725522225	-0.103279994789774	-0.0876860629094152	-0.422627260907547	-0.403765489989071
XLOC_028563	0.747015808798612	0.927556306977588	1.02032830245021	-0.539225269739383	-0.832894954046989	-0.987090989047946	0.350093484266687	0.331580552373246	0.058558056343502	-0.580662651085246	0.0587040511684576	-0.553962698458733
XLOC_028566	-0.364507857547037	0.989525937271698	0.516402210662537	-1.36669930163892	-1.0644408349069	-0.664859178371774	0.355289773300369	0.957490080662365	0.613007072326123	-0.275524600162463	0.514999718692445	-0.210683020288438
XLOC_028567	0.240784287241858	0.223687024468797	0.251838666382884	-0.106651110128746	-0.315584520814809	-0.265275833338386	-0.122929575504944	-0.0921608385424904	-0.279998295495773	0.181888597834929	0.238179722828844	0.0462218750678431
XLOC_028588	-0.971908193592446	0.231272211728071	0.0233444991184601	-0.476620755649699	-0.49691633539453	-0.756169203917229	0.311669806788956	0.109140153777131	-0.16678459196572	0.386633787305203	1.1239898520728	0.682348769729003
XLOC_028602	0.0567325161159467	-0.218633051617285	-0.0445546789904334	0.35493707320733	0.0375321077268502	-0.0163133950967342	0.330348730394807	0.24125622715491	0.622740884089179	-0.484832486153882	-0.412053873287078	-0.467160053543601
XLOC_028603	0.378235858231729	-0.443595885413263	-0.21152212376848	0.54340570857395	0.820800504480425	-0.146093737814791	0.421189293403014	0.059859917287401	0.681907749526957	-0.810526922961574	-0.611620776303822	-0.682039585241541
XLOC_028604	0.218919963821495	0.46382482101053	0.418798302604531	0.184272650012318	0.118209667902685	-0.486126295976727	0.534366054197267	0.195691310328979	0.525491827553514	-0.369914811494604	-0.140288860904636	-1.66324462905536
XLOC_028605	-0.0861223823577379	0.204786464376937	0.107827309848664	0.176120348846831	-0.257774290315538	-0.236569880582893	0.399495365234401	0.247719860131554	0.547753033972935	-0.355945166779126	-0.375236183134758	-0.372054479241266
XLOC_028620	0.815853572649577	0.528442427861725	-0.919983468747167	-0.919983468747167	-0.919983468747167	0.874808445632485	-0.919983468747167	3.6229665726331	0.597813262453287	-0.919983468747167	-0.919983468747167	-0.919983468747167
XLOC_028624	0.848465186504483	1.26909301237857	0.656048121555238	-0.887371854892261	-0.887371854892261	-0.887371854892261	2.85688016449086	-0.887371854892261	-0.887371854892261	-0.887371854892261	0.581116499316684	-0.887371854892261
XLOC_028629	1.56468595825712	0.969690307160411	0.816124777079261	-1.1514615637849	-0.905641205164273	-1.40330353449218	0.278781003770092	0.289826244694958	0.581041315265844	-0.260364672351976	-0.392345502770961	-0.387033127663392
XLOC_028640	-0.567762565282002	-0.386710560371688	-0.371131316637905	0.144185934365652	-0.085658002303501	-0.486494864308932	-0.423139506261869	-0.0756128196211598	-0.477952266792284	0.825676983009743	0.427637700089811	1.47696128411413
XLOC_028652	2.42875727295456	2.77288580726887	3.24951186817127	-0.9390172164883	-0.9390172164883	-0.9390172164883	-0.9390172164883	-0.9390172164883	-0.9390172164883	-0.9390172164883	-0.9390172164883	-0.9390172164883
XLOC_028704	0.405305193112514	0.046682741668393	0.0269588373473937	-0.276772945687354	-1.28260365172984	-0.306131141845515	0.543445093193516	0.12036904039843	0.437014683423694	0.130420328020685	-0.274666829116897	0.429978651214978
XLOC_028715	-0.0171695350487315	-0.549892878071943	-0.324086504238251	0.822510109220469	0.858704780877548	0.647253172135639	-0.625761625959594	-0.64206246096155	-1.13427979583983	0.319297864970719	0.200977763377613	0.444509109537912
XLOC_028718	-0.292711950815733	-0.0497597468347113	0.103264255435763	0.0899071948704631	-0.215348736447391	-0.376385120281538	0.906805173882493	0.392761288994704	0.58082174002281	-0.560839704357736	-0.334729806314016	-0.243784588155101
XLOC_028719	0.290324971631193	-0.0398746005112809	0.230094815632327	0.0930310842885458	-0.147969990970726	-0.508403304033443	0.615567570966794	0.47356756641615	0.442878559314687	-0.16104731645137	-0.57854846838522	-0.709620887897659
XLOC_028720	0.0034109081288145	0.188431528132707	-0.0711501736395164	-1.0784124728083	0.843250314378223	0.28497643788468	-1.59998744231607	-1.22101358234369	-0.307811293202967	0.236880587304098	1.51700381109104	1.20442137739099
XLOC_028740	0.155582189127857	-0.29597242571357	-0.101668000543921	0.759791623795002	0.514576667080342	0.355118044621381	-0.103947066452797	-0.0514827663709641	-0.140512971121317	-0.000584842819252529	-0.50545284286176	-0.585447608740996
XLOC_028755	1.77849305728863	-1.58928143215422	-0.0458614557067247	1.62360904681321	1.68684836245491	2.60351003191999	-1.58928143215422	-1.58928143215422	-1.58928143215422	-0.00974404499572246	-1.58928143215422	0.309552162996826
XLOC_028781	2.03143759008743	2.41116550661785	1.99423996793378	-2.03428496449661	-1.42310196198827	-1.08505759585592	0.883523949915275	0.613150489286484	1.775688695214	-2.17075323534658	-1.70262700035333	-1.2933814410141
XLOC_028782	2.07924817813867	1.69855728045865	1.53866530546708	-1.07116640273737	-1.35875680760926	-1.0313625437789	1.25832301320532	0.761445818639472	1.10149588867229	-2.10706082072732	-1.04190235671548	-1.82748655301315
XLOC_028810	-1.21455340918724	0.89485799985333	0.554478468639325	-2.17232589159726	-1.59989868017429	0.848152058814764	0.951887998746591	0.982385578011668	0.234315457432006	0.070288372828176	0.50416120028468	-0.0537491536517543
XLOC_028845	-0.512829215308511	-0.57893225616758	-0.691007949463279	0.704700903500547	0.494539642173674	0.0706446223944841	-0.216342517029582	-0.763345168746125	-0.554167668927461	0.850385846372103	0.506309113201424	0.690044648000306
XLOC_028873	-0.874457381624678	-0.874457381624678	-0.874457381624678	-0.874457381624678	-0.874457381624678	0.920334532754974	-0.874457381624678	-0.874457381624678	1.84595286578731	-0.874457381624678	3.20499544092877	1.02437621352637
XLOC_028878	3.18926851544173	3.28463605436805	3.42587672569871	-1.26861978074544	-1.26861978074544	-1.26861978074544	-1.26861978074544	-1.26861978074544	0.249176950455016	-1.26861978074544	-1.26861978074544	-1.26861978074544
XLOC_028885	0.783843165809048	0.439140886300882	1.92527129566457	-1.71732398096995	-1.71732398096995	-1.71732398096995	0.318374220596956	0.857514280940644	0.523621634822277	1.08305416948717	0.938476270258242	-1.71732398096995
XLOC_028895	-1.00164178894428	0.0495706453946338	-0.885962318452566	0.836376888622211	0.904668041026853	0.375315880086896	-0.870855598396954	-0.256592130514758	-0.63318183859332	0.74681255304318	0.222668467893112	0.512821198834992
XLOC_028907	-0.996783840663558	-0.996783840663558	-0.996783840663558	-0.996783840663558	1.76699038887322	0.798008073716094	-0.996783840663558	-0.996783840663558	-0.996783840663558	3.75025585215452	1.65901641056463	-0.996783840663558
XLOC_028909	-1.61871335905667	-0.170287462447777	0.653218206796566	-1.61871335905667	-1.61871335905667	-1.61871335905667	-1.61871335905667	1.82967010263304	-0.100916627856215	2.62149905748514	1.67944479440451	1.58093872426808
XLOC_028912	-0.0115095872687441	0.161104689141491	-0.196601547583627	-0.222061173851016	-0.0201946452316291	-0.503231689867471	0.173331038541417	0.327143656250969	-0.406300123364385	0.284491817994655	0.25724944679376	0.156578118444577
XLOC_028939	1.41350299245494	1.84019045229748	1.43429255482026	0.905908006057834	-1.96875658780963	0.26209544173494	-1.43236196992075	0.612254019040989	-1.21028577492728	0.149100576376842	-1.27489577111109	-0.731043939014528
XLOC_028982	-1.94329318387995	-1.52266535800587	-3.6791302252767	-1.76941610725891	1.59312236160549	-0.235706290553249	0.0651217941064188	-0.230746763586986	-0.0725453959462352	2.61660819902954	2.80252217741817	2.37612879234829
XLOC_029004	1.28353331075569	0.619029215018256	0.11189247695229	0.448185678803214	0.315796732812087	-0.272953491488798	0.464864325540069	-0.413505812689838	0.301711772935059	-0.44068445882769	-1.03630095154735	-1.38156879826298
XLOC_029015	0.280588220398496	-0.320244459155472	0.221068557569904	0.244971119819803	0.275906715046538	0.395887090336371	0.192291577574993	0.269294557804063	-0.0686852992081484	-0.773525370876939	-0.183836489142656	-0.533716220166964
XLOC_029027	-1.32549400287054	-1.02883380687205	-0.312896376714431	0.00179786574543694	-0.450590322655843	0.30845601271799	0.487068991927562	0.66401541474459	0.916518267299239	0.578200406117794	-0.249075663816943	0.41083321437719
XLOC_029028	-0.479329556643552	-0.469795224829502	-1.70261647846351	0.518882448526554	0.588552562922939	0.726220747093715	0.0189478452662426	0.307407344032453	0.0215270007283461	0.371721635302935	0.0020549568709427	0.0964267191924453
XLOC_029034	1.31274402200198	0.838703865892692	0.821896150144806	-0.553116575085864	-0.359862798425805	-0.418752057621855	-0.0950339815141694	-0.769886943680585	-0.577391330824283	-0.77949087369022	0.0653828610122051	0.514807661791095
XLOC_029055	-0.700383127152044	0.52567138791012	-0.663930437767831	1.29267871164958	0.653933332215382	0.974813355671272	-0.822508088722957	-0.307771477277442	-0.845010169615476	-0.0502117116669654	0.609846322172942	-0.667128097416586
XLOC_029084	-0.887786183951362	-0.887786183951362	-0.887786183951362	-0.887786183951362	-0.887786183951362	0.90700573042829	-0.887786183951362	-0.887786183951362	-0.887786183951362	0.69175120320714	3.19166663860208	2.31186589937338
XLOC_029087	0.539495149797826	0.407048396139864	0.257347320544046	0.426393666106653	0.12786108857722	-0.229461952489693	0.332908009104287	-0.0704263811929664	0.233242045296439	-0.292068335701683	-0.879254177605032	-0.853084828576961
XLOC_029090	-0.839727321232706	-0.839727321232706	-0.839727321232706	-0.839727321232706	-0.839727321232706	-0.839727321232706	-0.839727321232706	-0.839727321232706	-0.839727321232706	2.32296048053701	3.3831682864353	1.85141712412204
XLOC_029091	-0.649244372950954	-1.0468805965653	-0.52616527425198	-0.421707648694025	-0.901177258036875	0.261271839588433	1.15006500597275	0.499671273550685	-0.00850429684292831	-0.0388545648639402	0.943084440178395	0.738441452915746
XLOC_029096	-0.691876488175235	0.691841060820073	-0.945386156295763	-2.14993685960031	0.978356796185347	-1.48935845346552	-1.21156946121895	-0.0710457564685196	0.0918674120449916	0.886665869993502	2.1735328495299	1.73690918665049
XLOC_029098	0.0195388472077971	-0.246047656394445	0.0306710811922271	0.522650910131107	0.932949382823743	0.395921375563051	-0.402562961751062	-0.561597704172415	-0.155907889163295	0.260967112583648	-0.517304463601489	-0.279278034418873
XLOC_029106	0.08187524914681	-0.270365451888174	-0.27509266666739	0.204416502691813	0.895044769795379	0.406061323074509	-1.62946442449191	-1.05733394483623	-0.480993923776957	0.644172389996176	0.619501911598069	0.862178265357903
XLOC_029125	-0.219213435666753	0.332316748010803	0.436315299575147	-0.863077118670962	-0.694897569226789	-0.00487278382669931	0.869348888446087	0.763390009138154	0.494442104385667	-0.289994431531118	-0.0910594347730083	-0.732698275860532
XLOC_029126	1.24506889883554	0.825957488714449	1.11672817838498	-0.0466983111332393	-2.21767718801592	-0.196128573019065	0.420387722910995	1.67879743024952	1.55316479943988	-0.0998200238294498	-0.100163799992118	-4.17961662254556
XLOC_029138	-1.142457112255	0.305968784353888	-1.142457112255	2.44603982612446	-1.142457112255	3.23308590760679	1.35587694016352	0.656228327536381	-1.142457112255	-1.142457112255	-1.142457112255	-1.142457112255
XLOC_029165	-0.000423807748622274	-0.216991269043102	0.0998650235411223	-1.3799863691018	-1.31503460541179	-0.592940287619475	1.2075398685458	0.462585490484782	0.486393375728103	0.068007103190272	0.283756693106444	0.897228784328277
XLOC_029188	0.978309096247709	2.95437507860814	2.88506733148548	-0.757527945149036	-0.757527945149036	-0.757527945149036	-0.757527945149036	-0.757527945149036	-0.757527945149036	-0.757527945149036	-0.757527945149036	-0.757527945149036
XLOC_029192	-0.403050335699759	-0.403050335699759	-0.403050335699759	4.43355369269735	-0.403050335699759	-0.403050335699759	-0.403050335699759	-0.403050335699759	-0.403050335699759	-0.403050335699759	-0.403050335699759	-0.403050335699759
XLOC_029197	-0.140311922740259	-0.147186369190487	-0.528810568963799	0.0645775816891732	0.715497713435136	0.197234096414945	0.368677959938745	-0.319410845038232	0.616196743375818	-0.437920494897363	-0.402215646157344	0.0136717521336651
XLOC_029198	-1.05039545034136	-0.281704081494804	-2.00814262067286	-1.64184847910257	-0.78778836758358	-0.108138662396907	2.79903298639976	1.70338524401847	1.90331408608901	0.347726120517799	-0.015022623667353	-0.860418151765606
XLOC_029211	-0.463396649786144	-0.329647122164562	-0.391401195512992	0.7429651749086	0.574660766129528	0.554988846968805	-0.374472795106771	-0.463666277664744	0.0420913330484192	0.0861757256521756	-0.00205531339130971	0.0237575069189973
XLOC_029227	-1.69158284564081	-1.69158284564081	-1.69158284564081	0.218131272376973	1.07219138389596	0.878709678511756	-1.69158284564081	0.883255416269777	0.549362770151409	2.3882137530753	-0.223094491431868	0.999561599713938
XLOC_029257	0.525262885465469	-0.110260186064374	0.0223624366639239	1.14713116697945	-0.103988907080795	-1.58532678731028	2.56132140614484	2.34941642474087	2.13478558220594	-3.38011870168993	-3.38011870168993	-0.180466618365183
XLOC_029260	-1.59256097077077	-1.59256097077077	-1.59256097077077	1.9959359676087	0.369378463758872	1.47936862943098	1.25552054562838	2.95038907060949	-0.0747642395703145	-0.0130235836122665	-1.59256097077077	-1.59256097077077
XLOC_029261	-0.555872360585013	-0.0779767483673508	0.560569258986064	0.245453300572831	-2.39541400276371	-0.110194046263845	1.75200295414175	1.68674110905269	2.20705456439302	-1.46626622741731	-0.805829214521708	-1.04026858722742
XLOC_029262	0.0948333897769937	-0.957907860393107	-0.8629137805545	1.93718054891131	-0.444394322472359	0.16395876715057	2.09838402596239	2.93935696122583	2.25050354139886	-2.406333757002	-2.406333757002	-2.406333757002
XLOC_029263	-0.853081738705649	-0.349273821736376	0.317064616594372	0.976908264503627	0.752673655686561	0.397688938586839	1.84352684508295	1.89918731669402	1.77465028292479	-1.68454647428292	-3.26895863959654	-1.80583924575167
XLOC_029264	-1.22679495074714	-0.809126145063008	0.125675293763041	1.57495790942328	0.941432779165308	1.02593602108135	1.84653963059213	1.5648600826609	1.55842229384744	-1.72199384825774	-1.60884724702077	-3.2710618194448
XLOC_029268	-1.35772333470055	-1.35772333470055	-1.35772333470055	-1.35772333470055	-1.35772333470055	1.21256918945202	1.4903581816986	0.44096210509084	0.160073396499908	0.221814052457956	2.7217294878529	0.541110260450504
XLOC_029270	0.625529820484588	-1.44004859805752	0.605453455692756	0.863347526921026	0.860104944383484	1.28274972342666	-1.04562782195975	-0.959188740448996	-1.13583615802302	0.877092964014167	-0.261715678249097	-0.271861438184296
XLOC_029277	-0.587287516385782	-0.220051727869321	-0.317165475960127	-1.03796717761221	-0.682668714338354	-0.337027014289945	1.02621095529977	0.964187127520871	1.24448821052778	-0.0708882946406799	0.0197535322742723	-0.00158390452628154
XLOC_029278	-0.702157773558945	-0.205479047212586	-0.540235740512085	-0.0514064771337583	0.258008697071952	-0.45649898229901	0.436197376345533	0.944445195488945	1.18388000544793	-0.148550227864043	-0.197099731312596	-0.52110329446133
XLOC_029284	0.389846565740346	-0.0100485765441043	0.72358046533142	-0.741600915168549	-1.26888854785628	-0.657433949909428	1.94604315225325	1.92221928529344	1.63871256929954	-1.32480416356747	-0.875031951024588	-1.74259393384757
XLOC_029316	0.11370049672435	0.43587524583411	0.230160935174213	0.205853856603014	0.303987861784982	0.10191589566365	-0.0550306055713357	-0.401838063546375	-0.183259216892383	-0.236708491241711	0.108413873773328	-0.623071788305833
XLOC_029323	0.0804919150939414	0.216543360630701	0.189547701658292	0.056611874446598	-0.122229829069048	-0.0206473243908665	-0.521537909919096	0.134031878051118	-0.156519063268295	0.162618929769968	0.188345366586754	-0.207256899590067
XLOC_029340	3.45576009913983	-0.840385332986685	-0.840385332986685	-0.840385332986685	-0.840385332986685	-0.840385332986685	-0.840385332986685	-0.840385332986685	0.677411398213769	0.739152054171817	-0.840385332986685	1.85075911236807
XLOC_029360	1.15789260369673	-1.84069274713388	0.431238818719353	1.37219773183355	-1.84069274713388	1.23123685306787	-1.84069274713388	-1.84069274713388	-1.84069274713388	0.959685403323228	0.815107504094305	3.23610482093437
XLOC_029362	0.822638043392234	0.298387439858451	-0.292767498923198	0.89455424131505	0.293949128613987	-1.08778445988294	-0.431094904148745	-1.52293576235142	-0.958047352228958	0.627418559999044	0.549155104540195	0.806527459816303
XLOC_029368	-0.877548963849018	-0.512431061625619	-0.437624086656524	-0.238349176687162	0.28191954074479	0.119081968905838	-0.211879528203816	0.947477141727289	-0.878332083415099	0.366526013274433	0.464919403977929	0.976240831806965
XLOC_029383	-1.8526579393848	-1.8526579393848	-1.8526579393848	-1.8526579393848	2.74229538082766	0.717634584767774	1.51200320990296	-0.0539724995934097	0.388287676407427	0.462754587413419	0.803142311843392	0.838486505969955
XLOC_029387	0.34318815680126	0.829314668710302	1.5233061606526	-1.17933267828371	-2.4302837227215	-0.408735107724643	-0.218202686695539	0.296533924749975	1.28909676879722	0.644267253420397	-0.169327549583135	-0.519825188123232
XLOC_029388	-0.467831767862943	-3.31555130338057	-0.915586969690341	0.327229798677736	-0.00574949682319659	0.576390624391891	0.00958303858268561	0.581713518238367	0.628265414236871	0.0861390676665916	1.53544927375195	0.95994880221096
XLOC_029389	-2.92646738000855	-2.44278991044649	-1.39917384093318	0.383506961732049	0.825826208141074	1.24840390798086	-0.231795156065967	1.10723393601106	-0.100875794718151	1.13416235001964	1.08227257373794	1.31969614454972
XLOC_029394	-0.658905695434195	-1.7116469456043	-1.61665286576569	2.78623265281233	2.85581558611867	2.62997801352912	-0.311991325814041	-3.16007284221319	-3.16007284221319	0.739215875424968	1.19328617556559	0.414814213593928
XLOC_029417	0.537775605017392	-1.19806143637935	-1.19806143637935	2.68817468241618	-1.19806143637935	1.8738681638224	-1.19806143637935	-1.19806143637935	-1.19806143637935	1.11735109041886	0.270426917829592	0.700772158771697
XLOC_029444	-1.11692014428227	-1.11692014428227	-1.11692014428227	0.792793973735512	0.845019290247366	-1.11692014428227	-1.11692014428227	-1.11692014428227	-1.11692014428227	0.462617242876228	2.96253267827117	2.75547782484564
XLOC_029446	0.458463000675391	-0.0544585880733859	0.178932614116529	-0.85582470529198	-0.553092475827948	-0.776350876673497	0.350678113316929	-0.394276264744085	0.581649637475647	0.0492918455462439	0.0215052581809339	0.99348244129922
XLOC_029467	-0.681490020148752	-0.331612913176865	-0.0494033454718821	-0.136182860323522	-0.195095210661407	-0.114016266846093	0.651529883199606	0.399268909710099	0.277871147501092	-0.027389581105103	-0.0517161782920184	0.258236435614846
XLOC_029468	0.0796766059456058	-0.185512439967939	-0.124043062280077	0.254527142674405	-0.127399111463413	-0.50439768541789	0.660366547977439	0.586256452863877	0.720880060999649	-0.310077422411212	-0.521463109359386	-0.528813979561052
XLOC_029473	0.205591784073763	-1.53024525732298	0.013174719124518	-1.53024525732298	-1.53024525732298	-1.53024525732298	0.50545294424392	0.268440182468404	-0.0124485261225278	2.85431574356687	1.12555499390521	1.16089918803177
XLOC_029494	-0.72392646864559	-0.884350386803906	-0.529821892442444	-0.983728034447747	0.751803669240208	0.58616608742565	0.145345015067921	-0.784292298980798	-1.03186166904172	1.20385847921571	0.90594148678693	1.34486601262578
XLOC_029520	0.385362506373228	0.536770999711051	0.805220250643381	-1.18979343434096	0.151003834328649	0.590696682033428	-0.254372042505184	-0.380282983051599	0.642994987660674	-0.806940350510872	-0.451016117610616	-0.0296443327311859
XLOC_029528	-0.906715696277083	-0.906715696277083	-0.906715696277083	-0.906715696277083	-0.906715696277083	1.66357682787549	-0.906715696277083	1.66812256563351	2.17294162175657	-0.906715696277083	1.7490845549511	-0.906715696277083
XLOC_029530	-0.245415814908963	-0.524796036035876	0.257943814829343	-0.00784022957194264	-0.27261828191539	0.225008052952512	0.231042758062331	0.286088891231056	0.628626630229372	-0.0818937044594144	-0.139958980545819	-0.356187099867205
XLOC_029532	1.97973167027806	1.92823874846447	2.03642697101124	-4.16842137922856	-4.16842137922856	-1.09649177902681	1.02741799149302	0.652739819452909	0.777213528120209	0.467615572409664	0.613451970409853	-0.0495017341554975
XLOC_029533	1.63221696012285	1.15950178154465	1.56510952835348	-2.33791342286995	-1.46592183849922	-1.54064717908418	0.206399367501844	0.147543832982548	0.969184373569978	0.337647335141703	-0.0964046250533039	-0.576716113710403
XLOC_029540	-0.352183593387533	0.170763151588789	-0.605693261508061	1.68468345004292	1.18493709797136	0.472833381243822	0.572922256867087	0.268647138319182	0.575422588488953	-1.40454555603218	-1.5389730161187	-1.02881363747564
XLOC_029549	0.667507424531126	-0.0883537287647185	-0.0633320065630834	0.018507254311074	0.144913377541328	-0.110918870594203	0.41160388425847	-0.253131815121923	-0.123422268138582	0.0727593376803313	-0.430359625854732	-0.245772963285087
XLOC_029550	-0.114177726406683	0.197150293443237	0.304696668468625	-0.0439494476414124	-0.417093183499688	-0.57303297727488	0.195381262169426	-0.0255985529055351	0.13066135374113	0.000813325398142162	0.169503803031171	0.175645181476464
XLOC_029551	0.0136913023999528	-0.0640309284448426	0.00849421754510615	-0.0127403933380386	-0.467574000692056	-0.245316996968592	0.467059745548092	0.218778177281122	0.179334282094453	-0.243683032037284	-0.443340578567795	0.589328205179884
XLOC_029552	0.324393735342538	0.0797994818208636	0.0856048980388593	-0.116580510156318	-0.0120083915327838	-0.27408581710475	0.418917433829575	0.455642688248199	0.627908603280055	-0.138019400355418	-0.556707487162655	-0.894865234248163
XLOC_029556	1.6105470292076	0.979550036192687	1.2515670015916	-1.62342407800355	-0.425503628681729	0.316485005195047	0.476665830564587	-0.455568059744683	0.194024141529145	-1.14339255208781	-1.29977458351798	0.118823857755093
XLOC_029565	-0.261786517564207	0.287977730456861	-0.170605882835532	0.630517321620225	-0.665422448391877	0.859078144318506	-1.73573084790174	-0.667146094992018	-0.318980726016255	0.681518397483523	1.14888574503393	0.211695178788578
XLOC_029568	1.54043147146922	1.50957096575171	0.91886116303214	0.698261812480728	-0.343148501743037	-0.0952441203787506	-0.558648043007339	-0.426882483863317	-1.88099838136321	-1.34875496490663	-0.561965399195313	0.548516481723795
XLOC_029591	-0.361645097916979	-0.0525244921149293	-0.394402829842019	0.393580367210384	-0.152965955588386	0.10886739962736	-0.179940774684962	0.550870961348152	0.486326058607656	0.191911601050172	-0.352123027160207	-0.237954210536243
XLOC_029600	0.314349787820802	-0.591200990938209	-0.36853661645263	0.720471844243606	0.133510138839672	0.760275703202078	0.099325464600172	-0.574522989952588	-0.406607820438846	-0.167349509955785	-0.199323422582579	0.27960841161431
XLOC_029602	-0.467974981282193	-1.00346636868106	-0.452218319448408	-0.073605205839308	0.344038666729888	0.191809682792687	-0.332685478998177	-0.225121058182406	-0.284534268094802	0.320595759620014	1.13076031039061	0.852401260993155
XLOC_029653	-0.514429047198282	0.102808127997607	0.354365926016788	-0.822402679989453	-0.205978140865659	-0.322939516567848	0.469933677609525	0.56161078367558	0.236885891578503	0.0961278921293029	0.452824521339432	-0.408807435725502
XLOC_029658	-0.137423147820533	-0.345347071104305	-0.296195650678779	0.613325172421337	0.402870129489681	0.50384318748535	-0.230039453156598	-0.366630085262623	-0.135634777922508	0.0962138996729056	-0.121625656288012	0.0166434531640771
XLOC_029679	-0.0874362215501607	-0.508173141571315	-0.43336616660222	-0.893106939135653	0.220122224493234	0.402668051641246	0.282732783489946	-0.141701399859072	-1.43433029621342	0.737970240734009	0.398033949079418	1.45658691549398
XLOC_029683	0.140738428552503	-0.269514445076777	-0.434116757308597	0.37402658523414	-0.0517665148737079	0.0751468638571868	-2.42687924159607	-1.01419398147325	0.083544220100455	1.55177046250516	1.24484058061216	0.726403799466792
XLOC_029694	0.119578716169517	0.34352371512734	0.233868167047519	0.293907886592125	0.245592759846578	0.366695681377252	-0.262450374945749	0.0473052900763911	-0.158095941577783	-0.42154184399736	-0.436965185867028	-0.371418869848803
XLOC_029708	-0.0985284038695671	-0.505596924001662	-0.443778899151267	0.458850480934324	0.802437785990702	0.883287291740806	-0.165677867336417	-0.500464150707724	0.0392497575395616	0.262480607866986	-0.114314701915826	-0.617944977089918
XLOC_029709	-0.213137729709787	0.339777645299907	-0.176059235483518	1.31795373127097	0.090321491858381	0.843850774338878	-0.380162013910385	-0.0152604197907964	-0.918039263784747	-0.219441385791781	-0.113294279459172	-0.556509314837944
XLOC_029711	-0.00450970256978067	-0.746112870023119	-0.555428165399132	0.609881124326481	0.797951295443321	0.359292624154159	-0.258893686035222	-0.116179057527768	0.105489739010267	-0.0192742259215901	-0.152425352534946	-0.0197917229226672
XLOC_029723	-1.35748497220588	-0.675461676479213	-1.32277832329489	1.08588202687085	0.651234161289143	1.06479139409357	0.127833888965871	-0.036502379647624	-0.733554235111314	0.311230949022797	0.654930213419357	0.229878953077338
XLOC_029725	-0.421250562597016	0.458200820097122	0.0948222664907945	-0.945014405385892	-0.876058480134204	-0.0702585018967739	0.125188857156168	1.06628332069435	0.826125358868985	0.397594912633111	-0.199641647123132	-0.455991938803508
XLOC_029758	-2.19182381154089	0.711411601593587	0.47595013487416	-0.500207651882488	-0.779598234082242	0.464741827450577	0.470754703071624	1.18128421227653	0.26446752083787	-0.340292894715449	0.611442433356554	-0.368129841239836
XLOC_029777	0.0349616545382094	-0.733311705818199	-0.350970943863429	0.553141545682833	0.475544403378728	0.554617154489871	-0.416771275255468	-0.0970239217613029	-0.353599602203595	0.244621157797896	0.17282480371501	-0.0840332707005498
XLOC_029805	0.538876678736035	0.440855483737257	0.321684786941544	-0.560789459427376	-0.282991597347779	-0.1902481799554	-0.502594478064841	-0.452947430552912	-0.666225712991084	0.287281413657499	0.431957742363204	0.635140752903862
XLOC_029807	-0.624592679341185	0.139056850433095	-0.0141326445059606	-0.555231106858971	-0.487527655315896	-1.09899292600185	0.533796241726092	-0.0281837418713149	0.309761638697981	-0.566709580285941	1.15070285161964	1.24205275170431
XLOC_029812	-0.186374629980232	0.164151606648877	0.309755301224392	-0.102608310219811	0.020889748348166	0.0799780898093179	0.219985750217518	-0.556784976143038	-0.0471252534948947	0.148572111225866	0.0131063711675781	-0.0635458088037382
XLOC_029837	1.14573845417014	1.07161993980662	0.825936764104285	-1.36417999366908	-1.01457353896653	-1.46018903238909	0.907271250157978	0.823744249860447	0.971832720008968	-0.561492608658065	-0.891945057480931	-0.453763146944751
XLOC_029846	0.943161138829839	0.359960992471731	-0.309489601995797	-0.7633957440011	1.03264922177116	0.142714979574098	-0.814029710216935	-0.285748851232944	0.0792419008792651	-0.359870357096337	0.00491851286317768	-0.0301124818461576
XLOC_029860	0.354491476414432	1.60349905135874	0.890586000870923	1.32235701820385	-1.38134556498231	-1.38134556498231	-1.38134556498231	-1.38134556498231	-1.38134556498231	1.4190325854748	2.69810725757113	-1.38134556498231
XLOC_029880	3.15673312724883	2.92920879184718	2.92956629507433	-2.84167768278957	-0.879738248259929	-1.04688576840992	0.725228541505057	0.606705778900143	0.764907146540895	-2.84167768278957	-0.660692616077882	-2.84167768278957
XLOC_029881	3.15418031978228	1.84287950399682	1.129966453509	0.767749005673551	-1.14196511234423	-1.14196511234423	-1.14196511234423	-1.14196511234423	1.09898050344799	-1.14196511234423	-1.14196511234423	-1.14196511234423
XLOC_029882	3.24753555921379	3.67800939051052	3.18853608339436	-1.60888436452425	-1.60888436452425	-1.60888436452425	1.23919715187489	-1.60888436452425	-0.0910876333237987	-1.60888436452425	-1.60888436452425	-1.60888436452425
XLOC_029892	-0.171965375944292	-0.1435899422223	0.0279129628387436	-0.0823908985600736	-0.0940336002357878	-0.877011635742514	0.481924721226318	0.611000926186893	0.202206798668127	0.204373323838285	-0.138574507212015	-0.0198527728413866
XLOC_029894	-0.224055959077521	-0.0453497961778346	-0.031745732027483	-0.243554591711812	-0.392024134316436	0.0721691580971839	-0.151447455056203	0.161182891381902	0.0755421661820925	0.182139216883666	0.184266724429197	0.412877511393241
XLOC_029896	0.295746395623831	0.150289823522613	0.296648946490205	-0.570673833992751	-0.280229567327723	-0.613734077446606	-0.234683319011445	0.26940963803774	0.0466570284450061	0.574445895235146	0.181639681763222	-0.115516611339236
XLOC_029927	0.548383269057295	1.37367177770063	0.82320405624895	-0.115688637199403	-0.857451785855924	0.252538379816189	1.35462925017004	0.257351302454055	-0.0989809729735742	0.632637447143928	-1.35090286617662	-2.81939122038556
XLOC_029935	-0.263369652499503	-0.109982267603168	-0.384737584661671	0.866352764926117	1.01629582371207	0.697564962248594	-0.774313265962236	-0.399131602308097	-0.279352886488095	0.279591789492314	-0.224228020497652	-0.424690060358674
XLOC_029942	-0.572220743318989	0.291334427351685	0.490822682211202	-1.04261830362213	-0.137528841231019	-0.0227370528684236	1.82568733500825	1.01214399421194	0.913776377842342	-0.790975614144604	0.00820027026947745	-1.97588453170971
XLOC_029947	-0.933007315929546	-0.395496949527788	-1.43590776473109	0.131131454333214	-0.243435582872487	0.501978921296409	0.731565650943935	-0.640432608797283	-1.02643109950939	1.34340261580426	1.00846141780613	0.958171261183639
XLOC_029967	-1.41907692130154	0.737387945969284	2.76945216335803	-1.41907692130154	-1.41907692130154	-1.41907692130154	1.7102946200764	0.379608518489842	-1.41907692130154	-1.41907692130154	0.761908145410143	2.15581013450557
XLOC_029972	-0.642695065597166	0.123096608486436	0.25705559475855	-0.373716968720596	-0.883624073686334	0.0590087479287682	-0.0716449232833343	0.482253384110008	-0.220107730480082	0.323986419242789	0.457399633729223	0.488988373511738
XLOC_030002	-0.15220516342364	-0.940605232009108	-0.115752474039428	0.38825343284695	1.28297300840258	0.488797961544579	-0.88144437125553	0.240406486450961	0.097771067713265	-0.0637895946603022	-0.225454987882149	-0.118950133688182
XLOC_030007	0.480456285936193	-0.0563689081200653	0.240379440713681	-0.449344313133152	0.379290064306804	-0.346485758525377	0.623903929439176	0.00907364350122286	-0.308393214148051	-0.245006140268081	-0.474095109153416	0.146590079451071
XLOC_030008	0.666081322699557	-0.256264833263894	0.0386635171152818	1.0910543081751	0.555757577525996	0.691685843046058	-0.261830552512838	-0.651197604898802	-0.666673463081509	0.0925992517042227	-1.05547028726855	-0.244405079240621
XLOC_030009	4.74018328017304	4.51369648335606	4.38693451412172	-1.81791383611809	-1.81791383611809	-1.81791383611809	-1.81791383611809	-1.81791383611809	0.902496411293901	-1.81791383611809	-1.81791383611809	-1.81791383611809
XLOC_030010	3.7631323445399	2.30281820834831	2.98360192946683	-1.20492715519274	-1.20492715519274	0.589864759186909	-1.20492715519274	-1.20492715519274	-1.20492715519274	-1.20492715519274	-1.20492715519274	-1.20492715519274
XLOC_030014	0.896640902648055	0.00622046053731484	0.355290429276673	0.671603791120301	0.163021067772907	-0.300388811413403	-1.09034448142988	-0.360904540724921	-0.980095734940289	0.615736740339895	0.000375813473303843	0.0228443633400497
XLOC_030045	-0.0811036312162159	-0.424577668664189	-0.35737401639568	0.503628313909404	0.374824637571139	0.521254977349317	-0.905784807140762	-1.12504265537102	-1.07960369984192	1.17264635075739	0.793637321144089	0.607494877898443
XLOC_030060	-0.15687463403977	0.593519917266431	-1.79032465534193	-0.849365742227731	-0.408807519125691	0.130535242879047	-0.16009008155635	-1.48741795928458	-0.0705509946577383	1.35605210308122	0.973880087665635	1.86944423534145
XLOC_030063	-2.07203230804502	0.0824624608608993	0.359889284547106	-0.937699347463314	0.201634928006548	-0.387115296294337	1.30712330135262	1.74388012199152	-0.214980854703674	-0.554846263633229	0.587163217530446	-0.115479244149558
XLOC_030075	-0.190271492220149	-0.743789578766089	-0.605058279276049	0.409836012993516	0.11130781686613	-0.110085001354317	-1.94550584753647	-0.59563106964796	-1.18700253460515	1.42719668389251	1.62984351260388	1.79915977705016
XLOC_030086	-0.245851848971306	-0.702171994139927	-1.34467078131073	-0.196420766790588	-0.0275605232452545	0.397832668162212	0.249460873590812	-0.157620831988555	-0.451137437863235	0.519925515629086	0.558884550911694	1.39933057601578
XLOC_030098	0.395420119182464	0.461621094012217	0.298273433098429	-0.771374743664205	-0.859406484595641	0.0195984785558787	0.344474764437301	0.136306342587688	0.259439191369618	0.111424356221349	-0.210441902348173	-0.185334648856921
XLOC_030105	-1.10504752414396	1.05141734312686	-1.10504752414396	-1.10504752414396	-1.10504752414396	-1.10504752414396	0.245509448051167	-1.10504752414396	0.412749207056489	1.69533062631315	2.43149244930904	0.793786071007085
XLOC_030109	1.2003338287396	-0.535503212657146	-0.535503212657146	4.15469829783187	-0.535503212657146	-0.535503212657146	-0.535503212657146	-0.535503212657146	-0.535503212657146	-0.535503212657146	-0.535503212657146	-0.535503212657146
XLOC_030134	0.370543857567756	0.0299016511748009	0.0766078316672338	0.493357306986998	0.705455923500742	0.107138045204046	-0.939928055448458	-0.513581527782445	-0.185690457564114	0.252230342208814	-0.209104128039917	-0.186930789475454
XLOC_030135	-0.184127186562588	0.0132631398916931	0.076164396434157	-0.0702419776304239	-0.0424506414711061	-0.00220259905322706	0.0910567897106773	-0.0066227774174159	-0.138272105509202	-0.181399794424218	-0.0322338097936949	0.477066565825346
XLOC_030138	0.683861678697067	0.820670275015853	0.0423073728330277	-0.98369017578892	-1.55867700894051	-0.00460824149283567	0.150223820984826	0.149567029717985	0.497155037330081	0.458322296516726	0.579875436170719	-0.835007521044025
XLOC_030140	-2.98281688215419	-2.98281688215419	-2.98281688215419	-1.07310276413641	0.670631819915283	2.06617730388245	-0.134735365755046	1.56013315922607	-1.46502015095374	1.76422281066388	2.81903471357386	2.74110912004623
XLOC_030142	0.400144741436735	0.177726116557229	0.107241629985623	0.00734159724330929	-0.0656975363284165	-0.175694170865922	-0.0449600663812202	-0.0736112950699486	0.0119113727899283	0.0142913580117732	-0.096192478994773	-0.262501268384328
XLOC_030147	0.0296932992965937	0.101168944259471	0.0136993854680156	-0.00680064161990401	-0.43253605829847	-1.08041275502427	1.08431050629907	0.884805130542284	1.07839695837945	-0.475971494725714	-0.909683242855363	-0.286670031721164
XLOC_030155	-1.08059931452973	-1.32694696148671	0.711136811906344	1.2709268470191	-0.104492159774056	0.900482709200106	-0.523651396041629	-0.43431598395456	0.304575179392122	0.169876040106957	-0.505049118513576	0.618057346675626
XLOC_030160	1.47090349231889	-0.742145676668389	-0.647151596829781	-2.19057157327728	-2.19057157327728	-2.19057157327728	1.71159456636154	-0.391886133485895	0.529838674134709	0.972116228492437	1.34596840017572	2.32247676533261
XLOC_030175	-0.263689697933615	-0.403189346830583	-0.583601252679934	0.529563087094471	0.847668528686197	0.943982349891561	-1.10152825721364	-0.435550419079961	-0.58216981836572	0.375714241817708	0.270386390169296	0.402414194444221
XLOC_030184	-0.562957642345999	-0.514390403789641	-0.536975765728703	0.294089275194694	0.351308193784567	0.44327640550948	-0.700328986127613	-0.166374493273253	-0.255754822800784	0.545560143827575	0.569851890506139	0.532696205243538
XLOC_030195	-0.30291979836551	0.465645134309757	-0.021953839346101	-0.456559775933595	-0.671541667006368	0.201746079262378	0.489623625141316	0.503942169649608	0.86213718515399	-0.577978345346372	-0.312049790330091	-0.180090977189016
XLOC_030218	0.365915925304371	0.412978880553514	0.330372986263104	0.247596472321009	0.114618455602386	-0.0483324351553591	-0.169606233030407	-0.0189696447360266	0.251257802054704	-0.38408527136715	-0.550707314758791	-0.551039623051363
XLOC_030223	-1.06969280055539	-1.06969280055539	-1.06969280055539	-1.06969280055539	-1.06969280055539	-1.06969280055539	-1.06969280055539	1.5051454613552	0.448103930645068	0.509844586603116	3.40330398048495	1.62145164479936
XLOC_030249	-0.408588243069632	0.22894951599216	0.171953983998139	0.167658988043007	0.072410797766449	0.41460603464873	-1.67446100604686	-0.324586228158347	-0.710584718870453	0.754926845824058	0.349153105696661	0.958560924176089
XLOC_030262	-0.981829028398251	0.194000868379485	0.832546875732899	-1.29871367717418	-0.476399687264388	0.16178357048299	0.817480350525451	1.14521213767473	0.505031998672684	-0.140170922735572	-0.201132332204175	-0.557810153691673
XLOC_030266	-0.662833515195833	0.061153269387721	-1.12436862200226	0.685652095834991	0.331671665007747	0.260504531254441	-0.921693884195044	-0.192253943490081	-0.349255360429894	0.811608357127939	0.311394757227116	0.788420649473155
XLOC_030271	-0.278831414469904	0.471563136836298	0.709285416339014	0.343036867044079	-1.42043877208852	-0.74078906690185	0.949280834210975	1.24685579634075	1.82388208016308	-0.491290996742127	-2.00322793491361	-0.609325945818184
XLOC_030279	-0.677771576136497	0.136928456510081	0.502121977407748	-0.294529853574393	-0.366123202898748	-0.0436961347082043	0.24459921967868	0.269851418540803	0.121610248284584	0.013284924630554	0.0194710604023758	0.0742534618630106
XLOC_030282	-1.46873129516743	-0.700039926320873	-3.96989844194643	0.866705586450681	0.788329261219837	1.27972658754208	-0.225646422563308	-3.96989844194643	-0.157940638370873	2.59189843486076	2.26328538520156	2.70220991104041
XLOC_030283	-1.2322655300305	-1.57696780953866	-0.330951538455641	0.152803441986036	-0.45730288220036	0.00514833808918258	-1.69773447524259	0.464523617478166	-1.49248706101727	2.09145424880325	2.2405481690322	1.83323148109619
XLOC_030299	0.240890461974844	0.150295158292041	0.18634933966896	0.448529400552916	0.460305209917644	-0.150510294187332	-0.0702295062841491	0.00316804334313225	0.327260362658535	-0.271726145270112	-0.72742934762846	-0.596902683038019
XLOC_030300	1.41930544506631	1.71998235069405	2.1907136578794	-2.31325518289851	-0.270706265398502	-0.484388286017617	-0.320803161277475	-1.14622677807667	-0.0714509112532067	-0.143172702200177	-0.686429327463288	0.106431160945683
XLOC_030317	0.712575202911861	0.166840898941631	0.24138589316665	-0.603360900355097	0.43417586954443	-0.246776886637604	-0.640276701553782	-0.576624210908525	0.146272126850163	0.452240929626234	0.0511318702979278	-0.137584091883887
XLOC_030337	0.266448188337717	-0.0516976155845263	-0.158122216348004	0.0875649020028106	0.72896745928481	-0.132314299368603	0.27058692795457	0.211434776725995	0.664498235156319	-0.68265474876611	-0.37659535438358	-0.8281162550114
XLOC_030339	-0.455004310806541	0.65257923577853	0.12553791626123	0.63446478674622	-0.158147661893656	0.114543772398386	0.359511494884567	-1.4922160673433	-0.757000786607362	0.467531820488625	-0.489505767629469	0.99770556772277
XLOC_030390	0.0724831728880977	0.00148935217076929	-0.118014263398403	0.669521990383949	0.183065841948642	0.216140989907885	-1.42965420729948	-0.402630441387948	-0.854739879927417	0.404697221271443	0.337277321958029	0.920362901484431
XLOC_030403	-0.85012381902613	0.563425694216903	0.149696293883574	0.0419352239499755	-0.14962052717882	-0.131447311175453	0.684799003952387	0.431453672512175	0.0715327253638449	-0.552242643700078	-0.0246192265267995	-0.234789086271571
XLOC_030412	-0.378085546231354	-0.798329208577974	-0.398161911023186	0.286014268583365	0.127636681286756	0.371038501097058	0.224613847712552	0.894520013038662	0.0978641401196283	-0.286969170776605	-0.243991304539382	0.103849689310478
XLOC_030418	-0.00775873729913634	-0.261974968693881	-0.489622136679472	0.532273936297326	0.676679893820335	0.0441359963995929	-0.0355443158704283	-0.451135854410886	0.172098724175045	0.0279789783326869	-0.050049928606553	-0.157081587464623
XLOC_030419	-0.865894061495486	0.291955600466049	-0.0822498159933289	-0.588750515430333	-0.37900321260997	0.227867739908381	0.0843502843221362	0.408590914230999	0.0476766243837217	0.362197527156534	0.179035522261626	0.314223392799674
XLOC_030433	-0.227777094752595	-0.229881840665648	-0.319345558409715	0.718487658843149	0.610966242779556	0.450969114059411	-0.308296613241431	-0.132152044601797	0.223455756023283	-0.117317378531586	-0.314487130646798	-0.35462111085582
XLOC_030452	2.11774021330779	1.08557647314822	-0.000314875840881745	-1.54373485228838	-1.54373485228838	-1.54373485228838	-1.54373485228838	-1.54373485228838	2.75164581903096	0.771677674509833	0.637250214423306	0.355098742862669
XLOC_030454	-1.60793271866999	-0.960058470711902	-0.364899169623746	0.874197078893411	0.502574122506466	0.809133523586183	-1.00859652286099	-0.167623587597561	0.652883281183455	0.707469742002746	0.144466570580697	0.418386150711234
XLOC_030458	4.74654538958644	4.93368518285498	5.1461919750711	-1.84680160687691	-1.84680160687691	-0.0520096924972555	-1.84680160687691	-1.84680160687691	-1.84680160687691	-1.84680160687691	-1.84680160687691	-1.84680160687691
XLOC_030459	1.0024458846895	-0.225220065821859	-0.330484291009057	0.153270689432621	-0.456835634753776	0.804758877657246	1.73962192606607	1.42513864615603	1.45318652143077	-0.280936761833416	-1.55198036265122	-3.73296542936291
XLOC_030460	0.193462139597978	-0.523061844668559	0.162102154269906	-0.245389229455487	-0.288933461078408	-1.25602114231041	1.85095171862066	1.84744517776212	1.32049496107458	-1.20860018984281	-1.22591699871661	-0.626533285252957
XLOC_030461	-0.849611714192955	-1.3621929042468	-1.03440324262545	0.948752129335035	0.814138537513113	1.22662319440916	-2.11580290306958	-0.429959475034709	-1.86645065304531	1.35763935738924	1.35150279599553	1.95976487757271
XLOC_030462	1.32366912221542	0.871000672150342	0.562398811824997	-0.407934180176577	-0.810576697061025	-0.465846848374263	-0.715376692136943	-1.02671479586166	-0.260595194653403	-0.231581287735663	0.707958998676723	0.453598091132049
XLOC_030478	0.109474862234801	0.0812580146871396	0.019987021470941	0.927411179297232	-0.132697420527397	0.191782692664555	-0.0360151753399975	0.514990340167778	0.368076102607416	-0.393975539746251	-1.35712917896184	-0.293162898554372
XLOC_030479	0.341802108951476	0.158006191302232	0.158986628641692	-0.49362303338479	-0.222108085768251	-0.376304120769208	0.611291026008681	0.585541511423437	0.707986051225681	-0.366925820161536	-0.507165735341254	-0.597486722128165
XLOC_030496	1.33359773785409	1.30273723213657	0.858165560198731	-0.764675905670906	-0.696649712993655	-1.71629640126124	0.81106915481973	0.46390335336592	1.01413068438575	-0.604761148503867	-0.418741107299117	-1.58247944703201
XLOC_030511	-1.10941589967088	1.04704896759995	1.16251566618236	-1.10941589967088	-1.10941589967088	-1.10941589967088	2.45749032462375	1.96732662316874	1.13152971612134	-1.10941589967088	-1.10941589967088	-1.10941589967088
XLOC_030533	-0.168828751691802	-0.178373842579911	0.17057895396867	0.143195870595592	-0.21436229313808	-0.160641823503131	0.830618091601773	0.556943848711832	0.632558681439805	-0.25736056417272	-0.240696992427516	-1.11363117880452
XLOC_030547	0.922405525692096	0.765836638716246	0.674972675897781	-0.10219896305369	-0.265454722082056	-0.377277347967203	0.663116057401075	0.63963540908221	0.788350094220801	-1.11818840529695	-1.50379847869619	-1.08739848391411
XLOC_030550	0.744250720617831	0.0467122515744443	0.26527173933902	0.374121467919281	0.180635803352034	-0.53239568705639	0.0839179126120548	0.601703308403243	0.647694955846253	-0.436735029230126	-1.16422920110695	-0.810948242270707
XLOC_030553	4.97846427810613	5.14655946823977	5.06936679216307	-2.25195142809312	-2.25195142809312	-2.25195142809312	0.246382624325402	0.322886833817471	-2.25195142809312	-2.25195142809312	-2.25195142809312	-2.25195142809312
XLOC_030554	4.88067520927547	4.5695422236596	4.29384370336584	-1.52711790403343	-1.52711790403343	-1.52711790403343	-1.52711790403343	-1.52711790403343	-1.52711790403343	-1.52711790403343	-1.52711790403343	-1.52711790403343
XLOC_030555	0.128252288237067	0.128135589401481	0.128493092628631	0.594672711662609	0.165148020746786	-0.0600914346507873	-1.04274653977871	-0.387803044096438	-0.6971159778865	0.615994651505786	0.204099435655801	0.222961206574277
XLOC_030567	-0.834175058847348	-0.0858790880214304	0.374194342980553	0.394212870079732	0.652234427337763	0.9456112453841	0.0100976101337737	0.0590131879806632	-1.39659680863704	-0.0732085250012382	-0.105669063880457	0.0601648604909331
XLOC_030575	0.449832093349906	0.0559252761616884	0.461627700897749	0.189890724677218	0.512466390779174	0.43166449138889	-0.988778897974897	-0.44895814894418	-0.671840233888534	-0.102658170898992	-0.153558462750496	0.264387237202468
XLOC_030583	0.358440754468659	0.0659213939734098	-0.348509873729374	0.592549797834411	-0.177290618695944	1.0487602050997	0.312425079953703	0.781133515935194	-1.29731324155009	0.138800835658666	1.00321911548436	-2.47813696443269
XLOC_030603	0.435730253407425	0.195267526278159	0.960138458456716	0.405673938103014	-0.391962632303987	-0.157883416220711	0.163701254343836	0.13120057524916	0.610136618803294	-0.627724808514635	-0.882341869547761	-0.841935898054509
XLOC_030605	-1.78777413164142	-0.339348235032531	0.965945896157295	1.42511634732601	1.48835566296771	1.28415546856033	0.247924069925479	0.787064130269166	1.29188318639223	-1.78777413164142	-1.78777413164142	-1.78777413164142
XLOC_030609	1.51398588065844	2.02191815878737	1.20477278918462	-2.68760003142744	-3.42936318008396	-1.65272159971493	0.815320859144605	-0.570141415932134	0.983657877613091	0.328628581807556	0.80758567695139	0.663956403011388
XLOC_030611	0.482804972263037	-1.25303206913371	-1.25303206913371	-1.25303206913371	-1.25303206913371	-1.25303206913371	1.24530198328481	-1.25303206913371	0.264764662066746	1.90965573263601	2.9698635385343	0.645801526017342
XLOC_030612	-0.829578205068144	-0.829578205068144	-0.829578205068144	-0.829578205068144	-0.829578205068144	-0.829578205068144	-0.829578205068144	-0.829578205068144	0.68821852613231	1.48583432173007	3.39331740259986	1.06925539008291
XLOC_030616	0.287777478838193	-0.182529651823537	-0.172912298514191	0.993891118396802	0.556374021156353	0.370803619908552	-0.451252075039849	-0.533763975428721	-0.362340646518803	0.0391955947098044	-0.0670757210089494	-0.478167464675656
XLOC_030627	0.69163233901656	-0.00902951630193716	0.55709046817605	-0.155015472798557	-0.320431075924252	-0.018071025346341	0.469477623802319	0.673983903500685	0.769828549606306	-1.11822643318588	-1.00507983194892	-0.536159528596027
XLOC_030628	-0.595846269163442	-0.482694284962955	-0.0707202665507394	-0.0682860579961853	-0.2916531820139	-0.314280739407576	0.786689814624027	1.11754026041827	0.401800964517869	-0.927868817257863	0.143512254879044	0.301806322913458
XLOC_030629	0.419118155280831	0.055054130768216	0.770032990876502	-1.33768179027097	-0.930708524751244	-0.517151291946818	1.20346289304444	1.14014201155744	1.24241619809388	-0.760581360925929	-0.700827266237627	-0.58327614548871
XLOC_030632	-0.280489321330852	-2.0163263627276	1.09793845859473	-2.0163263627276	-2.0163263627276	-2.0163263627276	-0.665769390532464	0.558511899182993	1.06333095530606	2.06347023598852	2.66975192062188	1.55856069307952
XLOC_030640	-0.326445772054357	-0.718062322024979	-0.345325561016019	-3.98792083765053	-0.334472135581057	-1.41762831349796	0.940549247416949	-0.244285828390394	0.438264615104864	2.27082469909052	2.06498961829842	1.65951259030455
XLOC_030641	-1.23729966741346	-1.23729966741346	-1.23729966741346	1.4664029157727	0.724639767116177	1.33299285673911	-1.23729966741346	-1.23729966741346	-1.23729966741346	2.21472900011603	0.231188686795482	1.45384477794129
XLOC_030650	0.0850895074655487	0.334880646972536	0.63386843340008	0.140477905669514	-0.390819649937924	0.078508899936371	0.331981610726265	0.0839002553961672	0.545730769712803	-0.849116313221492	-0.592343674468475	-0.402158391651397
XLOC_030653	0.315734092491194	0.286647485454246	0.231651380368378	-0.136811898681104	0.113906427250079	0.513049121595047	-0.344261120517997	-0.299558314326667	-0.251104090006622	-0.313050013137003	0.0743206351608787	-0.190523705650422
XLOC_030712	1.09608371233827	-1.90250163849235	1.74009363814216	1.68599529988711	0.0594377960372903	-0.107709724112698	-1.90250163849235	-1.90250163849235	-1.90250163849235	0.412910888305864	0.753298612735838	1.96989633063556
XLOC_030720	0.568987783198196	0.310027325724496	0.197985600182401	-1.37083777238797	-0.569911682284595	-0.798036691443391	0.807637081255752	0.78532834892237	0.846335499321651	0.31191300581564	-0.147131535740273	-0.942296962564275
XLOC_030722	0.700770081630179	0.483289386180313	0.562704412092145	-0.959073934072787	-0.284669457344833	0.126654472380473	0.619946641710547	0.0918711997311279	-0.0893636289566331	-0.104969930205047	-0.43087720415446	-0.716282038991022
XLOC_030723	0.407319217222296	0.241276996638875	0.158076263507199	0.0685102989711348	0.317027806251964	0.210465768897798	-0.341624465688012	-0.036382274431519	-0.0446492477581959	-0.218506184886167	-0.611583061972533	-0.149931116752841
XLOC_030725	0.292291419362559	-0.405701273219136	-0.0197109097972437	0.332795494663145	0.633694505716882	0.913649665906117	-0.718492932894714	-0.546660236703793	-1.35509707401421	0.346663845288105	0.0721741886908696	0.454393307001419
XLOC_030753	-0.410730076600617	-0.913678266846175	-0.1440143307403	0.191376403630686	0.125684698773632	0.611369100988322	-0.559089720673248	-0.59682501587589	-0.240024807498965	0.2594188142733	0.544497382346582	1.13201581822267
XLOC_030755	-0.36209664004029	0.473563463544989	0.399078318090366	-0.426617498023802	-0.499024420204843	0.222543528458565	-0.690646108932454	-0.119242716940503	-0.792019042291034	0.254873550620289	0.458695928810645	1.08089163690808
XLOC_030759	0.698208576445257	0.422410669353217	0.834381691165516	-0.0164057483466262	0.506151233722456	-0.174552400927896	0.412222806468726	0.703532334059151	0.396668188045719	-1.24177472269913	-1.03324565978239	-1.50759696750401
XLOC_030783	-0.268603412853055	-0.18542453888802	-0.183376721953687	0.454003478576837	0.367816566468047	0.226725592478124	-0.444280633275772	-0.24330729733369	-0.038182193843733	0.124469880399387	-0.00249753815889697	0.192656818384458
XLOC_030791	0.295330230942916	0.240733413578158	0.161511621122975	0.328014930888737	0.441866807330051	-0.725800590552226	0.279017553931652	0.262716718929696	0.617776212223527	-0.604910568472475	-0.711389132593023	-0.58486719732999
XLOC_030792	-0.101003558074201	-0.704182974337646	0.50905843709491	2.26042426165138	1.64473567841101	1.86094352687764	2.4587211757421	2.49521568244222	2.20393644106082	-1.90793044526975	-5.35995911279924	-5.35995911279924
XLOC_030795	0.553119059448295	-1.40437035265725	0.627693864731491	2.02037162913984	1.34405996087367	0.177745794970596	2.70511135105157	2.29757883286701	2.36119551935902	-3.56083521992808	-3.56083521992808	-3.56083521992808
XLOC_030796	-0.507630481624072	-0.507630481624072	-0.507630481624072	-0.507630481624072	-0.507630481624072	-0.507630481624072	3.78524985807341	1.29105495816731	-0.507630481624072	-0.507630481624072	-0.507630481624072	-0.507630481624072
XLOC_030820	-0.413304435594828	-0.0110461960502839	-0.219199859391682	-0.883701995897972	-0.605809379021038	-1.0331322577838	0.924819800524466	0.329070410917529	-0.0709853999615291	0.467270282816814	0.363569367757802	1.15244966168453
XLOC_030828	0.628248995083707	0.0811623457735768	0.485913371466848	-0.821551985616861	-0.42294669051511	-0.650124919807659	0.323530196593888	0.367728914487492	0.653321840402737	-0.29886124978836	-0.390274051894374	0.0438532338141187
XLOC_030834	0.148581258111256	0.502423876784495	-0.126277652439871	-0.183172042007079	-0.608965142114926	-1.94784647020243	-0.166682719789572	1.16790453884221	0.0105626280959479	0.3985322538722	1.31166720264207	-0.506727731794298
XLOC_030849	-0.12220257639822	-0.546327148060334	-0.493174191329856	-0.551050252704413	0.141972777920803	0.414763219139556	-0.889604385795028	-0.2761397026157	-0.629410319238563	1.66860967743997	0.791466449675778	0.491096451966
XLOC_030864	0.244380489228638	-0.397331837718024	-0.183618897171982	0.563295679618275	0.602362501782157	0.045403802482749	-0.886629956038778	-0.683967907519607	-1.05459455204481	0.317347784414977	0.475104711452621	0.95824818151379
XLOC_030895	0.609615192593399	1.61619340935545	0.862168073613124	-1.89155195418559	-1.89155195418559	-1.89155195418559	0.956529562213553	1.55683150750412	-0.373755222985141	-1.89155195418559	2.33134365348241	0.00728164096545547
XLOC_030898	0.0367694305618107	0.243916216361893	0.183547620281039	-0.554705031617785	-0.16720736853466	-0.597550058960335	-0.246853228678717	0.0912840701366591	-0.125552649319156	0.187510662610762	0.529064001992814	0.419776335165677
XLOC_030905	-2.91835507903983	0.0664895373012255	1.27017400561974	-2.91835507903983	1.83987262412643	-1.12356316466018	1.25566539151577	2.23974899647911	1.23316331062325	-1.33881769188133	-0.262554827811643	0.656531976767285
XLOC_030908	3.19083824074529	3.65870070627419	4.5539115519574	-1.26705005544188	-1.26705005544188	-1.26705005544188	-1.26705005544188	-1.26705005544188	-1.26705005544188	-1.26705005544188	-1.26705005544188	-1.26705005544188
XLOC_030909	1.63287792988728	3.29006871751827	3.32878908550081	-1.36570742094333	-1.36570742094333	-1.36570742094333	-1.36570742094333	0.432978018848055	0.875238194848891	-1.36570742094333	-1.36570742094333	-1.36570742094333
XLOC_030912	0.00707311043570247	0.257301141232653	-0.127468760404808	0.296198383280943	-0.0931648862825556	0.36585258439853	-1.04290289258272	-0.611929280342499	-0.528093794412686	0.7433473788854	-0.110159815516909	0.843946831308953
XLOC_030917	-0.307195217928061	-0.574298654359884	-0.364303406650178	0.686588367532018	0.724572677556518	0.256618466930725	-0.14819139892516	0.0150367514437217	0.116896590867599	-0.0231428402892284	-0.218619043107482	-0.163962293070583
XLOC_030921	2.90807119442571	-1.20588308495067	0.337536891496832	-1.20588308495067	-1.20588308495067	-1.20588308495067	-1.20588308495067	-1.20588308495067	-1.20588308495067	1.10952944184755	2.09227506851051	1.99376899837408
XLOC_030928	-1.20082551878237	-0.147561617483134	0.323990656490385	-1.15345664499558	-0.337091805602675	0.15818003891319	0.615825260861652	-0.151280232681062	-0.73731235055597	0.723813096919245	0.769716692010883	1.13600242490543
XLOC_030949	0.666597046024952	0.63501423323357	0.729766771762341	0.454142504798344	-1.08921417058377	-1.59805327137811	0.863103945067896	0.389591591864492	0.691304215883888	-0.525705810859148	-0.688118188322783	-0.52842886749167
XLOC_030958	-0.791306446705546	-0.791306446705546	-0.791306446705546	1.11840767131224	1.17063298782409	-0.791306446705546	3.25317997405507	-0.791306446705546	-0.791306446705546	0.788230940452956	-0.791306446705546	-0.791306446705546
XLOC_031002	-3.27810924772274	-3.27810924772274	-3.27810924772274	1.41209226276628	-3.27810924772274	0.165314687000713	2.14321093188743	1.66431951497895	-0.198451929689083	1.7583811629488	2.81270623290628	3.35486412809158
XLOC_031004	0.814032914267624	0.912657458013697	1.13846383184739	-1.25024589312797	-0.998806878828826	-0.25339237465993	1.00773616590639	0.264653853753806	0.645434650037656	-1.35354778249947	-0.410023313737344	-0.516962630973025
XLOC_031006	0.91023117456833	-0.639928279653393	0.18357738959095	0.615348406923875	3.64296942769046	1.65022683863639	-2.08835417626229	-2.08835417626229	-2.08835417626229	0.712023974194825	-0.619865822053341	-0.189520581111235
XLOC_031013	0.0270000001034587	-0.214203209636908	-0.316085674863514	1.04384476885639	0.626135598898946	1.02939567973546	-1.77890811238424	-0.0930646843493639	-0.825437447851087	0.143812673589686	-0.0746993705715493	0.432209778472712
XLOC_031020	1.3178407544761	0.47572027091631	0.591186969498718	0.228969521663269	1.08302963318226	2.69479842350728	-1.68074459635452	-1.68074459635452	-1.68074459635452	2.01217740852866	-1.68074459635452	-1.68074459635452
XLOC_031023	-0.286645566727245	-0.853812628495231	-0.160884837304238	-0.0543323524253978	-0.79227082739662	-0.061031500333109	1.12222637893941	1.11388018988068	0.513633764090748	-0.664737264198296	-0.521638255246402	0.645612899215706
XLOC_031041	-2.27296161496588	1.23478374857517	-0.729541638518383	2.41723989552313	0.490812614570895	1.91982984910833	-2.27296161496588	-2.27296161496588	-2.27296161496588	1.80683498375023	1.0251965384953	0.926690468358862
XLOC_031044	0.0957713328639365	-0.824765637950403	-1.05589022649274	1.1599101031267	0.785343065920995	-2.01481833991181	-1.31127620187294	-0.732867731451841	-0.729952936257806	1.53999198840703	1.50801807578023	1.58053650783866
XLOC_031049	-1.3506119735903	0.0978139230185915	0.921319592262934	-1.3506119735903	-1.3506119735903	-1.3506119735903	-5.50013951687855e-05	-1.3506119735903	0.890333642201921	0.228925413568201	2.39044721607821	2.22427508221682
XLOC_031054	1.01191842888504	-1.98666692194557	1.65592835468894	-1.98666692194557	-1.98666692194557	-1.98666692194557	2.05781949881504	-1.98666692194557	0.733743325466416	2.64937002969265	-0.518178567736629	2.3427335399164
XLOC_031077	-1.23620791985555	-3.44925708884283	-2.62575141959849	0.840810646973655	0.374569601430464	0.60864881751374	0.170656717796374	0.357264855687107	0.674850724039257	1.43412343882499	1.15522747049723	1.69506415553405
XLOC_031078	0.645488779678558	0.843879095549807	0.790636042687835	-0.488270412378613	-0.515131274888857	-0.424903043644063	-0.626621111142956	-0.242989353703758	-0.226480905098558	-0.0838431020682222	0.300468872627393	0.0277664123814354
XLOC_031080	0.602987798574275	0.63776103546869	0.616370879959278	-0.814463519048808	-1.19835404984518	-0.407020305912207	-0.203388512052799	-0.0416555373840177	-0.200768909606696	0.566863949355811	0.566499314110838	-0.12483214361918
XLOC_031084	-1.52968478870716	-1.47925683054616	-0.207594054220388	0.213481678569978	0.689453935865124	0.533020679294847	-0.057666018467061	0.15453086392449	-0.645038191039914	0.355460932459864	0.655690466587733	1.31760132627865
XLOC_031094	0.648963033981657	-0.229651120051236	0.645634212884964	-0.834217179757962	0.172239202075029	-1.85242159398486	0.430379232477188	0.120235923242836	-0.127333446818081	0.0930572771049842	0.533549255851234	0.399565202994239
XLOC_031108	1.61602482771391	2.6253627374008	2.80279936942125	-3.64293072701113	-1.68099129248149	-1.07263820285856	0.401555693749485	0.900019314369129	0.16902707656442	0.256357990627023	-0.630489655634748	-1.74409713186008
XLOC_031114	0.878094889232328	0.71219216055446	0.419719904262713	0.486133088786731	0.226130540442156	0.288666666855478	-0.461301077718709	-0.362471966671863	-0.0768790407566184	-0.448544269323351	-0.582774151383262	-1.07896674428006
XLOC_031142	-1.12487631423707	-1.12487631423707	0.418543662210429	0.784837803780716	1.63889791529971	-1.12487631423707	-1.12487631423707	-1.12487631423707	-1.12487631423707	2.03781148753265	-1.12487631423707	2.99404333083599
XLOC_031159	0.310506304905499	0.17466426628692	-0.551961416248826	0.802422548021795	0.115111283295341	0.539798686936622	-0.619141346846325	-0.737005137479538	-0.840928770777316	0.570695566016075	0.134640160742536	0.101197855147213
XLOC_031162	-0.27424811760585	-0.250672085092221	-0.139560129680946	0.476067842288089	0.403495382439408	0.607329062057481	-0.585099859209896	-0.315748615891261	-0.912060848357253	0.48517034925656	0.376559725045533	0.12876729475035
XLOC_031167	-1.52344457905592	-1.52344457905592	0.0199753973915813	1.68944589991152	0.438494855473722	2.85209844080587	-1.52344457905592	-1.52344457905592	-1.52344457905592	0.791967947742296	0.657540487655769	1.16769986629883
XLOC_031180	-0.326235685332339	-0.43356563898225	-0.519542039395629	0.522409584247963	0.228739899940357	0.55583447413808	-0.905060984715004	0.043794580697389	-0.884904924109764	0.893280750092204	0.0514616266678525	0.773788356751141
XLOC_031198	1.64178276078142	1.5044698811263	1.11870924146733	0.163940743040972	-0.0533193771174627	-0.522658830472433	-1.07774337544677	-1.17140635694364	-0.532888864054684	-0.0648465428428606	-0.190403168496581	-0.81563611104158
XLOC_031224	-1.75614808291466	0.0865173908033787	-0.726272747890904	-0.621815122332949	-1.47860363913614	-0.561941969671061	0.666586745864895	1.33131860486303	0.572025298324122	-0.238962038502864	1.25925470056833	1.46804086002482
XLOC_031231	0.183866936441943	0.00521216972754246	0.214607233422612	-0.134712624285616	-0.253181500930934	-0.252127131034705	0.491930146870656	0.370545174236932	0.511783300331698	-0.489119171489724	-0.205463348446626	-0.443341184843785
XLOC_031247	0.0355032228620393	0.361160177082733	-0.667151619587906	0.392422749730569	0.462131437581417	0.541727505246053	-1.04610431107285	-1.19254990923003	-0.549347999816618	1.15123960922216	-0.0280819268351653	0.539051064817604
XLOC_031251	-0.896253495652824	-0.896253495652824	-0.896253495652824	1.01346062236496	1.06568593887682	-0.896253495652824	2.6706527286418	0.902431944138561	0.621543235547629	-0.896253495652824	-0.896253495652824	-0.896253495652824
XLOC_031259	-1.3461600344414	-1.3461600344414	-1.3461600344414	2.24233690393807	1.92996976016773	0.448631879938254	1.15217401797712	-1.3461600344414	0.171636696759056	0.233377352717104	-1.3461600344414	0.552673560709652
XLOC_031277	-1.39989972272713	-0.464030485333878	-0.721632284272358	0.0993602229907831	-0.145402164576318	-0.0556562803940199	0.116038869727638	0.490134484552804	0.267252399608449	0.241339476880669	0.708706824431075	0.863788659112292
XLOC_031279	-0.348629997490885	-0.636041142278737	0.187464526965606	-2.08446703888763	-2.08446703888763	-2.08446703888763	1.28019411040013	1.36391642280208	1.28257826229395	-0.504929651729127	2.13842856878038	1.49042001691949
XLOC_031293	-1.82754843616095	-1.82754843616095	-1.82754843616095	0.876154147025206	0.936225793375823	2.7101758708592	0.670785616257566	-1.82754843616095	-1.82754843616095	2.68822295908146	1.18489263521543	0.0712851589900951
XLOC_031301	0.821950435788146	0.763666793642513	0.843081819554345	-0.879914682554766	-0.275439153501846	0.93260170423498	-0.827743014079283	-1.14090929678222	-0.756579327414505	0.318002579520622	0.115550232081092	0.0857319095109226
XLOC_031326	0.578293656777965	0.621136820668213	0.243298337453095	0.157269714894904	-0.101577062103806	6.37496812752048e-05	0.121913253620439	0.237387805651467	-0.100114483908937	-0.394439007357676	-0.75100603661972	-0.612226748757223
XLOC_031335	2.20203791415228	-1.45943715144389	0.812494414409342	-1.45943715144389	-1.45943715144389	-1.45943715144389	1.38864436495525	-1.45943715144389	0.781508464348329	0.120100235714609	1.55300391993249	0.439396443707157
XLOC_031344	-1.23165491344333	0.599537712315131	0.177851162447902	-0.702305568671966	0.18956182722808	0.257090867974918	-0.763705989542779	-0.657110354253699	-0.470721065024174	0.503384049130286	1.19076702441136	0.907305247428276
XLOC_031358	0.442702275491088	0.313002698006102	-0.0325792600452317	-0.340768438382352	-0.129428878781737	-0.165853643021021	0.451438095838512	0.0585009685910736	0.327732629378051	-0.59537148068062	-0.472887189356229	0.143512222962363
XLOC_031369	0.809924523121892	1.23055234899598	-0.925912518274852	-0.925912518274852	-0.925912518274852	-0.925912518274852	2.97625362136396	0.872772921516533	0.591884212925601	-0.925912518274852	-0.925912518274852	-0.925912518274852
XLOC_031374	0.0273159328575803	0.118937087505942	0.35456175733748	0.0765340389599318	0.0945366189537884	-0.132003219478686	-0.34591299011439	-0.235955057289002	-0.335677558589824	-0.0709574594876869	-0.0489156380809552	0.49753648742582
XLOC_031375	0.837399152444768	1.21438662793078	1.06350676598091	-0.664808806650031	0.229195291431378	-0.137978079922041	-0.384401555353393	-0.027455795257648	-0.370997358132763	-0.601660436560632	-0.323576878086259	-0.833608927825073
XLOC_031376	1.10390984593064	1.08821295022226	1.34553425209448	-0.19697792124952	-0.92106561958044	-1.24047219216615	1.2601209227198	0.924860785964382	1.35413228352404	-1.39511795530818	-1.16260665010027	-2.16053070205105
XLOC_031383	0.76734175164959	0.956130328519982	0.626288836963779	-1.8683864758537	-2.10117389257975	-0.938724794954446	0.64976549394798	0.57321907509509	-0.362379980422898	0.214639746325795	0.963351490529917	0.519928420778671
XLOC_031428	0.0408521457439353	-0.150087546736284	-0.0151650600969901	0.203474486060513	0.325094834269322	0.225899703632029	0.260379392642426	-0.0416611546676773	-0.166479404747465	-0.366715739199616	-0.704879370020395	0.389287713120195
XLOC_031429	0.988864117330754	1.47239213147902	0.943070605413166	-0.533957202744118	-1.78507727680437	-3.26641515703385	0.805553170440322	1.07655596798531	1.34578762877228	0.0601614127770285	-0.375128788064025	-0.731806609551523
XLOC_031430	-0.00562951494439634	0.656608233702975	1.12704834724971	-0.0833335861276527	-1.92550459495808	-0.895450934446253	0.975732765535893	1.03106613382796	0.729719132089313	-1.1943922961377	-0.0258916313939777	-0.389972054397796
XLOC_031436	0.908946545429844	-0.108192127594072	0.0370690017757473	0.690747197460529	0.627665069381951	0.46812142385339	-0.706019420554026	-0.299255799903695	-0.0728142989364997	0.158918239216795	-0.618193098176818	-1.08699273195314
XLOC_031441	1.20152291099583	-0.534314130400918	-0.534314130400918	-0.534314130400918	-0.534314130400918	-0.534314130400918	-0.534314130400918	-0.534314130400918	-0.534314130400918	-0.534314130400918	-0.534314130400918	4.14161839301336
XLOC_031447	-1.04296154293518	0.025516634251427	0.0727391661563752	-0.396029017989643	-0.135767024375187	-0.0444675738202562	0.225954897524446	0.0306419701258482	-0.156773805213884	0.582794416422761	0.337290285744337	0.50106159410896
XLOC_031449	-1.4163153803106	-1.4163153803106	-1.4163153803106	0.493398737707186	-1.4163153803106	-1.4163153803106	-0.0657584081154685	1.66042714252902	0.101481350889853	1.74637242145912	2.66313744224285	0.482518214840449
XLOC_031460	0.903370058549145	0.875153211001484	0.464213630459421	0.0567222467340276	0.418088876113296	0.508449859626971	-2.01732958881717	0.0114029453238311	-0.291064326023142	-0.510664178556883	-0.460622846845634	0.0422801124346517
XLOC_031467	-1.25742886035025	-0.614563651110202	-0.135472983462281	0.542723860698785	0.278580335023196	0.159654019693114	-0.111996326478081	-0.483961661846913	0.0120780686286102	0.441320949085139	0.446074368865712	0.72299188125317
XLOC_031474	-0.277421772100924	-0.16583591392626	-0.264294929961151	0.513511922931263	0.32157573544472	0.583425372260502	-0.968865721507783	-0.636570734419391	-0.858495886426648	0.682518313123968	0.349777230518532	0.720676384063168
XLOC_031490	-0.833513823251618	0.0377606762396381	-0.412005473025353	-0.166697342945322	-0.340400969062298	-0.856196789334063	0.14148376455926	0.667740758472747	0.0605157580432554	0.0640713656043239	1.07757050758699	0.559671567112441
XLOC_031534	0.600014828389716	-1.13582221300703	2.26665892534682	-1.13582221300703	-1.13582221300703	0.658969701372623	-1.13582221300703	-1.13582221300703	-1.13582221300703	3.37994918223538	1.04516285370466	-1.13582221300703
XLOC_031535	0.513688963919146	0.99736643348121	-0.444058206412347	-1.98747818285985	-1.98747818285985	-1.98747818285985	2.05700823790077	2.21047811142781	0.253467432932375	0.812899967597264	1.54906179059316	-1.98747818285985
XLOC_031553	0.162344729533826	0.0875573612040972	-0.530613576611428	0.270929764140614	0.494745566736481	-0.283692611051401	1.19607349371776	0.447647093035855	0.275025369454671	-1.18570491327929	-0.152187620865543	-0.782124656015633
XLOC_031554	-0.0633296448159451	-1.01642505460697	-0.750071392350408	0.262737818278973	0.00389104128026307	-0.450267953148833	1.17007920705762	0.0683745650062955	0.67232007869478	0.0636713569529634	-0.250408353692777	0.289428331344039
XLOC_031555	-2.73786417310778	-0.487539281448611	-2.96709975403354	1.19523334816996	0.325758686421626	0.943262281288538	0.841084868543846	-0.0809272443678388	0.850281672990024	0.819035777167963	0.81387913606218	0.484894682313643
XLOC_031562	-1.17871360668307	1.45059771875354	-1.17871360668307	-1.17871360668307	-1.17871360668307	-1.17871360668307	0.856984594883835	-1.17871360668307	-1.17871360668307	1.13669892011515	3.29428317435727	1.51243083867168
XLOC_031566	-2.46214572247307	0.0247374591853653	0.284557940850432	-1.16410393269933	-1.09527472274628	0.342942622130049	0.210755120281634	0.973536108793842	-0.201329722619625	0.494762648439517	1.2557855138805	1.33577668697697
XLOC_031584	1.37111933416372	0.318378083993623	-1.13004781261527	0.779666305402517	-1.13004781261527	-1.13004781261527	-1.13004781261527	-1.13004781261527	-1.13004781261527	0.449489574543233	3.09284779505274	0.768785782535781
XLOC_031596	0.239885266256116	0.785526034711992	-0.115174234465777	0.551464661674133	0.550028500178806	0.839980244253505	-0.269635329019997	-0.62157200586642	-0.232805611608563	-0.735458293279503	-0.191263599413685	-0.800975633420609
XLOC_031606	-0.300321900521386	0.0748136014779668	0.105720481269223	0.213286265901138	-0.113415886482246	-0.144195743362244	0.168380717699035	0.156162737149801	0.130173556723642	-0.160599015273751	-0.3772478593383	0.247243044757111
XLOC_031608	-0.598202810981383	0.612533065996796	-0.827438391907141	0.786866161035153	-0.335595728223598	-0.529077433607807	-0.601035905341856	-1.30068451796899	-0.019712639726722	1.84694688985122	1.37362682327996	-0.408225512405625
XLOC_031623	-0.290523719203783	0.420327878633153	-0.459514615694602	-0.0897137117070317	-0.92948639940032	-0.0613468706139697	0.228496449385796	0.338009033487246	-0.534225629735971	0.287955278244246	0.416272885517413	0.673749421087824
XLOC_031649	1.06281491709272	0.292444770249261	1.02963628970983	-0.180623292156732	-1.18436672819807	-1.64546565418719	0.760709366989484	0.276460405090416	0.924625760031001	-0.999485668196012	0.371363979246878	-0.708114145671593
XLOC_031687	-0.533491785983168	-0.173861079648087	0.941606759754214	0.83235544438691	1.18625121022217	0.32316234405635	-1.70026567673174	-1.08600220884955	-0.53425654679034	0.206853192561855	-0.356640437069352	0.894288784090735
XLOC_031714	1.13607769752493	0.656232514413576	1.2511748924925	-0.225852915664784	0.81168722197424	-0.37755976447237	-0.579082313778559	-1.30471932264445	0.00655581601875532	-0.673306185618048	-0.0670245009846901	-0.634183139261101
XLOC_031795	0.270185245982679	-0.111298588340158	0.103680392557374	-0.132521978157976	-0.40144717629392	-0.328968856509233	-0.092618982158502	0.271709948673365	-0.125544921840241	0.158090849489824	0.0853861916573555	0.303347874939437
XLOC_031801	0.261738396911189	-0.105242137759221	-0.733943666983587	0.318863410077613	0.922027179594696	0.822746005018351	-0.69897199988042	-0.469338009428963	0.0538778411004639	0.0369980725900056	-0.0743804193143243	-0.334374671925805
XLOC_031805	1.49929036666627	1.59791491041234	1.33332076077647	-0.381252877973255	-0.00360756584088495	-0.37077843962248	0.0199673384248475	0.145794487014402	0.606401537253229	-2.10812459618552	-2.25270249541445	-0.0862234255109691
XLOC_031808	0.610361483151004	1.03098930902509	0.417944418201759	-1.12547555824574	-1.12547555824574	1.44481696590683	-1.12547555824574	-1.12547555824574	-1.12547555824574	0.454061828912761	2.79467934427701	-1.12547555824574
XLOC_031811	0.896665939860523	-1.60450120691847	1.79797993143538	-1.60450120691847	-1.60450120691847	-1.60450120691847	0.893832845500051	-1.60450120691847	1.47515611111518	2.0884207979647	2.47495161563498	-1.60450120691847
XLOC_031819	-1.45371498439542	-0.00528908778652504	-1.45371498439542	0.455999133622369	0.508224450134223	1.61821461580634	-1.45371498439542	-1.45371498439542	-1.45371498439542	1.34666316606169	2.89964403338336	0.445118610755633
XLOC_031821	0.629616810870464	-0.261796037087834	-0.125308830545887	0.995821296573149	-0.32025035877553	0.96344949624973	-1.9380008592781	-0.896956538005387	-1.73275344505278	1.22783011806292	0.609768086702601	0.848580260286659
XLOC_031832	-1.22726693445384	-0.291397697060583	-0.239150103644922	0.813656973416278	0.341067058472695	0.99973049756477	-1.23048238197042	0.0254555539097021	-0.277011717437271	0.531791635928671	0.119591478978475	0.434015636296449
XLOC_031840	-0.446015108999709	0.548285963865713	-0.259099944296765	-0.518993236216421	-2.14555074006624	-0.664066239872434	1.26067367580213	0.946807059061151	1.07866177619779	0.528546777042339	0.578588108753588	-0.90783809127114
XLOC_031863	0.764288152021155	0.592602926650311	1.28852148357556	-0.424417311568875	-0.0211599384601344	-0.322727041476726	-0.695565008605914	-0.67095476892325	0.092971894844907	-0.479456601743703	0.223851611506769	-0.347955397820094
XLOC_031865	1.33463463379358	0.965360608399566	-1.66395071703704	1.03975186614912	1.61217907757209	-1.66395071703704	-1.66395071703704	-1.66395071703704	-1.66395071703704	1.49873708473268	1.63420743642414	0.234882878114012
XLOC_031866	0.550848037599495	0.940962249247875	1.29637952361633	-0.0541157312491807	-0.0657584329248948	-0.0971759747030356	-0.271238415757196	-0.906371530489189	-0.173324841220623	-0.234106116657753	-0.00823744473773047	-0.977861322724103
XLOC_031881	-1.10317313339524	-1.10317313339524	2.0110916879271	-1.10317313339524	0.858766301134405	3.58032922918607	-1.10317313339524	-1.10317313339524	-1.10317313339524	0.476364253763267	-1.10317313339524	0.795660461755815
XLOC_031883	-0.700886730784263	-0.317524202422776	-0.464278520527284	0.652366461548167	1.29861179340088	0.921894985518095	-1.11428860621081	-1.17016980582186	-1.00725663730834	0.666111898641309	0.338935373313316	0.896483990653562
XLOC_031926	1.00085861383951	1.17885954623398	1.02164817620483	0.346861109534308	0.0674705273345548	-0.150548936880491	-0.298853980194086	1.08772839701135	0.416318199398214	-1.18065259918499	-1.04518224749352	-2.44450680580365
XLOC_031940	0.816487676564072	1.37985895991799	0.803199266353999	-0.540323352586496	-1.31016376911685	-1.77126269510598	1.34449943052223	1.02502475279396	1.58858848390317	-0.762804017186576	-0.638148081861985	-1.93495665419754
XLOC_031943	1.30555438225788	0.645887159718177	-0.346973434531356	-2.28564954681269	-1.4315894352937	0.620534134864308	0.657729685784139	0.625797533850994	1.06280396217468	-0.502441659947302	-0.275208762307728	-0.076444019757413
XLOC_031956	0.444161136514555	0.36323273441391	0.311458329003595	0.330432674193625	0.0619745477618574	-0.0440001859716119	-0.373396836642492	-0.479122672068931	0.455099422118828	-0.0881536417577085	-0.281343321403368	-0.70034218616226
XLOC_031984	0.144691724985273	-0.0597377809637702	0.033147675796747	-1.34309550957649	-0.414357228607613	-0.533810253323765	0.0180811505892988	0.171804237305287	-0.171705531593936	0.495181703399401	0.79504258720507	0.864757224784495
XLOC_031986	-0.117913980018552	-0.88682336293806	0.417983846580735	-0.573079143981502	-0.382720356093444	0.112551488422421	-0.542504315673827	0.186935625031136	-0.215840769330262	0.121840656138249	1.19939551949267	0.680174792370436
XLOC_031995	0.192134046558913	0.242512985023223	0.202948292775738	0.586576800400887	-0.818361250661161	0.522636350553269	-0.980196591087866	-1.03865931625636	-0.760099360898774	0.499836262653391	0.554263336496292	0.796408444442452
XLOC_031997	-0.208066317102719	-0.536219375253387	-0.490001871902276	0.411695340412194	0.46878607470315	0.616124094189736	-1.35507332358984	-0.875011761766912	-0.335297853519626	1.01027571438027	0.553787215977561	0.739002063471856
XLOC_031998	-0.198911906045233	-0.537536809579431	-0.559545120756496	1.06433024491642	1.05028724172628	0.483933209107193	-1.25023058114197	-0.721949722157976	-0.597476013490676	0.858229718165077	0.470877213474161	-0.0620074742173502
XLOC_032004	3.3436390080707	1.98386487970879	-0.184618167600881	0.181675973969405	-1.72803814404838	-1.72803814404838	0.307660057518521	2.01559686521176	0.992372103363609	-1.72803814404838	-1.72803814404838	-1.72803814404838
XLOC_032005	2.5111331495727	2.87787005740718	2.3483443595332	0.27641432070572	-1.09272976116983	-0.413080055983154	0.187982430054013	-0.112868981446467	1.97400538207007	-3.85650399070661	-0.84406291933022	-3.85650399070661
XLOC_032025	0.995765512134419	0.626491486740409	-2.0028198386962	-2.0028198386962	-2.0028198386962	-2.0028198386962	1.12655170268175	-2.0028198386962	2.14869855096689	2.23739257784561	1.00962123268019	1.86957813043172
XLOC_032026	-0.0109854120627944	0.0729785884185716	0.0665991797741867	-0.223076868593884	-0.171146885310744	-0.0891020765963635	-0.0133001986450907	-0.271078652872982	-0.268046459597318	0.18587219481674	0.237868547064766	0.483418043604919
XLOC_032027	0.202560982273612	-0.0334976988377225	-0.211933614391807	0.137370298714256	0.334539568556579	0.389075101408512	-0.891071696151307	-0.252031064639169	-0.51469144080272	0.795300479792756	0.544769667672652	-0.500390583595633
XLOC_032035	0.523446775470992	-0.00927656755221928	-0.237823534919426	0.601874186178973	0.316413355614312	0.0137726300382646	0.217758926233015	-0.144000849959167	0.394392468162256	-0.0480130163404278	-0.760283576274452	-0.868260796652118
XLOC_032038	-0.199181152968847	0.282843139251391	-0.716533399974256	0.483612592296816	0.708946374496799	0.975939234711199	-0.926538961485059	-0.112089632383517	-0.940440599704287	0.666890966537493	-0.319909524989106	0.0964609642113761
XLOC_032042	0.504877735772561	-0.0586199897181006	0.225471918927163	0.334777728235959	0.404447842632345	1.19578158656532	-1.04571578951578	-0.91395023037176	-0.342868814826898	0.523634107687825	-0.482871428465518	-0.344964666923112
XLOC_032057	-0.0756082642319154	0.162742827955219	-0.377588066610045	0.0823409690471459	-0.00566657253693759	0.123838508439054	-0.0589762707729955	0.0329318605301561	0.0362210738085675	0.437932939112587	-0.337431304198169	-0.0207377005426608
XLOC_032070	0.659081200999476	0.539006402205557	-0.399544519372951	0.827947943536473	0.897420245185337	0.869857311509779	-1.23894152560001	-0.0407647822814408	-1.37660871565266	-0.133077277327072	-0.297115261633651	-0.307261021568849
XLOC_032078	-0.0702082972783211	-0.225018398418266	-0.605165036822854	1.47736172080122	0.555876982618919	1.56075110300609	-0.973039752685913	0.017270931772444	-1.04587303358143	-0.62404046948333	-0.717772952449458	0.6498572025209
XLOC_032081	3.10513302108579	2.33773205641605	2.67022415875755	-0.456965021196682	-0.962064172177468	-0.61344575069916	1.77542267745209	1.54318163978885	1.79355777629148	-3.72647602802876	-5.05836582427693	-2.40793453341281
XLOC_032086	2.26093688009078	2.9329114864027	2.26675830213242	-0.460046058104164	-3.16374864129032	1.02904282278389	1.83634654443551	1.65741255739114	1.13163203002902	-3.16374864129032	-3.16374864129032	-3.16374864129032
XLOC_032088	0.335208548476324	0.368334756567419	0.299290945821635	-0.593010223750193	-0.904234289273112	-1.21831154752357	0.987249739515159	1.06599861773939	1.24657911221854	-0.748276015933916	-0.748641382206825	-0.0901882616508551
XLOC_032098	0.904880631838829	0.45096979964774	1.00118470119856	-0.747910159721041	-0.490657851098836	-1.51772355038708	1.5385954781305	1.09738720482592	1.52258499774597	-0.934079373216712	-1.09918448341858	-1.72604739554526
XLOC_032103	-0.409109102535937	-0.56061781619854	-0.545038572464757	1.39529872615949	1.33394738439213	0.961247493578622	-0.77653331378802	0.122395603604081	-0.455150466414924	0.348718387116759	-0.798198586846705	-0.616959736602199
XLOC_032107	-0.313786493245163	-0.12422377394331	-0.113141754001171	-0.507313579995107	-0.529554106417164	0.358545465364531	-0.266657530763899	-0.247586432002743	-0.56957852630079	0.408459077470954	0.8592550058531	1.04558264798077
XLOC_032113	0.404642583476416	0.400214949381157	0.0801827365543684	0.552164803369426	0.243699428251895	0.941608379014192	-0.265392027320496	-0.323677498922584	-0.380469898140002	-0.170906423811466	-0.723518018571783	-0.758549013281118
XLOC_032137	0.0650012398134727	0.489154863732692	0.67651412872325	-0.525402254756078	-0.499933268732745	-0.315520901398902	0.002548669383728	0.178257101374786	0.0442356288653141	-0.226293285758222	0.216663892010525	-0.105225813257825
XLOC_032139	1.48709839037194	0.434357140201842	-1.01406875640705	-1.01406875640705	-1.01406875640705	-1.01406875640705	-1.01406875640705	-1.01406875640705	1.22687685938517	-1.01406875640705	3.0653840661464	0.884764838744
XLOC_032140	0.86299665598501	0.436685001172877	0.21132507793597	-0.86437276897376	-0.683327180758769	-0.102528911148054	0.0910949722890049	0.0768429855874206	-0.769427816847278	0.340158656665284	-0.108729446749887	0.509282774842186
XLOC_032150	0.821739748888738	0.414014278046777	-0.0803978428001608	0.204568266220992	-0.54158676372317	-0.644066764268313	-0.412719155979673	0.158403066988609	-0.18251469982833	0.0343743655288469	0.320798150497566	-0.0926126495718815
XLOC_032165	1.16779569236158	1.85797480731968	1.76013091871634	-0.789854351179907	-1.3648411843315	-0.164304657683251	1.08728386874792	0.659613954829921	0.41567720213616	-1.41781550221113	-1.09420861218128	-2.11745213652454
XLOC_032166	1.86866234302834	1.37356544838348	1.51877692689537	-0.231843894123022	-1.10564506072293	-0.775605713265902	0.553886624743173	-0.0703366807912831	0.271244935707732	-1.30706509526291	-0.536198155124393	-1.55944167946766
XLOC_032168	-0.196073735474489	0.0721118379502688	0.156499377784279	0.0229862607454265	0.0845790098178654	0.0788580901629299	0.0908141655849715	0.137878279260017	0.225427084742764	-0.142821175082842	-0.143351883176974	-0.386907312314207
XLOC_032184	-0.633458406629546	0.169368568274558	0.219443701037082	0.526404793978673	0.65194282856643	-0.351892876873681	-0.079428546978944	-0.659089143660509	-0.415365955568514	0.223369019250546	0.761242682336343	-0.412536663732433
XLOC_032193	1.11988621135667	0.493933109038736	0.196012446586811	0.63372582434665	0.536523168158458	-1.04477878862345	0.493822521233303	0.402801959816105	-0.0826319308011767	-0.788054421608136	-0.805371230481937	-1.15586886902203
XLOC_032196	1.0097690778797	0.43000008550358	0.289638617488306	-0.257086529840438	-0.800285605104917	-0.685493816742322	0.208381361021604	0.0201206738867299	0.0837373603787386	0.493513045368355	-0.520665048836666	-0.271629221002672
XLOC_032205	1.07337706910008	0.236966242860761	0.186988925930231	-0.552156187146071	0.279865386853305	0.850776046926248	-0.663854514110689	-0.130158758401475	0.414657953157199	-0.823203474160729	-0.306632219198692	-0.566626471810173
XLOC_032221	1.09935802999381	1.52330622182626	1.22973496072979	-0.314576860758844	-0.681210619828718	-0.67022420759552	0.927617057253393	0.996659865411474	0.94797546479899	-0.300910069355773	-0.937345043993745	-3.82038479848111
XLOC_032225	0.0959220210003409	0.656529167002157	0.0961628253919047	0.0634124799533842	-0.201365572390063	-0.0199301626499162	0.590865418507654	0.301637022207213	0.96541426816388	-0.39761178420193	-0.989002869122522	-1.16203281386211
XLOC_032228	0.680452657100854	0.0865694893716613	-0.261524331748999	0.259577156768715	-0.0611691344925687	-0.41615385159229	0.279974920588139	-0.0571556516895084	0.691390942705127	-0.207500861427091	-0.764620835162165	-0.229840500421878
XLOC_032245	0.482784944284648	0.331276230622045	1.42759699362868	0.0730738958634864	0.455582477278221	-0.202235303108926	-0.725252763106232	-0.329376020802592	-0.0724981954549415	-0.271093409985634	-0.664774085024935	-0.505084764193822
XLOC_032246	0.582948110542093	0.276815321961172	0.285883410084615	0.199174322021568	0.0702931115083203	-0.183569606776317	0.170600779373336	0.01021299488308	0.27856037500856	-0.411907502433007	-0.767662406845794	-0.511348909327635
XLOC_032253	0.387475747541144	-0.0608994547959458	-0.246922647592475	0.943000015961994	0.951291181414442	0.461285126712847	-0.950767950552769	-0.858964808901155	-0.986860566122902	0.457329831403353	-0.10824016061554	0.0122736855469991
XLOC_032257	-0.77952020282706	-0.77952020282706	-0.77952020282706	-0.77952020282706	-0.77952020282706	-0.77952020282706	2.34985133855088	1.01916523696433	3.64666524992834	-0.77952020282706	-0.77952020282706	-0.77952020282706
XLOC_032266	1.06496502316469	1.78328463825831	1.24411889034687	-1.49717539869677	-1.26619756419988	-0.369274277544069	1.0779116117762	1.12840979486701	1.51077027696257	-1.78421285082434	-1.9449724448127	-0.947627699297892
XLOC_032270	0.207394322852357	-0.111858766855008	-0.333803330918904	0.889031417390465	1.01827019624336	0.658730761037074	-0.281656545761734	-0.41438195903832	-0.0746354159244547	-0.3884231441754	-0.515242739877584	-0.653424794971846
XLOC_032277	0.117617738272053	-0.901893396762116	0.0663720560862648	-0.15776572430038	1.21492965945245	0.00176555462179628	-0.585045731952184	-1.11043539382002	-1.35800476388094	0.678420989076431	1.01531609542008	1.01872291778656
XLOC_032279	-0.340674171577668	-0.205543297201971	-0.435615196199017	0.897328041041757	0.752062465683179	0.869265167468044	-0.999501135751077	-0.797650003548354	-1.25975350768394	0.669578249016104	0.412578432170103	0.437924956582832
XLOC_032283	-0.736520547994435	-0.282135166284005	-0.767880533322507	-0.0895880230488935	-0.498181503808574	0.188733002020013	-0.142203637557306	-0.402077119297827	-0.139600444898098	0.870501278329237	0.943662485206412	1.05529021065598
XLOC_032284	1.66815506372921	-0.833012083049779	-0.833012083049779	-0.833012083049779	-0.833012083049779	-0.833012083049779	0.517544889145353	-0.833012083049779	-0.833012083049779	-0.833012083049779	0.635476271159166	3.8429204403645
XLOC_032287	1.13506797723459	0.667124507012736	0.216248491008599	0.731565742012156	0.731873704017522	-0.332842286456155	-0.080400382902841	0.00936398936799954	-0.118401387650805	-1.69671141862145	-1.06928726359749	-0.193601671424858
XLOC_032288	1.30622696816974	1.27815937621762	1.02421724013892	-1.8373403292854	-1.45969501715303	-0.709439208132699	0.785762295572077	1.08275396129179	-0.0223913986754223	-0.817969411191577	-0.131406370806787	-0.498878106145233
XLOC_032290	0.773205021687946	1.35942602029511	1.27713722266023	-0.847698159149291	-1.72149932574919	-1.18215656374446	1.13135782497268	0.601770146860537	0.139956256077193	-0.428631180207075	-0.057319697746979	-1.0455475659567
XLOC_032292	0.599438781558326	1.1610297524667	0.475573702810992	-1.45915178579275	-1.14570796370048	-0.969844884726489	0.734728283842342	0.631330270090927	0.662707177200099	-0.829616509345871	0.0947543180543704	0.0447588575418356
XLOC_032293	1.43525479630221	1.10864780038066	0.769283565068683	-0.486883805827004	-0.819863101327937	-0.894588441912899	-0.577995618768369	0.217324989941134	1.03520003023984	-0.541600393822661	-0.62182743050554	-0.62295238976812
XLOC_032296	1.0413999073237	0.986109963347738	0.903012487476584	-0.359120140636831	-0.57633011054911	-0.398203640809845	0.202154250406236	0.170471536342289	0.396720162191507	-0.899438911018828	-0.859393276275306	-0.607382227798144
XLOC_032308	0.806722836176299	1.36694204846173	0.869892561913688	-0.768433104537886	-1.62522162134108	-2.33105889179764	0.803339550128888	0.444339302277616	0.831430006035236	-0.154311723132135	0.538790806692441	-0.782431770877149
XLOC_032326	-1.57163015162864	1.05768117380797	-1.57163015162864	-1.57163015162864	-1.57163015162864	-1.57163015162864	0.464068049938265	1.50511237121098	-1.57163015162864	0.743782375169577	2.9013666294117	2.75777031023334
XLOC_032337	1.07431781583373	-0.449208181079901	0.0846430593607419	1.16298669624716	1.38160782391903	0.438142590845305	2.72798579737673	2.84205745217288	2.76599648986367	-4.49900596624943	-3.03051761204049	-4.49900596624943
XLOC_032338	0.452733953563107	0.960650836369537	0.84776704172457	-0.367603135562976	-0.447904669359777	-0.0110191218454823	0.718283496417576	0.151692920326942	0.26262610068783	-1.03518332386062	-0.99970387194903	-0.532340226511681
XLOC_032339	0.722306386027926	0.78132322992105	0.757276033125883	0.10749333244826	-0.72768036702921	-0.53095301199158	2.24609317155155	2.00390586328043	1.9422434674451	-3.28821909707466	-2.10944547381516	-1.90434353388958
XLOC_032353	-0.00824156350884842	-0.555276357372534	-0.454124445880867	0.584724658805163	0.710074205297547	0.329855291206188	-0.217284275867414	-0.228929788277433	-0.0609375865158714	0.0228473852529856	-0.117749472034706	-0.00495805110420555
XLOC_032355	-0.941691047001528	-0.418744302025206	-0.120936451784816	0.66005482097377	0.850413608861827	-0.866041601720935	-1.81113148402587	0.379291545556733	0.876686414349292	0.81190294774614	0.376612746905087	0.203582802165502
XLOC_032358	0.171877217649381	-0.255315829828666	-1.00548540501748	0.67439219655894	1.18769846437494	0.754488050390566	-0.885952564567254	-0.730136360835318	-0.762909077351474	0.426712617316153	0.15132314797963	0.273307543330583
XLOC_032361	-0.0723512834637239	0.79120388720695	1.45226484121747	-2.76595303716141	-2.71372772064955	-0.13794284815904	0.0137284843582535	0.145494043502276	-0.0188298567783294	1.09769274434363	1.59102048774058	0.617400257842903
XLOC_032362	0.170805833796676	0.211756409043678	-0.176116918486711	-0.636922213285988	-0.776919317065745	-0.287410877569574	0.205360542459776	0.331221286688972	0.483873598506971	0.110831362571627	0.0747506186403353	0.288769674699983
XLOC_032368	1.92448979794574	-0.0329996141598015	0.924800339891701	0.514238101755531	-2.18946448143063	0.882465118771124	-2.18946448143063	-2.18946448143063	-2.18946448143063	2.05074793511118	1.10869367203055	1.38542257437649
XLOC_032375	-0.872721698586108	-0.647930138391022	-1.54061253766458	0.508281974573723	0.578068228597844	0.0609092334181573	-1.22442383935976	-0.474193781185324	0.0533335611175563	1.38171373303177	0.862346362699247	1.3152289017485
XLOC_032378	0.35346612280125	0.0660549780133981	0.161049057852005	2.96114338731782	0.579568515934146	0.412420995784158	-1.38237091859549	-1.38237091859549	-1.38237091859549	0.197166468563008	0.798614148116193	-1.38237091859549
XLOC_032391	0.667330770813585	0.818931193224278	0.874770435003297	-0.153240111280775	-0.0414600251709096	0.171334121930212	-0.109747872648294	-0.196053280798925	-0.249452633548568	-0.603220205402334	-0.387454398106938	-0.791737994014628
XLOC_032406	-1.21824002255751	1.41107130287909	2.63015020774161	-1.21824002255751	-1.21824002255751	-1.21824002255751	-1.21824002255751	-1.21824002255751	1.86141729547614	1.94444777921221	-1.21824002255751	0.680593572593538
XLOC_032427	-1.3036669760366	-0.30936590317118	-0.776612956973208	-0.274940531143765	1.23248934655893	-0.0279934845380421	-0.275746402095331	1.22253856761362	-0.538956588877381	-0.115025773976726	0.742275982142353	0.425004720497339
XLOC_032429	-2.15212984009083	-0.707823237364288	-1.74823405256759	0.430491658146477	0.799118001104552	-0.334817391226658	0.21744865947657	0.00738888459749631	-0.391056590568524	1.21627497567326	1.59127982997089	1.07205910284865
XLOC_032432	0.577786142457188	0.711897975115145	0.909220388885744	-0.193228141634014	-0.740479409447646	-0.275427330911732	-0.167757936032851	0.461024737289089	0.294808116231781	-0.821971584078479	-0.427201317015299	-0.328671640858925
XLOC_032444	-1.4094141660667	0.0390117305421942	-1.4094141660667	-1.4094141660667	-1.4094141660667	-1.4094141660667	-0.0588571938715661	0.389271273724688	1.31099608134529	1.75327363570302	2.33164502360181	1.28173027928805
XLOC_032469	-3.27111538658887	-2.5890920908622	-3.5246250547094	1.81719160236524	2.01761828593791	2.2154337700072	-1.86532963745959	-0.104021413233125	-1.98205257763087	2.47451018173995	2.50715025612521	2.30433206430856
XLOC_032470	-3.25539152160212	-2.32999912776719	-3.90894167709413	1.38230741214103	1.45286899796809	2.22202582224956	-0.839256208628271	-1.05576642420741	-1.5022634852945	2.44735215784328	2.68485081538935	2.70221323900232
XLOC_032471	-4.01502735085712	-3.28773080568485	-4.48638635359899	1.30218222750379	1.66872047235424	2.10134142152454	-0.606101822080432	-0.243239924139617	-1.6005191465296	3.1090222341767	3.1829909805565	2.87474806677484
XLOC_032472	1.0596431846818	0.959138540778365	1.06317668538224	-0.000430803347902575	-0.178149828999928	-0.80261114398461	0.781064319526839	0.824394724778731	1.00237128389686	-1.65752079488855	-1.6827501625709	-1.36832600525293
XLOC_032476	-0.294408783500275	-0.0666852464979311	-0.0273491596086881	0.54085984301777	0.463389494951917	0.639227310454926	-0.696133515933582	-0.360733650293691	-0.47572037348675	0.345632417734571	0.0837229163033442	-0.15180125314161
XLOC_032480	-0.610743382753821	-0.186523128104645	-0.122746042224299	0.0896531541228436	-0.363078933877222	0.382170856503092	-0.414005324694341	-0.00398880270751079	-0.329341748762356	0.378278318849765	0.734072249298106	0.446252784350393
XLOC_032487	0.972574446757511	0.388332038388167	0.319024291265507	-0.619868402182846	-0.0474411907598737	-3.32357098536901	0.850449485186598	1.0571755118573	1.22255067789442	0.916641431172804	-0.311129913992621	-1.42473739021796
XLOC_032491	-2.03609538131224	-2.03609538131224	-2.03609538131224	1.1767950976552	1.61735332075724	1.03583421888952	-2.03609538131224	-0.237409941520852	-0.518298650111784	1.86319333632592	2.04335744124121	1.16355670201251
XLOC_032492	-1.28692007542624	-1.28692007542624	0.256499901021263	-1.28692007542624	-1.28692007542624	-1.28692007542624	0.0636368967688952	0.511765364365149	0.230876655774217	1.51345807503087	2.45413911424227	1.40422436992851
XLOC_032494	0.998606223755701	0.507366999652409	0.392586177414665	-0.528496364954409	0.492469726747505	0.857182180070756	-0.918317673863836	-0.993947135246178	-0.417607114186909	-0.855747263346894	-0.325649719160399	0.791553963117593
XLOC_032512	1.73306672035024	1.95231546765591	1.27221546010643	-1.68179890650306	-1.24124068340102	-1.82275978526875	0.721587831783943	0.451001332757326	0.135649313029633	-0.147649692652425	-1.15363019580199	-0.218756862056226
XLOC_032517	-1.40665702267015	-1.40665702267015	-1.40665702267015	0.503057095347635	1.35711720686663	-1.40665702267015	-1.40665702267015	0.392028417121235	0.111139708530303	2.28626498221302	1.89150113079103	0.492176572480899
XLOC_032546	-1.30773165828965	-1.30773165828965	0.235688318157847	-1.30773165828965	-1.30773165828965	-1.30773165828965	-1.30773165828965	0.490953781501733	1.771925659744	2.14429700923984	2.6124232442331	0.591101936861397
XLOC_032549	1.15428406756342	0.802714764247523	0.548546783121775	-0.407168545180352	-0.783325466524874	-1.10833326772318	0.655116530939169	0.416081451115731	0.812512966111153	-0.283006922736759	-1.35023047523379	-0.457191885699817
XLOC_032570	0.482856135285016	0.234612834560395	0.631261695231513	-0.0476486696063771	-0.347879984440245	-0.288791642979093	-0.510333799286892	-0.199503168685013	-0.415894986283305	0.34805516840821	0.443822525925368	-0.33055610812958
XLOC_032572	0.469208464683434	-0.0979585970845513	1.15973530469791	0.144238479908594	-0.335231129434256	-2.19388791712408	1.14481400433254	0.953748931197951	1.0416588669964	-0.536651163974239	-0.452139858050727	-1.29753538614898
XLOC_032575	1.92133894544755	1.24470849619243	2.72344141222809	0.963566463037536	2.45954382073918	-1.74013612014862	-0.389579147953493	-1.74013612014862	-0.222339388948171	-1.74013612014862	-1.74013612014862	-1.74013612014862
XLOC_032576	-1.16287276400479	0.285553132604104	3.30070476837193	-1.16287276400479	-1.16287276400479	0.631919150374864	-1.16287276400479	-1.16287276400479	-1.16287276400479	0.416664623153714	0.305615590204157	2.03677931931996
XLOC_032579	-1.81020721592978	-1.81020721592978	-1.81020721592978	0.0995069020880024	0.953567013606994	-0.0154153015501319	0.688126836488737	1.26653530690984	0.430738399862438	2.93683247688829	-1.81020721592978	0.880937229424967
XLOC_032583	1.39704403501494	0.55492355145515	0.670390250037557	-1.60154131581568	-1.60154131581568	-1.60154131581568	-1.60154131581568	0.197144123975708	0.639404299976544	2.78301968507418	-0.133052961606733	0.297292279335372
XLOC_032585	-1.26073152945733	0.183575073269204	-0.410926649988831	-0.670819941908486	0.77869089351549	0.789677305748688	-1.4112353638888	-0.0613605860002915	-1.1796595622543	1.46061431613321	0.852511682489641	0.929664362341809
XLOC_032588	-0.32959403617143	-0.312980045492774	-0.387743811737759	1.01629809185002	0.595667556013418	0.702223314085972	-0.583329360794569	-0.484109539534407	-0.261277404096649	0.227408561918396	-0.366031707281202	0.183468381240984
XLOC_032610	-0.0229839153372398	-0.218502019721219	-0.0227431109456759	-0.82446673139142	0.155846103216419	-0.64118752664354	0.350768947265776	0.577706285838455	0.255286379624565	0.175275252165449	0.715920011715907	-0.500919675787479
XLOC_032613	0.254744690382374	0.116952924036037	-0.186375030915783	1.16925563059076	1.33422368814608	0.255789933684717	-1.12545441023811	-0.481183748997613	-0.623819167735309	-1.27065211336058	0.537477192776399	0.0190404116310274
XLOC_032639	-0.149848370287452	0.106057865949364	-0.245180687762827	-0.194349280811305	-0.173530555855145	0.171436279489097	-0.367620648576091	0.0898399635373419	-0.755375787544161	-0.0103276435608084	0.397243035563959	1.13165582985803
XLOC_032654	-0.481461329073326	0.337464707165068	0.175018109160789	0.0364273577257315	-0.205696858025169	0.0612374570878309	0.146374736422928	0.177266312195519	0.0611297755613727	-0.11187555177867	0.295584908232096	-0.491469624674171
XLOC_032656	-0.277974957257975	0.482389542380245	0.58924913805709	-0.194163428694246	0.0412134056991906	0.450259174493175	-0.139588749086744	0.03894711954025	-0.603501786608563	-0.442468518407544	0.140961450855366	-0.0853223909702479
XLOC_032665	0.943191514870543	1.28939246812619	1.89941742510245	-2.57177988849278	-0.070683078221303	-0.288702542436349	1.66326202956479	1.37692004628452	1.56777946192358	-1.31880620474084	-0.00849722547022935	-4.48149400651056
XLOC_032666	-0.0776996716803717	-0.217547424637216	-0.490976998291682	0.526241506097257	0.692175710068198	0.41688266502655	-0.426279014422075	-0.122573945335979	-0.335011874104662	-0.212170417066462	-0.135318444029967	0.382277908376413
XLOC_032673	-0.126243299937895	-0.606088483049246	-0.244179803933085	0.508026020684962	-0.284100177844243	0.434764308169267	-0.647259931398972	-0.354916707620701	-1.46930211853356	0.515677037779786	1.2748172055782	0.998805950105489
XLOC_032674	0.192780168441125	-0.334332357639871	-0.464965432718872	-0.0137987400310902	-0.0204835158086158	-0.238210417265941	-0.560282585055893	-0.631399700921309	-0.340365594071358	0.989754650430715	1.04123667014355	0.380066854497564
XLOC_032675	-0.621012127736106	-0.391839630923599	-0.329663235098247	0.297693531124256	0.182553283523927	0.0429068454833672	-0.621357930087594	-0.541564859799868	-0.561821146114376	0.940082916034855	1.12081351366707	0.483208839926318
XLOC_032680	0.341258892990469	0.0548705759397894	-0.210328451624373	0.831242336868028	0.815867412162904	0.652206727318132	-0.701456657610409	-0.213262934741762	-0.473779559550902	-0.0419549900447604	-0.815293134748729	-0.239370216958387
XLOC_032722	0.969945304346068	-1.10439519482259	0.0893238219285752	0.933283987238053	0.220699609764311	1.20840574013634	-1.00959256116038	-0.630618701188006	-0.562295906872591	0.372785982369932	0.311824572901329	-0.799366654641028
XLOC_032730	0.26888567603358	0.752563145595643	0.039650095107822	1.35621546763405	0.531492758791364	-0.437489556365761	-2.23228147074541	-2.23228147074541	-2.23228147074541	2.15227953014444	1.06587668271577	0.967370612579332
XLOC_032736	0.445614394032117	0.548782051284087	0.741308161843112	-0.784195082137728	0.032169757255172	-1.14422133852454	-0.527705042594482	0.127238453087789	-0.976190998387956	0.841552952923983	-0.171446014062381	0.867092705280828
XLOC_032748	0.474298392686441	0.284169374545501	0.25108364492753	-0.261733371777815	-0.299729861194146	-0.0223264403237895	0.396875841178423	0.20864787310575	0.653618134261487	-0.522917460087225	-0.592106909570138	-0.56987921775201
XLOC_032752	-0.185472371713301	-0.149458864246959	0.0218385006427049	-0.179038380650896	0.187056784841898	0.082537642531479	0.573821121141261	0.298893168328208	0.133981018189042	-0.556497983399666	-0.329307441514997	0.101646805851228
XLOC_032758	0.923592297602631	0.381243981636417	0.376710068209797	0.0744171023457558	1.34806012885644	0.725905290570381	-0.447157867162013	0.176786204699801	-1.57087340065755	-1.49640648965156	-0.799377945073388	0.30710062862329
XLOC_032776	-0.977905818330761	-0.977905818330761	-0.977905818330761	1.7257967648554	-0.977905818330761	0.816886096048891	-0.977905818330761	2.09883670450886	-0.977905818330761	-0.977905818330761	0.490582535878184	1.71323862702399
XLOC_032800	0.635621156213151	1.05624898208723	3.36336164719313	-1.10021588518359	-1.10021588518359	-1.10021588518359	-1.10021588518359	0.698469554607792	-1.10021588518359	0.479321501974908	0.368272469025351	-1.10021588518359
XLOC_032836	-1.94140153171769	-0.492975635108796	0.330530034135547	2.40211277419563	0.82237269781909	0.628890992434881	-1.94140153171769	-1.94140153171769	-1.94140153171769	1.22128627005203	1.59513844173532	1.25825055160706
XLOC_032840	-1.51782438876686	-1.51782438876686	-1.51782438876686	-1.51782438876686	-1.51782438876686	0.276967525612796	1.33025712763229	0.28086105102453	0.723121227025366	0.0617129983916462	2.56162843378659	2.35457358036106
XLOC_032844	-1.28923197328384	-1.16108779462623	0.0579911102362844	1.04620490833427	1.36948002524338	1.1467494370319	0.111767019575982	0.898357961938284	-0.183814290732371	-0.627711318293117	-0.77795804868645	-0.59074703673809
XLOC_032852	0.562056318857758	-0.150538318438532	-0.398664276223198	0.0916587585546136	1.60920233863623	1.00773463317893	-2.00556135129081	-0.964517030018093	-0.961602234824058	1.56546951306704	0.99487675600309	-1.35011510750296
XLOC_032861	-0.313725472651891	0.244531345275599	-0.0720516967873355	0.0727304944866001	-0.980183290866733	-0.398043169651645	-0.670071290784898	0.589430675711323	-0.346168379806665	0.403304778447526	0.194427268758645	1.27581873786948
XLOC_032881	0.239286575725685	0.100358511151614	0.28755857644978	-0.555700857383584	-1.55944429342492	-0.943226434617936	0.47746742210701	0.428556374933675	-0.0263428123272726	0.642216404691803	-0.00371358597997418	0.912984118674121
XLOC_032905	-0.438835970117289	0.333113652876099	0.385667792492901	-0.434275413595524	-0.204168473889787	0.132552978536214	0.115990828378028	0.0386445130446855	-0.0665028111896842	0.103085631185127	0.425465640932064	-0.390738368652842
XLOC_032932	1.44642711624204	1.19457704469701	1.16715471099042	-0.862138488117795	-4.74837460691332	-1.67644500671157	0.956316359165775	1.17040616261251	1.30089886152082	-0.1123376552751	-0.164907459365717	0.328422961154931
XLOC_032934	2.65682721382757	2.09118461124969	1.94495691727383	-0.0478384811850399	-1.14160673053134	-0.868835624023875	1.88569670350897	1.91794796041923	2.11613582078199	-3.78681783474368	-3.93706456513701	-2.83058599144034
XLOC_032938	-1.11583169700021	-1.41457065037899	-1.45891737196719	-0.81448848262	-0.808017520794872	-0.219294598905238	0.123975704705455	0.22472411424252	0.313238462797334	1.9128049958412	1.61652414459367	1.63985289948633
XLOC_032966	2.98425310742824	2.6051343313698	2.7022614882022	0.421240613131923	0.368041388268167	-0.931385370636598	2.16491771489303	1.30675178914393	2.38868409480513	-4.66996638553527	-4.66996638553527	-4.66996638553527
XLOC_032968	2.55321026627766	2.64431732556783	2.25982146045473	0.0836483201784635	-0.253777588259202	0.0625576874011786	1.95630029957597	1.78005221077094	2.33582706918564	-4.14795578118263	-3.54650810162945	-5.72749316834113
XLOC_032969	3.03756934979806	2.44704990726359	2.53470650158732	-0.239359520517112	-1.30674403182129	-0.599385776903925	2.17144307402297	2.09857220288393	2.13628141876878	-4.58287382643042	-3.11438547222148	-4.58287382643042
XLOC_032970	0.211045268396393	0.905536399395167	0.731341402850417	-0.915353796590489	-0.920100571028751	-0.415733699406031	0.854595642995202	0.724358830793232	0.912383982029009	-0.946623060906747	-0.677280896780198	-0.464169501747206
XLOC_032992	-0.0289315384586839	-0.283807489580177	-0.00926488328467823	-0.337860406348279	-0.313242173327878	-0.212795342251203	-0.148423773936544	-0.00290891160552942	0.482138542733189	0.314056193023401	-0.00566558128486871	0.546705364321247
XLOC_033002	1.29660202096622	-1.20456512581277	0.338854850634727	2.68167099298276	-1.20456512581277	1.86736447438898	-1.20456512581277	-1.20456512581277	-1.20456512581277	2.24746354171672	-1.20456512581277	-1.20456512581277
XLOC_033025	-0.0988124402984862	-0.398188083257622	-0.859856096090402	0.131578331094532	0.119851240983754	0.325710281514707	-0.249106548874542	-0.140372802493786	-0.070474648500026	0.244795941617571	0.163535153186668	0.83133967111764
XLOC_033026	1.28971172312918	-1.21145542364982	1.06047614220342	-1.21145542364982	-1.21145542364982	-1.21145542364982	0.139101548545314	-1.21145542364982	0.306341307550636	3.02875699289199	1.44434482757837	-1.21145542364982
XLOC_033028	-1.09421284428378	-0.541297469274084	0.0536449088048414	0.736177771477383	1.44989926287093	0.759837163736694	-0.380678213992946	-0.896335534364787	-0.764480817228145	0.4507078709827	0.380810505024437	-0.154072603753241
XLOC_033029	-0.773417180234738	0.526816784444553	0.571566296391266	-2.15297974158792	-0.469224093085197	-0.0863256901453058	-0.125199462712941	-0.229807597540595	0.0890326928092922	0.936958823387332	1.17950483281374	0.533074335460516
XLOC_033032	-0.782230291047338	-0.467283744972021	-1.38964992017138	0.40366220136351	0.473691996022993	-0.00592088227934706	-0.578457372056597	-0.306430163456488	-0.193835345258895	0.984882367204849	1.07082248709967	0.790748667551045
XLOC_033036	0.6551619416266	1.16709286153831	1.11596387818811	0.0864078973905711	0.301101567703308	0.549005949067594	-1.75571209669929	-0.615188391948868	-3.08599688189799	0.673675755171622	0.83634860954421	0.0721389103158323
XLOC_033054	0.383816123074678	-0.144888285218228	-0.230864685631607	0.24590230608784	-0.261659068062253	0.251919358251356	0.300734933515995	0.094145878253924	0.129447203791676	0.372599519311094	-0.344709233602465	-0.796444049772012
XLOC_033062	-2.47341509945027	0.927238517735828	1.11329931233333	-0.631067940315948	-1.02231921071147	0.531749556736202	0.49800510919972	1.30803656508688	-0.823063856566176	0.509308343897851	1.83715886495856	-1.77493016290452
XLOC_033063	-0.168845999907613	0.226347890359448	0.370391608627832	-0.897008846113382	-1.28826011650891	-0.191528965990058	1.49292999881352	1.91231191020646	0.962636523619707	-2.07783535025698	0.0771051780449961	-0.41824383089503
XLOC_033064	-0.242241898627137	0.709205103933436	0.368218136208087	-0.567211883401978	-1.42400040020517	-0.0166278322330013	0.961033670628822	0.554817646324527	0.872403514676678	-0.620333596098188	-0.0140519114648301	-0.581210549741241
XLOC_033066	0.170723991111077	-0.13003426049664	0.119386060153913	-0.255664496972781	-0.0584473472341047	-0.552602486233883	0.440227176806509	0.599788467504929	0.549345832443834	-0.125269213325874	-0.347855227591297	-0.40959849616569
XLOC_033067	-0.176901931347669	0.192725938179511	0.597148656132056	-1.8639895946353	-1.33941478514157	-0.409857889049476	1.33574286409351	1.24333631546435	1.24661761603756	-0.203604926667627	0.0516258822972269	-0.673428145362572
XLOC_033089	1.10967977500106	0.688942854979905	0.161901535462604	0.436925386436615	0.505412802821899	0.0051293360386131	0.395875114085941	-1.95775670907095	-0.720637167405988	-0.452798372265426	0.785033359090151	-0.957707915174425
XLOC_033101	-2.30202031867375	-2.30202031867375	-2.30202031867375	0.910870160293684	-2.30202031867375	0.769909281528001	1.44223170070937	0.272817943236837	1.68968490786368	0.860667483095966	1.23451965477925	2.02738014318822
XLOC_033104	-0.380038410923007	0.401378477037972	-4.04151347651918	0.928006880898973	1.83910031364928	1.00748070951746	-2.00581527495228	-0.0529082553696085	-2.52371674531873	1.3080887661793	1.33867619854892	2.18126081725091
XLOC_033109	-0.663707065036927	0.321653637597961	0.368359818090394	-0.04698261122034	0.0233338445775502	0.324433442414649	0.110129546062337	0.360120715443553	0.145752795363252	-0.703249356045295	-0.155854750356582	-0.0839900168905521
XLOC_033125	-1.70366254529472	-0.0117666939875249	-0.176369006219344	-1.50112710888755	-0.551380990004239	-0.46624867717504	2.03176196434601	2.16686368257432	1.67216598130467	0.0353827244680947	0.0180659155942937	-1.51368524671896
XLOC_033126	-0.468122621209361	0.00977299100830198	-0.00309016190244016	-0.234834464527723	-0.87175855203703	-0.387936130343529	1.48324756963862	1.34280958124054	1.72230624343035	-0.324398800106755	0.112298392379106	-2.38029404757008
XLOC_033127	-0.917296223642222	-0.917296223642222	-0.917296223642222	2.29559425532521	-0.917296223642222	-0.917296223642222	1.93078529275693	-0.917296223642222	2.44974907753935	0.66224116351628	-0.917296223642222	-0.917296223642222
XLOC_033128	-0.26561917144504	-0.280896380223943	-0.739479993516336	0.0616432109394207	-1.48171346444269	-1.45048845043398	1.8799126462276	1.90708691846183	1.43069248006266	-0.312608015769955	0.172398381491021	-0.920928161350593
XLOC_033132	-2.24844544104383	-1.35497115700397	-0.135892252141453	-0.395785544061108	-0.330833780371096	1.16851707972546	-0.619621333152812	-0.535899020750859	0.00742274409685617	1.13708600174995	1.568779183193	1.73964351975985
XLOC_033135	-1.45713266439289	-1.84874921436352	-1.47601245335456	0.692533758530526	1.13485300493955	1.72190605429475	-1.37435571060595	-0.2974465313076	-0.461770431588206	0.895740175679059	1.08028056157592	1.39015345059291
XLOC_033137	-1.0011316145499	-1.30429570317446	-0.492562961128407	-0.361931827388043	0.282007733397629	0.324742062887371	-0.724057702451669	0.000862514507142365	-0.342647254392081	0.820883965066772	1.41630602918513	1.38182475804052
XLOC_033151	1.07437217444532	1.19451258935064	1.30713055655171	-1.48528393668183	-0.478827554848839	-0.390278512479992	-0.473776529604734	-0.0194836414042578	0.112371075732384	-0.993984276345179	0.038047687716297	0.115200367568465
XLOC_033153	1.06110845943181	1.45496241820724	1.06697532622007	0.266121026322537	-0.342349030394143	-0.121404550911814	-1.03513621096778	-0.948697129457024	-1.33071752127613	0.937334557649781	-0.583943332827823	-0.42425401199671
XLOC_033156	-1.01837006244204	-1.06067880045862	-1.18900911425607	0.493116723949727	0.691002984336608	0.379868630208465	0.0602451777552764	-0.0676487926488463	0.542032921529215	0.414911076829838	0.466407801943236	0.288121453253216
XLOC_033166	-1.13145670895805	0.184699529847995	0.259506504817089	-0.200234267716343	-0.626027367824191	-0.499113989093297	0.940538323946202	0.3942305018526	-0.00649959761331687	0.683092900307709	-0.254964946475037	0.256229116908646
XLOC_033169	-0.046254114997847	0.399168790633384	0.510362011431214	-0.329573011877191	-0.0747991268774229	0.0582688775197866	0.0860799947095696	-0.0886477246165924	0.0506435043875051	-0.259477875061062	-0.192573921042213	-0.113197404209126
XLOC_033186	-0.972588463878902	-0.163690184188397	-0.506575984427429	0.387446636868719	0.351421180998582	0.420943985516609	-0.565742177819141	-0.398079847837531	-0.655279366289896	0.50041387215819	0.702437281413292	0.899293067485906
XLOC_033233	-0.216315906255479	-0.26503938279237	-0.588678301557841	0.320190363648521	0.451644084572626	0.608684024741981	-0.190990465964044	-0.183139173337141	-0.443099998764749	0.283781375366692	0.190669694933582	0.0322936854082112
XLOC_033256	0.256824475726702	0.538363606456601	0.886050090199474	-0.0547530805921719	-0.633367567711337	-1.2555224059974	1.61581759372346	1.56970914172002	1.22449390795205	-1.15720976137933	-1.8730918104948	-1.11731418960328
XLOC_033290	-1.33937960355508	-1.33937960355508	0.204040372892415	-1.33937960355508	-1.33937960355508	-1.33937960355508	1.50870191284406	1.23545865835551	2.02766569762649	0.240157783603418	0.129108750653861	1.35176484179967
XLOC_033294	-0.454749318003646	0.292310062529168	0.151306853680017	-0.370982998243225	-0.989904784288843	-0.324151105572011	0.0468015743504226	0.598140271635914	-0.388497203588403	0.675618703125647	0.685829359157883	0.0782785852170749
XLOC_033309	-0.795351340137906	0.172308302023191	-0.690448462491701	0.641867361491317	0.733459292991554	0.907341909212843	-0.388990959940156	-0.213850783417152	-0.692137137085102	0.107848191038948	-0.177322727552359	0.395276353866524
XLOC_033316	0.0951593170102543	0.49808985849959	1.00638720604562	-0.607441897307353	-0.380749840393218	-0.33559788988237	0.317657106416077	0.266937920301957	-0.0993357534984716	-0.770340422098887	-0.024891152488018	0.0341255473948214
XLOC_033317	-0.876659923830703	1.34277994201504	1.3729811443064	-0.543695543076471	-0.383547069641383	-0.522606311266337	0.317609495029863	0.586531386848822	-1.09270027177782	-0.0256087318842164	0.383106197096474	-0.558190313819669
XLOC_033321	3.27823729992042	-1.0179081322061	-1.0179081322061	0.891805985811684	-1.0179081322061	0.77688378217355	-1.0179081322061	-1.0179081322061	-1.0179081322061	1.29750439459211	-1.0179081322061	0.880925462944948
XLOC_033322	-0.0480292722951781	0.515958260010255	0.0914244931368495	0.335078321300643	0.765140248353391	0.107839530591487	0.321413956020844	0.54246515436358	0.331739795517103	-0.4748620874513	-0.777518536173296	-1.71064986337438
XLOC_033323	-1.26261154102018	1.04616601217908	0.970074271300216	-1.69145921732638	-0.998436186701162	-0.380541381549766	0.275900977204866	0.694741004190274	0.284625259467665	0.140346283652016	1.26478728248561	-0.343592763882237
XLOC_033328	-1.07755250298611	-1.17414254905942	-1.07168563619785	-0.389152773525307	0.349084841593814	-0.435194597926984	-0.0402402983929644	0.150364638105057	-0.518665050609717	0.887467444093656	1.80394445853395	1.51577202637188
XLOC_033330	1.15959276344631	0.292769335868448	0.24893895923841	-0.662245369884677	-2.58654205415057	-1.47655188847845	1.11268237676292	1.03952807899348	0.709686138324954	0.998139298082995	0.137596794669268	-0.973594432873089
XLOC_033336	0.0911210034259025	0.480495829253687	0.507037332388622	-0.281519394599471	-0.0682303658602272	0.177531791977758	-0.66389123153011	-0.475771453608585	-0.721686599904457	0.284484928116006	0.571415350366777	0.0990128099740861
XLOC_033352	0.093124527251117	-0.39858453042899	-0.482329905920637	0.578531852773413	0.657674564603308	0.575012940758954	-2.79900162051062	-1.73672051314099	-1.77254743635178	1.9882289338104	1.65474270328297	1.64186848387287
XLOC_033353	-0.459161438814201	0.243649379401599	0.23254169882585	-0.744833507137735	-0.658178192257877	-0.0985999753580664	-1.6208191361391	-1.47124063525156	-1.40848274026103	1.69232789258226	2.26904800695937	2.0237486474505
XLOC_033354	-0.332047491824346	-1.25030920638746	-0.836529459180272	0.98910027937115	1.3773255549543	1.34066172354054	-3.26440878999009	-2.7252687296464	-3.78231026035654	2.89634417650293	2.52781815718132	3.05962404583486
XLOC_033357	-0.576084548921881	0.477710292542064	-0.0509585463091788	-1.4112257372422	0.534901960946741	1.32713059454839	-4.19358707645939	-0.722982849973057	-3.3031984328623	2.67174050228934	2.82866958179961	2.41788425964186
XLOC_033368	-0.490933400386258	-0.164730966654778	-0.200987621748824	-0.132032422919496	-0.375270923547633	-0.0213055415397783	-0.028406941917714	0.389193184460469	-0.0125678875717821	0.141070938006274	0.440870533616012	0.455101050203503
XLOC_033369	-4.45633214585626	-3.5628578618164	-2.54957391061849	0.981584889169959	1.32698215267571	1.81818900656032	-0.622214633224129	-0.846478469025179	-1.33653238308104	2.88981162159326	3.12750626852599	3.22991546509625
XLOC_033370	-0.359550396524121	-0.295303126363859	-0.749036029986176	0.178034490727181	-0.398805361876589	-0.402901383504685	0.310860131291213	-0.0323931391464454	0.531699020333435	0.532900454419841	0.194736823599063	0.489758517031144
XLOC_033372	-1.08645744901684	2.18340106660871	2.94200323683753	-1.08645744901684	-1.08645744901684	-1.08645744901684	-1.08645744901684	-1.08645744901684	-1.08645744901684	0.493079938141658	0.382030905192101	1.60468699633791
XLOC_033377	1.16537863632593	-1.33578851045306	-1.33578851045306	-1.33578851045306	-1.33578851045306	-1.33578851045306	0.0147684617420738	0.462896929338328	0.905157105339164	2.11624015707643	3.35028977289641	-1.33578851045306
XLOC_033379	1.0651541735418	-1.93343117728882	0.338500388564419	0.770271405897344	0.0285082572408237	-0.138639262909165	2.66657316816774	0.641407084621773	2.36194949403053	-1.93343117728882	-1.93343117728882	-1.93343117728882
XLOC_033381	-0.819362552383292	2.16548206395776	3.20909813347108	-0.819362552383292	-0.819362552383292	-0.819362552383292	0.53119441981184	-0.819362552383292	-0.819362552383292	-0.819362552383292	0.649125801825653	-0.819362552383292
XLOC_033383	-0.78044655652516	0.876744231105823	0.91546459908837	-0.566141428388339	-1.81709247282614	-0.0404508924571001	1.07406144325884	1.16339685534591	0.032925896219778	-0.616344105586057	-0.037972717687266	-0.204144851548659
XLOC_033391	1.1791197836743	-1.32204736310469	0.221372613342809	0.587666754913095	-1.32204736310469	-1.32204736310469	0.713650838462211	2.12633609858502	3.10413808965071	-1.32204736310469	-1.32204736310469	-1.32204736310469
XLOC_033392	1.0875099411299	1.33454613529487	1.42570493994539	-1.21073904818785	-2.06134577213108	-1.88947185650749	2.59006762926401	2.51145431775587	2.23872389125729	-2.00371341446871	-1.92208901455945	-2.10064774879275
XLOC_033393	1.01423974796925	0.901742313733548	0.993862563685779	-0.576402952058173	0.218991205817546	-0.732063811589304	1.72170628358688	2.18410686646508	1.77376966293991	-2.33910689691661	-2.49733642488626	-2.66350855874765
XLOC_033394	0.103545425609406	1.16785707661092	1.25657189007677	0.953194827108438	-0.15466292968996	0.329159492003542	2.20034319198569	2.29183184809951	2.59977526313075	-2.03893034377955	-4.35434287057776	-4.35434287057776
XLOC_033397	0.724523117440201	1.20241872965786	1.73212200637926	-1.17509017108911	-0.225344052205793	-2.08400083989562	2.41592666800031	2.99789551793493	2.28740483273357	-2.29925536711677	-1.69780768756358	-3.87879275427527
XLOC_033422	-0.249081203523767	-0.192528981081323	-0.0779738538554975	-0.302464935645327	-0.178540540717449	0.0911705637568314	-0.189738369952518	-0.401745358563433	-0.206138027274128	0.443208573523634	0.349536159225927	0.914295974107041
XLOC_033431	0.868741376608954	0.386849169559635	0.648354596788408	0.00696019355203603	-0.367606843653665	0.0864340221705184	-0.36255581840956	0.195543911652819	0.609973545624861	0.23896901504181	-1.22150097419761	-1.09016219473821
XLOC_033456	-0.31862308911455	-0.239243752720666	-0.224634954926775	0.572126952232625	0.619475479312856	1.00358072736928	-0.610773634426026	-0.462472131240303	-1.046210832629	0.516061164908356	0.023063752567225	0.167650318666976
XLOC_033470	0.342564176652564	-0.284772455471122	-0.125078579050747	0.123548745842879	0.0247395761007514	-0.0834357687706069	0.234979139984137	-0.0615900506543321	0.255770576600217	0.00625124425791235	-0.201200619009335	-0.231775986482315
XLOC_033489	-0.251226887870842	-0.463915930394803	-0.319445762330658	0.507264223945411	1.01841921162186	0.0418862314453836	-0.0276111579593907	0.187434300014388	0.747150316352608	-0.265770461473553	-1.02857880695234	-0.145605276398062
XLOC_033490	-0.309729207416575	0.0364717458390684	0.181114589106061	-1.39090042288437	-1.13946140858523	0.906353986299847	0.472208744960527	0.721171937879548	0.734593371747989	-0.384812486099195	0.71842263532024	-0.545433486167922
XLOC_033495	0.589701086219634	0.0684200712390464	0.979350982629014	-0.467244964619787	-0.286199376404796	-0.509457777250345	0.0578252539674597	0.418266211392225	0.272057409489693	-0.0118311765237831	-0.374715077983047	-0.736172642155318
XLOC_033500	-0.796279864381905	-0.572737062861417	-0.250515100707764	0.226251891011684	-0.565874307517522	0.343570803627265	0.77221647328228	0.609609529138454	1.06904488522324	0.137694302329434	-0.323217065628567	-0.649764483515184
XLOC_033509	1.9825934216604	-1.01599192917021	-1.01599192917021	-1.01599192917021	-1.01599192917021	0.778799985209438	-1.01599192917021	-1.01599192917021	-1.01599192917021	0.563545457988288	2.90416297335253	0.882841665980836
XLOC_033521	-0.516013695565859	-0.0611489929164808	0.228666671460894	-0.723452913163984	-0.204595066162836	0.462668881491787	-0.38992413428007	-0.265759127133342	-0.733409885629002	0.601854675662738	0.949442085193176	0.65167150104298
XLOC_033525	1.01627580110825	0.452510737061768	-0.0533938358676389	0.176022481949289	-0.179196176506175	-0.075948584932128	-1.12474835027117	-1.71529214472718	-0.019047337028506	0.676193629966258	0.553498925080379	0.293124854166852
XLOC_033533	0.358555024075265	0.0707706496737455	0.546221717199219	0.117933733043071	-0.68160852673074	-0.357128413538788	-0.223560861733145	-0.3018268234664	-0.400194439835993	0.37278252535519	0.204042447473999	0.294012968484577
XLOC_033536	-0.344750806455988	-0.16524069606319	0.0247231273998043	-0.52786209767911	-0.148558126737329	0.0926224454813465	0.0374877183821489	0.207222720394997	0.177808671061644	-0.134336164593304	0.387559285365953	0.393323923443036
XLOC_033563	-1.82744237354974	-0.379016476940847	0.444489192303496	2.05879374524579	1.44868742105939	2.98845542614504	-1.82744237354974	-1.82744237354974	-1.82744237354974	-1.82744237354974	0.828357877678448	1.74744468225738
XLOC_033599	-0.924979215478442	0.523446681130451	3.10348147037593	-0.924979215478442	-0.924979215478442	-0.924979215478442	-0.924979215478442	1.64985904643215	-0.924979215478442	0.65455817168006	0.543509138730503	-0.924979215478442
XLOC_033643	0.0100201672259743	-0.302263194045073	-0.160618884588056	0.537580378393231	1.1815199391789	0.766141201091512	0.237800038214909	-1.88129680966705	-1.35145450317621	0.52585125762044	-0.0863437043640047	0.523064114115424
XLOC_033658	0.856200889320781	1.00294741075142	-1.89652456635824	-0.2270540638383	1.5980632309977	1.09777976421442	0.126961681488891	-3.43994454280574	0.166640286524729	0.252977462077438	-0.42750347142935	0.889455919056239
XLOC_033680	-1.90688445276924	0.597522511711785	0.57551420053472	-0.5218154807527	-0.455788564030439	0.275450763033072	-0.234031128992625	-0.419446378398655	0.248785698852635	0.338988093269847	1.79083669201676	-0.289131954475167
XLOC_033684	-1.06589617335464	0.264830429044878	-0.137762320744396	-1.47580548668562	-0.0897890185989647	0.0636891592022968	0.160047753902096	-0.0163508872533251	-0.103873978475993	0.607220735493873	0.690868850467806	1.10282093700199
XLOC_033690	-0.331514776971043	-0.383007698784631	-0.610650276583507	1.09970590793074	0.649623166320263	0.741234813199221	-0.774976860398562	-0.393615787869352	-0.137469027198305	0.198767676877056	0.00198457621720927	-0.0600817127390894
XLOC_033692	-0.079853903617531	0.0397759284471153	0.212111719212901	-0.115512270994564	-0.123630890225067	-0.12857970052799	-0.00955603640402281	0.00882119273432203	0.428245026355059	-0.198683777894901	-0.102415234416389	0.0692779473310736
XLOC_033705	-0.808845503943751	0.574872045051557	0.407029032223564	-2.26690587536882	-0.224356957868819	-2.38182807900696	1.61137785821268	1.07832784775222	1.45133466754901	0.570419699431467	0.0462756142813996	-0.0577003483135465
XLOC_033706	-0.480108074534505	0.637488698366685	1.06628130610499	-0.101392342324564	-1.2845476686522	-0.562453350859879	0.928763871132149	0.980784398804167	0.0923423277784625	-0.301959419083447	-0.156123021083258	-0.819076725648609
XLOC_033725	-0.410691529441039	1.20612683059225	0.667492683486513	0.0274411893168773	-0.363810081078646	-1.24414351639468	1.10524706301373	0.372683965404683	1.36524680945193	-0.864044449066943	-0.236620294042989	-1.62492867124169
XLOC_033726	2.27456320113218	0.0615140321448964	1.36680816333472	-1.386911864464	-1.386911864464	1.18338065968857	1.74245967691395	-1.386911864464	1.69274545356966	-1.386911864464	-1.386911864464	-1.386911864464
XLOC_033727	-0.174791348972622	-0.398024393929816	0.043852493161733	-0.700248689969532	0.306207691863459	0.0867973915127962	0.639724456718485	0.966202212789834	1.28378808114198	-0.595823623465823	-0.368590725826249	-1.08909354502425
XLOC_033729	1.36739193083845	-2.29408313475773	0.820181686564601	1.5921529840378	-0.332143700228089	0.777846465444024	2.10859437580704	0.28075512715286	2.56155366941424	-2.29408313475773	-2.29408313475773	-2.29408313475773
XLOC_033730	0.283568116082075	0.51281428490508	-0.624186921715382	-0.165016470546665	-0.101777154904968	0.6055811000124	1.93507343802147	1.44325424916737	1.65243174898603	-1.7983695623556	-0.365465878137715	-3.3779069495141
XLOC_033731	-0.136799851425814	0.375131068485893	0.215159354503672	0.41538608236874	0.169034600157547	0.394295449591455	1.03479350301647	0.690296632457453	0.693557586725944	-1.011194405261	-1.31630258359741	-1.52335743702294
XLOC_033736	-0.155971739477854	0.230481692414202	0.053469732127633	0.0180625422293161	-0.257504887843369	0.079896424217468	-0.523515124693748	-0.655012814322821	-0.658848545984002	0.371558143125554	0.476215742722513	1.02116883548511
XLOC_033752	-0.171839813940322	0.437721181384141	0.0943466069505075	-0.966469543257428	-1.75357476910314	-2.36221761745806	1.38622225630292	1.19026102365338	1.09519829655298	0.0394345503099185	0.780130319266066	0.230787509339038
XLOC_033757	0.297633181271481	-1.65985623083407	-0.702056276782562	0.87388041238412	1.34355804720132	1.12082745898984	-0.249414873810266	-0.739578575265274	-2.29852436690444	1.38520808080304	0.86975718524458	-0.241434042297777
XLOC_033770	-0.235630217181392	-0.494284427527696	-0.00622705954656233	0.534810531365251	0.415961607688377	0.187489723499902	-0.172434338117234	0.192919882843123	0.170727849212566	0.0480496659649008	-0.440509006628399	-0.200874211572841
XLOC_033783	-0.0741990004406352	-0.140509074157206	0.221313171977241	-0.813365912802798	-0.0270791574560407	-0.205349537867932	0.659731374193481	0.554095050573268	0.0837673842752649	-0.232699840801438	-0.120197883212241	0.0944934257190413
XLOC_033789	-0.678588769521206	0.571769077305065	0.703276443831754	-0.303292016545877	-0.417696244473819	-0.185973103930295	0.415101778134323	0.557777522246393	-0.0574342515686217	-0.494935394751111	-0.235253834004422	0.125248793277819
XLOC_033810	-0.0904005012931481	0.0999389463705107	-0.131315308901407	-0.482297509432239	0.0790833654561975	-1.3823878806221	0.487168572190023	-0.137054733344433	0.432355811659607	0.523790427352934	-0.139733531996079	0.740852342560133
XLOC_033817	-0.253599657010982	0.512818903020352	0.743669546967692	-0.190044255600326	-0.278934384480138	0.207096047816442	-0.0800791760514583	0.160431062389854	-0.145655709020565	-0.23652777312505	-0.271541999763325	-0.167632605142498
XLOC_033819	1.29783870620146	0.0705037118581817	-0.100022529597422	0.265625331968633	0.254094560965981	-0.71286496794666	-0.0282034801299496	-0.453938567826279	-0.00412471630163047	0.376992568994859	-0.524671702385295	-0.441228915801881
XLOC_033830	0.0227440052426937	-0.897792965571646	0.914782866005913	-0.669747102945267	0.528173346376557	-3.8826375819127	1.11745760381313	1.05979118078898	-1.16222733450071	0.864402110905373	0.340258025755306	1.76479584604238
XLOC_033837	-0.0106775881323751	0.368435394420472	0.637944875924532	-0.23786540749487	-1.48904714170221	-0.244707080169387	-0.0719415964614543	0.816020189052168	0.538478051160051	-0.126498170468644	0.153052385957492	-0.33319391208578
XLOC_033839	0.499936465074706	0.350897931690004	0.219554728816847	-0.0579304834568477	-1.36959193757977	-0.787451816364685	0.687341690773309	0.445112093097412	0.279175059439746	-0.0273247398845395	-0.280969319854967	0.041250328248787
XLOC_033854	0.393346404042079	1.01796991239167	0.304422954183734	-0.24853745396747	-0.226876981629334	-0.505349688225878	-0.16664938523096	-0.139653946816254	0.159816952791553	-0.359378307181541	0.0341864953705455	-0.263296955728149
XLOC_033871	0.688790363032924	-0.269511478498644	-0.0679320165918549	1.28787439479705	0.82531774189843	0.348197352700256	-0.825753426631769	-1.48089048295872	0.00247314880198246	-0.072117711321634	-0.238704554603731	-0.197743330624288
XLOC_033872	0.048637118098501	-0.146880986285479	-0.111451294719306	0.711898612682898	0.68667951918017	0.882245294847653	-0.793895970306353	-0.564261979854896	-1.57084766571075	0.378128845487662	0.0330445929589107	0.446703913620989
XLOC_033876	0.590266278957257	1.97982036659744	3.07266493226121	-1.91090086782174	0.0510385667079041	-1.91090086782174	1.21847067355621	1.8327341414384	0.809509379590254	-1.91090086782174	-1.91090086782174	-1.91090086782174
XLOC_033879	0.370067136789967	0.198614437652365	0.0909503996404517	0.0304493878509859	0.21193276394723	-0.181324189889466	0.18397198015235	-0.00022722662500918	0.171938947507707	-0.265346155120607	-0.350499323320854	-0.460528158585127
XLOC_033882	-1.64074351042073	-0.748962740903419	-0.504798128098289	1.08529280870189	-0.0299659891347179	0.830160443157101	0.0659452743811073	-0.481057377335436	-0.044050949011746	0.116089748259481	0.788596904612113	0.56349351579264
XLOC_033890	-1.09636897243894	-0.597529188632139	-0.172184103446434	-0.775028765332319	-0.354361504346401	-0.109292107406599	1.20766460888212	1.24816642898111	0.690013249562028	-0.332753885032126	-0.00769831105384	0.299372550263532
XLOC_033921	-1.30312003794366	-0.819442568381601	0.890209321721487	-0.215790246343194	0.606523743566601	0.733437122297496	1.32920665111362	1.62678161324339	0.491093486596687	-0.64159938295294	-0.791846113346273	-1.90545358957161
XLOC_033927	1.70839768257005	1.80071627476443	1.72061218776158	-1.13589170949491	-1.3045370052052	-0.6071043745305	0.651179751226923	0.514105148209008	0.765219021240606	-2.1245752682481	-0.76229489350979	-1.22582681478408
XLOC_033940	0.472742086177884	0.185330941390032	-1.26309495521886	0.646619162798926	-1.26309495521886	1.30719756893371	2.78139146554176	2.18528850647085	-1.26309495521886	-1.26309495521886	-1.26309495521886	-1.26309495521886
XLOC_033963	0.104361490839102	-0.184027212776209	-0.199494409784833	0.571037226883327	0.468642760645167	0.525542034252224	-0.503035565756494	-0.662092297574255	-0.496123095093513	0.47345521383224	0.101513033346535	-0.199779178813289
XLOC_033968	0.175674809427284	-0.695677464150007	-0.549925983274454	0.815769096551049	0.733156989953127	0.567585544096485	-0.486987178108445	-0.600703984848771	-0.12603219159096	0.177355586087209	0.288489012717585	-0.298704236860101
XLOC_033983	0.184025918662263	-0.3110709759826	-0.483146839178087	1.07185688466548	0.624608667502781	0.457660055453498	-0.120803824451245	-0.524949417632641	-0.613220814381803	0.342615270035471	-0.352914706529461	-0.274660218163656
XLOC_033994	0.108599137964918	-0.0140620508678486	-0.0871847406276531	0.834289280459894	0.329190129479109	0.946693724346021	-0.462039638257148	-0.0774958013103557	0.336933832661686	-0.199109466157754	-1.15614705427585	-0.55966735341502
XLOC_033999	0.87620874933367	0.259702025143881	0.471315284503399	-3.23866509110614	-1.7426877334045	-0.601999849910945	1.54356043870108	0.667651756563221	1.09597389879882	0.0719802313758322	0.891894536338887	-0.294934246337217
XLOC_034000	-0.869990751519015	0.418010897499725	1.37314951969265	0.45243626952714	0.173045687327386	-1.6674727168093	1.70367486687289	0.816531992695163	0.872578691253552	-0.785736573432381	-0.939607087500693	-1.54662079560712
XLOC_034001	-0.7489897199892	1.29257108931568	1.5495950878136	1.46444263963586	0.082915731455742	0.566738153149243	2.46151822047804	2.75992406277814	2.92157736365906	-4.11676420943206	-4.11676420943206	-4.11676420943206
XLOC_034002	0.838058827534263	0.621491366239783	1.01841446400326	1.53199199029821	1.81983251982761	1.29573009248507	1.48627654505606	1.59953445423241	2.17867175691848	-4.13000067219838	-4.13000067219838	-4.13000067219838
XLOC_034004	1.28559078054566	-1.21557636623334	-1.21557636623334	-1.21557636623334	-1.21557636623334	-1.21557636623334	2.35132985806129	2.77302885491624	0.302220364967118	-1.21557636623334	1.79686470514305	-1.21557636623334
XLOC_034005	0.196886561691352	0.450364887920152	0.525171862889247	-0.243923069371914	0.702542642040638	0.811486512543188	-2.73547473647439	-1.69443041520167	-2.53022732224907	0.948758258379866	1.35657197857089	2.21227283926173
XLOC_034006	0.271442363975694	0.399586542633306	-0.686304806355799	1.90319352860903	0.534049446733479	2.14581823705849	-2.2297247828033	-2.2297247828033	-2.2297247828033	1.66956393483486	0.782716288573087	-0.330891187652249
XLOC_034020	-0.300253397542548	0.671915799830338	0.244845866943623	-0.213367758769005	0.00132591154373163	1.00983915852869	-0.303564923801458	-0.705612974970359	0.0420656380907509	0.373900099012046	-0.430572488217685	-0.39052093064813
XLOC_034069	0.643488694779772	0.433337592727279	0.0490992591611814	-0.571830235118994	-0.710236824162454	-0.49109160019787	1.04076458084477	0.731880171099719	1.26909023516913	-0.50378782447638	-0.762725081811763	-1.12798896801439
XLOC_034073	0.0373072957597156	0.0654885007489758	-0.127634947469697	0.729455557766589	0.345565026970216	0.233049885231281	-0.940900894100744	-0.362925446749307	-0.0612128227299111	0.347721527765165	-0.0385835963826127	-0.227330086809673
XLOC_034087	-1.40491315988038	-0.739133136429746	-0.490089105754527	0.027874187309715	-0.380719293449966	-0.12895406444442	1.29756722737085	0.964994867511144	0.145661616567356	-0.203265986563686	0.220319319076443	0.690657528687216
XLOC_034128	0.249764595615608	0.423207727121029	0.609612498041163	-0.926760980908663	-0.700068923994528	-0.536625915026749	1.45213406816507	1.26783026003992	1.5041974475181	-0.901238764051834	-1.32423094467265	-1.11782106784647
XLOC_034168	1.67228994279299	1.2253883082561	2.02170599232131	0.432888171459961	-0.428041802500031	-0.221875974853435	2.10064775438705	1.92145202036056	2.22830590885835	-2.6418476236682	-2.50637727197674	-5.80453542543792
XLOC_034182	-0.145153175360702	-0.357842217884663	-0.263089679355892	0.14937813513423	0.21912707770883	0.374517005487288	-1.03423847149396	-0.0576154825405837	-1.08869874987102	1.17674364308972	0.389097219319706	0.637774695767049
XLOC_034206	-0.94418963658939	-0.391274261579697	0.441213947091669	-0.597186183398301	-1.04238185716117	0.226434569619203	-0.230655006298559	0.527232109416884	-0.690265628112011	0.985735896866514	1.24139459504439	0.473941455100465
XLOC_034210	-1.71083484664458	-1.71083484664458	-0.167414870197085	-1.71083484664458	-1.71083484664458	-1.71083484664458	2.79388293631981	0.864003415266005	2.58454582467476	1.74119382088491	-0.24234649243564	0.980309598710166
XLOC_034211	3.12618777137729	3.17864803812342	1.63713672098415	-1.47712810033818	-1.47712810033818	-1.47712810033818	0.558570101228723	0.321557339453207	0.0406686308622755	-1.47712810033818	-1.47712810033818	-1.47712810033818
XLOC_034231	1.04705796949843	-1.65289708696878	-0.166766677605098	0.323556357172714	0.390317986648189	-0.365938019516161	-0.961280437840464	0.571384542986694	-0.202777124909147	1.22712845643193	-0.272821980786607	0.0630360148883002
XLOC_034238	0.713934708657078	-1.02190233273967	-1.02190233273967	-1.02190233273967	0.940037101789974	-1.02190233273967	-1.02190233273967	-1.02190233273967	-1.02190233273967	2.67101967214351	1.15908273397202	1.66924211261508
XLOC_034283	-0.627542879604477	-0.48079635817384	-0.460110779354275	0.167518686936202	-0.0187931309292448	0.658971138853487	-0.0705949611163801	-1.47530485004128	0.59121597216487	1.04557402924403	0.112447997129808	0.557415134891101
XLOC_034284	0.209277587104468	-0.971678330595434	0.433945235915925	0.228807433652582	0.94549934096744	0.290399997151421	-2.01431804861547	-1.11876455575448	-1.78274224698096	1.15194834065351	1.07043869777703	1.55718654872396
XLOC_034285	-0.687532843565126	-0.0347491470753623	0.368722000712454	-0.17800314661629	0.599813925525063	0.154198432102501	-1.71472357492359	-1.56125370139655	-1.60769160602112	1.26613058794241	1.91492277267136	1.48016630064425
XLOC_034317	-0.0519140145311443	-0.240177563650699	-0.730333755278719	0.602815347131619	0.668210675711496	0.490120542378135	-0.591219906899257	-0.179270224036076	-0.496584177445536	0.423033615951805	0.0527937278113892	0.0525257328569886
XLOC_034328	-1.27552149761337	-1.27552149761337	-1.27552149761337	0.634192620404414	0.686417936916268	1.79640810258838	-1.27552149761337	-1.27552149761337	0.96542411817885	-1.27552149761337	2.94737411005464	0.623312097537678
XLOC_034359	-1.12596645960149	0.187031718848092	0.237106851610617	0.227286732730939	0.0666071357052855	-0.431055193622622	0.622768717969551	0.989076978054791	-0.0689504718927934	-0.382325576880728	-0.0307930901550799	-0.290787342766561
XLOC_034363	0.878003864648401	0.233190098136254	0.758009078338617	0.637759143546457	0.329293768428927	-0.812603684077605	-0.27716488574336	-0.494804400033511	-0.0169708191868949	0.124884667084038	-0.43212391110065	-0.927472920040676
XLOC_034395	-0.384434379262874	0.328883293663683	0.0194614082603617	-1.4733056120757	-0.106889935484357	1.55412882700125	-0.884685677674969	0.605585491056084	-0.0159744289119135	1.00154127079637	0.839875877574519	-1.48418613494244
XLOC_034398	0.0650670752486091	0.160397459772386	0.152418647475582	0.463654709559326	0.807074543341146	0.482831087116178	-1.19292460807202	-0.175212272711805	-0.746360027424251	0.330585246263756	-0.505853662987369	0.158321802418457
XLOC_034401	0.508093218151688	0.583332972432123	0.451895121806352	0.0219145388902326	-0.241015499106388	-0.503092924678354	0.00236851587649678	-0.213911046713807	-0.291573673364219	0.088899345893787	0.220853749984556	-0.627764319172464
XLOC_034419	0.557342595081849	-0.217653906564607	-0.222187819991227	0.116532964018583	0.347510798515467	0.272785457930505	-0.666464885267679	-0.962333442961084	-0.115336233331452	0.535599942960799	-0.0573578868720217	0.411562416480868
XLOC_034424	0.310103308757593	-0.0280650921031089	0.274962494171607	0.198036844272668	-0.0492720658997365	0.814209542368095	-0.796392020231922	-0.674938014929367	-1.63450518474885	0.661963701515673	0.858980249563679	0.064916237263672
XLOC_034442	-0.153075046579806	0.520848938115529	0.88275761723169	-0.755568049219884	-2.92654692610257	-0.90499831110571	1.1239573903905	0.457204357595617	0.626417923263654	0.313042818275719	0.223342202145381	0.592617085989885
XLOC_034451	-0.362736292130926	-0.630322193614354	-0.645733441288812	0.70182503997955	0.700289576362726	0.463757926892855	-0.416430714633382	-0.111498566162089	0.086003432123972	0.0975450717777395	-0.0651865799350535	0.182486740627766
XLOC_034472	-0.125534304428752	-0.476702248825294	-0.489893131142679	0.826929363917138	0.419675581897417	0.660141104064246	-0.536195787258239	-0.397920747324582	-0.180562040521409	0.30702702128028	-0.160551442489227	0.153586630831098
XLOC_034473	-0.229259686722198	-0.375186077125218	-0.232588507818891	0.708480627665445	-0.0286842519590937	1.22853001580418	-0.105097468119701	-0.612179756840162	-0.754815175577859	0.245683947921919	0.500914756886774	-0.3457984241152
XLOC_034495	-0.141635994880773	-0.0671205720977825	-0.0696405406076206	-0.631082510250771	-0.341161348458277	-0.451065598972522	0.800086393571778	0.428750264277001	0.228822870296399	0.211719598753323	-0.162159844572766	0.194487282942005
XLOC_034499	-0.00203781266495984	-1.95952722477051	-1.8440605261881	0.720611936355773	-0.163729056523544	0.821156465053402	-0.213825952402517	-0.372357082781195	-1.03633477400768	1.23361015065715	1.63941855629141	1.17707532098076
XLOC_034504	0.265362564843904	0.891381283273241	0.538617136765046	-0.285705182471499	0.503701609029765	0.129419621826767	-0.776907835682136	-0.833962139758434	-0.431277273789927	0.545816162926873	-0.124672180550984	-0.421773766412615
XLOC_034515	-0.0985488057406352	0.25362330209737	-0.253634284577662	-0.552947667371877	0.0979724643740854	-0.420291152646105	-0.28176978351211	0.664607894151208	-0.793885905849858	0.504890861481501	0.605480334611493	0.274502742982595
XLOC_034519	1.14167578422388	1.26021221074321	1.12173359191008	-2.11696742627377	-0.0744185087737699	0.789216255403224	-0.282429524908442	-2.22799610450017	-0.659636243109984	0.357879456598295	0.845014083851106	-0.154283575163649
XLOC_034520	0.00711517286850238	-0.0145337698979837	-0.0843132595495142	-0.107109433505357	-0.000748017356762887	-0.119144912952663	0.25694210422745	0.301872848585786	0.195956954345268	-0.122523862281033	-0.0473012701309798	-0.266212554352716
XLOC_034528	-0.077100750415255	0.895977909648141	0.850908318584587	-0.579891849553757	-0.425049668959717	0.290786631929491	0.100511615573406	-0.217097507658572	-0.502977850962679	-0.0611636547855303	0.845469952327463	-1.12037314572758
XLOC_034635	-0.947268057782628	-0.424321312806306	-1.56132251942677	0.212207321443893	0.589852633576263	0.62210600986925	-1.18567100584754	0.373714534775632	-0.323337320688058	0.80632593696504	0.157954233814847	1.67975954610638
XLOC_034669	-0.242787352202882	-0.306943846409726	0.106835900797464	1.04789990129406	0.548153549222493	0.796057930586779	-0.454575491940439	-0.613106622319117	-0.750156802248792	-0.904712964049764	-0.436586729056508	1.20992252632643
XLOC_034692	0.39357741629523	-0.158195130820402	0.11382183457851	0.365136737605416	0.530104795160736	0.835026262154485	-1.04558963891659	-0.919762490327041	-1.31722242558321	0.557041095592694	-0.127209403093008	0.773270947353192
XLOC_034726	0.384999111346334	0.491617053639373	0.813875564131391	-0.50426336204903	0.261407524670404	0.286709860171054	-0.821436814864239	0.0398618168417366	0.0315948435150597	-0.142262093612912	-0.395906673583339	-0.446196830205827
XLOC_034728	0.0610723019211932	-0.498829076888475	-0.109761261807666	0.884205362461334	0.874748431643926	0.395734120148596	-0.492681560384547	-0.0747549582096241	-0.554837388697093	0.0699260028403064	-0.217416923071051	-0.337405049956891
XLOC_034757	-0.760111499666578	-0.506633173437778	-0.744605199316275	-0.323529466525909	0.0797279065828311	-0.302440234715775	-0.255583643970242	-0.382480281171397	-0.155637289908243	0.893121732911709	1.33305395542687	1.12511719379079
XLOC_034759	0.583244239284936	1.11499471091822	0.76930436373986	-1.42076028695547	-1.70015086915523	-0.604629994479022	0.467320632465617	0.260731577203545	0.556232060986663	-0.0528947003897446	-0.136980951602789	0.163589217983415
XLOC_034760	0.573750384131887	0.701894562789498	0.344514803206129	-1.92741676264711	-1.92741676264711	-1.92741676264711	1.97474937699171	1.14932576019251	1.43962853853447	-1.92741676264711	0.253568304064581	1.27223532067764
XLOC_034761	-0.612332229581748	0.600216491866457	0.149340475862321	-0.872133795383904	-0.620694781084763	0.508532432300965	0.256939254131764	-0.0575440257782791	0.517133320688229	-0.269331253685622	-0.0319112159932811	0.431785326657862
XLOC_034790	1.34307418047669	0.290332930306594	1.11383859955094	-1.1580929663023	-1.1580929663023	-1.1580929663023	0.877605235264603	-1.1580929663023	-1.1580929663023	-1.1580929663023	2.58296622336621	0.740740628848751
XLOC_034798	0.205354677667325	0.887377973393996	0.866040874078837	-3.16241981177553	1.03726012911227	1.37530449524462	0.581832207607584	0.285963649914179	-0.442009564363544	0.53050219310764	-1.69393145756659	-0.471275366420783
XLOC_034799	0.627305210022595	0.312841956127049	0.772236335182541	0.647250259041219	0.574207503333021	0.145540945617685	-0.799437067155296	-1.399596048084	-0.893998514696069	0.214134967034233	-0.0930123301532859	-0.107473216269701
XLOC_034801	1.75276223671093	0.711040633292103	0.0215380459322843	0.394564541952672	-0.242359545556635	-0.458551436917935	-0.875133262149808	-1.36529696360482	0.317619113908483	-1.64166133598732	0.0309572945958978	1.35452067782415
XLOC_034812	-2.00665922091382	-0.826883461961345	0.336143390316666	-0.464710909580863	-0.763239105708249	-0.0854748359255169	0.862565880136245	1.08137090333334	0.64053814260687	0.301128054465027	0.598553356409774	0.326667806821871
XLOC_034823	-0.224516102326464	-0.387299319581892	-0.244458294640265	0.553432064183609	0.0808421492400253	0.739505588332101	-0.990195920277142	-0.234769355322967	-1.40116820430448	0.902864993464334	0.0472687918007457	1.15849360943239
XLOC_034826	0.561808693302041	-0.0475263538273136	0.1692613341798	0.324843317071899	-0.184795694159578	0.462555074842586	-0.792824850867413	-0.757546784022968	-0.726169876913795	0.606367235648567	-0.0407150785153831	0.424742983261562
XLOC_034834	-0.568045278017033	-0.404662911064356	-0.0258214232739737	-0.646693987311651	-0.39072653702214	-0.00353478774656946	0.088140198121633	0.51370912898377	-0.101031665751533	0.669065176131175	0.599364780808067	0.270237306142613
XLOC_034861	-0.0746004449459345	0.247582382630643	0.242000423821343	-0.427870814250594	-0.619252369401551	0.180721648089621	-0.467196696419371	-0.113215360830104	-0.605218323951616	0.593258201659889	0.855374293917503	0.188417059680177
XLOC_034868	1.45199999005418	1.64988783232861	2.14252683006865	0.207002172834449	0.946374729384803	1.36965471372881	-1.65533133393786	-1.2072028663416	-0.764942690340765	-1.42635091897449	0.292269847328193	-3.00588830613299
XLOC_034870	0.291462062988127	0.00863185021344126	-0.189160172396072	0.41400331653313	0.710201194742118	1.07445890196512	-1.34034449860812	-0.847747130994909	-0.460656427237289	0.48499765413198	-0.0656929326105571	-0.0801538187269717
XLOC_034871	0.533634639369785	-0.00948598960598268	0.203472507966909	0.790795247689914	0.642335427615646	0.467242476496391	-0.771175400426821	-1.22500613491494	-1.27969357030705	0.121096573630335	0.271833583844791	0.254950638641024
XLOC_034872	0.281815853622476	0.0284344101574474	-0.393490675492393	0.684852961394029	0.903474089065894	1.20515390007275	-1.61247855181481	-1.23350469184243	-0.825621311439481	0.796220198420254	0.629235180348936	-0.464091362492678
XLOC_034875	0.376909062230443	0.368985679033466	0.296879542870846	0.258246461973883	0.348628841406539	0.593924521543897	-1.09309308729355	-0.813258124359725	-0.758947221237515	0.201993473581323	0.0691627157933912	0.150568134456989
XLOC_034906	0.0904792306661459	0.106559955051909	0.84825341895909	0.191671945010849	0.259963097415492	0.40406210265038	-1.79685056698711	-1.19654862169654	-1.27788678220468	0.632537284883806	0.735257591681842	1.00250134456882
XLOC_034907	0.721224892910581	0.0246677293584803	0.265876240974345	0.329071120135801	0.265988992057223	0.697985510832708	-1.32466966437206	-1.12598096948084	-0.715619312620535	0.387690531718989	0.127969203089911	0.345795725395392
XLOC_034916	-0.41543178297377	-0.262576073510978	-0.635361262649964	0.181607034522081	0.275992424072778	0.140244043035102	-0.460883463465592	0.0045861348880516	-0.47975702827453	0.566921223808444	0.463023313095543	0.621635437452833
XLOC_034924	0.72962522925581	0.98310355548461	0.094163851033894	-0.352198151681307	-0.584985568407359	0.698714286617901	-0.671528046182209	-0.494799261216697	0.0569464008425093	-0.545512265593662	-0.497375080808326	0.58384505065483
XLOC_034934	-0.0680391278869674	-0.322199205457956	-0.191250827619122	0.128759458990915	-0.0612690849759865	-0.257727290116087	0.653253718119636	0.740164864213572	0.967862210020424	-0.33225606742206	-0.885322120760176	-0.371976527106188
XLOC_034935	-0.654516304944377	0.102155294772044	0.0996353262622058	-0.461806643380944	-0.65168663990803	-0.208549313002215	0.866736454585712	1.22071779017498	0.937907937213897	-0.318217208522973	-0.455901263389244	-0.476475429861058
XLOC_034942	-0.342934407758733	-0.744985663377935	0.839456113795433	-1.75318610394895	-0.257208746247307	-1.01346475241166	0.738950683586473	0.597408546521929	1.46514205215199	0.579601723536433	0.229189596214366	-0.337969042062045
XLOC_035004	-0.330307007590381	-0.552990576677515	-0.289724933778645	0.799846271641497	0.584919447801662	0.408612108030589	-0.0104831331764572	-0.0451799840576754	0.297487121418907	-0.321868866368568	-0.377245316543286	-0.163065130700126
XLOC_035017	-0.229844034490943	-0.153008710186372	0.0550478665035108	0.00107819628910555	-0.265214616366505	-0.157876363876721	0.210431614066501	0.336938471821059	0.229842890353307	-0.0124535592299537	-0.0437720987686916	0.0288303438857049
XLOC_035019	0.0425386254269871	-0.418563821999154	-0.197902994096868	0.290596893810912	0.043738869873291	0.106952779394161	0.213202939901572	0.242663402357204	0.567765512084131	-0.304643722497525	-0.574847033487471	-0.011501450767252
XLOC_035021	3.07488161485418	3.29967317504926	3.51480649204667	-1.78153830888387	1.49459148572526	-1.78153830888387	-0.430981336688738	-1.78153830888387	-0.263741577683416	-1.78153830888387	-1.78153830888387	-1.78153830888387
XLOC_035028	0.121685211711962	0.273093705049785	-0.155882096991804	1.02105212534132	0.429499387917305	0.6908384154418	-1.18371152984978	-0.532091806757513	-0.40023708962087	0.514105860446948	-0.268760710342857	-0.509591472346293
XLOC_035031	-0.365519488951786	0.0147423448628494	0.336964307016502	0.473993288608024	-0.236002923664066	0.370951508743526	-1.41683816404852	-1.16676846236574	-0.382959771676601	0.852078373061189	0.556969139173774	0.962389849240843
XLOC_035034	0.195554459527051	-0.169300569344273	-0.167811255629221	0.177143144634515	0.12248187744356	-0.117467639183328	-0.0883132658186234	-0.0845123837010533	0.0111221328352666	0.155498155176383	-0.0557740115417733	0.021379355601491
XLOC_035048	0.307220558526898	0.247472764956068	-0.325543089956054	0.772981837837628	0.582188656716288	0.0801717544467033	0.0367999247707882	0.286805295907001	0.0888340542902473	-1.00865706966638	-0.578708414161316	-0.489566273667865
XLOC_035050	-0.53318080382024	0.18614025389445	-0.217544264947241	-0.30289456625097	-0.00891983907165539	-0.115280941383233	0.476088878460631	0.65792334538023	-0.168958692240503	-0.224624135382284	0.222752491640334	0.0284982737204817
XLOC_035072	0.830374018305086	0.546293138875162	0.645957863615228	-0.742321585619134	-0.858760525999254	0.23676034867695	-0.136077618452238	-0.111467378769575	-0.159227522073088	0.148736869987872	-0.085834568984577	-0.314433039562433
XLOC_035073	0.302021617468003	0.119946697510647	-0.172013284553832	-0.152245847120057	-0.793503721188085	-0.209984629105029	0.210407371831414	-0.204553234068008	0.0916719553331014	0.265891178963092	0.162110780266605	0.380251114662143
XLOC_035095	-0.514772972359714	0.1440927299563	-0.0264400336051702	-0.2740898498691	-0.57952883163933	-0.203251689174504	0.202950584895997	0.243954589932271	0.225464369910568	0.106297007670696	0.0112973243834498	0.664026769898534
XLOC_035109	-0.0489813202371217	0.154677569160651	0.119512715301401	-1.07787177285737	-0.166778340107065	-0.133983702488815	1.07112753734099	0.917828182457426	0.770385105582839	-0.62908380599914	-0.795152129687814	-0.181680038465981
XLOC_035117	0.543721096060482	0.0906535776506123	0.288350950338232	0.292418953540088	-0.0605789301819231	0.751278134940955	-0.681626653136639	-1.2146766635971	-0.639115131959251	0.599105594923828	0.386809545660876	-0.356340474240163
XLOC_035127	-1.54293306870766	1.08637825672895	1.85954806964619	-1.54293306870766	-1.54293306870766	-1.54293306870766	-0.192376096512525	1.53380945413196	-0.0251363375072031	0.772479458090557	2.67996253896035	-1.54293306870766
XLOC_035134	-0.645260009001544	0.0883161337691538	0.16034463775399	-0.773409417810257	-0.703437153731336	0.142858284452511	-0.0829236643606661	0.206862174705769	-0.570158478271763	0.51660898401519	0.887793858019317	0.772404650459634
XLOC_035136	-1.70915219440644	-1.28852436853235	0.197606040831332	-0.741286652617021	-0.681215006266404	-0.373059635601428	0.599497184957437	0.935757261423124	-0.724578988391192	1.07078215943923	1.33688411383523	1.37729008532848
XLOC_035137	-1.82779606048334	0.486164683289442	-0.449368280557757	-0.350742622912652	-0.287503307270955	1.11986926070121	0.18061891750303	-0.486890579040469	0.0429517274503763	1.07240384975814	-0.265474948418908	0.765767359981887
XLOC_035146	-0.174754453412939	0.344795058965165	0.220437264554781	-0.605819492320107	-0.914284867437638	-0.543142787072654	-0.0274491222707356	0.134149015164221	0.200003038196555	0.416423629473951	0.729892415286728	0.219750300872669
XLOC_035175	0.399534514349206	0.27527282721666	0.315026635199587	0.0195086228059971	-0.0461830820510567	0.153873140270006	-1.0737035216049	-0.415127789792728	-1.63141620090017	0.806600554829297	0.339890770700254	0.856723528977854
XLOC_035181	1.27614287566573	0.714596050112193	0.248296136181975	0.39307832745591	0.232398730430257	-0.0776953366823347	-1.24404269050808	-0.36376592740665	-0.307719228848261	-0.381572750392146	-0.461799787075026	-0.0279163989335691
XLOC_035191	0.446023792947031	0.36221874645263	0.313151584373152	-0.317332229681087	-0.62704666560838	-0.332654258939726	0.0679135186190951	0.156469431175175	-0.200789914220007	0.13206972284341	0.144393482457829	-0.144417210419126
XLOC_035198	-0.0635693241615094	0.410237260749455	0.0335340440659726	0.176072414934911	-0.696915496053093	-1.09775235805852	-0.110785731127307	0.148393141974194	-0.144217711900633	0.33105811580768	0.44148871808484	0.572456925684014
XLOC_035218	0.0699191482836419	-0.153712759569288	-0.153114139162257	-0.151469562554075	-0.232916683760699	-0.226270611035313	0.588598983957601	0.177501784882473	0.33464323366934	-0.328221998688148	-0.251923535506236	0.326966139482971
XLOC_035230	0.846234178379547	0.566853957252634	0.142736579209804	0.652853828977386	0.617568718173375	0.394310317327826	-0.910431849325694	-0.911048859448673	-0.662978642171383	-0.0186469170705879	-0.181687087668479	-0.535764223635749
XLOC_035245	0.0200669540483931	0.0732474514943968	-0.453793868022903	0.732015453696047	0.416499631841354	0.50686061535503	-1.24612423482823	-0.327129175785579	-0.602168711203626	0.129178993803015	0.509490501939036	0.241856387663068
XLOC_035251	-0.855966298353346	0.552279369458961	-0.386271552119547	-0.626406271816407	-0.0650253969279708	-2.39962805357715	0.691243287713405	0.825495216705614	0.60261313176126	0.379681664968766	1.29676706519005	-0.0147821630036393
XLOC_035275	-0.655366845461506	-0.0413688260881546	-0.0257895823543715	0.190428689554009	0.417120746468145	0.191881291070572	-1.64652614013079	-0.448349396812227	-0.631119559160991	1.04411405428579	0.772979434373345	0.831996134256184
XLOC_035281	-0.173745837135125	-0.512370740669323	0.442638496051056	0.719478744968541	1.07545331063639	0.562725160560187	0.0983323653251063	-0.0868760539632865	-1.36642646226625	-0.396576367738811	-0.137755176861237	-0.224877438907241
XLOC_035295	-0.246213115882148	-0.610277140394763	-0.625159049289225	0.837048329772724	0.925066742826797	0.731030288410452	-0.925858678922148	-0.476762889330879	-0.30533956042096	-0.110243460784124	0.67641313653753	0.130295397476749
XLOC_035298	0.806639956566871	0.704650344736509	0.762580611513455	-0.168737602268139	-0.717223143893236	-0.0949728059161759	-1.01781670948331	-0.321228415818765	-0.704755910592723	0.110290310174434	0.430349157589669	0.210224207391412
XLOC_035306	0.135401124926732	0.0732783463668207	0.199531084806598	-0.272328113097705	0.0598703736410062	0.0959398706013834	0.552125258148999	0.372915009028027	-0.0730081130200881	-0.349072588925306	-0.356385378438362	-0.438266874038101
XLOC_035307	0.353089457576232	0.010837453366463	0.372692267924055	0.380568718837949	-0.209937076783401	-0.687499316936886	1.047558690095	1.0559790406996	1.23829003229933	-0.93797935669342	-1.46914139454252	-1.15445851584239
XLOC_035311	-0.528221863474085	-0.216950377341284	-0.067284239378937	0.503471991317431	0.712020933680154	0.640205121357958	-0.081809450916035	-0.0348742859261968	-0.373593299812752	-0.0631365070564751	-0.266744450395416	-0.223083572054357
XLOC_035317	1.77545363098153	1.568035768504	1.21468860363457	-1.15427889652192	-1.92411931305228	-2.68037531921663	1.3113450040884	0.841421058792871	1.5626185065489	-0.639908663812969	-0.940062368636144	-0.934818011310321
XLOC_035318	2.37589565473538	2.16912524118573	1.44279803432793	-2.85233619789409	-1.48592052130274	-1.69012071571012	1.83944604903579	1.2703724373165	1.82351585723623	-1.59936251414216	-2.10625006468369	-1.18716326010476
XLOC_035319	0.983344544050424	0.76011149909323	1.20198838618478	-3.13060973532595	-3.13060973532595	-3.13060973532595	1.37410804763844	1.55814734667517	1.29557571742945	0.321418932203542	1.45285741222166	0.444277320481166
XLOC_035321	-0.415687756880257	-0.419792006007599	-0.34388622544823	0.155857544320849	-0.150895098787446	0.0457396418059783	0.255181628889703	0.1979429326715	0.319681081930643	0.206221854220857	0.205858229046868	-0.0562218257628757
XLOC_035330	0.087917828729104	0.0158905597404839	0.273220387809829	0.26680680696653	-0.146375028722705	-0.238138912010113	-0.260880713625234	-0.0928283467570381	0.537260256391459	-0.140096760872104	-0.158307349146606	-0.144468728503608
XLOC_035345	-1.08193412227573	-0.032578498810274	0.0529332476466777	-0.599496718472361	-0.770723460284246	-0.168650588728397	0.816117811603274	0.714892323562259	0.274623098990313	0.015179544900338	0.535758606178065	0.243878755690071
XLOC_035367	-0.063942802865923	-0.343323023992836	0.481821960808218	-1.67862473115875	-0.659965669152532	-0.0585290469888182	-0.0922734945253003	0.0956462242220022	0.357169889332814	0.357867494111288	0.999944081169303	0.604209119040542
XLOC_035373	-0.105901153226632	1.12033450605964	0.418728946367695	-0.778655541791076	-0.843280718407482	0.384203119964775	0.229200720850421	0.0472398952261033	-0.421417167139835	-0.0837357416713242	0.70466146490869	-0.671378331140976
XLOC_035377	0.567104316767943	0.881424558045545	0.74173145828344	-1.26861330638111	-1.31215753800403	-1.22241165382174	0.563686331321302	0.373892658042927	0.195157175120902	0.0590641362665236	0.384397367086557	0.0367244972717362
XLOC_035397	1.70396915247837	1.16202089187785	0.829984000922039	-0.25368089106311	-0.581250818844689	-0.588139295658276	0.532049627803086	-0.792325538582915	0.951850662252958	0.0691855079235628	-2.1251305085043	-0.908532790604577
XLOC_035398	-0.117589234523273	-0.302695376373034	-0.249387187168672	0.676251833204994	0.627683067379259	0.488965958122606	-0.947125037209096	-0.786118613562254	-0.678896909683317	0.574331610334598	0.337105134497854	0.377474754980343
XLOC_035409	0.144569299456214	0.598724702619377	1.20704535098118	-0.235456592086995	0.613202662985977	0.140685742299062	-0.709174731683528	-1.49300500511139	-0.500442161064144	0.113976337193731	0.435924389713472	-0.316049995302964
XLOC_035411	0.478526738763172	0.376728650351069	0.465145629983802	-0.329872793785105	-0.188973861214667	-0.292103993775106	-0.0723536569860741	-0.179528470027876	0.142645962110191	-0.0994559117110914	-0.0576726505929734	-0.243085643115338
XLOC_035432	0.872510605062598	0.325423955752468	0.156428762927045	-0.335167686411435	0.253624882125413	-0.138675537767443	-0.734597784105224	-0.443020597887817	-0.257415710121052	-0.00260912101811162	-0.121164092349055	0.424662323792613
XLOC_035453	1.0819657833749	1.61192286156969	1.02144466685985	-2.84208773925968	-1.34611038155804	-1.35299885837162	1.28909377798247	0.641890286800556	1.19865900318694	-0.268320954175774	-0.165600647377738	-0.869857799031564
XLOC_035454	0.802511891244897	0.641905057407991	1.12282664304972	-0.487052612611209	-0.853686371681083	-1.07579634578974	0.538854763682804	0.681237588358925	0.31146553016188	-0.473385821208137	-0.393983745199778	-0.814896577416268
XLOC_035462	-0.20201029837645	-0.253134133270928	0.0456275269396649	-0.571910703530474	-0.737326306656168	-0.12018309063753	0.519385341815968	0.201384094219599	-0.448575348390213	0.366381692020914	0.556109192586651	0.644252033278963
XLOC_035467	-0.515137180756977	0.0241329036463309	-0.41090245353564	0.316132974104816	0.24094864785279	0.734730638877302	-0.544820672896738	-0.53492075265821	-0.784033455920605	0.480211876869097	0.498290015553577	0.495367458864262
XLOC_035474	-0.106690076279498	-0.409718593393389	-0.0427202059205376	0.134379008328769	0.0679485691435495	-0.113311312307331	0.324176888759306	-0.0182522087576205	0.430165490523425	-0.189626912669426	-0.3984465805375	0.322095933110252
XLOC_035476	-0.356197917126081	0.107027477542797	0.114018089317703	-0.217757202777269	-0.286761626305128	-0.0880603713775017	-0.0901390550981569	0.378357999861835	0.814714989997837	-0.0528068373428896	0.203358347732719	-0.52575389442587
XLOC_035479	0.745059227081192	-0.372147133687483	0.0168366233886461	0.419429438904707	0.11919812407084	0.178286465531992	-0.0432556907758075	0.748296603540391	0.280996373694512	-0.173663821183029	-0.807822051783059	-1.1112141587829
XLOC_035481	-1.01714411678878	-1.01714411678878	-1.01714411678878	3.81945991160832	-1.01714411678878	-1.01714411678878	0.333412855406348	-1.01714411678878	1.70326613062321	-1.01714411678878	2.2810140366724	-1.01714411678878
XLOC_035482	0.0448289872223882	0.237493489858858	0.40961888929514	0.0714538520054253	0.118423707670517	0.186451603580561	-0.579557551531468	-0.418134835997957	-0.378804278052992	-0.124129672666614	-0.237051265411999	0.669407074028141
XLOC_035490	-0.981073919682445	0.413122859042255	0.999819934946858	-0.979613061996935	-0.141234513433036	-0.442801616449628	0.401462164105023	-0.0303526498892523	-0.027102680127995	0.452207219589432	0.560773681110391	-0.225207417214671
XLOC_035493	-0.182598956710638	0.255937254840393	0.486391042894371	-0.413684807306345	-0.830340190054017	-0.368117925535884	0.490682047868481	0.0711889461167852	-0.0307475925506058	-0.199130577237882	0.177907509068919	0.542513248606419
XLOC_035514	-0.602724639746609	-0.258596105432295	1.39448944797007	-0.382002190810003	-0.694369334580335	0.567225177830687	-0.605837979901708	-0.522115667499754	0.181019260473618	0.665537822448757	0.108953693363979	0.148420515883595
XLOC_035516	-0.361839174564725	-0.0510861124468249	-0.212625356945092	-0.329154474618904	0.228166988608701	0.261274285967028	-0.485774398036082	-0.950286707948229	-0.115293580451886	0.421612732979576	0.591284348687998	1.00372144876844
XLOC_035536	-0.117079309565844	-0.20409091710183	-0.0802988670045579	-0.0184534387068851	-0.0420218111623907	0.0424414687108783	0.0205307221591102	-0.004552530325034	-0.000413585884048828	0.195606949948568	0.167340720622793	0.0409905983092429
XLOC_035548	-0.0751878492361859	-0.287876891760147	0.348674645263374	-0.468748620195374	-0.692115744213089	-0.0509599033085655	-0.176370479495987	-0.303861256918992	-0.231586909109829	0.59742854571191	0.75360575408387	0.586998709179019
XLOC_035560	0.00122263316137339	-0.122141493713738	-0.189251204475775	-0.508881563026098	-0.680637984971044	0.0652920349005379	-0.389634157545195	-0.373929543630939	0.0740156107134755	0.609044558688168	0.717218823254629	0.797682286644608
XLOC_035577	0.209625245071893	0.298349123434118	0.0285886558336763	-0.183494984025712	-0.112936235157648	-0.0334297772487826	-0.00303712031006143	0.144471948372601	0.0356330109993053	-0.107172056910116	-0.183874255957656	-0.0927235541016103
XLOC_035581	-1.01425725819068	-1.01425725819068	-1.01425725819068	-1.01425725819068	1.7495169713461	2.724323756708	0.336299714004453	-1.01425725819068	0.503539473009775	1.78612089226643	-1.01425725819068	-1.01425725819068
XLOC_035591	-0.42329949511321	-0.523742494093485	-0.331850167237977	0.524596042705896	0.291898787275265	0.616412115128398	-0.178074962180455	-0.611852528853328	-0.929599139194012	0.633836195902148	0.725006094462753	0.206669551198003
XLOC_035629	-0.0514369792692744	-0.385492513425402	-0.0455332513505651	0.624818600432501	0.572451814112967	0.684503658520249	-0.664961070468694	-0.691705243630926	-0.469084853122367	0.108982277593217	0.143224230541887	0.174233330066407
XLOC_035638	-1.56643657399749	-1.56643657399749	-0.023016597549993	-1.56643657399749	-1.56643657399749	-1.56643657399749	2.00046965029713	3.37599218870419	-0.0486398427970387	0.748975952800722	1.44600449737889	0.332397021153557
XLOC_035647	-0.323224688612145	-0.692566305670396	-0.399033824864598	-0.606058712262157	0.325346787806974	-0.543870841160569	0.213443511978703	-0.181999336150443	-0.346020635471656	0.800678724901004	0.610221967793838	1.14308335171145
XLOC_035652	-0.689794181687619	-0.314961489079334	-0.308382048611604	0.643981455960065	0.168386779085473	0.362433789047968	-0.151324272349868	-0.280773758798704	-0.370211340195197	0.0324357614803628	0.313115758682894	0.595093546465568
XLOC_035659	-0.192924003876199	-0.282113576275901	-0.400232571905379	-0.320487346719017	-0.462976802748212	0.0866015334701862	0.216624942288944	0.141277834020299	-0.0587158624118134	0.0485042614996525	0.165911735255349	1.05852985740209
XLOC_035666	1.05966879373785	0.878568822796887	0.893177620590778	-1.23165776121874	-1.34809670159886	-1.56611616581391	0.697339138680498	0.523711181428024	0.33040536298868	-0.340599305611735	0.215073215953575	-0.111474201933041
XLOC_035668	-0.300669998564981	-0.472901581143356	-0.54155826629696	0.258258060169545	0.359875742787374	-0.299612449166807	0.687383822528795	0.875632616010583	-0.580195712539888	-0.208725690687212	-0.409036638132476	0.631550095035384
XLOC_035670	0.729853782244329	-0.0289829083711419	-0.658215697958893	1.08503143504133	0.320322933172367	0.81266760123034	-0.111346021321985	0.0989579678647567	-0.166691902094541	-0.165994297316068	-1.21702701323897	-0.69857587925152
XLOC_035681	0.562386585648986	0.368714410256142	0.151584516984005	0.245472665586989	0.433686587271976	-0.611145238753702	0.0240530506795515	-0.41825408269191	0.285328667514404	-0.562415622011808	-0.00853415258699197	-0.470877387897641
XLOC_035686	0.42710584151919	-1.31025909817364	-0.387192905280112	0.963300660981266	0.476844512545958	0.780855475829273	-0.686779616027677	-0.203789972860382	0.16582768030802	0.17032629470041	-0.0600273090605166	-0.336211564481785
XLOC_035687	-2.01678470759693	-0.806048830618747	-0.6695616240768	-0.174437548462606	-0.10714092608666	-0.534463804849419	-0.0132340714115262	0.640152221143019	-0.705994050800366	1.20197934204524	1.28389974135214	1.90163425936265
XLOC_035692	-0.877763493632647	-0.636314913952636	-0.379887117052898	0.446120771698127	0.472786973082548	0.619980456430787	-0.484738772323398	-0.178483581940821	-0.316382985067232	0.42892723294971	0.418042393583012	0.487713036225442
XLOC_035723	-2.55501132928466	-1.16545724164447	-0.162680058099339	-0.923260164651329	-0.645367547774395	0.193446553424857	0.416408879365327	1.31551489858438	-1.06447324952623	1.75592637545408	2.50098459808532	0.333968286066463
XLOC_035726	-1.23237094505045	-1.23237094505045	-1.23237094505045	2.35612599332902	-1.23237094505045	1.33792157910212	0.118186027144686	-1.23237094505045	-1.23237094505045	-1.23237094505045	2.847081877503	1.9672811382743
XLOC_035728	1.07302428870324	1.13663188893932	1.28352477129113	-2.68149031467233	-2.61300289828704	-2.22527990740703	1.43933359282462	1.37577143878758	1.4296081311629	0.241745472197781	0.176914476647833	-0.636780940188008
XLOC_035777	-0.342587452798854	0.15009333651574	0.421423612011303	-0.705271600681805	-0.0451867372143688	-0.107979189861116	0.385540255448545	0.28477661721173	0.0525553845814528	-0.0522502221767684	-0.0503758901210691	0.00926188708520215
XLOC_035799	0.301197873639809	0.0222982420654532	0.00169231054981545	0.186778699506335	0.365053600946859	0.753070131661406	-1.07803574628573	-0.674639789188422	-0.490914483688755	0.15845399465619	0.217308813003636	0.237736353133408
XLOC_035808	-1.5291597487646	-0.0848531460380597	0.166751406848931	-0.641508980799685	-0.116934171305955	-0.152202079733422	-0.234864759897736	0.817945618632613	0.12909219880565	0.10829185204301	0.584083463182377	0.953358347026881
XLOC_035840	-1.00154003270143	0.192937614554145	0.188403701127525	1.20329799339709	0.758102319634219	0.192666080542168	-0.0979592438932282	0.380621113694261	0.2952552877873	-0.100836665893889	-0.701967230070865	-1.30898093817729
XLOC_035842	-1.21130879931924	-0.255703986583218	-0.11550575638538	0.624340088167036	0.985706717546304	0.927248514203364	-1.44971174738416	-0.198336791535794	-0.0329616254986771	0.839225035514287	-0.356187681094091	0.243196032369566
XLOC_035850	-0.128498317910811	0.39217514864688	-0.107455334916651	-0.384940547190346	-0.804367812985592	0.149781645741953	0.0266651822579203	0.451977736129183	-0.112630905200179	0.0449077167071401	0.507629079461467	-0.0352435907409632
XLOC_035864	0.677329497058435	-0.07320664210941	-0.52911755757085	0.761095816818856	0.0510996045467662	0.0837158274302983	-1.0199384649704	-0.601454776853696	-0.876494312271743	1.16923358204871	0.591372158778441	-0.233634732905406
XLOC_035869	0.967829431795979	1.38845725767006	-0.768007609600766	-0.768007609600766	-0.768007609600766	-0.768007609600766	2.97624440978235	-0.768007609600766	-0.768007609600766	0.811529777557736	-0.768007609600766	-0.768007609600766
XLOC_035873	0.420012371697371	0.551095348547543	0.427497394836847	-0.115872838552834	-0.214719843114509	0.585615579010071	-1.16112588903198	-0.940468926452805	-0.664173603484001	0.359288981270716	0.405855942321436	0.346995482952138
XLOC_035880	-0.2729428040061	-0.664559353976722	0.529159662774444	1.03510248781588	1.10358990420116	-0.862488269400523	-0.805046328224334	-0.190782860342137	-0.327833040271812	0.915698398053776	-0.397877896149271	-0.0620199004743642
XLOC_035883	-0.235324671811471	-0.493623013050898	0.00273146316836215	0.251424780346349	-0.297060761278749	-0.603713005471185	0.419496921261914	0.287162322984872	-0.166343409354898	0.268919787787046	0.433932797829346	0.132396787589308
XLOC_035908	0.828784338517338	0.19999913995541	-1.12862799227941	-0.65439587522228	-0.966763018992612	-0.259404764075244	1.2791965457815	0.811404420055291	1.72281391981221	-1.44251466314463	-0.0199972059337359	-0.370494844473833
XLOC_035909	-0.428741186853012	-0.826377410467359	0.249526251601765	-0.44788665521288	0.260830546204047	0.603025783086328	1.41282529932651	0.720174459648628	0.85202917678527	-0.641200769125235	-0.1112271663404	-1.64297832865366
XLOC_035920	0.37713210208029	0.332071618772391	0.867557502866883	-1.94368048603839	-1.56603517390602	-0.680879498965457	0.89811133099496	0.913588986566448	0.461338936195774	0.0288070664789055	0.363331855923414	-0.0513442409691978
XLOC_035921	-0.847205030654596	-0.51430424782753	-0.198030749180374	-0.0696073212273784	-0.0527110410706335	0.289681053004609	-0.0389723695708692	-0.0649821695478732	-0.491475797278238	0.329462427103538	0.839522825506307	0.818622420743033
XLOC_035925	0.807182058129135	0.221242929002719	0.226774603742528	-1.50999339324405	-1.44024445066945	-0.496885152053309	0.23001749306087	0.402706384315576	0.379629938946478	0.222995408416349	0.231836125503473	0.724738054849683
XLOC_035942	0.214039676148226	0.255679889282804	0.483557547377912	1.24479786370756	1.05671004430813	1.26132061620391	-2.88977076125672	-1.94526569863871	-3.55436546260618	1.17164831369016	1.23810430684502	1.46354366493789
XLOC_035974	-0.0198974840676529	0.710518116919981	0.901174062650988	-0.665327139938591	-0.797716085929718	-0.279917817069594	0.0101475156187183	0.165963719350654	-0.38864874676354	-0.0556207671437763	0.623581207374888	-0.20425658100236
XLOC_036007	-0.0187767981225164	0.44908566740638	-0.0130875619329629	-0.888168155930218	-0.823216392240206	-1.90637257015711	1.22802587176942	1.03500398811711	0.0694565689537399	0.724864084598247	0.106802053237924	0.0363832443002057
XLOC_036008	-0.922041864947891	-0.194745319775612	0.260348656606275	-1.82310566535683	-0.625185216035006	0.11680341784177	-0.26243590575212	0.759419650111069	0.150155806469413	0.447894445802846	1.19718768282373	0.895704312212356
XLOC_036029	-0.346364445536904	-2.08220148693365	0.189730078919586	2.26131281897966	0.681572742603129	1.3612224477898	-2.08220148693365	-2.08220148693365	-2.08220148693365	0.718176663523462	1.21595666652753	2.24719897492833
XLOC_036050	-0.311612451851583	0.158817004543095	-0.196561312983614	-0.165528246054876	-0.0632198565135722	0.670276227618593	-0.669538696698263	-0.384209346821957	-0.693092905679808	0.585293183866178	0.647068433264054	0.422307967311758
XLOC_036061	-0.858304269249522	-0.858304269249522	0.685115707197978	-0.858304269249522	-0.858304269249522	-0.858304269249522	1.17739393231738	-0.858304269249522	-0.858304269249522	1.94207388120759	3.06185063327323	-0.858304269249522
XLOC_036062	-1.24015789305268	-1.24015789305268	-1.24015789305268	-1.24015789305268	-1.24015789305268	-1.24015789305268	1.25817615936584	1.83658462978694	-1.24015789305268	0.339379494105819	3.79597841580812	1.45098655230207
XLOC_036066	0.463619336640162	-0.104397036170084	-0.11745395841808	0.703870736626104	0.592703564978109	0.066406915844655	-0.502972903737454	-0.187418594501372	0.0390229064658234	-0.106069672125839	-0.0733212885515613	-0.773990007050463
XLOC_036107	-0.000102855308041327	0.142799186523785	0.0895976555270757	-0.183130848544133	-0.652463496526947	-0.38623311685944	0.161137786150169	0.383524340254223	0.778504915146637	-0.204108202581796	-0.0577051319055055	-0.0718202318760337
XLOC_036111	-0.0363182346346034	0.857156049405257	0.499776289821887	-1.77215527603135	-1.77215527603135	-1.77215527603135	-1.77215527603135	0.0265301637600379	2.03980252754421	1.39053252573837	0.88364497519684	1.4274968072934
XLOC_036120	-0.392907237736541	-0.459319364840194	-0.347904276598396	0.446591797237492	0.357963809342321	0.242441223980668	-0.0526364074879684	-0.135795165493954	-0.124922319259836	0.234275504648691	-0.0128496974445351	0.245062133652254
XLOC_036156	-0.444810347211285	-0.61775772917006	-0.0152583927237604	1.15212838853195	0.489678922431273	0.430362976343694	-0.344892648091074	-0.26791869571862	0.0537951099247795	-0.457820551477449	-0.440723778801658	0.463216745962207
XLOC_036163	0.627907939698099	0.68047465166824	0.63384187097018	0.140209596079703	0.119394116234342	0.33289707947595	-0.578587142967643	-0.57110402913858	-0.315131184734561	0.169807031920129	-0.519210547194498	-0.720499382011361
XLOC_036165	0.214315530617334	-0.118966079109388	-0.171909664321314	0.470541615766521	0.200264818305419	-0.13071874963827	0.186924319859775	0.16875973163503	0.554651003485704	-0.270716625899258	-0.721369237671135	-0.381776663030413
XLOC_036201	0.385933687391488	0.744198294939849	0.0587422452841446	-0.792699004696973	-0.111757470621186	-0.107068372293051	-0.0575283960360302	0.270203391113248	-0.0808994360667636	-0.215598575351929	-0.444591032043437	0.351064668380635
XLOC_036202	-3.44938735104017	-2.20037977609586	-5.18522439243692	0.824193074069808	0.893821617164351	1.13722343697465	-0.411664153864772	0.610191401998417	0.496095533611448	2.20755697787711	2.39876400718816	2.67880962455377
XLOC_036203	-3.36684540562666	-5.10268244702341	-5.10268244702341	1.23651401456608	1.96565640763785	2.45722034105177	-0.80980210732593	0.48532712065028	-1.73563714584183	3.07406998832348	3.33039507297578	3.56846660763599
XLOC_036204	-1.37377273328528	-1.7678305901228	-2.09676034715668	0.321441065015929	0.570118690852381	0.664478705713703	0.185337490119608	0.265866370773503	-0.145077035628741	0.967578996027022	1.22513967196986	1.18347971572151
XLOC_036205	-4.46749403119391	-4.46749403119391	-4.46749403119391	1.66042866914695	1.34040487478814	2.27660136724238	0.0372237517704823	1.19301304298237	-2.22654841540169	2.80053667414663	3.14282999802693	3.17799213087952
XLOC_036206	-3.51167045887673	-3.51167045887673	-3.51167045887673	0.621247852535597	1.24655724428953	1.82869736550462	-0.382298917498787	0.476934762272845	-0.144625157695152	1.6898587200312	2.54123999707223	2.65739951011809
XLOC_036207	0.553065514926805	0.452013977418472	0.0535294522360417	0.360771242442464	-0.0737732126146113	-0.126443243565642	0.264052089393516	0.300021176135713	0.438064830555932	-0.331414746809678	-0.815480303275422	-1.07440677684359
XLOC_036208	-0.331379284991937	-0.277212798230011	-0.710325218399014	0.769505506082922	1.02079250779383	0.628670249339734	-0.851076114203689	-0.52283112516329	-0.619363466810381	0.822932849377163	0.113756751264097	-0.0434698560594233
XLOC_036253	0.416343167321212	0.0558860661497462	-0.337090724987499	-0.427086513781544	-0.527247777393619	-0.295134798999076	-0.1577916873871	0.00347165490289747	0.209723707466905	0.27008882769778	0.36129524668371	0.427542832326585
XLOC_036263	-0.763794354728951	-0.640748819572403	-0.230148005243549	0.581387134230573	0.159557156444626	-0.511885730744719	1.18368255970109	0.528941663602703	1.2593412197965	-0.618601660830555	-0.579208012974373	-0.368523149680946
XLOC_036264	-1.30336239670765	0.145063499901244	0.240057579739851	1.40034018647851	-1.30336239670765	-1.30336239670765	1.82600914467029	2.14502106498206	2.06368290447393	-1.30336239670765	-1.30336239670765	-1.30336239670765
XLOC_036265	-0.299771849609447	-0.820820923757982	-0.494916070912952	0.961357182007111	0.220949341592299	-0.293429367614373	0.924059962803453	0.652362844787321	1.18927151951963	-0.468990952224815	-0.773638705239175	-0.796432981351073
XLOC_036267	0.578075209549939	1.54237709221038	0.393283681117446	-1.00178518058604	-0.638019083447712	-0.21473909910371	0.409813066760329	-0.209535621739197	-0.598576892428074	-0.510485520249388	-0.236923101186727	0.486515449102753
XLOC_036272	1.39403229495023	-0.525316297883736	-1.97374219449263	-1.97374219449263	-1.97374219449263	-1.97374219449263	0.524591857925892	-0.175056754701243	0.746668052919361	1.71917981039055	2.60972495305498	1.60114486131449
XLOC_036276	0.491687401487778	-0.0633067309021946	0.871494707923854	-0.87287254472542	-1.26412381512094	-0.0635872884726973	0.353567703390144	0.971293758607661	0.356146858852248	0.503544345782426	-0.7433900695984	-0.540454327224459
XLOC_036284	0.335398527090593	0.0549040605323565	-0.0723023222983112	-0.0280307154924415	-0.212265449839183	-0.161016561122095	-0.177374541185573	-0.174807471255995	-0.23251368738512	0.24099496530728	0.135491019950178	0.291522175698301
XLOC_036292	0.580992468283973	0.637458640602545	0.763848250302056	-0.752203788716931	-0.380144556297268	-0.35845881260646	0.192404624095929	0.0662589246365783	-0.0532579605245393	-0.506155565119903	-0.111858104346807	-0.0788841203091781
XLOC_036293	0.388442594413737	0.285450254067872	0.367512374638418	-0.508078378290332	-0.320498456956631	-0.0627654351473943	-0.225210124489262	-0.461364740246513	-0.276982146549415	0.1575483149375	0.276377206685659	0.379568536936358
XLOC_036299	0.490751727629775	0.850514471784272	0.470433068937078	-1.54536706485117	-0.585106683846242	-0.809837810656736	0.694083405452066	0.480309683703448	0.558176161015	-0.571128417802278	-0.0718109814529306	0.0389824400877155
XLOC_036302	0.56297792563071	0.622871976819879	0.769303905657626	-0.86617354284691	-1.71571186404742	-0.904249094403802	1.11999528211746	1.36967637834551	1.10498312649385	-1.39170041922652	-0.0191569589568319	-0.652816715583541
XLOC_036334	0.410416707394125	0.0533494456451624	0.0626611653310096	0.0545371768299496	-0.00619789627168288	0.09113964838172	-0.213095897827641	-0.116776079320605	-0.175297308889643	-0.169550182893602	-0.129093157052926	0.137906378674126
XLOC_036342	-0.161659982821998	0.226925892744521	-0.000716685054355182	0.139683231558217	0.437475615973489	0.262644784225498	-0.347644875565261	0.0490465345773297	0.0959724984654473	0.351049812879625	-0.372023834663763	-0.68075299231875
XLOC_036344	-0.807631097457679	-1.15233337696584	0.0936828941171792	1.66072211318148	1.72920952956677	0.134625690486779	0.0558629050510877	-1.51011280444529	0.0582470569449041	0.14323042329282	-0.296357172860287	-0.109146160911927
XLOC_036349	0.713144523008427	-1.02269251838832	1.7310275094104	-1.02269251838832	2.92957051712947	0.772099395991334	1.01300568317858	-1.02269251838832	-1.02269251838832	-1.02269251838832	-1.02269251838832	-1.02269251838832
XLOC_036367	0.74278219091289	0.26391927322124	0.3557264413136	0.42856021171414	0.498605940933186	0.0260890202462711	-0.183562597394759	-0.500943014729965	-0.969600077095904	-0.195863908303803	-0.588940785390169	0.123227304573271
XLOC_036374	-1.33294937369416	-1.33294937369416	-1.33294937369416	1.87994110527328	1.43082485584262	3.35055298888714	-1.33294937369416	0.465736066097227	-1.33294937369416	-1.33294937369416	2.20359059975885	-1.33294937369416
XLOC_036375	-0.181218441723868	0.647787017123735	1.13213723995286	-1.4262162589436	-0.985658035841559	-0.900525723012359	0.21398661270358	0.706583980316792	-0.34372606659169	0.63836263035903	1.01867413849505	-0.520187092837972
XLOC_036378	-0.3944708614651	-0.276243579190921	-0.232904255209851	-0.42738906291102	-0.357124970650604	-0.311439877404958	0.00445704308858819	-0.0937544512581177	0.215571629438764	0.714494462291387	0.51985062318164	0.638953300090196
XLOC_036384	0.443946088532705	0.658317696502716	0.461159447371735	0.251638008268365	-0.535274067487729	-0.444109898730749	0.191670588827335	-0.566456318952681	0.422212516285014	-0.160900561648186	-0.200748108510208	-0.521455390458315
XLOC_036385	-0.0336919224935572	0.383843962116529	0.260599940072727	0.28855937184932	-0.254639703415159	0.290011973365882	1.63700450357365	0.367859596957684	-0.106495526424921	-0.656610525580375	-1.21319465466515	-0.963247015356624
XLOC_036387	-0.330575050021667	-0.28300355672773	0.0819771575317567	0.28147629180508	0.157513346044851	0.723859600335268	-0.823216556409801	-0.044855315699377	-0.99315793535813	0.494040011271308	0.433341836155596	0.302600171072846
XLOC_036391	0.0314761004691144	-0.0841048264899209	0.255801412260905	0.600704001960731	0.611246313601181	-0.214718971634952	-0.11357403712008	-0.186357938676072	0.280063926513711	-0.271538422513293	-0.440611567450985	-0.468385990920336
XLOC_036398	0.56728500857402	0.33047677759385	0.443087310527876	-0.16907927540176	-0.363303747011964	0.366027885020722	-0.409947453777427	-0.601990988194495	-0.587163108313727	-0.018201586286823	0.339187528486546	0.103621648783191
XLOC_036412	-0.790812616908094	-0.0813839377745973	1.00092350952798	-0.117437691616455	-1.13469501351682	-0.149809491939875	1.58202486950154	1.14897434312795	0.878748684379345	0.0344104351559151	0.0248705137429797	-2.39581360367986
XLOC_036415	0.4538789139715	0.595517267982875	0.105558270861366	-0.80284317262397	0.20156086905672	-0.624825254912803	-0.000861231739076374	0.508393553546348	0.230851415654231	0.52591272155153	0.0592029374224872	-1.2523462907712
XLOC_036449	-0.0500464873099276	0.07725348406015	0.414006954841159	0.58262201126538	0.368692644444064	0.587112924775418	-1.11362621991062	-0.805411273089996	-0.569239666106834	0.351793160311662	0.183027685658356	-0.0261852189388074
XLOC_036452	-0.744968356084203	1.41149651118662	-0.744968356084203	1.95873422710196	-0.744968356084203	-0.744968356084203	-0.744968356084203	-0.744968356084203	-0.744968356084203	-0.744968356084203	3.33448446646924	-0.744968356084203
XLOC_036456	-0.440971717850457	0.0373911100876301	0.284766268130607	-0.584216754846488	-0.551295463024018	0.0750148481673447	-0.0323710669344193	0.477685994396252	0.0680574882454392	0.0293481869751364	0.503935183225186	0.132655923427783
XLOC_036470	0.983582524620816	0.323553254915952	-0.155784357225977	0.362450496964241	0.700686581886042	-0.252565431027068	0.346180398081984	-0.0579651950994124	0.492262135920419	-0.430125177862051	-1.29066768127578	-1.02160754989917
XLOC_036476	0.381437014620908	0.232398481236206	-0.118387094803171	0.233227194924578	0.112704830009438	-0.16564907871031	0.507997809253562	0.209267575477395	0.641238594882705	0.155021547804688	-0.272338245358138	-1.91691862933786
XLOC_036478	-0.59293215747461	0.491895030330569	0.158988929051876	-0.229068627184795	-0.00842512620740266	-0.386370281533563	0.740269492585716	0.570603938386434	-0.0120712408369936	-0.475399581855615	0.294716118365857	-0.552206493627475
XLOC_036481	-0.698379015260932	0.543894519957973	0.495224915860853	-0.231436541535547	-0.882698884748931	0.0380919824343797	0.223368540924505	0.530353703788304	0.456463509532674	-0.435848964130395	-0.109739767263503	0.0707060004406204
XLOC_036489	0.892610981315323	-0.455842452840111	0.285851011067071	-1.07441617986595	0.266381088803654	-0.0545349291122417	-0.433774252706131	-1.00937819699062	-0.78114903852288	0.399394574646472	0.500083532496854	1.46477386170856
XLOC_036504	-1.50256344890544	-0.291827571927263	0.690765910759709	-0.117494476888907	0.195949345203364	-0.560306660960985	0.170289874871168	0.37701590154187	-0.924073277650782	0.380830405205419	2.01025753862917	-0.42884353987732
XLOC_036511	-1.32218651944406	1.30712480599255	0.221233457003443	1.3815160637421	-1.32218651944406	-1.32218651944406	2.85183395111155	1.25265174246653	0.918759096348165	-1.32218651944406	-1.32218651944406	-1.32218651944406
XLOC_036513	0.937794683684504	-0.50982918760895	0.315206646413809	-1.24471155140837	-0.422397561498572	-1.76127888958608	1.5973404193795	1.70165997301078	1.40598635929111	-0.448647488897977	-0.610312882119823	-0.96081052065992
XLOC_036521	0.462629749742814	0.590773928400426	1.07572742428615	2.30497690887713	1.23759239757295	-2.03853739703618	-2.03853739703618	-2.03853739703618	-2.03853739703618	1.12415040473354	1.49800257641683	-0.139703801885129
XLOC_036531	-0.992914298237299	-0.655256151608643	-0.453676689701854	0.542849715399484	-1.02658367655294	-0.0375473204097432	-0.5920040949274	-0.269175655921047	0.373744670795134	1.00413864930337	0.95793512430574	1.14848972755519
XLOC_036533	-1.02039317481135	-0.921768631065274	-0.35095114955462	0.345489478630776	-0.156909640603782	-0.468384684089074	1.17368418957849	0.805245750694829	1.04378156665228	-0.0699599995936948	-0.13794530074507	-0.241888405093508
XLOC_036540	0.560613249819047	0.30231490857962	0.187766922625468	-0.595970511310324	-1.84715224551766	-1.32081461671218	0.828005403717416	1.08310024461539	0.738880155661472	0.176929039992778	-0.0247793466589288	-0.0888932048120958
XLOC_036541	1.20579681002013	1.1784805957363	1.01810289203473	-1.17823444979629	-1.67456853576376	-1.44990906873317	1.01254714551338	0.611009006246942	0.86880243535864	-0.587253727534383	-0.594503196508317	-0.410269906574211
XLOC_036551	0.512487659563632	-0.217531495834017	-0.201616273085101	0.541953197784478	0.482447197270355	0.302489870254742	-0.417022299338285	-0.282565521178439	-0.166516233180898	-0.0443084347229874	-0.25731235394621	-0.25250531358728
XLOC_036564	-0.810965246586203	-0.273454880184445	-0.0218503272974537	0.487076543187536	0.0418808694246646	0.436452728424436	-0.814180694102782	0.104814364939871	-0.564828444078514	0.229970013869996	-0.0302685503921261	1.21535362279502
XLOC_036569	0.0590410275832287	-0.597687241879967	-0.167972217664213	-0.414314838943451	-0.344016172619853	-0.619309217661501	0.985163820925515	1.11632166462739	1.09420378486163	-0.413681581811266	-0.704571583077248	0.00682255565973744
XLOC_036578	-0.257854710418702	-0.0675152627550428	-0.529688492094386	0.314271673215092	-1.71713622986197	-0.800474560396892	1.24332563194862	0.518403057955684	1.13500137486289	-0.24622633165303	0.324362305600586	0.0835315435971502
XLOC_036606	1.0354529925656	-0.700384048831144	-0.700384048831144	-0.700384048831144	-0.700384048831144	-0.700384048831144	-0.700384048831144	-0.700384048831144	-0.700384048831144	1.61502847796707	3.65297496894763	-0.700384048831144
XLOC_036614	1.07741949221805	0.346580058443021	0.384461186072795	-0.11196979122923	0.309576772972503	-0.159222479080571	-0.623615274315652	-0.510357365139301	-0.362896818191709	-0.0981767190895724	-0.0067086644221046	-0.245090398238226
XLOC_036626	-0.807935387565132	0.243277046773783	-1.53458917254251	1.28468626027145	0.951706964770517	1.84863025142633	-0.677149197017805	-2.00783529860436	-0.439475437214171	0.940518954422329	-0.508362584934567	0.706527600214141
XLOC_036632	0.815300273557385	0.263527726441754	0.535544691840665	0.393968628303593	-0.794109163555658	-0.615188309627185	0.684254789697808	0.108170207454362	0.946704672865897	-0.606020019110326	-1.47288404416847	-0.259269453699825
XLOC_036637	0.914153363171743	0.800464954497465	0.922713112819443	0.545637192508096	0.65948906894941	0.516278996349936	0.522337674952302	-0.273402019440033	-0.0569134202379304	-1.54934809272646	-1.58055007583754	-1.42086075500643
XLOC_036653	0.876546652126935	0.404885041955446	0.158900546043062	-0.302086039961527	-0.513378694213419	-0.733882090359528	0.475341675955235	-0.113502321860744	0.120636216846649	-0.150237913189156	0.226104002905063	-0.449327076248017
XLOC_036700	-0.666258319132889	0.658070099825203	1.10609168632567	-0.71146812269628	-2.12553983857616	-1.20887816911108	0.834922023234436	0.684382405423016	0.687643359691508	0.656397463869448	0.531168629606348	-0.446531218459212
XLOC_036704	-0.671576464632902	-0.0271577435994779	-0.28288625680422	0.437421891280584	0.411033814604386	0.774878616248347	-0.732840472961981	-0.702342893696905	-0.357597270845589	0.117678556862725	0.610699392734002	0.422688830811031
XLOC_036711	-0.698727201670933	0.646922574027198	0.572784870987684	-0.463940126741782	-0.395267980102766	-1.17960410554719	0.106016740034146	0.477275627819398	0.177634296576468	0.626644393480222	0.608610468478275	-0.478349557340723
XLOC_036716	-0.239585084937554	-0.1380124471353	-0.100131319505526	0.555468976361705	0.771710687570113	0.543411754039441	-0.819903845978962	-0.536804387902023	-0.382286197869061	0.365461476827119	0.153788345404173	-0.173117956874122
XLOC_036722	-0.934720976344078	-0.66344781154914	0.65034269843548	-1.22960374398853	-0.279857625105217	0.0501817223518071	-0.366400102880066	-0.48492286548498	0.0583988993627353	1.48500199710169	1.31893367341302	0.396094134687282
XLOC_036737	0.00215424190611024	-0.292291172653477	-0.904105061067495	0.845685797296983	0.629491940834449	0.206876047359347	-0.762573833537544	-0.154315837200571	0.0511879251180689	0.269715536982374	-0.00336828122044075	0.111542696182199
XLOC_036744	0.326778821814687	0.261793870223443	0.0454934150272059	-0.139421980617509	-0.647534302607278	-0.509866118436503	-0.256393407646609	-0.291323044771622	-0.201527401144746	0.0996459855395999	0.642772788677012	0.66958137394232
XLOC_036745	0.0443866384031981	0.222446177802835	0.237376642269643	-0.282142348994364	-0.106735245491631	-0.185053139102575	0.0380467085279719	0.0222387638909556	0.00432168704103653	-0.0207095140891234	0.16202394445256	-0.136200314710516
XLOC_036751	-0.500356421642678	0.40271608599603	0.476483847070261	-0.927016429244437	-0.766867955809349	-0.199278942943745	1.06418897228493	1.11568619712882	1.1138411043544	-0.724928896193003	-0.203913045505573	-0.850554515495657
XLOC_036756	0.306224208273784	-0.0858797005803993	-0.245561613302442	0.400109771504432	0.228574623688658	0.0201355427760408	0.0146880851609446	-0.198405030776474	0.22503722598128	-0.109325915722497	-0.221610737004561	-0.333986459998776
XLOC_036774	-1.4600557598986	0.362156395501285	-0.558741768323745	-0.74833242771016	-3.9612229066776	-0.222641891778921	0.967247178389886	0.859938292003874	1.22492904411608	0.423338094212259	1.88562741421347	1.22775833595216
XLOC_036775	0.722133835636888	0.0774536380831234	0.337723361514415	1.56521582442384	1.13056795884213	0.437576698485544	-1.39784414769661	-2.44724022430437	-0.878880362914181	-0.166129065379643	0.535947685542656	0.0834747977662174
XLOC_036776	0.91786795112212	1.2774986574572	1.51522093695992	0.507958637791132	0.573985554513394	-0.807984956851827	-3.3782774810044	0.0701059806853164	-0.657867233592407	-0.577899330547286	0.362781708664113	0.19660957480272
XLOC_036780	-0.717372667208912	0.23823214552711	-0.97088233532944	3.0607888403136	1.72275174933028	0.290395863210022	1.81943399451768	2.3291009175136	1.79184851672662	-4.08514715665177	-4.08514715665177	-1.39400271129702
XLOC_036806	-0.00693172034518241	-0.194720100019625	-0.287454798278907	0.701438125597133	0.515008005084152	0.314802006644277	-0.954189683739686	0.0147405019690297	-0.572870357740605	0.324202826552017	-0.136332825951019	0.282308020228419
XLOC_036812	0.177609202285713	-0.614776070478619	-0.428715275881121	0.170213705055498	0.160835712067585	0.227498563992585	-0.728598982844419	-0.721181040008373	-0.20792440532684	0.769930221626834	0.525407320928116	0.669701048583037
XLOC_036816	-0.4628753022731	-0.506122076135879	-0.360485970929029	0.635543725878704	0.0198551426383355	0.536795303851506	-0.230522748118523	0.0637904147973254	-0.265684403372711	0.490876254929553	0.353459587911711	-0.27462992917789
XLOC_036818	1.87248352562866	1.94549395427366	1.71888122567083	-2.08517751065397	-0.589200152952325	-1.34545615911667	0.915810872238973	0.466067747298704	-0.242758430576703	-0.88959137620197	-1.49072194037895	-0.275831755230238
XLOC_036820	-0.127580739277109	-0.145084005595756	-0.243023741363379	0.224207345964228	0.146736183764176	0.236506255591369	-0.514099075897381	-0.28728294008304	-0.440654326483108	0.43591395410761	0.335737514034582	0.3786235752378
XLOC_036857	-0.529852027010127	-0.587157286769569	-0.649771757067582	0.135366424702387	0.0757821502216558	-0.291391591219857	-0.0860531902050496	0.453790627939981	0.134044039984042	0.267664730676184	0.578786322313583	0.498791556434347
XLOC_036872	-3.24231475697946	1.5091772814587	0.40028051965505	-0.538612173793303	-0.478540527442686	1.13322826288233	0.501937262403655	0.501320252280675	1.05306591433988	0.209713910550029	0.294225216473541	-1.34348116182841
XLOC_036877	-0.561237774395202	0.318213608298937	-0.150715807451171	-0.654045682444896	0.0165062596837293	-0.539488458377373	0.709797564272074	0.709133876568316	-0.0175788226435811	-0.13379377812922	0.27616221575009	0.0270467988682963
XLOC_036881	-0.466806578996983	-0.0461787531228999	0.551076407404991	-2.20264362039373	-2.20264362039373	-2.20264362039373	1.84184280036689	-0.403958180602342	0.0383019953984944	1.24938504713576	1.71751128212902	2.12675684146825
XLOC_036882	-0.0677597213954702	-0.0064307984233789	0.441590788077084	-0.327676899008496	-2.11390749591608	-0.411019541611796	-0.124730423599111	0.216448279882271	0.491127730980922	0.4335668897528	0.551515945392107	0.917275245869148
XLOC_036900	0.663875021567642	-0.227537826390655	1.72691844709783	-3.93944085014783	-0.285992148078352	1.10955333588881	0.565276932816566	-0.195805840887689	0.606680813115595	0.576330545094583	1.44074882492027	-2.04060725499678
XLOC_036913	-1.18422728468975	0.375835475675516	-0.0482819023673136	0.123818007132226	-2.88376291575629	-0.0298045505911455	0.815461515157196	0.312401725233009	0.669201933609934	0.76102671563882	1.42098529263384	-0.332654011676041
XLOC_036914	-0.220373384601938	-0.398117455393848	0.0138565630183676	0.182663723169615	-1.06851801103772	-0.542180382232244	0.462111168507783	0.497389235352228	0.0355753445688833	0.29403096019584	0.22808908444815	0.515473154004889
XLOC_036921	-0.283197272339626	-0.133336598497263	-0.557453976540093	0.22633242460921	0.376449179494033	0.30027656536337	0.789881611616642	0.621843750220499	-0.0967067974535496	-1.45558570682055	0.0852677981839429	0.126229022163386
XLOC_036925	-0.189250316624454	0.17706088163742	0.052862808153991	-0.231323387219451	-0.548500055983903	-0.416131936923261	0.0802841823619467	0.118172498589832	-0.202982449580425	0.408998059135079	0.50356038931921	0.247249327134016
XLOC_036952	0.210230150036996	0.424333378987725	0.149958659092966	0.541623386654791	0.421101021739651	-0.0245144716829104	-0.415833540086373	0.148129139138688	-0.205141477484174	-0.273482741931714	-0.331548018018118	-0.644855486447525
XLOC_036954	-0.00189047776942353	0.154814267708886	0.27856916101582	-0.247581308910728	-0.427254859884378	-0.0445652185831911	0.0146405405755718	0.402934743000117	0.346154901396799	-0.473530631455017	0.0160465736148119	-0.0183376907092665
XLOC_036963	-1.55188336446885	0.321729153938966	0.555395787931872	-0.387899011390989	-0.317511753517998	0.268363070976521	0.821866021646505	0.881027165758404	0.22251421899726	-0.159852660066868	0.366882898521025	-1.02063152832585
XLOC_036967	-0.091972889929627	0.560810806560137	1.34411127746225	0.647491446470887	-0.96397010116091	0.689400814444192	0.149330345486865	0.0912977990901203	0.569131379936737	-1.47072803716554	-0.690653261008377	-0.834249580186735
XLOC_036972	0.972539984507548	0.827007442496297	0.34273955531202	-0.0466988086592641	0.573831480124629	-0.535567411596132	-0.785097255358812	-0.530244599945813	-0.157237780149026	-0.178463375159894	-0.345050218441991	-0.137759013129563
XLOC_036996	0.254163874847519	0.331517382050215	0.399713225649432	-0.0648661935611319	0.135199137837855	-0.101775328871547	-0.0715467885733929	0.12004470385112	0.0477235623128855	-0.31574826904389	-0.25756222291524	-0.476863083583817
XLOC_037059	0.574678161119297	0.351445116162103	0.489184567597294	-3.53927611825708	-1.57733668372744	0.444211931269423	-1.04094206583856	-0.0908926565673638	0.0673087110733874	1.73819325001299	0.933720662783256	1.64970512437268
XLOC_037067	1.03472563389936	1.10256200829459	1.02266171986835	-1.8523293597268	-0.86553989780644	-1.08173178916774	0.13061953202734	-0.122791075992557	0.261538893375156	-0.318180145876164	0.187020161893471	0.501444319211445
XLOC_037068	1.17167367707734	1.41925670812691	1.45262586708603	1.58310667919805	1.08373275604722	0.913945484372247	1.40408885012821	1.83101080089267	1.56687586070989	-4.10088408533349	-3.55922315223689	-4.76620944606818
XLOC_037072	1.24271618988958	0.151490115984595	0.926442581017556	0.42311270602383	-0.155501781095335	-0.162581364235513	0.0527829239964639	-1.86699746471184	0.365938999646817	0.2913481395232	-0.629302643052076	-0.639448402987274
XLOC_037073	0.748825067593972	0.180761347161738	-0.846514844492557	1.16736813690252	0.917787571145829	1.12413214108824	-1.01566405093052	-1.26907465895041	-0.819260807425763	-0.288775077586526	-0.0126151300871022	0.113030305580567
XLOC_037078	-0.285853082737829	-0.408514271570596	-0.136866595186693	-0.0488452484641222	0.101271506420701	0.283356330254669	-0.62995691180621	-0.375104256393211	-1.08393043426862	0.961797460051829	0.879855002993441	0.742790500706644
XLOC_037086	0.278631419682704	0.913685631312093	-0.0777057706760118	-0.802539795785089	-0.551100781485947	-0.330156302003618	-0.292960751083788	0.365614980728387	0.180704630370994	-0.510017150060178	0.10618589888931	0.719657990111143
XLOC_037090	-2.15258499931337	-2.15258499931337	-2.15258499931337	1.06030547965406	0.611189230223404	1.29083893541008	0.345749053105147	0.422253262597216	-2.15258499931337	1.29944366821612	2.5334932840361	1.04706708401137
XLOC_037094	-1.32238991160479	0.834074955666038	-1.32238991160479	-1.32238991160479	-1.32238991160479	-1.32238991160479	0.0281670605903426	0.476295528186596	0.195406819595664	-1.32238991160479	2.90050569606322	3.49988940952688
XLOC_037098	0.164474032543637	-0.250672563282913	-0.0667288068190377	0.581121055799075	0.383587274057289	0.251691747049666	-0.139222185422376	-0.139888940596819	0.081966431478671	-0.0986133398840376	-0.381375274523831	-0.386339430399332
XLOC_037117	0.819691040773982	-0.146007648544884	-0.39413360632955	0.653472627524949	-2.07478944843442	-0.593304948240613	1.53322567106481	-0.959986360124445	1.4781754009318	-0.584700215434571	0.186166724703945	0.0821907621089988
XLOC_037134	-2.68919442348961	0.0831067003165256	-0.0768650136656959	-0.0257871118236288	-0.311286151382339	1.12130621181834	0.0169111917588749	-0.176110691893435	-1.1416581110568	0.990655729034493	0.793872628374646	1.41504904200863
XLOC_037136	0.388182834915564	-1.34765420648118	-1.34765420648118	-1.34765420648118	-1.34765420648118	-1.34765420648118	-1.34765420648118	1.22718405542941	3.07853124627422	0.231883180677321	1.30814604474701	1.85199787684356
XLOC_037167	-0.261653377324505	0.409444223202945	0.632444209975565	0.188362602405897	0.258211715370409	0.52520457558481	-0.362836007584306	-0.639164776756806	-0.824075127114199	-0.0927667621288544	0.148592614557815	0.0182361098112285
XLOC_037172	-0.857012166533106	-0.633469365012617	-0.536968606222191	-0.348512747114738	0.146234305523349	0.00836797876168571	0.476953886806844	0.607290099111488	0.435814522733721	0.292216802083736	0.0949071504964571	0.314178139365376
XLOC_037178	-1.4058343659127	-1.4058343659127	-1.4058343659127	-1.4058343659127	-1.4058343659127	0.388957548466956	2.16107185838193	2.97491213131361	1.96121093526888	0.173703021245806	0.775150700798992	-1.4058343659127
XLOC_037180	-1.040774398602	0.407651498006894	-1.040774398602	-1.040774398602	1.72299983093478	0.754017515777654	-1.040774398602	-1.040774398602	-1.040774398602	-1.040774398602	3.54269274894561	0.858059196549052
XLOC_037182	0.106514262006609	0.208638488849187	0.173473634989936	0.486115075537422	0.313778640335007	-0.203380354844679	-0.126670968733171	0.0926208280213183	0.280920627402478	-0.386702144662242	-0.675802880515299	-0.269505208386571
XLOC_037183	-0.6077529451822	0.221252513665403	-1.42304596473485	-0.375439730880353	0.0942379039368477	-0.249743441674582	0.355678938240803	0.966781511859011	0.449263042526498	0.480979545393835	-0.712282223590591	0.800070850440179
XLOC_037185	-1.07843827491835	-1.07843827491835	-1.07843827491835	-1.07843827491835	0.883501159611289	1.9934913252834	-1.07843827491835	3.11951801936931	1.16250734087387	-1.07843827491835	0.390050079290593	-1.07843827491835
XLOC_037198	-1.41749120455622	-0.423190131690792	-0.615388737775671	-0.946047958740065	0.297527352785495	0.0738332920136449	-0.0106265669042926	0.432702812274399	0.375910413056981	1.06274950232813	0.767884050738679	0.402137176469704
XLOC_037217	-0.0554709392168569	-0.32160486018485	-0.207732370041581	-0.209406100577043	-0.150951895270438	-0.252781017625987	-0.226069506542883	0.138643657036914	0.0524435495043125	0.465922709822136	0.28510401225865	0.481902760837636
XLOC_037242	0.958855523932595	0.434604920398812	1.06512221028269	0.666799889019367	1.44868098312139	0.682723310928886	-0.0205167057024482	0.51515403227878	-0.737126080537232	-1.52725236249556	-1.29446799799703	-2.19257772323025
XLOC_037254	1.04138300997716	1.47105661442997	1.07582235105146	-1.48467555438997	-2.50193287629033	-1.11382808742677	0.787647685354024	1.03355915389771	1.2708629752843	0.0455415093785518	-0.652344316080068	-0.973092465186028
XLOC_037257	0.199396481856786	-0.438720708423961	-0.334189133907786	0.755735134557423	0.725662015676759	0.46019457879046	-0.520045744047204	-0.653815273136813	-0.257313401768808	0.13073615412585	-0.0372591242769804	-0.030380979445729
XLOC_037260	-0.844311555259511	0.434376260248653	0.341285244990724	-0.743263168684814	-0.561883323271251	0.188157337917298	0.047485847447156	0.201320142505784	-0.160800756772836	0.184426577230294	0.714570045175106	0.198637348473397
XLOC_037279	-0.858176518778028	-0.121486353837906	-0.519812014780071	0.353560075351064	0.01816087495909	0.654487273717623	-0.0754611655304798	-0.0983337668542079	-0.787477537905819	0.297466130688476	0.678598976584259	0.458474026386002
XLOC_037280	0.0712766946372483	0.0116118381966785	-0.178253328142137	0.26657409090928	0.0904848707857049	0.0285715903706727	0.170171422590176	0.104795462197607	0.0477375661757495	-0.0620610221118216	-0.337765034067202	-0.213144151541957
XLOC_037282	0.610447235046415	0.138976529624922	0.0325125703809883	0.0900659086794207	0.401927175072763	0.529702924233236	-0.911064689646939	-0.352497319483647	-0.980133220758328	0.234474139870614	-0.189893288587585	0.39548203556814
XLOC_037283	-0.280538891106209	-0.249005978978706	-0.301007466533191	0.473501555322068	0.60133804926279	0.722544996347679	-0.615917991913806	-0.325754513136099	-0.329497153529717	0.0293747596392677	-0.00215978271113926	0.277122417337065
XLOC_037303	-1.02400789547698	-0.68634974884832	-0.135101699615666	0.737858694120777	1.00345046435045	0.134858637429176	-0.525730493567182	-0.176904278070221	-0.467730386660442	-0.126422706621034	0.441930147324442	0.824149265634991
XLOC_037313	-0.043223645725333	0.0897543257948472	0.0620286206356244	0.0489993328811806	0.00260956794923217	-0.462636982637916	-0.474556932836913	-0.294958694465968	-0.304520440749015	0.482338684217472	0.594531842334693	0.2996343226021
XLOC_037335	1.60218445320898	0.390874831036954	0.506341529619361	3.20393032118428	2.18667299928392	0.804702487918695	-1.76559003623387	-1.76559003623387	-1.76559003623387	-1.76559003623387	-1.76559003623387	0.133243558917176
XLOC_037349	-0.812892095348562	-0.807681776717018	-1.35967066222416	0.604952348133242	1.14097832271666	0.587004288293519	-0.452400144063675	-0.361675315707439	-0.107817641708633	0.603023222583605	0.236325654567726	0.729853799474729
XLOC_037371	-0.456114604395666	-0.574684768930569	-0.685219719125276	0.640124550584106	0.989792264642731	0.277361629189008	-0.864912744289334	-0.0164906771972042	-0.698745848566655	0.412879855546719	0.350667255446016	0.625342807096122
XLOC_037401	0.262694229025103	-0.134941994589244	0.545841726529277	0.243548760665235	-0.366557563521161	0.340800691396207	-0.0757811338356666	-1.0678490962197	-1.40174174233807	0.256601359507862	0.710671659648482	0.686713103731682
XLOC_037402	1.87630878032101	1.03418829676122	3.21032155100113	-1.1222765705096	-1.1222765705096	-1.1222765705096	-1.1222765705096	0.676408869281782	-1.1222765705096	-1.1222765705096	1.05870849620208	-1.1222765705096
XLOC_037409	-0.599186838821105	-0.470530945277345	-0.531504396562839	-0.0167559161759883	-0.0476255836487383	0.0253639839711521	0.352725217230219	0.251499729189204	-0.109019887644951	0.311411225014421	0.379394811855432	0.454228600870531
XLOC_037417	-0.463800971835092	0.0591457731412293	-2.28815548483045	0.0546606575175779	0.368104479609849	0.851926901303351	0.571102049286814	-0.0879404520178122	-0.224990631947487	0.067713256360205	0.247877361275496	0.844357062136323
XLOC_037441	0.444421494953373	0.521449150003357	-1.03682765881651	-0.0957636583199202	0.30749371478882	0.908445471513845	-2.37103364981529	-0.679243992511765	-0.173646459123838	0.934487022606463	0.627339725418945	0.61287883930253
XLOC_037455	0.599371691233509	0.00643243771927349	-0.0349686111675105	0.367134822806841	0.527782566386057	0.682364236635328	-0.72646286379628	-0.348425203649589	-0.192707893814219	0.0473914883889819	-0.0934288200452338	-0.834483850697153
XLOC_037470	-1.59566055153285	-1.07271380655653	-0.774905956316139	1.37576142061378	1.5407294781691	0.619224409608773	-0.560757530410944	-0.420484999595446	-0.668054369656364	0.386167201722778	0.743982982799422	0.426711721154408
XLOC_037471	-1.31302022726512	-1.40753196140232	-1.65351645731471	0.595769953051284	0.704430525564693	0.926334793075875	0.127963812724281	-0.301654672050351	0.479872153122614	0.669420546065157	0.375117849938061	0.796813684490542
XLOC_037474	0.438404549312814	0.0118336264768075	-0.225060438540129	-0.728390313533854	0.0372805731855799	0.137727404262255	0.245396799141136	0.660595946243894	-0.227689096880296	-0.0998937793645345	-0.376068465330214	0.125863195026541
XLOC_037483	-0.549096411493672	-0.655549151190687	-1.05407186255444	0.357126092547581	-0.314521287594776	0.588049738181685	-0.600330834193583	0.29182788058854	-1.0920814950767	0.967526280398705	1.23155063165854	0.829570418728811
XLOC_037508	-0.00947733478063739	0.0343634531273516	0.180590105248344	0.27922615178356	0.147926916628294	-0.0801407410623369	2.2593737784793	2.07761758831873	1.80003483851475	-2.60757833564577	-2.25165410274551	-1.83028231786608
XLOC_037514	0.232724250340141	0.0435102329238788	0.12231709701703	0.207019098148116	0.179754731888876	0.400733364338983	-0.380164954748588	-0.566091481673845	-0.523006270808024	0.00444995321342034	0.0451367831243683	0.233617196235647
XLOC_037537	-0.0201413223100815	-0.252361964517856	-0.305082007026309	0.375607964220814	0.517894407289747	0.175940810102247	-0.0411525444473639	-0.104506443706946	0.0167676622580935	-0.0293077750291033	-0.206145291368729	-0.127513495464521
XLOC_037548	-0.748375435384681	-0.42490865711935	-0.526297275954361	-0.258937453474555	-0.0571732295316592	0.350006868294551	-0.00240659705462676	-0.15833365873268	-0.135903859116492	0.47861837262414	1.01790510501727	0.46580582043245
XLOC_037549	-0.431349768407533	0.0682864369852103	0.387218882604094	-0.432751050498053	-0.152975280167238	-0.481631636609089	-0.265181175277069	-0.0559968799389026	-0.464262891086063	0.555321429485389	0.636192358267958	0.6371295746413
XLOC_037555	0.315936628071366	0.0773411757329043	0.368411034511315	-0.428393500668728	0.0297152206363727	0.0551978152554966	0.232091835214428	0.531557636544093	-0.273771863902976	-0.391545545722182	-0.491613800970381	-0.0249266347017034
XLOC_037576	-0.258490535302575	0.101140171032506	-0.222037845918362	-0.966139029049628	-0.602372931911301	-4.55463596742909	0.445459218296739	1.10587110674719	0.772122764640304	1.97646485214768	0.825553707639008	1.37706448910753
XLOC_037602	0.170303582616009	-0.00264379934276526	-0.203536533140083	0.0453910167498321	0.0545478690619117	-0.0531562255895235	-0.956158437291259	-0.363991066363073	-0.569621457329985	0.196285907288777	0.787242970648466	0.895336172691693
XLOC_037617	0.439403889445019	0.541655447805844	0.243352871413363	0.0387295128493736	0.0376389752452191	-0.147835992855101	-0.317397390652491	0.198181995191117	0.108673258886368	-0.211350971241036	-0.479940720466097	-0.451110875621579
XLOC_037653	-1.01641294314284	-1.01641294314284	-1.01641294314284	-1.01641294314284	-1.01641294314284	-1.01641294314284	1.48192110927568	0.782272496648546	1.22453267264938	0.563124444015662	3.06303987941061	-1.01641294314284
XLOC_037657	-0.216945316688398	-0.112991312092232	-0.101909292150093	-0.224927913170514	-0.179599425873902	-0.241781142317041	-0.056840523856037	0.360485004819154	0.00870615994196289	0.102041935479066	0.18005073937834	0.483711086529693
XLOC_037658	1.15220217528501	0.919262728050145	1.75175093672151	0.200128939791419	-0.537809535179803	-1.41814297049584	1.52237118032511	1.17043450347869	1.08246113879339	-4.49007257069759	-1.19191441723641	-0.160672108835619
XLOC_037660	-0.986248781819921	0.462177114788971	-0.986248781819921	-0.986248781819921	0.975690652709719	-0.986248781819921	2.14312275955802	1.58858948009067	1.73416146559207	-0.986248781819921	-0.986248781819921	-0.986248781819921
XLOC_037670	-0.400100432954085	-0.359701413730798	-0.309440233997732	0.484772196817111	0.424990184713833	0.387980947944371	-0.343342432204039	-0.0870478587961845	0.119769787392912	0.141272979402848	0.106684955108294	-0.16583867969652
XLOC_037691	0.625738283738561	0.338327138950709	0.433321218789317	-1.11009875765818	-1.11009875765818	-1.11009875765818	-1.11009875765818	-1.11009875765818	0.407697973542271	3.27446224323167	-1.11009875765818	1.58104568769657
XLOC_037715	-0.00368589939239339	0.804511063847716	1.18662634394506	-0.241319112501679	-0.373708058492806	-0.305592820993642	-0.792867294760379	-0.591663411717957	0.319746088038963	-0.0392315794502442	-0.689697271386333	0.726881952863693
XLOC_037719	0.134172762229035	-0.23196739155142	0.0323635299383973	0.579091682597477	0.297652754442378	0.242843450518638	-1.12458282190938	-0.934248124034471	-0.582957931785408	0.754183164220514	0.694016881653875	0.139432043680374
XLOC_037720	0.194773108257428	-0.394926256594688	-0.0129879441051486	0.608975354703341	-0.186632545690101	0.542489786630726	-1.3212180056032	-0.837659386739511	-0.769387340724489	0.713057515884906	0.816090349702265	0.647425364278472
XLOC_037722	0.252115974359302	-0.713582714959563	-0.271705827868014	-0.718067830583215	0.300591231423006	-1.16088001465529	-0.559817528618125	-0.0613539079984813	-0.997719120048279	1.27033295887764	1.151106698954	1.50898008111702
XLOC_037723	0.0302681751329184	-0.140362419676404	-0.152250618509512	0.611510549505352	0.487322859773259	0.711683978443172	-1.39259560769083	-1.27933769851448	-0.842675237936429	0.796798269384723	0.67769093036866	0.491946819719562
XLOC_037724	0.506633344184477	0.157342136934734	0.076371757602665	-0.00457409095259997	-0.41519477638697	-0.267970246537796	-0.606635025779635	-0.500888222111254	-0.669421921112881	0.570531617940846	0.615252296507499	0.538553129710914
XLOC_037726	0.0355233247205256	0.0493919825041207	0.008641643024629	0.716364645817712	0.422694961510106	0.872322448529181	-1.4437997035209	-0.941200990622329	-0.917393105379008	0.717676685387156	0.52751416938452	-0.0477360613557174
XLOC_037727	-0.0404948983141775	-0.507205085879207	-0.107167206197145	0.300281599806148	0.25133036504217	0.0489481632346376	-0.401439732641144	-0.55250326895673	-0.548064939062284	0.191187729491796	0.391534317358531	0.973592956117402
XLOC_037735	-1.34492721669348	1.10316288702734	1.66820972547667	-4.71270170613634	0.045525997029924	0.224446850958397	0.48313766458524	0.229727056565343	0.397642226079086	0.233615141475256	0.994716317638791	0.677445055993777
XLOC_037743	-1.25113558209401	-1.25113558209401	-1.25113558209401	3.84007141657318	0.710803852435628	1.31915694205856	0.0994213901011198	0.547549857697374	0.98981003369821	-1.25113558209401	-1.25113558209401	-1.25113558209401
XLOC_037757	-0.87101374956676	0.294420667891785	0.550437016382966	-0.63622667463761	-0.689425899501366	-0.144774222720325	0.803266493341437	0.686814400860565	0.400833726029192	-0.781116825693211	0.119416647586263	0.267368420027063
XLOC_037764	-0.181166351505709	-0.167297693722114	0.143264566074055	0.0184817009412512	-0.131572644442301	-0.735908608321712	0.0800234537215321	-0.670178695288776	-0.0899179252267963	0.117216942680995	0.749339771669017	0.867715483420557
XLOC_037765	0.804428365504442	0.347563530964586	0.523714531001393	-0.0377412934840509	-0.103432998341105	-0.193995932767254	-0.196048936910277	-0.396037220835877	-0.107051115131179	-0.500156198382454	-0.326265912103481	0.185023180485258
XLOC_037766	0.0481625377450987	0.586748093113344	0.579306291455506	-1.00878351309432	0.0976408764301944	-0.0729463818148801	-0.122613891701866	-0.370455385330724	0.0662070752473243	-0.177262167695949	0.199435961979892	0.174560503666382
XLOC_037770	0.189842068136084	-0.0238774409453999	0.0365469465039805	-0.147603778095714	-0.00975454850135904	-0.17245459903226	0.339081632601076	0.247778639691999	0.119914052660521	-0.321853647415312	-0.249939956983942	-0.00767936861967655
XLOC_037777	-0.217917925223874	-0.164146755472625	-0.440739109837303	0.691138093809812	0.486299755482761	1.04031319868944	-0.685778227472795	-0.31168261264763	-1.1614634997342	0.39263901410371	0.255662181615571	0.115675886687129
XLOC_037778	0.261298672339641	0.678696832765215	0.512227045616663	-0.195009418390346	-1.17527534764946	-1.39577874379557	0.799950100024487	0.676516380039793	-0.011472311528629	-0.213571854394566	0.42925753788281	-0.36683889291004
XLOC_037779	0.634177276293902	0.372223554104966	0.888172158824372	0.47829191324924	-0.891403083925361	-0.49683122492559	-0.0796762330627478	-0.218561989125575	0.478636612242373	0.0148093704462822	-0.0432559056401223	-1.13658244848174
XLOC_037783	-0.658693573883322	-0.763057156117938	-0.151131613778527	0.742193018184665	0.904062874923902	0.548897725984316	-0.202030257624885	-0.171519740197714	0.152525380833842	-0.031871103716032	-0.600551397240975	0.23117584263267
XLOC_037790	0.0670800541097831	0.284288053591517	0.838488266922879	0.0060121571951024	-1.37551475098502	-0.325569662384305	-0.379355321151237	0.220221102562518	-0.0602904079769528	0.394067649102208	0.515620788756202	-0.1850479297427
XLOC_037791	0.216398736013931	0.441190296209017	0.428327143298275	-0.112771319054736	0.397986586079325	-1.56809158752236	-1.07311496342949	0.181140010957354	-0.213835734968718	0.210095079931937	0.543715697579821	0.548960054905644
XLOC_037792	-0.173840023402084	0.408522935518525	0.0874736994582568	0.558323499809549	0.308890421509352	0.864098418374274	-0.519781193673839	-0.558041330302099	-0.773773630413808	-0.0173688663461871	0.13845784093028	-0.322961771462218
XLOC_037822	-0.0971106048153327	0.266304243113968	-0.14603442963762	-0.326572888881882	-0.0770053303503193	-0.776370999444122	0.538282246575477	0.346159249682183	-0.316733896394368	0.0207789861639771	0.386460698257077	0.181842725730974
XLOC_037840	0.768228371366042	0.68934786148989	0.67158783771923	-0.177669773879034	0.31355696740028	-0.297977444536987	-0.371888628112232	-0.186710535714842	0.308998333160257	-0.0402988366904902	-0.571145521712215	-1.10602863048989
XLOC_037852	0.261102075802797	-0.928125536092555	-1.23920314090842	0.355507623575573	0.425324273856703	0.556670291974005	-0.461112291923587	-0.77559557183363	0.232497939656274	1.00073616872113	-0.0868493264614996	0.659047493633206
XLOC_037863	1.76042584287912	0.918305359319337	0.305260468496009	-1.23815950795149	-1.23815950795149	3.1373835119103	-1.23815950795149	-1.23815950795149	-1.23815950795149	1.07725301884672	0.230328846257454	-1.23815950795149
XLOC_037865	0.0351286232841606	-0.920919565147495	-0.700532459408377	0.978520129617547	1.01594817094734	0.377112703445603	-1.02681359593709	-0.355369105274423	-0.668450468705291	0.880822574504379	0.272186279328651	0.112366713344994
XLOC_037871	-0.085302987480274	-0.902873280533279	-0.756447936890075	0.87905767000041	0.910357094116756	0.321162253124006	-0.725600490293024	-0.59544775665628	-0.83785607236018	0.845182955610271	0.50858187019419	0.439186681167483
XLOC_037873	-0.833916590691422	-0.705264371340546	-0.432794612640663	0.16457043254582	0.521007618315358	0.0205032624735395	-0.487029359507834	-0.0173779543655437	-0.631278481816946	0.610143152677023	0.79600395080988	0.995432953541333
XLOC_037887	1.86645493543742	1.48352506233561	-1.50131955400544	-1.50131955400544	-1.50131955400544	0.29347236037421	-1.50131955400544	-1.50131955400544	-1.50131955400544	0.814092972792772	2.85203946377333	1.6983325293193
XLOC_037889	-0.718513676592818	0.354661891026841	0.344529748937373	-0.485225519911181	-0.161950403002074	0.0185382760730635	-1.27734312754767	-0.267532314651252	-0.775707885044866	0.647432792666737	1.42016547258404	0.900944745461806
XLOC_037909	0.779978581985588	0.149558253948706	-0.0982636261097198	-0.327290758717927	-0.131491629625614	-0.0671143672794052	-0.470443319807011	-0.27198688419403	-0.627154305568363	0.591104151984236	0.262907449471449	0.210196453912092
XLOC_037915	-0.65942889627521	0.0394229073445871	0.163560789681066	-1.22637509671391	-0.500372094859829	-0.398731283074747	0.0659612608850697	0.0383473955713471	-0.140388087350678	0.776771842444531	0.854013562110805	0.987217700236966
XLOC_037923	-0.727261969828297	0.228975788675365	0.375804551585546	-0.754695746755052	-0.174093442782844	-0.121221769732045	0.247887927145927	0.109383417507802	-0.679869420277844	0.229503527922033	0.635484259711172	0.630102876828248
XLOC_037928	1.66703980476882	1.00895765951637	1.38529875371184	0.298360027073668	-0.297813550133589	-0.265197327250057	0.133052020953934	0.464403261947039	0.23656595157286	-1.1354921785773	-1.29853234917519	-2.1966420744084
XLOC_037931	0.674979695769967	0.672573735407394	0.320499765351059	-0.883850909735902	-1.51677475330474	-0.526970183859478	0.420620769945456	0.0135390643660891	0.582753862396206	-0.52627820964793	0.396972611132554	0.371934552179328
XLOC_037944	0.330089911483762	0.227630351113099	-0.267951423920888	0.348884125972328	0.327120303709412	0.00959601493812023	-0.211500033789303	-0.0576724608389458	0.181038436183055	0.0785823322541699	-0.364285464436627	-0.601532092668172
XLOC_037976	1.26993193260742	1.34266937893547	1.27110712034525	-0.773893310770836	-0.705405894385551	-1.20568936116884	1.27516293340301	0.866605762666526	0.631546824037702	-1.22764227294658	-1.82325876566624	-0.921134347057326
XLOC_037977	-1.42826628995151	1.55657832638955	0.843665275901724	-1.42826628995151	-1.42826628995151	1.14202623420106	1.41981522644764	2.31536871930863	1.29214395746048	-1.42826628995151	-1.42826628995151	-1.42826628995151
XLOC_037978	0.841555591092533	1.52102412684291	1.1172352283827	-0.0928435539826955	-0.977184546862012	-1.85751798217805	2.03643417238837	1.208315457019	1.68384325235423	-1.47741891485031	-2.27364733115161	-1.72979549905506
XLOC_037990	-0.312216529615824	0.564931397523726	-0.274625551044455	-0.389920600799081	0.193505697902285	-0.230389321876904	-0.51737646130097	-0.727436236180044	0.489420180527711	0.25617546078154	0.413886162042427	0.534045802039588
XLOC_037993	0.878930957794246	1.22352297360018	0.956060749659628	-1.28034083170799	-1.35793797401209	-1.11286857707229	1.09375157770664	1.03020504848193	1.15313034650827	-0.727023739707096	-0.842288429048273	-1.01514210220316
XLOC_038000	1.11499190526505	0.883702958909517	1.00358166167909	-0.943645520315126	-1.64413137893706	-1.02698816291843	1.35660446259055	0.844927194719942	0.991169143462127	-1.19824856261339	-1.02435827633442	-0.357605425507843
XLOC_038001	1.4845971177922	0.639619091455643	1.20973820724108	-3.68376021072324	-3.68376021072324	-3.68376021072324	2.36291452920672	2.50392039852316	2.69120028150346	-0.52107240895352	0.789236570317095	-0.108873154916122
XLOC_038002	0.829668112227677	1.60314643851046	1.47298203031356	-1.07196374444951	-2.19404186944634	-1.61190174823125	1.38500716496332	0.8397570888743	1.02830456323488	-0.484588364345835	-0.899359116663647	-0.897010554987614
XLOC_038011	-0.371146683410241	0.508374159180547	0.119278717376352	-0.420972639305524	-0.715044621053488	-0.508739208439784	0.189855166542709	-0.0414587967442879	0.226289926273848	0.121423054152443	0.846147137203765	0.0459937882236554
XLOC_038020	0.0617081371220705	0.0415308787457063	-0.0984341599807586	0.670176628588808	0.495367634573782	0.658992329495343	-0.892379603808133	-0.292911690264223	-0.205659577605136	-0.0778806634042049	-0.180421046343053	-0.180088867120206
XLOC_038029	-0.613432785223767	-1.19767519359311	-0.215081710906139	0.49506331552303	1.39763163357171	1.45671997503287	0.158761485897814	-0.528831720123978	-1.30299338801982	0.508730106926102	-0.326111069802677	0.167219350717971
XLOC_038031	-0.302460490473559	-0.232865246025608	-0.24826819118538	0.616031664627764	0.599338737051965	0.941233600234304	-0.638443644127379	-0.727920516921018	-0.493481412260424	0.180324234980504	-0.0563866674287938	0.362897931527622
XLOC_038034	-0.0233795056266155	-0.169305896029636	-0.400560151301553	0.64343697467968	0.712842248236356	0.487602792838783	-1.05057023698508	-0.273895459064229	-0.668871204990301	0.182412710524366	0.0886802275582381	0.471607500159987
XLOC_038036	-0.159990469487786	0.0931756272031166	-0.0493260398367692	-0.585833678316318	-0.566164910779246	-0.315439663002845	0.176703253402472	0.18725214249921	-0.107711476300837	0.0978697285375905	0.73988665152217	0.489578834559232
XLOC_038063	0.0582830653464459	1.06134588707273	-0.214487832781427	0.783069990676319	0.852325033102343	-0.260412551371446	-1.66876531701366	-0.417390361165294	-0.986179054816047	0.23835355227994	-0.214669710843993	0.768527299514085
XLOC_038072	0.688134827330527	1.85084104369799	1.04009403326001	0.119380783094498	-2.60888129286487	-1.49889112719276	0.282272623220099	0.774869990833312	0.0860165710063496	-0.4910241286784	-0.347925119726506	0.105111796019759
XLOC_038084	-1.00964837633221	0.184829270923368	-1.2545136993641	0.681967783326191	1.15164541814339	0.67526863541848	-0.441327502868195	-0.264598717902683	-0.928576409129168	-0.845545925393104	1.10359483561477	0.946904687563259
XLOC_038102	1.43816120973022	1.97567157613198	-0.195288811571938	-0.557506259407387	1.48504265809262	1.51626767210133	-2.46722037742517	-2.46722037742517	-2.46722037742517	0.695467424344545	1.61223244512827	-0.568386782274123
XLOC_038103	-0.265685940210451	-0.530511238311427	-0.259996704020898	0.11302979199949	0.750141343684314	1.00060629720057	-1.59420269501968	-0.734969015248043	-0.428193565078272	0.823046550365583	0.460162648906319	0.6665725257325
XLOC_038144	0.119241710272691	-0.0178978918342647	-0.0847433200860763	0.185396816569673	0.0419192539094126	-0.123851226341568	0.0865732172236804	-0.0711568486257175	0.191588179763706	0.0542982175238897	-0.0600649193928344	-0.321303188982585
XLOC_038156	0.707716993912325	-0.137613696389541	0.530267791273195	-0.199486817458882	-0.879882887836819	-1.09790235205187	0.13062636348409	-0.13258974060714	0.224210467769785	0.534193109486659	-0.254557507265277	0.575018275683466
XLOC_038161	-2.30619505169632	-0.0832425765654934	0.0602081746325993	-0.468176374129832	-0.39988522172519	1.01766742688463	0.265174151501938	-0.146676327008	-1.15326201286385	1.09656023647758	1.14805696159098	0.969770612900962
XLOC_038165	-0.162550296969358	0.786391674953338	0.151187189232738	0.171768898493775	-0.99024318268077	-0.472444913820646	-0.117739733487607	-0.124732730164153	-0.340465030275862	0.387651246142243	0.380925507153484	0.330251371422817
XLOC_038181	1.95962883456078	2.24731024549158	2.38684536891612	-1.94575275259461	-1.94575275259461	-1.94575275259461	1.41890839669315	0.629085509315975	1.13390456543904	-1.94575275259461	-1.94575275259461	-0.0469191574435641
XLOC_038184	0.264168923907857	-0.10264445901365	-0.396374233709487	0.410253129704564	-0.0669194097338366	0.463836055774744	-1.15614237970814	-0.110058155940779	-0.47503276167201	0.522890822954079	0.498220344555971	0.14780212288069
XLOC_038192	0.602906825908426	0.57437070936015	0.443395562509684	-0.401769185578057	-0.926569853943219	-0.529344130476054	0.666341394996748	0.377340336882732	0.2425739231146	-0.644388915894082	-0.40820779842591	0.00335113154498412
XLOC_038193	0.760996617961849	0.612746193182685	1.05829979878048	-1.70057763240294	-1.63562586871293	-1.3055865212559	1.21723128200895	0.629706198743436	0.493400612659308	0.194816019344708	-0.60299628743293	0.277589587123282
XLOC_038194	0.55381267026828	0.819171257486236	0.72678880661987	0.030048827479404	-2.00135907559766	0.575561986286108	-0.588093230669346	-0.0225410290679635	-0.0913369194131155	-0.427372602550742	-0.0937519849028572	0.519071294061788
XLOC_038224	-1.14586525636449	-0.704589457349401	-0.198395438193399	-0.0440355988079517	0.603759623877247	0.453603539899907	-0.172484648262377	0.0238382833016644	0.57948242419429	0.1818136682091	0.367727646597729	0.055145212897683
XLOC_038238	1.07641509445039	-0.257042261639525	1.27051967065354	-0.823198194078918	0.126547924804397	-0.95660825311251	-1.02856672484656	-0.078517315575366	-0.806490529853089	0.372387940373077	1.05656637028253	0.0479862785420373
XLOC_038247	-1.02677108238112	-0.195389284934316	-0.102586213388616	0.30715871920236	-0.284763614288583	0.280419145271458	-0.460613572849418	0.114588631152862	-0.088100012836744	0.527529968389217	0.41759576862205	0.510931548040844
XLOC_038251	-0.0832483347986424	0.133959664683092	0.402408915615421	0.458188711572779	0.224310111244752	-0.572723518615207	-1.03612744124379	-0.671225847124206	-1.4301424094619	0.805577738795528	0.943178449839123	0.825843959493053
XLOC_038256	0.300854578447241	-0.109398295182039	0.765887037754161	0.22478857540115	0.455766409898034	-0.109669829194016	-0.00958095357075095	0.240488748112033	0.643173614080539	0.213310101974181	-1.00430313980705	-1.61131684791348
XLOC_038298	0.153170731366605	-0.752380047392406	0.946222868534422	0.756133858948264	0.826033710036344	0.772057280857783	-1.2754532985437	-0.423182967969638	-0.7324959017597	-0.259822484832083	0.374779646840489	-0.385063396086372
XLOC_038301	0.432934970243598	0.240295033117971	0.241013042741762	0.241442360032397	0.327577320658397	0.00197103705531898	-0.600854514403517	-0.633706132442883	-0.171483770021407	-0.0499985341497053	-0.4615217564084	0.432330943576473
XLOC_038304	0.786477740624634	0.147909099621113	0.111831914656656	0.21424218613382	0.284662603049926	0.0882292188417759	-0.318562568699891	-0.168081282665838	-0.238387264463737	-0.0571781737054025	-0.376110266618941	-0.475033206774111
XLOC_038328	0.172254888319516	0.325684860954224	-0.221337061382926	0.431416803314544	0.637142058805962	0.29080184078025	-0.753819609718041	-0.768145514454771	-0.360424324340684	0.129433128987933	-0.189129811399058	0.306122740133048
XLOC_038332	-1.79441884061666	0.307970945582717	0.674112742234423	-0.75668742590392	0.156738437750182	-0.119928117629816	0.640181759296603	0.974020814325748	-0.0131122877248853	-0.237959231135694	0.489687884088505	-0.320606680267201
XLOC_038351	-1.04496110193559	-1.02888037754983	-1.44777429447726	1.33719599479818	1.08794267866474	1.26283657383785	-0.467392028452418	-0.525424574849163	-0.207838706497013	0.811477141595877	0.613044348722506	-0.390225653857876
XLOC_038352	-0.0156550698095321	-0.582822131577518	-0.285014281337128	0.363060662400409	-0.0627324377074387	0.866824458384653	-0.906637141702071	0.069406675383564	-0.322024976333613	0.273496326821378	0.562592942864104	0.03950497261319
XLOC_038353	-1.91614964571532	-1.09086113707199	-0.390425717193866	1.32351703059769	0.447399468794561	1.42654579660034	0.137396044451989	0.0617665830696463	0.108318479068151	-0.24743372448664	0.0337041949135113	0.106222626971936
XLOC_038354	-0.775114400740242	-1.41063747227009	-0.216918455518919	1.50321580445838	1.12740291808642	1.40017402459388	-0.63600956713502	-0.48253969360798	-0.68879076135821	0.737812336380747	-0.207499206855306	-0.351095526033664
XLOC_038359	-0.438790684528346	-0.29861632330979	-0.193226056426973	0.38747337980624	0.247663962791165	0.36841244819623	-0.0945994074335115	-0.210041331864582	-0.156727765816678	0.0798920474006479	0.0278892053367006	0.280670525848894
XLOC_038368	-0.373993670617162	-0.338451826897276	-0.629363816339412	0.272921916738632	0.0855276026464518	-0.142747034296011	-0.532996130886687	-0.480531830804854	-0.830041008998776	0.828545279530299	0.906436504215034	1.23469401570977
XLOC_038385	0.188496626099436	0.287121169845509	-0.0144481369696647	-0.723676776309567	-0.411397581227415	0.0579309686468799	0.335389575353979	0.353635246633979	0.525152838423312	-0.34465957895309	0.318318707711032	-0.571863059254389
XLOC_038388	2.53311277837016	-1.12836228722602	1.14356927862722	-1.12836228722602	-1.12836228722602	-1.12836228722602	0.907335914340882	-1.12836228722602	2.86334293931141	0.451175099932482	-1.12836228722602	-1.12836228722602
XLOC_038392	-0.522056892953316	-0.183814959581683	-0.192710998088112	0.00462092709058837	-0.103345379805727	0.445004659993536	-0.66004068335427	-0.39445756412038	-0.598756972041476	0.759237886222316	0.770481191620794	0.67583878501773
XLOC_038397	0.34143816159423	0.347658465070339	0.206776150904892	-0.00362607047562058	-0.343578867731448	-0.0446660446096718	0.139290617195487	0.249601542139535	0.362204898874964	-0.328274633367499	-0.470602047335165	-0.456222172260048
XLOC_038404	0.546188517039272	-0.327544186192351	-0.324752906765077	0.736584779733965	0.602783452663468	0.741704582335371	-0.785104613217002	-0.426584946609884	-0.197944283154783	-0.576930156347466	-0.145572191983235	0.157171952497719
XLOC_038405	-0.0923363209427457	0.132455239252341	0.275523040055965	1.3904402169087	0.78256735927195	-1.21017522978212	-0.444038461716398	-0.127595045999322	-0.291918946279927	1.23303527420841	-1.02860134215804	-0.619355782818817
XLOC_038436	0.390054958368183	0.313314531929501	0.0757617753181608	-0.763378414322188	0.0207740541093058	-0.23318415881637	0.0927281710471091	-0.103107091113326	-0.332591712774505	-0.157614548087468	0.267782189472139	0.429460244869464
XLOC_038439	0.389122554105171	0.802514907915847	0.308102787068909	0.732692593142406	0.802816198910425	0.153473267225618	-1.76629705162119	-1.11467732852892	-1.13863586368582	0.643130289331783	0.709298780366637	-0.521541134230874
XLOC_038440	-0.0661577288752078	-0.0694430737757781	-0.869758400538267	0.357346601013139	0.666004378752702	-0.441922667870625	-0.744783021858638	-0.735034403502757	-0.711226518259436	1.06421029225409	0.969537072792327	0.581227469868461
XLOC_038445	-1.61290603909389	-0.766795587811119	-0.534721826166336	1.00516217623266	0.362326163919175	0.205892907348898	-0.665194275634671	-0.829530544248167	-0.572652718900517	1.26805783094466	0.875129138461214	1.26523277494809
XLOC_038460	-1.66901140154482	1.60084711408073	0.602920164308411	-1.66901140154482	-1.66901140154482	-1.66901140154482	0.829322650873696	1.40773112129479	-1.66901140154482	-0.0894740143863224	0.986788849683363	3.00692112186945
XLOC_038467	0.158069946776123	0.167604278590172	0.451381371816578	0.393930492343237	0.736854686150982	-0.230104842761659	0.507712974267209	0.674402362330728	0.767712720705405	-0.673394788801151	-1.61544905188178	-1.33872014953584
XLOC_038470	0.862607774005456	0.542713127142814	0.786373524139024	-1.31584226638005	-0.754461391491614	-1.92077555739469	0.318020047766288	0.373066180935013	1.08509275333942	0.398710524761377	-0.106294906659786	-0.269209810163247
XLOC_038472	-0.181410569510632	0.781226221800455	0.6351129417652	-1.04138225331286	-1.05291302431551	-0.91332406006714	0.366039468943092	0.345255147559794	0.206711776960002	0.277227690804398	-0.0346733851890866	0.612130044562281
XLOC_038477	-0.347286490600535	0.508918978556276	0.267668208247691	-0.371166531247878	-0.0705665600005707	-0.0551968688125308	-0.182254529748594	0.184552254506818	0.0511747912037146	-0.0457629947697109	0.198037798809843	-0.138118056144521
XLOC_038479	0.457103335944216	0.200056510427022	0.221391847945091	-1.43937152296826	-0.744878055078133	-0.630086266715538	1.09065737778532	0.712884700639656	0.525786600235294	-0.746395418210033	0.270024627067384	0.0828262629279717
XLOC_038483	-1.10432070022074	-1.10432070022074	0.439099276226761	3.02859761119159	0.857618734308902	-1.10432070022074	-1.10432070022074	-1.10432070022074	-1.10432070022074	1.21109182657748	2.19383745324044	-1.10432070022074
XLOC_038512	-0.0526618247610866	0.208974572273587	0.0352230090118262	-0.0152025654611894	0.360644875420411	-0.593018848185666	-0.791691378639129	-0.167729247426665	-0.576229072194046	0.448464731241351	0.227243423165804	0.915982325554797
XLOC_038530	-0.499254384111907	-1.8479289443089	-0.892096775473234	0.455467180669643	0.20911569845845	0.497376548642949	0.391273765484964	-0.301377074192917	1.20162395456484	0.417685591672868	0.534807503813443	-0.166693065220194
XLOC_038538	-1.73519751848557	-2.07989979799374	-1.12209984394223	0.854842333402632	1.03588792161762	0.812629520772074	-1.38828314886542	-0.492729656004426	-1.51595441785257	1.63827224299181	2.4323368653558	1.56019549900402
XLOC_038540	0.0669670459547191	0.0529551123483554	-0.0761527683026966	0.0914325328534069	0.145606924580919	0.29560339209211	-0.00774456568917614	0.127969807225316	0.0528187009983689	-0.404443150355233	-0.211859426277812	-0.13315360542828
XLOC_038546	0.455656893464411	2.91288285015386	1.47353987986639	-1.28018014793233	0.681759286597307	-1.28018014793233	0.0703768242627987	-1.28018014793233	2.08686515324924	-1.28018014793233	-1.28018014793233	-1.28018014793233
XLOC_038547	-0.102168446381924	0.269422135966324	0.579984395762493	-0.844701937439979	-1.11423186132274	-1.61451532810602	1.59538239674289	1.52215570870675	1.38295590920254	-0.73393131084979	-0.17825878928448	-0.762092872996059
XLOC_038548	0.0881034992977474	-0.173145906862138	0.0156824925651007	-0.189446970293078	-0.516208476741497	-0.236253316552261	0.561179791891676	0.481067581225637	0.516662996739933	-0.803239137170274	-0.592817414025888	0.848414859925046
XLOC_038553	-0.45115633021215	0.774504842002775	0.178784970793934	-0.237191001678928	-0.534597856051065	-0.241416866471158	-0.0291725932749101	0.270757354612032	-0.13869166481004	-0.0117066244888031	0.272870326532635	0.147015443045674
XLOC_038563	-1.09180011825327	-0.697946159477842	-0.257623938971617	0.264560314796367	0.875818740000343	0.743996423653988	-0.275049596772329	-0.444036209614403	0.355288138180474	0.0206444270642541	0.232246850891772	0.273901128502263
XLOC_038568	0.118219812735044	-0.151715391101389	0.201417225406432	0.329984613857231	-0.103910025305138	-0.0587322158339649	0.0779464875115217	0.00493291383020455	0.32237033063949	-0.109975760179539	-0.156232005545224	-0.474305986014667
XLOC_038577	0.700911477605203	0.498197636655627	0.121494419972144	0.128094373077935	0.899409569710928	-0.676757561056383	-0.179300823210241	-0.671407443967176	-0.293710278226908	0.271683807935906	0.384004265075577	-1.18261944357261
XLOC_038595	0.895299759076931	0.561641132447537	0.623703235005308	-0.0836574202804314	-0.204784812438761	-0.0502031421894902	0.241967557629266	0.275349093646136	0.399068255545968	-0.895930185523783	-0.621616372898226	-1.14083710002046
XLOC_038608	0.667499457837788	-0.139122680730727	-0.340530235601138	0.780599891517898	-0.236657430382467	0.626977333794526	0.213757044664507	0.00903582838740125	-0.821875164718681	-0.109123867184143	0.847215842960544	-1.49777602054551
XLOC_038628	-1.17170805108883	0.424490954332922	0.259785480435696	-1.21691785465222	-1.31216604492877	0.119924764805408	0.329472291278499	0.328813027021329	-0.225799439092865	0.38861905916501	1.09566026824755	0.979825544476273
XLOC_038632	-0.190864741594152	0.542598693855495	-0.375656270026645	0.0454194627637206	0.205567936198809	0.430828785632718	0.113365285319388	-0.304924836452558	-0.599563469756675	-0.00961982741110745	0.0209676049585061	0.121881376512501
XLOC_038638	0.433511463296933	-0.0916560828785578	-0.891952759801199	-0.00729816776633285	0.503459737367728	0.715076993052799	0.318545314178902	0.286613162245757	1.0934066244999	-0.454751437719597	-0.0615512553953792	-1.84340359108096
XLOC_038664	-0.594890087889818	-0.786008982947492	-1.35544007707386	0.400107358905462	0.139956906917238	0.551280836642544	-0.234398136604931	-1.25033202068291	0.11018436575011	0.923200855383954	1.08343747197809	1.01290150962161
XLOC_038673	-0.44005343007143	-1.07557650160127	-2.80201504077933	-0.756938078847362	0.814444128079387	0.703559168809812	-0.300948596466208	1.24257455044686	0.200686646036596	0.7759334669637	0.690701291633975	0.94763239579527
XLOC_038685	-0.923435025783493	-0.923435025783493	-0.923435025783493	1.78026755740267	-0.923435025783493	-0.923435025783493	-0.923435025783493	0.875250414007893	4.18690890643193	-0.923435025783493	0.545053328425452	-0.923435025783493
XLOC_038703	-0.235241170213952	-0.308557058909367	-0.303460044673768	0.523249941602301	0.974713859873471	0.891518111645839	-0.377473578738124	-0.536412084399354	-0.247425978694656	-0.201693308007473	-0.277571331181973	0.0983526416970522
XLOC_038705	0.00921759711893078	-0.242632474426096	-0.0977025674738483	-0.0018723336824138	-0.235750934010441	-0.530433136214357	0.270662642532184	0.310186403484795	0.189376366190259	0.282097082230335	0.1771764626621	-0.130325108411444
XLOC_038706	-0.493227554819883	-0.17079266481929	-1.6940622881815	0.641950205890026	0.634780177417389	0.486116024049129	-0.168073341467871	-1.35290841727521	-0.240906622363387	0.567896731002555	0.561237449870732	1.22799030069731
XLOC_038742	0.228628129950732	0.0493939462620236	-0.0384902408457499	-0.433182675834878	-0.403097592625516	-0.408789256417057	0.248028014370707	0.162339815726323	0.256801798637527	-0.0142748256012251	-0.011052470886348	0.363695357263458
XLOC_038755	0.532843589692577	0.268881747247827	0.0874030996568447	0.0586112218529404	0.222591881334411	-0.0706714464656955	-0.09579386157227	-0.102046218539586	0.017649574628896	-0.360775188376433	-0.342958304480652	-0.215736094978869
XLOC_038756	-0.632250204443519	0.473338872697992	0.593832665691046	-0.730014580976368	-0.692040961809544	0.105902968924548	0.0299223028216007	0.248262904256216	-0.485148625101068	0.108935341310195	0.637094589200908	0.342164727427997
XLOC_038766	-0.285888210235457	0.56319603726823	0.527854840244486	-0.269031224560976	-0.790922817369982	0.20557867080614	-0.448824432278276	-0.160099231176186	0.378853685932397	-0.148766695414454	0.506475269807097	-0.0784258930230237
XLOC_038773	0.176882443617004	0.112321894953522	0.400639373612018	-1.01769487788997	-0.298801689943032	-0.306000420349093	0.599260642243418	0.44605605080722	0.968870376777073	-0.256451089128671	-0.39342792161681	-0.431654783082683
XLOC_038777	0.522611096955502	0.267719466271401	0.153931789279949	0.544217057344787	0.454711292070463	0.363907226141365	-0.707181533008848	-0.800525803317692	-0.841131734847645	0.116889733824659	-0.291712391457772	0.216563800743836
XLOC_038778	0.475165959725474	0.67499068065591	0.301334752515077	0.236174262956066	-0.207941163037383	0.37855179674821	-0.649201310338099	-0.742640895881785	-0.536529239113598	0.189859957855768	0.173130306518898	-0.292895108604539
XLOC_038792	0.00925898139851622	-0.402773030475006	-0.142503307043714	-0.0359508221648746	-0.131199012441432	0.426647229512148	0.469687038067693	0.431951742865051	1.10435704012279	-1.2741236651244	-0.80599743013114	0.350645235414368
XLOC_038793	-0.451063830970376	0.0631009007891183	0.393776701471013	0.00822428527887276	-0.0950523613321801	-0.190366217769913	0.486751697047342	0.674106142337209	0.750638782102429	-0.19787624147247	-0.708735068813596	-0.733504788667448
XLOC_038794	-2.01206964690425	0.116514606921705	-0.228134435672307	0.254961077788029	-0.272326554899698	0.274137455344881	0.912547836017215	0.935808997029942	0.115608230056695	0.091838933715775	-0.138514670045152	-0.0503718293528399
XLOC_038795	2.39790188152852	2.47701060023833	2.97844410859629	-1.71605239784786	0.245887036681783	0.0787395165317943	0.319645803719044	0.0826330419435284	-1.71605239784786	-1.71605239784786	-1.71605239784786	-1.71605239784786
XLOC_038797	0.119005018851999	0.246197472715838	0.148811383741524	0.0199637973511475	0.0064089690982172	0.0124545139688212	0.19753915046287	0.0167266046073351	0.105440873022024	-0.160699014874291	-0.27590340244921	-0.435945366496284
XLOC_038808	0.81462828281871	2.58653660496301	-0.921208758578035	-0.921208758578035	-0.921208758578035	0.873583155801617	1.57712529384049	-0.921208758578035	0.596587972622419	-0.921208758578035	-0.921208758578035	-0.921208758578035
XLOC_038813	0.375834682364975	-0.628911133200811	0.347078283700707	0.0733925920647094	-0.231264045838993	-0.506357265035991	0.666798286347457	0.0937178624757955	-0.25031474505979	-0.0968013086274357	0.294110616746384	-0.137283825937011
XLOC_038816	0.643709802763299	-1.85745734401569	0.896262683783025	0.0522567740020923	0.104482090513946	1.21447225618606	1.50720380527207	0.717380917894896	2.29406104564739	-1.85745734401569	-1.85745734401569	-1.85745734401569
XLOC_038817	0.795769024743759	1.1980272642883	-0.164951570337198	0.535967458941602	0.392133093916089	-0.364122912248261	-0.240640622677085	1.13488191572997	0.738574816291711	0.577014153918144	-0.795105775595326	-3.80754684697171
XLOC_038825	0.345859038610596	0.552763164949132	0.289660942265261	-0.252731104581758	-0.546400788889364	-0.597270140551557	0.0807976743021559	-0.0913496377436225	-0.0939487737218805	-0.0548384829173081	0.103211493077672	0.264246615200674
XLOC_038826	-1.39294530183651	-1.39294530183651	0.878986264016721	-1.39294530183651	3.20200801837594	1.67898429836524	-1.39294530183651	-1.39294530183651	-1.39294530183651	0.186592085321987	1.90521285162467	0.505888293314535
XLOC_038828	1.41890586131624	0.443611530886983	0.583146654311523	0.383466844213119	-0.473321672590074	-1.95465955281955	-0.620079925821265	1.30484576645783	0.242253759338222	-0.949073316742096	0.170703435323541	-0.549799383874462
XLOC_038843	1.82754936959166	0.985428886031874	3.52346052520519	-1.17103598123895	0.790903453290686	-1.17103598123895	-1.17103598123895	-1.17103598123895	1.06990963455327	-1.17103598123895	-1.17103598123895	-1.17103598123895
XLOC_038845	-1.27000283124291	0.488937575498966	0.540364255837316	-0.0621772144387833	-0.399603122876449	-0.447587938274931	0.392627868021269	0.736700727897138	-0.300784993467399	-0.208878545420473	0.290438890928875	0.239965327537385
XLOC_038846	0.424509232318458	0.13470006545343	0.159970636607321	0.146886348880749	0.292105126177395	-0.114528598880337	-0.431506361741036	0.101945169162425	0.0639390801912878	-0.107003296119267	-0.308365134639509	-0.362652267410926
XLOC_038847	0.502413697114791	0.475677353255321	0.459396016804329	-0.312703592330836	-0.422138250953994	-0.503865378340668	-0.462509070868437	0.0123153246681333	0.173307954485463	-0.033786943933082	-0.179642089252088	0.291534979351074
XLOC_038848	1.04781240566026	2.4921190083868	1.89761728512877	-1.95077294517035	-1.95077294517035	-1.95077294517035	0.547561107248167	1.49761051651936	2.04093228136708	-1.95077294517035	0.230212121541334	-1.95077294517035
XLOC_038853	1.0214670371589	1.50514450672096	0.0637198668274024	-1.4797001096201	-1.4797001096201	-1.4797001096201	-0.129143137424965	1.59704241321952	0.0380966215803566	-1.4797001096201	3.30217324001832	-1.4797001096201
XLOC_038854	0.17130496598951	-1.56453207540723	-0.0211120989597353	-1.56453207540723	-1.56453207540723	-1.56453207540723	0.471166126159667	0.234153364384151	1.80251322577434	0.750880451390979	2.51492074714621	0.334301519743815
XLOC_038871	0.276004303480144	-0.0496060366552609	-0.16315212460958	0.0370746032554887	-0.614187739957894	0.503160570592241	-1.6000464147085	-0.18605731759042	-0.918430081092143	1.18363847889632	0.353678031348071	1.17792372704153
XLOC_038872	0.119273177700635	-0.362619029348683	-0.728462562691489	1.37660607163165	0.36701764682683	1.24777324125674	-0.64368865952634	-0.200359280347649	-1.05519106437357	0.546717173966616	0.0898232329536164	-0.756889948048357
XLOC_038875	0.724106857626468	0.225569984793248	0.129114929505649	-0.645082067083347	-0.817934888455423	-1.54141991387488	0.529556069675925	0.36582180565355	0.77602407131425	0.235652523243802	-0.0963109235706199	0.114901551171382
XLOC_038876	-1.09874885025059	-0.38736882966426	-0.39807387687418	-0.415757519516669	-0.362773113495965	0.03721834359167	0.111066404800304	0.35685429421415	-0.137980726764088	0.414498020167059	0.624939970046071	1.25612588374649
XLOC_038887	-0.112296103634196	-0.539952045808919	0.0184168767109361	0.785721677620552	0.882347102451202	0.429760751911056	-0.484658426095732	-0.769094151549549	-0.0520695827738313	0.148686987510475	-0.24413786857307	-0.0627252177689268
XLOC_038890	0.0654846237183238	-0.825095207681711	0.0303438091323383	0.914129893298625	1.096772106409	0.191793651275684	-0.469813575028367	-0.586494973433778	-0.782261926881135	-0.299867632851087	0.0921831018123056	0.572826130229802
XLOC_038896	-0.933976258500079	-0.716768259018345	-0.371402654242874	0.624794893854313	0.695025643033792	0.983651783592499	-0.310304433503029	-0.340318612320119	0.168198321150102	0.102184498872038	-0.276824530741268	0.375739607822964
XLOC_038908	0.517469988315773	-0.365067763987938	0.465497531610794	0.282008902567154	0.116630927095398	0.22868277150268	-0.360034962589908	-0.106098277053678	0.413148324727965	0.124648119269753	-0.902134896210545	-0.41475066524745
XLOC_038909	0.198104675895896	-0.189118640166225	-0.327358194322502	0.763191992915754	0.241716811087841	0.413637240233715	-0.0151770117994587	-0.483167043961984	0.147442584401627	-0.0407172598458398	-0.345090769009951	-0.363464385428883
XLOC_038910	-0.136252166653524	0.301823216370471	0.210617937887875	0.449950649087173	0.078401567981043	0.113765594956789	-0.155491847091179	-0.0011726818686828	-0.00645754553251621	0.121108232007503	-0.117544670552661	-0.858748286592295
XLOC_038929	-0.140582643946736	-0.289621177331438	0.202803985695414	-0.584626957413457	-0.174940587201752	0.133051492844499	-0.473619327491901	-0.0868927204531253	-0.330002628615962	0.363124135728613	0.990637235989586	0.39066919219626
XLOC_038933	0.416168709168604	0.334207063133217	0.133449918165645	0.123043454687968	-0.332136127380982	-0.171071173131517	-0.109144598080119	-0.109818022092243	0.0673450831831914	-0.14185266191247	-0.18269891952787	-0.0274927262134188
XLOC_038935	0.416683035278684	-0.00449746181305777	-0.827813684471107	0.204228494052075	1.50357353325066	1.27613707914922	-0.362921131780345	-1.09343492256017	0.100851397378505	-0.254900806176287	-0.179562654070236	-0.778342878237939
XLOC_038943	1.54067770143489	0.864047252179774	-2.12079736416128	-2.12079736416128	-2.12079736416128	-2.12079736416128	0.377536688257238	-2.12079736416128	2.0307210255018	1.77849135347687	1.62026182550723	2.39225097444861
XLOC_038944	-1.81728559236744	1.16755902397361	-0.273865615919944	-1.81728559236744	-1.81728559236744	-1.81728559236744	0.681048460051077	-1.81728559236744	1.26237172566621	0.983092558089667	2.96458775727097	2.30163405270562
XLOC_038955	0.143897118516564	-0.678563403310031	-0.361568319384194	1.08771429627604	0.900759218405422	0.929640794188968	-0.33665366617624	0.0463206515744492	-0.321182478612783	-0.267658359057579	-0.558968066283384	-0.583737786137235
XLOC_038959	-2.21390752068909	-0.391695365289205	-0.686613981613716	1.02341896495729	1.53838606746053	1.0091058661301	-1.14816844317346	-0.517118373180428	-0.28888921471269	0.321415743203453	0.992343356307044	0.361722900600169
XLOC_038969	-0.128457555269464	0.386826175400658	0.138258190590852	0.33848491845592	-0.877703249851221	0.804570885792673	-0.619563219449062	-0.651495371382206	-1.17727589874433	0.541691335604453	0.920760194646824	0.323903594204905
XLOC_038972	-0.0834634088535839	-0.115111729476009	-0.218958132797665	0.15149656592091	0.439041310370609	0.360260911168796	-0.523038953664887	-0.390056890501722	-0.782117199290616	0.34084483690855	0.327960763865672	0.493141926349949
XLOC_038991	-0.24317936881681	-0.586653406264784	-0.8704444422793	0.811681395926496	0.968164001801712	0.122185965544396	-0.299701039799904	0.061670236232878	-0.0953311807069355	0.663941534078797	-0.796169262055249	0.263835566338705
XLOC_038992	-1.19922000331876	0.249205893290135	1.07271156253448	-1.19922000331876	3.3957333168937	-1.19922000331876	0.836478198248144	0.599465436472628	1.04172561247346	-1.19922000331876	-1.19922000331876	-1.19922000331876
XLOC_038993	-2.09688992867341	-0.648464032064518	1.30559120968044	-2.09688992867341	-2.09688992867341	-2.09688992867341	1.64736209070971	-2.09688992867341	0.62352031873858	2.84942691893819	2.684983420965	2.02202971639965
XLOC_039002	-0.454954207280056	-0.497262945296639	-0.839364681402529	0.91618275457679	1.1264555575299	1.38607227912586	-1.52084756737389	-0.88006366563244	-1.43130848047527	1.011878506787	0.550967138828995	0.632245310612289
XLOC_039003	-0.409673248086943	-0.963191334632882	-1.16459888950329	1.67382141969679	1.1846422683893	0.642161870019666	-0.838968649246809	-0.191827921120943	-1.02128389326498	0.0235012908691274	0.0231471890583892	1.04226989782258
XLOC_039008	-0.294372102310286	-0.21296913469283	-1.03345113291864	-0.0585115567431709	0.0104443685085167	-0.428900697334632	0.33864171164973	-0.67729217242825	-0.17989730363569	1.25524347788156	0.0141404206387312	1.26692412138495
XLOC_039024	-0.611365825344184	-0.374215104652058	-0.442871789805662	0.419188552127387	-0.200731060828584	-0.379232950357354	1.11688142045881	1.27596507071129	1.15290301395393	-0.551709538327848	-0.51896115475357	-0.885850633182169
XLOC_039033	0.204621535747956	-0.00636566600713451	-0.0822543951468173	0.533313597678315	0.289569786353837	0.218456228429368	-0.0474823751634048	-0.0338576551382435	-0.0234600532640314	-0.223930655155222	-0.380150357331887	-0.448459991002744
XLOC_039050	-3.40741490363083	-0.217501183311514	-0.159686144944628	1.42280468289313	1.16395790589442	1.03904165614774	-0.143156759301745	0.111695896111254	-0.383593344674658	0.403368841735624	0.236937730040523	-0.0664543769593209
XLOC_039061	0.571768134759372	-0.543458900251365	0.467124258532698	-0.671985170043584	-1.24697200319517	-0.262086481618227	0.813208712309743	0.719545730812875	0.722795700574133	-0.162744628041423	-0.163098729852162	-0.244096623986882
XLOC_039065	-1.6711368769323	-1.18745940737024	-0.323913793412178	0.354945844958082	1.84358440462056	1.25342674097215	0.601256214860848	-1.09556150087168	-0.0207856340482122	-0.0925074249951825	0.181054994067478	0.157096438150678
XLOC_039079	-1.89683260604233	-1.89683260604233	-1.89683260604233	1.69166433233713	2.69812071417012	2.91906519365245	-1.89683260604233	0.678005655868255	0.344113009749888	-0.317295218883832	-0.428344251833389	0.00200098910871582
XLOC_039080	-0.367596075461844	-0.413788778813805	-0.244247344126801	-0.544343759016776	-0.515014312476601	-0.210731958948081	0.713882450167853	0.566297818063994	0.66722233924488	0.0219082890849371	0.192621540705114	0.133789791577129
XLOC_039081	0.669236094082098	0.089467101705976	-0.050894366309298	-0.169408896199235	-0.228993170679967	-0.151782232759323	-0.0340703266306104	0.103792448610184	0.565622962926819	-0.353939437093223	-0.125915906757004	-0.313114270896416
XLOC_039083	-0.950291211188971	-0.0581553276004065	0.239652522639983	-0.0626404432240579	0.809351141146677	1.10011762401705	-0.819505020641645	-1.374038300109	-0.136918758444033	-0.496847894490094	1.36875176805211	0.380523899842388
XLOC_039124	-0.0155178003782765	-0.174213144855662	-0.228979948658564	0.8476025058588	1.18744392758912	1.03132470377961	-2.66026780191606	-2.10113891741315	-1.92289020640431	1.27280916800347	1.30264705518843	1.46118045920658
XLOC_039125	-0.934006166817797	-1.4221821012906	-2.05612202358614	1.33596844994234	2.13498686964788	2.11478903715373	-2.86938797021719	-3.52452502654415	-2.33023870660547	2.50419772247951	2.18007540296442	2.86644451287347
XLOC_039127	-0.615709265360763	-0.282207139500825	-0.709813479650726	0.120025745561286	0.797969683651562	0.886054023164403	-2.13592645657512	-2.20390322877909	-1.98748050050742	1.88363394917836	2.24277982181235	2.00457684700598
XLOC_039135	-0.432406161276917	-0.355252353202273	-0.444009173228983	1.1937159057877	0.883395201613181	0.491004422249253	-0.258950256208596	-0.0549616681475413	-0.217885664647792	-0.337561420704645	-0.272291649410942	-0.19479718282245
XLOC_039144	-0.0964986798028091	0.112926342999698	-1.45673293138046	-0.621956020799719	-0.258189923661393	-1.64016043502661	-0.0364324886235794	-0.466817949919045	0.81988573932095	1.56290694034364	0.901375603598408	1.17969380295093
XLOC_039146	-0.853852429340073	-0.509723895025759	-1.1073620974606	-0.0887086073706058	0.189184009506328	1.43352407103915	-0.0476064482273273	0.159119578443375	-0.615042089452467	0.414410032855293	0.734636455205729	0.291421419826957
XLOC_039148	-0.347221838935946	1.42468648320836	-0.539638903885191	-2.08305888033269	-2.08305888033269	-2.08305888033269	-0.732501908137559	0.491779381577898	-0.565262149132237	1.99673771838342	3.0287696824449	1.49182817547443
XLOC_039162	-0.758705369175442	-0.341036563491308	-0.345701547026205	0.452188811797669	0.0706733230805572	1.21635324853067	-0.641023332613232	-1.50551146207827	-1.34259829356476	1.21205972426776	0.805309790513564	1.17799166975899
XLOC_039173	0.713723794290999	0.434539080183496	1.07733556434244	0.159272316446649	-0.298339620649813	0.38783313914493	-0.140508023731673	-0.0813995533144229	-0.306008695953119	0.270381671471496	-0.752880246905646	-1.46394942532534
XLOC_039185	-1.16626419262827	0.346653562521388	0.0161263289258988	-0.310698114586486	-1.08053853111684	-0.231224285968003	0.336058745249802	0.307791095669047	0.347736188930976	0.326510593920108	1.31126951301876	-0.203420903936386
XLOC_039219	1.01063935323405	-0.539520100987678	0.283985568256665	-1.98794599759657	-1.98794599759657	-1.98794599759657	0.860135518802577	-0.189260557805184	-0.470149266396116	2.86217027005948	2.23494961007144	-0.0891124024455201
XLOC_039227	-1.27541567443017	2.61530555998901	0.268004302017328	0.634298443587614	-1.27541567443017	0.51937623994948	0.0751412977649604	1.29942258748042	0.96552994136205	-1.27541567443017	-1.27541567443017	-1.27541567443017
XLOC_039235	-0.736674996652437	-0.841602881952316	-0.444679784188842	1.01434624536538	0.214803985591572	-0.0104354698060014	0.0680689450526426	-0.162026122424432	0.0348597405451345	0.0713452371474244	0.162315727942262	0.629679373379611
XLOC_039249	1.04362977583938	0.71702277991783	0.654637852685858	-0.231222192531654	-0.404925818648629	0.110954187532491	-0.102955583103213	-0.240180698526238	-0.236934402971586	-0.000453483982007619	-0.416654159323455	-0.892918256888777
XLOC_039250	0.847110851865851	0.711374579942518	0.591657445199159	-0.71990687094964	-0.603253736523627	-0.83019079981209	0.275087523440187	0.380336810037393	0.275027627254921	-0.515568698084569	0.230880980815192	-0.642555713185297
XLOC_039257	6.05354140985415	5.4853065176304	5.65285574949652	-2.10435604347278	-4.01407016149056	-4.01407016149056	-0.111904021851745	-2.21538472169918	-0.202112357915008	-1.69865763469235	-0.715912008029382	-2.11523656633951
XLOC_039260	5.38121894463693	4.19772613726275	4.74544267569138	-2.03783539346778	-2.03783539346778	-2.03783539346778	0.460498658950739	-2.03783539346778	-0.520038662267328	-2.03783539346778	-2.03783539346778	-2.03783539346778
XLOC_039261	1.21543333244091	0.370455306104348	0.741572510369612	-1.24922141288837	0.246755944813267	-0.88099439587278	-0.0507578564357165	-0.876181473234914	-1.23251374866254	1.46538432820185	1.00333937791413	-0.753271912749788
XLOC_039266	-1.28731314762583	-1.28731314762583	-1.28731314762583	0.622400970391954	-1.28731314762583	2.15611078709762	0.748385053941069	-1.28731314762583	-1.28731314762583	2.61197557001232	0.181175206583112	1.40383129772892
XLOC_039271	-0.999844833772098	-0.999844833772098	0.543575142675402	-0.999844833772098	-0.999844833772098	-0.999844833772098	-0.999844833772098	-0.999844833772098	-0.999844833772098	1.80053331668501	3.07960798878135	2.57504222203502
XLOC_039303	1.18485452152927	-1.31631262524973	-1.31631262524973	-1.31631262524973	-1.31631262524973	-1.31631262524973	0.719385576317176	-1.31631262524973	0.201484105950728	1.48406552520738	2.42474656441878	1.88333945807502
XLOC_039311	0.593191419648638	0.399502606160641	0.00434630343411513	0.662398769146344	0.881137773695914	0.45147988946173	-0.32578252938446	-0.931222026187825	-0.216768608137415	-0.66900075629854	-0.0541139054436082	-0.795168936095528
XLOC_039316	1.34720720694706	2.8958378453376	0.389460036615569	-1.15395993983193	-1.15395993983193	-1.15395993983193	-1.15395993983193	-1.15395993983193	0.363836791368523	0.425577447326571	1.50184031139626	-1.15395993983193
XLOC_039343	0.308836776260127	-0.180602184920127	-0.0352126905363681	0.0306506367923483	-0.251264261140351	-0.942563846366601	0.081804517314179	-0.416472896103687	-0.666420465890353	0.855893620064878	0.650016711955547	0.56533408257041
XLOC_039349	0.363616770290227	-0.0579770697563537	-0.609965955263493	-0.880136534512729	-0.369378629378668	-0.869662096161955	0.887333019093468	0.625036350046268	-0.14921877617695	0.650680693872632	0.250394473223976	0.159277754723576
XLOC_039376	-0.434563897554237	-0.427295921273426	-0.713836302805861	0.864316733195781	1.19639543514295	0.518045985062801	-0.334646198434026	-0.094497157910995	0.280721072059851	-0.0375160631257323	-0.119458520184121	-0.697665164172982
XLOC_039401	-1.04615079094189	0.402275105667004	-1.04615079094189	-1.04615079094189	-1.04615079094189	-1.04615079094189	0.989547410625014	2.03059173189773	2.76580701263367	-1.04615079094189	1.1348342757698	-1.04615079094189
XLOC_039402	-0.540849371361796	0.00097248772342784	-0.4662745660786	0.0353978597508426	0.250091530063579	-0.67131560121167	1.66812271196906	1.80078301593906	1.0265162753102	-1.20277498320868	-1.11826367728517	-0.782405681610259
XLOC_039403	1.02233144893689	1.57647189639293	-0.543246912441902	-1.24202546760959	-1.18195382125898	-0.207147035897078	1.36725233673982	0.435018446430552	1.38103068127364	-1.63031552399754	0.277167556872255	-1.254583605441
XLOC_039409	-1.3720119820474	-1.3720119820474	0.899919583805837	-1.3720119820474	-1.3720119820474	-1.3720119820474	-1.3720119820474	1.70473054079222	-1.3720119820474	2.32091002283578	2.85088362562061	1.82764010127735
XLOC_039410	1.4362738498114	-1.0648932969676	1.20703826888564	3.46235657170178	-1.0648932969676	-1.0648932969676	-1.0648932969676	-1.0648932969676	-1.0648932969676	0.514644090190905	-1.0648932969676	0.833940298183453
XLOC_039412	-2.3327152516447	-0.798693777415891	0.264045828469285	-0.182316174245916	-1.30477806350467	0.124239171032769	-0.0240658722808265	0.129404001246214	0.357633159713952	1.47806849372176	0.967584015819357	1.32159446908867
XLOC_039423	-0.644896834772619	0.216441396596368	-0.185231533880585	-0.741173348987664	-1.38758717869471	-0.993015319694942	0.802066771971203	0.570063377182655	0.439751291287128	0.149923542445262	0.816643902080024	0.95701393446788
XLOC_039432	-0.258472484755593	2.05548825901719	0.759410501646381	-1.99430952615234	1.65913917591714	1.44911440857111	0.504024526266183	1.08243299668728	0.726100721259652	-1.99430952615234	-1.99430952615234	-1.99430952615234
XLOC_039447	-0.485550617277962	-0.549707111484806	-0.410975811994766	-0.466586585242011	-0.188693968365077	-0.860923881755661	-0.555018475893718	0.342923866047347	0.586647054139342	1.2253820289584	1.00686998479717	0.355633518071745
XLOC_039454	-0.123233894038213	-0.666895451384709	-0.317133615383129	0.544295928595584	0.681571365897419	0.669635108520172	-0.368905505513078	-0.362368013564389	-0.118549549228947	0.14696821893641	-0.00360221667210681	-0.0817823761650089
XLOC_039465	-1.73859127186149	-0.489583696917174	-0.720708285459513	0.114068625121233	0.179020388811245	1.86593951112312	0.427737826380586	-0.899590051347642	-0.754018065846241	1.16160863837999	1.63740024951936	-0.78328386790348
XLOC_039485	-0.378323893330699	-0.538271557659809	-0.279409929711453	-0.254151154905557	0.336912160051702	-0.0260112345655497	-0.0780518441349702	0.366719673497405	0.224360641564813	0.665576206201294	0.14066126566741	-0.180010332674586
XLOC_039494	1.30996807974248	1.42767873798706	1.03114086886213	-0.853866990206239	-1.08665440693229	-1.29667917427832	1.12665713285205	0.314194124655268	0.887851551933849	-0.499890692459958	-0.81994820647902	-1.54045102567702
XLOC_039503	-1.20538790920209	-1.20538790920209	0.33803206724541	3.99803546772705	0.75655152532755	-1.20538790920209	-1.20538790920209	-1.20538790920209	-1.20538790920209	-1.20538790920209	0.975597157509598	2.36949914660503
XLOC_039505	2.11656874210335	1.64505272836782	1.74557704776963	-1.27171312631681	-2.39417501557556	-2.08601964491059	2.1275506000528	1.591555944731	1.65982799074602	-0.521912293474117	-2.14550817373596	-2.46680479975759
XLOC_039506	-0.967154482597761	1.66215684283884	-0.967154482597761	-0.967154482597761	-0.967154482597761	-0.967154482597761	-0.967154482597761	-0.967154482597761	1.27379113319446	3.11264211611835	1.68864576863043	-0.967154482597761
XLOC_039508	0.174478578902135	0.402916771437557	0.548025388666866	-0.0756161125050197	-0.618815187769498	-0.719674404478202	0.13117489002635	0.201591091222149	0.582371887505999	0.168063964039799	-0.785127333430272	-0.00938953361785888
XLOC_039509	0.0788532782450684	1.32786085318938	1.98561151348284	0.25273035486611	-1.65698376315168	0.137808151227976	0.841350289266844	1.41975875968794	0.583961852640546	-1.65698376315168	-1.65698376315168	-1.65698376315168
XLOC_039516	-0.769406737198089	-0.152169562002201	-0.491682373480253	-0.0109156253818368	-0.351377368135181	-0.292289026674029	-0.15228136626583	-0.0485677882016615	-0.189579118511509	0.452268136298749	0.800554031618335	1.20544679793351
XLOC_039520	-0.893648173406526	-1.13998045894806	-1.22083961551387	0.695050408162206	0.802258514296651	0.744789480481712	-0.747081800637567	-0.195871881559969	-0.248056486557958	0.886724959707194	0.693438910383301	0.623216143592879
XLOC_039526	-0.837638111790831	-0.635451598645907	-0.491079655308037	0.217222652952476	0.415108913339356	0.342287717049551	-0.740234273788689	-0.532788506741142	-0.340292893884841	1.1971819670784	0.594110417224867	0.811573372514805
XLOC_039527	-1.26462578626854	-0.313178783707969	-0.498234797718952	-0.631307083788512	-0.346020459517823	1.23728752157547	-0.466919037051091	0.363537956152601	0.0102673395297384	0.335553014599032	0.787393018069774	0.786247098126275
XLOC_039543	-0.523811783912455	-0.177430735041015	-0.0656178962086615	0.521567094039169	0.558798495324833	0.263046168996859	-0.471552157936782	-0.617576471336211	-1.55735546159958	0.738790538723945	0.925306970712086	0.40583523823781
XLOC_039561	0.704703155950356	0.103508542207662	-0.0195252057019371	0.477658860893836	1.01639272231984	-0.223055664668462	-0.532947592614373	-0.969252962094862	-0.699399615555952	0.421629557416322	0.175112618498826	-0.454824416651264
XLOC_039562	-0.419235189635014	-0.355630796516975	-0.338704691467338	0.340884804215163	0.352539740107822	0.147652178779863	-0.015485378410661	0.124985020715549	-0.279192400557378	0.286237226762415	0.299950220743273	-0.14400073473672
XLOC_039566	0.0439035786624675	-0.23004638276709	-0.288147934130276	0.879036510340899	0.840457518722549	0.650104118845551	-0.698912185971319	-0.366497663702249	-1.09887042720397	0.637342326207934	0.0194736144657597	-0.387843073470251
XLOC_039572	0.967439743976086	0.991164128900487	0.48586972993726	-0.88601825320683	-0.556554133175381	0.0560340931626495	0.42120330448079	0.391825986573658	0.698356469369781	-0.718202529241455	-0.561103589429774	-1.29001495134727
XLOC_039575	-0.0811862232348304	-0.255052667679632	-0.343974641643786	0.130365207961084	0.355590194183648	0.460429605245757	-0.870603626275621	-0.460390515279578	-0.45364223212299	0.351741812537114	0.562442895326889	0.604280190981941
XLOC_039578	-0.19215857196393	-0.410079329786148	-0.675990358246827	0.567277918289621	0.71482141720127	0.716465048604407	-0.427140343032686	-0.762176499586116	-0.369438704988953	0.970345797168349	0.405865749944249	-0.537792123603235
XLOC_039583	1.80458647150146	2.48660976722813	1.19053200985732	0.34652610007639	-1.5631880179414	0.231603896438255	1.80147313134636	-1.5631880179414	-0.0453912867409427	-1.5631880179414	-1.5631880179414	-1.5631880179414
XLOC_039586	1.85078005566289	1.62232081155768	1.57702349622882	-1.20017013344094	-2.10083652412839	-1.44616481485233	0.814875196392723	0.297772184554332	0.882243010812365	-0.681441938672715	-0.568044927728665	-1.04835641638576
XLOC_039587	-0.90917103406095	-0.121365440715699	0.72515345809723	-0.889641187512836	-0.942840412376593	0.0461959437666053	0.225775287578175	0.70059784313432	0.457487934971483	-0.058119842114464	1.09934220745768	-0.333414758224953
XLOC_039596	-0.225540757776688	-0.26242793739234	-0.383138860333025	-0.0436432203086135	0.136335553311193	-0.00535230248083174	0.254360975253284	-0.063026353033889	-0.0793096156271655	0.293321948531528	0.121143305743663	0.25727726411289
XLOC_039597	-0.182040639933807	-0.163187752816211	-0.361704677601455	0.31324679800894	0.261480112954867	0.821794097768059	-0.397646676168894	-0.447545966652831	-0.767292554608771	0.454925857325741	0.32352472489046	0.144446676833899
XLOC_039598	-0.110222148703374	-0.86976500420707	-0.204350778866469	0.583185474915883	0.265281981179859	0.710738562011317	-0.691469579741535	-0.198654034328711	-0.682272775295358	0.380197036323332	0.701972125266781	0.115359141445344
XLOC_039611	-0.230788086863847	-0.444812378917437	-0.0119486426656588	-1.84547001515668	-0.0812442424582631	-0.915808334257422	-0.418725746416631	-0.476758292813376	-0.40494740188281	1.64390226614543	1.65310408081694	1.53349679446975
XLOC_039612	-0.500285181334386	-1.28868524991985	-0.332853081084184	-1.58354013449347	-0.596750672573103	-0.812942563934403	-0.894264473822087	-0.598474319173245	-0.370245160705506	2.1380052026128	2.3209612875166	2.51907434691083
XLOC_039614	-2.63001179815014	-0.0424695373680022	-1.25158401822455	0.941688858139314	0.39237886361938	0.171875467473271	-0.621596820163765	0.177101201833379	0.0603366132085137	1.45903808606585	0.41602451009153	0.927218573475213
XLOC_039616	-0.732667591821997	-1.14953288189927	-1.31737589472727	0.706416245418427	0.85581541382125	0.628441934308023	-0.428437564908458	-0.469956122371388	-0.118549736895728	0.749122095367762	0.430418352708821	0.84630575099983
XLOC_039618	-1.14638936236299	-0.0287925894618022	0.0620816386955028	-0.767673630153051	-0.130562078468227	0.119902875048025	0.632313997869571	0.31450311097568	0.403817423238222	0.169082240972663	0.328560604241483	0.0431557694049216
XLOC_039630	0.0580672144876173	0.223405511889966	0.024888587104722	1.01378151098076	0.648073377661044	0.733264952605235	-0.866705012307726	-1.13384653055214	-0.87389008779511	-0.207002852801772	0.17601055943261	0.2039527692948
XLOC_039632	-0.0774861294664149	-0.106918320415486	0.0808449711186547	-0.786541309974952	-0.168673762111682	-0.0178047429381021	0.626229582219921	0.970027993328589	0.678472241170455	-0.590122286258	-0.38475183036093	-0.223276406312053
XLOC_039643	0.160697311640983	-0.334646624187362	-0.0438759345168354	-0.0326830377611778	-0.302212961643935	-1.14742927137316	0.526539506406444	0.247788832226313	0.625485997966581	-0.0627513671773112	-0.228392172669785	0.591479721089246
XLOC_039650	0.119726133311685	0.0102769118311681	0.302554368462941	0.122248367809036	-0.172424959225609	-0.590014112037114	0.829198527621092	0.811686848918486	0.50939241367014	-0.630720965844658	-0.872260387040885	-0.439663147476281
XLOC_039652	0.435944708216878	0.016238145061652	0.300015238288058	-0.228369310474373	1.13265804932023	-0.249075539176697	0.248007048664094	-0.243812140190011	0.667808083113966	-0.824760922329671	-1.14481843634873	-0.1098349241454
XLOC_039653	1.92470416181122	1.50273792008388	1.86464659920004	-0.693706899696422	-3.90659737866386	-2.11180546428421	0.598120404300536	0.474149118562448	-0.826940060630203	0.333615037877952	0.875275970974556	-0.0341994095359457
XLOC_039657	-1.21414239948329	0.699917498665019	0.865155150709792	0.0165761095647099	-0.146149686831152	0.375054911946886	0.570613757840918	1.18017013607958	0.519152465573585	-0.831194629413137	-0.320291293618083	-1.71486202103483
XLOC_039661	0.863559792186454	-1.5762811128536	-0.0975481968179324	1.38517976583086	1.2467731767874	1.51954428329487	-1.19646457990689	-1.98628746728406	-0.0150040659312296	-0.320913312652842	-0.338230121526643	0.515671838873604
XLOC_039684	0.686513765905428	0.455551577420202	0.493481704364513	-0.509635453664552	-0.810112426272982	-0.435722683971928	0.741630066719908	0.708373181643026	1.2277109982067	-0.804135667966017	-0.870286234661007	-0.883368827723293
XLOC_039695	0.450154409095932	0.323345733911939	-2.24597352478348	-1.30501461166928	0.641974054669499	0.531089095399924	-0.225024750939236	-0.774270081376575	-1.15085978945514	2.160530412718	1.03515657499686	0.558892477431542
XLOC_039701	0.864339471473515	1.34801694103558	2.55170140935409	1.57606280366196	1.63930211930365	-1.63682767530548	-1.63682767530548	-1.63682767530548	-1.63682767530548	-0.0572902881469763	-1.63682767530548	0.262005919845572
XLOC_039702	0.758645256687638	0.339533846566546	0.764466678729277	-1.45314978572603	-0.466360323805667	-0.473248800619254	0.0233553748439794	-0.123090223313206	0.444303667521957	-0.0300033130552437	0.205655363449199	0.00989225872080635
XLOC_039708	-0.591027617196684	-0.497799981757437	-0.640992377238718	-0.139926093949006	-0.0915143560696903	-0.387616414585106	-0.194753538481837	0.0704742800255103	-0.17949092713413	0.418524529328554	0.970606437947511	1.26351605911103
XLOC_039710	-0.126833215809671	-0.468057131221259	-0.869111240251463	0.299568634474395	-0.158101709510759	-0.0437314352181746	-0.495753174116221	-0.0204593114265572	-0.0440034062052739	0.650012729393816	0.8136616852534	0.462807574637767
XLOC_039712	-0.303390980544702	-0.499015901193765	-0.215239854250544	-0.253681268199857	-0.390852509918572	-0.137892444168839	0.0964529698414136	-0.064146577095535	0.0926742918654657	0.492043413154111	0.60013671014358	0.582912150367246
XLOC_039720	0.961537971174171	0.718567257168235	0.298072983321228	-0.362543675029957	-0.671497937215689	-0.0906996676049738	0.948738372002549	-0.512681726131825	-0.0667548507194899	-0.59414828139939	-0.907614215237074	0.279023769672218
XLOC_039722	0.668545489454726	0.507221637541528	0.0253313829064705	-0.683897256433432	0.018114420858379	-0.673185164367871	0.251031941833993	0.234731106832037	0.460978453302541	-0.632896180570134	-0.165528833019728	-0.0104469983385105
XLOC_039762	0.132569344418298	0.2652432037558	0.15891818046295	-1.22936126877141	0.0512877685412629	-0.603811575274756	0.673937771726536	0.853408293414726	0.371656261893206	0.166117206624778	-0.376421462372692	-0.463543724418695
XLOC_039764	0.447101977126386	0.867729803000469	1.46498496352836	-1.28873506427036	0.673204370259282	-1.28873506427036	0.746963137296543	3.53242613441111	-1.28873506427036	-1.28873506427036	-1.28873506427036	-1.28873506427036
XLOC_039773	-0.241704267599745	0.685837734702222	0.396080998564947	-0.25279419840109	-0.786044099261169	-0.355835978265588	1.31111604111395	0.83681703205909	0.176784843978926	-0.952615400628	-0.105062717708852	-0.712579988554691
XLOC_039774	0.809756540363542	0.595589002712165	0.497849759742696	0.086549784951508	0.175538116518112	-0.187972904670513	0.00207289466425919	-0.308603783521241	0.0906592001857707	-0.636447845138255	-0.507656590894856	-0.617334174913179
XLOC_039793	0.351678295723072	-0.111367275291199	0.144649073199981	-0.00529891614692524	0.0063376551977834	-0.280170759994888	-0.999727780651515	-1.07892438283075	-0.875053989482631	1.30989159821234	1.0382347227382	0.49975175932653
XLOC_039802	-2.03572358562549	0.61618938733205	0.95629476994086	-0.403972420992162	-1.77311650286771	0.400257824690248	-0.0321729494400946	0.718057108734342	-2.29594511661227	1.38583761166108	1.06948414904701	1.39480972413213
XLOC_039817	-4.16953249674888	0.486243641712718	1.49682680049678	-2.25981837873109	0.0301474441389207	1.17083532763247	1.35255686263437	1.96823054264993	0.376589166514543	0.680583770907172	3.03686981554195	-4.16953249674888
XLOC_039820	0.41184389819765	-0.206172092131888	0.0544549178400358	0.674364018652075	0.660211627755294	0.4846619373989	-0.580208496771538	-0.719692887660634	-0.196878561690782	-0.236556659051431	-0.337949049158118	-0.00807865337956315
XLOC_039822	0.723088960874914	1.02376586650265	1.24771906046924	-0.575671479194372	-0.0142906043059359	0.330439244380826	0.21430805072859	-0.0980245864262157	-0.373064121844263	-0.678973368565876	-0.999030882584937	-0.800266140034623
XLOC_039834	0.41715675754272	0.0982022572621801	-0.15119489737639	-0.201165039686298	-0.311538840033672	-0.52559713962916	0.643874498282857	0.491498189205025	0.393134910609492	-0.522038278142536	-0.483673475040605	0.151341057006396
XLOC_039835	-0.254626497053265	0.591483954229505	0.637412363709954	-0.947117605241226	-0.506559382139186	0.0327833798655517	1.20815576618935	0.894289149448374	1.41252562528232	-1.35962993375155	-0.239853181685914	-1.46886363885391
XLOC_039845	-1.24221797743958	-1.24221797743958	-1.24221797743958	0.667496140578201	-1.24221797743958	-1.24221797743958	1.60586353895956	0.556467462351801	-1.24221797743958	0.337319409718917	2.83723484511386	1.44892646791517
XLOC_039846	-0.117283114576313	0.301378052061915	0.284815754969506	-1.10324610405743	-1.26581317934173	-0.658283794199749	0.891217121942013	0.806688508034837	0.726838574540421	-0.0467095099765036	0.0861454360846103	0.094252254518425
XLOC_039852	2.71388441157649	4.25628000623026	4.08333002897705	-2.45447291693895	-2.45447291693895	-2.45447291693895	0.674898624438991	1.74348337734871	-0.213527301146729	-2.45447291693895	-0.985984562730007	-2.45447291693895
XLOC_039862	-0.211690380380533	-0.118462744941287	-0.68010052515859	0.479204435897418	0.689853739335203	0.461174431979979	-0.173839049814466	-0.148696036753687	0.153816694752175	-0.0845947781310503	-0.10471958973082	-0.26194619705434
XLOC_039871	1.28883403187511	-0.0692232697943558	1.05170877925208	0.0962329671567783	-0.0900788507086689	0.0540201545262198	-0.221413792938272	-0.614227534284113	-0.139337227338453	0.0415163791611217	-0.521977250470085	-0.876054386437356
XLOC_039880	-0.116986548921151	-0.102272380449046	-0.0600971816576656	-0.0805999643766491	-0.103737347697241	0.159437813707562	-0.577428780679508	-0.279984453482385	-0.254889766582433	0.472647249292244	0.370585166201501	0.573326194644778
XLOC_039883	1.50151284722076	1.57048363202352	1.50424125455564	-1.50333721086312	-2.32805991970581	-2.52154162509002	1.23109221346465	0.940588603985789	1.77283483078056	-0.576062754000177	-0.618837368202255	-0.972914504169525
XLOC_039892	0.454526331625273	0.290537848289853	1.12302605696122	-0.985879139045561	-0.707986522168627	0.0340021117081495	-0.265704099843272	0.226893267769941	-0.967279060794801	0.895550455210243	0.198830879613806	-0.296518129326221
XLOC_039903	-1.19826113841114	-1.19826113841114	-1.19826113841114	0.711452979606642	-1.19826113841114	-1.19826113841114	2.54599088097197	0.600424301380242	-1.19826113841114	0.381276248747358	1.45753911281704	1.49288330694361
XLOC_039906	-1.41125076945333	-0.773713010391537	-0.727784600911088	-0.217667351143506	-0.148711425891818	1.1508333859387	-0.672111698215089	0.451513125849504	-0.132962434603372	1.06664450875417	0.230205599503042	1.18500467056433
XLOC_039910	-0.494632118644583	0.514350627554395	-0.48894288245503	0.250902962097386	0.0854873589716911	0.200279147334286	-0.35251606937519	-0.13135921615028	-0.801002025168664	-0.205480722013673	0.89432990605932	0.528583031790346
XLOC_039938	-0.0301536023402926	0.561099502644717	-0.247909358521301	1.31641163497354	1.17063398528375	0.381136825362687	-0.488176388277053	-0.071621649381834	-0.0683753538271814	-0.854839928201033	-0.689328213035037	-0.978877454680963
XLOC_039940	0.58278804619504	-0.00914047395019058	-0.331819564768518	1.04300243869282	1.1131107932265	0.202039062832773	-0.512024679578291	-0.313335984687076	0.0519906062645203	-0.703636582923339	0.18898306719974	-1.31195672850398
XLOC_039948	-0.0442627245242226	-0.166923913356989	0.104723763026914	0.848961857579443	0.262000152175508	-0.138836709829923	0.358486334016483	0.199547828355254	-0.278117807103009	-0.641422046500359	-0.0708334092467426	-0.433323324592354
XLOC_039950	0.16201839561232	-0.125392749175532	0.698112920068811	-1.57381864578442	1.18995558375235	0.220973268595228	1.79084250350334	2.41478657536515	-0.0560219145839702	-1.57381864578442	-1.57381864578442	-1.57381864578442
XLOC_039951	0.462726643600242	0.197901345499266	-0.880896831264594	0.137756658825401	-0.341712950517449	-0.0116736030604243	1.83275482094309	1.25978618855191	1.63279300834869	-1.67974912578871	-1.81417658587524	-0.79550956926218
XLOC_039953	-1.75215123678522	-0.660471003507372	-0.0681254860389675	0.246510435525565	0.316657012834151	0.322998253307972	0.0546748783401716	-0.038764707203514	-0.191748252813967	0.655397663579773	0.570030250857315	0.544992191904089
XLOC_039955	-1.38779193455898	-1.38779193455898	-1.38779193455898	1.82509854440845	0.574147499970659	1.18250058959359	-0.0372349623638493	-1.38779193455898	-1.38779193455898	0.191745452599521	2.69166088799447	0.511041660592069
XLOC_039971	-0.0747772868955288	-0.124715042687706	-0.133766122062745	-0.558517253508455	-0.488029009532985	-0.354177810281913	-0.092538613393474	0.182057201733189	0.238300505381517	0.508748591057472	0.570597297633547	0.326817542557079
XLOC_039973	-0.264942558932127	0.141843921486103	-0.0349922285573907	-0.150700874650138	-0.333022959224138	-0.296169011480854	-0.283429343743052	0.257840251191928	0.0751323938331794	0.438540347272172	0.545756654856916	-0.0958565920526073
XLOC_039996	-1.90426322169798	-1.90426322169798	-1.90426322169798	0.00545089631980811	0.0576762128316621	2.77923914088332	0.594070830720542	0.670575040212611	1.17539409633568	1.54776544583151	-1.90426322169798	0.786881223656773
XLOC_039997	2.4527972220397	0.495307809934156	2.67144106417406	-1.66115705733667	-1.66115705733667	-1.66115705733667	-0.31060008514154	2.3274481638129	2.33054816920076	-1.66115705733667	-1.66115705733667	-1.66115705733667
XLOC_039998	1.7649165304497	1.96659006380909	1.42688417166621	-0.779654935424066	-1.33836436455296	-0.933277493147438	0.707071475726397	0.860844138013296	0.864115541891816	-2.05625328795905	-1.06309700949275	-1.41977483098025
XLOC_039999	2.22142169979468	1.81469785106152	1.3811870652614	-0.568640415324082	-1.81976048938433	-2.02396068379171	1.5949052404832	0.564616790182822	1.79166740208908	-1.93320248222374	-2.44009003276527	-0.582841945383573
XLOC_040006	1.79007235326654	1.5357912390142	1.53222792255083	0.185532790916017	-0.91751987227051	-0.868282730524946	1.01987565097969	0.455491694634947	0.804418698699428	-1.77824209996598	-1.33775012121973	-2.42161552608048
XLOC_040008	0.66401630893677	0.739256063217205	1.10899966738998	0.425638888976623	0.327000827690526	-0.700760439250105	0.616407940594001	0.651187075171245	0.467836010322568	-1.98671785799014	-1.22135667293362	-1.09150781212506
XLOC_040009	0.733152790570705	0.769077682459328	0.820504362797678	-0.188537063124704	-0.834950892831754	-0.909676233416716	0.985103833912084	0.544584443400787	1.27149038402513	-0.556688185326478	-1.37028298833001	-1.26377813413604
XLOC_040022	-0.275525088226627	-0.387301800735337	-0.422369267552329	0.10111359636806	0.601249695811416	0.573291609255732	-0.320893352086156	-0.593757258994995	-0.294154814456217	0.474530393654432	0.192749499685706	0.351066787276317
XLOC_040047	0.182143733243767	-0.110721679313078	-0.0951424355792945	0.549286453767893	0.948914561815172	0.862316816672738	-1.16725067304135	-0.51770225003715	-1.03394555998344	0.414505895517546	0.0375793875459127	-0.0699842506087158
XLOC_040048	-0.434107324580371	-0.234373884701315	0.308999617336933	-0.533368292014011	-0.271572932244737	-0.330997935340657	0.0636027313206133	-0.104328010896181	-0.337300026885298	0.41218168601223	0.766901671098787	0.694362700894009
XLOC_040076	0.415916002201132	0.209539462156106	0.355315033649325	0.359383036851181	0.233368470574794	0.341434977011458	-0.461220313590071	-0.814650853751147	0.551457712283673	-0.181876373596701	-0.60080882569678	-0.407858328092965
XLOC_040082	1.06395371944311	1.07229269095073	0.717402931209964	-1.09819179872507	-0.791896402339824	-0.763984373574559	-0.102250430226928	-0.117452451186154	0.451742751790444	-0.203003927603915	-0.33040576103311	0.101793051295303
XLOC_040084	-0.238793556205719	0.0574737780840628	0.0466469633507884	-0.337732351003853	-0.239081184837337	0.156459007240089	-0.272500121164887	-0.0628915431075221	0.192106127320272	0.338040099197867	0.712803749249204	-0.352530968122959
XLOC_040087	0.466210413629574	0.145710519013257	-0.102948629117466	0.688713322618971	0.936661160136305	0.674195199106848	-1.60804832854554	-1.29983338172492	-1.246893324714	0.710716924218692	0.277069670439013	0.358446454939263
XLOC_040113	0.878297741239848	0.777995166033529	0.737244826554037	-0.953465094569959	-0.738771424257222	-0.137334802093508	-0.510172769222696	-0.0556570373852834	-0.385498978053812	-0.225358280782586	0.866240495466511	-0.253519842928855
XLOC_040114	0.43662821292865	0.894955154232364	0.665494313543667	-0.379986404372496	0.062332842036529	-0.684796089926629	-0.111011704461469	-0.530620818715809	0.0832239450973757	-0.0494121204115698	0.00776039867290024	-0.394567728623511
XLOC_040150	0.34743911812275	-0.314878985512001	0.0440638663699513	-0.319637703337076	0.289066893065813	0.116130120732898	0.400796516862444	0.200401023110185	0.229038953479222	-0.459397660826172	-0.389463674172441	-0.14355846789557
XLOC_040153	0.00426984300411348	0.0561944577970817	-0.0839895578933305	-0.836940473775613	-0.660868071711258	-0.42665787411558	0.58524471447488	0.681217862768137	0.902953487765495	-0.4271634378962	0.240120094504294	-0.0343810449220214
XLOC_040155	-1.25074086556615	-0.627417677820182	-0.0422698645076531	-0.401091464067116	-0.548750016447101	0.204779266033396	-0.092351944498871	0.619212507991006	-0.381870429683918	1.20215562513599	0.654131426945221	0.664213436485372
XLOC_040195	-0.943163447164348	-0.137144020132079	-1.0829017865031	-0.238941621193621	-1.13566839059056	0.534190693609705	-0.178315468481806	-0.200788600651991	-0.288311691874659	1.23986613831413	0.963427781645664	1.46775041302266
XLOC_040202	0.502338100247234	0.729908468617555	0.65344372507931	-1.64264166289889	-1.3468944118178	-1.09709473247998	0.713242724781768	0.694071139642146	1.07124300591548	0.126714562301917	-0.391904363386063	-0.0124265560026728
XLOC_040213	0.215395975220224	-0.497650406034983	-0.320872276321323	-0.0359061673001699	-0.161920733576557	0.0425641587076342	0.473144988186671	0.565006229161384	0.219790995393419	-0.266848805999415	-0.288042525050703	0.0553385676138243
XLOC_040226	-0.0373686621954841	0.206357636611731	0.376077199235347	-0.278819714470318	-0.561156822884392	-0.336127550436009	-0.0595495672814197	-0.3066196328512	-0.285530818714801	0.0809992990711352	0.423716918895376	0.778021715020036
XLOC_040227	0.412664237356525	0.107693574272071	0.186746377633311	-0.0792769788233336	0.212219207414024	-0.167317744137526	-0.246161323916216	-0.708643347534609	-0.340230391457871	0.155798345673955	0.0438194956696254	0.422688547850044
XLOC_040230	-0.117251740430985	0.0113599882231643	-0.611111350211944	0.477897110484292	1.07258109380792	0.47101719861165	-0.338206306803416	0.0988875663815021	-0.304649803204214	-0.275635896286474	-0.206464820780008	-0.27842303979149
XLOC_040240	0.713524369633019	0.290070336374548	0.384822874903318	0.902786167967561	0.629467325371273	0.119910700004882	-0.612860864388435	-0.131473261821751	-0.0596623708911848	-0.639381410142505	-1.03306208518181	-0.564141781828916
XLOC_040252	-0.347250612692219	-0.474960752419934	-0.559586045527517	1.07260587653456	1.05022718217225	0.389570578966078	-0.235601691559291	-0.0680255188881826	0.0292677004812241	-0.117497738493945	-0.122717160695602	-0.616031817877428
XLOC_040261	-3.50733305774751	0.935558895809649	-1.96391308130001	1.89730847512581	1.76491952913468	1.03039124927265	0.537153363013113	0.690623236540153	0.304624745828048	-0.055304390218013	-1.32634799103582	-0.307680974422761
XLOC_040262	-0.501211595971794	0.880300571907578	0.390827264791425	-0.818096244747727	-2.44465374859755	-0.213801719052977	2.07490170361026	1.38882261130814	1.27472674292117	-0.713671178244017	-0.486438280604443	-0.831706127320075
XLOC_040280	-0.137201820385834	0.688323130380169	0.962865736675668	0.0350297556507506	-1.08704836934608	-0.338944269546881	-0.0983279991774273	-0.333606990085555	-0.217321411576727	0.169071833155784	0.207634383436613	0.149526020819525
XLOC_040319	-0.630499665276514	-0.497825805939013	-0.105997188339908	0.278556353757172	0.34863494751713	0.98243438843533	-0.652919905281784	-0.3819171077368	-1.66404334296364	0.785109122261337	0.579232214152007	0.959235989414682
XLOC_040326	0.0396568939704167	0.231493710401928	-0.0244176472668718	0.0239684660115023	-0.485938638954235	-0.844740075097515	0.604690524887537	0.240988323783705	0.497678180267306	-0.259677572885879	-0.0607425761277689	0.0370404110098743
XLOC_040328	0.517257090761314	-0.15349638343809	0.0253828937903888	0.431184095148314	0.354135392545449	0.357931373003727	-0.261496189418549	-0.0771855751300663	0.237228644337697	-0.415418392282656	0.105947034151071	-1.1214699834686
XLOC_040333	0.579994204680441	-0.282421644459663	0.348095645424218	-0.145294882306348	-0.405445334294572	-0.0756406811887604	0.350392756532468	0.717753217226726	0.0439711398080602	-0.93787055713264	-0.217803700976068	0.0242698366861429
XLOC_040337	0.336174815997916	0.500949074573959	0.259940566131484	0.902844904105188	1.00198249441749	0.654724253982916	-1.05229569446463	-0.327375477505816	-0.859030798231507	-0.521349372762996	-0.933549529713192	0.0369847634691904
XLOC_040346	-0.662212214358449	0.57039256785172	0.62532150093944	-0.825657801510153	-0.885720778942359	-0.533005846042305	0.62643877377768	0.373505070753519	0.418824910075657	0.271329241313635	0.579418287002389	-0.558633710860773
XLOC_040354	-2.21345417019254	-2.21345417019254	-2.21345417019254	0.999436308774899	-2.21345417019254	1.77003387933396	1.15120697909522	0.361384091718052	0.0274914455996851	1.23857449733696	0.442346081035651	2.86334339787572
XLOC_040361	1.11378191240142	1.90979425129003	2.22487967205165	-1.32631335537177	-0.801738545878043	0.370109976417179	-0.612545128710742	-0.66959943278704	-0.102205541951877	-1.31326075652915	-0.256286100178642	-0.536616950753028
XLOC_040371	2.75544139514084	-0.0922781403767856	0.00271593946182169	1.16299854620048	1.2230701925511	1.02958848716689	-1.54070403698568	-1.54070403698568	-1.54070403698568	1.62198376478404	-1.54070403698568	-1.54070403698568
XLOC_040377	-0.319626980464938	-0.968628457077587	-0.651678493257681	-0.248148633214154	0.0409861307059298	-0.237367778013819	0.647843964264828	0.291981640352176	0.120298330648174	0.750692309156413	0.219577404417159	0.354070562483498
XLOC_040387	0.845403597213576	0.393118090679446	0.370665645001123	0.111932023990978	0.0697818086406468	-0.130619319957287	0.0388435254579083	0.00807887379571604	0.110817004990045	-0.544700125910783	-0.600447940487674	-0.672873183413692
XLOC_040405	1.33488491242202	0.417888824601035	-0.194026026228088	1.19226531820732	-2.22767224460993	0.258178555341807	-0.698566134449226	-1.00284125299713	-1.17948867057115	1.68698902920801	0.448695748495948	-0.0363080594206231
XLOC_040431	1.90513399491643	0.626787222521445	0.170876307060005	0.246898246513846	0.927839780589633	-1.27919817618086	-0.429741771206832	0.53232573023452	-0.296436658148913	-1.02970010602114	-0.981562921235801	-0.393221649042335
XLOC_040433	0.0443117060309053	0.923763088725043	0.892306968772856	0.159315660581346	-0.627110689137955	-0.446622010062817	0.293126353986455	0.627258239721203	0.5216825946727	-0.122549676906261	-1.43363081666539	-0.831851419718087
XLOC_040449	0.598578754610686	0.822121556131174	0.321939992259083	-2.99262517445989	-0.950076256959882	-0.918851242951173	1.60396656031368	1.33359309968489	1.62612319122623	0.134151118193867	-0.548980274698898	-1.02994132334976
XLOC_040461	-0.0782634027561091	-0.115681131519706	-1.48882872718203	1.05029242723765	0.860412430710562	0.45283189826116	-0.563658718909005	-0.516057758799682	-1.34551373094372	0.804496814999371	0.553262854182245	0.386707044719269
XLOC_040465	-0.408339950334977	-0.68772017146189	-0.925692197340386	0.77755254207587	-0.53276437448545	0.117786132523303	1.176710580101	0.546328669253894	0.256939589585508	-0.189326801002176	-0.0187761857599389	-0.112697833154754
XLOC_040466	-0.757787346850405	-0.413658812536091	-0.0971011504388928	0.21795246962005	-2.16362240176362	0.557940526288038	2.16915758598231	1.66985395814207	1.20119689577613	0.910928574378277	0.830701537695397	-4.12556183629326
XLOC_040486	0.294625245390451	0.302401014769454	0.271079978927558	0.266647034797847	0.0890765246760177	-0.0347885170680486	-0.427883222387056	0.0441278282891178	-0.123549642500052	-0.179055119069999	-0.303926780287862	-0.19875434553743
XLOC_040487	0.216451180870863	0.728833003338437	0.468961236234467	-0.227593132595858	-0.395416496618025	-0.558254068456977	1.44646525926017	0.741530137283281	0.627036648141241	-2.17109250840807	-0.397316790636273	-0.479604468413258
XLOC_040498	-0.147303889012441	-0.17475596804689	-0.105529152538679	0.172959286059895	0.175165456742693	0.155147821865386	0.162463058310864	-0.0668562058888984	-0.0155964426412876	0.0632292755422199	0.00339737405795226	-0.222320614450823
XLOC_040499	0.271334652411355	1.38024833392276	0.974581127426912	-1.56485393059029	0.00652827633646247	0.817991045980082	-0.860470529272273	-1.16474564782018	-0.207715961620982	0.393269917793449	0.0303860163341856	-0.0765533009014954
XLOC_040513	-0.702876749238777	0.483651909583439	0.678081051415343	-1.28402957596687	-0.516758381654488	0.358847759910215	0.24683256304294	-0.136933831590526	0.07057979219005	0.258340669821784	0.609043017116456	-0.0647782246295714
XLOC_040522	-0.157718098298528	0.351813204292704	0.0913055519929262	-0.00716781692791812	-0.0196808978125134	-0.206443895208986	-0.599792375576461	-0.474019283207384	-0.454122439685793	0.415313045469659	0.568036409115901	0.492476595846384
XLOC_040524	-0.276014981605441	-0.585116574891834	-0.554069104789188	0.690919978812262	0.864474239015864	0.422150332564947	-0.537361968051638	-0.676247724114464	-0.534782812589534	0.423784297496256	0.159371120839257	0.602893197313515
XLOC_040533	-0.275097823509793	-1.41961472349067	-1.10305706139347	1.77014940808052	0.749096042920621	1.14570970860851	-0.53151340179128	-0.750771250021534	-1.13981252071041	0.415103039515361	0.623892901084906	0.51591568070724
XLOC_040548	-0.577787345534845	-0.524606848088841	-0.135229913395759	-0.250524963150385	0.9715397059241	0.334525338439237	-0.612650838214011	-1.36539817682398	-1.45076400273094	1.06596017746745	1.37124722692722	1.17368963918076
XLOC_040580	-0.242798905155411	0.571786105637743	0.308601257615694	-1.82265929529139	-1.00034530538159	0.502252194115858	0.250007631772273	1.08461429585038	-0.555519429498887	0.646910863383888	0.479325577992544	-0.222174991041094
XLOC_040581	-0.636424893515673	-0.796848811673988	-0.65609173962097	0.0677969324550549	0.233974814850789	0.100627059150209	-0.311270680163661	-0.29731200252946	-0.944360093911798	0.774607140436986	1.15367599947936	1.31162627504315
XLOC_040587	-0.242526342515952	-0.885350119999733	-0.403485598210257	0.805347528252548	0.904271910451013	0.55808651644814	-0.359130237260052	-0.892763816926862	0.0428437714871883	0.200586183205989	0.263627135788475	0.0084930692795
XLOC_040594	0.867351973248645	-0.1253425915679	0.617184587030899	-0.0740520564610962	0.232243339924149	0.38480712493977	-0.431707426139902	-0.464402140089081	-1.44385290051078	0.144507091876737	-0.00183330410592841	0.295096301854486
XLOC_040595	0.438258884921562	0.39489060091185	0.33777492030927	0.267231389265228	-0.241351334082166	0.493330216870106	-0.833648203567662	-0.307131459764394	-0.572781329723692	-0.0599198552110902	-0.132051480312253	0.215397650383242
XLOC_040608	0.746596079061153	0.137876104298484	0.41880113662368	0.143093933572018	-0.0293890266395538	0.0624579798332583	0.411796448529882	0.265441016415661	0.713461357101146	-0.770645899881471	-1.02897684730982	-1.07051228160443
XLOC_040614	1.08900882649629	-1.4121583202827	2.92043980122803	0.497555797735083	1.35161590925407	1.15813420386987	-0.0616013480875715	-1.4121583202827	0.10563841091775	-1.4121583202827	-1.4121583202827	-1.4121583202827
XLOC_040639	-0.415014280638461	-0.464200406835468	-0.30229013751768	0.612675562397262	0.186425274525016	-0.270563252795153	0.963016753158524	0.817603040415818	0.805398538010776	-0.454170769216297	-0.782877514362385	-0.696002807141962
XLOC_040649	0.0687852292044084	0.00691295127978631	0.212267512335362	0.917258434183304	0.480487783026326	-0.0136673559734524	-0.0710171649251041	-0.371628637748553	0.421682425101505	-0.612753947315288	-0.645133897850591	-0.393193331317706
XLOC_040650	-0.1438845163179	0.214680182058075	0.401880247356241	-0.675282205988103	-1.44512262251846	-0.828904763711475	1.22874064326064	0.542878045840135	0.883659920297641	0.0751286330149004	0.20204775748481	-0.4558213207765
XLOC_040660	0.215619829960588	0.501488326972805	0.621512474280535	0.0730002357458863	-0.160878364582141	0.456816739388913	-0.689391376997966	-0.3152957621728	0.0554860304007079	0.324180657191563	-0.452930680202051	-0.62960810998604
XLOC_040676	-0.252823931604945	-0.157456392678625	-0.522183143132541	-1.12221528941265	-0.299901299502852	0.442087334373924	-0.417831888094633	0.343585005864925	-0.719007001254683	1.00921896862905	0.5415277727956	1.15499986401743
XLOC_040681	0.0724450368817493	0.311817173115811	0.281488830084996	-0.303668878553247	-0.110214368806427	-0.527424801175007	-0.0221527642347219	0.202335810791611	-0.154415292287093	-0.0351619584460749	0.195689607148859	0.0892616054795399
XLOC_040682	2.3867405531538	2.63576924428253	2.32613958460199	-2.52212175245438	0.728043274834043	-0.693254855573495	0.496634214595312	1.36357992396316	0.960406743754161	-2.11642334367396	-1.13367771701099	-4.43183587047217
XLOC_040685	2.09345611500188	2.1115641495197	2.32303678737595	-0.0231853601758054	0.0454867864632114	-0.298494559148218	0.141202686561615	0.804388410682837	0.0717595919506762	-1.95170455707328	-2.10195128746662	-3.21555876369195
XLOC_040688	0.459997155629368	0.103969738774421	0.106748389578048	0.191107310266385	-0.217486170493296	-0.0174299481722331	-0.0856562096390503	-0.0120479220534477	0.400941578926061	-0.820630592391693	0.264660628036778	-0.374173958461337
XLOC_040696	0.32752029020619	-0.133167495081276	-0.0609783560173502	0.300229921663553	0.411605840254138	0.338784643964333	-1.01023166085254	-1.21152947260012	-1.71970504299373	0.845028649098774	1.16403965671271	0.748403025645319
XLOC_040697	0.386415646758778	-0.0370383864996935	-0.102615065180294	0.470181966519199	0.695515748719182	1.21736318978373	-1.20881204287043	-1.51557353154716	-1.41814915451548	0.582208598471418	0.649230762863713	0.281272267497047
XLOC_040709	-1.05831958388082	-1.05831958388082	-1.05831958388082	3.2851947220325	0.903619850648822	2.68026143101786	-1.05831958388082	-1.05831958388082	-1.05831958388082	-1.05831958388082	1.59748066734737	-1.05831958388082
XLOC_040712	0.645390346609421	1.0050210529445	0.197635144782024	-0.0622581471376318	-0.374625290907963	-1.08046256136453	0.642125254180383	0.892194955863166	1.80412159769228	-2.07121769835859	-0.638314014140711	-0.959610640162345
XLOC_040718	0.138721241561095	-1.59711579983565	-1.59711579983565	-1.59711579983565	-1.59711579983565	-1.59711579983565	0.901218252582871	2.94583424154461	0.643829815956572	1.20326235062146	1.05868445139254	1.0940286455191
XLOC_040736	0.140918877412654	0.360682487743149	0.277837341842893	-1.40260241176563	-1.33343211635713	-0.984813694878826	1.01626601718331	0.507544817455817	-0.0335531426423925	0.494559247648494	0.589611770601247	0.36698080575642
