E_38_0	E_38_1	E_38_2	E_51_1	E_51_2	E_51_0	C_38_0	C_38_2	C_38_1	C_51_2	C_51_0	C_51_1
XLOC_000004	-1.39141386195674	0.786105815671241	-0.229616718942113	0.74776413272362	0.139712876752038	1.12156732615076	-0.29357790595089	0.892693618882467	0.129893483958804	0.00194790699363034	-1.56891173363956	-0.336164940643259
XLOC_000024	1.31173648988413	1.32735165369553	1.17305433038946	-0.684483331382309	-0.9012438902163	-0.264268908727836	0.294411327836905	1.0474759523184	0.125082418870732	-2.67462780006792	-0.44351087772896	-0.310977364871845
XLOC_000029	-1.3377170582498	-0.906861010188964	-0.931895867418338	0.539228653336949	0.652231963555325	0.410368877734697	-0.0968028073249236	0.0884818343972658	-0.62174292938395	0.882379883345427	0.56090326608825	0.761425194108076
XLOC_000030	-0.804853083166688	-1.4654356532375	-0.722855803576675	0.811798928093674	0.703169108391704	1.01671083289448	-0.375217611932452	0.22770247256786	0.0108268431221639	0.237696873443008	0.300866691949989	0.0595904014504356
XLOC_000032	0.38182131271637	0.620144731320104	0.921614231098723	-3.38306235904736	-3.38306235904736	-3.38306235904736	0.646283041735672	0.543248944372343	0.1882779338085	0.604262670264155	3.27211604181826	2.97141817000795
XLOC_000033	0.557411307819728	-2.91183355629929	0.602096677358918	-2.91183355629929	-2.91183355629929	-2.91183355629929	1.90840653199668	1.19521208934745	1.41388762266254	1.07549147301222	2.2463743840296	2.64845413897003
XLOC_000102	-1.07193836085788	-1.07193836085788	-1.07193836085788	-1.07193836085788	-1.07193836085788	-1.07193836085788	0.362728205435541	1.26665200969806	-1.07193836085788	1.72383025806413	2.94465682107696	1.20570123173048
XLOC_000106	2.69180882462972	2.62736145188387	2.8608805133496	-0.562578099866583	0.0323925604485478	-1.30983800798224	0.904337001325865	0.579858154414467	0.913043825103721	-1.85406479138042	-2.23336802162411	-4.64983341030243
XLOC_000145	-1.16644367550499	-1.47152062137037	-1.23086541466493	1.50765043100971	0.949795587472317	0.895856729908821	-0.242592913735268	-1.0133119946426	-0.315111796936556	1.24339304079636	0.0223846847960392	0.820765942871476
XLOC_000154	1.38145567651642	1.56299044124652	1.41997264417352	-0.374123333643782	-0.821499400710385	-0.291206996084389	-0.421721231570499	0.116763928702632	-0.662954543669349	-0.679845712351556	-0.551371557028315	-0.678459915580815
XLOC_000155	0.392277717552107	1.0603462432398	1.01832520437829	0.0312480091323488	-0.190370534513359	0.0514262294742691	-0.848186962011016	-0.597845641481699	-0.817496092714443	0.125991150301727	0.00680835647770284	-0.232523679835725
XLOC_000157	2.8407540469864	3.61455643873412	3.82621599951318	-1.72416921467585	-1.72416921467585	1.61582618764434	-1.72416921467585	-1.72416921467585	0.171831829852899	-1.72416921467585	-1.72416921467585	-1.72416921467585
XLOC_000158	3.90049639752422	2.88318250779563	3.30092988394243	-1.27991948395063	-1.27991948395063	-1.27991948395063	0.154747082342789	-1.27991948395063	-1.27991948395063	-1.27991948395063	-1.27991948395063	-1.27991948395063
XLOC_000163	-0.110701213559665	-0.689940497296091	-2.1433071379368	0.21984217235814	0.682052799567179	-1.17330368036317	-0.642877283389332	-0.793650656673035	-0.398028476406676	1.6026516320965	1.27414572579262	2.17311661581033
XLOC_000165	-1.01771818705516	-0.193875772637444	-0.087181244446251	-0.212855904819413	-0.364706197453179	0.0353544734342517	0.268262245189582	-0.0837976853176698	0.219153073737139	0.496164405251116	0.574655675866349	0.366545118250675
XLOC_000172	1.2138667093961	-1.38009655096505	-1.38009655096505	0.690122934583978	0.52353422131303	-1.38009655096505	-1.38009655096505	-1.38009655096505	-1.38009655096505	1.92966347586397	1.89449330545407	2.02889865917914
XLOC_000175	2.91073453443621	2.72996804858984	2.84848261418457	-0.797348530133704	-1.76468617141771	-1.32675578860469	2.01643160369376	2.14271309242607	1.32269922555492	-3.35570633078765	-2.92910802575034	-3.79742427219128
XLOC_000183	-0.737988883989007	-0.737988883989007	-0.737988883989007	-0.737988883989007	3.94423708676197	-0.737988883989007	-0.737988883989007	-0.737988883989007	1.15801216053974	-0.737988883989007	-0.737988883989007	1.53965070859935
XLOC_000188	-0.0469707807566371	0.21519498879882	0.29242483799782	0.582231552424261	1.7362454883763	1.35573718506263	-0.951045681584195	-1.40388223860082	-0.614186114072409	0.28952367040443	-0.366955471305013	-1.08831743674519
XLOC_000203	-1.41812233172552	-1.41812233172552	-1.41812233172552	-1.41812233172552	-1.41812233172552	2.84881918368125	0.016544234567899	0.180737757656177	-1.41812233172552	2.26983596312483	1.49028861504563	1.70250823627736
XLOC_000210	-0.876909058368131	-0.876909058368131	-0.876909058368131	-0.876909058368131	-0.876909058368131	-0.876909058368131	2.9935127409259	-0.876909058368131	1.81096331183971	-0.876909058368131	1.53955633031019	0.67124008386925
XLOC_000212	-0.713457123884437	-0.98478471292537	-0.439677804597189	0.718390311690286	0.778153513876998	-0.299406723671715	-2.23897797526867	-2.09892863300109	-1.68863610464562	2.34387039586767	2.39038890439352	2.23306595216562
XLOC_000213	-0.81640441577768	0.00394961372138081	-0.767755098921241	0.818335150734127	0.80033627804219	0.186898899768822	-2.61405581146968	-1.99764368988245	-1.95321268191891	1.73437761192391	2.11090914789693	2.4942649958826
XLOC_000214	-0.31309354974795	-0.106533873421072	-0.734168226332815	0.534548842666776	1.29750655670419	0.756351996142833	-1.9121772688395	-4.8780168114102	-0.368672260871457	1.70850969494049	2.00636480936268	2.00938009080602
XLOC_000216	-1.06554260716532	-1.80396280510973	-1.31155211716434	2.32545911634414	1.93655059572837	1.09958133626869	-4.53478747128434	-1.05643628582181	-4.53478747128434	3.51782878347112	2.74152638967593	2.68612253634166
XLOC_000217	-1.19290990331424	-1.39511009317548	-2.19231512308965	1.84958055201612	1.89705715667241	1.2668208791076	-2.47928439216532	-2.80517343678845	-2.45546321054221	2.84154207128416	2.43732293063779	2.22793256935728
XLOC_000224	0.90814936024135	0.654439429639459	0.285278412740985	0.361604194578545	0.433203173081884	0.154444509288091	-1.37390858467225	-0.917956349129458	-0.233149854923654	-0.382972755314229	0.46936115382573	-0.358492689356451
XLOC_000226	0.708983954345097	-0.0597414684207909	0.264423632709189	0.0578328458620119	-0.914137796564935	0.139719514228589	0.28720315400825	0.5084559818436	-0.019608819576205	-0.416555133933459	-0.232015754241384	-0.324560110259968
XLOC_000239	-0.357117606028746	-1.03151784534297	-1.75200933304591	0.922176675114391	0.397307974036354	0.984943170676171	0.0504837052344795	0.652917053697232	-1.43412890758463	0.672312488718574	1.60763869217336	-0.713006067648292
XLOC_000240	-0.400010924845605	-0.407069378537142	-0.66025759636177	-0.231792931466349	-0.282708215756871	-0.697992671101078	0.0951465652932555	-0.190015855018146	-0.146389675936122	1.43109019105824	1.37961411603818	0.110386376633409
XLOC_000245	1.58598212953145	3.89321648570572	3.1903389321946	-1.5110072497373	-1.5110072497373	-1.5110072497373	-0.0763406834438722	0.0878528396444058	0.384993794791453	-1.5110072497373	-1.5110072497373	-1.5110072497373
XLOC_000246	1.91886033115215	2.01034407387226	1.96604755984557	-1.66244265123409	-1.16641060707194	-1.36446837177678	1.38100557756573	1.64006769735992	1.33762071035778	-1.77651567979173	-2.38747376184375	-1.89663487843512
XLOC_000248	1.05223523156416	0.635848416380831	0.562242503230628	-0.871513378531592	-1.04273670260105	-0.262605669326081	0.00777177682063446	0.366809006608472	-0.14714740389007	0.0934435197752101	-0.396255426944021	0.00190812691288755
XLOC_000249	0.278455229363133	0.691086209790998	0.27351897712103	-0.463630490739461	-0.0830458149732776	-0.20365184255804	-0.198004144397998	-0.598887504958868	-0.0730543604920042	0.377804499517757	-0.058358797236882	0.0577680395636122
XLOC_000251	2.22010384862264	-0.0189858039033826	1.67845553097891	-1.54477982314109	-1.54477982314109	-1.54477982314109	-1.54477982314109	2.56226582250565	-1.54477982314109	1.25098879578092	-1.54477982314109	1.57585074486179
XLOC_000255	-0.7662157656116	-0.167814832864973	0.139293397338673	-0.119004442506403	-0.166300759253599	-0.101803071175591	-0.308337416890321	-0.335577369323508	-0.136383785946447	0.647295515258772	0.734737104223177	0.580111426751818
XLOC_000263	-1.51569213553718	0.0101018837005258	2.44712385085967	-1.51569213553718	-1.51569213553718	-1.51569213553718	1.73466073680728	0.0831679538445198	0.380308908991567	0.474174948103826	0.900773253141141	0.0324570067002001
XLOC_000273	6.08716496104923	5.51232264796466	5.74499402340534	-4.11405986912365	-4.11405986912365	-2.09898811062498	-0.084714468340624	-0.187748565703953	-2.21805882459491	-2.12419278548265	-1.69759448044533	-0.705064658979473
XLOC_000281	0.178046637916033	0.398286479118365	0.37222623957449	0.633586159713779	0.734123408112174	0.585367581025912	-1.15106240688193	-0.770001212819444	-0.958249543111539	0.0198440704667036	0.0154475899464437	-0.0576150030609881
XLOC_000290	2.08205868650328	0.616880105506195	2.42619201147994	-0.691031536434229	1.36383897708667	0.578744380336941	0.489101850361205	0.0639490068163204	1.35401958429343	-2.76125102198325	-2.76125102198325	-2.76125102198325
XLOC_000296	0.523843367519895	1.59889819618571	0.539769473750707	1.13662541230222	-0.460192651131405	-2.02600813564367	2.47097970673248	2.04549815636655	1.94990839518518	-1.24531127522034	-4.04107989414235	-2.49293075190497
XLOC_000297	2.45539730238194	2.11382553924128	2.45003471189031	-0.30670603023197	-0.123470197228682	-0.623961823233539	0.489134992987772	0.132138882432196	0.17576506151422	-2.6529123654165	-2.22631406037919	-1.88293201395784
XLOC_000298	1.57812174446917	2.68791137391659	2.54968458283193	-0.293382771657087	-1.79554246874517	-0.35917783870305	-0.00737402465624992	0.227138062396458	0.973045106535928	-3.69917324102324	-1.28270785234492	-0.578542673020364
XLOC_000300	-4.11990665878126	-1.86927621345279	-4.11990665878126	2.38131287953702	1.94179906781696	0.706802964053389	-1.15406711621057	-1.29470662998169	-0.00463605250457366	3.01641236095847	2.06173014218769	2.45444191515862
XLOC_000301	4.37567112874202	3.89892400187851	3.8384359051666	-1.50529973356451	-1.50529973356451	-1.50529973356451	-0.0706331672710834	-1.50529973356451	-1.50529973356451	-1.50529973356451	-1.50529973356451	-1.50529973356451
XLOC_000306	5.42860629938607	4.71151975826859	4.64507568893091	-1.64280019406506	-1.64280019406506	-1.64280019406506	-1.64280019406506	-1.64280019406506	-1.64280019406506	-1.64280019406506	-1.64280019406506	-1.64280019406506
XLOC_000307	5.28352734917527	4.67475119693576	4.85606785094711	-1.64603848856202	-1.64603848856202	-1.64603848856202	-1.64603848856202	-1.64603848856202	-1.64603848856202	-1.64603848856202	-1.64603848856202	-1.64603848856202
XLOC_000309	0.527390169605382	0.361366580167736	0.110764326392312	-0.67725169563651	-0.297396080162972	-0.559119524427384	0.0566831122405125	0.618259461055312	-0.100461507192103	-0.0139515810610575	-0.144946016021763	0.118662755040531
XLOC_000319	0.920224086019661	-1.67373917434148	-1.67373917434148	0.39648031120754	1.0229360680211	0.341332584157193	-1.67373917434148	-1.67373917434148	-1.67373917434148	1.12202944458053	2.8304373419187	1.7352560358027
XLOC_000322	-0.377796037387942	-0.974396982234245	-0.8300832111349	0.345602531315802	0.315825806374848	1.3293147627181	-0.480205011493109	-0.110797141854246	-1.0736615726642	0.795327066565778	1.02844520741937	0.0324245823747358
XLOC_000326	0.201852050183319	1.33866674533539	1.22869145416288	-1.70507698076246	-0.400804223847638	-1.36600972619124	0.80594074160949	0.48746751849216	0.923563751165384	-0.268390159556986	-0.857322047535191	-0.388579123055099
XLOC_000350	-1.53837914662584	0.712251298702634	0.831612798120723	-1.53837914662584	-1.53837914662584	-1.53837914662584	1.71197372571862	2.18126927938449	0.357621897902911	1.77138088020317	0.125785853096625	-1.53837914662584
XLOC_000358	1.33521993656617	0.488861002625896	-0.136641181207428	-1.76176944270257	0.934905799660007	-1.76176944270257	2.66034906295499	1.71658174275995	1.80957085015328	-1.76176944270257	-1.76176944270257	-1.76176944270257
XLOC_000359	0.544154855668215	1.18030342080921	0.662367760768004	-0.0616933264531623	-1.15834548808245	-0.627499378451519	-0.017384490018908	-0.194279645782382	0.327293872725089	-0.0253799231790559	-0.251755076297055	-0.377782581705986
XLOC_000360	0.948425297683825	0.903852678619151	0.872078163567188	-0.739743314443896	-0.358489907922399	-0.775795914459708	0.358682409649282	0.417754053621012	0.353604661483425	-0.575951221951032	-0.765805254904715	-0.638611650942128
XLOC_000362	1.3474717723523	1.56390836859802	1.43155303886046	-1.36298112088763	-1.43814524551003	-1.11640727067681	0.771865182073203	0.752729794465299	0.905601080028404	-1.23373500797133	-0.548064994031103	-1.07379559730079
XLOC_000379	-1.05016553903294	-0.554922727769151	-0.571881890345306	0.283101297994517	0.575864946103532	0.0540705903250478	0.131089195965687	0.53500925444391	0.548079845118073	0.22591195990208	-0.376103019480904	0.199946086775453
XLOC_000380	-1.00285441956699	-0.796294743240109	-0.300068553842745	0.523704770309938	0.235206842772555	-0.0245879882746936	0.97095818981451	0.518800369279666	0.294125944176071	-0.626669481547017	0.275244832879783	-0.0675657627609754
XLOC_000382	-2.53449139929304	1.08336219122493	0.324304626417915	-2.53449139929304	-2.53449139929304	-2.53449139929304	0.953405079908719	1.39181990412666	1.33429691170762	0.261277219628974	2.33345489128068	2.45604477287665
XLOC_000395	0.0366722580812482	-0.331538207995376	-0.26684792999826	0.528256320467289	0.340293811369239	0.510423242282377	-0.311232755179487	-0.0659917673308588	-0.180688784384635	-0.251858469495239	0.114753127015419	-0.122240844831722
XLOC_000403	0.000138913152804676	-0.846082853188282	-0.511800055613459	0.692981091500442	0.946186897133084	0.933329991677918	-0.117693181005748	-0.41161157814586	-0.0452399296304531	-0.0640837857822056	-0.00719272525172787	-0.568932784846513
XLOC_000456	-0.395476787949252	-0.630533416969686	-0.0595912802161322	1.79461430130207	1.081047298382	1.1926085935085	-0.942247390701132	-0.36710561853553	-0.721375097260156	-1.04189702274097	0.325193793648595	-0.235237372468312
XLOC_000467	0.0840662701821024	-0.384628504611302	-0.272739057252486	0.69651497448352	0.716876465926832	0.96265580355513	-1.33715209614661	-2.09749559498428	-1.00162238439853	0.99717996738241	0.812496865369857	0.823847290493354
XLOC_000468	1.05171805718846	-0.519477302842582	0.32472062266627	0.842061153117391	-0.141640549802213	3.06167312638836	-2.04527132208029	-2.04527132208029	-2.04527132208029	1.64268697277006	0.371194066598033	-0.497122179842908
XLOC_000473	2.1263226186594	0.907708199868853	2.96175434468646	-1.34292224545962	-1.34292224545962	-1.34292224545962	0.0917443208338049	-1.34292224545962	0.55307879906913	-1.34292224545962	-1.34292224545962	1.41692518964005
XLOC_000480	-2.13293557481817	-1.2951516291294	-0.258444800206082	1.04433910764878	0.777129666330073	0.665545808493713	-0.871656056196654	-0.537617740821478	0.325711323485752	1.19176938511919	0.81740474113844	0.273905768955829
XLOC_000482	-1.55688564596775	1.8212454815217	1.3019103797432	-1.55688564596775	-1.55688564596775	-1.55688564596775	-0.12221907967433	0.781704724588194	0.339115398560995	-1.55688564596775	2.45970953596709	1.20296178913192
XLOC_000492	-1.75149122390921	-1.75149122390921	-1.75149122390921	2.03489837074491	0.152139548368863	1.07307576894508	0.859585399289184	1.72685996155332	-1.75149122390921	0.238375859731794	-0.0873262241867516	1.00835621119046
XLOC_000494	0.806876369502714	-1.00819222107137	0.616936040423773	4.03598573183549	-1.00819222107137	1.0068795374273	-1.00819222107137	0.590667868310328	-1.00819222107137	-1.00819222107137	-1.00819222107137	-1.00819222107137
XLOC_000495	-0.764134207603004	-0.52581078899927	0.051831488526326	0.98804483115675	0.867519450259197	0.916847960510402	-0.499672478583702	-0.116887498184051	-1.84114550915889	0.412090320315484	0.338928411206991	0.172388020553768
XLOC_000496	-0.653610387999223	-0.806726422163683	-1.07434392607399	1.09272239203618	0.972876667052272	0.521240138992344	-2.02371186915434	-1.62826831793643	-0.997866453568781	1.70994287705013	1.32801614998733	1.5597291517782
XLOC_000499	-1.29330159907796	-0.513117975774256	-1.5565989780304	1.51398465375317	1.08857443517723	1.21321475271737	-3.00759228761784	-1.84581477877962	-1.30654848378079	1.84232772830198	2.04376900649982	1.82110352661129
XLOC_000501	-3.35246737415858	-1.0044339729864	-2.30873993902171	1.2818085822054	1.2117741405346	0.375653728221876	-0.532666975510542	-1.97910914697117	0.218827341734879	1.99894299111364	1.98225671579644	2.10815390904155
XLOC_000502	-1.63543411309729	-0.976937143097492	-1.34087738606418	1.97040625853088	1.51995480026703	-0.0111851686572289	-3.03447735301186	-1.92590555019993	-2.0742136833544	2.43899854445478	2.49915567776538	2.5705151164643
XLOC_000503	-1.42978023863856	-1.52534929795447	-2.07661770438649	1.60868586126326	1.12610607143892	1.78003738876074	-2.86653856519157	-1.1685478363315	-1.32303355722352	1.91571103968683	2.0591251515373	1.90020168703906
XLOC_000524	-0.184056867818798	-0.301866846867231	-0.392018149601485	0.732807820286304	0.523909475810891	0.62345328960023	-0.328163420983174	-0.42313027656272	-0.101536134102663	-0.154051280813523	0.144557074921707	-0.139904683869538
XLOC_000539	0.135496325851148	-0.590009885300127	-0.203776693559631	-0.134946678213768	0.733502225068831	0.601545848568944	0.29057011149145	-0.669441591090391	0.723216488407266	-0.134457997275162	-0.576186110574876	-0.175512043373683
XLOC_000542	0.382160072675959	0.817721927430342	-1.43290851789813	-1.43290851789813	-1.43290851789813	-1.43290851789813	0.706688575234119	-1.43290851789813	0.463092526630619	0.556958565742879	1.47550242887303	2.7624184929037
XLOC_000564	-0.780818244104148	-0.310894065060279	-0.628332521135032	0.232228737315261	0.68447437755712	0.573508358506809	-0.0270003189520285	-0.118746449775642	0.0951398709136306	0.943522992239096	0.416509692675444	-1.07959243018023
XLOC_000598	-1.78518977532571	-1.78518977532571	-1.78518977532571	1.62060069404044	-1.78518977532571	-1.78518977532571	1.18064976724498	1.04001025347386	-1.78518977532571	1.90276851952464	2.41286446094212	2.55424495672823
XLOC_000604	0.0707705004151276	-0.0247985589007778	-1.10859201458857	-0.545437774054446	0.00379572065034584	-0.991831966388377	-0.0291300993443615	-0.853476183246042	-1.1356254965866	0.864466816042377	2.1590840994965	1.59077495650482
XLOC_000605	-0.679329442141154	-0.145367215892711	-0.925338952140172	0.187499112565367	-0.270075000985007	-2.1335025477615	0.486294682961947	-0.428925880249845	-1.46070193605233	1.5386003026122	1.69444820784884	2.13639866923436
XLOC_000606	1.76375692219472	-0.179693922686593	-1.7054879419243	-1.7054879419243	-1.7054879419243	-1.7054879419243	0.434109151207948	-0.106627852542599	-1.7054879419243	2.28183708738721	1.56910191449481	2.764956409566
XLOC_000609	1.03985968632522	0.628609479496124	-1.55483285126491	-1.52629640177818	0.98290845265007	0.559985533319722	1.83317237205593	1.58411935945119	1.63781634667846	-2.42376179333485	-1.99716348829754	-0.764416695301235
XLOC_000621	-0.40108900149272	-0.690363572829101	0.642638433644146	-2.21615759206681	-2.21615759206681	-2.21615759206681	1.47564162430019	0.972269225694686	1.35518270078905	1.47180070278354	-0.551992592344346	2.37438525565498
XLOC_000625	-0.789770954538523	-0.401994563079473	0.0116760726901779	0.422102086478943	0.557440417120231	0.754436644307958	-1.28818006809776	-0.885991149259887	-0.373321736185648	1.01763513694182	0.640325541635879	0.335642571986292
XLOC_000628	0.682352544923334	0.736705571627274	0.723362168536092	-1.5676354970079	-1.06455546852073	-0.718481811662834	0.62299570111462	1.05403642479606	-0.12404681818823	-0.0735901684661373	0.143559908253994	-0.414702555405542
XLOC_000632	-0.255209469332152	0.647389721593976	0.53726519047957	1.13961851750156	0.921664375410932	0.754104843423864	-1.8637963310166	-1.64967292541542	-0.35960234793831	-0.0283484733071377	0.161015501324419	-0.00442860272469758
XLOC_000633	-1.82500856662424	0.905816099550369	1.03378745908671	-1.82500856662424	-1.82500856662424	-1.82500856662424	-0.390342000330821	0.513581803931702	-1.82500856662424	0.164858517016763	3.64702895734948	3.25031199651702
XLOC_000639	-0.122502647084204	-0.209091343011792	-0.129474992927369	0.494465083432299	0.488911609402088	0.407488716883146	-1.98283058310828	-1.79687972117823	-1.49067963038879	1.45634404054947	1.32822867809272	1.55602078933894
XLOC_000640	0.385584614385342	-0.158123460121441	-0.194947678324844	0.831260338539582	0.667833684000062	0.666365476360804	-2.3645441960454	-1.50997583622069	-1.56642100636735	1.13609466812692	1.09693658495529	1.00993681071173
XLOC_000641	-0.240060289676658	-2.05512888025075	-2.05512888025075	0.0150906052982789	0.641546362111837	0.769438112603549	-2.05512888025075	-2.05512888025075	-2.05512888025075	1.93219614906077	3.48574806891723	3.67168539293873
XLOC_000642	-0.874053010064486	-0.874053010064486	-0.874053010064486	-0.874053010064486	-0.874053010064486	1.95051398278981	-0.874053010064486	-0.874053010064486	-0.874053010064486	-0.874053010064486	2.93493079838379	2.98103230940678
XLOC_000643	0.503194869671192	0.499297658759565	0.258805444335756	0.278094347934314	0.582929906416459	0.644391907044857	-1.98129622099087	-1.24815108676074	-0.686019888300322	-0.0253552212656132	0.726020036290046	0.448088246865359
XLOC_000647	-0.341981640824184	-0.0372477809793796	0.0353318689365762	-0.196183315398662	-0.121341298211783	-0.443475789761385	0.378900580012402	0.19157047912085	0.252528030215771	0.303666907542892	-0.148620794335645	0.126852753682552
XLOC_000650	-0.316754512025485	-0.35408046910027	0.142993598393402	-0.143346951502321	0.461854830729957	-0.355953706526538	-0.494476521222612	0.151193622623882	-0.466204355741779	0.526375559006754	0.500420263857572	0.347978641507431
XLOC_000655	-0.0250912696783594	0.253861697644077	0.319042055298297	0.0286318013339546	-0.349091726336067	0.851717940004199	1.16989347286742	1.89367042316091	0.420893046758459	-2.87853389452389	-0.851805796230055	-0.833187750298939
XLOC_000657	-0.483857715470525	-0.834942476965917	-0.461683277613169	0.597628714537771	0.256029891633289	0.563568516149963	-0.856220179108982	-0.350615108520808	0.0188960755329406	0.638967619977549	0.582569769972672	0.329658169875215
XLOC_000662	-1.09259841153572	-0.130614072355405	-0.0443411799724274	-0.244956019120991	0.145462850803824	0.220179336238552	-0.329350438430401	0.245566355561452	0.333466616129568	-0.0560609405040653	0.290624706332038	0.662621196853567
XLOC_000691	0.17252759455678	0.729867008703507	0.619742477589101	-0.305140356669616	-0.513896361830299	0.581218743190115	-0.0896983977412571	-0.466084363685765	-2.49639462257672	0.238479083595232	0.931238689804695	0.598140505064228
XLOC_000692	-1.98882435133973	-2.59542669859187	-2.77233541260794	2.22125501307035	2.4422108040007	1.64103979741381	-3.17085924282002	-3.19825666292215	-2.25200961226222	3.34107979501865	3.15215794150109	3.17996862953932
XLOC_000737	0.693404317669291	-1.1216642729048	0.50346398859035	0.948555212644228	3.21395881645412	0.893407485593881	-1.1216642729048	0.477195816476905	-1.1216642729048	-1.1216642729048	-1.1216642729048	-1.1216642729048
XLOC_000743	0.584064037468313	-0.808940886055534	-0.0353276299211895	0.734776205272138	0.987375738777525	0.501282914384756	-0.566095109582839	-0.0181167694136359	-0.289125181416047	-0.45770195967017	-0.097021305890908	-0.535170053952412
XLOC_000751	0.275879158614432	-0.372260063414218	-0.297703216183471	0.944550207228696	0.596020108243336	0.451629231740593	-0.252818898930607	-0.672368708921482	0.0447071887826995	0.281883663539383	-0.203980271125248	-0.795538399574113
XLOC_000760	-0.158115890667139	0.397316081933852	0.491792456150218	-0.170417736540297	-0.304450598804802	-1.31910264828376	0.107336063283999	0.0286933356246548	0.521672678647596	-0.0302105534148218	0.0220892795345806	0.413397532535919
XLOC_000764	0.204581482148356	0.0720565546713896	-0.118296670913457	-0.408655870129536	0.0997286909906396	-0.333690438133377	-0.171083844049166	0.132327255466492	0.179991109187853	-0.0819013740159864	0.310730543002027	0.114212561774771
XLOC_000781	0.0474087045539253	-0.400757246552018	-0.500584306390504	-0.579797062937452	-0.249182964130027	-0.4930822278319	0.276607992050018	-0.168086093532221	-0.199045157246214	1.14225549993907	0.357849594276496	0.766413267800834
XLOC_000787	0.478786578953276	0.897180040821816	0.28051722225974	-1.41783248453449	-0.684912827359784	-1.18540445336464	0.976368264803306	1.22572454058026	1.01472970431417	-0.00792789443766484	-0.568333623649196	-1.00889506838679
XLOC_000791	0.089065470918908	0.0817754339913535	0.663412587691888	-0.63780779775279	-0.36769584665771	-0.795032765702898	0.616589684805618	0.771161454063312	0.518746909742145	-0.511967897880295	-0.247764772286979	-0.18048246093255
XLOC_000818	-0.23358406947498	0.0588502820125365	0.261896376494611	0.435909934279154	0.320917278772581	0.660975824666327	-0.392547468922508	-1.66078813301452	-0.746101302618811	0.134247156530997	0.147041323336366	1.01318279793824
XLOC_000824	-0.200523472777403	0.483778801941856	-0.258808570797463	-0.107645994171036	-0.0508187295558766	-0.978896311906406	0.232036171938685	0.250017075938201	0.491922658250617	-0.213245676205468	-0.0834829360572469	0.435666983401541
XLOC_000827	0.60546192560694	0.0496907684037939	0.13388748935898	0.14180337660094	0.21493950597138	0.960586542731738	0.113709259344089	0.444778296090816	0.141717184660606	-1.39014053807304	-0.492444813520172	-0.923988997176073
XLOC_000832	0.919541189701746	1.11364327717569	0.997611324997939	-0.408389565860318	-1.19785659229236	-1.05202273133413	0.607993657982689	0.397804444784025	0.223932885543205	-0.867946193957413	0.17468854331486	-0.909000240055933
XLOC_000835	2.36586467919234	-1.64425518392063	0.725736760825933	-1.64425518392063	2.8750540679082	2.62268633148615	1.32158435865007	-0.0453950945389259	-1.64425518392063	-1.64425518392063	-1.64425518392063	-1.64425518392063
XLOC_000836	0.807360347270462	-0.260808893852976	-0.161474651595536	1.100729562107	2.8956230576603	1.55339248922951	-1.78660291309068	-1.78660291309068	-1.78660291309068	-1.78660291309068	-0.122437913368221	1.3340276549122
XLOC_000837	0.658732335544901	0.00168435651293652	0.332067716621347	-0.770908786710337	-1.19004837617635	-1.41178584813131	1.06355133043741	0.966186309458813	0.769762617464587	0.201126247923796	-0.655760288461062	0.0353923855152756
XLOC_000859	-0.352312539087997	-0.132931507079451	0.0385114380177924	0.405953139046936	0.147996151418157	0.443108647831256	-0.770277071190471	-0.605855765459543	-0.35010333959827	0.519204050085024	0.520988151506186	0.135718644510384
XLOC_000860	-0.421585577833184	-0.341811734718151	-0.246687514229997	0.554822556606061	0.612511644509901	0.824554827213047	-1.15765381420967	-0.717200580261578	-0.37134213112589	0.379381145644011	0.468703430630786	0.416307747774658
XLOC_000861	-0.233663979586394	-0.129998589517008	0.012899069619035	0.0363795875520516	0.39462923857911	0.159527228947056	-0.760700584130738	-0.738015873304894	-0.14030626295966	0.491651829767958	0.517273548421244	0.390324786612231
XLOC_000862	0.0106672599097921	-0.510271389448415	-0.259470437725951	0.418113598120505	0.560434274003867	0.525142779995004	-1.26067766731354	-1.24938337807601	0.121527326619046	0.107655004818052	0.806220846291358	0.730041782806286
XLOC_000864	-0.858077950232934	-0.0522085682407756	-0.0899887579295857	0.371813881522057	0.487067230294748	0.316548802242146	-0.418267469584697	-0.553680105894612	-0.480578893270613	0.472511674390981	0.415522334061782	0.389337822641513
XLOC_000866	-0.272835781440893	-0.0345123628371597	0.106129131872759	-0.631928983838466	0.92376069518357	-1.21315246035033	-0.549822974002864	-0.111408149784921	0.0775511530720649	-0.349761158354273	1.50315749596335	0.552823394517166
XLOC_000868	-0.12534461756059	0.512436409795297	0.0317752974845575	-0.016759500199341	0.570956829564786	-0.17398446814945	0.562393276567794	0.278224774806421	0.243091947951837	-0.499611902326501	-0.65014533537359	-0.733032712561218
XLOC_000869	-0.400802663780929	-0.0949545853869997	0.159749406565224	-0.998176679203281	-0.124150792049223	-0.204381583087263	0.622081428811551	0.812268645578062	0.926472544383728	0.351373888533242	-0.527091052834872	-0.522388557529243
XLOC_000870	0.16196512288367	-0.144094881682047	-0.205421610043583	-0.105131267659505	-0.370173141432891	0.236148353532043	0.610320108547933	0.772828787526867	0.645579376637894	-0.653106169049944	-0.208561824466781	-0.740352854793665
XLOC_000896	1.69976540120316	1.60865166457359	0.600512481830699	-1.76947946291586	-1.76947946291586	-1.76947946291586	-0.334812896622437	1.05572056588371	-1.76947946291586	-1.76947946291586	2.86640899262356	1.35115110508702
XLOC_000904	-1.69670524484139	-1.04887996798784	-0.904230585029664	1.19819396251809	0.87364094753639	1.47861388776361	-0.528289588652697	-0.0630440883989776	-0.530005423256689	0.529690880383611	0.829079447091688	-0.138064227126127
XLOC_000923	-0.924255248907041	-0.924255248907041	-0.924255248907041	-0.924255248907041	-0.924255248907041	-0.924255248907041	-0.924255248907041	-0.924255248907041	-0.924255248907041	3.06306978040447	1.98415569786412	3.27107176189478
XLOC_000925	1.9892347767473	1.28162794460505	-0.351587201015855	-2.72157914576241	-2.72157914576241	-2.72157914576241	-0.110502522564017	1.20473215765729	0.474622726359556	0.966379149087935	1.78259737049777	0.927633035912209
XLOC_000927	-1.45892992134607	-1.34901096744618	-1.48758519283958	0.938991135151191	0.437848008518733	0.703534692383526	-0.577765269091097	-0.017052637123534	-0.317826104291095	1.21269691109216	1.15784866438251	0.757250680609429
XLOC_000929	-1.98365557410388	-1.06789949850336	-1.42873221993141	-0.0123345700238429	0.326365834391953	-0.458728762357774	0.836144824544153	0.46891258485948	0.0700641463226876	1.51001720869801	0.837164290861448	0.902681735242533
XLOC_000931	-0.997242673616487	-0.172416751012959	-0.833977972164789	0.790016138879508	0.925476014849689	0.734275667893003	-0.29420357496814	-0.487489700209808	-0.0932823142364745	0.159767965854585	0.313935479644448	-0.0448582809125728
XLOC_000939	-1.04322371476044	-0.309905477585439	-0.68019189447091	0.947782097969684	1.15980874045446	0.758360649940766	-0.230717253603949	0.0849898008014138	-0.549403972190563	0.343474968518756	-0.318585459801295	-0.162388485272491
XLOC_000945	2.91153913054631	3.1297678603312	3.39322182759536	-1.30812435433654	-1.30812435433654	-1.30812435433654	-1.30812435433654	1.03046601621941	-1.30812435433654	-1.30812435433654	-1.30812435433654	-1.30812435433654
XLOC_000969	-0.0124515230672126	0.903304552533312	1.03127591206965	-1.8275201136413	-1.8275201136413	-1.8275201136413	-0.392853547347877	0.997679915158273	-1.8275201136413	0.968248505280714	1.44706974277781	2.36780689716052
XLOC_000972	-2.2608653712052	-1.18581054253938	-0.323682293358319	0.561147344578796	0.254604836977277	0.488766597711384	0.651018977972264	0.394540791690641	0.649276126944081	0.455394621695976	0.185311267909067	0.13029764162341
XLOC_000975	-1.22480245230918	-1.22480245230918	-1.22480245230918	-1.22480245230918	1.4718727900534	-1.22480245230918	1.38627417088922	1.11378791824677	1.97139941981279	-1.22480245230918	-1.22480245230918	2.63028286716209
XLOC_000980	-0.406184682961893	-0.207256034976447	-0.668645023555371	0.0504101040661915	0.323584137980926	0.29369530150611	-0.189413639647322	-0.371423650248079	0.227823760181671	-0.175158331004019	0.698651988081573	0.423916070576656
XLOC_000993	-1.20529950037602	-0.532290957472019	-0.26883699020785	0.329721323374872	-1.3892959291288	-0.703241656732975	1.93939480895476	1.49332024446204	2.23905199198015	-1.66042314531074	-0.77212893587192	0.530028746328509
XLOC_000997	-0.373303498074168	0.198618987895109	0.389769952527002	-0.372142311827665	-0.0890812776096919	-0.68181835248369	0.517646405267257	0.472154508304486	0.51905247488317	-0.533092318614849	-0.143884073605475	0.0960795033385109
XLOC_000998	0.678668219804953	1.17518839189331	2.53406551853413	-1.91529504055619	-1.91529504055619	-1.91529504055619	0.695781582642205	-0.316434951174491	-1.91529504055619	0.880473578365822	1.65109327012667	0.362344552032166
XLOC_001000	0.406493441701885	0.392572513353615	0.444479244633172	-0.65184613832211	-0.31448249934871	-0.678050696644307	0.232831304364705	0.355787736441197	0.379742325791788	-0.29775133148549	-0.192877526733813	-0.0768983737519378
XLOC_001001	1.39369872897805	1.4521736426016	-0.00119299803911765	0.516147532412003	0.325490299576905	2.10740348003778	0.23989168041272	1.55512636063402	-0.475183898256929	-2.37118494278568	-2.37118494278568	-2.37118494278568
XLOC_001005	-2.04727720744609	-1.84071753111922	-1.42475743564515	0.71849727620926	0.607385090335876	0.75646729127008	1.32182444808236	1.6892999896218	1.70725395470278	-0.559434889021009	-0.769177954999324	-0.159363031991364
XLOC_001017	-1.51780125446853	-0.168948889752279	-0.174821075626884	-0.26270048163102	0.531843165979708	-0.0308234998304631	0.437080288040539	-0.172444144051813	0.463895003834017	0.249947086214179	-0.0022145044313362	0.646988305723873
XLOC_001019	0.518886911311868	0.368127663541518	0.497677615609533	-1.0085831323605	-0.0101672306030167	-1.57119911022478	0.38739103658715	-0.303879509466356	0.0829271959904849	0.801077745467657	-0.0258517802208944	0.263592594367337
XLOC_001020	0.723888264815519	0.424646262141501	0.600977307394772	-0.732227144176668	-0.490939043575072	-1.037848349785	0.49596462256581	0.318710618348145	0.316241539237573	-0.227359122878008	0.0793273821399811	-0.471382336228555
XLOC_001042	0.275066967664971	-0.0142076036714098	0.0851266385860299	-1.54000162290912	0.36362914936896	0.47507013558956	-1.54000162290912	-1.54000162290912	-1.54000162290912	2.14795667194123	2.81921701282886	0.00814751932826452
XLOC_001048	0.888006011528997	0.917503893166686	-0.966713793785611	-0.936084602507255	0.239005951226812	-0.455532681754606	0.93267206926754	1.02585236647113	0.228922479020133	-0.275949716253521	-0.524419960893551	-1.07326201548676
XLOC_001049	1.28326113063533	1.22822208370852	1.013480407068	-2.42504935275172	-1.73149458493846	-1.5934145002497	1.42365931509734	1.18391557044788	0.5495217974559	0.197949100995849	-0.808205311689218	-0.32184565577971
XLOC_001052	0.193022916786773	0.766041328401919	0.490722294929578	-0.419671082245213	-0.573013256879316	-0.3620953529247	1.46251257579981	0.628435676630074	0.800501575663174	-0.458387953697054	-2.15193489804641	-0.37613382441863
XLOC_001054	0.0851567757275928	-0.555613525942313	-0.410408848951103	0.193741893088842	1.29558520235743	0.779518976680122	-0.465937440369014	-1.18572150123161	-0.308557857490941	0.319581792961337	0.350294497115707	-0.0976399639460377
XLOC_001055	0.244299310870318	0.298652337574258	0.285308934483075	0.108659448345397	-0.00851683964525662	0.284220032076206	-0.45867167722896	-0.125069156020519	0.0546701816657196	-0.200078131400372	-0.178009271286945	-0.305465169432921
XLOC_001091	-0.584577340197486	-0.0823515272475381	0.29090767210521	0.732260278117487	0.388919375823243	-0.00603120812728619	-0.728980812785855	-1.44217525543508	-0.476180963061627	1.12388512966404	0.83333363375846	-0.049008982613568
XLOC_001105	0.0761881833216087	-0.337913305150627	-0.702326135672714	1.13281201763848	0.526216640239163	1.02245593251928	0.0332997647972757	-0.111964322768198	0.123109083438028	-1.17390792828422	-0.561491753691269	-0.02647817638681
XLOC_001107	-0.129608903546123	-0.152217684749663	-0.255528896317895	0.678085615635516	0.754422888818169	1.07308857115248	-0.628913262590699	0.0896253663819166	0.0982926237896171	-0.31453128911083	-0.538142045156359	-0.674572984306129
XLOC_001123	-0.273820535283465	-0.801935811088623	-0.65549383806106	-0.456232448818509	0.050466693336082	0.198793178091042	0.601031155215525	0.789835467812169	0.906685388063549	0.11721619817666	-0.282721744877938	-0.193823702565427
XLOC_001131	0.533751913067404	0.244477341731023	2.23261355615153	-1.28131667750668	-1.28131667750668	-1.28131667750668	1.32975994569171	1.05727369304926	2.29002361534917	-1.28131667750668	-1.28131667750668	-1.28131667750668
XLOC_001134	-0.325385049433723	0.162630701945479	-0.115057740800549	-0.025145022778049	-0.164205672828324	-0.276023900686799	-0.623070146717104	-0.805912254281975	-0.694190244941361	0.797594162622271	1.12684997934009	0.941915188560051
XLOC_001143	0.645719461429138	0.917613668921778	0.465078612056904	0.174668358092561	-0.203055169577461	0.723501418470845	-0.189946319910248	0.251963594921638	0.462846438438885	-0.487246286594764	-1.44777456498717	-1.31336921126211
XLOC_001166	-0.684947871944817	-0.920004500965251	-1.65756626729115	1.36845488788037	1.17544934766159	0.785550531091872	-0.408072445808936	-0.58439662029549	-0.242118881637778	-0.275068248564863	1.23096722283297	0.211752847041478
XLOC_001172	0.558828349673035	-0.686288093801124	-0.543330940575795	0.288385345608119	0.175268401694772	0.104797489170007	0.203990926298709	-0.580723498379886	-0.451961960909683	-0.049844248024443	0.87378525862141	0.107092970624882
XLOC_001174	0.139186057936313	0.160056693841492	-0.757665622232266	0.691175783100318	0.470877153679611	0.569098879138465	0.0614086283539397	0.389219903512085	0.358829617958312	-0.349791236599214	-1.10354697223833	-0.628848886450731
XLOC_001191	-0.250038566521814	-1.50323986498905	-1.18274986529894	-0.28242049746946	0.246480079053029	1.05077240871809	0.467879643198032	-0.0209322954701872	0.601293312046617	0.0864558846392525	0.145439073597396	0.641060688497047
XLOC_001196	-0.48515736016003	-0.328482520933361	-0.183833137975181	0.595622492833389	1.08504327468982	0.889882569605954	-0.465446899929212	0.10969487223639	-0.0107604228245748	-0.254863082987533	-0.560082827130333	-0.391616957425331
XLOC_001228	-0.425578704039054	-0.425578704039054	-0.425578704039054	-0.425578704039054	-0.425578704039054	4.68136574442959	-0.425578704039054	-0.425578704039054	-0.425578704039054	-0.425578704039054	-0.425578704039054	-0.425578704039054
XLOC_001229	1.68166073441685	1.33832791938418	-0.912302525944292	-0.912302525944292	-0.912302525944292	-0.912302525944292	-0.912302525944292	0.686557563437409	-0.912302525944292	-0.912302525944292	3.59187399031589	-0.912302525944292
XLOC_001270	0.845265570854321	-0.969803019719767	-0.969803019719767	-0.969803019719767	-0.969803019719767	-0.969803019719767	-0.969803019719767	-0.969803019719767	-0.969803019719767	2.71815527513058	0.694361980002695	3.50064133177053
XLOC_001278	-1.57448771483783	0.393172587527254	-0.316898450564311	-1.24853415912526	-1.06529832612197	-1.31766606254403	1.34526698919591	0.975125888403434	0.962925148247638	0.332826097424833	0.553256769922379	0.96031123247195
XLOC_001279	3.39643698000151	2.08432254332731	3.57468847877087	-1.00616088912219	-1.00616088912219	-1.00616088912219	-1.00616088912219	-1.00616088912219	-1.00616088912219	-1.00616088912219	-1.00616088912219	-1.00616088912219
XLOC_001280	0.223241699500953	0.188074408812414	0.249759478785233	-0.203036336609143	-0.859616475872965	-0.476910115315748	1.37303777369061	1.29373598938587	1.38467068608451	-1.02468031845267	-1.14266546614227	-1.00561132386678
XLOC_001281	0.0506601676239056	1.06294830942613	1.53927018003059	0.239083156757274	-0.118401176523443	0.460256906594356	3.01360769838423	2.64957598780926	2.96396021262155	-3.22045255893371	-4.49194546510574	-4.14856341868439
XLOC_001283	0.530404103261713	0.583536300817461	0.380548944080147	-0.0506622635301897	0.0459705705811189	-0.00907783207413182	1.38547438400193	1.11293665755698	1.35580782476238	-2.0408067322158	-2.93410137036649	-0.360030586875117
XLOC_001285	-1.48913873192405	-1.48913873192405	2.02479150173416	2.29725086273007	-1.48913873192405	-1.48913873192405	0.650458361208196	1.98921245353848	3.46225794425746	-1.48913873192405	-1.48913873192405	-1.48913873192405
XLOC_001296	-0.274249253204051	-0.0800236060792248	-0.375144726057826	0.925811690603398	1.04108574056596	0.973751939463046	-1.24967263015737	-1.26315537096432	-0.786882823798191	0.347002414909005	0.468868703938606	0.272607920780978
XLOC_001297	0.985371368875091	1.12720544593294	1.05438462069638	-0.0455193518241632	-0.122667579012706	-0.0497759482512699	-0.484575569735242	0.0695543719109519	-0.411904701631105	-0.379132652410636	-0.745591493997646	-0.997348510552589
XLOC_001324	0.156972376011876	0.469209294108797	0.229282366988556	-0.551708632135404	-1.57724157947487	-1.13822465417238	1.47613595163827	0.64896070703677	1.08758706663479	-0.376569084159311	-0.467079777125612	0.042675964648522
XLOC_001328	-2.26213502019662	-0.0115045748681539	0.107856924549935	1.82512029023923	1.8629549788733	2.21645340262683	-2.26213502019662	-2.26213502019662	-2.26213502019662	-0.272267936555617	1.54684878825165	1.77307820766933
XLOC_001356	-1.05913864169058	-1.45544354118615	-0.974125536427342	1.54115588658032	0.593345857688391	1.69529626147678	-0.218721374772317	0.624285902185991	-0.205762188553225	-0.0825079418224766	-0.4108558359997	-0.0475288474796889
XLOC_001365	0.106030749072186	-0.118260146654128	-0.223159619020285	1.13773696173165	1.10859238392849	0.823191994243942	-2.69162318921488	-1.84397294655488	-1.98823955354717	1.40684169735863	1.08355022937361	1.19931143928285
XLOC_001367	-1.5529539202928	-1.5529539202928	-1.5529539202928	2.23343567436132	0.350676851985274	-1.5529539202928	0.586643172839446	-1.5529539202928	-1.5529539202928	2.13500437455755	0.863511468385521	3.1484519796277
XLOC_001385	0.623750340392279	0.221980803790292	0.351205095081443	0.115879387087741	0.207457306744086	0.357288605812444	-0.0800538144927092	0.340268999653365	0.185247406997595	-0.923664191712895	-0.429118207760151	-0.970241731593488
XLOC_001389	0.268068170235299	0.389205835012703	0.520458559647418	0.293375838093562	0.0159513132738933	0.154299492570429	0.103753179877073	0.288416476218202	0.262271947605711	-1.16195702966685	-0.749071047112475	-0.384772735754975
XLOC_001390	0.376926599236139	0.341587417147347	0.534477699822641	-0.108865065603547	-0.289055898060731	0.245590385435797	0.124090685209763	0.391728586548084	0.0268451288173743	-0.215067948624744	-0.702880243838079	-0.725377346090053
XLOC_001397	-0.503763970077584	0.389163756463781	0.552225094462705	-0.197891107050242	0.0732211120365704	-0.345421304040069	-0.183559097752771	-0.0330707051298065	0.388090473176678	-0.231880444766511	-0.113830181013687	0.206716373690931
XLOC_001399	0.432135213960355	0.932767069960489	0.163046500920911	-0.167377373744125	-0.573690880615909	-1.04642996794488	0.792033792266707	1.40491047730145	0.397589229918473	-0.932031391097318	-0.90181336906367	-0.501139301862477
XLOC_001400	0.654205083203713	0.859899649267851	0.539228092467798	-0.161695819195073	-0.383270706204428	0.0151238070405952	0.598914833654767	0.549067265777342	0.388426997502476	-0.538802801597072	-1.36073345489734	-1.16036294702062
XLOC_001402	1.46623805921402	1.27239199173661	1.15202905530475	-1.13756483887604	-0.46890489036608	-0.196479984063171	1.39463391086017	1.67938608538889	1.16351988163504	-1.88186071172466	-2.45693447733655	-1.98645408177299
XLOC_001404	2.37914088910953	2.06701293981851	1.90492089102606	-1.21893497403894	-1.55280716537175	-1.29146982166564	0.958775722289323	1.17473700935689	0.791476208493405	-1.83690334795519	-1.94802511398915	-1.42792323707305
XLOC_001405	3.54429711778184	4.01080654646648	4.00365894651321	-1.82216815774939	-0.714071585934694	-1.24630195398759	1.3915612681252	1.25077938031883	0.796951115621949	-1.67430533337371	-5.90942346818524	-3.63178387559688
XLOC_001406	2.42762494684082	2.81360798405148	2.68870024181352	-2.95167726326781	-1.44100950580589	-1.00307912299287	3.04635911773546	2.92362347882128	2.6197357769437	-5.02189674881684	-3.35773174909438	-2.74425715622848
XLOC_001408	3.73855951230574	3.94972871465804	3.40610258958166	-1.09066561196054	-1.25725432523149	-3.16088509750957	1.47398389171255	0.765426205910135	1.65765941306216	-3.16088509750957	-3.16088509750957	-3.16088509750957
XLOC_001409	1.42294502738367	1.26465099635597	1.27348037903737	-0.948380850684401	-0.567982535922956	-0.582493780948214	1.35712425009811	1.51733252657022	1.17053442187034	-1.57848882216541	-2.2048813599899	-2.12384025160481
XLOC_001410	1.41345694843865	1.4061478534734	1.14303597320315	0.189653327736778	0.214236340717382	-1.03752046647518	0.854637662971641	0.654145321967241	0.702842894204147	-2.72034027037662	-1.49951370736379	-1.32078187849681
XLOC_001411	1.98715812429561	2.70980790062386	2.63774349515752	-1.76057652548505	-1.92716523875599	-1.81572425253539	0.899728371706467	1.39889555368283	0.67854853950467	-1.84092892739306	-1.41433062235575	-1.55315641844571
XLOC_001419	0.231931672911688	-0.174847080001943	-0.588863302895271	-0.946322293318528	-0.854212582697486	-1.01374456027295	0.399202554072629	1.62768111809843	0.653651418494889	0.463582296778295	0.73932563600107	-0.53738487717083
XLOC_001449	5.82858182767649	5.37831920690213	5.07635832917276	-3.49507557160166	-3.49507557160166	-1.48000381310299	0.534269829181367	0.772561177935784	-0.298873699479694	-3.49507557160166	-1.8309105718792	-3.49507557160166
XLOC_001451	4.03226328931352	4.00633684503595	4.09513265449326	0.492002566172163	-1.57821691937686	-1.57821691937686	-1.57821691937686	-1.57821691937686	-1.57821691937686	-1.57821691937686	-1.57821691937686	-1.57821691937686
XLOC_001452	4.02589324541216	4.12270254858369	3.81827195697576	-1.85507761689436	0.048553155383714	-1.85507761689436	-1.85507761689436	0.970122411905211	-1.85507761689436	-1.85507761689436	-1.85507761689436	-1.85507761689436
XLOC_001471	-0.453903867561713	-0.175321824686666	-0.451203583026554	-0.35862185921668	-0.667846746626161	0.0214697760236122	0.474351794791653	-0.429301297882968	0.603888563731489	0.841065038488172	0.028338061542482	0.567085944423329
XLOC_001473	0.225492054743305	0.950303333034664	0.713488710888269	-1.14074119812192	-0.399397267768618	-2.40342951570348	1.5534233967122	0.346949656039238	0.69989525386517	-0.031702323806825	-0.723819992297586	0.209537892415584
XLOC_001490	0.452524213180871	0.426320314991282	0.219759338313526	1.00437526513748	0.682195853340072	0.932075937537612	-1.15863665970994	-0.913427180686961	-0.350361173807802	0.0914611407406829	-0.743380222101222	-0.642906826935603
XLOC_001500	0.318520184635595	0.447026759953888	0.227452516602132	0.00926152202104813	0.575180295294027	0.327668392444962	-0.879977103184834	-0.493478131942799	-1.4307133044472	0.5060017551219	0.365455829613854	0.0276012838874315
XLOC_001504	-1.06779557137631	0.260005365981749	0.374747058950724	-0.432746629090502	0.341503594052213	-0.353101547321486	0.204376473980899	-0.305679436759041	0.544615725205018	-0.253000099192009	0.0858710277258954	0.601204037842841
XLOC_001508	0.655983808316237	0.366709236979857	1.21090716248871	-1.15908478225785	-1.15908478225785	-1.15908478225785	0.275581784035573	-1.15908478225785	-1.15908478225785	-1.15908478225785	1.74932616451331	2.69600053721342
XLOC_001509	-1.92511831852529	1.69273527199268	0.444873626221265	-1.92511831852529	-1.92511831852529	-1.92511831852529	0.685958304673103	1.2633084992362	-1.92511831852529	1.38464170830372	1.88386548992298	2.27020869227653
XLOC_001529	-1.71117726010507	-1.71117726010507	-1.71117726010507	-1.71117726010507	1.49431004909434	-1.71117726010507	1.77671921909669	1.1140227686945	0.184823784423674	0.278689823535934	1.56341259631404	2.14390805936619
XLOC_001599	0.675194105641182	0.558922576999706	0.500767059368094	-0.384354816496002	-0.0822916249615151	-0.117165222381177	0.46889490335883	0.663312526264264	0.673983763774725	-1.07205298319219	-1.12535905888725	-0.759851229488661
XLOC_001611	0.605132440057388	0.0434162687626038	0.6210585462882	-0.173401226950733	-1.26311557924228	0.0590268042191129	0.944901471277086	-1.13459079280529	0.858753688966871	-0.650030794775847	0.399427814133116	-0.310578639930235
XLOC_001626	-2.14502835760233	-2.14502835760233	-0.519900096107184	1.64136123705179	1.43585888540862	1.19496704471786	-2.14502835760233	-2.14502835760233	-2.14502835760233	2.79607984207989	1.42135995308054	2.75541492178014
XLOC_001635	-1.00554816541485	-0.26430410948857	-0.235677380675847	1.36232339059686	1.04457921087034	0.170895301160647	-0.347958763979843	0.280162722583107	-0.371539722271283	-0.338526944956131	-0.00583535979236771	-0.288570178632064
XLOC_001642	-0.365044589907125	-1.86220265858413	-1.83921809866178	0.93902222901071	0.950551265980531	1.12344835577242	-0.764921200125921	-0.422319230127794	-0.0510502660963006	1.30793833689915	0.638762267975737	0.345033587864515
XLOC_001653	0.474741328200239	0.525176313582814	0.671738252294959	-2.17204497563232	-0.934287451760079	-1.04055982500603	0.546161196276693	0.742405784645558	0.125833409015175	1.17520243531454	-0.555200934569813	0.440834467638259
XLOC_001659	0.0737713325774987	-0.0561237110097208	-0.116611807721631	-1.67395785179861	-0.631748205663585	-1.44152982062877	1.10457735446933	0.442740582306675	0.102529788953414	0.526338449767271	0.995341625835112	0.674672262913015
XLOC_001668	-0.548185584606644	-0.548185584606644	-0.548185584606644	-0.548185584606644	4.13404038614434	-0.548185584606644	-0.548185584606644	-0.548185584606644	1.3478154599221	-0.548185584606644	-0.548185584606644	-0.548185584606644
XLOC_001678	2.10980842848553	0.411379672120471	1.1770971297084	-0.079418980171297	-1.0631206830909	0.752215872330726	1.56566664612706	1.80816687612073	2.2184594044762	-2.96675145536898	-2.96675145536898	-2.96675145536898
XLOC_001682	0.231137192138776	1.2550275222956	0.495969957488585	-2.36282606822237	0.333849174140214	0.461740924631926	-2.36282606822237	-2.36282606822237	-2.36282606822237	2.57828213145985	1.65376911371247	2.44152825702205
XLOC_001685	0.8559733528454	0.489808639751263	0.617779999287605	-0.170796540874325	1.3398712165876	1.77780159940062	0.370060596775048	-0.642155937041649	2.08470515253848	-2.24101602642335	-2.24101602642335	-2.24101602642335
XLOC_001686	-1.40207522390844	0.848555221420028	0.223053037586704	-1.40207522390844	-1.40207522390844	-1.40207522390844	0.737521869223805	0.196784865473258	-1.40207522390844	0.587791859732564	1.01439016476988	3.40227910133598
XLOC_001690	1.34793671757419	-1.24602654278696	-1.24602654278696	-1.24602654278696	-1.24602654278696	-1.24602654278696	1.36505008041144	0.352833546594745	-1.24602654278696	-1.24602654278696	2.56295726566132	3.09340818926699
XLOC_001700	0.76117898982327	0.653693243701191	0.42967515168349	0.636982417256943	0.577257709979849	0.636308563649248	-2.22397305877502	-1.42487232526596	-1.55289542387943	0.747526381777249	0.444677544062985	0.314440805986182
XLOC_001705	-1.99822953530515	1.14420432111138	-0.0575377225034641	-0.407507656513078	1.01530111490992	0.665290296944219	0.35918685714772	-0.0936496998689056	-0.241957833023375	-0.503538099050223	-0.538708269460119	0.657146225611066
XLOC_001708	1.59441858236632	-0.999544677994821	-0.999544677994821	-0.999544677994821	0.904086094283256	-0.999544677994821	-0.999544677994821	-0.999544677994821	-0.999544677994821	2.68841361685553	2.80943913045346	-0.999544677994821
XLOC_001723	0.336639133581659	-0.211072797181792	-0.411358802531211	1.33158742810735	1.02236254069787	0.288946725269581	-0.886278309726302	-1.54897476012849	-0.802834496072202	-0.139056654116535	0.493771501645663	0.52626849045441
XLOC_001732	-0.306606132461973	-0.342928369338807	-0.179593270342362	-0.0621999579291339	0.0927902241477785	0.0571082148011701	-0.455213831889226	-0.736171728068157	0.00121371943503323	0.858940559062953	0.540313926760113	0.532346645822615
XLOC_001734	1.14248346747677	0.750543769594906	0.444942323777852	1.02091365734544	0.694130138641016	0.79084630624469	-2.33709604402811	-1.26998292036468	-1.98054583611107	0.592924618573862	0.0939991401439677	0.0568413787053501
XLOC_001742	-0.814466094246187	-0.842275015552221	-1.04388371166631	0.712662465388995	0.00433485140878975	0.20294172254913	-0.921994983251215	-0.672244231811796	-0.663601332375555	1.27120230487342	1.39783622818781	1.36948779649514
XLOC_001743	-0.608437803645275	-1.39330953383359	-0.959469823634152	0.629948237751647	-0.258941842944565	-0.832948569307492	-1.00184561514525	0.298466639124732	-0.0104811432920373	1.66607943650764	1.31195637773868	1.15898364067965
XLOC_001752	1.54506340715399	1.63429942130749	1.66263761523665	-0.830720117282271	-0.644608960100491	-1.70893527095715	1.89333012428437	1.30411088243421	2.02728588310209	-1.4926347619696	-3.3112875081028	-2.0785407151065
XLOC_001781	0.135459147232901	-1.13862874789205	-0.997987253182135	0.949646613279655	0.0535160439910261	1.47793328925774	-0.969350855232562	-0.729705457076834	-1.02656523198283	0.368495090685736	1.24071869658077	0.636468664338588
XLOC_001783	-0.476502003365574	-0.0663179352499377	-0.444773739846188	-0.16213739262918	0.411129837322529	-0.0466248771212907	-1.03564856574472	-1.09724795650089	-0.206110458304218	0.940758453689876	1.06286559235047	1.12060904539913
XLOC_001784	-0.757472168606887	-0.526029228854797	-0.972366472067568	-0.07665152183408	0.509516005984339	0.326365244013715	-0.890964251356198	-0.725916994745705	-0.491787118921459	1.22388399430536	1.02529998757929	1.356122524504
XLOC_001785	-1.00759800821618	-0.670756283307048	-0.874403242571375	0.129124929625144	0.81102768799825	0.50127004029415	-0.705668086060218	-1.37998167288806	-0.274521676539637	1.04686322014603	1.27690789805314	1.1477351934658
XLOC_001787	-1.2623258014733	-1.2623258014733	-1.2623258014733	0.80789368407572	0.641304970804772	-1.2623258014733	0.172340764820119	-1.2623258014733	-1.2623258014733	1.53344281744871	1.64608514529785	2.77288742639265
XLOC_001788	0.118866781948973	-0.961995418975803	-0.708718028640503	0.462043813817198	0.217064382145232	-0.168668228260823	-0.638521663788347	-0.415186133506287	-0.588344121081644	1.01383831088327	0.852394313928139	0.817225991530593
XLOC_001790	1.41531114268031	1.32419740605074	1.4599965122195	0.833398753758973	-2.05393372143871	-0.0388619629400297	1.81648807785532	0.771266307360867	0.633938648769135	-2.05393372143871	-2.05393372143871	-2.05393372143871
XLOC_001792	2.00030724695511	1.08067081629165	0.360179328588708	-2.00981261615785	-2.00981261615785	-2.00981261615785	2.41230588949971	2.6540176552729	1.56152767669801	-0.0199455325168438	-2.00981261615785	-2.00981261615785
XLOC_001795	-0.0200843299600937	-0.463108097427282	-0.406174521957062	0.682256300724815	0.451250382847077	0.660105035067369	-0.378342458828142	0.0437774246501483	-0.340652867215931	-0.0597737085741148	0.0527188688828737	-0.221972028209652
XLOC_001809	-0.0125088972972334	-0.85191166812192	-0.588457700857751	-0.95373046396411	0.106733446836279	0.430315035379444	-0.0241289740593906	-0.225241184673937	-0.964082703827816	1.20461365824102	0.848060465083528	1.03033898726188
XLOC_001813	-0.0183323700248232	1.08563304410218	0.835264882050403	-0.225902375142135	-0.0580008268526839	-0.708162357091837	0.3356877240783	-0.267832756144577	0.535046004125286	-0.331250473489446	-0.652388735684596	-0.529761759926065
XLOC_001830	-0.140028458916651	-0.58092782187798	-0.441951758583038	0.21409955035509	0.505247042527515	0.359158058595243	-0.500889783429391	-0.521643405449442	-0.530286258422112	0.87842224369486	0.395955580380061	0.362845011125856
XLOC_001842	-1.23522972144628	0.28990155401415	0.226150528784939	-0.420850753558612	0.216504584171837	-0.256759272784316	-0.34962830399109	-0.688522699141486	0.057203421912785	0.795476283662726	0.622006041784944	0.743748336590404
XLOC_001855	1.12422019603103	1.04064758818321	1.50335518359659	-1.59892753746167	-1.28077270345993	-0.467442386835375	1.26324931980907	0.819406142246793	-0.160538833697512	-1.17649998583033	-0.91987170197648	-0.146825280605402
XLOC_001864	0.165889878867206	-0.47721014247027	0.141141427560975	0.804439699559498	1.38291374378494	1.13281840791989	-0.173029166391776	-0.553337927038346	0.0857707854487684	-0.846242283494445	-0.867137603749743	-0.796016819996704
XLOC_001896	0.821007349772349	-0.491107086901847	-1.21159857460479	1.59611478709322	0.543499479718571	-0.241595117031156	-0.331237647006892	-1.98273042996965	-0.385388647229379	1.72715085402463	0.777628116386625	-0.821743084251679
XLOC_001902	2.25235619950808	3.82398365335209	1.52535876498589	-0.844633179760673	-0.844633179760673	-0.844633179760673	-0.844633179760673	-0.844633179760673	-0.844633179760673	-0.844633179760673	-0.844633179760673	-0.844633179760673
XLOC_001910	-0.796120543479293	-0.405811053499517	-0.0325518541467682	1.02676013800417	1.17818857514467	0.077791172284094	0.639379173541031	-0.642988862616905	-0.486317120866262	-0.0279915727236872	-0.0296579132247885	-0.500680138416747
XLOC_001935	-0.201186065377851	-1.04271842277125	-0.116172960114613	1.73678173464766	0.975687779365234	0.405860072573955	-1.17049667791624	-0.494538246840994	0.652190387759504	-1.11108952343168	0.447096740313029	-0.0814148182067509
XLOC_001949	-0.373273557178233	0.0776082537420324	-0.197102219260413	0.517465772449675	0.347245553355467	0.764039622660496	0.581171035053463	0.606683029585568	0.125716479899052	-0.139064911258493	-1.22717857256247	-1.08331048648614
XLOC_001965	0.0405448305768494	0.956300906177374	0.595468184749321	0.295695725551786	0.922151482365344	3.05218586283741	-1.77452375999724	-1.77452375999724	-1.77452375999724	-1.77452375999724	-0.110358760274776	1.34610680800564
XLOC_001981	-1.10031085123012	-1.04183593760658	-0.284345155100794	0.65186818752963	0.0962856253943398	0.677995169960687	-0.692709539966899	0.284298014175877	-1.29385423013799	0.979494331616265	0.534544000308786	1.18857038505681
XLOC_001993	-1.28011173927262	-1.28011173927262	-1.28011173927262	-1.28011173927262	0.623519033005459	0.73496001922606	0.154554827020806	-1.28011173927262	0.615889305256131	2.40784655557773	0.384053260449845	1.47973569582705
XLOC_002010	-0.20384179200599	-1.04537414939939	-1.56470925117788	0.124719607406122	0.40509396390032	-0.404687651064863	0.108912824607206	-0.155868527351386	0.0858392736499045	0.650830783555576	0.644285692171111	1.35479922570927
XLOC_002024	-0.61460134136683	0.784755973377646	0.665222500877137	-1.04852833483591	-0.482830316665826	-1.44161664785994	0.594660614976458	0.0370447388079995	0.832416773670717	-0.132191562653611	0.11807871196079	0.687588889711375
XLOC_002036	0.153367690019319	0.428302935302007	0.372168797429484	-0.929651773789478	-0.467058651264457	-0.4142291663906	0.127270448074274	0.12727995718523	0.197311720695808	0.230318176179164	0.0270247746560841	0.147895091903175
XLOC_002038	0.108356554517047	0.963846571428735	0.811206738032266	-0.909886304336379	-1.22492906588931	-0.646676766616419	0.712893237224194	0.484941805111186	0.882907590594858	-0.606944100677302	-0.300257595659313	-0.275458663729558
XLOC_002042	-0.525796248846119	-0.353599673131531	-0.0990663826252733	-0.0560382948393974	0.1873864224544	0.19764297207963	0.122506820602402	0.373705178106759	0.736997662050371	-0.073069507137979	-0.523715158348244	0.0130462096349788
XLOC_002044	-0.535937393231728	-0.407430817913435	-0.0770474578050253	-0.398985539921537	-0.856375155948196	-0.00645088671322469	0.490803177173385	-0.0596708431121824	0.565747975387989	0.618304071497887	0.240648295813326	0.426394574772739
XLOC_002045	-0.433772451238614	-0.026849615648838	-0.240584257679584	-0.223052999867869	-0.515834753377625	-0.36667109044654	0.44184224258098	0.546400284186037	0.673569494034323	0.468461540876982	-0.294556724990723	-0.0289516684285251
XLOC_002047	0.546480379484644	0.202110630017083	-0.00153632924724434	-0.267568634540683	0.105916583158158	0.516386670105171	0.0425791001003377	0.216917266596878	-0.0552636749631352	-0.372946506726628	-0.444535239587008	-0.488540244397575
XLOC_002053	0.314913681016781	-0.00963301544823025	0.0354409754777958	0.608377747083244	0.286028401748506	0.240096680071764	0.19239717555018	0.396178044345161	-0.480730131132859	-0.25056392930018	-0.494203308078932	-0.838302321333223
XLOC_002055	0.732017640091096	0.976970548374419	0.753253900498086	-1.49392525558164	-0.494600690746186	-0.737663375022629	0.978375803768236	0.989516334928844	0.861507774134974	-1.15994894356638	-0.755937909428003	-0.649565827450802
XLOC_002067	-0.685827476028464	0.171715699979296	-0.494678232496488	0.929487244815023	0.568611959341101	1.21171102816722	0.348810762624364	-0.384541122741233	-0.285069208252875	-0.160926627189077	-0.894441069309252	-0.324852958909619
XLOC_002069	0.820232134362302	0.446042287063036	0.550915140534944	0.375182804684068	0.601386795791468	0.90513127735086	-1.04171847082688	-0.0619431731638533	-0.388925712477748	-0.499800511878512	-0.602810350607058	-1.10369222083262
XLOC_002083	0.685643637241792	0.917086576993883	0.879478584449252	-0.0694747438913037	-2.67270399704334	-1.35056161358195	0.877422009625861	1.02620794203997	0.558512523017018	0.317795369466446	-0.501432948832201	-0.667973339485424
XLOC_002107	-0.91979228564955	-0.559446579386793	-0.303577261085625	0.703317548046286	0.953055830948792	0.683077382027137	-0.366999868708957	0.128359996739765	-0.467017600281222	0.458274858550533	0.00770175583669008	-0.316953777037061
XLOC_002111	-1.07293571618763	0.174270172763809	-0.711749833177421	-0.744374316775523	0.936631062341212	0.0488897259001995	-0.870480695412917	0.085247036071264	-0.966878022108645	0.694086695149532	1.29910044856444	1.12819344287169
XLOC_002112	-0.277845585493187	0.156431152180616	-0.184885794169444	0.0641061525454747	0.676676182002717	0.572721716747571	-1.17038937566583	-0.970400515318503	-0.20521590409434	0.539330960273233	0.361873059443653	0.437597951548048
XLOC_002113	0.802731903899981	0.032594923600362	0.680150799980674	0.277967189621198	0.758668441111433	0.341995889183499	-0.618625860321203	-1.77826821864432	-0.212254782965627	-0.335039132513278	-0.0162113441334935	0.0662901911807801
XLOC_002118	0.562883507211123	0.930183463998799	1.11991367010882	-0.314455446437751	-1.46670945846831	-0.569008278655802	-0.515178599983214	0.182094863237645	-0.0962000252977413	-0.106488501797038	-0.179650410905531	0.452615216989003
XLOC_002119	-0.846268771877984	-0.0199573812536205	-0.187325664601843	-0.612579833932569	-0.404297304770432	-0.271872824812002	-0.0588026995407365	-0.0993058448065351	-0.195581685282425	0.621544235504151	0.910945283869713	1.16350249150428
XLOC_002138	-1.68457279743742	-0.158778778199712	-0.0594445359422724	-1.68457279743742	-1.68457279743742	-1.68457279743742	1.56578007490704	-0.0857127080557181	-1.68457279743742	2.76195168347044	2.67464583830056	1.72442241270676
XLOC_002157	-0.501664732084625	-0.489798426388036	-0.660273551850551	0.774696228006964	0.877381151590074	0.661168077700789	-0.129362919636471	0.310161219781586	0.252417622664381	-0.227155698959703	-0.467537837148259	-0.400031133676149
XLOC_002198	-1.13789217712316	-1.13789217712316	0.487236084371985	-1.13789217712316	2.06759513207625	0.877179581375516	0.296774389170261	2.34045900833937	0.758108867405586	-1.13789217712316	-1.13789217712316	-1.13789217712316
XLOC_002202	-0.207007584280105	-0.446503461657535	-0.853845050028034	-2.53938596785478	0.473538483276827	-0.590787827579832	0.120918929336733	0.76824078373794	0.575605406441371	1.37708044281621	0.258340837169921	1.06380500862128
XLOC_002203	-0.271024681871503	0.586344216751919	0.634652164104001	-0.494754950330343	0.0544785443744482	-0.941149142664275	1.21975456493707	1.41167381123225	0.904066314860706	-1.48537592606245	-1.37273359821331	-0.245931317118512
XLOC_002219	0.662530641549456	-0.0691397972295222	0.135068305052877	-0.183481743995109	-0.913821427321101	-0.769337775237432	-0.0418769864437838	-0.717976656871731	-0.306753373148727	0.638532488072462	0.709466286527714	0.856790039044895
XLOC_002224	-0.40522591217172	-0.0101010200729599	-0.587202546938792	0.287566754194049	0.20265989305214	0.262178699769006	-0.457748972640457	0.231713792268012	-0.561177347652743	0.44341862546206	0.24653704729521	0.347380987436194
XLOC_002236	-0.567610255463686	0.0963552091237307	-0.309528843683516	-1.00562192914006	-1.36026869004663	-0.375188667908377	1.23862258721905	1.00212755393105	1.31877766229135	0.0327680654813456	-0.128089485381826	0.0576567935775865
XLOC_002238	-0.261295701346937	-0.618097162687248	-0.52930135322994	0.136978905945067	-0.399666403098274	-0.659461234145522	1.1291665405784	1.13089901087072	0.71334319448472	0.0877754041096592	-0.254504547570059	-0.475836653910589
XLOC_002241	-0.675490322485381	0.216283132545853	0.223162204586103	-0.333906841568123	0.281899607478224	-0.173662836573391	0.293710893519513	-0.0149634432195924	0.384544802414926	-0.0705641294086217	-0.201790955498164	0.0707778882086529
XLOC_002253	-0.550855248613844	-0.619317541535316	-0.177494251544342	-0.0412541449075583	0.06603371162028	-0.431061117624823	-0.054449321552049	0.0355583447441106	0.0892242624944508	0.906212660026871	0.404059114511144	0.373343532381073
XLOC_002260	-2.54601880963412	0.0580983944829532	0.0474609634679304	-0.242949290496412	-0.804358980636346	-0.66139364717181	0.740425388388527	-0.0754193718795495	0.337336081634838	0.846703826224749	0.529439957159977	1.77067548845927
XLOC_002267	0.144955189231179	0.00231758590737918	0.21275940869891	0.191760617951679	0.285620991645967	0.595784950767747	0.209310646276167	0.410291869764357	-0.508205495204682	-0.882992630000317	0.0232475347922927	-0.684850669830674
XLOC_002273	-0.984512409816055	1.74631225635856	0.640615851679092	-0.984512409816055	-0.984512409816055	-0.984512409816055	-0.984512409816055	-0.984512409816055	-0.984512409816055	-0.984512409816055	2.82447139863222	2.66469977185857
XLOC_002277	0.739130844135468	0.500904910903698	0.197104589672801	-0.513407974333187	-0.185262177388928	0.0185906053696057	-1.03932684110607	-0.612183393619609	0.0640154506222164	0.527080037987149	0.253875168537874	0.0494787792189806
XLOC_002282	-0.0847445509102158	0.222514228010181	0.0539159662063362	-0.628898281361129	-1.23694953733271	0.0838263034745017	0.432438557171725	0.80821467486324	0.200837699003522	0.482649318207485	0.0376989869000059	-0.371503364232939
XLOC_002302	-1.60528973308464	0.645340712243834	1.25350629262632	-1.60528973308464	1.60019757611478	0.409782025414041	-1.60528973308464	-1.60528973308464	-1.60528973308464	0.384577350556371	1.30312121368652	2.42992349478132
XLOC_002306	-0.834887180357955	-0.219668212933913	-0.0973552139969822	-0.153733321669268	0.328283185734689	-0.2382095370742	-0.155086474950794	-0.246310544355367	-0.0414547818304722	0.896618601336	0.307092643556071	0.454710836542199
XLOC_002325	-1.60357800237936	2.21978058300791	1.25521802333159	1.28375447281832	-1.60357800237936	2.11538932532034	-1.60357800237936	-1.60357800237936	-1.60357800237936	0.386289081261647	0.812887386298963	-0.0554288601419788
XLOC_002327	-0.881570812059746	0.786296486700999	0.963722229362192	-0.827847741047432	-0.328343190920353	-1.06175900634864	0.675259730224453	-1.06105024911553	0.943392119437297	-0.930566754035234	0.171657834574052	1.55080935322793
XLOC_002328	1.56049809950958	-0.678591553016442	1.01884978186585	-2.20438557225415	-2.20438557225415	-2.20438557225415	1.82495982852888	0.984041245507345	2.12133560670769	-2.20438557225415	1.07020428416497	0.91624499574873
XLOC_002339	-0.0709725656106084	-0.538065041530613	-0.131347123273478	0.612352825481601	-0.268922265687941	0.296295642786921	-0.517866469311567	-0.429330555655991	-0.0833699386563467	0.259594325909285	0.598670141207615	0.272961024341132
XLOC_002357	-0.181558425341108	-0.247289144446374	-0.0333279239386242	0.644015093335073	0.315880821226978	0.442869609304592	-0.180445069426915	-0.206402261651377	-0.286441783364286	-0.0640307920432468	-0.158445986441897	-0.0448241372128146
XLOC_002358	0.790439985469273	-0.199704985772932	0.0694208526541704	-0.426223414771382	0.268219263045864	-0.158062881338817	0.0512175452129693	-0.374237156499052	-0.530888783195753	-0.0935977922706988	0.533935626657227	0.0694817408091337
XLOC_002363	0.708168188549594	0.684525902534844	0.857220637630389	-0.482450554716683	-1.41471605568226	-0.651076186556105	0.181857128300597	0.637902563307843	1.00204047273056	-0.49548129373934	-0.853651101139593	-0.174339701219852
XLOC_002377	-0.561528344318872	-1.09780924299762	-0.48904134371694	0.990691840126319	0.325507177210605	1.3429553357237	0.433244390976782	0.0417416702377347	-0.453441376623895	-0.208543868054461	-0.536891762231685	0.213115523668333
XLOC_002379	0.00875840390067939	-3.17626149937133	-0.94629511523327	0.597848976905581	1.29918998680006	-0.435114003202266	-1.01025630224205	-0.0382252471782838	-0.833267207608384	1.92841013262554	1.29591004848122	1.30930182612249
XLOC_002386	-1.4811707596633	-0.64338681397453	-0.987599637385474	-0.21727436874082	0.244936258468219	0.683953183770706	-0.417997522286282	-0.682778874244875	0.234795236062851	1.54400191724835	0.946122731338011	0.77639864940715
XLOC_002389	0.430626165331081	0.455236055685489	0.693977533072194	-0.839103085703643	0.00920935962732994	-0.158350172359738	1.60177284779289	2.03422619876358	0.981689230459942	-2.59155935107659	-1.82093965931573	-0.796785122276812
XLOC_002411	-1.64658554432771	-1.1404717916944	-1.68742783344719	-0.41299371439191	-0.447162936789509	-0.588796933708524	1.05823270617451	1.40308808118606	1.30388340885162	0.572716481630051	0.594859750111583	0.990658326405429
XLOC_002417	0.621441708856552	0.342190089844439	0.412158550114485	-0.784991867735837	-0.381084774726103	-0.10077071067667	0.181960629369502	0.17927499040221	0.320205948729059	-0.312722647391317	-0.215440538787074	-0.262221377999243
XLOC_002437	0.364465571763919	0.0383982671714049	-0.0738148051432495	-0.523459363068886	-0.471533234666775	-0.522307140457977	0.0659571309678677	0.289292661249927	-0.103761539617334	0.808404514487544	0.21312145747536	-0.0847635201618067
XLOC_002448	-0.76564163614806	0.557775580424188	0.477190010677394	-0.481034679750648	0.10566268714476	-0.156943594878989	0.762479801025369	0.438401421935302	1.03951601556442	-1.21920378010188	-0.727942375001205	-0.0302594508906484
XLOC_002449	0.182476143456796	-0.258292616807658	-0.0677494368270182	-0.694807805176963	-0.0805969773444559	0.410480800396725	0.424063602971034	0.663341956569717	0.250861358092275	-0.572999723075881	-0.0744410506637951	-0.182336251590773
XLOC_002452	-0.143367472831279	0.313343093024378	-0.045021324818963	-0.6584810690942	-0.780390502145221	-1.13994743235045	0.357907029016656	0.209698099152278	0.421699790614876	0.350410803941069	0.678094425421408	0.436054560069447
XLOC_002466	0.197934999991238	0.284086277653229	-0.0114742625434641	-0.311001088197985	-0.326678449936656	-0.195421787018153	0.241620453952669	0.348406930615448	0.088546869615735	0.123616235923333	-0.351661362301268	-0.0879748177541213
XLOC_002471	-0.113314375529642	-0.300479412609627	0.0177089611124686	0.644562818041447	0.453637146269017	0.41557738552029	-0.338040089526225	-0.178544408226236	-0.405846251768942	-0.189167304615367	0.167703747038157	-0.173798215705336
XLOC_002472	-0.766680077695388	-0.766680077695388	-0.766680077695388	-0.766680077695388	2.43880723150403	-0.766680077695388	-0.766680077695388	-0.766680077695388	-0.766680077695388	3.67984440321247	-0.766680077695388	0.781469064541993
XLOC_002485	0.534482853697459	-0.267058715440613	0.581977437507686	-1.5428282319892	-0.551661401911714	0.676783741281764	0.898010527580682	0.947685529954862	0.859133317736474	-1.12040068035787	-0.621176898738604	-0.394947479320924
XLOC_002488	1.18812234558546	0.149995180788079	0.0398706496736736	-1.18587790036677	-2.27559225265831	-0.493679072197441	0.581902916607404	1.1567531014636	-0.153722984449164	0.538063433924359	0.271023430272752	0.183141151356362
XLOC_002490	0.813527692079756	0.691651840879997	0.057270981103934	-1.49746364685053	-1.54837893114106	-0.510485983722943	0.0161963471397479	0.448200071864978	0.51288827244225	-0.114654187112175	0.941059801265915	0.190187742050131
XLOC_002497	0.911007682574765	2.14040300760089	2.89789379010668	1.2043768974113	0.220675194491696	-1.68295557778638	-1.68295557778638	-1.68295557778638	-1.68295557778638	0.306911505854627	0.733509810891942	-1.68295557778638
XLOC_002505	0.388214029076522	0.238130584632675	0.106281326888432	0.385842602858334	0.12753245000045	0.502287778830171	-0.661168802261782	-0.1232264697747	-0.494564939310944	-0.223810429383596	-0.00847988056296423	-0.237038250992605
XLOC_002527	0.878860289393558	0.155517380919541	0.268896855315369	-0.987566998133666	-0.103566577980018	0.409167936240844	0.1135268501556	-0.167524068151187	0.105456516119772	-0.856530931202258	0.100115939577303	0.0836468077451418
XLOC_002530	-1.01697146943923	-0.600914747300269	-0.0454086310764659	0.484249012999332	1.0277445963073	-0.574147536762548	-0.255972003899327	-1.51934812344194	0.121490986902011	0.930704323921366	0.764563279598936	0.684010312190822
XLOC_002534	0.837845585342595	0.848602676234707	1.21482279372412	-1.27147187674008	-0.900607860537016	-0.453165415698617	1.10872425377397	0.670899427141755	1.07738480203588	-0.899637968826543	-1.39940351962148	-0.833992896829289
XLOC_002536	0.985197054787209	0.640914050055289	-0.73499561695783	-0.61055629291883	-0.572721604284759	0.275802806940901	0.362269148446428	0.45168093381505	0.945827215809556	-1.38805157652567	-0.888827794906403	0.533461675739056
XLOC_002545	0.279061058774749	0.0964513836464453	0.286181589756466	-0.581424286316987	-0.393826630246983	-0.907714371536027	0.299261562160311	-0.651637217114708	0.228141463936054	0.514695595734488	0.463219520714421	0.367590330491769
XLOC_002560	-0.13353475361487	0.594187600546105	-0.00894260474046238	-0.118686955443958	0.307236058983133	-0.232275490852381	-0.900350517565387	-0.123617190451135	0.24380629249695	0.0366202898515322	-0.0542633478248264	0.389820618615303
XLOC_002569	-0.0673400609837147	-0.615051991747166	0.565581655237676	1.0134397920097	-0.0959280127424531	1.37090419736625	-0.907732184199403	-0.234697173404466	-0.662883377216747	-0.147279232792735	-0.142265527954017	-0.0767480835729328
XLOC_002570	0.857271627555119	-0.895554648481915	0.826520316752499	0.350035337894123	0.696187889819563	-0.646042678611224	0.648830908290703	0.281598668606031	-0.414697788075559	-1.1902694620094	-0.177054272483141	-0.336825899256794
XLOC_002575	0.391153842660183	0.385157698908738	0.236823502271321	0.267317768550695	-0.272197963746653	0.183128698760807	-0.0595550292458036	0.0712483792182699	-0.204447339828734	-0.326194661831064	-0.270164021841342	-0.402270873876411
XLOC_002593	-0.121467642604627	-0.801675359344896	-2.5947854063446	1.05737096959499	1.03646815431794	1.05497582397087	-0.144537262795193	-0.0867066098908138	-0.455432800552424	0.545553577854089	0.103013617968782	0.407222937825894
XLOC_002595	-0.129835564070458	-0.0631147302788406	-0.41545520447028	0.825066948721179	0.757064088480623	0.609739609483738	-0.899016569306622	-0.511179137368301	-0.738264132072487	0.227411803608623	0.544632341239687	-0.207049453966867
XLOC_002630	0.0814097414779229	-0.297351690191594	-0.529039096930143	1.78987018380347	-0.691159880278514	0.331132205058607	-1.24823802950885	0.0905160628214321	-0.699962752433255	1.55327307704112	-0.113245266221982	-0.267204554638217
XLOC_002642	0.0155541470608433	0.172228986287512	1.09139177115932	-0.147034891153919	-0.175950523620047	-0.676442149624904	0.0352646072916611	-0.588214129802132	0.256136900732638	0.0990539910621724	-0.191083259188689	0.109094549795542
XLOC_002644	0.332129191081973	-0.156785143632898	-0.163287614996961	0.44791075366456	0.344646107149068	0.247721868028072	-0.983968118417651	-1.70821698805843	-1.18683639964401	0.733467835685977	0.883935776422928	1.20928273271737
XLOC_002645	0.379950379108645	-0.0358456151963393	-0.0992530189872394	0.720929226532587	1.25002474773252	0.437357525318706	-1.19549973289008	-1.41823834092952	-1.50464754315036	0.285581992667665	0.589216457963434	0.590423921829971
XLOC_002672	0.283977678928807	0.639032220898975	-0.1748300504878	-0.766625196071034	-0.00482396498743753	-0.523339998631115	0.00867492918743107	0.293863314485431	0.849464429999127	-0.653475356570076	-0.0204080245324105	0.0684900177801007
XLOC_002688	-1.10958115525664	-0.486417515533017	-0.0932667646321281	0.173881987957198	0.593191969608233	0.16702937851146	-0.0239066881797818	-0.285328751819264	0.0308099255030374	0.397428543563285	0.16696676847298	0.469192301804641
XLOC_002701	-0.327178396720972	-0.0590581599068534	-0.187537378194957	0.421982519025474	0.971631983185667	0.40003083038097	-1.17454472641087	-0.386418663076095	-0.0882487299652794	-0.477776286598913	0.666211157523108	0.240905850758719
XLOC_002717	-0.39841215788096	-0.107073536993995	-0.301515506993005	-0.807722768275172	-0.121555491166024	-0.878286310886457	0.186393729850278	-0.702408184012309	-0.131776745382582	1.18995745890844	1.15919917959447	0.913200333237319
XLOC_002744	-0.513893152285635	-0.177051427376504	-0.311964160499084	0.233386019386347	0.585976947275599	0.295601811408125	-0.535652666008221	-0.491588538491844	-0.466580093770014	0.686098540325423	0.185223408171639	0.510443311864169
XLOC_002747	-0.358681639678702	-0.537453148854667	-0.629893890910652	0.547186444647611	0.643228259002409	0.958729395740834	-0.372385018607421	-0.191874700454613	-0.247435234701427	-0.0617565458091933	0.328309063895794	-0.0779729842699748
XLOC_002789	0.622457002880784	0.00871321636852684	0.0776896862191236	0.816652394437931	0.330239338583446	-0.11608034422593	-1.13589069419083	-1.00312909968933	-0.420613282827807	0.70349930964017	0.21512698122034	-0.0986645084164373
XLOC_002791	-0.69045680187171	-0.0886753544542538	-0.212661978551652	-0.769195239829523	-0.597461195333551	-0.28596613344655	0.475819061555002	0.417224104649848	0.850138092772293	0.210478195828803	-0.0587864330723562	0.749543681753647
XLOC_002827	0.452318275573675	0.759577054494072	0.788203783306795	-1.41918624055259	-1.61948940071933	0.148637700376839	2.14465169460355	1.73475675643549	1.1029150525042	-0.837651680607228	-1.55038685349963	-1.70434614191586
XLOC_002829	0.80960363785031	0.988595255961966	0.226250916978499	-0.0119992791859005	0.109744124533155	-0.0827601371618245	0.364465825997828	0.612078649845087	-0.00449372578529594	-1.87994455880146	-1.17310940369563	0.0415686934632653
XLOC_002836	-1.12706185652733	0.150578907494512	-0.776188409101108	0.399497333349594	0.0383601118264369	-0.865275495354927	0.229545675708829	-0.117038953592566	0.359460105464739	0.938480533045003	-0.0225630910343373	0.792205138721155
XLOC_002839	0.659244832595351	0.121850937282757	0.535841237790403	-1.00129514260435	-0.598879211939576	0.0521436775146968	0.348473326928584	0.0528688201761955	-0.51196461563566	0.217622792676661	0.19439421569137	-0.0703008704764354
XLOC_002840	-0.250593020243334	0.130208788186747	-0.0989940512486696	0.640901600393795	0.970015947292535	0.506276847490262	-0.0623645197140519	-0.799317155282238	-0.808342819161737	-0.424616111489549	0.0847998067934403	0.112024686982803
XLOC_002851	-0.198572816627767	-0.511499936366232	-0.566430300418703	0.841896131487384	0.850241565309072	-0.272044249633974	-1.20650371507567	-0.835531888013652	-1.80764840524676	1.11542884292805	1.3664594787133	1.22420529294494
XLOC_002870	-0.334775967386841	-0.467399101840806	-0.317926120060944	0.318822297100251	0.357498632427886	0.423459735628544	-0.0468540771295025	0.311509725071064	0.00321119987712137	-0.257907492103943	0.037041535414815	-0.0266803669976383
XLOC_002895	0.928798297392568	0.31093550428589	0.54191498330006	-1.11861977689721	-0.583700724511533	0.0532742569769313	0.87189120985158	0.829452737205118	0.603884159505844	-0.872530894681115	-0.798898370618439	-0.766401381809692
XLOC_002902	1.03297663171771	2.26237195674384	1.95294360501478	1.32634584655425	-1.56098662864343	2.91760179418002	-0.126320062350009	-1.56098662864343	-1.56098662864343	-1.56098662864343	-1.56098662864343	-1.56098662864343
XLOC_002908	0.395060027214668	1.31081610281519	0.94998338138714	-1.42000856335942	-1.42000856335942	0.595063195139257	-1.42000856335942	-1.42000856335942	-1.42000856335942	1.37576005556259	0.244156436363042	2.2292036183152
XLOC_002912	-0.741787269355215	-0.122165145921664	0.0261087840176648	-0.0918597829475774	-0.0923302175886072	-0.204312982046951	0.0369944472154371	-1.20377980694355	0.384057596721487	0.755532562882282	0.42177637410898	0.831765439857715
XLOC_002945	3.27258645640365	0.395782606517662	3.01383717235734	-1.13001141272005	-1.13001141272005	-1.13001141272005	2.35788506648171	-1.13001141272005	-1.13001141272005	-1.13001141272005	-1.13001141272005	-1.13001141272005
XLOC_002949	0.0729698711033038	-0.135460951891217	-0.164645225216599	0.72311808856305	0.0538451919903054	0.366126645395115	-0.519430243474403	-0.497767079497279	-0.406700572608052	0.0135491473647829	0.380616439292631	0.113778688978362
XLOC_002952	1.16747598167739	1.32629969968452	0.248752657932278	-2.13038841560902	-2.29697712887997	0.277980521665411	0.331810200337999	0.574310430331664	0.984602958687132	-0.512649606307693	-0.926018044738927	0.954800745219214
XLOC_002955	0.422905534062151	0.623953573763353	0.320532100650364	-0.188232750826471	-0.488450086325666	-0.33987992763534	0.402862377472692	0.190376751916539	-0.0176209710613255	-0.743482021405617	-0.0288435816338675	-0.154120998976818
XLOC_002957	0.101330981103041	0.332079341623427	0.503470869438459	-0.168907756835365	-0.0782163875886397	-0.268646994605158	-0.242323491842967	-0.290928773962134	-0.0565053901407921	0.0594137245560979	-0.0534590609805328	0.162692939234564
XLOC_002959	-0.353835686844671	-0.820873819819655	-0.305465882958805	0.532132774781889	0.0436162149824657	0.14949539046576	-0.513814881826797	-0.821407171234312	-0.652321902045724	0.995885883902527	0.915179192204153	0.83140988839317
XLOC_002960	-0.02357046842614	-0.414050256055535	-0.4050553738918	0.656323533590697	0.321962866496096	0.709892083706683	-0.540592911484165	-0.231993387301237	-0.501933813415302	0.316453234824491	0.223551906195227	-0.110987414239013
XLOC_002963	0.189569226452793	-0.0997053448835876	1.88843086953692	1.26183311107639	0.278131408156782	3.20121025871336	-0.190832797827872	-0.0266392747395936	-1.62549936412129	-1.62549936412129	-1.62549936412129	-1.62549936412129
XLOC_002971	-0.836568789451804	0.0208001091716179	-0.0341302548808526	1.2447937989744	0.114791495823423	0.494800274405909	0.353659570898539	0.38300291215213	-0.731418046288082	-0.215813901864071	-0.64863441629694	-0.145282752644269
XLOC_002978	1.0920508602446	0.638417030634205	0.749017149795327	-1.24077166639654	-1.24122199586317	-0.750135462387433	0.908038873131648	0.919452313175199	0.642106698280696	-0.502509024777671	-0.940956629682666	-0.273488146154193
XLOC_002987	0.795202914572069	0.596157212035223	0.488594552676782	0.193442582066213	-0.144900998430586	0.0639378936954582	0.00811280646253643	0.0870388686812618	-0.281403772620923	-0.647624191277989	-0.675109408724399	-0.48344845913565
XLOC_002999	-1.27846911136808	-1.27846911136808	-1.27846911136808	2.50792048328604	0.625161660909992	0.736602647130592	-1.27846911136808	-1.27846911136808	-1.27846911136808	2.70885591794343	-1.27846911136808	2.37074307030654
XLOC_003007	-0.152902896939189	-0.05814397419479	-0.0760353512332514	0.143599578195973	0.13755791484288	0.10931969161882	0.238670199941645	-0.0220944372731768	-0.0319538702824111	0.113199455685731	-0.267914886624801	-0.133301423737432
XLOC_003012	0.049660198935058	0.404839623440621	0.287689888909226	-0.392180607211584	-0.348368392815027	-0.442516405875912	0.281864318302679	0.173624750490344	0.338920095578516	0.13695004037827	-0.352986578657209	-0.137496931474988
XLOC_003027	0.640672886577124	0.25752344817276	0.476937115599496	0.305922165850149	0.226545782938286	0.233581334987666	-0.0566753827990256	-0.502749947291744	-0.259878780086344	-0.293147333147664	-0.546668183817899	-0.482063106982799
XLOC_003030	-1.54914950567341	-1.54914950567341	0.820842439073153	1.33818296952427	2.03173773733754	-1.54914950567341	-1.54914950567341	-1.54914950567341	-1.54914950567341	0.4407175779676	2.01723880500946	2.64617750512842
XLOC_003035	-0.417323941082818	0.610712949642843	0.770756453656555	-0.580925027477605	-0.717545321059349	-0.489529939393933	0.576495096666846	0.465483868761615	0.284988843847573	0.39087038256021	-0.661590150032509	-0.232393216089425
XLOC_003041	0.928836719112485	0.572035257772173	0.928966712805401	-1.22612891198652	0.07062543003999	-0.533930083817188	0.64262775978828	0.735808056991871	1.09695173912702	-3.02265142299963	-0.255943313334504	0.0628020565006207
XLOC_003051	0.936391341996567	0.793551720480049	-0.122924694631707	0.19457801708961	-0.0909052835569284	-0.517187427941609	-0.213543935350324	0.0346949686083047	-1.14450875724701	0.023632628401268	0.342460416781052	-0.236238994629271
XLOC_003057	-0.634906729947112	-0.634906729947112	-0.634906729947112	-0.634906729947112	-0.634906729947112	2.18966026290718	-0.634906729947112	-0.634906729947112	-0.634906729947112	4.15940703656394	-0.634906729947112	-0.634906729947112
XLOC_003066	-0.835059402157381	0.218102038813544	0.105336461586796	-0.812156262579606	-0.339818369955245	-1.2159364323424	0.191681168247731	-0.597340043381637	0.21801766766864	0.90969832636735	0.771262482461711	1.3862123652705
XLOC_003074	0.346644300404551	-0.0408956755645589	-0.580551543218567	0.452732045829415	-0.0959813489687198	0.343343604285559	-0.560527012132559	-0.234721216806184	0.14623587731897	-0.604603087288976	0.439703260351151	0.38862079578992
XLOC_003086	-0.696990757008929	-0.386534774631911	-0.0321318197146763	-0.304436898439929	-0.247814694324721	-0.656598255898531	0.16397196776408	-0.245922970403982	0.505998672689343	0.773346517083274	0.366008266399738	0.761104746486247
XLOC_003091	-0.16633551417673	0.48816574450746	0.380434052910086	-0.2356992996545	-0.251983928947341	-0.010633409267327	0.224351970497219	0.244838036074549	0.580481717018333	-0.97588822200398	-0.151638373617945	-0.126092773339819
XLOC_003105	0.625183281650675	0.577526193494468	0.300531147254761	-1.92476858549382	-0.985491318204153	-1.1315045428181	0.918580366430689	1.21304381412221	0.597058875314342	-0.70491311830996	0.301331657853965	0.213422228704919
XLOC_003106	0.291421047961808	0.233267842295928	0.526960669095923	-0.801739523077195	-1.01049552823788	-2.06442784065875	0.81410433489904	0.260497703656684	1.16245039014127	0.307299351237902	0.269213106815843	0.0114484458694255
XLOC_003107	-0.364568211799771	0.0237387925807786	-0.127011638115678	-0.704061180294637	0.0588965337427805	-0.396507916202515	0.36825712398212	0.170688711486815	0.388306580144586	0.279397543194486	0.065009966597338	0.237853694683696
XLOC_003113	0.622825735657541	0.244799481062433	0.155425908783799	-0.170923466309715	-0.101752697365232	-0.26331520707023	0.0048496407626839	0.116453755890529	0.0250815370523387	-0.347329815754687	-0.176316573755889	-0.10979829895358
XLOC_003132	0.227296526556053	-0.0379956978792508	-0.00823037428440632	0.789863863382021	0.45411757328688	0.58654205324531	-0.591018531683022	-0.0828858531284382	-0.636752293901488	-0.475656320321462	0.0664330958214272	-0.291714041093622
XLOC_003147	1.380579854267	0.213768464443891	0.933263063509219	-0.508127248451757	-0.374126161995733	0.285136794223965	-0.236112044450743	-1.57800094728418	-0.730630953784879	0.252389240629264	0.186938792546933	0.174921146347022
XLOC_003151	0.091108090636598	-0.693636187969128	-0.555729375111331	0.58554300101175	-0.186399779417179	0.351631735710542	0.50875030980887	0.56658096271325	-0.442701467486445	0.629618421195116	0.0477288572508741	-0.902494568342918
XLOC_003163	-0.798518174686318	0.0392657710024551	-0.753832805147128	-0.481373444151213	0.251546213023491	1.07372588816534	-0.397341239511307	0.507155292684368	0.0579581401564964	0.52655072770571	-0.458779230357061	0.433642861115163
XLOC_003183	0.347447526562642	-0.059331226350988	0.798759468287271	-0.830806439667573	-0.738696729046531	-0.598378408497727	-0.0847779328256575	0.0466342371090578	0.334200641859815	0.57909815042925	0.0186924212177182	0.18715829092272
XLOC_003195	-0.112217886511187	-0.12233436237128	-0.207495065077895	-0.36235116530534	-0.0816745653242279	-0.175576513258209	0.277181286823554	0.0607854909185619	-0.0920611056711671	0.468992549688386	0.22643271813317	0.120318617955645
XLOC_003231	0.395311885028756	-0.518146007079488	0.330890145868811	0.496457307618813	-1.10036075581481	-0.962280671126053	0.138992089470214	-0.413611249288308	0.796070152804345	1.08683235265306	-0.872264190377479	0.622108940242133
XLOC_003241	-1.10061256090049	-1.10061256090049	-1.10061256090049	-1.10061256090049	0.803018211377591	-1.10061256090049	2.92873283988255	-1.10061256090049	-1.10061256090049	2.20914746592853	1.31585282777784	0.447536581336896
XLOC_003252	-0.28573874265039	0.0683749786178622	-2.12985534527426	1.42272169967516	0.927242363981571	-0.0360162790697065	-1.14390698357101	-0.929783577969836	-0.183643313913551	1.44131057798154	0.749192909490777	0.100101712701856
XLOC_003253	-0.499886301709076	-0.481778372538017	-0.684599974043617	0.550945661539494	0.724993120007001	0.0402848139985075	-0.364376976774274	-0.00593620540623085	0.00277681811420827	-0.199113706044113	0.434839143199518	0.481851979656593
XLOC_003254	-0.296452454346516	-0.453790509898603	-0.420916287744808	0.416383683396138	0.431298551653253	0.305638803337517	-0.301301039619359	-0.244088281896831	-0.0270618478219316	0.241829441060116	0.166214527782653	0.182245414098366
XLOC_003260	0.76139162155682	0.724306624464292	0.715141735956697	-0.830007035614148	-0.524074638635961	-0.748538195722594	0.106515125948745	0.16931705106067	-0.128929822578408	-0.275363239249643	-0.0628086504608074	0.0930494232743282
XLOC_003262	-0.280144843972165	0.222080968977783	0.171167097752464	-0.696563520561549	-0.161644468175875	-0.271173994560924	-0.184707653055398	-0.0952958676867759	-0.0595775450113312	0.442386204015865	0.484851565109325	0.42862205716858
XLOC_003276	-0.990817756438712	-1.23031363381614	-1.08873903541633	0.555903751444579	1.46636052742504	-0.0519266985917319	-0.488723332680466	-0.0155693884206674	0.597572663765122	0.116915303382842	0.744448722310768	0.384888877035694
XLOC_003290	-0.396872209929182	-0.051761619282499	-0.129467791190083	-0.246744984143136	0.712641566796171	0.368142042063015	-1.43353514280036	-0.484902794357053	-0.286782212027991	0.735811643860169	0.407220741133613	0.806250759877341
XLOC_003293	0.189551235588164	-0.113031511935457	-0.0974682625737149	0.0364101651000688	-0.0907362686495983	0.13817208009154	-0.0233973773266829	0.105221935808236	-0.130149745936452	-0.212535923083585	0.150675549170019	0.0472881237474621
XLOC_003294	-0.454376004206999	-0.147793964170229	-0.464148311490578	0.810083583177889	0.169760680140172	0.706909014769627	-0.14137872977386	-0.455948287260098	-0.106199498786756	-0.217392687231292	0.266739848524468	0.0337443563076585
XLOC_003295	0.893235889789649	1.19483172834739	0.872114245606381	-1.25114899882218	-1.34339062250416	-1.40706544125441	0.846288190558854	1.18033250483728	1.17734121262667	-1.25258216939195	-0.343986718702507	-0.565969821091013
XLOC_003297	0.229323939767429	0.0986378964589036	-0.0124129718162109	0.056969991415377	0.148651506946987	0.022689215994534	0.113826522747983	0.132121997655185	0.0560151963835835	-0.284013898670654	-0.254196332179484	-0.307613064703638
XLOC_003299	0.112759692212558	0.664579145318838	-0.883668438550286	-0.320514198016161	0.22871929668863	-0.0880861668463151	-1.14106425009959	-0.628552607207758	-1.41903142246244	1.49455694002361	0.649671400635849	1.33063060830307
XLOC_003306	-0.209206650363864	-0.13809853412812	-0.187032212506508	-0.235567010190406	0.398894628002345	0.24056546173736	-0.421622138586851	-1.14909004449319	-1.07576410951203	1.38565871865761	0.628017615172077	0.763244276211585
XLOC_003357	2.42836604152683	2.14778906894765	1.75611277145799	-1.54686386681822	-1.15101394277687	-1.15296491493382	1.57660351985571	1.55035420618984	1.25101330096346	-2.46886709522491	-2.38376832743906	-2.00676076174861
XLOC_003358	1.78193025762956	1.68652540459062	1.23593652935964	-1.35373508502156	-0.994396113205827	-1.31144527220699	1.16376393587017	0.943771534889253	0.810781631102644	-1.10846657747488	-1.52808147509881	-1.32658477043383
XLOC_003359	1.94615165396632	1.86565184424898	1.89899848862346	-1.00081531382588	-1.4987174478251	-1.31961042583867	1.67419968169616	1.74569762912261	1.4144354435347	-2.12342074715377	-2.13689058987959	-2.46568021666921
XLOC_003360	1.36828287151713	1.24279753650313	0.990032735355064	-0.624676782443426	-1.48403646074832	-0.640819297182198	0.50348034664749	0.727148529490898	0.672753533210684	-0.567938900766787	-1.20992635094511	-0.977097760638561
XLOC_003388	-1.65821775816533	2.50488423358094	2.30459822823152	0.412001727383695	0.245413014112747	-1.65821775816533	2.03358145820166	2.44882788748141	-1.65821775816533	-1.65821775816533	-1.65821775816533	-1.65821775816533
XLOC_003397	-0.388891112113702	-0.646361667516136	-0.4683578921144	0.746336456956118	0.443613583434145	0.34365715806348	0.0768232154701742	0.0530213159388291	-0.498362551470254	-0.222053639875924	0.0222899259129203	0.538285207314745
XLOC_003408	1.12283370453673	0.0528249346941818	0.105247902574799	0.185911003814913	0.101902960033827	0.487355038334688	-0.282066905242945	-0.324043917712173	-0.358919165241142	-1.04192355036019	0.0603010382490918	-0.10942304368177
XLOC_003410	0.46319638317667	0.0805541741803371	0.134142628557187	0.342417460945782	-0.334958936537332	0.595436950686013	-0.696024919082937	-0.475024390102396	-0.145364349629284	-0.331018789741573	0.49148434420287	-0.12484055665534
XLOC_003432	0.0310615286882161	0.284677290043349	0.654188096436071	0.524514962166021	-0.334844716138869	0.535683603762889	-0.165425362332128	0.203136798012542	0.263869561951542	-0.690232068371716	-0.0607346063356591	-1.24589508788226
XLOC_003437	0.0371669400227734	0.161338917456136	-0.0528029898853921	-0.984817333262865	-0.367510836068321	0.0682290289924525	0.0757439705671645	-0.191937875802452	0.304689455498538	-0.0317003954997848	0.309170011225792	0.672431106755959
XLOC_003465	-1.07091378759516	-1.41424660262784	-0.441641693836306	0.88334783633865	0.67074604140261	0.602064467450467	2.97588037286314	2.92555974749787	2.55407473554647	-0.355117021127296	-3.66487704795631	-3.66487704795631
XLOC_003466	-0.651648150176412	-1.0645362111277	-0.548005261710102	1.13272926642544	0.962419578611978	1.68532775923891	2.14499610305745	2.03037636573787	1.68532688963421	-3.53888818939629	-1.69876835277888	-2.13932979751648
XLOC_003471	0.926297132866038	-0.1418721082574	-1.66766612749511	-1.66766612749511	-1.66766612749511	-1.66766612749511	-0.232999561201684	-0.0688060381134061	0.228334917033641	2.31965890181641	1.89872218318776	1.74132908264908
XLOC_003473	0.0181114924605499	0.0175346224167816	-0.123592637133341	0.718634812724886	0.293224594148951	0.490220821336679	-0.906983595698221	0.280254936980196	-0.505762274792144	0.255193932027203	-0.222890650439752	-0.313946054031792
XLOC_003493	-0.162633534298517	0.485191742555026	-1.15906166506136	-0.295041708745511	-0.046673929822445	-2.36722526068268	1.06329465250986	1.56889972309804	1.54559474324158	-0.147178884369836	-0.573313210733084	0.0881473323089379
XLOC_003498	0.710365961631866	0.837294711582468	0.700780103525937	-1.16113855449439	-1.36144171466114	-4.56692902386055	1.97180684718319	1.75738607117134	1.59831809539498	-0.579603994549037	0.189646169445585	-0.0964846723702513
XLOC_003502	-0.641028700984121	-1.48256105837752	-2.49070024112041	0.75379928584959	0.43875652429666	0.24625226260168	-0.130167803126429	-1.14104375985664	-0.534971006905131	2.0447569288733	0.982330328242051	1.95457724050696
XLOC_003503	-0.950032266362263	-0.813170860548795	-0.685199501012454	-1.47377604117438	1.41748462166478	1.11912598747423	-3.54399552672341	-0.355568708961914	0.0273447661324511	2.14317908214896	1.42733069499246	1.68727775237033
XLOC_003504	0.203146519915438	0.31929544444803	-0.198852112805273	-1.2787341965887	-1.09549836358541	-0.0716179224597022	0.755938936856031	0.975629180039936	1.42572018332344	-0.104476686468989	-0.547016646354296	-0.383534336320507
XLOC_003544	0.944433347263987	0.716671504800559	0.98723815456998	-1.46641278984903	-1.332411703393	-0.673148747173304	1.43431391472032	1.35476103242078	1.11270846300707	-0.705896300768005	-1.25806248083785	-1.11419439476151
XLOC_003562	-0.0307574101630124	-0.0811558748227856	-0.245245278905319	0.316958970516454	0.316082180819611	0.480478327565958	-0.658237207426714	-0.388350546553545	-0.52479206763925	0.108321512206174	0.505563737782881	0.201133656619552
XLOC_003563	-1.30714722264316	-0.300662090015474	-0.152663251764925	-0.194746455087423	0.351533145158417	-0.26682576085432	-0.329206400798563	-0.281532535319166	-0.336332587157203	0.412084777201769	1.12722632522258	1.27827205605748
XLOC_003564	-0.246410203928816	0.027496686174346	-0.151579337981496	0.411926788672546	-0.315617445420126	-0.38670848740621	-0.18735478405771	-0.675572030522872	-0.624888194275787	0.258294180425901	0.586559697960802	1.30385313035942
XLOC_003565	-0.0960615387333954	-0.614151065441429	-0.148584430531455	0.166497054366553	-0.214266894194623	0.460854315706633	-0.64187177117594	-0.359926311544045	-0.733621343366478	0.575039289637663	0.724821386629357	0.881271308647162
XLOC_003584	-1.09892955406228	-1.09892955406228	-1.09892955406228	0.971289931486748	2.77956975121289	3.37965886876118	-1.09892955406228	-1.09892955406228	-1.09892955406228	-1.09892955406228	-1.09892955406228	1.66091788103739
XLOC_003585	-2.41651363011405	-2.41651363011405	-2.41651363011405	2.62766432279282	0.788973679085368	2.06207479270941	-0.276916536981799	0.408686398685527	1.15482666274181	0.893246396714965	-0.752348630391585	0.343333804985625
XLOC_003586	-1.31708859274056	-0.759749178593838	-0.331626640213778	0.809862750295189	0.237727718044586	0.645624735619413	0.229186268104529	0.0210761743566046	0.336939929099968	0.40841447680691	0.164109812650433	-0.444477453429454
XLOC_003587	-2.04380042985683	-1.76265868163613	-1.91755445500558	1.08009502046442	1.4584334207132	0.660267133150148	0.18738142564198	-1.95236299136409	0.245573497341959	1.61399275698904	0.997074538747595	1.4335587648143
XLOC_003596	0.524984731621012	0.491935001603157	-0.177440819181027	0.181902982050255	-0.914178200717847	-1.38691728804682	0.775473906910022	0.627166230245561	0.856425434221649	-0.226941014661461	-0.317088555761138	-0.435322408283367
XLOC_003598	0.0278038146015902	0.722681634697848	0.219453919078113	-0.84191545763585	-0.0984608577420998	-0.0618793256660011	0.143560074071827	0.130294164188262	0.743777943467443	-0.154940984834188	-0.329519981558156	-0.500854942668787
XLOC_003621	2.64341877284484	2.45665749511914	2.38905931310764	-1.36670109026813	-1.36670109026813	-1.36670109026813	-1.36670109026813	0.232158999113572	-1.36670109026813	-1.36670109026813	0.297463909454333	0.181448051969252
XLOC_003629	-0.901085789614626	0.757525091808724	0.301018251877163	-0.432259582596462	-0.322145092962388	-0.567290559910763	0.256433568908039	-0.524123815701975	0.777088522101865	0.178937375637009	-0.233559232110834	0.709461262564249
XLOC_003633	1.20020762645215	0.880936102906626	0.976617088086995	-0.155481231632741	-0.566589730753503	0.305209654083848	1.28829001093202	1.3818551347525	0.99993849261242	-2.06755419067191	-2.10152468220027	-2.14190427456815
XLOC_003639	0.428766443640753	0.507590077273586	0.47702641414356	-0.779447527070869	-0.830362811361391	0.437882817505526	1.95035723740753	1.62700042830209	1.87137623777352	-2.71682016319036	-1.49599360017753	-1.47737555424642
XLOC_003640	0.661311553822239	0.370265019335118	0.924662921563352	0.360420129016042	-0.637333329678612	0.184846345463238	2.01396840371768	2.02388148904757	2.02580867958721	-3.16677549786643	-1.88205272508833	-2.87900298891908
XLOC_003651	-1.42599611690993	0.0704426410384631	0.576068308519043	-0.376427906855624	0.388390726695085	-0.761941580933319	0.649838042247271	-0.0878313498127641	0.514014035944016	-0.00423348235216814	0.353628923973849	0.104047758446083
XLOC_003657	0.828870885903766	3.01700938569714	-0.986197704670321	-0.986197704670321	-0.986197704670321	-0.986197704670321	1.15339938846193	0.612662384711379	-0.986197704670321	-0.986197704670321	-0.986197704670321	1.29144188791804
XLOC_003663	0.592076890969024	0.247695281452587	0.366537815292863	-0.491905742264536	-0.480411532934889	-0.405040843245343	0.206386400644198	0.415616073715478	0.447797173899905	-0.515638644080886	0.122207282327755	-0.505320155776153
XLOC_003666	0.682883985408146	0.842116914009281	0.761945699603443	-0.303009909327137	-2.15455955125951	-0.37264637079864	1.32935555036983	1.14651344280496	0.868889182177363	-0.056921027111045	-0.653180557354264	-2.09138735852242
XLOC_003670	-0.151266529502612	0.575178522817754	0.621194965533482	-1.30925662665148	-0.403304882148541	-0.5719205985973	0.782811411641165	0.0810261397080954	0.976161854944325	-0.219603509930318	-0.309751051029995	-0.0712696967845741
XLOC_003682	0.57123043082551	0.186642304878726	0.0908587066747746	0.497264023902622	0.0137747742587742	0.258709624626105	-0.213198675959935	-0.453224285833802	-0.11241334034416	-0.207479818976571	-0.33691508919059	-0.295248654861449
XLOC_003712	-0.836072909697064	0.512071399491346	0.249510188527906	-0.935662588744911	0.0063716772579161	-0.31231095291375	-0.667776223498258	-0.311584659713923	0.207340031143665	0.427839091599666	0.689267506928184	0.971007439619224
XLOC_003713	1.35285696296466	-0.218338397066378	-0.119004154808939	0.326087069244939	-1.74413241630409	1.59586298601611	-1.74413241630409	-1.74413241630409	-1.74413241630409	1.05163620261793	2.45392181996374	0.533507176284273
XLOC_003714	0.427550641652455	0.100198591466017	-0.211901800510947	0.863799836542295	0.180406886870756	0.448209094283553	-0.576679363446114	-0.931266132536456	-0.725846722534533	-0.236155049627925	0.582378174583078	0.0793058432578162
XLOC_003715	-0.0329269547782989	-0.421285012460613	-0.210843189669083	0.6542108059014	0.611289382346705	0.606828213453182	-0.729287663262962	-0.667278144602441	-0.350835103243432	-0.0220638839093166	0.540527068398188	0.021664481826674
XLOC_003716	0.0522550610875978	-0.326959375751986	-0.110429386597776	0.659225272630348	0.376183813131895	0.650680893932206	-0.691470763938936	-0.323688647539781	-0.486704206203527	-0.0850173549881887	0.23077894921529	0.0551457450228483
XLOC_003720	0.258700082087763	0.328230347926018	0.511008054783229	-0.187823686057079	0.519087554457334	0.291997078500645	-0.427603282944309	-0.437973492419352	0.320385525654509	-0.789854874719806	-0.583784619147767	0.197631311878813
XLOC_003790	0.486606206441944	0.548660002571807	0.850176066678551	0.359908946073837	-0.21325330687521	-0.283724219399975	-0.0118029071172954	-0.448139318923123	0.20742195876062	-0.57159381735662	-0.112963493736197	-0.811296117118335
XLOC_003791	1.06470009539482	0.405755625147465	-0.0414285133200138	-0.255481505921489	0.165596060460097	0.313309635830731	0.107863241938817	0.225204019982076	-0.295226064814871	-0.576250031694024	-0.0429042464791412	-1.07113831652447
XLOC_003792	0.972941038242525	0.306520373622385	0.632092373660742	-0.0646416017336682	-0.773044251503626	-0.136508158184683	0.13876117742075	0.854440246386258	-0.0753939602349734	-1.27178672048857	0.144788687272094	-0.728169204459239
XLOC_003793	1.46578777156216	-1.63120160770659	1.22759441800437	-1.63120160770659	-1.63120160770659	-1.63120160770659	-0.196535041413163	-0.0323415183248852	1.05667076250126	0.358665475934421	2.72801702803139	-0.0830524654692049
XLOC_003794	-0.400808644535609	-0.0406448311787724	0.0901372576668491	-0.253894952118003	-0.341769075149738	0.145957006474569	0.295647977094751	0.155052889872152	0.107032112296872	-0.0190699997874999	0.200007838964636	0.0623524203997938
XLOC_003798	-0.0794982889563567	-0.259169209258363	-0.225463641437404	0.262885506602148	0.486010228596183	0.916722938502158	-0.543863468961482	-0.597292958080765	-0.255468300793257	0.124337411527294	0.0771315190765698	0.0936682631832753
XLOC_003818	-1.38113342919134	-0.0072267930765797	0.140674403301633	-0.508373936038857	-0.33795374059845	0.0215745366279352	0.643029848522924	0.0386040853514347	0.047240101470349	0.584164867044629	0.42668830772703	0.332711748859282
XLOC_003851	-0.44659858734857	0.125929385296295	0.274440511923808	-0.664541509001993	-0.446329599613629	-0.340450424130334	0.0965518195216486	-0.26932675230604	0.470893417764404	0.505940069306432	0.145621338481984	0.547870330105991
XLOC_003860	-0.0277293642492005	-0.233856662102045	-0.512106654873062	0.501797519260437	0.418032314859833	0.513821059740883	-0.279006491557204	-0.0277087586864884	-0.548607356529503	-0.00324686338511437	0.0140889095050172	0.184522348016451
XLOC_003864	-1.2007967035797	-0.658651565535635	0.0464577693511394	0.0784975775634376	1.09602535125479	1.24393424740487	-0.793195392316474	-1.77725355758193	-1.76947850322146	1.43034400222267	1.25843980505019	1.0456769693881
XLOC_003868	-1.69023157484804	-0.480192144309001	-2.41722900937023	0.109811825382057	0.866632800561774	0.847147853436235	-1.0954217377498	-0.375090572934112	-1.59101908199482	1.75398603267235	2.40598912615341	1.66561648300018
XLOC_003877	0.517258006655393	0.202945948944297	0.262689581798369	0.220558714980244	0.180689127699404	0.264732189794447	-0.311534192181957	-0.221216641319698	-0.35965271402795	-0.222645081276232	-0.0499224507592348	-0.483902490307091
XLOC_003904	0.384119424923572	0.819681279677955	0.939042779096043	-1.43094916565052	1.26572607671207	3.39576045718413	-1.43094916565052	-1.43094916565052	-1.43094916565052	-1.43094916565052	0.233215834071946	0.117199976586865
XLOC_003932	0.650615716101244	1.30911268610104	0.945172443134361	0.046286322354435	-0.662828904649139	-0.534937154157427	-0.393664604441029	0.360144278998607	-3.35950414701172	1.43480961949933	-0.0849142905926064	0.289708034662902
XLOC_003934	-0.640144033124002	-0.686200036513495	-0.120724000831352	0.287067897670941	0.57512592387995	0.130342868304375	-0.827616302041132	-1.09500004304558	-0.690353033060624	1.20450793958058	0.903200611286994	0.959792207893337
XLOC_003935	-0.20163468498647	-0.393622845458123	-0.826424341797108	0.46629614561874	0.497533716876106	0.555775522301145	-1.13694494973693	-0.844277288669043	-0.943338700345816	0.838692066733161	1.1415753310002	0.846370028464131
XLOC_003946	-0.293300729039305	-0.0872471356157689	0.23245025731103	0.045838933504962	0.354689932042884	-0.869364938712548	-0.181831293606836	-1.70867263764374	-0.183551815585135	0.817640436875188	0.647478743972725	1.22587024649655
XLOC_003955	0.118050589158332	0.142974200424514	0.264166200578215	0.0297541495816667	-0.048282320667842	0.496891051907451	0.0420790254767072	0.124271731557085	-0.10491064142643	-0.352556641572595	-0.406761881412536	-0.305675463604572
XLOC_003961	0.618151898689213	0.601351440034753	0.459878842630472	-0.357844005134657	-0.38542230917	0.104214303579335	-0.0231621470343306	-0.160733331828341	-0.207959510646154	-0.180649976168194	-0.213360783693251	-0.254464421258847
XLOC_003963	0.439672609515465	0.200176732138035	0.738420922323665	-0.557134790242078	0.162164739461687	0.700196254589408	0.671943729613887	-0.243276833597906	0.709293087950937	-1.16715664068622	-1.54645987092991	-0.107839940136968
XLOC_003969	-0.29991340923408	-1.07974710313534	-0.339733040229905	0.242371909797484	0.353201696538182	-0.262439876955439	-0.303635971654519	0.418184253530232	-0.339669151554829	-0.174859530644381	1.04881624913682	0.737423974405769
XLOC_003984	-0.496956519685715	0.68760373087446	-0.135770636675501	0.46108530187601	-0.380996915209643	0.390324443900086	-0.41392273520435	-0.609574358921816	1.0761375670275	-1.92085138564655	0.441587935760329	0.901333571905182
XLOC_004013	-0.383535989389406	-0.41658571940726	-0.555159944800667	-0.302189618738145	0.34103539950581	-0.0798698201943573	-0.318560053848521	-0.472203408196332	0.0330152439995901	0.585491301566449	0.729262629000779	0.83929998050206
XLOC_004049	0.147812295026516	-0.776256466252122	-0.531468454184234	0.809614094877435	0.849535082095207	0.925126610385324	-0.966913238811868	-0.392063053955675	-0.958206415034011	0.814203735760033	-0.21556996584037	0.294185775933764
XLOC_004077	-0.229669526285473	-0.289124922288831	-0.289622103105838	0.805955870890578	0.451057252565081	0.569290561450975	-0.448010183892208	0.0792878329379043	-0.0301897265073245	-0.352712065931216	0.0992701579195812	-0.365533147753228
XLOC_004108	-2.921958913441	-2.921958913441	-2.921958913441	-0.0346264382433166	1.90664032734816	-0.90688715494232	1.25052606958596	0.266467904320497	1.75025943411817	1.7089158372597	1.27609532282683	1.5484854380493
XLOC_004109	1.12144078242211	1.27121644947556	1.05055219655815	-0.925858492783902	-0.810004734484443	-0.662648955063941	0.306571584846117	0.422793661066575	0.470036426318639	-0.772269613021639	-0.234836279900661	-1.23699302543257
XLOC_004110	1.02667529424409	0.811024041085295	0.981063062421637	-0.562939843532569	-0.501592826041231	-0.61716667897898	0.819693905557729	0.878972134458001	0.845509227182593	-1.36548331344236	-0.947763199532403	-1.3679918034218
XLOC_004113	1.0690247269631	0.90560248375338	0.994382828432387	-1.32723406165506	-0.821985960924216	-1.0640245239351	1.11734345675406	1.36902677168205	0.935249124546035	-0.447307992340939	-0.943759966281349	-1.78631688699436
XLOC_004116	2.31648031805328	2.03282581080927	1.21369043172128	-1.32973462302117	-1.78730873657154	-1.39886652643994	0.791378530355349	0.583534027209843	1.11387545535102	-1.43068990703518	-1.02991958630729	-1.07526519412492
XLOC_004120	0.848186172458345	1.30441271766551	1.55869081478835	-0.454826180958653	-1.2442932073907	-0.241583291795624	0.453982761198644	-0.117099112239595	0.827725731820154	-1.25310108362692	-0.658015116916086	-1.02408020500344
XLOC_004121	1.28996263668451	0.959085483070525	0.666391809870417	-0.0540028396442338	-0.463336034581731	0.529896348106622	0.37731828619417	0.650931159980656	0.408009155490742	-1.70460926814285	-0.794607069675576	-1.86503966735325
XLOC_004122	1.38780028864427	0.71003029793571	0.466265572280232	0.102112020509127	-0.0395983544598488	0.562212221460403	0.192194180986546	-0.241601368969501	-0.113840300353329	-0.857374832782947	-0.747539927668976	-1.42065979758168
XLOC_004129	-0.45709008221393	-0.166882455409243	-0.0738473071391086	0.343670328793145	-0.107930065218058	-0.0576648387379395	0.761245752954306	0.204981712114575	0.897246548072745	-0.756874137055603	-0.150728813765519	-0.436126642395365
XLOC_004141	0.215421113841412	0.30465712799491	-0.103232526030074	0.273302555223898	-0.303576118270029	0.0177994928477707	0.130172754357086	0.463132958321244	0.785779830484162	-0.713203895334873	-0.465695540458784	-0.604557752976726
XLOC_004142	0.258254801276715	0.146178726506347	-0.07551273701774	0.0360932847935311	0.143392810031228	0.398163044778823	0.490296899776326	0.609903162765641	0.369178002376224	-0.11600872076177	-0.880786291826614	-1.37915298269871
XLOC_004144	-0.258429684019706	-0.316123545021668	-0.385310573128438	-0.0458981299115973	0.163046568373366	0.245481823218441	0.0194436433623029	-0.117828499871139	0.0306817002241946	0.51485564279394	0.0860330004832957	0.0640480534970109
XLOC_004153	1.17077591945213	1.48007931649093	0.903456598328642	-0.0330578188247541	-0.702783397844544	0.39233170717587	-0.04886460162367	-0.313645953582262	-0.466012096843023	-1.2715226762907	-0.56468752118487	-0.546069475253754
XLOC_004154	0.637369230116148	2.20650796150127	0.902201995465957	0.113625455304028	2.37902905911392	1.76237329745471	0.183003062887251	-0.357733940863296	-1.956594030245	-1.956594030245	-1.956594030245	-1.956594030245
XLOC_004168	0.984287361083839	1.26507604172383	1.27207461646786	-1.79017714443568	-1.18750028251177	-1.58712093679007	0.386851276563881	0.774175384547949	0.897114461964723	-0.86118024485132	-0.157447174430056	0.00384664066680429
XLOC_004169	1.3443999053902	1.04321568466747	1.34636816091909	-1.43819162905365	-0.532239884550711	-1.10624661091364	0.80086683362301	1.3928261052854	0.951500271090064	-1.54091064204145	-1.36389818683663	-0.897690007579142
XLOC_004204	0.373494440110057	-0.831487450979102	-0.0787927336369014	0.305315052789251	-0.86949944365545	0.639779364827659	-0.822104459698417	-1.80616262496388	-0.0431927665438572	1.29583688848435	1.00337612436489	0.833437608901396
XLOC_004205	-1.25251126553739	-1.25251126553739	-1.25251126553739	-1.25251126553739	-1.25251126553739	0.76256049296129	2.61791053375664	0.346348823844314	1.43536110467045	2.05724876129162	-1.25251126553739	0.295637876699994
XLOC_004206	0.690313408048675	0.0787994653592587	0.306981493797212	-0.177483078709262	-0.484509276009013	-0.108523810349919	0.162366637390138	0.547024629794313	0.21115192033395	-0.458934138031418	-0.425185976170257	-0.342001275453685
XLOC_004231	0.709285091340544	0.777899382952387	0.198906294013119	-0.228656625096945	-0.445870396923375	-0.978100764976276	0.469975843333422	0.445355771334982	0.00241653999031843	-0.44492809442297	-0.483014338845029	-0.0232687027001761
XLOC_004232	-0.0297762824524899	-0.150763148087014	-0.152495385960821	0.286852369190516	0.169990186170892	0.227133897954753	0.042481269674461	0.0852584429658574	0.0013136410939989	-0.130348221462999	-0.147812172956291	-0.201834596130873
XLOC_004272	0.0487157663630757	0.154071303690777	0.199282420869711	0.0410678443771122	0.147798231696809	-0.196547464182292	0.0279310940765605	0.235062228745827	0.201792996471601	-0.416249353242625	-0.370953090455282	-0.071971978411268
XLOC_004273	-0.25392148803355	0.015319433326253	-0.00146294902380362	-0.0549834422978872	0.223198505893709	0.0290695467329058	-0.016682389036589	0.0747749538949272	0.194700670927796	-0.472443942691703	0.170970716445778	0.0914603838621524
XLOC_004274	0.279941722139119	-0.190981692805495	-0.436156062976021	0.371676768281964	0.32247392396219	0.32950947601157	-0.00221276734785381	0.388740711861453	0.257020914281425	-1.02563636825951	-0.311448304495427	0.0170716793465866
XLOC_004275	0.1958798240366	0.0577022990337301	0.283173069948235	-2.09720358224057	0.21081582481229	0.356952869532426	-0.349667068216132	0.708282298778464	0.877367567967052	-0.0434278577560363	0.083254911621693	-0.283130157517752
XLOC_004280	-1.46028382845664	-1.06213999278966	-0.827431588527261	0.233738773170383	0.431395256673293	0.286942930491271	-0.563855301450685	-1.00370222024518	-0.430154206217795	1.57706275702965	1.20524218731417	1.61318523300847
XLOC_004287	0.243443627538868	-0.680874301204142	0.0696961397231597	0.839750124724665	0.0577603060542442	0.587619139075575	-0.653380534256968	-0.644864143132379	-1.28854086982657	0.855256394647133	0.344134171969467	0.269999944686942
XLOC_004302	-0.809694894796129	0.716099124441578	3.49498169534995	-0.809694894796129	-0.809694894796129	-0.809694894796129	-0.809694894796129	-0.809694894796129	1.08630614973262	1.18017218884488	-0.809694894796129	-0.809694894796129
XLOC_004308	0.472571163316131	0.843036788858857	0.697533927948209	0.0735635000837496	-0.468066852435909	-0.845511082773161	-1.23343537814247	-0.74258995205025	-1.08604290271476	1.08084868206781	0.543926064429723	0.66416604141207
XLOC_004309	1.6730794748154	-1.79616538930362	0.573826555442942	1.09116708589406	0.107465382974459	-1.79616538930362	-1.79616538930362	-1.79616538930362	-1.79616538930362	1.51359463752539	1.4784244671155	2.54326934275033
XLOC_004315	-0.107945402021023	-0.397219973357404	0.446977952151449	-1.92301399259511	-1.92301399259511	-1.92301399259511	1.94740780669892	0.902186036204463	0.764858377612731	0.872754626326903	0.985396954176047	0.354625599993247
XLOC_004316	-0.569826232468384	-1.30824643041279	-0.525140862929194	1.00510685631946	1.15628078566314	1.40679474328973	-1.42799447338901	-0.112759793167702	-0.170282785586748	-0.351112801737054	0.596817358952013	0.300363635466541
XLOC_004331	0.0556401557929309	-0.285679652982669	-0.429974045996443	0.212663016749753	-0.0500176169438475	-0.384092724602431	-0.310451956173609	-0.566928193958851	-0.250366495416796	0.416899049312358	0.808633651184431	0.783674813035169
XLOC_004347	-0.694719357254059	0.169217266423067	-0.1045040603656	-0.0329175574031408	0.72603203985743	0.551180287588943	-0.538198043304547	-1.03930020768885	-0.384011038552072	0.443099012240378	0.446557627714572	0.457564030743878
XLOC_004348	0.491911188103048	-0.324029433339483	-0.601717876085511	0.416818503002966	0.740048817253449	0.624474964315699	-0.464903366577791	-0.327177000426953	-0.342172142995913	-0.535538059879361	0.373202129810174	-0.0509177231803219
XLOC_004356	0.370487275212813	1.21068783727522	1.18532031122621	0.0327791371046438	0.759391403830751	-2.49983642368784	-1.10930744326749	-0.61014026129113	-0.76679188798783	0.5043594687508	-0.0523870175320491	0.9754376003659
XLOC_004362	0.850797119536976	0.107522358262067	0.850927113229893	-0.357416851174646	-0.571248854387321	-2.26599111336185	0.703919987358208	0.356021616826994	0.295805200251393	-0.296244339705101	0.516022589997069	-0.190114826833678
XLOC_004367	-0.398229042767021	0.188389183832781	0.131976337711281	-0.406712665967971	-0.276305837803369	-0.351936628532703	0.556119726840302	0.528080862369771	0.933504435916269	-0.422480733547415	-0.400313338817963	-0.0820922992339721
XLOC_004390	2.18818160011258	1.56830792926111	1.18278586246682	-1.55955304966808	-1.72614176293902	-1.61470077671842	0.062026681149892	1.03405773621365	-0.0584322423612424	0.357552494094412	-1.21330714653878	-0.220777325072919
XLOC_004391	1.39621504786522	2.62561037289134	-1.19774821249593	-1.19774821249593	-1.19774821249593	-1.19774821249593	2.8315971882871	2.72856309092377	-1.19774821249593	-1.19774821249593	-1.19774821249593	-1.19774821249593
XLOC_004392	0.278771925856108	1.19452800145663	2.6075519203594	-1.53629666471798	0.367334107560097	-1.53629666471798	-0.101630098424556	2.18335176129235	1.15157570548986	-1.53629666471798	-1.53629666471798	-1.53629666471798
XLOC_004393	1.42465524826984	1.44695060425302	1.25552065153515	-0.328617257978308	-0.439016827611746	-1.03387828347041	0.199865364498335	-0.204743674421652	0.459099046127614	-0.90016673954462	-0.771708735903103	-1.10795939575412
XLOC_004394	0.219861853017433	-0.0999306854843693	0.555747360750553	-0.970177822039133	-0.228833891685828	-2.23286613962069	0.822974325908806	0.845654896284432	0.328930173992559	-0.426558381774285	0.414604391498739	0.770593919151783
XLOC_004402	-0.249401861218766	-0.545818959112476	-0.343721176917092	1.01712128701605	0.828111455675892	0.735007643424878	-0.930024500061982	-0.824706568619151	-0.744009417057748	-0.143686827305278	0.70003162702554	0.50109729715013
XLOC_004437	-1.45235102929808	-1.45235102929808	-1.45235102929808	-1.45235102929808	1.75313627990134	1.88764437302212	-0.0176844630046555	-1.45235102929808	-1.45235102929808	0.537516054342929	2.3566327791502	2.19686115237655
XLOC_004438	-0.327726374835087	0.0104749482527788	-1.03345962605972	1.06710161199862	1.10646389496064	0.794099067252747	-1.93631323651953	-1.72218983091836	-1.35118798759596	1.13978474915444	1.24005494875805	1.01289783555139
XLOC_004444	0.330497524858253	0.47121948282597	0.253328698410481	0.54324666442455	0.609565442492348	0.62204330760873	-0.840225016065574	-1.16782742852001	-0.530110757048963	-0.213575056059147	-0.0838604421328188	0.00569757920618486
XLOC_004456	0.941590300289841	1.01611723890356	0.42736350521776	-0.283149058788228	-0.0130371076931493	0.134871788456931	0.6144429390543	-0.123546092011969	0.195985986406641	-1.13363463460915	-0.602705310317644	-1.1742995549089
XLOC_004457	-0.357369462095281	0.0487281556890506	-0.671690740909296	-0.0160022279117422	0.709767474301411	-0.180240242587518	-0.367131797632034	-0.665027887204329	-0.987752856810285	0.778519767546118	0.955645923194417	0.752553894419492
XLOC_004478	-0.149811816208707	0.589369038162645	0.71882118533762	-0.67533110100138	-0.213566637390916	-0.871856770713071	0.586583264716466	0.259916206067831	0.255372136536996	-0.00213499086638524	-0.219442023455048	-0.277918491186056
XLOC_004480	0.999323621279109	-0.630806356634696	-0.310316356944587	0.0940599422729882	0.228061028729012	0.0244234808014845	-0.281679958995015	1.18091783634715	0.0551796085167711	-0.219046807210443	-0.0949463062839939	-1.04516973187779
XLOC_004492	0.109992599135172	0.332020819792803	0.365174061489311	0.0867616670142368	0.219893905662953	-0.094779102164253	-0.174263699248165	-0.259507604228126	-0.0598137636989424	-0.233786835554916	-0.39658334596464	0.104891297764564
XLOC_004508	-2.27291455047733	-2.27291455047733	-2.27291455047733	1.81434075995852	-0.369283778199254	1.06708085184286	-0.838247984183907	0.0656758200786163	0.414957819730512	1.9622035843342	0.635496396293827	2.06652018157661
XLOC_004510	-0.517326051065772	-0.0773493424491374	-0.0611751761569828	-0.00532216085055737	-0.0155925177067244	0.0528125684094496	-0.351108629896584	-0.591668745795679	-0.307329587833263	0.538097203185646	0.653821958966083	0.682140481193525
XLOC_004548	0.402495889248145	0.210735498628022	0.153421742946431	-0.103930512640602	-0.113460573112519	-0.0190691834535635	-0.156910439713682	-0.0725524976614462	-0.221222105739203	0.108008140372119	-0.0492897385873583	-0.138226220286336
XLOC_004559	-0.738930694163851	-0.738930694163851	-0.738930694163851	1.33128879138517	3.78037855766498	-0.738930694163851	-0.738930694163851	-0.738930694163851	-0.738930694163851	-0.738930694163851	-0.738930694163851	1.53870889842451
XLOC_004563	0.055808723817421	0.0982732081614399	-0.0229003248842963	0.585231280444894	0.683060206512846	1.09181464738562	-1.16383179725838	-0.631687200638705	-0.744853222572905	-0.28319556373884	0.301715668335846	0.0305643744350546
XLOC_004569	0.692628966945587	-0.0503624800084035	0.813264461380167	-2.03051876654711	-1.33696399873384	-0.439262818921338	0.470227899326743	0.459994995396952	0.874906329851267	-0.123537475233743	0.149939727315155	0.519683159228566
XLOC_004589	-0.129728214419409	-0.0676744182895455	0.559566312008286	-0.951331131455619	-0.00929686545279118	0.0200217429594964	0.32815013430187	-0.554090273303177	0.720410306418658	-0.820295064524211	0.645288689742555	0.258978782013881
XLOC_004608	0.417490555390476	0.636927995644395	0.747867666323366	-0.56100762071634	0.0143882968702718	-0.597016956284657	-0.0316420531194046	0.0773709636590443	-0.465724084107243	0.0654782241209313	-0.36411172605241	0.0599787382715693
XLOC_004609	1.2170113966679	0.841441429264824	0.0477885370406694	-0.0422152839012488	-0.537694619594838	0.414448217207211	0.0457543183844411	0.157925646795925	0.166442716121724	-0.42560682383477	-0.860701954607844	-1.024593579544
XLOC_004619	0.327332185991693	0.753256462763954	0.671217133521128	-0.585250489076326	0.222378965259316	-0.499143255142948	-0.301639643806379	0.0531023551894076	-0.106115443881457	-0.608763913100646	-0.152724084185842	0.2263497264681
XLOC_004626	0.114007683888636	-0.248540483307838	-0.0202554076237638	0.33720148650958	0.758219287693304	0.0647796949370418	-0.0703921999452959	0.2862230705154	0.0741687050094075	-0.427920167880822	-0.128531601172745	-0.73896006862291
XLOC_004641	-0.204941963278788	0.50025537224957	0.332591318371166	-0.433791806115495	-0.250555973112206	-1.94529823208674	0.495809683789225	1.31671282556786	1.15802653748191	-0.782540195629521	-0.571810988673206	0.385543421436221
XLOC_004644	0.703803565266192	0.329613717966925	0.558292682436144	-0.27799948734206	-1.1712558895902	-1.02744362722139	0.147517302363157	0.212522887340382	0.0295588343804232	-0.0891044087251345	0.307400425671231	0.27709399745434
XLOC_004649	0.287614659469348	0.280346303547013	0.257059208256244	-0.00759309947054199	-0.00493737218799062	-0.166182847288976	-0.091831459063334	-0.101347048074338	-0.125759456709426	0.146420696878517	-0.289822600631641	-0.183966984724865
XLOC_004652	-0.323567146341166	-0.32176784101717	-0.37185592159182	0.318694843200506	0.633782579187548	0.497667066497081	-0.415096334813368	-0.349277041627454	-0.264307031127677	0.000296113185434876	0.304633436884895	0.290797277563197
XLOC_004665	1.37982450396302	0.801910343660759	0.492077070429325	-2.39000834320049	-0.712654875886017	-2.45580341024645	0.940242330480094	0.85414541112891	0.255646411087668	0.600225564999449	0.202166754523617	0.0322282390601192
XLOC_004676	0.726551878134701	0.150715801941157	0.81501986138352	-1.09776454364612	-0.350694025791026	-1.16689644706488	0.360640131102701	-0.459509946143729	-0.360798024451458	0.334242389007161	0.704026385401522	0.344466540126448
XLOC_004683	-2.59220133068099	-2.59220133068099	-2.59220133068099	-0.521981845131962	0.613285978518428	0.747794071639207	1.27822046861304	1.33410997273872	2.08001701687818	1.39512369863053	0.682388525738129	0.167646104418685
XLOC_004685	0.531772849050634	0.386789537420676	0.842780349158193	-0.359394642698388	-0.426495183395003	-1.02762080356594	-0.0863415466463362	0.106258739629682	0.173544939665596	0.00322275811382955	-0.357095972710619	0.212578975977673
XLOC_004698	-0.93714291892809	-0.140474537086559	0.00619891919357141	-0.736274674507761	-0.207374097985271	-0.806838217119045	0.365858777877735	0.615134554031268	1.1026514764395	0.206233268805385	0.217512939675638	0.314514509603637
XLOC_004728	0.381080147348053	0.358471366144513	0.140780400034528	0.301593550686487	0.47157553257779	0.308874149036939	-0.912825815360566	-0.431786411958359	0.461239801701411	-0.600930787091626	-0.38050011459408	-0.0975718185250898
XLOC_004750	0.844568588386046	0.594794305045669	0.384432287411588	-0.0327335815774976	-0.170473602402067	-0.104208438911541	0.056080101303154	0.386010674751096	-0.872930680899122	-1.19345260637994	0.700967031259507	-0.5930540779869
XLOC_004756	0.543535965304245	0.979097820058628	-1.27153262526984	-1.27153262526984	-1.27153262526984	-1.27153262526984	2.42026659109715	1.91689419249165	0.624468419258905	-1.27153262526984	1.14493276340848	-1.27153262526984
XLOC_004763	0.806227955475822	0.631535080102051	0.543767614882344	0.0501735574251354	-0.8315944438113	0.229859762396059	-0.549185273808956	0.0699638926360286	0.635136594548456	-0.727321726181704	-0.470693442327849	-0.387869571336091
XLOC_004800	-0.0861840971684771	-0.149037610613124	-0.124090028825297	-0.334979237549025	-0.0598510229955771	-0.0557719986498064	0.0485447808512109	0.200371271220346	0.016225314549521	0.500503122458387	-0.0394747182220705	0.0837442249439135
XLOC_004802	0.0205365919734319	-0.178196729380821	-0.51150491008282	0.178356657800577	0.381888291479517	0.178286541879539	-0.1946182952226	0.1868372561695	0.37151749519199	-0.259714185272559	-0.0103390677657815	-0.163049646769975
XLOC_004803	0.168394982384042	-0.440126109139673	-0.339520205982899	0.109763962784696	0.140583964755983	0.371545547732572	0.291123745084221	0.324679090989671	0.193762879653031	-0.236717048757123	-0.0890035822062245	-0.494487227298285
XLOC_004816	-1.1642441210557	-0.643379909806472	-0.117384915247063	0.471907754717058	1.54175102367734	1.53982344195129	0.160885005333117	-0.782882314861916	-1.06503162820247	-0.0261153655129194	-0.244638318389604	0.329309347397343
XLOC_004820	0.979403598573071	0.10896895105337	0.235138393049625	0.279091030436234	0.41040936577475	0.239723021135386	-0.219550539340072	-0.748893611297187	-0.564742841108079	-0.294264675016939	0.0221737486318556	-0.447456441892017
XLOC_004822	0.314664105320235	0.501758973630029	0.0450548850005763	0.191726954077127	0.988996207977215	0.275464910819181	-0.649632527226303	-1.42888460736489	-0.817439632387059	-0.0878522240747381	0.355073979519599	0.311068974709031
XLOC_004826	1.16046932707396	0.314110393133682	2.20732853288259	-1.93652005219479	-1.93652005219479	-1.93652005219479	1.55137642700697	-1.93652005219479	-1.93652005219479	2.05080497711672	0.479945336483534	1.91856526727648
XLOC_004828	0.421339753211704	0.536688323003636	0.236300241123283	0.360767656233715	0.192365277822176	-0.0867681474049622	-0.621478374390122	-0.767318195004503	-0.357925181901702	0.410848814313219	-0.426291574176171	0.101471407169726
XLOC_004833	-0.889263674877079	-1.04429598456052	-1.0641021170573	0.693687927258984	1.25108564654166	-0.146805485307465	0.0802425886622897	0.361807001199205	0.249198781464158	0.374648326419651	-0.120436993316252	0.254233983572672
XLOC_004834	0.240198642264582	0.488949740756391	0.51075637761862	-0.0186655396370377	-0.262866619810538	-0.308091736804501	-0.0775247892657926	0.293268013511884	0.0397349937277589	-0.486847083650693	-0.186415963821329	-0.232496034889339
XLOC_004843	0.27785829615838	2.28614829097156	0.0879179670794386	-1.53721029441571	-1.53721029441571	-1.53721029441571	0.60238679871654	1.28798973438387	-1.53721029441571	1.7725497324133	1.37120065235545	-1.53721029441571
XLOC_004845	0.134990698989692	-0.0795517554773664	-0.0714398764574034	0.664501863278577	0.403317031938172	0.807911112505582	-0.469973098077866	-0.638445238289619	-0.522507449936612	-0.123366938568635	-0.170052299213219	0.0646159493086973
XLOC_004847	-0.0872226931879858	-0.516488496150286	-0.305141998262451	-0.0116411113629855	0.346608539664073	0.208084585654488	-0.307225900876393	-0.306512217442586	-0.244406393008294	0.750839621884845	0.29205211548542	0.181053947602145
XLOC_004848	-0.652208918140279	-0.624321141362008	0.182027203185999	0.681450318419264	1.05776420486858	0.403768272817012	-0.570041922784108	-0.290289654052124	-0.745539838506284	0.755234823345911	-0.0264053369889394	-0.171438010803026
XLOC_004849	-0.334275587873893	-0.46642281639275	-0.595065616724737	0.619786394987996	0.438572811018606	0.79253548483489	-0.288767409323954	0.179525660480088	-0.258026974462449	-0.0499888273407052	0.0673556243365763	-0.105228743539676
XLOC_004867	-0.0798303540281484	0.275113118507037	-0.346240005671899	0.335370243948603	0.943892609375107	1.21328947844581	-0.482034691013105	-1.34631238352094	-0.540909195038188	-0.200894798042809	0.115690836907444	0.112865140131086
XLOC_004884	-0.653492959488519	-0.189738189597172	-0.404581026962713	-0.13857311107988	0.568964448750565	0.0920766577807264	-0.839823542139881	-1.04873116535456	-0.356455789711449	0.88616018561353	0.792434037818072	1.29176045437128
XLOC_004895	-0.330970888273816	0.315815410176439	0.341852091167227	-0.229779249145173	-0.113868300037401	-0.783719218419447	0.232078531170985	0.140232857149193	-0.0564478471370276	0.134509174159174	0.0362850165778807	0.314012422611963
XLOC_004899	-0.538928261624096	0.0324349234087604	0.10731108518542	0.474669228498046	0.794259639018795	0.0297323102585638	-1.14236003481671	-1.35092657820249	-0.33647196375442	0.93049950220836	0.576376443439404	0.423403706380371
XLOC_004902	-0.518289161625379	0.0107535676651995	0.0638363460010583	0.232602220678356	0.565042687777379	-0.0784089600223803	-0.639037907209151	-1.3001979302033	-0.475966376671637	0.497270634635727	0.5833770702936	1.05901780868052
XLOC_004909	-0.104798193033298	-0.700740832613647	-0.48370983383525	0.771887370771309	0.349645086578348	0.547822195822955	-1.4080084833986	-1.02595422712226	-0.574715624522292	0.561490568991736	1.05845042146298	1.00863155089803
XLOC_004912	1.05001932242101	1.10939559646546	1.19132638283315	0.0705853362906286	0.4095464303952	-1.04006669911564	-1.13713005470922	-0.14002390027001	-0.548920520955044	-0.153093781974638	-0.320898117224498	-0.490739994156396
XLOC_004915	1.00535163415573	1.1070818443246	1.43739314686436	0.250494560591564	-0.3993761062518	-0.252958976538292	-0.714342730721504	-0.549332279245696	-0.409530791492071	-0.624488755971015	-0.226787292441704	-0.623504253274165
XLOC_004916	1.62928812898991	0.890867931045503	2.30389184994827	1.04737574006857	0.0636740371489664	0.175115023369567	-0.405290168835687	-0.241096645747409	0.0560443093996379	-1.83995673512911	-1.83995673512911	-1.83995673512911
XLOC_004925	-0.578254927103635	0.279113971519787	0.224183607467316	-0.50111947978075	-0.0690655383877719	-0.109786367393148	1.59221555377532	1.90792260818068	1.2735288351887	-2.59850770657559	0.0475136653228159	-1.46774422221372
XLOC_004955	-0.388940089993659	-0.321984229815721	-0.220220511207621	0.494143391793099	0.258460345477676	0.307057136084746	-0.238413464392179	-0.152667302342216	0.111315466024196	-0.0333454903493564	0.174531601489381	0.0100631472316568
XLOC_004974	0.532095428112396	0.951306221378854	0.409931242144465	-1.29251195763494	-2.03679402628215	-1.55240833479321	0.776570738468156	0.770614109153538	0.583126223357016	0.558128492559621	0.298087981063988	0.00185388247226825
XLOC_004982	-0.674362881852799	0.0189152549224163	0.3565171702444	-0.0931273876812364	0.288552554535851	-0.935502316219581	0.522478036233847	-0.189122123362973	0.663927819118959	-0.274366413209409	-0.094300385158224	0.41039067242875
XLOC_005001	0.465353539191409	-0.0720403561211853	0.506148500840336	0.0654120694012095	-0.519140686077789	-0.0724660404451125	0.0540921897852176	-0.189131186747728	0.823774906077638	-0.247530360897026	-0.0942536484168794	-0.720218926590086
XLOC_005006	-0.0371243525717979	0.206842450940637	0.198456564403641	-0.574777247109306	-0.194192571343122	-0.24244268928029	-0.532493807689116	-0.347430501014646	-0.10552491870223	0.375485175922525	0.63925536395126	0.613946532492446
XLOC_005007	0.490736473245188	0.218981917964779	-0.0172871921329891	-0.783670316619649	0.453334793984165	-0.0127992869765441	-1.4279445190782	-1.19343243202549	-0.168347059263676	1.55336229530068	0.279994787857449	0.607070537744283
XLOC_005027	0.428829321476977	0.588690350236062	0.602602513613686	-0.320565627538027	-0.265309608179239	-0.424056563761809	0.16806680566984	-0.0735225797161281	-0.143209120477461	-0.0874599681432251	-0.150899908600618	-0.323165614580054
XLOC_005034	0.643602668343305	0.198897635819189	0.210803698382799	0.139855269920536	-0.505418771256339	-0.0273964269916585	-0.292586751685978	0.0217013849032606	0.675786984429213	-0.738583925186623	0.0850353729694779	-0.411697139647178
XLOC_005037	0.202518550968936	-0.160372667543308	0.106420341823995	0.486014299300992	0.236704476644306	0.6353075965069	-0.475399999240931	0.104658674449924	-0.20277996741452	-0.547940877125663	0.0702898744223965	-0.455420302793016
XLOC_005039	0.0619378635637631	0.0579905142801103	0.242564626097305	0.385864708545432	0.13539723419327	0.45798077862438	-0.315928716022031	0.0568333118381226	-0.0472548841360894	-0.512225830071865	-0.106128157463109	-0.417031449449297
XLOC_005054	0.856161383624664	0.7130980647261	-0.0534680216122085	-0.641174543561711	-1.41311732399064	-0.431262874591916	0.536997297712524	0.59081327342393	1.13006531692302	-0.907332572359863	-0.2145729661504	-0.166207034143503
XLOC_005062	-0.46562035853349	-0.38637824648092	-0.32494254020654	1.00323972772625	0.433556904202827	0.875091283182416	-0.445351531664582	0.196436667846689	-0.204403905510597	-0.229304836593702	-0.099705781935449	-0.352617382032906
XLOC_005066	-0.335682974111833	0.655246064054211	0.731925021404695	-0.306765920243566	0.0236997876350218	-0.743118911096779	-0.104364901955988	-0.622084099222745	0.30151421022897	0.23601547176927	-0.0243002082906862	0.187916459829425
XLOC_005071	-0.176199436307575	-0.594502959022836	-0.0974288915291632	-0.17620348078491	-0.321824974299212	-0.173107645679829	0.373307542741419	0.74596068426098	0.421323065791138	-0.243562258299411	0.407224840797758	-0.164986487668357
XLOC_005072	-0.19026198401305	-0.378156775243889	-0.244503228867529	0.233386356789349	-0.0149665622572233	0.2029292245204	-0.0181731876218496	0.478221969596932	0.401907236089476	-0.0748795908708892	-0.0968056406222111	-0.298697817499521
XLOC_005075	3.36530502624762	2.5957739522009	1.80267537605132	-1.71125485760689	-1.71125485760689	-1.71125485760689	0.899821765591506	0.627335512949055	0.97661751260095	-1.71125485760689	-1.71125485760689	-1.71125485760689
XLOC_005077	-0.559085788003929	-0.512706544641218	-0.365250840796469	0.533385345889691	0.466284805193076	0.832101596173843	-0.819630571077289	-0.485088068167156	-0.686216902228703	0.610862114201362	0.53568401587746	0.449660837579328
XLOC_005081	0.339342905432465	0.423652640932525	0.437159584069946	-0.121260176439771	0.0654367621960947	0.0963127040143945	-0.469815463018386	-0.470029580897198	-0.622726842551202	0.223578443271656	-0.256798784476231	0.355147807465698
XLOC_005104	0.877480410806109	-0.709032022588783	0.21751344006785	0.248910268747308	0.741436090710923	-0.0683455242542603	0.215534119285977	-0.367514724067904	1.20213087484512	0.147954984733293	-1.17875220330707	-1.32731571497856
XLOC_005105	-0.285594340103524	1.40078778602089	1.04118203933208	-0.76326229132992	-1.26963035875482	-1.13155027406607	0.755021045340922	1.27850299471872	0.712359633640384	-0.863192572454257	0.120808619950094	-0.995432282294505
XLOC_005112	-0.731099718501286	-0.568905400129401	-0.43692500860424	0.102863554356222	0.131742888514447	0.0362252596183286	-0.169352998003621	-0.397123951794901	-0.51220292472803	1.07865326257263	0.678561282789817	0.787563753910039
XLOC_005143	0.883949008015245	0.756974044867792	0.129059417464388	0.193165674991911	-0.739099825973664	-0.758204282527003	0.616968654307671	0.529870945554753	0.440577828680659	-0.00827146170906623	-1.85493748604178	-0.190052517630909
XLOC_005167	1.45676099451519	1.15108132713262	0.907184999384808	-0.0848433961333104	-0.698001067873026	-1.80943172194345	0.798678733867647	0.768236898667632	0.404386453959591	-1.0346806120842	-0.454504543809147	-1.40486806568436
XLOC_005182	1.07838218935644	1.00579787701387	0.939233013848526	-0.352898439058083	-0.882145707462485	-0.385906415182366	0.0241259865905663	0.225382983906342	-0.264996543688491	-0.0768260069468356	-1.07528067881338	-0.234868259564098
XLOC_005203	-0.282990792791417	-0.469752070517111	-0.779180422246173	0.884594650540187	1.57903732835743	0.935867141734478	-0.60131143953739	-1.95452028534844	-1.09690878378241	0.501203110606665	1.10662786739826	0.177333695585917
XLOC_005225	-0.439683167797672	-0.796484629137984	-0.767857900325261	-0.0414085605056682	-0.442898116645728	-0.295184541275095	0.664952864510748	0.353806196190285	0.468408350768049	0.249427257683783	0.768754286978309	0.278167959556232
XLOC_005232	0.278198970344107	1.49016453127296	1.43845998960815	-1.45249985454972	-1.41466516591565	-1.06116674216212	1.48752150654658	0.820637841085512	0.829262035472969	-1.30463703017405	-0.471964195925628	-0.639311885603102
XLOC_005236	-0.432101274449652	-1.6507156932402	-1.04255011285772	3.14501216366425	2.52470927512722	3.41320909201016	0.12799926221436	-1.0761461097691	0.607998411970068	-3.90134613856867	-0.0923623301203942	-1.62370654598031
XLOC_005237	-0.953905921984568	-0.518344067230185	-1.14384625106351	3.78232343608613	1.56664857680026	3.44064011018964	-1.33430794626523	-1.17011442317696	1.099813798442	-0.779107428917649	-2.76897451255866	-1.22082537032127
XLOC_005250	3.89246055638062	1.43227707919938	2.04044265958186	-0.818353366129095	-0.818353366129095	-0.818353366129095	-0.818353366129095	-0.818353366129095	-0.818353366129095	-0.818353366129095	-0.818353366129095	-0.818353366129095
XLOC_005255	-0.58178035794713	-0.155745983742477	0.0911599919067028	0.0505395339363739	0.822765445748411	0.399664394543062	-0.925545412154969	-0.80047711217812	-0.518037962228478	0.669347504542946	0.524078624634737	0.424031332938947
XLOC_005265	-1.03063424630654	-2.24924866509709	-0.744118707049789	0.800025385089063	1.78113544693401	-1.15988370810536	-0.629457311131528	-0.0877487292428762	-0.174157931463724	1.01045181851969	0.972158413548164	1.51147823430597
XLOC_005368	0.0608981785271787	-0.601964318577537	-0.810138225873041	0.931947439419657	0.428322044753141	0.605978399693052	-0.363534540059161	-0.545688909179121	-0.0965105643553255	0.276458405750589	0.418162645060361	-0.303930555159796
XLOC_005387	-0.621396365274415	-0.794734028801408	-0.502667720618915	0.513282157579427	0.48477375095948	0.540786064892258	-0.586174281518988	-0.248852329900805	-0.381638202179203	0.730828398963997	0.462175275352246	0.403617280546321
XLOC_005388	0.289555982803092	-0.0241792253214879	-0.218053147064165	0.00275933452565269	-0.0824920277742045	-0.339830693362329	-0.403736737183966	-0.147352376071783	-0.566652809282305	0.5624985549246	0.545886452840898	0.381596690965994
XLOC_005389	-1.61108472111285	-0.88471551499433	-0.952313697005833	1.38340835115757	0.865004429047753	0.118635522453047	-0.535589117354649	-0.988425674371274	0.364965837638596	0.488220084369345	1.38464803741297	0.367246462759659
XLOC_005390	-2.81205845425049	0.191924005216583	0.409111379206207	-0.235329005796451	0.73513953990359	-0.950493150474586	-0.077106300602793	-0.2044609557462	0.508687241259461	0.33178763237877	0.623775967857599	1.47902210104831
XLOC_005393	-0.999185610449709	-0.999185610449709	-0.999185610449709	-0.999185610449709	0.904445161828367	1.01588614804897	0.435480955843714	-0.999185610449709	-0.999185610449709	-0.999185610449709	3.36003302528827	1.27845398213865
XLOC_005400	-0.320333708603902	0.237005705542825	-0.30440760237309	0.0117758092327023	-0.36594771843732	-0.618315454859374	-0.250387981044027	-0.778211324619405	0.299953889579026	0.959431884343969	0.51448155303649	0.61495494820211
XLOC_005404	-0.765362572429868	-0.437698720841361	-0.425966953675411	0.659297082033905	1.01785369670307	0.864447021460942	-0.186776189855459	-1.06700412479467	-0.890525780102867	0.144763439935631	0.716954462089819	0.37001863947627
XLOC_005408	-0.633563057646493	0.685585903960058	0.520066638104456	-0.399103581390305	0.0826206571254477	-0.811004353723688	-0.235343021705798	-0.125198858074061	0.0250671375926181	-0.110664788654143	0.419143065990399	0.582394258421511
XLOC_005423	1.03571082852544	0.507595552720279	1.14819832346579	-2.94909256257326	0.280136662041345	-0.192602425287631	-0.0348299624283586	0.615770730246842	-0.509967497583541	-0.224998281611232	-0.383423592582864	0.707502225067192
XLOC_005451	-0.492263580737884	0.342425438487802	0.435552389580849	-0.152586431159211	-1.01076900590394	-0.290464541005533	1.27292659775358	1.5992299943239	0.87223354502709	-0.799886787122311	-0.838180192093842	-0.938217427150506
XLOC_005452	-0.278583126002707	-0.898756275382455	-0.922323115466965	-0.00781349168952339	-0.0224928937993827	0.105187124280651	1.44367722865885	0.973168649336931	1.09644125739915	-0.270216175374401	-0.667017809164944	-0.551271372795208
XLOC_005479	-0.429225592961693	-0.217101587213203	-0.370380901122905	0.361549292626997	0.707989754869857	0.400868200214727	-0.426693150203639	-0.962945108113968	-0.428421026943317	0.567623822464183	0.544222507188807	0.25251378919415
XLOC_005480	-0.33819734483264	-0.239411853833779	-0.89372282998415	0.794938310650219	0.808956922611902	1.08178331847197	-1.17386312617203	-0.556788690498338	-1.19693667712933	0.689743149898029	0.517838952725555	0.505659868092583
XLOC_005481	0.0589376827120578	0.0817498156687817	-0.0397516763937729	0.0970877695201402	0.53011180543212	0.0248734398469148	-0.469760374832981	-0.987182285777999	-0.978603301697949	1.07676120517847	0.170592973673259	0.435182946670962
XLOC_005497	-0.869711655993864	-0.310404981312979	-0.312816451117095	-0.167959924426611	-0.497381641822953	-0.917404064305941	0.666275670528202	0.417222657923465	0.34736618391936	0.595958700764664	0.417439988586681	0.631415517257067
XLOC_005508	1.41396907543786	1.1979777701091	1.28964294222364	-0.378689302892693	-0.542795767823431	-0.998200217768727	0.518951877339307	1.06393328372192	0.19767498564696	-0.800885460562189	-1.31858061263518	-1.64299857279656
XLOC_005524	-0.201545380659216	-0.356307091571097	-0.292385391527157	0.50710009106521	0.272475923432525	0.689396981099046	-0.200376234290969	0.0189514558678603	-0.263388831291389	-0.181690970995309	0.13820582736853	-0.130436378498025
XLOC_005531	0.218149509602092	-0.114473992170559	-0.145277570736335	1.051218844128	0.586327883105374	0.29733107767631	-0.694549030615041	-0.444687751573041	-0.707735283496403	0.184996207687728	-0.0184647267326001	-0.212835166875529
XLOC_005544	0.381194399869948	0.425947570977808	0.283714288502036	-0.688327338828362	-0.433395853613018	-1.00955227845066	0.313358999847763	-0.0146993815533101	0.0570942973840847	0.238196916505052	0.213553340144777	0.23291503921387
XLOC_005556	0.50170034000652	0.303250012660448	0.231007960250878	-0.31499523223362	0.263299741554517	0.772191348945487	-0.03155161051086	0.16559498989287	-0.180718969599279	-0.48052569665307	-0.00477676179801456	-1.22447612251587
XLOC_005560	0.278927473009683	0.319063874538537	0.120318653243757	-0.121013996780516	-0.475660757687081	-0.558526363519775	0.121494969081866	0.341852022020823	0.501038215508859	0.515304542367511	-0.382106926568535	-0.660691705215128
XLOC_005586	-0.496528879042984	0.155389816094859	0.0511403476959025	-0.693082547139143	-0.419361437176159	-0.75445076381226	0.219761785198219	0.143789586986117	0.360168182024569	0.514407446152482	0.378566191778981	0.540200271239414
XLOC_005595	-0.325357272611628	-0.206837913267757	-0.274133994494516	0.484644934457362	0.800238568000088	0.674530859110062	-0.27791423336221	0.0265278658957442	-0.190663310871727	-0.687975419074206	-0.0662733796441852	0.0432132958629694
XLOC_005621	-1.63836931246192	1.45211411998758	0.73162263228464	-1.63836931246192	-1.63836931246192	-1.63836931246192	-1.63836931246192	1.55005750529957	1.55783255966005	0.351497771179087	0.778096076216403	1.77062589768226
XLOC_005629	-0.375445247109873	-0.783464290712582	-0.614700990958385	0.602130908838218	0.275845520684983	0.596751601172658	-0.312433067450781	-0.00462509236201925	-0.459402380429605	0.451500393325947	0.514459819695407	0.109382825306025
XLOC_005643	1.78907951491786	0.690873181314116	0.768103030513116	-0.311779053270312	-0.522762473025931	0.459091976372793	0.0826719106446845	0.581839092621047	-0.138507921557113	-0.660527442784339	-1.7394415253247	-0.998640290421229
XLOC_005648	0.109936275307112	0.0102442941947745	0.5431508901066	-0.287676772078706	0.203495886434145	-0.359756077845603	-0.72011879368522	-0.609881223632793	0.164786180499116	-0.261090287918815	0.531070409269312	0.675839219350074
XLOC_005659	0.239688514315334	-0.178133442689373	0.160221734314637	-1.19901863267253	-1.19947441802352	-1.3919786797185	1.29819508464622	1.25648967194281	1.75772126868239	-0.00450558715647453	-0.116368593346864	-0.622836920294129
XLOC_005661	-0.104852334227434	-0.25188241547319	-0.355805772332953	-0.982403530793483	0.00876329928400388	0.149081619832808	1.92474208758319	1.10459201033676	1.20330393202904	-1.87986892235016	-0.595146149572048	-0.220523824316539
XLOC_005662	-0.623431333157876	0.315219519811236	0.894199045597644	-1.70824421344605	-0.37967974188934	-0.898195775533017	1.50265523362295	1.17176192438185	1.53249415904701	0.00467414162028579	-1.19809454319391	-0.61335841686079
XLOC_005663	-0.157167692130098	-0.00418556349679555	-0.0234389701656825	-1.27995508004538	-0.961800246043649	-1.34272056238877	1.67079488853913	0.710783185957286	1.01792330460211	-0.17996252593155	-0.358303746794787	0.908033007898197
XLOC_005669	-0.400729127296565	0.219181076231909	0.624242508075027	-0.468339908682054	-0.683146717429924	-0.0238837612102261	1.09181388402115	0.804881523084968	0.905356132517102	-0.0566313148049273	-1.34877750624606	-0.663966788260404
XLOC_005707	0.628013935999443	-0.193650251196945	0.254275642001284	-0.984151020311957	-0.703776663817758	-0.869254390409272	0.648214439385005	0.637878306658959	-0.34716504476174	0.962041636423761	-0.0603383806331914	0.0279117906624062
XLOC_005754	-0.0392105626661321	1.15666438427402	1.02679161023629	-0.641985493848219	-0.561431285089542	-1.09209034238068	-0.433168623727126	-0.347001218842458	0.113953456847081	-0.25709499008311	-0.0139940892757258	1.0885671545556
XLOC_005755	0.928959648250511	0.978126699784373	0.469346824425454	-0.537378777137593	0.0825145639521354	-0.869344748061176	0.420214487521448	0.697420491061741	0.402731188053719	-1.29238214088196	-0.717485815416449	-0.562722421552199
XLOC_005769	-0.737014221816952	-0.50271595574729	-0.239843019453867	0.842054389056378	0.503692405955629	0.831989383843719	-0.716736057935669	-0.0928304673378042	-0.703516977255751	0.435239570680128	0.267758967879199	0.111921982132282
XLOC_005772	-1.46955139902209	-0.743182192903566	-0.603724791893989	1.13922143874457	0.920961373293786	-0.0879523554673858	-0.874741561923845	0.582951758878891	0.50649915972936	0.0643339724098597	-0.368486542023009	0.933671140177419
XLOC_005793	-0.199473453421597	-0.271199852564168	-0.114569473245478	0.510099477543219	0.265526125493265	0.719357380859764	-0.535077702440011	-0.0115981158147562	-0.476056302638559	0.0574971414305931	0.2672561287498	-0.211761353952081
XLOC_005799	0.869997814654384	1.07214637499259	0.828801123269034	-0.954505295507911	-1.47937399658595	-1.33556173421713	1.13740799376073	0.987731930409426	0.506250166101419	0.235896637729767	-1.24210805510864	-0.626682959497718
XLOC_005805	-0.798209119705119	0.196024461139972	0.175710968595351	-0.455651738368839	0.517078407563257	-0.590276491272372	-0.248702140656126	-0.688334148356309	0.00179670531854104	0.448738691546276	0.511924782320524	0.929899621874843
XLOC_005829	0.219838763123752	0.0541211889525899	-0.10876059550351	0.462570579297102	-0.0763386503520058	0.448686115520385	0.352085352628871	0.4872606345322	0.215055434308745	-1.21840175729307	-0.393794476322006	-0.442322588893049
XLOC_005838	-0.714919737674721	0.33553737463304	0.409152416173544	0.365321272957056	1.29464704085413	1.68518590495969	-0.402165121061524	-1.21493479654724	-1.73838135043559	-0.947258193246052	0.961955132562769	-0.0341399431750942
XLOC_005840	0.245787457516049	0.0933203970885819	-0.772671210858586	0.21919271046419	0.550005983652581	0.548054480781273	-1.29364784873652	-0.389068546200911	-0.14356531563313	0.15519946678382	0.325058863306093	0.46233356183656
XLOC_005844	-0.49269192187922	-0.165060702414497	0.143711919439002	0.0400386983049659	0.0189726318905272	-0.307246445237732	0.376021956620889	-0.0555266419875435	0.365196604143024	0.0708908169359557	-0.225519186338601	0.231212270523225
XLOC_005848	0.240330373613535	-0.107504513515285	0.274923297649893	0.827901584086825	0.291256275043484	0.574125603317398	0.0424421626699933	0.34159639236695	0.281029322637754	-0.0986739139427257	-1.49513306702346	-1.17229351690436
XLOC_005851	0.865982059251188	0.122990612297198	0.171298559649279	0.869993322277366	0.985847080576824	1.63287270965523	-0.109629160217069	0.229829866888737	-0.629227543162503	0.564243223936788	-3.08033314971673	-1.62386758143631
XLOC_005856	0.363407514938037	0.45743529817737	0.361839699629013	0.137634604757323	-0.506134884512623	0.0654021967063558	0.416330500181734	0.05385147312625	-0.376099866245488	0.0320975783164279	-0.41754902366107	-0.588215091413324
XLOC_005875	0.430999841537883	0.985904419404799	1.13085851572639	-0.565807558219659	-2.06796725530774	-1.14703103473152	1.86648441619638	0.906472713614535	0.537746522952924	-1.98173094394481	0.226456208682014	-0.322385845911191
XLOC_005887	0.813252982620183	0.80600081672933	0.603013459992016	-1.34171264847882	-1.547215000122	-0.861160727726168	0.910192207899374	0.774985785626473	0.923342980521373	-0.497227492432244	-0.156776021417078	-0.426696343212441
XLOC_005891	2.34571377566578	1.30758661086839	1.97197548166762	-0.927343589742902	-1.91104529266251	0.452265450466192	1.3172383771047	0.452960684596867	1.25836387307962	-3.81467606494058	-1.39821067626226	-1.05482862984091
XLOC_005896	1.01102187767107	0.478583028024581	0.355449292921403	-0.44006146151475	-0.65266325645079	-0.325164831612065	1.22579117916976	0.70453201040701	0.804471225786352	-2.19251772688769	-0.971691163874866	0.00224982635998749
XLOC_005898	0.27949153573456	-0.394486074173916	-0.224857053901611	0.5681817097575	0.327521397247425	0.637685356369206	-0.194731266737217	0.0895905266211265	0.114667900726018	-0.513067429134876	-0.471667857187072	-0.21832874532114
XLOC_005900	0.219220513816455	-0.317060384862288	-0.174728635579761	0.420088758236784	0.204510046119074	0.482855253798564	-1.13619271546832	0.350238821657846	-1.42788732254811	0.684652178705896	0.847948329303641	-0.153644843179782
XLOC_005917	-4.2149856743131	0.453631158799662	0.0896909158329784	0.829192278593762	0.120637415045813	-0.196168048489132	-0.344563875019073	-1.38978564551353	0.110735504648731	2.18103870325299	0.652960616260621	1.70761665090028
XLOC_005954	-0.190649291730772	-0.287679157032247	-0.200466276197417	0.559457952994256	0.707689285585152	0.440396450376383	-0.490699235995676	-0.643939426785192	-0.812520891365702	0.742127345718375	0.0782561223346594	0.0980271220981841
XLOC_005968	2.66536815251624	2.79954426289677	2.50977919205879	-0.0667092970044703	-1.15642364929601	0.413842623748179	1.20698186014251	1.3765926730583	0.262171714618092	-3.8530988916586	-3.8530988916586	-2.30494974942121
XLOC_005970	-0.884622229483318	-0.074976536142719	-0.0059440072701662	-0.419051732032042	-0.208065730534445	-0.544456354100967	0.56142675254068	0.445064539545761	0.770139694042996	0.00102241484264631	-0.0884135672400301	0.447876755831601
XLOC_005974	-1.33080696207766	-0.261528233522968	-0.12771026965018	-0.301231511593906	0.741234191345081	-0.222277793618314	-0.336264850027561	-0.840912145908693	-0.014037367701297	0.795246543585348	0.892662373042196	1.00562602612795
XLOC_005983	-0.329209876212696	0.298873958429321	0.530190148743659	-0.112933817057468	-0.971116391802195	-0.727375409011281	0.418620671379846	0.436531760945329	0.358575101180111	0.125459275600275	-0.177842964171249	0.150227541976347
XLOC_005987	-0.0427059073095029	-0.502971554132456	-0.355769110923934	0.893623131322872	0.583653062900041	-0.417321438932697	-1.30516017194945	-0.744256257778011	-0.874197378588573	1.42597531892691	0.574025286781784	0.765105019683018
XLOC_005990	-0.87249325343173	-0.0516259149103178	-0.42819017941632	0.463317888892091	0.371250962272164	-0.143346450900202	-0.365599822926193	-0.839629212676105	-0.143341328487721	0.556462104110662	0.714643645845352	0.738551561628319
XLOC_006031	0.345120922259367	-0.439623356346358	1.12996608659886	0.675664308177172	0.904003201523861	0.769232675970319	-1.44640032366593	0.210159802673117	-0.861275074742361	0.573397803836367	-2.39331194714187	0.533065900857457
XLOC_006059	-0.0570403176728016	0.192572297677341	-1.19048671808784	-0.156629996720649	0.238743226264137	-0.227390854696573	0.0537438379063158	0.240610861431793	-0.149124443320044	0.433745048313599	0.395304666800612	0.225952392104102
XLOC_006076	-0.251412762945534	-0.182925732879674	-0.0751530213952734	0.243094241456415	0.150112087155579	0.0298480112481521	0.015950237906619	0.0709175900203025	-0.0400255983394544	0.0427976273160766	0.0542554265409319	-0.057458106084141
XLOC_006079	-0.239188277396921	-0.625940821671202	-0.248311545784881	-1.11673947396297	-2.10044117688257	0.822637673674	0.0252734516223807	0.770846382329056	-0.135283638159994	1.1922222355903	1.31956240774951	0.335362782893294
XLOC_006081	-0.48771591464748	-0.72721179202491	-1.37638355011297	0.00671899572767209	0.682764745658177	-1.55031838145098	-0.0700736954752079	0.858012779861333	-0.218095436212008	0.0507944159110378	1.33380639662244	1.49770143614289
XLOC_006116	-0.822547927748515	-0.822547927748515	0.802580333746631	-0.822547927748515	3.85967804300247	1.19252383075016	-0.822547927748515	-0.822547927748515	-0.822547927748515	-0.822547927748515	-0.822547927748515	0.725601214488866
XLOC_006125	0.0350780941479059	-0.225488991945939	-0.0887194023381195	0.153999948538843	0.267502706221903	0.256923802045161	0.273013625071988	0.21154470546738	0.353361169302918	-0.277478854467091	-0.495037011339246	-0.46469979070571
XLOC_006142	-0.515291612666265	0.627801511745589	0.152810596198753	-0.986342716002842	-0.310296966072337	-1.05666587266704	0.395423659232144	0.159473449903721	0.387353325196315	0.910574328554689	0.0647708840283103	0.170389412548968
XLOC_006150	0.297126862417419	0.732688717171803	3.18340445377523	-1.51794172815667	-1.51794172815667	-1.51794172815667	-1.51794172815667	-1.51794172815667	1.16993064205117	1.27782689076535	0.898523660521654	0.0302074140807131
XLOC_006151	-1.81230948896008	-1.16448421210653	-0.191844400655886	1.26976038396046	0.483265176437047	1.70909450456522	1.58911004722257	1.08670590590043	1.27968213560464	-2.04464794453141	-0.873765033514034	-1.33056707392242
XLOC_006152	-1.3827137930877	-0.263651624560577	-0.789818880286629	0.41977104271561	0.335762998934523	0.925259312051678	1.96789480351859	1.42948650124478	1.34577120502753	-0.528041217526135	-2.32778742155143	-1.13193292648025
XLOC_006155	1.03057001513082	-0.555942418264072	-0.710838191633519	2.61722440289126	-0.728586236554106	0.729047968444122	-0.683720673409062	0.172972099893223	-0.0652852347528645	-0.624313518924509	-0.367685235070654	-0.813442977750641
XLOC_006165	-0.406215200123045	-0.677969755403454	-0.914238865501222	-0.49963269828994	0.158827959300968	0.810543202690774	1.13675894779356	0.153558802452451	0.572218004937024	-0.0992617334377899	-0.229250600337442	-0.00533806408189097
XLOC_006166	-0.768322041497361	-0.414208320229108	-0.0937183205389989	-2.16734742006736	0.591032335172775	0.241021517207073	2.19137678909864	1.20901281742676	1.69032485680656	-4.23756690561638	0.920641034712508	0.837753657524881
XLOC_006179	0.655050850505126	0.0463726981254746	0.079102046944608	-0.534988824551441	0.339236013400901	0.823621704889844	-1.13434765578553	-0.695932831567589	-0.112899584448551	-0.634919105675777	0.0136443205521255	1.15606036761081
XLOC_006189	-2.13860751579971	-2.13860751579971	-2.13860751579971	0.748724959397973	1.06687979339971	0.685959477054588	0.47246910739869	-0.539747426418006	-0.242606471270959	0.657161103122307	1.67037629264857	1.89660571206625
XLOC_006192	0.783044086346676	0.875180456358935	0.627213199340732	-0.930358075256791	-1.18455184237329	-1.05408380296395	0.677359892014469	0.651929919175425	0.418037309779979	-0.210605399880407	-0.388715330990424	-0.264450411551358
XLOC_006193	1.55710870512445	1.15399400744638	1.07749490722622	-1.10875850491869	-1.15796134923847	-1.21190020680196	0.790730830352119	1.00316042946434	0.523148948652466	-0.888475051859321	-0.816335977344787	-0.922206738102752
XLOC_006194	0.104610818918994	-0.456660640875085	-0.556237211414036	0.373632942343901	0.581269933074704	0.787065368833174	-0.457545547699074	-0.502449132167245	-0.289616115814963	0.015585946620325	0.253930699181558	0.146412938997754
XLOC_006206	1.04928909227376	0.643067463524201	0.71841412009258	-0.0690930846450808	-0.444082233456616	-0.16081569305428	-0.647008525003892	-0.440654463836218	-0.791573886887967	0.223332720630395	-0.00140648451995773	-0.0794690251169268
XLOC_006210	-0.218643102877428	-0.597404534546944	1.41456857631575	0.399367343439403	-0.991212724633865	1.1388216558382	-0.199991487794688	-0.862687938196874	-1.00001559678861	-0.378127940167436	0.948000488542969	0.34732526086951
XLOC_006245	1.37102596916871	1.5033202323115	1.53807489131003	-0.132896468494065	-0.202930910164866	-0.433182834572446	-0.125054443230073	-0.186653833986236	0.232747134337501	-0.814160663953313	-1.94635255989271	-0.803936512834026
XLOC_006248	1.36796489248929	1.02463207745661	-1.22599836787186	2.1797921014943	-1.22599836787186	0.789073390626818	-1.22599836787186	-1.22599836787186	-1.22599836787186	3.220526113036	-1.22599836787186	-1.22599836787186
XLOC_006250	-0.760314180401963	0.0970547182214592	-1.25650380985672	1.87608550307105	0.424917838735614	1.18003755610297	-0.900012244220898	-0.358303662332246	-0.655163437238241	-0.13955929281423	-0.411215407776954	0.902976418510157
XLOC_006265	-0.282092305667828	0.0956579467031657	-0.00318059848840857	0.927816646369794	0.5655806564441	0.579898941016774	0.388735166006001	-0.59110012002896	-0.552396712337206	0.0718138633920296	-0.407211787840395	-0.793521695569069
XLOC_006273	0.715938354582464	0.0932631180439438	0.380170618251736	-0.112951324341592	-1.05878978801751	-0.138203301877001	0.217231024450627	0.296676038468041	0.54871027912065	-0.536159263427833	0.171738078076797	-0.577623833330325
XLOC_006276	0.183589927779185	0.0438806929163293	-0.00863737132770392	-0.200802516324307	-0.449546414767946	-0.00263969472223735	1.217057971675	0.869211590000294	1.02295893846791	-0.709606076504976	-1.0897608029051	-0.875706244286448
XLOC_006321	0.19169270125888	0.163883779952847	0.342493574454435	0.162761806921645	0.31264048982236	-0.266829564954389	-1.55605835727588	-0.980916585110282	-0.177112494248759	-0.0520028538718771	0.906627340253785	0.952820162797242
XLOC_006323	-2.62163626194085	-0.0933368464930204	-0.514253340370095	0.398891949414562	0.785645983107107	0.504519395867101	-1.18625412151896	-1.10855387665525	-0.0303886624568195	1.41486612893259	0.732546857228009	1.71795279488563
XLOC_006325	-0.767635820743616	-0.413522099475364	-0.481120281486866	-1.34954820966496	0.724599463525556	0.736733725432945	0.185237820794926	-0.758529499400107	0.435337662696535	0.70422751481958	0.5196945084435	0.464525215057865
XLOC_006327	0.945340522334067	0.592567895813064	0.453761074842372	0.0218065960902889	-0.800644767412083	-1.03223436987076	0.708986327674746	0.276220926854119	0.332651286965747	-0.320957716754108	-0.477184941721104	-0.700312834816353
XLOC_006340	1.45048116030609	1.68581026722413	1.71219404265743	-0.306568760138841	0.340558237816745	-0.028084021599148	0.646105465487743	0.94698959104176	0.865330331365659	-1.54503361760479	-3.19062864471134	-2.57715405184544
XLOC_006341	0.121792080989262	-0.84051729513888	0.210260064238081	1.04226718086657	0.751411917643526	0.935500628433105	-1.05411567392317	-0.732931604710957	-0.318473783817639	-0.121164084241463	-0.0904513800870932	0.0964219497486596
XLOC_006409	0.45187549482966	0.263128448343958	0.333411092069998	0.257470822650831	0.253267779304795	0.531152226315235	-1.32950779370912	-0.84952224602182	-0.621001838342458	0.151681863114169	0.307528676508421	0.250515474936329
XLOC_006410	0.140626639532849	0.603421076612514	0.728846789753373	-0.590543130445457	0.0346939717432102	0.0810655116135504	-1.16439090543559	-0.603486991264151	-0.305317058153335	0.497644476575513	0.358873053384754	0.218566566082765
XLOC_006426	0.115549311654544	-0.685992257483528	0.494641389501313	0.856667967805613	0.547443080396133	-0.370505826406344	0.900415083238623	0.12523376709813	-0.0305497386580669	-0.613976114418271	-0.34491773296961	-0.994008929758531
XLOC_006435	1.85784453548058	1.85351254893499	1.41168032278126	-1.37746776232394	-1.66555517479803	-1.08147811057349	1.24138727177502	1.62102414044765	0.962022678348996	-1.67305860626248	-1.45932833418696	-1.69058350962361
XLOC_006437	1.52654075543581	2.55043108559264	1.79137352078562	-1.06742250492533	-1.06742250492533	-1.06742250492533	1.07217458820691	0.531437584456366	-1.06742250492533	-1.06742250492533	-1.06742250492533	-1.06742250492533
XLOC_006451	-0.591725017953141	-0.473068012835863	-0.346229731781877	0.129415959098877	0.175613758091661	0.219410422525254	-0.149887079115159	-0.407581183528954	-0.127988841110257	0.561031234243307	0.555426919197565	0.455581573168585
XLOC_006471	0.433549603825831	0.125011791769152	-0.0807938264513854	-0.386639926988272	-0.27025730011103	0.426999850731207	0.790083652161053	1.11659308912239	0.80438565565251	-0.809037273349766	-0.832933189555735	-1.31696212680595
XLOC_006474	-1.05205257269102	0.0424899793495648	0.173664755324154	-0.97033244975736	-0.504079800543504	-0.186453653510146	1.74021948257946	1.1661397273479	1.73043606203655	-1.01599667922903	-0.672751641105432	-0.451283209801135
XLOC_006507	0.283387652064933	-0.193636105359722	-0.161600899192612	0.707252195452895	0.427919192281927	0.330981452638561	-0.988621957521312	-0.729411230446296	-0.730524764549681	0.270798384947035	0.457639174593526	0.325816905090752
XLOC_006513	-0.258335390281846	-0.674739700934035	-0.35998493694113	-0.387957931206303	-0.137504693783598	-0.974473953243278	0.660637736257889	0.126001828944776	0.370761503372362	0.105679463454297	0.647140275115806	0.882775799245056
XLOC_006523	0.273166812180618	0.195016185366783	0.43878969789168	-0.197379031680167	-0.0746924381817209	-0.245695862043363	-0.261360314018783	-0.396095983544979	-0.429330722812198	0.0790200597064752	0.215438717486796	0.40312287964886
XLOC_006549	-0.539414300834279	-1.03178300445187	-0.670042291895135	0.490122203819698	0.439975514820211	0.394700590351776	-0.687264673050531	-0.0325594209898021	-0.503875991420682	0.555857172049732	0.972561022571374	0.611723179029511
XLOC_006550	-1.35268573393091	0.173108285306797	0.272442527564237	3.38045552111059	1.34398950843167	-1.35268573393091	-1.35268573393091	-1.35268573393091	-1.35268573393091	2.6346392953806	0.311479265791552	-1.35268573393091
XLOC_006555	0.46045143442528	-0.46301698089063	-0.504722718792775	0.601628892804912	0.755003940233147	1.19924969963601	-0.785650438659123	-0.271026890711514	-1.30524882160456	-0.626205661370196	0.186061268331974	0.753476276597469
XLOC_006559	0.485439957700639	-0.484826217983985	-0.0905088458598788	1.15746434921521	0.938490202224236	1.15861657182612	-0.489157758427568	-0.0169366963020714	-1.22051473493592	-0.345330546883918	-0.155966572252361	-0.936769708320512
XLOC_006570	0.0294446293263917	-0.385869342791521	-0.405871476552773	0.820219514915081	0.30008905484437	0.130393572325403	-0.751049815655332	-1.01465835230718	-0.78992702549954	0.994818029119581	0.636760349134778	0.435650863140737
XLOC_006583	0.739522857839854	0.00381292735277494	0.172867134459954	0.942915656850335	0.193478790538456	0.56370648974598	-0.597163074190743	-0.0396915900815573	-0.319732185098574	-1.10867309353013	-0.340206571354524	-0.21083734253183
XLOC_006628	0.612087621749131	0.0878678246352056	0.123452460694667	0.914471317513837	0.492195364516077	0.733992128503704	-0.537678333041589	-0.708169156753423	-1.23478454885506	-1.03373451340918	0.689374255507138	-0.139074421060506
XLOC_006629	0.686170201318093	0.300942735587912	0.2806131596225	0.328457100006823	0.338529200467426	0.82428612352956	-0.370806238493849	-0.198537752185035	-0.569985532429103	-1.23942832806439	-0.036325655059696	-0.343915014300239
XLOC_006631	0.380233563758734	0.274294596282888	0.387430474337042	0.219861264691029	0.174084151085133	0.168034057566035	-0.49032379632592	-0.732240279715072	-0.286308741199543	0.154972382611889	-0.199150676157068	-0.0508869969351489
XLOC_006648	-0.126791541328076	-0.0837215540040663	-0.0989317602379174	0.0242648295726529	0.0638116147076442	-0.191995931127412	-0.0644822670897902	0.00347610321339076	0.124476742063862	0.0877566776240251	0.113864210504047	0.148272876101631
XLOC_006664	0.683358170309958	0.914801110062049	0.468463866849278	-0.193959399893189	-0.85235545450893	-1.35284708051379	-0.736795717115638	-0.141973141620859	-0.186453846492585	0.138666222607494	0.852455474055863	0.406639796260346
XLOC_006665	-0.360681920528978	-0.672626565601184	-0.0885988646679072	-0.0186474426049363	-0.276722884460707	-0.0908798506559032	-0.564472556383944	-0.178388472952392	-0.213732753901231	1.26923038145619	0.417717536222797	0.777803394078195
XLOC_006668	0.124005321143713	-1.69106326943037	-1.69106326943037	0.379156216118649	1.51442403976904	0.324008489068302	-1.69106326943037	-1.69106326943037	-1.69106326943037	1.99689502541997	1.21734767734078	2.89947957829141
XLOC_006677	0.380609182127192	-0.0338384427833738	0.225905502982265	0.31186491948674	-0.164208714000003	0.240310898649798	0.0944002228029879	0.241037191849625	0.490699180028383	-0.766432277114885	-0.161007520323294	-0.859340143705432
XLOC_006733	0.895919583533061	-2.28910031973895	0.489782251169423	1.36281096746791	1.14658580941153	1.01181528385799	-1.20381771577826	-1.47630396842071	0.0538939720239973	0.420223795834867	-0.00591053052838131	-0.405899128832476
XLOC_006748	-0.11508749235048	-0.880115239145026	-0.7685425432143	0.800278973468075	1.13561469207453	0.708732771417249	-0.104143955399538	-0.316392848785119	-0.0324381277678896	-0.840994295721966	0.419786942350554	-0.00669887692609272
XLOC_006801	0.120860067612265	-0.739591620726801	-0.146708853528382	0.394388383821756	0.364611658880801	0.103962874558316	0.0973840258569423	-0.122147903120404	0.230797694705528	-0.186763138772163	0.349027599335828	-0.46582078862368
XLOC_006803	0.840609588004339	0.803283630929553	0.82424888333863	0.0279047608649137	0.194290528091319	-0.134667763215957	-0.857617367874526	-2.19950627070797	-0.726460779988983	0.908669050180192	0.270288923359506	0.0489568170189765
XLOC_006810	0.304597362704941	-0.185044260148297	0.0817893694363079	0.313092159697444	0.181019637701642	0.312295696652408	-0.481800545315078	-0.257199742134629	-0.46998121757958	0.0122773425346097	0.233760981636088	-0.0448067851858553
XLOC_006816	-0.945352957211872	1.3052774881166	-0.945352957211872	-0.945352957211872	-0.945352957211872	-0.945352957211872	-0.945352957211872	-0.945352957211872	-0.945352957211872	1.04451412642914	1.96305798955929	3.24997405358995
XLOC_006829	-0.85593416355806	0.189048908923509	0.230589267160732	-0.646820173164937	-0.122062137347524	-0.905113929257815	0.587508417050635	0.37738485117874	0.674622744024249	0.241718855851135	0.0888331544485608	0.140224204690778
XLOC_006831	0.246399769654184	-0.247086405863225	0.0277995022246449	0.313668726978225	0.488573998000928	0.621402168980999	-0.903331376393545	-0.653319575942578	-0.600402827498749	0.163611976573108	0.278678259849412	0.264005783436598
XLOC_006858	-0.0868654726613105	0.479861265733607	0.496210553916031	-0.303184311653071	0.087332541282878	-0.290309097292399	-0.0164118177286046	0.0144090919493269	0.133421643755353	-0.0628448730928124	-0.328716012870901	-0.122903511338102
XLOC_006860	-2.91479718505537	-1.11201218511148	-0.0285195936975544	-0.181640891334497	-0.394242686270537	-0.462924260222679	0.973233392782633	0.419626761540276	1.13203784977585	1.25682012059056	0.811011173538517	0.501407503464282
XLOC_006885	-0.310271169840851	-0.00597796913041737	-0.382020344973016	-0.303352184137286	-0.0268026071301959	-0.0181595548463678	0.144316887583607	0.583895599671922	0.0909596263136363	0.285730909088051	0.0211046167307369	-0.079423809329823
XLOC_006887	-0.0911819176033388	0.552999144958859	0.700561538383831	-1.28922727780804	-0.0522221672042225	-1.3583591812268	0.774839554137158	0.461277353875322	0.484169549134084	-0.212246361617999	-0.0187200004203598	0.0481097653915077
XLOC_006889	0.969472819434767	0.947561469050902	0.540461272697913	-0.894132203206683	-0.57249334872491	-0.853366661403811	0.622943116620984	0.549945969307609	0.471721196966175	-0.646266892970976	-0.617730428229081	-0.518116309542892
XLOC_006890	3.01794853880064	2.82614737935237	1.92381801604563	-3.03111463563958	-0.76571103182969	-5.10133412118861	2.42962056560042	1.6607372801372	1.35970021630261	-2.30556550226659	-0.0335431521286615	-1.98070355318573
XLOC_006922	-0.47084716401257	-0.679918286130694	-1.58459106147023	0.54407540367209	0.514298678731135	0.601651132992603	-0.912538058644961	0.539171002641818	-0.474367109846883	0.43927884835293	0.67671313252654	0.807073481188224
XLOC_006924	0.834629465400228	0.43962303357814	0.163498185865965	-0.879416586665135	-1.17937932857478	-0.615874789813915	0.0972403542611442	0.393190353481241	0.0748570907535466	0.566790200513799	0.216820166597216	-0.111978145397446
XLOC_006927	0.79525631294917	1.20457394879985	0.791579748258691	-1.78601238967202	-0.768484615980666	-0.879718742960985	0.470794393731556	0.925222457551077	0.66677676933514	-0.843504446358872	-0.485642040032855	-0.0908413956200933
XLOC_006937	0.0525423963156886	0.0323761786503614	0.0169547339004659	-0.277766535539311	0.296597368284266	-0.668503504010125	-0.0517332906315113	-0.335653147367253	0.355098435272364	0.340039921131834	0.294903943830209	-0.0548564998369923
XLOC_006942	-1.15570808201122	-0.4020209036238	0.165982376023054	-0.313975642799917	0.48919063525786	0.0930970811968601	0.5319884920357	-0.165869752220199	0.252789450264375	0.00806733127275727	0.287664167667846	0.208794846936677
XLOC_006977	-0.947064848839569	-0.627391847554493	-0.335935437752693	0.345062868393321	0.691056683599307	0.315448468358564	-0.319530650649195	0.087892901955847	-0.468002714268503	0.550900495395705	0.412164156510016	0.295399924851695
XLOC_006979	0.687544894809012	0.533335282140559	0.619947816019589	0.0621978770876828	0.322281811720646	-0.659793331830288	0.0274304596552684	0.559964525012701	0.0514190724836423	-1.59638614158459	-0.081805268978953	-0.526136996535273
XLOC_007002	-0.686653849380128	0.418544604261323	0.686600518122642	-0.468725676576073	0.368035747051986	-1.23884882802299	0.245702059524413	-0.00307229424800326	-0.119252575203388	-0.0827769893539365	0.262043224559966	0.618404059264195
XLOC_007013	0.323722730424642	-0.0429159044450209	-0.118028477334519	0.0334993848470599	-0.274287185957588	-0.0859110047523508	0.383434187424124	0.144956105362285	0.00201322827106409	-0.0876240188475172	-0.0847614678716919	-0.194097577120488
XLOC_007030	-1.56419155576675	-0.530178294088423	-0.193699975205673	-0.325686101269477	-0.787503326691842	-0.933516551305788	0.437796826761249	-0.897159241134723	-0.109758359020934	1.85617699338051	1.60325743340091	1.44446215094093
XLOC_007035	1.98650100764082	2.38471932762336	2.36546592095447	-1.77838266412291	-1.77838266412291	1.04618432873139	1.18745687844778	1.69996852133962	-1.77838266412291	-1.77838266412291	-1.77838266412291	-1.77838266412291
XLOC_007069	0.0363097099259129	-0.262244508980871	-0.15865810097516	0.403173449417913	0.277437546231788	0.311187816273742	-0.149812614347747	0.0334177463299952	-0.16146837032557	-0.201921974657955	-0.0258454628516791	-0.101575236040365
XLOC_007073	-0.0853318581423428	0.830424217458182	-1.90040044871643	1.88598914593769	0.00323032356164599	0.114671309782247	2.63201765277961	0.924799580083143	1.29580142340554	-1.90040044871643	-1.90040044871643	-1.90040044871643
XLOC_007112	0.518856671519708	0.484012654257949	-0.268457077741521	-0.987941320833053	-0.707566964338854	-0.307188407489148	0.804578829849699	0.366921823631406	1.53388613997511	-0.123111870112431	-1.33811196886018	0.0241214901413107
XLOC_007121	-0.285552386973428	0.0214456150842928	0.0200306848086758	-0.360417542010945	0.147466274040925	-0.47576080150794	-0.208396461141251	0.0732569679895931	0.382253452455172	0.224854675466842	0.218129530262157	0.242689991525898
XLOC_007150	0.381285015449087	0.0762080695837	0.117283529278493	1.01048734862999	1.58573968895415	0.75059097147171	-1.20737838920367	-0.0314445969746684	-1.12393457554957	-1.89950624948341	-0.33605623266745	0.676725420511634
XLOC_007151	-0.965365725724428	-0.175411772533011	-0.472551791583949	0.0308737451458398	0.997244023791755	0.613077876588825	-0.506580700706818	-0.227915977720538	-0.277580748331621	0.506098552873598	0.220863003811036	0.257249514389312
XLOC_007155	-0.215218425109029	-0.288345376250666	0.365791374493917	1.17800870405954	0.720646511384964	1.07420467780935	-0.705001325671146	-1.92612691479197	-1.21462804986698	0.143311718829538	0.977927340337803	-0.110570235225322
XLOC_007156	-0.755468089635097	-0.401354368366845	0.0799636363919651	0.819464999152749	-0.34621364847895	-0.505745626054413	-0.974360081409659	-0.746361768291588	-1.02851108163215	1.69272072162152	1.01857797153953	1.14728733516294
XLOC_007180	1.50237319575644	1.46446188070167	1.2899445846192	-0.533612120408383	-0.176992820109365	-2.13928156811428	0.482771103434624	0.243721140174501	0.262049556462522	-0.0620317887622273	-1.0825887266109	-1.2508144371438
XLOC_007183	-0.792829145546111	0.336591575547564	0.217624638306335	-0.807158367903725	-0.334056003163623	-0.439888606289507	-0.380764515249988	-0.29983462550608	0.181620477104248	0.674983861836024	0.578538781094426	1.06517192977043
XLOC_007278	-0.512152011858049	-0.284499443090079	-0.152651500853329	-0.0396228140003814	-0.0139853998509452	0.0936615012369515	-0.161040564692179	-0.271751184328819	-0.131788348130993	0.529240876552642	0.533754648099382	0.410834240915809
XLOC_007279	-1.44130825666422	-0.64463987482269	0.374526897351029	0.110911927780971	-0.283372459741655	0.3351511623665	0.14432572956426	0.581488452568238	0.598486138703366	-0.0500380790062129	0.171071107137095	0.103397254763313
XLOC_007300	-0.570058877190637	-0.150245438545112	0.231388150038064	-0.696756137558744	0.0700877172092831	-0.483513248395714	-0.423055695379055	-0.399112889405544	0.585795775220063	0.843452403679735	0.0544210304825015	0.93759720984516
XLOC_007333	-0.634659658618811	-0.143198528413655	-0.0115330908709561	0.046725840435383	0.729457472459523	0.36824942789033	-0.735862827411865	-0.881467175004428	-0.111640562217352	0.776716012069516	0.176099532921954	0.421113556760358
XLOC_007337	0.536005525129513	0.270349473592338	0.0326402693649843	-0.492488533603423	-0.277441082247423	-0.607480534271229	-0.0156841951317475	0.111502258759479	-0.0150438963411776	-0.0429665757155515	0.203434887510088	0.297172402954144
XLOC_007344	0.957203833440889	0.690042177052715	0.726612672262025	-0.261358715219326	0.0925905439446213	-0.454318762265301	-1.25856594136974	-0.683192469533597	-0.376052350888773	0.356170464641686	0.0453174854792708	0.165551062455526
XLOC_007346	-0.878589638928148	0.233553173767859	0.842406201083844	0.523856152035859	0.507827827584816	0.55715633783602	0.171371249759994	0.340982062675786	0.97319412336419	-0.257834751340416	-1.98029855526996	-1.03362418256985
XLOC_007399	-1.61604902811099	0.110080323797619	0.44545864983353	-0.753596519562113	-0.587210752335708	-1.23038093895866	2.13280606263679	1.49799192156836	2.27400370475986	-0.94902780765227	-0.918481787429553	-0.405593828546864
XLOC_007436	0.0303166739793124	-0.32346044736945	-0.400324209187858	0.428068344676809	0.425718051140612	0.407300963756697	-0.00984716088531989	-0.112646589633968	-0.0482146724908619	-0.511982888671878	0.279619866436686	-0.164547931750773
XLOC_007449	0.0154961452383322	-0.698060775778496	-0.627181392393478	0.927953981831889	0.364273847761333	0.478203389206497	-0.138181397899356	0.128264431865046	0.0203989957342374	-0.380626684534813	0.239403473040504	-0.329944014071694
XLOC_007455	-0.108927203700118	0.222064916351369	0.255405274379312	-0.520177546939214	0.0253884695055273	-0.112248820990658	-0.308696010392532	-0.00928107281292156	-0.169934351145034	0.708417299960569	0.0390642633853133	-0.0210752176016129
XLOC_007472	0.221780624034418	0.657342478788801	1.92064226711854	2.74278545228587	1.10338727582291	-1.59328796653967	1.01778865665873	-1.59328796653967	0.302713077989078	-1.59328796653967	-1.59328796653967	-1.59328796653967
XLOC_007496	1.01608953215662	0.594677578362386	0.411614858217744	-0.0855609838535241	-0.456311667245966	-0.877216886946133	-0.155903560524127	0.391257606409999	0.311241550209807	-0.813979603468503	-0.0545947744030366	-0.281313648915272
XLOC_007497	0.402908245891594	0.736345488320621	0.694574070062291	-0.641785417385001	-0.116197082610694	-0.915659196091606	0.195464799130107	0.342196303310181	0.314208533862388	-0.270891180990609	-0.66874876000746	-0.0724158034918174
XLOC_007507	0.743578297547699	-1.07149029302639	-1.07149029302639	2.33430017633977	2.13399701617303	0.943581465472289	-1.07149029302639	-1.07149029302639	-1.07149029302639	-1.07149029302639	1.34497509565193	-1.07149029302639
XLOC_007513	0.0819653532297755	-0.000828216312580565	0.0489144914221713	-0.621672016589931	-0.739240993277696	-0.112879249983038	0.42639091207626	0.188926652334448	0.277335410226501	0.370657690096851	-0.132416984733861	0.2128469515111
XLOC_007516	-1.69647332473056	-0.503854549503671	-0.193647869107797	-0.0487913424173119	-0.378213059813654	-0.232379198855424	0.613847624278801	-0.0147772734511413	0.258766979305172	0.882834298264545	0.720279804474663	0.592407911556375
XLOC_007519	-0.481503231227236	-0.0631097693586966	0.337594450140001	0.231018003562602	-0.767974559743196	-0.530143081816096	0.176233145608583	0.0848301796874269	0.650476260400507	0.0700679967754185	0.580936287446795	-0.288425681476105
XLOC_007585	-0.541441273528566	-0.154761686108884	-0.259330111094201	0.489092562664833	0.0409852828971893	0.469895780734824	-0.0732591555251325	0.140684487771045	-0.170477749882993	-0.0567409137764532	0.0100819045768876	0.105270871271456
XLOC_007589	-0.231176244334074	-0.221214323189093	-0.0404470255103124	0.332516822513442	0.240850867205744	0.194479124061056	0.242964150129774	0.109806068013933	0.0857430848437097	-0.200313002222067	-0.30931822334712	-0.203891298165001
XLOC_007598	0.503272251800269	0.190112760032598	0.0474184206599713	0.183047414653862	0.118301450243909	-0.121261722196758	-0.251790649904601	-0.00863530339362661	-0.110284595362687	0.0162036555398348	-0.31761131573456	-0.248772366338219
XLOC_007626	-1.22233985850812	0.346798872877	-1.44631117412271	-1.74608363332024	1.14517702951892	-3.81630311886927	1.31561132317601	-0.09665469285894	-0.620101246747298	2.02838573574085	1.50733123804089	2.6044895250729
XLOC_007689	-2.54950327017049	-2.54950327017049	-2.54950327017049	1.78657014865505	2.74994543999313	1.46931435565348	0.938393209031264	-2.54950327017049	0.138369100037347	1.89702121073736	0.358907676600662	0.859491939973687
XLOC_007701	-0.38871631512605	-0.451563343291127	-0.415396637920374	0.536595196479185	0.648962055125095	0.406696836366368	-0.394550337856826	-0.306844421772276	-0.211537325911486	0.422782905434389	0.0206446379445637	0.132926750528533
XLOC_007708	-0.51240829890249	0.0317694355478828	-0.293123003315729	-0.229477329158869	-0.00829628891275913	-0.213143087821761	0.0727016010857691	-0.174691686246449	0.388701208049735	0.335234994650659	0.0797282489717821	0.523004206052224
XLOC_007720	-0.294866657553696	-0.32329663332316	-0.28668014888955	0.461843238253497	0.354119959005729	0.588564670251079	-0.776493827439626	-0.639843735598241	-0.449046358585633	0.297819868736385	0.620231712143907	0.447647912999301
XLOC_007721	-0.203468761488398	0.179630578945407	0.28218900524985	-0.299794936794064	-0.442341827076711	-0.739949223664794	0.0495435264045438	-0.13111741577266	0.0945168736568585	0.289288156431273	0.506057620272165	0.415446403836531
XLOC_007724	-0.423071143109948	-0.206601261532562	-0.523445898558887	0.944688497475149	0.634900387750513	0.532437329260556	-0.345563354254153	0.251693919460037	0.71377838857082	-1.34463054503752	-0.319117501971653	0.0849311819476446
XLOC_007752	-0.0847538158119363	0.372549529467795	0.148321868153282	0.187521473720171	0.193219909896722	-0.23313153846024	0.0649562868041276	-0.14833325750692	0.347236486191584	-0.533888101915364	-0.203259698393547	-0.110439142145683
XLOC_007756	0.439566150288339	0.0333932438966791	-0.120324516966219	0.289921598375342	0.116563051065878	0.424135996554005	0.0538178483395022	0.407088322500796	0.00599433034863139	-0.474528456395491	-0.498338655749237	-0.677288912258231
XLOC_007765	0.29206904968648	-0.36851352038433	-0.0940586805687627	-0.52953386734973	0.468284194320091	-0.261373333917165	0.933518247025152	0.542102895262253	0.220652588628644	-0.632903113349888	-0.166362224626329	-0.40388223472641
XLOC_007774	-0.199621418760954	-0.293159367836241	-0.500698312228785	0.585812433256268	0.666344568748559	0.29591658891158	-0.27364876916007	0.0405231818381946	0.0560968473152155	-0.229834246523136	-0.112434979215343	-0.0352965263452898
XLOC_007778	-0.853411378018268	-0.183859993970231	-0.614837283691998	-0.00279515716513856	0.657730590953054	-0.350080300707837	-0.584857523909609	-0.0743106937013085	0.461263541186901	0.652220562483103	0.282560937109708	0.61037669943162
XLOC_007779	-0.5618604179791	-0.357951899802436	-0.318909234861342	-0.0362728876443335	0.361618980329824	-0.228110343693614	-0.0199813131865243	-0.403827007394901	0.12999647895209	0.809381712155487	0.327098604155859	0.298817328968997
XLOC_007793	0.917730262290965	0.574397447258291	-1.67623299807018	-1.67623299807018	-1.67623299807018	-1.67623299807018	0.463364095062068	-1.67623299807018	1.89510729478568	1.11953562085183	1.23217794870098	2.17885232140109
XLOC_007794	-1.87158692202008	-1.87158692202008	-1.87158692202008	2.46448649680546	-1.87158692202008	2.39535459338669	-0.436920355726659	-1.87158692202008	0.0244141225086656	1.43817310480893	1.69480138866278	1.77762525965454
XLOC_007795	0.43385502445452	-0.192955348935877	0.0972843156632743	0.839926073969932	0.522181894243407	-0.351502015466282	-0.190664846536395	-0.201000979262441	-0.152303407025535	-0.255304475748451	-0.189618389559365	-0.359897845796782
XLOC_007809	-0.256370411197318	1.00834455205783	0.529531946693838	-1.14409970386783	-0.821792125431576	-1.33080396622181	0.46692060044689	0.598843853532118	0.943106307781255	-0.0501957566816351	-0.394886173410588	0.451400876298822
XLOC_007815	0.240309130545494	0.221698825761729	0.297107397916541	-0.269496681232242	-0.284516908167232	-0.117346885325075	-0.139293823517455	-0.301435024196628	-0.11368934409226	0.0283453138461027	0.174117100376703	0.264200898084331
XLOC_007831	-0.93436492291204	-0.93436492291204	-0.93436492291204	1.13585456263698	3.74786104783894	-0.93436492291204	-0.93436492291204	-0.93436492291204	-0.93436492291204	1.86140369600997	0.729800076810422	-0.93436492291204
XLOC_007834	-0.860840239611626	0.202371731457189	-0.0588820349469774	-0.364131074633183	-0.739447586230942	-0.43656347499214	0.224766883209876	-0.304225554663875	0.057161110153845	0.842165212750835	0.389168221977842	1.04845680552916
XLOC_007848	0.0851695064752818	-0.226126451599622	-0.0591478147888971	0.0704814002549323	-0.0523817034149268	0.326211710659196	0.373097057296022	0.631803565259334	0.242178721773682	-0.488492680383098	-0.484498993323493	-0.41829431820841
XLOC_007850	0.330008746461353	-0.485511149944148	0.131739389767817	0.804631373227817	-0.157648029429994	0.524701097755981	0.396509420787884	0.644748324746512	0.0333633947870062	-0.722125160979838	-0.848823395420349	-0.651594011760035
XLOC_007851	0.201771753796661	0.455132551102014	0.412374281897972	0.132568026684466	-0.46587868626092	0.196596726246767	0.541189711718215	0.519290987154181	0.201148448313558	-1.67281042515897	-0.374402053875449	-0.14698132161849
XLOC_007852	-0.0140586736142261	0.246177693549802	0.0985298063191458	-0.274271259256787	-0.302393126059831	0.042702348421539	0.420384604277437	0.591367402209171	0.227926981211166	-0.412603789154888	-0.304273174739214	-0.319488813163323
XLOC_007862	0.306417403439092	0.44630156729319	0.388047854881773	-0.453792866265021	-0.382061151425082	-0.536090948695191	0.223642484714047	0.526135299575014	0.349606664758042	-0.258024408871528	-0.312773706106659	-0.29740819329767
XLOC_007869	0.795034570147295	1.23059642490168	-1.02003402042679	-1.02003402042679	0.883596751851284	-1.02003402042679	-1.02003402042679	0.578826068954909	3.65218432713238	-1.02003402042679	-1.02003402042679	-1.02003402042679
XLOC_007873	1.29723732114613	0.953904506113451	1.07326600553154	-1.29672593921502	-1.29672593921502	-1.29672593921502	2.87575904381193	-1.29672593921502	0.599275105313728	-1.29672593921502	-1.29672593921502	0.980913653373338
XLOC_007876	1.59730935766108	1.00941521692481	0.878605977920264	-1.05654028993121	-1.35607272361453	-0.909398077981854	0.432853765078535	0.542738484765247	-0.0460471491897625	-0.434733712013211	-0.213169853486213	-0.444960996133154
XLOC_007887	-0.66307944454879	-0.376625952189355	-0.0568437794154448	-0.137733108988233	-0.6481434437731	0.106976273594256	-0.188349059594722	-0.465649088881899	-0.199856506859406	1.38147545282937	0.842404871527593	0.405423786299735
XLOC_007899	4.04668312164457	3.53488407328248	2.62202764354549	-1.13373275983028	-1.13373275983028	-1.13373275983028	-1.13373275983028	-1.13373275983028	-1.13373275983028	-1.13373275983028	-1.13373275983028	-1.13373275983028
XLOC_007949	-0.786262910351668	-0.00209504322336462	-1.75509790921767	1.16799871358214	1.44837307007634	1.28289534348483	-0.769149547514416	-1.04163580015687	-0.184024298590843	-0.0704661438838019	-0.105636314293698	0.81510084008901
XLOC_007950	0.386246784921051	0.0578710938453932	0.0182478674169895	-1.27207804729751	-0.287346289175283	-0.266800391496806	0.548250559631679	0.428717282549777	0.123816871805032	0.421919414003722	0.124530381762448	-0.283375527966499
XLOC_007959	0.267306762950527	-0.0599720799289472	0.237246550047395	-0.139191933907556	-0.492929717616924	0.0997305728725113	0.616494539351365	0.434802877000413	0.484106319405949	-0.721796636176537	-0.150772337181998	-0.575024916816206
XLOC_007963	-0.32291168600509	-0.0654173688047628	0.0960349664060391	-0.213695581800325	-0.356951408260512	0.0984281704349534	0.903541432368307	0.587136169069781	0.417714111532311	-0.229863653115144	-0.567631672753134	-0.346383479072417
XLOC_008001	0.767672640802444	0.191056308762819	-0.803630151830945	1.96939738519273	0.80663239120156	0.67941970164934	-0.896024338933764	-0.840134834808093	0.52284788669556	-1.97067751930578	-0.130557682688378	-0.296001786737495
XLOC_008013	-0.0338410893909931	-0.390507795841408	-0.395099216899514	0.503113403451923	0.337499434727484	0.563479849336725	-0.102351226425766	0.0270046591798394	-0.351975450004744	-0.130223887744204	0.310486115325434	-0.337584795714783
XLOC_008020	-0.402225801902887	-0.402225801902887	-0.402225801902887	-0.402225801902887	-0.402225801902887	4.42448382093176	-0.402225801902887	-0.402225801902887	-0.402225801902887	-0.402225801902887	-0.402225801902887	-0.402225801902887
XLOC_008024	-1.07363529704894	-0.942570095937205	-1.04238455890167	-0.245642681150706	-0.196124541125941	0.672710838531178	-1.19895262558246	-1.22145770544388	-0.73436628875396	1.93106741326519	2.2372881659479	1.81406737620047
XLOC_008038	0.271688864684105	-0.129825019228351	-0.11299814904403	0.099917470330702	0.158652092894659	0.342668030779841	-0.0721627480129374	0.119107044547176	0.00187265084868216	-0.285249412321701	-0.154993125658594	-0.238677699819549
XLOC_008045	-0.940349982447316	-0.265015453003589	-1.09243514564774	1.53607042569386	0.988443541440065	1.13728426836588	-1.08475345503569	-0.930665527003729	0.204476702436006	0.681532963019032	0.232870804541522	-0.467459142358299
XLOC_008060	-0.137505408501398	-0.38237934088344	-0.138013839054518	-0.105130310322764	0.020978938352771	-0.132016162449052	-0.200250737575824	-0.485365724240974	-0.360466639086161	0.907411298276319	0.486137441404027	0.526600484081017
XLOC_008071	-0.674198198047069	-0.683149311443207	-0.543478597690601	0.993676014597558	0.773487226307951	0.938614875831332	-0.583273095745668	-0.233318282319923	-0.695992406355307	0.350381510756829	0.204858171876131	0.152392092231985
XLOC_008101	-0.39639946966306	-0.716192008164863	-0.405985327768989	-0.373789959640856	0.129290068846311	-0.566750006686831	-0.172795345233936	0.0746321084770347	0.188209170249827	1.1202553689009	0.372427211897767	0.747098188786691
XLOC_008106	-0.00323076204905526	-0.106358704753687	0.260519123062714	0.244711335224261	0.41122527886831	0.414873739985952	-0.504390155226536	-0.894839295089909	-0.64572567391938	0.265137947152594	0.195525731083054	0.362551435661681
XLOC_008124	-0.425092617105287	-0.61185389483098	0.0141480788720676	-0.0991390613927123	0.084096771610576	0.538401930077328	-1.18485960787379	-0.956861294755724	0.237005867340918	1.33286787126057	0.0689640360419341	1.0023219207551
XLOC_008129	-0.973204965549107	-0.973204965549107	1.39678697919745	-0.973204965549107	1.72347027681348	-0.973204965549107	-0.973204965549107	-0.973204965549107	-0.973204965549107	-0.973204965549107	1.44326042312922	3.22212204525272
XLOC_008133	-0.136959955525171	2.48586366856847	1.27120680802074	0.118190939449766	0.744646696263324	0.0630432123994185	-1.95202854609926	-1.95202854609926	-1.95202854609926	0.0378385375417487	0.464436842579064	0.807818889000413
XLOC_008142	-0.018500285402939	-0.744006496554213	-1.00016276161293	0.320639377141328	0.897714286293953	0.918260183972429	-0.970984560804291	-0.7271809272169	0.407961302222835	0.414441771235035	0.643039359001201	-0.141221248275508
XLOC_008153	-0.543728874468239	0.0659674081743873	0.556726748887922	0.0375066197033238	0.207926815143731	-0.804868308835021	0.51713093741135	-0.0584881159784123	0.79456182650352	0.140952822783665	-0.305232061090448	-0.608455818235777
XLOC_008162	0.46650043663838	0.557664055758222	0.155735366951154	-0.30601278760151	-0.615237675010991	-0.670286077666241	-0.356628738207999	-0.565195281593777	0.308932921696226	1.32351238156328	-0.115236649516586	-0.183747953010154
XLOC_008167	1.28079694647653	0.289237503144252	0.247069203750045	0.0622343978163133	-1.11258009862839	-0.130725649229662	0.263229012223233	0.891350498786183	0.871800148069354	-1.25034506838679	-0.369723807124584	-1.04234308689648
XLOC_008169	2.89244957932968	-0.292570323942332	1.69556589047817	-1.81836434318004	0.0852664290980372	-1.81836434318004	1.43198852916442	1.90128408283029	1.37783752894193	-1.81836434318004	-1.81836434318004	-1.81836434318004
XLOC_008172	-3.88732643337791	-1.1565017672033	1.21513010993429	-0.481535964011758	0.941272807411241	-1.87225467487924	1.76781983305101	1.26216610379182	2.27792068587762	-1.0915578144559	-0.0783426249296371	1.10320973879178
XLOC_008173	0.780150868144397	-0.11547288718597	0.742617807452288	-0.586082384720831	-0.154028443327852	0.3002767151389	2.03946460988104	1.41324035535222	2.14165045461295	-4.67333769515668	-0.864353886708404	-1.02412551348206
XLOC_008178	-1.31693022026755	0.110674933758172	-0.199183627699954	-0.448640929764649	-0.321347951259733	0.107438359838623	-0.17452161899324	-0.440205412055201	-0.020334614240765	0.748150269039657	0.73877059737952	1.21613021426512
XLOC_008183	0.081136822156604	-1.42232618892879	-1.15887222166462	1.03922216174145	1.12972159144853	0.803502514320267	-0.254679756489828	-0.554552248690382	-0.216579584432285	0.812887627149346	-0.0171958894875051	-0.24226482712278
XLOC_008194	0.0991475098648413	0.55835785925693	-0.455092623633347	-0.0743363672303801	-0.175481624372987	-0.575102278651289	0.572891258701389	0.963844737910695	0.587882907033739	-0.527140845341566	-0.507776388344404	-0.467194145193617
XLOC_008210	0.0236914111668654	-1.52103388628129	-0.763543103775503	1.34748213302944	0.458592052333226	1.48284613983563	-0.811974370172521	-0.569474140178856	-0.159181611823388	-0.148098286917614	0.701729195384682	-0.0410355326006728
XLOC_008211	-0.0664882588910052	-1.07570535313425	-0.39480265539073	0.815814958018894	0.807985706597949	0.743195691196345	-0.267281306343048	-0.201524771552528	-0.289449489475768	-0.0502461535723997	0.19148541487897	-0.212983782332426
XLOC_008261	0.68769643709254	0.560730556500864	0.815263847007122	-0.769218584642037	-1.18835817410805	-2.36489243053462	0.643566615173557	0.482396361360403	0.656817742379094	0.110707484672083	0.0358751237170392	0.329415021382006
XLOC_008262	0.677574069752843	0.335299790931401	0.215056617626837	-0.383660233535689	-0.233781550634975	-0.353736930799973	0.0351076750480175	-0.0179770023271866	0.146599483694914	0.175941134992729	0.0246406299641873	-0.621063684713104
XLOC_008266	-1.5189590314541	-3.27844844923859	-1.77331849119129	0.42024048243993	1.26093078269356	0.79451346063887	0.351328563816729	-1.26144214502961	0.398812867855883	1.5764362006081	1.30132545598377	1.72858030287674
XLOC_008271	0.115999721797968	-0.536978039901796	-0.681922089208493	1.10521173146208	0.976857580120299	1.67518776064422	-0.962062385396369	-0.188814331986271	-0.309269627047236	-0.0814261518768316	-0.990303970632223	-0.122480197975352
XLOC_008295	-0.863657581353833	-0.749464842849756	0.184732351257485	-0.809934510341519	-0.133888760411015	-0.477989492201509	1.02907385320637	-0.557474752670641	-0.0633284706761339	1.23381218093738	0.430897058032809	0.777222967070362
XLOC_008324	0.838653721396786	1.28438311058349	1.22316073066107	-0.205668724857489	-0.583392252527511	-1.38373417665664	0.16297340437392	0.750623136968914	0.825190258066604	-0.308387737845291	-1.53631319367347	-1.06748827649038
XLOC_008327	-0.031042472325951	-0.809409676223281	-0.785932062876808	0.563123288272135	0.178920873214128	0.451747269074199	0.00442775791186723	0.370779585845309	0.124717060425373	0.158100263964834	-0.243595139271268	0.0181632519894652
XLOC_008329	-0.756960174270603	0.435421816017015	0.344705573522459	-0.894527325125886	0.31629580190149	-1.4020743483738	0.180166976503225	0.306008981304126	0.531509001895245	0.0321881899467051	0.176881400708794	0.730384105971221
XLOC_008347	-1.29777192912535	-1.1491632027264	-1.25308655958616	0.277161159662497	-0.431393703885452	0.776172899710171	-0.737671392461338	-0.659971147597625	-0.898228482243713	1.86344885799021	1.82468285639055	1.68582064387261
XLOC_008348	0.588354663095267	-1.22671392747882	-1.22671392747882	-1.22671392747882	-1.22671392747882	-1.22671392747882	-1.22671392747882	-1.22671392747882	1.96948794464315	1.56905469144319	3.4091745280606	1.05092566510954
XLOC_008350	-0.423820634356755	0.325330631328785	0.144869682288666	-1.43051493425704	-0.662221232808758	-0.815627908050886	1.20964575092056	0.683606937919798	0.845803833625896	0.245899365285603	-0.0925926661410266	-0.0303788257548447
XLOC_008351	-0.163618732483904	-0.267243678372321	-0.0517295297852591	-0.296818967805379	0.133591566137904	-0.0342054801747285	0.487002673356345	0.813849636366399	0.456520529359425	-0.246633373800472	-0.597490850825904	-0.233223791972103
XLOC_008352	0.0821411539673917	-0.369365355200822	-0.114289988426076	0.330083251240708	0.0576711503790523	0.136986595386121	0.516069229839964	0.560241457048093	0.312134172584095	-0.514699303334244	-0.421999813212627	-0.574972550271661
XLOC_008357	0.324445794637287	-0.0879539495748745	0.327146079172446	-1.19877910361724	-0.324554265664898	-1.9460390117329	0.789170206719995	1.1774690025487	1.08298278640545	-0.839509933145231	0.25484253511488	0.440779859136383
XLOC_008360	1.41981163771616	0.9024762641489	0.490791503243322	-1.43521210421696	-1.83273026989955	-0.722487519381329	1.62876485357491	1.2010453473063	0.646634790511168	-0.658022430313211	-0.844719002348302	-0.796353070341405
XLOC_008367	-0.754028502079487	-0.886648887120085	-0.0207953610493519	0.241073662860005	-0.631996614992776	0.796908869271745	2.04330936512938	2.01303126994486	1.6057180290885	-1.52789916064769	-1.24895751360232	-1.62971515680278
XLOC_008368	-0.221656113026143	-0.108403466615	0.0133233477547385	0.144191692137678	-0.168994313857764	0.071403490237623	0.349792542883076	-0.101735394969946	0.302597322561775	-0.143864805900451	-0.111543050295278	-0.0251112509103049
XLOC_008373	-0.0614721337420079	-0.237904736517928	-0.304550788546317	-0.328759852609906	-0.270757662431654	-0.619302793880131	0.281030368468778	0.0207275857475704	0.00192001681737608	1.09709599249813	0.174970623750646	0.247003380445442
XLOC_008379	-0.606567998780125	-0.545137330862573	-0.0437344110855058	0.976383603355938	0.34536727913915	-0.340673291318002	-0.618188075542283	-1.47173260308986	-1.3745184337338	1.25245603546719	1.05254901327862	1.37379621317126
XLOC_008380	-0.618951858239175	0.218832087449599	-0.574266488699985	0.460028161936762	0.994947214322436	-0.369229394658491	-1.4771200991598	-1.26299669355862	-0.891994850236224	0.852911477324022	1.45268022680978	1.21516021670969
XLOC_008381	0.74150336680323	-0.0211324742378842	0.551120226504101	-0.705360101791158	0.937729817789005	0.180998998068572	-2.18153878902861	-0.380485031044326	-1.22127511937115	0.403678772523939	0.813965283986209	0.880795049798077
XLOC_008382	-1.27944914049519	-0.0694097099561501	-1.15320316564394	0.35670273527756	-0.0408154304050266	0.597175890531638	0.95173271500362	0.68812417835177	0.295779827795227	-0.688480224913594	0.127737996496244	0.214104327957845
XLOC_008395	0.17649293224631	0.146775247229625	-0.560833945042615	0.275330108669914	0.685761714719299	0.400425802550928	-1.11393368646704	-0.944322873551251	-1.10097450024795	0.834931477198332	0.953569517020438	0.246778205674017
XLOC_008417	0.271345095698259	0.576822132004524	-0.5494498801087	-0.906908870531956	-1.48781115598667	-0.67448083936211	1.48729187880584	1.47695574607979	0.595995559737274	-0.246773984278222	-0.189121948925894	-0.353863733132137
XLOC_008428	-1.38011689247816	-1.47012958136176	-1.35952946220064	0.72462809792345	0.314398900808009	0.978479224724811	-0.0273407198804732	0.479989070761413	-0.255158762929721	0.577254935337098	0.886847793839481	0.530677395456506
XLOC_008436	-0.409752998544608	-0.0549822425529287	-0.672213339138086	-0.356029927532294	0.808643019567072	-0.0240849093922835	-0.618193717809024	-0.840932325848462	-0.580844359471974	0.923421572237102	0.793058960022099	1.03191026846339
XLOC_008443	1.21338937853989	1.14156260804247	0.332895656450199	0.156469264707475	-0.0490330869357036	0.388897295877321	-0.664080787375958	-1.2913299593907	-0.0585800370907914	-0.834151711024636	-0.355330473527535	0.0192918517279734
XLOC_008454	-0.0529773957871313	0.144427738995494	0.0637027148397635	-0.450671009714101	-0.258931758304234	-0.726625079672448	0.0198446247200366	0.132556494142312	0.0519857753074611	0.629524151941016	0.205029869286708	0.242133874245114
XLOC_008470	1.28717616115159	1.26088312288835	1.06571550868555	-1.15530590033658	-1.76335715630816	-3.06388016252379	1.50312668084138	1.89380526428166	0.480570045080459	-0.286986422684184	-0.488708632075444	-0.733038509000827
XLOC_008471	0.307796680518909	1.14077393361764	1.10316594107301	-1.35930228812804	-1.56480463977122	-0.482570368584526	0.854718762842062	0.547126473434548	0.64706568881389	-1.45773358793182	0.25404664052047	0.00971676359508766
XLOC_008473	0.0854270869446285	0.15884612448611	0.0478940262525196	0.0445041777205235	0.912953081003122	1.60603691169375	-0.383579390662527	-0.593143144866743	-0.695843128797279	-0.92153699544859	-0.124770551062803	-0.136788197262714
XLOC_008474	-0.66678804950483	-0.999794736579412	-0.812298932334878	0.269540989127545	0.356487550721098	0.410003156489611	-0.371970982844388	-0.0980131306230225	-0.0815524920213857	0.274130630010144	0.692132904189299	1.02812309337022
XLOC_008483	0.177073672585747	0.520859325800297	0.658324881762733	-0.726299318274129	0.463530721497207	-0.330541053162572	-0.168492894773745	-0.584027637484032	0.553421756120191	-0.0112217496530302	-0.542414514309275	-0.0102131901093907
XLOC_008491	-0.20973425859772	-0.118460083292913	-0.226745318386792	0.303669025056207	0.277472032989776	0.323527698283625	-0.696197563357964	-0.761985918417954	-0.186746002872731	0.371338949790564	0.55917159139972	0.364689847406174
XLOC_008518	0.503023116104599	0.674796308465904	0.351253427239531	-0.55946860470052	-0.658381063031603	-0.765983422778844	0.500747620992811	0.230123307832836	0.41829992203129	-0.365722562658467	-0.0472047146657548	-0.281483334831771
XLOC_008522	0.137701721187482	0.595058689997982	0.346392704143448	-1.20923351812887	-0.148769607328477	-0.882185422756764	-0.0444078270328658	0.779008158077483	0.17481703884505	0.372126738421226	-0.30201601166076	0.181507336235066
XLOC_008526	0.58934023677419	-1.52314480553773	0.0507071184337349	0.923735834732223	0.941382410538195	0.852974976756299	-1.28812992914165	0.289487338376621	-0.385181160711691	0.540344294798701	0.502605721593789	-1.49412203661268
XLOC_008566	1.80504498712119	0.290791760685934	2.34483790550355	-1.95983868464254	-1.95983868464254	-1.95983868464254	0.651237938555861	2.14720696100421	1.61150160821332	-1.95983868464254	0.948572262128621	-1.95983868464254
XLOC_008579	-0.270457132137158	0.403224693016731	-0.0187863692424006	-0.486504289560871	0.186047965620846	-0.756917519532976	-0.195329518276039	-0.211091720753593	-0.039116479167296	0.573794135412546	0.588973036583458	0.226163198036753
XLOC_008611	3.614135526571	4.18243225621577	3.48151208261814	-2.06887313157089	-2.06887313157089	-2.06887313157089	0.0707239615613577	-2.06887313157089	-2.06887313157089	-0.0790060479298829	-0.404708131848428	-0.520723989333509
XLOC_008612	3.94281365562865	1.8528812066033	2.51815817752957	-1.2376022258462	-1.2376022258462	1.58696476700809	-1.2376022258462	-1.2376022258462	-1.2376022258462	-1.2376022258462	-1.2376022258462	-1.2376022258462
XLOC_008617	-0.0514720009069372	0.0562403114627834	0.114676868863249	-0.218054815477924	0.0744113767270598	-0.0640848046117206	-0.125097777552146	-0.337071123128364	-0.131649167775269	0.315875378160598	0.26815047649033	0.0980752777483289
XLOC_008650	1.23276811563255	1.47320938386709	1.11740648490582	0.254494121134499	-0.135186576960462	-0.350756013402004	0.926120904997644	0.352853813859903	0.386458855226476	-1.41486532527583	-2.28930779868167	-1.55319596530402
XLOC_008655	0.0521438821268649	-0.10534187365066	-0.484646339702394	-0.268500274240083	0.173091670690344	-0.625074616872705	-0.0259913083777006	0.280965303762714	-0.0103741173147816	0.64790752039404	0.132745359225764	0.233074793958593
XLOC_008659	1.15873462808737	0.463043168566661	0.82551979420604	0.0739217477991909	0.423924429438318	0.786646332634822	-0.356522237878103	-1.18086832177978	-0.149874956703573	-2.66935242360131	0.208726783331412	0.416101055898949
XLOC_008660	0.401334130345449	1.01310139641846	0.85515484797799	-0.327735970852012	-0.750870856077047	-1.53596545282677	0.389714053583291	1.07523588713243	0.91679671644909	-1.18800256029662	-0.00801456457324434	-0.840747627281011
XLOC_008668	-0.443552451327131	-0.0851836668901953	-0.188494878458427	0.78863449486724	1.09829257460712	0.716156531260954	-1.40784908387367	-0.371582700047788	-0.743067711999188	0.07983868458851	0.805702625033938	-0.248894417761368
XLOC_008669	-0.00274583672320272	-0.22578120019431	-0.498162642802137	1.02213741695225	0.75626074410334	0.462745960242273	-0.668627836262044	-0.620344236785461	-0.541675168038828	-0.120395780943672	0.328241441372231	0.108347139079569
XLOC_008691	-0.749900728440129	0.784858663791535	0.582469646022748	-1.805529030266	-1.05975059198051	-1.56876243277074	0.917574746014193	0.0775400437076197	0.851729114203208	0.172716846406196	0.676052795225015	1.12100092808686
XLOC_008695	-0.300575243888775	-0.504447928618236	-0.206886113696038	-0.384965219038661	-0.0906118983486959	-0.45679186776898	-0.0409252477065918	-0.0461165822744318	-0.335121227930657	0.729437337571534	1.1181322903226	0.51887170137693
XLOC_008696	0.743762469779568	0.857874320924878	0.806440118542664	-0.744576284162033	-0.939006080300876	-0.648719900919017	0.279224342572862	0.453059383259072	0.275005630580811	-0.561834074190021	-0.268794717727042	-0.252435208360872
XLOC_008700	0.992439926039242	0.821112306607411	0.437928444150264	-0.316464134883763	-0.400918202958281	-0.168362964709144	0.460707965449326	0.323670359825629	0.124371445499436	-0.998722677862617	-0.533601818397965	-0.742160648759538
XLOC_008713	0.438843731169798	0.3197862943059	-2.26772420793815	0.662188342829907	0.557635729565829	-1.29772075036452	-0.215597647027152	-1.15936496722219	-0.768927841684058	0.558578032066234	2.13660897495803	1.03569430934037
XLOC_008715	-2.66530838577364	-0.042484761679999	-0.175700386201648	2.02084256197056	0.201848994403251	1.60547687592797	1.73370054863173	1.64864362013676	1.57106824730659	-0.79241868149738	-4.48037697634773	-0.625291656876464
XLOC_008718	-0.0968593009882488	-0.288847461459902	-0.227099733907258	-0.0861964295521478	-0.307974777034951	0.174318495036505	0.84094798956627	1.22115452047528	1.03607341859094	-0.805052035542806	-0.89246006572436	-0.568004619459315
XLOC_008740	0.311641192523445	-0.722417813065672	-0.59444645352933	2.49607689776671	1.84620623092334	1.02534594358317	-1.31364538610804	-1.11465210868434	-0.765370109032443	-0.65747386031827	-0.178652622821169	-0.332611911237405
XLOC_008751	0.734225091703014	1.01464708571146	0.681832140870704	-1.3316848548763	-0.310858733217254	-0.540574900072186	0.0966889183214654	-0.0440929694849093	0.00493934613092772	-0.26351634721122	-0.0767118627003853	0.0351070848246886
XLOC_008752	-0.588579668698847	0.476287147770023	0.604769277739528	-0.588390222967705	-0.1122934555647	-0.511606349705076	0.960063572180188	0.843566278030568	0.949177791097375	-0.649078789900237	-0.778524128346545	-0.605391451634562
XLOC_008766	0.181369223126675	-0.461946622406545	-0.40817418473189	-0.12312969635285	0.0468522855384528	-0.0405513090635381	0.491732369139148	0.21711513899747	0.57545590944706	0.0658582059598887	-0.287909308640974	-0.256672011012897
XLOC_008787	0.483062923033492	0.361505599710791	0.213206676180897	0.189958425508639	-0.277523423274675	-0.808182480565812	0.191073627441217	0.410062058817743	-0.0402011617688283	-0.304982552926373	-0.480249380381251	0.06226968822416
XLOC_008792	-1.44956440721566	0.0762296120220474	1.40923161849529	-1.44956440721566	-1.44956440721566	-1.44956440721566	2.57978099356737	0.149295682166041	1.23830796299218	-1.44956440721566	0.966900981462663	0.828075185372699
XLOC_008804	-0.53396985090875	-0.146193459449701	-0.170399990672143	0.58128461785279	0.220540997434143	0.541916608551943	-0.532867428765299	-1.30358650967263	-0.605386311966587	0.298803713433944	0.722704961522583	0.927152652639704
XLOC_008817	-0.965290915945502	-0.10792201732208	0.212032254404726	0.541651931465015	0.512091372526157	1.34818157614746	-1.10498897976444	-1.78698396129697	0.209800080786707	-0.0343025793762513	0.424327744244171	0.751403494131005
XLOC_008819	-0.0445306793386155	0.031228870451681	-0.444672236216188	0.679025533773305	0.833905829519463	0.401343488171053	-0.484268047692759	-0.962015000128378	-1.19308776660832	0.128646437682701	0.460671002277262	0.593752568108801
XLOC_008822	-0.164841854675597	-0.1661084194407	-0.425070096021743	0.54463135159528	0.377799843478227	0.536770600507184	-0.611080826233517	-0.34227805073272	-0.284377659545454	-0.0674574893558599	0.387306482187482	0.214706118237407
XLOC_008824	-0.364219066907823	-1.00498936857773	-0.779518597663223	1.19477426610188	1.24984866188057	1.15260697383149	-0.781552816319452	-0.535034325890642	-0.974187787029512	0.24319860616001	0.258285959550085	0.340787494864358
XLOC_008837	-0.106881870838219	-0.0447457819773884	0.0326017569750245	0.0436238336075814	-0.0930332943032344	-0.0955306344492559	0.313494092160145	0.0571534081304108	0.125047551706267	-0.0661653895477823	-0.154916916206581	-0.0106467552569658
XLOC_008847	0.0293964613980808	0.584301039264997	0.439356989958299	-0.0371279889000773	0.455397833063538	0.733743040743028	-0.200716424698664	1.6696475376798	0.699838530294581	-2.38333432408461	-1.9567360190473	-0.0337666756716732
XLOC_008848	0.251257396617882	0.298522166122009	0.350029238157935	-0.342788657459119	-0.0208980383686814	0.058355310935875	0.172305625034319	0.0408875985669805	-0.0370514819077439	-0.246275976145801	-0.509170871666687	-0.0151723098869674
XLOC_008867	-0.858638183273427	0.598111327447896	-0.724909461309011	0.431146449128229	-0.533134957027475	0.765610761166637	-0.998336247092361	-0.761712400739649	-0.999969735385736	0.975930808223725	0.800663980768848	1.30523765809232
XLOC_008875	0.148123514116983	-1.31058277921956	-2.55844442499097	1.09371195094863	1.13326935686069	1.15741748253817	-0.108196281441558	0.301255194979371	-1.73223449761556	0.0126718299446873	0.47130215356511	1.391706500314
XLOC_008877	-2.1338788631306	-1.23014570178156	-0.796305991582127	-0.486196880817355	0.43223678432975	-0.0977055926185963	0.281827809097591	-0.520916297752584	0.37196628580368	0.895187289162053	1.53064218476085	1.7532889745289
XLOC_008878	-1.17075831238851	-0.858157281436511	-0.992296831529666	0.572859496110935	0.993473019113955	0.784780572145406	-0.789096145904653	-0.389030970752299	-0.210178817718681	0.457105694595031	0.871302514595378	0.729997063169625
XLOC_008879	-1.86692195876006	-1.17306483113281	-1.1923182378017	0.94531435632023	1.08988859081681	1.04120403621534	-0.605642440138546	-0.9240364416964	-0.517622312307353	0.716598757208248	1.08341835719655	1.40318212407971
XLOC_008882	-1.29068566382544	-1.29068566382544	-1.29068566382544	-1.29068566382544	0.612945108452639	-1.29068566382544	0.143980902467986	1.53451436497414	1.3971867063824	-1.29068566382544	3.06853297191254	0.986953928762921
XLOC_008891	-0.894154758699242	0.448074556365103	0.187986673625413	1.04287720522219	-0.335272479434748	0.852305553036745	-0.392060334940995	0.338330150546183	0.694235661504592	-0.850228146915081	-1.09869839155511	0.0066043112449492
XLOC_008900	-0.32371065754042	0.0313438844297487	0.461999935224904	0.263376668568513	0.463474177043946	0.153020583449316	-0.52790662276252	-1.44452646333798	-0.564747782287219	0.579132750820287	0.518992052215324	0.389551474176094
XLOC_008901	-0.54900618887233	-0.411993106859533	-0.183143263889536	0.335308136904787	0.44068671213554	0.359687372251705	-0.569719454861786	-0.335517414355241	-0.733517626210459	0.229290343198122	0.97590082283232	0.442023667726411
XLOC_008903	0.664795067384166	0.806483705960352	0.726852425443818	-0.813983830784631	-0.525144149375	-0.537885193275136	0.166357096634139	0.289756100499648	0.496241196417753	-0.408814274586973	-0.547999296282681	-0.316658848035448
XLOC_008917	0.416343519840228	0.431858400598115	-0.215581711029539	0.268700000008692	-0.401429133315037	0.638705305122563	-0.050848841117471	-1.01086054369931	0.102057004427871	-0.814595224455251	0.601980183305414	0.0336710403137257
XLOC_008923	0.0923046402747758	0.190879488649336	0.0886466241756496	0.397165006328187	0.249579986965415	0.955253567775411	-0.6188988963968	0.0193037760590267	0.0484837234552407	-0.196238395536377	-0.69740717618619	-0.529072345563675
XLOC_008927	-0.915936472605186	0.300781293346306	-0.06403160597237	-1.29904063523245	-0.868599900731061	-0.579191955685044	0.821601975846314	0.387470048077128	0.528401006403977	0.76265198446	0.285436490025802	0.640457772066588
XLOC_008979	0.789111682442863	0.37853024659805	1.15214350273239	-0.491716889956714	-0.243349111033647	-1.75440520753827	0.325720092489381	0.726693954513575	0.372424475788949	-1.26921217356355	-0.562377018457723	0.576436445984692
XLOC_008982	0.524937314673214	0.475672486815156	0.0835868960667039	0.115626704279002	-1.34766400561692	1.28106337412043	-0.108311160331893	0.974536780131552	-0.256332901068693	-0.693433113816338	0.229656691701025	-1.27933906695324
XLOC_008983	0.23605111815065	0.802070295177495	0.418352449504256	-1.34564317003065	-0.612723512855949	-1.41306543698507	-0.497163775462656	0.173633390221362	0.977437481082885	0.0642614200661704	0.655412043791203	0.541377697340308
XLOC_008991	-0.256434101226771	-0.16008543642289	-0.207705115118777	0.287335046941185	0.313379973246673	0.818222599495167	-0.680142379175755	-0.855615414896391	-0.690571488822317	0.976806600791376	0.499938626751222	-0.0451289115627151
XLOC_009003	-0.255461933991382	-0.0906053710799153	-0.142215185873871	0.0588527386221926	-0.104979012844062	0.0571978560667077	0.451572133251497	0.272034157455186	0.116877660377256	-0.118514512664534	-0.0848486180538774	-0.159909911265206
XLOC_009005	-0.397195944436564	-0.0657715104743	0.0794331665169103	-0.559784982651326	0.545843887732286	-0.281300244111633	-0.123527781252361	-0.229939125745933	0.612114108853174	0.40232106199897	0.135281058347363	-0.117473694776589
XLOC_009012	-0.0864336336031482	-0.214892305282963	-0.575068794657613	-0.275211265568195	-0.526075620893097	0.301013374683988	0.336849543406182	0.036202769497832	0.0448880977578545	0.523328264892706	0.567765030604059	-0.132365460837611
XLOC_009015	-0.964782410254201	-0.685829442931764	-0.194911625515201	0.0645188443719356	-0.508643408577112	0.56927874035368	-0.607743895277429	-0.502425963834598	-0.164453299576501	0.536099176018092	1.42726948478083	1.03162380044226
XLOC_009018	-0.543384702846609	0.227313891886283	0.210246109007171	0.382945586627914	0.106511737436309	-0.0681968398534325	-0.577155942233498	-0.757175919009196	-0.412331027312668	0.404227720542002	0.398313556142321	0.628685829613408
XLOC_009066	0.242191178448929	1.11699867202767	0.372246878526435	-0.0371095236564347	0.0862737487947838	0.379699432254291	-1.06282636651951	-0.291652779805372	-0.717422656934687	-0.208054912344776	-0.525318781409548	0.644975110618213
XLOC_009069	-0.66195842000413	0.111843971743592	-0.311084972577908	0.930749603241976	-0.398282440877222	0.858972170609325	-0.406641593370407	-0.25255366533845	-0.554663334107206	-0.152545621221966	0.502758288299454	0.333406013602943
XLOC_009094	0.865845113849737	0.804052850044467	0.782804705695309	-0.392273333229209	-0.39874087364478	-0.375184515271792	0.111390546034089	0.0612858810474322	0.0833410254364448	-0.272099259420118	-0.683178449731257	-0.587243690810329
XLOC_009105	-0.871945401212636	-0.382901924734516	-0.126886710597021	0.63534915377922	0.820705889440525	0.388056679416498	-0.38996428848362	-0.55066446119305	-0.659903154628776	0.598391872879567	0.124416917635535	0.415345427698274
XLOC_009156	-1.09051872301956	0.435275296218151	3.21415786712653	-1.09051872301956	0.81311204925852	-1.09051872301956	-1.09051872301956	-1.09051872301956	-1.09051872301956	2.59743957183079	0.573646276702906	-1.09051872301956
XLOC_009170	-0.932664435015714	0.408238400383267	-2.40452555278932	0.518571070010493	0.652572156466517	-0.68965841196427	0.14283116874249	1.27601234062168	-0.160865503283808	-0.341695519434114	0.329564821453511	1.20161946480927
XLOC_009174	1.85770399675737	1.91837301223678	1.45156666439373	-0.782890440203325	-0.949479153474273	-0.0285429328980547	0.838689290614644	1.92180840573736	2.33210093409282	-2.85310992575235	-2.85310992575235	-2.85310992575235
XLOC_009261	-0.653329227843908	0.204039670779514	0.0378970909750249	-0.576193780521024	0.0187768797941068	-0.000327576759231896	-0.49096410792992	-1.8382490621573	-1.09210879810102	1.18123976365324	1.51818771001207	1.69103143809843
XLOC_009268	0.985915476951714	0.813403435289898	0.741300447536885	-0.679063259833967	-0.882173246941972	-0.624996147013955	0.807050973398907	1.14979059827522	0.494637000415228	-1.14847741602277	-0.843040739697825	-0.814347122357357
XLOC_009272	-0.337456695574224	-0.363660593763814	0.137510400696756	-0.333407435804468	0.204592550939871	0.109178157538577	-1.23000048574687	-0.198255064417873	-0.153416156961227	1.18271080352374	0.363262501575377	0.618942017994158
XLOC_009273	-1.40033433892503	-0.00623046659497906	-0.398316057343431	0.204037269678557	-0.0139168724120688	0.5400173975799	-0.590214113742028	-0.635535870548292	-0.3374142640178	1.84289657683717	0.587511365052266	0.207499374435743
XLOC_009331	-0.753796600884774	0.297414838917692	0.525507029605376	-0.357574931433827	0.641217092611768	-0.48537857693465	0.451221145720806	0.256214756798567	0.482423975629177	0.116126957687575	-1.02346485439972	-0.14991083331799
XLOC_009368	-0.949498425606722	-0.160953136520636	0.044213057469852	-0.995794831143151	-0.639851321580344	-0.68180387311653	0.551907655739874	0.395901818100945	0.959605680743369	0.57962620638486	-0.210645579973486	1.10729274950197
XLOC_009370	-0.260165947611195	0.643652520722412	0.478739297394194	-1.30630172887568	-0.671895961341002	-1.26301429237414	0.747749634503206	0.24041130064141	0.568039617637767	0.44866933405952	-0.150293673499112	0.524409898742629
XLOC_009398	0.478754201159746	0.839385422883583	0.705783629484866	-0.603637352374431	-0.0253423785862932	-0.675503908825446	0.446698936104721	0.815054828828652	0.29733272952091	-0.390700990543069	-1.09767372309776	-0.790151394555481
XLOC_009421	0.837188663388432	0.880979585618563	0.523728095929442	-1.31033514888776	-0.656512189026651	-1.03700535642273	-0.0559533581616325	-0.354962643908681	-0.0547976395001939	0.534293942711368	0.284824741852411	0.40855130640743
XLOC_009441	-0.379642033058892	-0.127043065433148	-0.103306547905724	-0.188875525742364	0.00123474520027056	-0.0184509451631722	-0.0732952717583562	-0.141922674283148	-0.0906873464819915	0.52825888316587	0.107228104135491	0.486501677325165
XLOC_009456	0.611824474043456	0.748685879856924	0.876657239393265	-1.98213878631769	-1.98213878631769	-1.98213878631769	-0.547472220024266	1.73750963969264	1.21406308580428	1.32762124051132	-0.317973786595227	0.295500806270669
XLOC_009465	-0.0144610361106885	-0.0528678727331231	1.08278325617651	0.053887478589778	-0.812287961736581	-0.788487449948566	1.18727772609897	0.500155283028683	0.652100827781226	-0.699137713666264	-0.288851202203994	-0.820111335275951
XLOC_009466	0.508082657066803	-0.142626974633605	0.288545015889301	0.289019529345825	-0.0137033441761485	0.348049471057307	0.369167750217644	0.669529340994234	0.241160726995211	-1.0904021411958	-0.0170220587000447	-1.44979997286072
XLOC_009473	0.486093593257096	0.874113106025606	0.566504790565872	-1.55323602217169	-0.519515198930892	-0.597036409145718	0.854600432731939	0.870650177863796	0.481150611546865	-0.475598015621696	-0.217245842386236	-0.770481223734944
XLOC_009488	-0.191602823995853	-0.0965324241390402	0.0515796720150741	-0.353645685762679	0.301693423784072	-0.539560955946109	0.438392365756382	0.369503301048945	0.349806920469391	-0.404984283935577	0.309654155836173	-0.234303665130774
XLOC_009489	-0.959868273743885	-0.0307041059255369	0.578175627601573	0.0350800207818063	-1.15137294442478	-0.329193269282925	0.576119052778182	0.458338400230887	0.958458006892329	0.174006658356514	-0.198644672279881	-0.110394500984284
XLOC_009520	-0.248579594924434	-0.066481103750732	-0.0194013010122553	-0.139900815803957	0.194821438747981	-0.22144131567652	-0.0764213889764296	-0.0166247143170324	-0.00106637110200047	0.249793352084358	0.0484423606920341	0.296859454038987
XLOC_009541	0.627752380500312	0.0625260485101489	-0.363116531734737	0.160768116381913	0.0230280955573434	0.319645940496674	0.0722735092908611	0.76476152232467	0.0892983166782315	-0.434531474370277	-0.994937203581808	-0.327468720053336
XLOC_009568	-0.985275613362727	-0.205091990059024	-0.9377810295525	-0.772213867802498	0.521418892765642	-0.315550366694039	-0.111836730464877	-0.314836395877945	-0.306280355082832	1.35856975877072	1.08524455441952	0.98363314294056
XLOC_009583	-0.486724780626464	-0.127755806729237	-0.319949529587486	-0.0199786066038055	0.114491181105294	0.00419866267207603	-0.0268736784350452	-0.230760057845687	0.0744250219780191	0.355746123766975	0.243758393919988	0.419423076385371
XLOC_009584	-0.148296003464806	-0.88824876777274	-0.496965820578051	0.363538511969201	0.467576368552796	0.365219039728869	-0.408827090045438	-0.071292370221725	0.0139361970267728	0.22115719382121	0.403048950293197	0.179153790690709
XLOC_009585	-0.140699425116813	-0.636910160204723	-0.449414355960188	1.76503428981165	1.46220311069415	1.55534219934878	-0.860189736033175	-1.1860787806563	-0.707283890487833	-0.645506599728034	0.406755818782091	-0.56325247044961
XLOC_009586	2.19971752839944	1.1067571964077	0.712138960009724	-2.51109639411028	-2.51109639411028	-2.51109639411028	1.18070282225672	2.03236041597869	0.176775976097564	-0.52122931046927	0.39731455266088	0.248751040989394
XLOC_009634	0.0212865723821531	0.258231188221465	-0.0283690122731173	-0.507502999293999	-0.189723423354958	-0.376878960416432	0.815972489675769	0.576228745026309	0.400639272962174	-0.409737724425719	-0.313487957157754	-0.246658191345887
XLOC_009636	0.875131390263059	0.0146797019239928	-0.980006758669772	1.50652180187144	1.05842276034248	0.600366947887919	-1.97698320249593	-0.278992473635865	-0.124278234494891	-1.63306271823761	0.38081161184354	0.557389173401637
XLOC_009653	-0.471979088846832	0.525748527363964	0.778481621474057	-0.65269758945301	0.169216913951459	-0.380659849533649	0.326080216224755	0.0991227497729152	0.377227433119781	-0.357763314960946	-0.239879840286047	-0.172897778826457
XLOC_009664	-1.27643471222416	0.113241679225155	0.15788566182413	-0.535316056073087	-1.72176902127967	-0.031463650360199	0.823387912095593	0.790785506106832	1.11918513513276	-0.553903664236126	0.444821924442739	0.669579285346032
XLOC_009676	-0.92670382190984	-0.391133581074666	-0.444758869886299	0.0327991237012588	0.62842751845779	0.140007151732028	-0.423346910304313	-0.619947627556505	0.0013122362411222	0.886512010698829	0.517342052517344	0.599490717383255
XLOC_009677	-1.26058789984878	-0.739723688599555	0.091783279972792	-0.270321968681678	0.837774603133014	0.749367169351117	-0.869680799915769	-0.6379288531072	-1.16137540699556	1.32959732975484	0.510369011456196	1.42072722348058
XLOC_009678	-0.706121143731835	-0.456508528381693	0.225343515267972	-1.25027487418275	0.136323443223145	-0.105715119787735	-0.328269862795331	-0.290597773007535	0.337291797108894	0.462643480883591	1.00321492013667	0.972670145266603
XLOC_009711	-0.140489229610943	2.02769074886853	1.63604245388429	-1.26327661752623	0.36870015910492	-1.32604209986961	1.17756214204365	1.15505706218223	1.32670905890619	-1.35484047380189	-1.73414370404559	-1.87296950013555
XLOC_009750	-0.662618166852286	0.577515895886451	0.643967294993402	-0.912384181400432	-0.473315775187962	-0.81988219436503	0.633422315600969	0.397381531312408	0.348362857100785	-0.571306856639111	0.271826616742731	0.567030662808071
XLOC_009768	-0.0339519626591276	-0.211617628928602	-0.357107157829528	0.303759444560848	0.223647228922967	-0.100487387669171	0.525319648673564	0.110188989752926	0.279561510650833	-0.00938373495309186	-0.325747903738677	-0.404181046782931
XLOC_009771	-2.04709465248879	0.194090872184903	0.110295855986315	-0.184603552489086	-0.254229991599971	-0.179513506165242	-0.219132071819568	-0.610634792558615	0.16173726790102	0.984643664488718	0.773189834949071	1.27125107161125
XLOC_009779	-0.21660201853172	-0.474496470386174	-0.200675912300908	0.396180026250603	1.44770498321772	1.09617572924255	-0.146656290971846	0.596320956947777	0.507768744729388	-0.546407145382442	-1.87311433342281	-0.586198269392144
XLOC_009811	-0.563135938493811	-0.255877159573414	0.0512687171116273	0.608913622951838	0.27930864846117	-1.01372130115158	-0.574756015255968	-0.8661029076583	-0.889034247804714	1.38453985486678	0.615258148301624	1.22333857824475
XLOC_009813	1.37386712095869	1.59682800088032	1.6577313187569	-0.346208162107823	-0.426755534879328	-0.53930481796241	0.810144334500187	0.643984734051505	0.514398694081939	-1.79906794050033	-1.58779235047332	-1.89782539730632
XLOC_009815	0.983801412061729	1.21686368027624	1.51488663929273	0.279298651135065	0.764983416833868	-0.517141488955525	0.120259162081854	-0.157243153150649	-1.10893450572855	-1.11922298222785	-0.992540212850119	-0.985010618768803
XLOC_009817	0.0265634953630496	0.089139113796679	-0.00507927632240524	-0.406018832572221	-0.107953442225173	-0.350100048741115	0.378914173569488	-0.000434570990715422	0.332339497018109	0.0685855185760786	-0.111262387909299	0.0853067604375299
XLOC_009832	0.0937294766864163	-0.247287438197359	-0.0982213225271895	0.74282574484692	0.347046518268039	0.546162304025071	-0.380243387385546	-0.145830530245769	-0.415083994148532	-0.193187720604326	0.198067503380178	-0.447977154097906
XLOC_009845	1.0602092241891	-1.63366024145604	0.0637810934262522	-1.08923477514472	-1.25582348841567	1.3191341621297	1.57107012204679	2.28712546234939	0.709334050306907	-1.16958717705274	-0.251043313922592	-1.61130511845637
XLOC_009856	-0.0839498305608783	-0.204869647346324	-0.10278661550815	-0.266361744095923	-0.0192331347611985	0.238398151885822	0.597068435838145	0.451464088245583	0.276784734625059	0.447553799142093	-1.07118173814865	-0.262886499315576
XLOC_009861	1.19904348806386	0.555092080285944	0.459496481737587	-1.12498594991157	-1.08562366694956	-1.29361158175099	0.751058272009011	0.888543756770757	0.469757742491775	-0.0663713908822601	-0.557840620659179	-0.194558611205378
XLOC_009872	-4.18097063342	-1.93034018809153	-4.18097063342	1.61062314208313	1.11847807674362	1.26489520645713	1.0193775900433	-0.992543815658511	0.491247714139166	2.16322066133882	2.12454305117979	1.49243982860508
XLOC_009880	1.31694695372974	1.15992303871061	1.22443836851373	-1.54278374115614	-1.09240389694065	-1.21869265628448	1.0834785355195	1.25988123613917	0.832378162599656	-0.808374494658796	-0.847249845534681	-1.36754166063764
XLOC_009881	0.414857974780262	1.01812470618679	0.684266040408693	-1.33700255651245	-0.33918449484263	-0.71365092068129	0.920112215688722	0.782079771106989	0.228785311377267	-0.746627511478203	-0.78506789299119	-0.126692643042952
XLOC_009904	0.0258057782292314	-0.53900935960729	-0.112876381265438	0.787994088320556	0.890156751957683	0.450087025932135	-0.116864181944847	0.184987605671241	-0.526825364217544	-0.329539067774077	0.103564206133205	-0.817481101434856
XLOC_009923	0.0717697604239707	0.0746515515452133	-0.100537625418479	-0.0966587910882692	-0.232883372414358	-0.42429376084145	0.409722308385484	0.0734975889174816	0.203365245854052	0.22477620689761	0.0310125707635311	-0.234421683024784
XLOC_009924	0.868755508760067	0.689648917931129	-0.944763830032099	-0.977388313630201	-0.038111046340533	-0.0797473580480235	0.81513183705255	-0.0134197987660887	0.465375091402374	-0.73129943141411	-0.201978841014997	0.147797264099927
XLOC_009932	-0.185445081730056	0.169566647122815	0.350160219563869	-1.28772052571199	-0.454408075194822	-0.641563612256296	0.215386945559899	0.891170945068002	0.483519334772743	0.647328482612639	-0.288214950090501	0.100219670283697
XLOC_009944	0.0456555039123803	-0.446040815413847	0.160084224398023	-0.0438959670914603	0.22556777055345	-0.0770942835995676	-0.661764913873144	-0.794767822881592	-0.460821408840072	0.925650659941635	0.622046986685671	0.505380066208527
XLOC_009949	-0.695090404902301	-0.607725079977352	-0.770905304707764	1.03456548722184	1.02338638711992	1.10499928527689	-1.22295467341815	-0.250923618354389	-1.04596557878449	0.281540294965803	0.691826806428073	0.457246399131913
XLOC_009961	-0.043853139382847	-0.23630561695424	0.0474751171650389	-0.108095284412041	0.0361693475529723	-0.658156284821388	0.623468804071164	0.647112711613348	0.949843127208908	-0.236379487789341	-0.581858533529898	-0.439420760721681
XLOC_009967	0.0799879691449963	-0.0859726559372964	-0.559079404893752	0.803480560428254	0.624188322336059	0.234579715245577	-0.3198886410738	-2.78660808974123	-0.412157672096567	0.965744563275034	0.799290220140023	0.656435113172699
XLOC_009968	-1.28802034174416	0.962610103584308	-1.28802034174416	-1.28802034174416	0.615610430533913	-1.28802034174416	-1.28802034174416	-1.28802034174416	-1.28802034174416	2.39993795310619	1.98656951467495	3.05141439030978
XLOC_009994	0.494872917344922	0.0181257904814176	0.0298575576473672	1.39241752296937	0.993212160305663	0.414958997314129	-1.08340067559739	-0.156406380244702	-0.434701268780088	-0.755223194260903	-0.518151654387878	-0.395561772791908
XLOC_010030	-1.75251749071587	2.0708410946714	-0.127389229220721	-1.75251749071587	1.45296981848355	1.07204950213843	-1.75251749071587	-1.75251749071587	-1.75251749071587	1.04325112820615	0.663947897962455	2.58691724133808
XLOC_010037	1.12515809484851	0.549322018654966	0.856467895340007	-0.487006861462891	-0.515922493929019	-0.208522122923198	-0.214991657461877	-1.31558331974752	0.149979114087326	-0.2409179792468	0.436805778215875	-0.134788466375377
XLOC_010038	-1.33445268230532	-0.162501950925574	0.260120152494191	0.186827562887623	0.0718349073810494	-1.15357243805337	0.365513111000584	-0.0808443826952514	0.252586553131286	0.253916934484075	0.24722248306019	1.09334974954052
XLOC_010040	0.34232017624169	1.75156400624801	2.44970309781244	-2.25164308411946	-2.25164308411946	-2.25164308411946	1.61877871517458	-2.25164308411946	-2.25164308411946	2.82269297632496	1.76495209781539	0.508204350980216
XLOC_010054	-0.381867350528474	0.109054560791576	0.333514675798557	-0.377856087502296	-0.338493804540284	-0.546481719341718	0.254453689812934	0.686457414538164	0.328360367114294	-0.683606185842875	0.00561800787141209	0.610846431828712
XLOC_010057	0.102646195736415	-0.0152192271294442	0.0965884748894661	-0.158131098712067	-0.0194104797515191	-0.264897651145534	0.318289443817793	0.313070497421487	0.460454395643236	-0.369764257142606	-0.553095841644499	0.0894695480172718
XLOC_010097	0.411937489443591	0.601511877785462	0.685027718140208	0.651705214474657	0.217786440631805	0.363620301590036	-0.836012095265795	-1.67693067828733	-0.750086889772138	0.330936688702122	-0.506138860310851	0.506642792868233
XLOC_010098	0.65976320953149	0.337718949079132	0.438302557065446	0.0838321113563056	0.274149570262439	0.231933281530925	-0.812760938586096	-0.305522075166451	-1.69731559642645	0.278089717058199	0.314544243552648	0.197264970742417
XLOC_010121	-0.286736331825352	-1.02972777877934	-0.709773507052537	0.260414744392623	-0.8140726038351	0.677223700303349	-0.0168090821319407	0.566286876086056	0.212253705251932	0.934865247307744	0.485337994324555	-0.279262964041989
XLOC_010136	-0.0826623604352594	0.107321613945954	0.216344690619399	-0.0325925690252493	0.410180562524568	0.152084169921359	-0.574210217707702	-0.843110483537936	-0.438025563429419	0.347461778843035	0.383137223944374	0.354071154336877
XLOC_010137	-1.16205686750527	-0.345963189172434	-0.388131488566641	0.218611661524178	0.766584027865706	-0.0718138477392625	-1.05263070171902	-0.80830809189928	-0.395552638384893	0.668336196774153	0.750917341138924	1.82000759768385
XLOC_010141	0.0631496292970866	0.0859617622538105	0.141920174075498	-0.335075442199939	-0.555280423158653	-0.172574062601436	-0.351411022164494	0.364268046801015	0.523968427723029	-0.390235370410382	0.356915099751981	0.268393180632486
XLOC_010144	-2.15777191470789	-0.882357072832479	0.3318360848641	-0.186450910627857	1.75750472473403	0.0459771205419894	0.662028483940139	-1.63425013472604	0.978556170899531	0.473683975625877	-0.406452194599116	1.01769566688771
XLOC_010147	-2.03487589125585	0.242123323248517	0.411752343520821	-0.350159920833845	0.526015970872711	-0.65983596148987	0.223938590756722	-0.747941577338525	0.324362531337548	-0.0311675895149683	0.570445851409239	1.5253423292875
XLOC_010148	0.0397548584801566	-0.137422829600274	-0.350742546223486	0.66219749581122	0.406446863183254	0.617251346515143	-0.704524895997803	-0.359265613134147	-0.426829877320767	0.0513234631642732	0.125466844731665	0.076344890390768
XLOC_010149	0.261268616793839	-0.216865970466517	-0.565201499410842	0.627767619672204	0.178214191136858	0.620053414480235	-0.585379729425732	-0.555387274647924	-0.302812238212938	-0.269201108101751	0.695670855763534	0.111873122419041
XLOC_010154	0.129475429500257	-1.54229777344883	-1.90313049487688	1.02678205589118	1.52986208437835	0.95585535801542	-0.243777038840411	-0.794771254160913	-0.157851833346754	-0.285797410311928	0.483452753682695	0.80219812351782
XLOC_010157	-0.901555570351416	-0.901555570351416	-0.901555570351416	-0.901555570351416	-0.901555570351416	-0.901555570351416	-0.901555570351416	1.92364445844816	-0.901555570351416	1.08831151328959	0.762609429371046	3.43787916170253
XLOC_010164	0.484304627204658	0.526236861585891	-0.104718899740017	-0.412200383133472	0.0541589077608506	-0.625981825236127	0.137074586146808	-0.293344802840912	-0.134665634214102	-0.387732119892781	0.601345163924814	0.155523518434386
XLOC_010246	0.00810239107726929	-0.0355172094824372	-0.162391704026131	0.184721448631443	0.246852076566002	-0.000806473520167827	-0.408011670942875	-0.765493712330386	-0.385807030458661	0.60827613275486	0.257220280054586	0.452855471676488
XLOC_010247	0.271981322435303	0.375674893885821	-1.43414591351599	-0.887151469860788	-0.414442633951777	0.814002509241702	-1.68186531602855	-0.366630635807243	0.780097998793255	0.501371827284104	1.03069241768322	1.01041499984095
XLOC_010248	0.19217764211216	-0.274262352164518	-0.31262939483107	0.220065453613417	0.435356601745005	0.412594296802139	-0.768185889893202	-0.322200900294627	-0.656489653337722	0.121691086919094	0.509621114944787	0.442261994384545
XLOC_010251	0.01022501900027	-0.293949158322706	-0.343301871317328	0.605034245897356	0.556941682871413	0.560620087456837	-0.759034247383033	-0.576648792797519	-0.570316279909706	0.0126413013795066	0.481135967021045	0.316652046103856
XLOC_010256	1.14100776831791	1.06982097907863	1.0704795391987	-1.74149858249465	-1.19226508778986	-1.04929975432532	0.812856857828932	1.50397560206655	1.73346564466795	-1.08136369624092	-1.32983394088095	-0.937345329426988
XLOC_010258	2.06465434798851	2.12312926161205	2.60444726637086	-1.70022932377522	-1.70022932377522	-1.70022932377522	0.910847299423177	0.638361046780727	0.195771720753528	-1.70022932377522	-0.0360643240527578	-1.70022932377522
XLOC_010264	-0.116700204136717	-1.05127820734361	-0.418393580114654	0.606856008975203	0.385237465329496	0.534417560860502	-0.614634714935605	-0.425647800851644	-0.39646785345543	0.659372908720402	0.678141488598282	0.159096928353771
XLOC_010283	-0.258336853123946	-0.287601909133539	-0.126684740702853	-0.554883130165548	-0.561688651315199	-0.204046774164688	0.653188304584017	0.672421883995778	0.618586540165092	0.181073312296112	-0.0607777606150233	-0.0712502218202058
XLOC_010284	-0.522410891459845	-0.0557477947444927	0.379260358839918	-0.835311734984176	-1.79068239731609	-1.17296319393668	2.00081509787524	1.5057257567201	1.90825937931849	0.0636440836709546	-0.451197428212353	-1.02939123577107
XLOC_010299	-0.325040410694858	-0.304630327538395	-0.407571403271866	0.283798275318498	0.534678797291122	-0.0100960914085348	-0.602216460422918	-0.775696968764056	-0.484231384532354	0.974462526636717	0.683794240361562	0.432749207025086
XLOC_010314	-0.759669716241623	-1.33010520146386	-1.22795579684328	0.860056860256044	0.727901777613118	0.80421060625072	-0.432713412723873	-0.662249952410003	-0.136122870611397	0.494771278747228	0.96133165628604	0.700544771140891
XLOC_010333	-0.183766286913123	-0.533165400184919	-0.362281769422589	0.7577002393631	0.368425146124147	0.863236389621763	-0.386900566216755	-0.493401299354984	-0.250440563183647	0.0772195870752546	0.230630931525859	-0.0872564084341025
XLOC_010338	-0.80615485062242	0.137464124909027	0.106900461779	0.338170095113072	0.237024837970465	0.781006183439857	-1.15219035173639	-0.818152036361218	-1.0641702239052	0.872067831637692	0.862733442338988	0.505300485437138
XLOC_010354	0.534642655289449	0.156029071623729	0.0167037617921721	-0.119665951164263	-0.0424413974809763	-0.0391026249103934	-0.704615544179434	-0.063563060888729	-0.208232104424592	-0.0207138049287359	0.430167846429509	0.0607911528422704
XLOC_010380	-1.2786243928351	-0.0966684975459851	-0.413513134572311	-0.268656607881826	0.256918014946271	0.0388966562102961	0.0218769064532873	0.361626683446614	0.779812075532415	0.236211413416834	0.215316093161536	0.146804789667968
XLOC_010389	0.813147994150447	1.03951891504234	0.803360058805472	-2.00249985428809	-1.3553728563325	-0.830605820413948	1.10732623875454	0.609478109921023	0.459661652236053	-0.154700361016946	-0.326604558189421	-0.162709518668973
XLOC_010394	0.353954838759684	0.444460241871933	0.63808230788829	0.624044536874	0.255749970866413	-0.29115933534351	-0.266189341766873	0.0484759392309879	-0.888759233273416	-2.08834375698314	0.739760564061023	0.429923267814611
XLOC_010399	-0.378902419491411	0.708212928865437	-0.159041408922366	-0.217899511075933	-0.17853722811392	-0.386525142915354	0.348199361199431	-0.858062966464561	0.332856136463044	-0.523649609416511	0.692903405547654	0.620446454324488
XLOC_010420	0.966851731940087	0.651995763867069	0.514352612168453	-0.854624285878253	-0.990848867204342	-0.986689396145001	0.733874700714102	0.768279283982215	0.577004797675746	-0.875174389118214	-0.264854384382079	-0.240167567619785
XLOC_010428	0.376878460190547	0.0876038888541666	0.186938131111606	3.29495112465796	1.76729717881587	0.576881628115137	-1.43819013038354	0.900400240172406	-1.43819013038354	-1.43819013038354	-1.43819013038354	-1.43819013038354
XLOC_010433	3.65046998868358	-0.914453272978672	-0.914453272978672	-0.914453272978672	-0.914453272978672	-0.914453272978672	-0.914453272978672	-0.914453272978672	2.2817485991433	-0.914453272978672	0.74971172674379	0.633695869258709
XLOC_010441	0.774860398940974	0.100080546090735	0.097612987354478	0.352161910733245	0.0701705056529933	0.65245002502827	-0.553415915552959	-0.0355420413809613	-0.426446132818771	-1.00421028099467	0.108417951038571	-0.136139954091898
XLOC_010457	-0.234002526892026	0.110217536391572	0.0089486562257326	-0.757631562675547	-0.708113422650782	-0.46467250105578	1.08304821147147	0.743139677784885	1.05459601307099	0.823937191046779	-1.0411471747846	-0.618320097932691
XLOC_010494	1.45542295744305	1.25579978291746	1.12183221700813	-1.61268660631411	-1.30383560777619	-1.48577674614058	1.1197465933042	0.799532095618135	0.369947912304806	-0.299547540800069	-0.576005192469689	-0.844429865095139
XLOC_010502	-0.344168278127701	-0.249097878270888	-0.502777097893627	-0.00230046748827828	-0.147921961002581	-0.153947644297148	0.234350209349254	-0.112949805450181	-0.122057535628525	0.536023436998637	0.354242003085859	0.510605018725177
XLOC_010535	-0.453833540595447	-0.438399326148703	-0.305396791248986	0.206786554625806	-0.298970507816508	0.591025883043374	0.917789830322418	0.723318070646499	0.777175174745365	-0.634874335504227	-0.438558880653765	-0.646062131415823
XLOC_010557	-0.178301491897439	-0.00243520953727927	-0.15771406161992	-0.325945011728976	-0.363836724189932	-0.273961673889032	0.132344825828685	0.407409380225622	0.586476048465792	0.102950209713359	0.0417180917028137	0.031295616926303
XLOC_010571	1.74416438459948	-1.35282499466926	1.01716695007729	-1.35282499466926	-1.35282499466926	-1.35282499466926	2.67652040611377	-1.35282499466926	-1.35282499466926	1.44294362425275	0.311340005053197	0.924814597919094
XLOC_010572	-1.33706553972916	-0.228451947517859	-0.233082767568208	-0.227432865171991	-0.0235618757477294	-0.385049345291831	0.0265182624311517	-0.177853849960371	0.32351113561565	0.6217878029017	0.685439681956948	0.955241308081698
XLOC_010576	-0.343042174364529	-1.35259495476437	-0.853190536733117	0.0859797784351155	0.213469282288957	0.683780161915283	-0.0858318860325236	-0.319921298867024	-0.727310642929349	1.10613543515616	1.02840959994034	0.564117235955051
XLOC_010583	-0.241973991395594	-0.710408239172618	-0.0766227154536407	0.520313902963167	0.369336358885902	0.800907873111827	-0.439736555939261	-0.391088977192572	-0.130849260173866	0.0193833726844499	0.18099027590915	0.0997479557730525
XLOC_010584	-0.195647655682974	-0.319497332981891	-0.313571810160196	0.524749445441719	0.385857742699805	0.525565141266597	-0.324052887245484	0.13944359910915	-0.267708754570647	-0.189482117343566	0.168734888472407	-0.134390259004912
XLOC_010595	0.360047012155514	-0.32195861315644	-0.280883153461647	-0.0492635982386984	-0.411215580394583	0.35242428873157	0.106906672317744	0.904306685281484	0.383876600484537	-0.299127784634516	-0.122115329429699	-0.622997199655265
XLOC_010599	0.51416900194849	-1.00573766444713	-0.0663831128811978	-0.832766237367858	0.130609053970227	-0.342130033358749	1.01175068779852	0.343353742965671	0.308478495436702	0.817846240026613	-0.300893365619674	-0.57829680847161
XLOC_010609	-0.151674368795337	-0.245212317870624	-0.250363727901168	-0.315275455190124	-0.875595610496258	-0.148582578167591	-0.315077835563907	0.00294433884117229	-0.0407325877915525	0.95221678953562	0.800291282282021	0.587062071117746
XLOC_010641	-0.0240107789990018	-0.313285350335383	0.53091257517347	0.231140115975935	1.36640793962633	0.175992388925588	-1.83907936957309	-1.83907936957309	-1.83907936957309	0.956689249348925	0.577386019105233	2.01600594989818
XLOC_010644	0.407563207802519	-0.0100273498775012	-0.18002723459337	0.188011809273902	0.697151441537019	0.486460650864943	-0.81574106597294	-0.88348650052242	-1.75198818712542	0.570749050159312	0.866251217624426	0.425082960829535
XLOC_010648	-0.807375847699049	0.199223418526347	-0.609443533065928	0.160881735578726	0.256339721326378	0.401354890832804	-0.701837720168747	-1.09390833400025	0.0999588280963932	0.62403466528817	0.671031405830869	0.799740769454281
XLOC_010660	1.23920302708295	1.36097380244853	1.18373661189353	-1.23111441717975	-2.11288241841618	-0.839781304792146	0.991736620821663	1.04202327845549	0.325269091548638	-1.63041143276525	0.288210968597619	-0.616963827695097
XLOC_010663	-1.38009139975602	-0.473873688657309	-2.85195251752963	1.91844911390696	1.32590374497702	0.18604073517287	-0.447735378241741	-0.55076947560507	-0.608292468024116	1.50960511719524	-0.117862143286797	1.4905783598486
XLOC_010668	-1.74849362885285	0.982331037321759	0.621498315893706	-1.74849362885285	-1.74849362885285	-1.74849362885285	-1.74849362885285	-0.149633539471152	0.939378741354989	2.23883140045866	2.44956060741498	1.66050158129133
XLOC_010669	-0.56591455687466	1.26652960569646	0.691674707398862	-0.488779109551776	-0.240411330628709	0.0870870942100161	1.21844367358673	1.46681452541779	1.06760439917661	-0.888076125137276	-2.1595690313093	-1.45540385198475
XLOC_010674	0.292274625150343	0.602015326963603	0.43810571576349	-0.242678430773267	-0.0517500735934764	0.190046690394151	-0.286277563953341	-0.413049224964729	-0.44276454196018	-0.0870814199286505	0.0778922871867067	-0.0767333902846516
XLOC_010700	-0.293968228091816	0.253776716765929	0.963621036181706	0.429053163836722	-0.425588785929615	-0.0371465757980074	1.02408314356278	0.573982649995568	0.0216330877570527	-1.50831947228277	-0.106033854936952	-0.8950928810606
XLOC_010716	0.414022074782953	0.921415003886519	0.697770558964493	0.0254086655702075	-0.239096790837608	0.11680375365388	0.239452394825246	-0.119998062396139	0.550918963966413	-0.53395057858207	-1.23839733387659	-0.834348649957297
XLOC_010718	-0.511472954428632	-0.824400074167097	-0.424179708516997	1.20755172943449	0.369816890694732	0.258582763714414	-0.871648747607514	-0.314042598761741	-0.12901160049733	0.0761915155753332	0.931899295250433	0.230713489309903
XLOC_010777	-0.233182058277712	0.318637394828568	0.462951165927913	0.847058952354065	0.630298393520074	0.373864079674093	-0.964949063958798	-1.26441872539906	-0.584057232159901	-1.14308551633155	1.01919198081317	0.537690629009138
XLOC_010809	-0.31783858005592	-0.170674726650393	-0.397150086398594	-0.638482736422867	-0.0422949495075473	-0.316846171657438	0.286595603184964	-0.00732279395514723	-0.0526208469969323	0.512374911686565	0.577768723353817	0.566491653419494
XLOC_010815	1.35765042290279	0.431024980636129	0.494714673883353	0.819007507963552	0.370908466434588	0.00403176857851584	-1.3276397696103	-0.752266297774163	-1.76154872797386	-0.217282703958935	0.593783141419109	-0.0123834625007717
XLOC_010822	0.133489974701547	0.258988854627989	0.301374106686979	-0.126349703974482	-0.414067561528369	0.172366546309671	0.0731456052595902	-0.264524133351698	-0.0913924534211654	0.00733954004760129	0.118784778007447	-0.169155553365109
XLOC_010832	0.0954185744291101	0.836662630355387	0.354565409254774	-1.86055865885975	-2.05121589169484	-0.729073508233455	1.46618639092204	0.94492722215929	0.89574768510681	0.448403050693521	-0.24371461779724	-0.157348286335639
XLOC_010833	0.524686762567639	0.499853842060613	0.594034929040021	-1.13531173509665	-2.0543996889336	-1.35278006516887	1.25533039064222	0.806925490820684	0.669957056315328	0.164701606755311	-0.181524120913254	0.208525531910551
XLOC_010851	1.92318029860977	1.63965874005526	1.33160033683522	-1.17460183728065	-0.946262943933959	-1.88892546649818	0.873676812947819	0.983242584540799	1.2196030448289	-0.966634892639935	-1.89114791038731	-1.10338876707773
XLOC_010865	0.0653962545769864	-1.7496723359971	1.10912368971385	1.13766013920058	2.93255363475388	0.265399422501576	-1.7496723359971	-1.7496723359971	-1.7496723359971	1.04609628292491	-0.0855073362746392	0.527967256591257
XLOC_010866	0.968623745082522	0.981664373131101	0.992631448180961	0.729773751631258	0.379395802475477	0.506026029729517	-1.69570808785069	-2.1094592125943	-2.41156888136305	0.329032275428928	0.654922246866731	0.674666509281541
XLOC_010867	0.696084612254083	0.281039825934433	0.314411309476488	0.432655511109504	0.816585103720756	1.26083086312362	-2.39309872182294	-1.88058707893111	-1.78759797153778	0.627747631826377	0.778926083479544	0.853002831367016
XLOC_010868	1.95597116087478	1.63226527081181	1.99477287135741	-0.696345673505005	0.242931593784664	-3.22949879930128	-2.63349393460156	-1.76621937233743	-0.735226007261222	1.20148905230788	0.703575821730041	1.32977801613992
XLOC_010870	0.627906974670625	0.136026552112369	-0.0936534066756964	0.137966148547252	0.176932132321017	0.728157003193416	0.699326842747079	0.947112836965641	0.813912171439843	-0.9188867750481	-1.99780085758846	-1.25699962268499
XLOC_010874	0.504581646657914	0.328060350199487	0.568083550574968	-1.35792005688531	-0.288076787925029	-0.547871618972278	-0.485522664820125	-0.785395157020679	0.127890471575961	0.495465194423871	0.845350685624342	0.59535438656688
XLOC_010880	-0.779976770364433	-0.417740488750866	-0.269528090618605	-0.236750780426265	0.288837554348042	0.0839907554390402	0.274606111814646	-0.014142628545593	0.300719282761868	0.0790053018255099	0.199537267635379	0.491442484881273
XLOC_010898	0.217188411096984	-0.0625390802468537	-0.112806295840129	0.559850747492396	0.652439306666337	0.427785637225648	-0.780372859778935	-0.346295428865091	-0.522930826808206	-0.397691315552156	0.219857412704775	0.145514291905227
XLOC_010922	0.464157818102408	-0.0783234046950456	0.559744117599365	0.74577324486337	0.428029065136846	0.361830591869322	-0.124662984657167	-0.216065950578323	-1.07904471316733	-0.230828133490331	-0.241287839241253	-0.589321811741855
XLOC_010962	0.484305695370683	0.318261382680555	0.27007005202647	0.0242730860782494	0.163237776451813	0.0508375388362223	-0.46064738584192	-0.229134576166278	-0.207607467413427	0.110041664611333	-0.0763327967068905	-0.447304969926812
XLOC_010964	-0.3786613720377	-0.371441200791168	-0.098388964288298	-0.256867452962002	-0.144933246613854	-0.0510128362155884	0.576061773332088	0.229849279701572	0.180811225507985	-0.0565491388822492	0.127534334488325	0.243597598760886
XLOC_010971	-0.499919809142933	-0.0286120812594373	-0.123353326211211	-0.55050856864316	-0.177159784729303	-0.302349629378897	0.243647997588578	-0.190019270866959	0.0537156735085595	0.583775302232471	0.366078749288796	0.624704747613491
XLOC_010976	0.492391621183684	0.566794989475813	0.328749988470564	-0.591348876623412	-0.537205084006647	-0.360435773127683	0.881673624649522	0.835090233350869	0.690486914013324	-0.882715368131297	-0.813907426598952	-0.609574842655777
XLOC_010984	-0.362945443513182	0.435427224244425	0.00494151803547105	-1.06621099937514	-0.371768321557891	-0.158062453544003	0.421257077226536	-0.34082827706029	0.26101710869649	0.100274988939123	0.530408821823038	0.546488756085423
XLOC_010999	-0.126922872836412	-0.0232293013858929	-0.729030148101809	-0.355772715673118	0.607602575664967	1.18585487493786	-0.159428033002618	-0.14838932440969	0.126698376073072	0.72120820051692	-0.055957678959242	-1.04263395282403
XLOC_011002	-0.4937896807325	0.0270745305167233	-0.731983034290296	0.496476250434601	0.287720245273917	0.128188267698454	-0.624939517430557	0.516266585645494	-1.6947780154725	1.6055151247497	0.425816121933591	0.058433121673374
XLOC_011015	0.458311271647176	0.245582689986528	0.211932217036066	-0.00638692360703708	-0.0255370803893085	-0.722477271965531	-0.0770570639813197	-0.00738585728647934	-0.421522520694416	0.424248508818738	0.088173903523268	-0.167881873087681
XLOC_011018	-0.25133127494215	-0.342522101277622	0.12411765414745	-0.63812426467828	-0.0129133495791978	0.0181866723116553	0.278707187170785	0.27971286494667	0.249997547951218	0.523744062657717	0.0158414605984687	-0.245416459306719
XLOC_011022	0.952538852505898	1.05563104016452	1.13207973501995	-1.73219917353744	-1.34826958092619	-1.72273600676484	0.863475111133367	0.976728072229234	0.680561367883309	-0.162195833833501	-0.37400026851147	-0.32161331536283
XLOC_011042	0.670028748353177	0.447379778091499	0.487634261597202	-0.79496604023584	-0.413686227761431	-0.496529737115946	0.749062318019799	1.21255933330174	0.711101146301436	-0.889053391548469	-0.80743113864407	-0.876099050359089
XLOC_011047	0.750799208845822	0.15767687779969	-0.143028523747548	-0.110251213555207	-0.44862268033982	0.0273487727628723	-0.56296195182487	-0.061430731354398	-0.198399165859755	-0.00598773008812437	0.166595225147981	0.428261912213358
XLOC_011064	-0.459758793224347	-0.194597500007223	0.0800432383773941	0.394274330582101	0.436952862848477	0.26419638548597	-0.529328043021197	-0.518274876179511	-0.43043564356884	0.527547639321829	0.217874525730002	0.211505873655335
XLOC_011075	0.188930528587806	0.756750161489864	0.309566023022386	-1.63516008544845	0.232304074575996	-1.70258235240287	-0.0933784453350093	0.090643719056497	-0.132255655179217	0.631215899984759	0.52659669942743	0.827369432220805
XLOC_011086	-1.18780951170166	-0.555297127062075	-0.152039276666441	0.35332604853421	0.759646950293481	0.0365141646661904	-0.224343741761372	-0.57581702726247	0.0642886980717785	0.722242156422651	0.0992643515661147	0.660024314899589
XLOC_011091	-0.131640249178681	-0.0767679739287512	0.106933845147588	-0.500436314281901	0.567746063202412	0.0315622654208925	-0.791130979863498	-0.845450366741895	-0.648391270620802	1.14573438003985	0.618601264215895	0.523239336588891
XLOC_011107	0.357998701662377	-0.29961604941417	0.809310643387006	-1.20085438985581	-2.70301408694389	-0.12805643639851	1.09645430919012	1.34455188305743	1.32124690320098	0.702096514154015	-0.102468342961776	-1.19764964907778
XLOC_011145	-0.506192752128893	0.00503214205098512	0.071709846827078	-0.324772421460536	-0.384909685049435	-0.298260123696147	0.40247709533293	0.363250921879679	0.420343047277486	0.239116813982076	0.00549642537755268	0.00670868960722704
XLOC_011146	-0.656599760442484	-0.501332821595472	-0.754521039420101	1.28043220347895	1.11632573854821	1.0898605512935	-1.02985222878315	-1.58084644410365	-1.48785733671032	1.38686198054166	1.20619061458936	-0.0686614573964883
XLOC_011175	1.58155456724773	1.66442606618873	-0.0661096550457936	-1.95870615589362	0.490383610386186	-2.01385388294397	0.701598741297894	1.03563705667307	-0.457585348586784	-0.340967346592294	-0.462537330759777	-0.173840321971377
XLOC_011190	0.429703183220463	0.567988363673711	0.496296775075876	-0.453500495819775	-0.262139747183512	-0.387216495462168	0.456057538925949	0.647804334943354	0.576395841620551	-1.14088008617775	-0.678597557826475	-0.251911654990225
XLOC_011194	-0.632552395430338	-0.364432158616219	0.0839284881894109	0.351232505418348	0.369208053821496	0.363182370526929	-0.463080224103771	-1.07894486309604	-0.664487042202721	0.447470769821297	0.577129005013583	1.01134549065802
XLOC_011202	0.656818672170206	0.373164164926201	0.385127302900579	-0.177975677188445	-0.304742010835014	0.170213570340835	-0.317155784341546	-0.0286820536657721	-0.777936961531345	-0.21995459255462	0.0294205249521573	0.211702844826758
XLOC_011206	3.07439907659607	3.4707291452897	3.65963019403595	-1.28739398557143	-4.17472646076911	-0.155908834945137	1.0256217626942	1.67859818055615	0.776670215412405	-4.17472646076911	-1.26631551399795	-2.62657731853173
XLOC_011220	-1.1560151938514	-0.809523474483696	-1.32429293063169	-0.244948623787084	0.453578601934366	-0.458730065889739	1.05514276089321	1.27671631754315	0.846020185768398	0.0595933022398407	0.318747325539365	-0.0162882052747246
XLOC_011221	-1.67561628507678	-3.49068487565086	0.472131110745985	-3.49068487565086	1.33791436513829	-3.49068487565086	2.38972258273293	1.38738586554949	2.72826690785191	-0.69491625672885	2.05019207351711	2.47697426322251
XLOC_011231	1.70590055423242	3.41896610367907	2.86769769724704	-0.888062706128726	-0.888062706128726	-0.888062706128726	-0.888062706128726	-0.888062706128726	-0.888062706128726	-0.888062706128726	-0.888062706128726	-0.888062706128726
XLOC_011232	2.02377127654645	3.36467411194543	4.27051753600881	-1.0732181027223	-1.0732181027223	-1.0732181027223	-1.0732181027223	-1.0732181027223	-1.0732181027223	-1.0732181027223	-1.0732181027223	-1.0732181027223
XLOC_011240	0.921249961244024	0.331280446764534	0.289456393009283	-0.366089444609827	-0.728956855203416	-0.655985288954515	0.421782901694183	0.433298874803173	0.28072111550973	-0.0814455727432044	-0.0700344988458212	-0.775278032668144
XLOC_011278	0.125130369443225	-0.0283058216389396	-0.0148567513706688	0.248913077644815	0.602608117669964	0.220017279061569	-1.21533259383708	-0.639619183165753	-0.793427988056001	0.620676538816042	0.615287720350089	0.258909235082749
XLOC_011285	0.22066114954216	0.210411378458648	0.163697645436654	0.58783745750168	0.736068790092576	0.266546910523946	-1.28944616123087	-0.890341995945826	-1.09126180233217	0.887182592765891	0.170078249036051	0.0285657861512529
XLOC_011293	0.507504918811686	0.337487733199913	0.583421292156015	0.833976688064253	0.775454659217926	0.196487864198232	-0.977534689776348	-1.32124791004872	-0.903628012474988	0.000634840044874352	-0.119307940210677	0.0867505568178322
XLOC_011328	0.223325192390504	-1.05076270273445	0.49641542108712	0.358595860975059	0.141382089148629	1.60975112481488	-0.521551691605873	-0.786333043564465	-0.544625242563174	0.359084541913665	0.733475015374067	-1.01875656523596
XLOC_011334	0.652490768081731	-1.16257782249236	-1.16257782249236	-1.16257782249236	2.04290948670706	-1.16257782249236	-1.16257782249236	-1.16257782249236	-1.16257782249236	1.63319079642966	0.501587177230105	3.30786652899794
XLOC_011338	-0.852851013284755	3.31025097846151	2.0059450124262	-0.852851013284755	-0.852851013284755	-0.852851013284755	-0.852851013284755	-0.852851013284755	-0.852851013284755	-0.852851013284755	0.811313986437706	0.695298128952626
XLOC_011348	-0.426271906999026	0.543513647178566	-0.0530258049871293	-0.220376060522373	-0.441372444721238	-0.124004883733802	-0.384460572635285	-0.52428525907071	-0.525007538174673	0.720931583971006	0.749551285614679	0.684807954079989
XLOC_011353	-0.233018594474576	0.0790673719520605	0.149035832222107	-0.210016318685891	-0.21048675332692	-1.19256189687785	0.183201797604064	-0.17927722945142	0.028719592849427	0.811087094387527	0.322365586208895	0.451883517592585
XLOC_011354	-2.24971876829322	-2.24971876829322	-2.24971876829322	-0.179499282744193	1.33116847471773	-0.23464700979454	-0.110121675160969	-2.24971876829322	0.438153601914625	2.691389431389	2.72160745342265	2.34082407942857
XLOC_011374	0.10133701250132	0.25398494733756	0.124956516805513	-0.051387573156596	0.0434322279773038	-0.0315571473072609	-0.531499195502617	-0.919980625081358	-0.442863904994566	0.708940162828224	0.317463920686029	0.427173657906454
XLOC_011382	-2.32222160124423	0.025811799927947	-0.174474205421472	-0.0500348813824711	0.945853744862309	1.49707861573471	-0.886937319473863	1.01220234535141	-0.0220195855416341	-0.449331896967972	0.221928443919653	0.202144540235623
XLOC_011383	0.131691617018068	0.105765172740504	-0.466650446977742	-0.0662229375953372	0.175065163006258	0.670269589187375	0.442742202226096	0.0961575729247013	0.630681654095352	-0.404452531227899	0.30865621680367	-1.62370327220104
XLOC_011389	0.157917954771763	0.648469643756425	0.796893067883322	0.285970457182904	-1.06110037923945	0.167087500619152	0.352253215634644	1.00884961716169	0.900804732413658	-0.850218160457819	-1.03691473249291	-1.37001291723338
XLOC_011392	0.151006721142064	0.69155399283312	0.970232048542089	-0.488066358402689	-0.488536775981544	-0.805962428504866	0.497573981880441	0.555219761292213	0.430692249876312	-0.485553543560991	-0.665253881411322	-0.362905767704826
XLOC_011400	-0.988093762880535	-0.595514577552168	-0.285307897156294	0.604614260365572	0.777982294681296	1.19477636398632	-1.68259522524875	-0.778098693053075	-0.166653718075239	1.12008900620309	0.791531278003247	0.00727067072653842
XLOC_011432	-1.96822821237529	-1.96822821237529	-1.96822821237529	-1.96822821237529	1.61265903063565	0.856338780479002	-1.96822821237529	1.2201986053862	0.719644157832549	0.021638871265715	2.78834698093084	2.6223146353465
XLOC_011434	-2.80260848626736	-2.80260848626736	-2.80260848626736	0.98378110838677	2.15887166212084	1.21620913955662	-0.191531863068958	0.0225915425322185	-0.114736116059513	-0.00683986734534114	2.44068243902629	1.89879741365315
XLOC_011446	0.306147988062762	0.547198429825254	0.430454785669239	-0.83186315156969	-0.579316512845452	-0.756559267761208	0.441645580213541	0.280893953963034	0.435534763081446	-0.377948416369664	-0.0748542564852279	0.178666104215969
XLOC_011450	2.11270532083982	1.83448451241412	1.82262087488596	0.37839003348184	-0.0976836000049035	0.829371425575098	-2.24386805728638	-1.56790962621113	-1.92288063677497	0.273859421847985	-0.626274639057109	-0.792815029710332
XLOC_011451	-0.897929801012196	-0.897929801012196	-0.897929801012196	3.43814361781334	-0.897929801012196	1.11714195748648	-0.897929801012196	-0.897929801012196	-0.897929801012196	-0.897929801012196	0.766235198710266	1.86191763408748
XLOC_011452	-1.02281836201138	0.502975657226328	-1.02281836201138	-1.02281836201138	-1.02281836201138	-1.02281836201138	0.411848204282044	-1.02281836201138	-1.02281836201138	2.28694166481763	0.641346637711083	3.31661637004257
XLOC_011453	-0.685577396227169	0.00827973140007998	-0.399061856970419	-0.0675669499103382	-0.0297322612762674	0.508299253851454	2.12397689438765	2.05551577148554	2.39271046585225	-4.15482226034619	-1.24641131357503	-0.505610078671565
XLOC_011482	-1.53533023697411	-1.39846883116064	-0.906058143215254	0.91488445557161	1.35820865424937	0.844320912960326	-0.641397018133496	0.282836883847427	-0.557953204479396	0.501581253365443	1.41158345183272	-0.27420817786399
XLOC_011499	-0.0132834773807335	0.118505574406225	0.554756875023129	0.689916336435257	0.534975916250469	0.473855762036787	-1.36681585168201	-0.648039403756814	-0.651646572455557	-0.140272710965228	0.420273993734563	0.0277735583539105
XLOC_011517	-0.017740103216239	0.256845425226055	-0.436832036786452	-0.0183808774076741	0.172626624246347	0.155653853674137	-0.102988462700565	0.24582790710369	0.351076118609186	-0.385107292411091	0.00580574858298011	-0.226786904920378
XLOC_011530	0.648915360896046	0.577088590398634	0.90806219572171	-1.30706187239281	-0.613507104579544	-0.175576721766519	-0.944041475246033	0.073242401946958	0.131326831371344	1.21865998742509	-0.177799165655649	-0.339309028119225
XLOC_011533	-1.18110180989084	-1.18110180989084	-1.18110180989084	-1.18110180989084	2.69739749538432	-1.18110180989084	-1.18110180989084	-1.18110180989084	-1.18110180989084	1.61466680903117	1.72730913688031	3.40944103783094
XLOC_011537	-0.290544982971864	-0.251991124005247	-0.31077066348471	-0.156288964952346	0.629756346281946	-0.324584516134921	0.0187724594797469	-0.83218112713301	-0.348477501158124	0.972585180481159	0.332789376498082	0.560935517099283
XLOC_011538	1.24731008191715	1.33518889437934	1.26991920369999	-0.719893057637227	-0.331115070715489	-0.846322201998758	1.06602515218114	1.05754277508895	0.628717564378173	-1.21348024839772	-2.13250905982326	-1.3613840330723
XLOC_011539	-2.46662102169538	-0.622692067388799	-1.54665404839832	0.351981372020443	1.00112144454169	0.48260541089801	-0.330059899315993	-0.953538636409786	-0.55123973151779	1.22984204915319	1.24492940254327	2.16032572556947
XLOC_011553	-0.573082536409408	-0.485717211484459	0.123050687796217	0.384959285152317	0.780332508137103	0.0339636015423972	0.267334730508855	0.271816676823461	-0.677475415015565	0.281590039152158	0.530888335617909	-0.937660701820987
XLOC_011564	0.873091966814302	0.506927253720165	0.146094532292112	-2.22389741245445	-2.22389741245445	-2.22389741245445	-0.0843003193221992	0.114692958101499	1.34744288040141	1.08586261437456	1.05069244396467	1.63118790701682
XLOC_011580	-0.154792523731851	-0.219901833351882	-0.141889194328771	0.746530601690971	0.330021651354274	0.722458074395455	-0.535816991306291	-0.24875124270446	-0.205689365903526	-0.262281338066702	0.213951910256283	-0.243839748303497
XLOC_011586	0.102501679061599	-0.793122076268769	-0.163543850776286	1.34088772045852	1.07506852945641	1.55154951620358	-0.928868378581917	0.397339679393033	0.640001405088054	-0.556673117728431	-1.78459857355661	-0.880542532749179
XLOC_011588	0.277693365741082	-0.318907579105221	0.582959056775777	0.93175780359181	1.19062404026523	1.43724607292788	-0.455521527872224	0.421802882064724	0.629733458705111	-1.78063049026533	-0.586214000834159	-2.33054308199467
XLOC_011590	1.50422862325544	0.015389804547211	2.47200817183579	1.37182044880845	-0.0187596192648192	0.109132131226893	0.534918010717056	1.00421356438293	1.15335344937325	-2.7154348616274	-2.7154348616274	-2.7154348616274
XLOC_011599	0.749407086858486	1.23002158341968	0.780657825005761	-0.917691881788466	-2.80045070416452	-0.225493053619139	0.999017691969494	1.09770175903297	0.682281830024951	0.708972858572987	-1.79567052967143	-0.508754465640768
XLOC_011601	0.497621590612593	-0.514617046130033	-0.0393479367381273	0.62693232243688	0.845144231825245	0.907071616909008	-1.18027940911221	-0.334851273466506	0.00742646519120704	-0.299643175592671	-0.106116814395032	-0.40934057154036
XLOC_011607	-0.204151854601927	-0.172451907398825	0.155721971840374	0.465697933579761	0.158520532661496	0.306951593166043	-0.657671267922293	-0.564490970718702	0.0561996661073279	0.273708971999475	0.106767645724418	0.0751976855628556
XLOC_011626	-0.0516705364556707	0.688914934779655	0.794423624143279	-0.675697032169433	-0.44692134205968	-0.339475531985958	-0.0539460315674578	-0.106875611299385	-0.0195288514502838	-0.149205358953987	0.0370019728899731	0.32297976412894
XLOC_011635	-0.0425365301170153	0.156392117868431	0.381862888782936	-0.549772819778012	-0.550223149244635	-0.618904723196778	-0.250977249381431	-1.69741942084206	-0.067301728031822	0.958842616006566	1.11211932848671	1.16791866944711
XLOC_011643	0.0112559854174279	-0.556662131879223	-0.305630408887115	0.513876553325574	-0.0171254418970648	0.430391085864963	-0.0401785840522333	0.46887583062264	0.273650654818137	-0.485017856201495	0.00962052796175072	-0.303056215093367
XLOC_011648	-1.34813508125029	-1.19146024202362	-1.35760282182811	0.719566464170965	0.36710640993588	1.07991128550831	0.606224379286233	0.500784462594224	0.981578794977677	0.0570017110198533	0.206439240395529	-0.621414602786652
XLOC_011692	0.386649583715937	-0.49933257838173	-0.350835148194195	0.657552452391529	0.0998742178860947	0.44346321957245	-0.189399283955947	-0.0270161946070013	-0.794958240779704	0.0770340268011225	0.11403594840193	0.0829319971495091
XLOC_011699	0.234976569366868	-0.106148158883224	0.0971175350452711	0.152640050411053	0.14256192990967	0.28275591443289	-0.134812735588001	-0.0641452232029085	0.0478115389528018	-0.131728582643184	-0.228852014010178	-0.292176823791054
XLOC_011701	0.49755115247342	0.490287592734562	0.0622350465942558	-1.27504110845033	0.261033456985949	-1.59229690145189	0.138394805192553	0.475463523233033	0.181643044320192	0.156965824202952	0.386851039814398	0.2169125243509
XLOC_011702	0.195001316900917	-0.114086842652991	-0.112954602544544	-0.40119365571903	-0.376189347848079	-0.887637147696394	0.118589023363688	-0.182227329130379	-0.25977120222065	0.895447272167631	0.41604356890179	0.708978946478037
XLOC_011715	-0.27608867271349	0.38709827905688	0.073467563544904	-0.681477153966197	0.0814805600712205	-0.459674000490141	0.470881992878903	0.668028593282633	0.366991529448043	-0.583711879097917	-0.0479211409899261	0.00092432897509287
XLOC_011760	0.443618544895393	-0.846768026659417	-0.308523836473786	-0.922614707969835	-1.13137071313052	0.533319674548855	1.17072032558623	-0.0355420020777579	0.376493288061857	0.500460910539568	-0.141923727831961	0.362130270511373
XLOC_011778	0.466477732949505	0.386403537773555	0.320406000439331	0.247480543928553	0.309818499550323	0.507783132353966	-0.436873985191165	-0.391997120613429	-0.567195315046892	-0.795047520159303	0.0451237368597184	-0.0923792428441637
XLOC_011792	2.17590045575623	1.62818852499278	0.979016766904721	-0.464693981204464	1.59017653231643	0.805081935566705	-2.53491346675349	-2.53491346675349	-2.53491346675349	0.774846560075523	0.373497480017669	-0.257273874165131
XLOC_011794	-0.809513588630327	-0.284847168715823	-0.61268205386109	0.926102242071523	0.885002204655844	0.835929128550725	-0.549863592448143	-1.02821034286132	-0.446515753386637	-0.139523134920981	0.878479725887205	0.345642333659018
XLOC_011799	-0.440864119677762	-0.388111224302772	-0.364371541139926	0.475443607768014	0.640928607759269	0.616010372638332	-0.524924916299858	-0.337848003821634	-0.347030715695455	0.0663927635524288	0.374742882012226	0.22963228720713
XLOC_011835	0.297129887520136	-0.956071410947104	-0.816614009937527	0.835061475382179	0.874423758344192	1.54416235887155	-1.52907712398992	-1.30107881087185	-0.453708817372542	1.27333558375295	-0.14354154079496	0.37597865004288
XLOC_011949	0.892412274726458	-0.922656315847629	1.44733562889893	3.62556856844733	-0.922656315847629	-0.922656315847629	-0.922656315847629	1.41593405470832	-0.922656315847629	-0.922656315847629	-0.922656315847629	-0.922656315847629
XLOC_011951	0.530751123367915	0.797320514431118	0.447941967786059	0.435992747321912	-0.173534126149047	0.874926634904623	-1.03933354605506	-0.357556647303332	-0.716980430738813	-1.33613081978578	0.341758856199165	0.194843726021245
XLOC_011953	0.758648298917362	0.415315483884688	1.92044544193199	-1.83531496144378	-1.83531496144378	-1.83531496144378	0.775761661754614	-1.83531496144378	0.852557408764059	0.154552122197225	-0.171149961721321	2.63512939004652
XLOC_011955	1.66166022866243	1.14790937322894	2.03215850351175	-0.509662500523254	-1.01603056794816	-0.877950483259401	0.848673860732118	0.915275588199965	0.0753005366000661	-0.908959516108755	-2.18045242228078	-1.18792260081492
XLOC_011966	0.761183403411175	0.0625521327034644	0.726816789188672	0.150597393527348	-0.217697172480239	0.50581993193561	-1.84220552637578	0.0796458151205899	-0.394232775528707	-0.67525674240786	0.619360541046268	0.223416209859455
XLOC_011971	-0.107528771316712	0.52987370214016	0.55242931532911	0.534905727310857	0.825871229180756	0.975593605273387	-0.800869383462712	-0.584925033504933	-0.0773490821520477	-0.979058481620461	-0.260254502951904	-0.608688324225499
XLOC_011975	-0.857327840207355	-0.510836120839649	-0.30662801855725	-0.860038415237638	-0.165595737420393	-0.591877881805074	1.49321096510682	0.828362696036787	1.39248921260612	-0.527412792736955	0.00837794537103598	0.0972759876835472
XLOC_011984	1.82095343773953	3.05034876276566	2.08578620308934	-0.773009822621614	-0.773009822621614	-0.773009822621614	-0.773009822621614	-0.773009822621614	-0.773009822621614	-0.773009822621614	-0.773009822621614	-0.773009822621614
XLOC_012000	0.884321797127569	1.15925372129394	1.33456967732259	-1.37893026295104	-0.27083369113635	0.0770041195676479	0.780615675644894	0.620392477122008	0.395718052018412	-0.835310822686194	-0.709610380080756	-2.05719036324271
XLOC_012001	1.65301573402317	0.992433163952359	0.234556878435449	-4.34629248945761	-1.14080518025819	0.48041713337704	1.40321684301081	1.10028723358553	1.44646508213845	-1.0365324626286	-0.779904178774744	-0.00685775740366523
XLOC_012016	-0.192632207337459	-0.449135582553826	0.168609647082455	-0.0977615515603389	0.188012884720651	0.163611330763953	0.376993105671637	0.980018287438019	0.76145882631317	-0.458271851663634	-0.736287276512437	-0.7046156123622
XLOC_012041	0.648840024145645	0.356527525930087	0.377062084983525	0.161542130200456	0.00989819466385544	0.447262852074939	-0.27724078937364	-0.0971452080098469	-0.275532270089145	-1.25421086671238	0.169721002300257	-0.266724680113759
XLOC_012042	0.814098578343078	0.279802127737815	-0.296224102813319	-0.241076354994392	-0.11186589763403	0.153926600522574	-0.26604262461575	0.154651031529074	-0.267781891086021	0.242880361724019	-0.166203854144927	-0.296163974568118
XLOC_012043	-0.0546643718595599	0.123774125176646	0.505665673762056	-0.865301483823176	0.0667744677699789	-0.457137928339199	0.244020271995999	-0.526126343111289	0.00430384725159705	0.39632333646299	0.260335411065689	0.302032993648272
XLOC_012045	-1.54169631738337	-0.761512694079663	-1.09038437565874	0.880596099178534	0.840179716871827	1.46200945075083	0.00571972260712972	0.228504711473376	0.308648271501926	0.124125772966874	-0.161791575721677	-0.294398782507056
XLOC_012046	0.419440613648892	0.562080321686268	-0.586768522788193	0.102368709402744	-0.860625825311239	0.520389556647904	-0.0836864189937012	-0.459533501383494	-0.50401420625522	0.426725648679469	0.534895114293228	-0.0712714896266524
XLOC_012068	0.537955286727449	0.0739003540217702	-0.618166209581887	0.728721794043977	0.878600476944692	0.9430981650227	-0.115084105787395	-0.414956597987949	-0.902078242322358	-0.0334481440217171	-1.08473429735467	0.00619152029538483
XLOC_012109	-0.987059099906187	-0.522168207293498	-0.940296409939565	1.1115625692884	1.63107070786488	0.411399973245846	-0.659132586289348	-0.0839908141237462	-0.880312418491146	0.0233973659856934	0.506881386090449	0.38864753356822
XLOC_012113	2.79671079438465	2.05514611810967	0.60177947746896	-1.7682124672776	-1.7682124672776	-1.7682124672776	-0.333545900984177	0.570377903278347	-1.7682124672776	-1.7682124672776	1.79817584340527	1.35241810072528
XLOC_012120	-0.322126287030983	0.953288554844433	1.37673535605314	-2.13719487760507	-2.13719487760507	-2.13719487760507	-0.702528311311648	1.05123194015642	1.0590069945169	0.658573741316943	0.279270511073252	2.05813213319675
XLOC_012130	0.517981470839445	-0.956458358373299	-1.67694984607624	0.289131628002738	1.25250691934082	1.58742701673023	-0.0175963900397713	-1.22174176202323	-1.35906942061496	0.583932959877896	0.457234725437385	0.543601056898986
XLOC_012172	0.267333313597986	0.249522988710574	-0.0445469605578648	0.0512861561742728	0.059631589995961	0.1539936817902	0.395326127506342	0.537498189495419	-0.525959854251495	-0.659267744470478	-0.326576159306715	-0.158241328684199
XLOC_012189	0.644817139676801	-0.448143192314946	-0.552066549174709	0.270076635992622	0.269626306525998	-0.347029455133215	-0.0366513820498877	0.0410488628138248	-1.37812441262508	-0.0786717535214052	0.690578410473218	0.924539389336775
XLOC_012208	0.889004889265884	0.995601325372885	1.34732689660782	-1.43327119582928	-0.391061549694247	-1.20084316465943	-0.489136407742865	-0.444742458993696	-0.146620852463204	0.69777288489223	0.0236301348102437	0.152339498433656
XLOC_012216	0.242831988835676	-0.168418217993419	-0.509310392533503	0.403834897251154	0.443197180213167	0.130832352505277	-1.18131117368237	-0.546826303034646	-0.137616636445203	1.02392331167914	0.518983395500429	-0.220120402295708
XLOC_012218	-0.942730761840034	-0.63342736480123	-1.14440417022284	0.452704626129464	0.325938292482896	-0.265568339728941	-0.733279633879823	-1.81671864321152	-0.147256658213435	1.66241264678138	1.73042449114694	1.51190551535714
XLOC_012234	0.765938060267444	0.653196524354033	0.72450170461383	0.396074905395861	0.224510272634682	0.42268738187929	-0.0459444395689959	-0.0965245066922922	0.278715217496857	-0.847372914811152	-1.58673256484005	-0.889049640729498
XLOC_012235	1.00225412781258	0.841259608307954	0.761494196232615	-0.689369932788837	-1.23940402336727	-0.900438115173424	0.746315195653294	1.26667857422167	0.803969602571376	-1.14200684547829	-0.735262935750226	-0.715489452241439
XLOC_012254	-0.868171534533964	-0.868171534533964	0.756956726961183	1.20204795101506	-0.868171534533964	3.95853808830069	-0.868171534533964	-0.868171534533964	1.02782950999478	-0.868171534533964	-0.868171534533964	-0.868171534533964
XLOC_012287	0.0871247223207012	0.129446301696082	-0.0493014700592118	0.303752861549224	0.037207073196754	0.417485872094224	-0.946199695245668	-0.907088869050445	-0.392999876628631	0.681166253217314	0.614239336389853	0.025167490519804
XLOC_012291	0.691492274458443	0.935593772500232	0.859513194597941	0.559977482206746	0.57399609416843	0.382350299094392	-0.553162915040005	-0.876679357995826	-1.4318975055728	-0.0965532015014219	-0.334661359898321	-0.709968777017804
XLOC_012324	-0.413660037595072	-0.449600495509682	-0.292429807169739	0.515460480465867	0.451839630868264	0.589422797767529	-0.3131411541539	-0.144409738300549	-0.146042964290229	-0.0147029617314853	0.212386990066429	0.00487725958255858
XLOC_012337	-0.0300468115638646	-0.443379780725735	-0.168924940910167	1.45989655701589	0.733132716144265	1.26017237756183	-0.722024682334596	-0.807777417807777	-1.27276088359696	-0.014025082656886	0.114432920984631	-0.108694972110619
XLOC_012341	0.556973916203575	-1.12282765157085	-0.821358151792231	1.32330980499975	1.04948862617608	0.959819110337389	-1.43423552557132	-0.713904360755631	-1.55469444908245	0.561139866934058	0.822111637591689	0.374177176529945
XLOC_012342	0.0119681477031683	0.245405051297044	0.149781130131029	-1.16628581852705	0.777669816834842	0.276302384457689	-1.46477893397941	-0.845629767534429	-0.00127873699965875	0.815404938297646	0.653905283032046	0.547536505287086
XLOC_012349	0.685831466191603	0.92396941031556	-0.159286004113111	0.324995706925121	0.342887790131158	-0.859021167687652	-0.129536409571147	-0.386055854940089	0.218809645671083	-0.758299517538822	0.0103869361257836	-0.214682001509491
XLOC_012368	2.79954080939951	-0.0772630404864785	0.0220712017709612	1.28427541547349	1.0936181826384	1.22150993313011	-1.60305705972419	-1.60305705972419	-1.60305705972419	-1.60305705972419	1.67153279669493	-1.60305705972419
XLOC_012376	0.548763844883783	0.661975225484266	0.248068054455382	-0.131791157212825	0.158241425248223	0.347997921518942	-0.652104609746235	-0.698679925275123	-0.42313812419711	-0.267045559169906	0.134273108510229	0.0734397955003709
XLOC_012379	0.739497984343682	0.0595665832474594	0.147219988447727	0.390251542179259	0.0636482424282887	0.658459911903034	-0.342959011042112	0.154434973912043	0.178150548518548	-0.770576141865016	-0.91838778427074	-0.359306837802178
XLOC_012384	0.735364039268479	1.32751080726125	0.542759230111052	-0.483198509391736	-0.587751122655814	0.0945980045301598	-0.517428096176097	0.0702216364188972	-0.597892145061182	-0.0150226534275388	-0.459468647996196	-0.109692542881271
XLOC_012431	1.18941132604928	0.506520928220972	1.3446265554432	-0.905169941603118	-0.566469537187323	-0.212971113433791	0.574115372473016	1.21152849250217	0.493651323587931	-1.38179950942823	-1.41696967983813	-0.836474216785978
XLOC_012437	-0.269028138652673	-0.816740069416124	0.633338432063145	0.320062434352229	0.103301875518238	-1.26087473346269	-0.950496660379361	-1.05353075774269	-1.40850176830653	1.73468016308821	1.40271247367789	1.56507674926036
XLOC_012439	-1.34413649061365	-0.908574635859263	-0.30040905547678	-1.08898559563871	-0.462529838825152	-0.334638088333439	-0.548128457989337	-0.820614710631788	1.659339429384	2.03708910356321	0.115384775231381	1.99620356518952
XLOC_012479	-0.513938108340953	-0.400833086103093	-0.436697514006892	-0.282344958241143	-0.0573323162278907	-0.541057808462569	-0.0360413995052795	0.681074771750742	0.106366622970507	0.220180014705923	0.552238324539003	0.70838545692164
XLOC_012504	0.112084729711535	-0.17959232952395	-0.135425340391722	0.215869462035801	0.351923115595175	0.806772658298957	-0.891563265484509	-0.198660730184536	-0.0312176552152934	-0.126366901871714	0.134679864805211	-0.0585036077749574
XLOC_012513	0.018263482624274	-0.142665565541217	-0.25355020685907	0.521651986158316	0.675144791318003	0.5606250415609	-0.926456784300622	-0.043461402174815	-0.638959968939884	-0.406385795293071	0.650387297546512	-0.0145928760993161
XLOC_012526	0.0191304864538342	-0.210164736134519	-0.0974006952353239	0.626356824331125	0.50851552743462	0.593104590746401	-0.544038538890355	-0.692412678100915	-0.723455349075699	-0.25614874399624	0.650671184924574	0.125842127542489
XLOC_012536	2.57399162919493	1.05973840275967	2.95295654250858	-1.1908920425688	1.50578319979378	-1.1908920425688	0.243774523724624	-1.1908920425688	-1.1908920425688	-1.1908920425688	-1.1908920425688	-1.1908920425688
XLOC_012542	0.829718422443488	0.671817640667824	0.39143804553632	-0.301763672360897	-1.32529991864533	-1.52893746657285	0.796061688647062	0.422420730372565	-0.145622263991003	0.336665405362522	-0.683891532486146	0.537392921026442
XLOC_012548	0.209608984280987	0.9613665184638	0.759264450920924	-0.667668894313373	-1.03543626939659	-1.39043484134036	0.779323701608938	0.624120815162629	0.712019115106392	-0.773247725768536	-0.248760468612296	0.069844613887482
XLOC_012549	-0.619841923642415	-1.49143537145329	-0.467282941145871	0.688468786030731	0.15977897018179	1.47986046022569	1.77468593600138	1.81629290356823	1.21977570588907	-2.3836365439554	-0.784039357810014	-1.3926266238899
XLOC_012553	-0.879801031575056	-1.03728678735258	-0.159102569484642	-0.383307664356333	-0.22038426775153	0.538417893939614	1.89232087373861	1.96874944554637	1.43846668304837	-0.727610821615777	-0.799199554476157	-1.63126219966088
XLOC_012561	-1.16066311022748	-0.159037243908155	-0.551122834656606	0.0512304923653817	-1.22763788999226	-0.0200712863966341	0.836879271419561	0.479587966054239	1.4163432848175	-0.622152779668958	0.384885400178828	0.571758730014581
XLOC_012572	-1.70339988929149	-1.18253567804227	-0.219539900667184	0.991204506942895	0.929955961455772	1.00066767371549	-0.627904285533289	-0.136558997129486	0.0181552420114874	0.273946791884168	-0.0438140752541063	0.699822649908016
XLOC_012577	1.82215416599169	2.08711021337088	1.73166228129111	-1.49792421278983	-1.46008952415576	-2.24518412090549	1.15086161982106	1.12191733968547	1.04396067992025	-1.13865504231782	-1.22596088748771	-1.38985251242386
XLOC_012578	1.70172962127897	1.91713766482553	1.80126618655375	-1.48383137222029	-1.9901994396452	-1.85211935495644	0.829053568114591	1.13601018025501	0.149037293143312	-1.12456220174828	-0.412878742327256	-0.670643403273673
XLOC_012580	-0.0198210211894834	0.168952953656463	0.17688413757977	-0.629736342876624	-0.352290725406277	-0.290148231623908	0.423811236272654	0.265429869624856	0.468186989626379	0.217656002953235	-0.318318227347151	-0.110606641269908
XLOC_012608	0.854157242773002	0.898331434990197	0.549995906045873	-0.93856969692	-0.445479867326187	-0.433081427583931	1.022693332656	0.86088671277771	0.326006662036407	-0.670291686396435	-1.11769550349714	-0.906953109555496
XLOC_012634	-0.474372440113429	-0.153621193619736	-0.346886397723814	0.576418983778459	0.828420750677914	0.83639763195988	-0.634351635095555	-0.424424248888055	-0.99112346155555	0.561258998809977	0.536902422438167	-0.314619410668255
XLOC_012636	0.199503391667875	-0.246201421585469	-0.201849211866889	0.480199468964178	0.719686190575651	0.407589534371199	-1.2833189837841	-0.942057971369993	-1.72539246812381	0.935825196699243	0.969488180587303	0.686528093864801
XLOC_012648	-0.909293718927084	-0.261468442073541	0.355782097638424	0.962525247729243	0.170491506353697	-2.30439021095563	0.620552128658491	0.913891741595484	1.28680023802373	-0.893839068998403	-0.372382010503792	0.431330491459391
XLOC_012650	-1.11101750537277	0.0672308236829311	0.74515625920873	-0.644126121437924	-0.626479545631951	-0.375965588005359	0.456967726851342	-0.0200481924069358	0.683101986633702	0.164854468337518	-0.0921914579166625	0.752517146057388
XLOC_012673	0.295587487903241	0.346022473285815	0.0291778362594899	0.710788085879992	1.23280677588571	0.711940308490901	-0.418291202831027	-0.826400909944316	-1.12326068485031	-0.0422371063760503	-0.481956097820862	-0.43417696588258
XLOC_012679	0.199922009307104	0.120484687705723	-0.415431410926936	0.688956412947648	0.321360848936643	-0.0115854627759342	-0.334423813235627	0.308720999029438	0.0292593284670284	-0.409137948912494	-0.0926995252636988	-0.405426125278892
XLOC_012681	-0.69940484229093	-0.301186522308391	0.45150819503381	-0.128215095229119	0.731063368195883	0.198833000142983	-0.0421700083970968	0.0791682960343092	0.207929833504512	-0.77633021920431	0.403657776519065	-0.124853782000715
XLOC_012683	-1.6225451981882	-0.590426704829181	-0.530208517988963	-0.454959754856594	-0.145162909716539	0.00170374625186565	0.708079973676544	0.92706840505307	0.0109737578630726	0.483285653478699	0.749889473539122	0.462302075717099
XLOC_012688	-0.310112287294192	-0.4723147790617	-0.323817348874165	0.638922440874461	0.64506490197676	0.48690682811605	-0.148108512583564	-0.304878523148321	-0.175643224581513	-0.195492964235068	0.281971333011323	-0.122497864200072
XLOC_012694	-1.22318106053715	-0.390203807438415	-0.109681936747	0.0152049808597763	-0.614963897240006	-0.247448579155291	0.331644279550013	-0.281082442392329	0.841873995115431	0.684927491368851	0.358494104828368	0.634416871787743
XLOC_012714	-0.576407430507759	-0.861852331023585	-0.838867771101237	0.60243118169186	1.05162092801841	0.530754460623603	-0.154042230264036	-0.541646397793945	-0.910372588455556	0.0906137899509574	0.673004998800277	0.93476339006101
XLOC_012747	0.898978357066352	0.331049757815888	0.57980660006472	0.850041236455299	0.116873725746539	0.79791611240173	-0.138102484681989	-0.0480790229312058	-0.458586329581987	-0.910754164010852	-1.06698138897785	-0.952162399366651
XLOC_012748	0.495257080317404	0.324535134393433	0.544112467040254	0.853493215055622	0.203770972345437	0.233374284901382	-0.478717376194348	-0.306507209027569	0.0527709039632152	-0.617799497529456	-0.961736891242442	-0.342553084022937
XLOC_012758	0.864967661438989	0.651354992995311	0.830601047216486	-0.870733889632143	-3.07109142676841	-1.28917824630754	1.24054723425724	1.21864850969321	0.552941257202153	0.726650871899682	-0.524475743837347	-0.330232268157636
XLOC_012804	-0.217922408057694	-0.500182257118725	-0.377734920718245	0.179558331063292	0.295382928042818	-0.000711712242706497	-0.160494583518785	-0.814555231300266	-0.464796717090337	1.086532912239	0.503362615877451	0.471561042824195
XLOC_012807	0.610662226764251	0.216181767790211	-0.200088155234567	1.40713139299792	1.5021030033178	1.20368534800088	-2.91564913226567	-3.07323555798302	-1.77683475361294	0.99422218807301	1.28622149381839	0.745600178333726
XLOC_012811	0.479108462970903	0.506996239749173	0.689069929540953	-0.479565081136013	-0.696325639970004	0.098231432785882	-0.0299602441822149	0.307108473858265	-0.59425871680546	0.207216319569377	-0.536178651356988	0.0485574749761319
XLOC_012814	-0.469912091242401	-0.565481150558306	-0.90969397396925	0.644552750157383	0.930474563635689	1.3952162870648	-0.843164559583069	-0.329053150277131	-1.30116966751024	-0.0781961938550513	-0.115934767059963	1.64236195319753
XLOC_012816	2.65175856327714	1.81022620588374	1.9460253120525	-1.56790492160571	0.33572585067237	-1.56790492160571	1.04317170159269	1.62052189615579	-1.56790492160571	-1.56790492160571	-1.56790492160571	-1.56790492160571
XLOC_012819	0.921185629940802	3.66398184733743	-0.893882960633285	-0.893882960633285	-0.893882960633285	1.12118879786539	-0.893882960633285	1.44470740992266	-0.893882960633285	-0.893882960633285	-0.893882960633285	-0.893882960633285
XLOC_012828	-0.557170888802106	0.210286973025273	-0.453528000335797	0.0994502861011348	-0.302039270038925	-0.439122604668263	0.563408031099375	1.05660808712002	0.539503950253734	-0.395490692333877	-0.768142022970272	0.446236151549703
XLOC_012857	0.0584784952363098	0.370512390244986	0.290161962620729	-0.759179571116377	-0.40620995119958	-0.645399929935285	0.0474047458104305	0.221136601241774	0.287105309831535	0.418222241668843	0.0191719838818312	0.0985957217147977
XLOC_012873	-3.41299108835387	-2.97742923359949	-2.8580677341814	1.67138088641002	1.52575939289571	0.791693496134073	-0.497535296187421	-2.40285965012838	0.492064296871498	2.808319360632	2.1830741083938	2.67659146111346
XLOC_012908	0.566319179066971	0.106548719057482	0.337303758633583	0.139199007357641	0.144846587684626	0.584351165558557	-0.52165807354946	-0.334710486459596	-0.558166773730184	-0.304177064713377	0.0900339408089348	-0.24988995971518
XLOC_012927	-1.49339790387923	-1.06562555232446	-2.64472174128124	0.997701771326094	0.77749679036738	0.297539175283539	0.376889691391598	-0.125671529850448	1.04401495920625	0.892506610573904	0.393020588128143	0.550247141058468
XLOC_012949	-0.10812963256596	-0.359857593963319	-0.193143328539794	0.414590085151341	0.342982521304135	0.350713745816723	-0.641084772282036	-0.577230639058955	-0.320091314091423	0.865596983572647	-0.0019805717122896	0.227634516368932
XLOC_012960	-0.255099431295077	0.587152308012928	0.424373408298258	-1.54938285217706	-1.04164207387745	-1.43125068096793	2.10061155607806	1.88967948318848	2.18033527051995	-1.09965831692708	-0.67912528070047	-1.1259933901526
XLOC_012973	-0.216159457101799	-0.0596755542707639	0.213475132430213	-0.368763882256997	0.0143837188859113	-0.418619220957956	-0.00929865050118472	-0.109458300162381	-0.0887347800835263	0.610110454782768	0.157243287114113	0.275497252121596
XLOC_012975	-0.213336385093476	-0.63180349484352	0.0265664968642687	-0.197638598007422	0.0734736210793905	0.169458980413022	0.509765452874147	0.583005393628515	0.527043028337525	-0.303175624448317	-0.210667383485686	-0.332691487318445
XLOC_012982	-0.261018709794204	-0.0653978427968536	-0.10821960968137	0.00399721511620399	0.0164989856274467	-0.219321886963241	-0.241506124268055	-0.440794561358544	-0.262972151043039	0.650548605293894	0.435499810597856	0.492686269269912
XLOC_012992	-0.697072348463653	0.90135990739931	0.59015151432271	-0.642096508210813	0.458723670931757	-0.662220010465946	0.255548264626531	-0.661494435380006	0.244722912148666	-0.259359267325403	-0.129701032133118	0.601437332549967
XLOC_012998	-0.172324849867701	-0.13539012867825	-0.315556702886232	0.301087235428218	0.111190404962082	0.117249816202104	-0.350897739567145	-0.43043843362903	-0.599814402089427	0.631678583510142	0.48370297086112	0.35951324575411
XLOC_013004	0.150994658363889	0.103690998225245	0.123634481685396	0.263213808204606	-0.30381726670683	-0.156614079109667	0.352435327051864	0.85735675676117	0.363036904947748	-0.64892964800942	-1.20109582807926	0.0960938866652619
XLOC_013009	1.54198855418981	-0.401462290691504	-1.92725630992921	3.25044899651536	1.2782309992702	0.087815448569466	-1.92725630992921	-1.92725630992921	-1.92725630992921	1.3825037168998	-0.263091310206749	0.83259112517046
XLOC_013019	1.1632272488596	0.132562095003602	0.336770197286001	0.554973871168033	0.178733023590398	0.754712675020728	-0.759476516616836	-0.42001748951103	-0.575800995267227	-0.947821024931097	0.275076521316283	-0.692939605918456
XLOC_013047	-1.07667882801641	0.214175776296624	0.141551749339879	0.421682916395719	0.70506757083956	0.203116251302447	-1.06573529106547	-1.0836923814335	-0.249836942019752	0.0533804584690891	0.748464261741841	0.988504458149972
XLOC_013048	-1.69260906918818	-0.166815049950478	-1.69260906918818	1.1947234060095	-1.69260906918818	-1.69260906918818	-1.69260906918818	-1.69260906918818	-1.69260906918818	3.38172699125623	3.63102528772198	3.80760284928007
XLOC_013051	0.317513180238651	0.319843433382915	0.429734818774137	0.172552099297545	0.153776131493362	-0.0134435886956847	0.384655199269731	-0.0867245172991371	-0.0416718462871	-0.213520377805738	-0.732661251237246	-0.690053281131438
XLOC_013072	-1.85106412506189	-1.35454395297354	-0.482211399026189	-2.37480789987401	0.638116551257592	0.0335610374004141	1.10914302620526	0.529300630904888	1.27509659037642	0.751266799327909	1.09584956374493	0.630293177718222
XLOC_013081	-1.43454036555964	-1.43454036555964	0.935451579186924	1.45279210963804	0.469090406718441	-1.43454036555964	-1.43454036555964	-1.43454036555964	-1.43454036555964	2.25341792929071	0.229624634162826	3.26686553436087
XLOC_013085	0.24446504135404	0.680026896108423	0.0545247122750994	-1.57060354922005	0.333027223058029	0.44446820927863	-1.57060354922005	-1.57060354922005	-1.57060354922005	0.41926353442096	1.33780739755111	2.7688311828339
XLOC_013092	0.282433119051927	0.568886611411362	0.0178139466655427	-0.000949982924075776	1.10326274298617	1.25107541843676	-0.868637361639895	-2.07278273362335	-2.21011039221508	0.04312543725929	1.28365403854602	0.602229156045332
XLOC_013093	1.78872391402607	0.116950711076983	-0.988745693602483	1.1725156395565	0.967013287913317	0.210693037756665	-2.61387395509763	-2.61387395509763	-2.61387395509763	0.695886071731382	2.02201450044179	1.85657039639267
XLOC_013095	-0.676903256305168	-0.71993382411899	-0.11105409059188	0.500334673181423	0.533525170324664	-0.558854972171326	-0.859012804525516	-1.38558389811913	-0.498008289041753	0.865058864405952	1.19129565483518	1.71913677212654
XLOC_013116	-0.315894112279161	-0.37488183287509	-0.351232240027652	0.910652024560722	0.383492200101932	0.662576336382801	-0.726774620417099	-0.901337788288507	0.0712487733129192	0.278498613229106	0.485456070130241	-0.121803423830213
XLOC_013117	0.961965467367778	-1.49821800981347	0.832000912751117	0.338406855293909	0.770460796686887	-0.408853052821748	-2.31418188884852	-1.410258084586	-1.0609760849341	1.32548760530247	1.22247776657392	1.24168771702775
XLOC_013128	-0.331370779631848	0.0830805580171461	0.341402614658833	-0.206365727095297	0.121156504250528	-0.165409348357916	0.160420892633146	-0.311316654843718	0.379693895185726	-0.254466607419461	0.019573681694661	0.163600970908192
XLOC_013142	-0.0612700943637803	0.190853107761918	0.374406394292469	-0.520702334293097	-0.321676749694902	-0.27321372734659	-0.0346860817688039	-0.298797638269671	-0.307932936593181	0.752944727287241	0.0995257757014691	0.400549557286931
XLOC_013146	1.31780854506819	1.33547312807156	0.949951061277257	-0.0762177417525343	-1.95897656412858	-0.143640008706956	-0.374710857204901	-0.674180518645166	-0.666405464284689	0.768267414294039	-0.954196389635502	0.476827395647285
XLOC_013157	-1.68528440519752	0.104112285473885	-0.463556120251568	-0.377596703747093	-0.312067389954697	-0.37250665742325	0.414965716186476	0.21329574974202	-0.0312558833569874	0.690571803917988	0.985153936661805	0.834167667948939
XLOC_013160	-0.113348330002891	0.258653839662231	0.625387236265907	-1.33489726198189	-0.47264986723811	-1.13184105433628	0.830212886870218	0.58656803808753	1.13744787071123	0.189898207585101	-0.326665584165232	-0.248765981457811
XLOC_013168	0.108080753282421	-0.558549264011431	-0.845188657854759	0.279724191287592	0.749485342366572	1.47649837469524	0.0748610841737225	0.086155373411251	-0.916693475209079	-0.22974384099687	0.0459994982259042	-0.270629379370562
XLOC_013174	1.16929700142966	1.19642972980304	0.501306642558943	0.746601730057811	-1.65638014386633	-0.87175793494386	0.540325171631584	0.752436096716923	-0.461839511121303	-0.593771249459285	-0.778304255835366	-0.544343276971808
XLOC_013193	0.146149482017314	-0.127020072345472	-0.310660098480772	0.842838576752804	0.804998016781513	0.735740781930858	-1.04745133601911	-1.46760010616875	-0.846840588352837	0.443811416969927	0.554764879650454	0.27126904726407
XLOC_013194	0.125332374572356	0.143242375558435	-0.421876972808465	0.611462080551974	1.18452809341021	0.539382774785078	-1.05057538034008	-1.92801182038726	-0.745763441110647	-0.190368611423884	0.767577936083663	0.965070591108612
XLOC_013212	-0.480532446876382	0.0410682145855024	0.0324788271725591	0.100100741226679	-0.373968468728455	0.0274814744041301	0.259233657598607	0.448607060602148	0.476383547311395	-0.582414411192755	-0.0775242029892027	0.129086006885785
XLOC_013225	1.22257254784988	0.645956215810251	0.501012166503553	-2.24132674563134	-0.186456232110443	0.917431566458498	-0.00884896181615424	-0.385234927760662	-0.740205938324505	-0.0764280963688382	0.192630285079823	0.158898120309936
XLOC_013233	0.525068293284734	0.479600651352763	0.143535690159085	-0.276108345396372	-0.490851997124235	-0.469894091243496	-0.197523441099765	0.0350035674443561	-0.0155335522394662	0.296693074564995	-0.128196696441693	0.0982068467391013
XLOC_013249	1.90342677048693	-1.56581809363209	1.65741726048791	-1.56581809363209	-1.56581809363209	-1.56581809363209	0.573778999500155	-1.56581809363209	0.330182950896655	3.37529010605012	-1.56581809363209	1.55481247437079
XLOC_013271	-1.59880928855071	-1.59880928855071	-1.59880928855071	-1.59880928855071	0.304821483727364	3.22790033428394	0.540787804581535	5.08008309880736e-05	1.08906308165713	-1.59880928855071	1.30960165822044	1.52182127945217
XLOC_013278	-0.446620953710165	0.370759484113138	0.303426763227121	-0.681616865758522	-0.197434070872903	-0.857190649311326	0.751207676393559	0.329686085286697	0.581003920915724	0.035900309862539	-0.411234767806024	0.222113067660164
XLOC_013294	2.76520101454049	3.21554873152854	2.5011995283699	0.57597360588366	0.385316373048562	-0.296287110815344	-2.31135886931402	0.513841159485553	-0.415357824785273	-2.31135886931402	-2.31135886931402	-2.31135886931402
XLOC_013301	0.62065937380819	0.451486791700848	0.860262885899428	0.433345679950491	0.213047050529783	1.56022375806863	1.62283773494507	2.01650995171793	1.90203142925821	-4.12808518505329	-2.84336241227518	-2.70895705855011
XLOC_013303	-0.0157389569690114	-0.266920508131026	0.326537416372725	-0.348985612544254	-0.618150683489855	0.197896322428386	1.69817306619699	1.61464211725261	1.48502587113676	-1.03684286030112	-1.49010073437828	-1.54553543757392
XLOC_013309	-0.503687721876032	0.217514610199212	0.038283212057852	-0.603339464857282	-0.307433292956967	-0.466727014231953	0.576591610676649	0.575856621204375	0.643178887738143	0.112759854083924	-0.191614598968933	-0.0913827030689944
XLOC_013331	-1.15815070242798	-1.07078537750303	-1.07313759716475	0.903666991888485	1.44750041143311	0.771243993548858	-0.317733435509719	-0.965683806128145	-0.304774249290628	0.608871708909184	0.0219243359918115	1.1370577262528
XLOC_013356	-1.91244719540684	1.17803623704266	-0.287318933911693	0.157772290142185	1.66844004760411	0.912119797447455	-1.91244719540684	-1.91244719540684	-1.91244719540684	0.0774198882341675	2.44677144033113	1.49654801473734
XLOC_013358	0.093628967246536	0.40293236428534	0.283055564120739	0.433052796213868	0.899412087108191	0.551184967422994	-1.02356066610318	-0.780358914124953	-0.986211307766133	0.109650696153515	0.238108699795031	-0.220895254351946
XLOC_013368	-1.41228949539533	-0.212917526401586	-0.0689759618304349	-0.333309475219395	0.772319395164216	-0.614592844107578	-0.0612942712183813	-0.95522305609465	0.838589616285105	-0.0872205930033036	0.442099997395809	1.69281421442553
XLOC_013387	-0.037346087296303	-0.144062544173455	-0.0598601246032135	0.198341898330066	0.261873228518581	0.332973927277253	-0.174751651130507	0.252087784127008	0.0256225700999142	-0.273250036755373	-0.149427985657269	-0.232200978736696
XLOC_013389	0.329692690945027	-0.497277026665607	-0.29272185860794	0.585321981092726	0.059173264800604	0.664312097200488	-0.0422185513033515	0.255689199243278	-0.179792895039013	-0.685945915915556	0.0932767467253655	-0.289509732476023
XLOC_013395	0.0279075260877963	-0.210530282432703	-0.370174567890045	0.555213998887465	0.566387100143254	0.562102844792308	-0.809781691117502	-0.349576328676777	-0.866408220160588	0.497272929355093	0.411943906607036	-0.0143572155953287
XLOC_013399	0.207080759223549	-1.32383092943923	0.0889174828022794	0.287453451909866	0.792701552640708	0.0144509071639893	-0.422345726924744	-1.40072671638699	-0.253998081786491	0.517650834803428	0.897082160586932	0.595564305406698
XLOC_013403	-0.193021401911205	0.148013141703576	0.716368118505105	-0.602332012305417	-0.563366028531652	-0.819800342377633	0.391784485820033	-0.199930242169139	-0.357215940288928	0.406255614875048	0.399611701840962	0.673632904839248
XLOC_013417	0.737013044042474	1.67060909568123	0.385981024053597	-4.7164755192586	1.70957989443728	0.390468929210042	1.97271025408706	1.49386251257313	1.74455881823261	-1.02851722440825	-3.05231051953614	-1.30748030911442
XLOC_013423	-1.3025715523778	-0.0925321218387518	-0.643800528270775	-0.61317133699242	-0.521061626371378	0.079027491176908	-0.0968636622823356	-0.473249628226843	0.109783618892195	1.20189980104735	0.924073425263616	1.42846611998022
XLOC_013430	-0.113634931669971	-0.000546656418901392	-0.0205810850443982	-0.22300476856701	-0.0479077287226968	-0.126276783791573	0.161284830681195	-0.203406397834428	-0.0308552489784439	0.102216816844159	0.307365651688642	0.195346301813437
XLOC_013445	0.342261276240736	0.17980746824608	0.0968117176630434	-0.161486122182033	-0.292767518488041	-0.0602122802389031	0.5389836510074	-0.073161079026927	0.17159859540066	-1.12083105989564	0.102625685232924	0.276369666040695
XLOC_013448	-0.0145599688011444	0.577994213330919	-0.0586662501828403	-0.543516033069455	0.146619407804255	-0.542363810458546	-0.698357316502087	0.035530251492256	-0.383365164308783	0.301114413979936	0.30979999204122	0.869770264674269
XLOC_013468	-0.654463994735496	-0.654463994735496	-0.654463994735496	-0.654463994735496	-0.654463994735496	-0.654463994735496	-0.654463994735496	0.944396094646205	-0.654463994735496	-0.654463994735496	1.00970100498697	3.93607885298629
XLOC_013503	-1.59455834966529	-0.260627852464175	-0.205369364604808	-0.586184517813852	0.695232903466959	-0.58017873042863	0.081884620223649	-0.277006276050953	0.470355001255244	0.494338434193956	0.678288584778755	1.08382554710913
XLOC_013507	0.554842264790865	0.0871846563937702	0.766087607013337	-0.744963895567323	-0.756142995669244	-0.370690917368382	0.526610216774065	0.583766795506673	0.375769072528808	-0.107756766223624	-0.906838464098333	-0.00786757408061511
XLOC_013512	-0.172175857830531	-0.128979963118903	-0.238509295485299	-0.233210209841211	0.114342461775895	-0.251043288026123	0.178569127276212	0.54644426064427	0.186300416930248	0.143298967859856	0.0776640709508349	-0.222700691135245
XLOC_013517	-0.00923285304993282	0.146034085797079	-0.656070318797862	0.765874584270938	0.107478529655197	0.56178368812195	-0.3824853213906	0.000299659009050934	0.406713788398099	-0.723872427323282	-0.39523554023879	0.178712125548157
XLOC_013532	-0.331796750221361	-0.171127113488541	-0.0231592582340365	0.398560819747845	0.3980893491089	0.576032111752876	-0.435502871704037	-0.595726070226923	-0.361596194402677	0.149777667087652	-0.123427202361623	0.519875512941923
XLOC_013535	-0.931131597589977	0.169305038323948	0.325040519682934	-0.426762977328716	0.313891539660178	-0.449461175219245	-0.005627787641453	-0.0597639625465138	0.428040590754499	-0.024993105320835	0.125102010894567	0.536360906330614
XLOC_013536	0.113483604075762	-0.212915691618276	-0.228915845171366	0.430798416870303	0.158649741085224	0.445629494795568	0.10989898892409	0.137718200586672	-0.128252651205525	-0.349434802989695	-0.0287197406428881	-0.447939714709863
XLOC_013552	-0.318720452695638	0.0733689688061006	0.0980676659287276	-0.0999539875836906	-0.123960094487288	0.224727757745512	0.173972106735649	0.122676540533252	0.160674886405989	0.24000960586041	-0.154031393286628	-0.396831603962398
XLOC_013562	-0.255754556870209	0.496602027719827	0.622834967154817	-0.236941424120824	0.18663309151749	-0.186263972048682	-0.258342553137189	-0.0660189971714544	0.380205804932074	-0.652308028289831	0.123546374715381	-0.154192734401397
XLOC_013574	0.0292106333092654	-0.378034800220445	-0.368731967345417	0.538165744477324	0.693431515609101	0.569597255291649	-0.780844039762809	-0.215833050263184	-0.643039170169212	0.169813856318919	0.347308710011534	0.0389553127432691
XLOC_013582	-1.73027037861954	-0.946102511491234	-0.361417652583834	-0.236978328544833	0.504365601808472	0.338887875216959	-1.71315701578229	0.0878967422019992	-0.455445327980027	1.91034624716386	1.14780388499304	1.45407086361742
XLOC_013585	-2.27567522014832	0.0158383022161166	0.19326404487731	-0.978275994507682	0.430988494909373	-0.952149012076625	0.193847068314502	-0.134945698960079	0.911946661616629	1.14941547089512	0.389042915741713	1.05670296712195
XLOC_013589	-1.22276655121908	1.50805811495553	-1.22276655121908	-1.22276655121908	-1.22276655121908	-1.22276655121908	0.916830541913166	-1.22276655121908	-1.22276655121908	1.57300206770293	1.19369883745924	3.36777629650271
XLOC_013596	-1.68892165501077	-0.489549686017028	-2.29937049341884	0.141737976384827	0.961573053317603	0.792305080488105	0.722240939253996	0.534651837086923	-0.832445340167959	0.609913832349024	0.738371835990541	0.80949261974358
XLOC_013597	-0.0807610263496441	-0.699360975643114	-0.349723869715249	0.000290767073948039	-0.608993835955167	0.188297524051043	1.03752525271639	0.623804559595851	0.249574347779266	0.375183158279423	0.0432154688691044	-0.779051370701861
XLOC_013598	0.0880667428827735	0.160724641116718	-0.467281586004101	0.383366097377235	-0.58552633121356	0.286410351627326	1.26006602047072	0.398180634889994	0.55199721458737	-0.950169674907797	-0.919361316896802	-0.206472793929875
XLOC_013616	0.418775074730235	0.915295246818593	0.194803759115649	-2.17518818563091	-2.17518818563091	-2.17518818563091	1.99729679739604	0.163402184925036	1.94008242064578	-2.17518818563091	1.39120012505196	1.67989713384036
XLOC_013617	-1.52487620966705	-1.52487620966705	-1.52487620966705	2.26151338498707	1.17179903269553	-1.52487620966705	-0.0902096433736315	0.813714160888892	-1.52487620966705	0.464990873973953	2.97930030659313	0.0232729325703269
XLOC_013624	-0.030791341016096	-0.417569132886624	-0.238959338385035	0.178322649377026	0.453975398383053	0.473830734058577	-0.38315169450216	-1.42145592981275	-0.199763012872312	0.710967300985598	0.699761970670544	0.174832396000173
XLOC_013656	0.437070455338031	0.251972338851276	0.262054375827489	0.111944011677366	0.368500471933867	0.174770322287614	-0.0922729649140344	-0.16951663236827	-0.0177245099626884	-0.401201746479916	-0.376888639107975	-0.548707483082756
XLOC_013679	-0.691347686493384	0.161749062803252	-0.0705641241972073	-0.0692300658363552	0.191672899452543	-0.542550963446615	0.334223872629209	-0.486849039866134	0.332479956835424	0.163899063159215	-0.0135588376703657	0.69007586263042
XLOC_013681	-0.0234925783174198	-0.279562710352062	-0.305322613732505	0.78999882655625	0.510169777655388	0.472856490611237	-0.707610529171059	-0.814119475682922	-0.6759436279421	0.496451195462511	0.325516126437384	0.211059118475301
XLOC_013683	-0.294672509983027	-0.186018086035592	-0.254793557038161	0.325020681187164	0.587102551053773	0.53028075847361	-0.92594479824238	-0.890060024374534	-0.627073710534662	0.7165825805699	0.687307929520749	0.332268185403153
XLOC_013693	0.842032172059462	0.896904447309392	0.354991905323227	0.387404548488515	0.411987561469119	0.224832024407645	-1.83046118934514	-0.344029652218968	0.0680056379206473	-0.122063483795947	-0.561782475240759	-0.327821496377201
XLOC_013706	-1.63401791745298	-1.63401791745298	-1.63401791745298	-1.63401791745298	0.269612854825094	0.381053841045694	-0.19935135115956	-0.0351578280712819	1.56218395466899	0.355849166188025	1.64057193896613	2.56130909334884
XLOC_013715	1.26428672748366	-0.550781863090428	-0.550781863090428	-0.550781863090428	-0.550781863090428	-0.550781863090428	-0.550781863090428	-0.550781863090428	-0.550781863090428	4.24353190342062	-0.550781863090428	-0.550781863090428
XLOC_013726	0.0518459834313241	0.727831591140754	1.0704420892118	-2.1528437558929	-0.730034984469898	-0.0154445323045138	1.03201256721925	0.871312394509818	0.988898500939384	-0.362340040508106	-1.36057998899122	-0.121099824285697
XLOC_013727	0.889169902660378	1.49143123242219	0.923762826696737	-1.97555624471378	-2.95925794763338	-1.14392139221176	1.01751873847233	1.38645334914509	0.929868851684597	-0.627770585099936	0.4607456369987	-0.392444368421161
XLOC_013780	1.09668397189477	1.25214132818866	1.34165363522248	-0.751405279082632	-1.34663783692901	-0.113751134659626	1.2606868361586	1.40662579434952	1.09047881176648	-2.25141479904391	-1.68146531627254	-1.3035960115928
XLOC_013789	0.720230697837969	1.15579255259235	-1.09483789273612	-1.09483789273612	-1.09483789273612	-1.09483789273612	2.93450750804691	0.504022196645583	0.80116315179263	-1.09483789273612	-1.09483789273612	0.453311249501263
XLOC_013798	0.420697020863252	0.299139697540551	0.036820514148447	-0.0544060247983769	-0.210791804297629	-0.334336300270214	0.453136073339512	0.347696156647503	0.0586915109912773	0.0225425764378135	-0.605456613493512	-0.433732807108625
XLOC_013810	0.877918874880192	0.783247394347793	0.685252929253381	-0.4962371641644	-0.857112449638322	-0.179522462291132	0.735839125722762	1.07579545725881	0.620452716509454	-1.50093715999003	-0.768526588786768	-0.976170673101749
XLOC_013814	-1.27471844664606	0.579617154620816	0.166438660379398	0.209060775827638	0.25384701316379	-0.565035991953519	-0.751927546998036	-0.502235786521565	-0.676915140142089	0.893855530265202	0.507743566305138	1.16027021169929
XLOC_013838	0.64512828874933	0.571191019399306	0.266441461764472	-0.0837987509522131	-0.00799057687123117	0.140440483633316	-0.0503849491689241	-0.0493820241150686	0.335659505885691	-0.634639789273823	-0.481363076793676	-0.651301592257174
XLOC_013848	-1.28660137493612	0.146595417778371	-0.238926649015927	1.03999740483933	0.751499477301944	0.749571895575887	-0.629366541042282	0.0980074904698851	-0.936214440423157	0.0228510137445666	0.9946366203534	-0.7120503146459
XLOC_013869	0.233150354225673	0.742719649096049	0.631806716306613	-0.147507668579221	-0.030987039107977	-0.258825620624776	-0.32985517046717	-0.443916365922071	-0.293650370255392	-0.179191296819642	-0.110550517926336	0.186807330074245
XLOC_013905	0.311281385355162	0.627406584501305	0.390641128880048	-0.041001496625392	-0.0325792117560786	-0.199225135357577	-0.532911445848086	-0.429517938712799	-0.0607929973085932	0.135626151540629	-0.0806065217791714	-0.0883205028894514
XLOC_013910	-1.43775964342352	-1.43775964342352	-1.43775964342352	1.96803082594264	0.465871128854557	1.90223575889667	1.17331697977488	0.900830727132427	-1.43775964342352	0.552107440217487	0.226405356298942	-1.43775964342352
XLOC_013914	-0.329221027040461	0.0894455700429964	-0.735367307090668	0.504970106625994	0.259990674954028	0.336828670656372	0.0362797432018267	0.579855028282465	0.0208316338681858	-0.688271631915452	0.0373334611346587	-0.112674922719949
XLOC_013926	-0.243398300913991	-0.18098506743613	-0.549416162663285	1.16323536164982	0.637870479699963	1.00250134392901	-0.296373123914658	-0.205197383469523	-0.0973060966110406	-0.79634353160081	0.192733752216784	-0.62732127088614
XLOC_013937	0.596724214951974	0.232168245509847	-0.321750972839628	-1.03473148419063	-1.46553212809371	-1.35498688322777	1.11579228362862	0.590064568709861	0.310741043926317	0.458919677531757	0.574967121775925	0.297624312317453
XLOC_013939	0.181724085193867	-0.0101813144341936	0.233451354387226	-0.330918434044159	-0.206203967527346	-0.225729136753804	0.446715232540001	0.598801096387412	0.329825987858062	-0.32591606958769	-0.440022560268281	-0.251546273751085
XLOC_013967	-1.97644876539135	1.4016823620981	1.24678658872866	-1.97644876539135	-1.97644876539135	-1.97644876539135	1.51144771381041	0.3621416051646	0.711423604816496	0.0134183182496614	0.440016623286977	2.21887824541048
XLOC_013969	0.233308414617271	0.198464397355512	-0.405758959421477	-0.644009155585876	-0.334212310445821	-0.0206575197547147	0.21657998900187	0.388623569801285	0.639319875460767	-0.220253729336547	-0.152292434875206	0.100887863182941
XLOC_013980	0.187612924563568	-0.58037152570156	-0.131810248944369	0.577788735847679	0.907038549828784	0.97528053344777	-0.522776741757866	-1.06376437637456	-0.355138028994424	-0.388406582055743	0.455931315799717	-0.0613845556589965
XLOC_013983	1.53116007888303	1.51598999484349	1.2438797989213	-0.716846550564946	-0.934800692655572	-0.245484170005799	-0.725799375174809	-0.161083811015629	-0.854019870651401	-0.644163413409131	0.227538896092698	-0.236370885263239
XLOC_013994	0.0540760005786201	-0.00744906493902242	-0.0476538652883782	-0.420127371343449	0.224702048298955	-0.199907093385189	0.0288897418881469	-0.297019745321672	0.219295829442807	0.151063802859722	0.128984251622182	0.165145465587273
XLOC_013996	0.60110639857657	1.22901812947682	0.80608918515532	-0.323317929279024	-2.20607675165507	-0.390740196233446	1.54543874249577	1.52537525443597	2.43782520226529	-2.11984044029214	-0.543319213250284	-2.56155838169577
XLOC_014008	0.349140921506088	-1.465927669068	-1.465927669068	-1.465927669068	1.23074757329458	1.87406773325219	-1.465927669068	-1.465927669068	-1.465927669068	1.32984094985401	1.44248327770316	2.56928555879796
XLOC_014020	-0.79838088658888	-0.0735696082975208	-0.215683358189512	0.197475097048108	0.127440655377307	-0.374168440453441	-0.596723183461036	-0.348781421130542	-0.0866223306344249	0.973101328963051	0.63251217088292	0.563399976483972
XLOC_014026	0.0908452165305267	-0.379094460448945	-0.705924073779933	0.742362742208346	0.466428603513624	0.64311623322317	-0.69948599910566	-0.610341036214391	-0.525348641399242	0.244513803458969	0.403341886711514	0.329585725302016
XLOC_014032	-0.671274426371061	0.352615903785767	-0.895245741985646	0.140552782633951	-0.059750377532791	-0.440670693877911	2.00043722199805	1.5096806447575	2.78620753692211	-3.26523768673221	-1.60107268700974	0.143757523411976
XLOC_014034	-1.72881704467005	0.279472950143134	1.26867276243978	1.18925561979737	0.0370016077668085	1.28282398759051	0.988532466251903	-0.718685606444565	0.781835543717696	-0.234125608415127	-1.87972063552168	-1.26624604265578
XLOC_014036	3.51149556729402	-0.89110230182968	-0.89110230182968	-0.89110230182968	-0.89110230182968	-0.89110230182968	-0.89110230182968	0.707757787552021	1.00489874269907	1.90466631709233	-0.89110230182968	-0.89110230182968
XLOC_014044	0.744786101457602	0.674876136696995	0.204562661715129	0.161838196933503	0.415044002566145	0.288438867468339	-0.613031148194378	-0.0742277710963553	-0.496016900094141	-0.689687519998396	-0.376655487406932	-0.239927140047508
XLOC_014046	0.566495059786037	0.308490382326005	0.350945089017529	0.545827736784663	0.410009787117861	0.159914451252814	-0.600488673361648	0.0589139791605344	-0.283756931571736	-0.600260895797429	-0.381689702855216	-0.53440028185941
XLOC_014061	1.34221402686903	-0.601236818012278	1.38689939640823	2.77000194224887	1.07845647194943	-0.111959078751308	0.484045785948412	-0.528170747868284	0.560841532957857	-2.12703083724998	-2.12703083724998	-2.12703083724998
XLOC_014077	1.79086957308376	1.26675765774729	1.23258910752351	-0.912005637299367	0.510803134123632	0.508913516169127	-0.447374307371492	-0.0501593571280745	0.191548443873216	-1.52202748774351	-1.9013307179872	-0.668583924990899
XLOC_014078	0.982370131471394	0.56390302172135	0.652375424534281	-0.459638179413092	0.143038682510822	0.291025357494329	0.0615935610957408	-0.0255041476571778	-0.114797264531271	-1.18238712342553	-0.307278862781335	-0.604700601019517
XLOC_014088	-0.065490671138039	0.0164666531529454	0.0366081725941321	-0.604377147124405	-0.477691003485064	-0.119699950513273	0.524304247174348	0.519079011828335	0.12136356705582	0.284037634723338	-0.185978488928709	-0.0486220253394283
XLOC_014089	0.263693268565516	0.049150814098458	0.0781768528267568	0.0143832280743474	-0.274864865424041	-0.0579016524704405	0.430775222621056	0.599993896234422	0.481220933859388	-0.86559957802343	-0.163767466616814	-0.555260653745224
XLOC_014092	1.79153108021327	1.01307117269568	1.45068241563148	-0.483354786055375	-0.0400305873776157	-1.26059122355547	0.47287790666199	0.559045311546659	-0.141169432494698	-0.586424539280024	-1.71854893051396	-1.05708838747194
XLOC_014116	-1.22648264240364	-1.44293903691903	-0.178436999900002	0.576002193399666	0.426001856975326	0.18822268026654	-0.18047121855623	-0.568075386086139	0.0311720243436113	1.38593566053699	0.22327589986875	0.765794968474161
XLOC_014119	-0.788072612394075	-0.763893559144224	-0.930036138948712	0.817962226057454	0.240765663381204	0.246318688555905	0.406912130151705	0.366365915546437	0.359605968446921	-0.435088136129663	0.550254480088337	-0.0710946256112912
XLOC_014120	0.586685489058572	0.643523727268684	0.555986064929675	-1.17049483403247	-0.431248336337019	-0.788255095314999	-0.182495516177592	-0.192910078500709	-0.021743078943457	-0.116688627031588	0.553522252111383	0.564118032969519
XLOC_014121	0.667710378099409	0.851249861863577	0.821388819473359	-0.497638157092117	-0.402832409234511	-0.509054647233107	-0.604790142323626	-0.241025309670352	-0.190999250753617	-0.00553158841167978	-0.148353132146896	0.259875577429566
XLOC_014122	-1.33617697727291	-2.37023598286202	-2.73106870429008	0.513430822679919	0.552793105641932	0.77664036039988	0.0992875744266719	0.647265914595875	0.285302657430906	1.52940500219794	1.12305953135699	0.910296695694895
XLOC_014145	0.316696461409072	-0.0826943173471637	0.363459151375694	-0.68011093834847	-0.880414098515212	-0.366934080014923	0.644622975025911	-1.74731103715868	-0.21711309671397	1.11039277703632	0.54998704782479	0.989419155426635
XLOC_014146	-0.0632398183316338	-0.624955989626418	0.383975064700687	-0.29208966116834	-0.292539990634964	-2.6130913214952	-0.0957449784978399	0.677503074912258	-1.05682278713802	1.13991727148494	1.63722516416166	1.19986397163289
XLOC_014162	-0.173450178600033	-1.13488664911691	-0.222297030395905	-0.589868855189417	-0.309494498695218	-0.474972225286732	1.14070541524946	0.496989038884749	0.852894549843159	1.15233259172535	-0.0703027704244281	-0.667649387994074
XLOC_014199	-3.35790786114608	-3.35790786114608	-3.35790786114608	-3.35790786114608	0.222979381864864	1.46880176168857	2.14299124877546	-0.169481043384589	1.71513207687412	3.39687470496854	1.80030007918281	2.85403323461457
XLOC_014211	-1.04643966562045	-0.0485557055028654	-0.0593451755072278	0.633391040533178	0.563154130165319	0.096736808110629	-0.571709280666381	-0.591772768726179	-0.937561522171947	0.87865954807986	0.332021371278898	0.751421220027163
XLOC_014212	-1.03662535020895	-0.0986582198450829	-0.146409964113296	0.135424211236695	-0.583575105685356	-0.294167160639339	-0.47583789191918	-0.460595694376116	-0.148673216445838	1.07351529129287	0.768193444198416	1.26740965650519
XLOC_014234	-1.04485533893764	-1.04485533893764	-1.04485533893764	-1.04485533893764	1.65181990342494	0.970216419561037	3.12762964408931	-1.04485533893764	-1.04485533893764	0.945011744703367	0.619309660784822	-1.04485533893764
XLOC_014249	-0.425134542956753	0.137556626264244	0.000108437797468497	-0.122960912415746	0.100831673384338	-0.202857509783174	0.497991387705914	0.183214498921679	0.388636454274774	-0.00408924215911988	-0.501071474306892	-0.0522253967267226
XLOC_014252	1.96138911271239	1.6405574816632	1.23699730904518	-1.42151748616738	-0.989463544774401	-0.845651282405588	1.42110177054348	1.60990608314012	0.542672427051086	-1.06224831569537	-2.23418294018412	-1.85956061492861
XLOC_014253	1.72217291634284	1.9507513987405	1.39385851984311	-1.33652844983286	-0.801609397447185	-0.77780888565917	0.756004086691635	0.904037893248257	0.783519305855763	-1.43822885321996	-2.07576952567954	-1.0803990088834
XLOC_014274	0.894884823860599	1.39140499594896	2.60559815364554	1.70671203286561	-1.69907843650055	1.64091696581965	-1.69907843650055	-1.69907843650055	-1.69907843650055	0.290788647140461	-0.0349134367780839	-1.69907843650055
XLOC_014280	0.512537355430986	0.144782279894232	0.70118218914277	-0.653603792882991	-0.736301597401664	0.17991926364666	0.549019503241929	0.626533349242033	0.164121879615448	-0.501487561038909	-0.726455524073992	-0.260247344816499
XLOC_014292	-0.227120094214084	-0.0663429250003942	0.240765305203253	0.19619450640068	-0.861067557226012	-0.000331163311011906	0.0719890618189405	-0.810727439902546	0.376475717509886	0.276727389549954	0.246579272773134	0.556857926398203
XLOC_014310	2.31802718034468	0.34899414079031	-0.276508043043014	-1.90163630453816	-1.90163630453816	-1.90163630453816	0.237960788594087	-1.90163630453816	-0.00563526000941272	1.40812372229085	1.006774642233	2.56880804695214
XLOC_014314	-0.342145034951912	-0.463589352064231	-0.433195470120475	0.725757214367375	0.328157972822279	0.705234228395668	-0.182385399109869	0.167248519925494	-0.0885680634281272	-0.139510344086547	-0.0090164853451018	-0.267987786404548
XLOC_014333	1.69662188641254	3.37111544513292	3.30097868907569	-1.40036749285621	-1.40036749285621	-1.40036749285621	-1.40036749285621	0.938222877699741	0.495633551672542	-1.40036749285621	-1.40036749285621	-1.40036749285621
XLOC_014334	3.46990247658087	3.37274767743291	4.71401856018875	-1.49474108430347	-1.49474108430347	-1.49474108430347	-1.49474108430347	-1.49474108430347	0.401259960225273	-1.49474108430347	-1.49474108430347	-1.49474108430347
XLOC_014364	0.832818064606766	0.284926687035382	-0.304747295337436	0.303766834582735	-1.0743828500742	0.902896474463312	-0.430324351355702	-0.971300300346681	-1.52651844792365	0.79621878936108	0.619315402403227	0.56733099258517
XLOC_014383	0.11199905622971	-0.481337041603497	-0.293590284039952	0.45084318522356	-0.186047519733876	0.312746603077638	-0.848057284413422	-0.928669743367106	-0.745605787120784	1.02987896139236	0.746262606565292	0.831577247790086
XLOC_014431	0.674182969981185	2.47696796992507	0.484242640902244	-1.1408856205929	-1.1408856205929	-1.1408856205929	-1.1408856205929	2.04754119716859	0.755115423935845	-1.1408856205929	-1.1408856205929	0.407263521644479
XLOC_014455	0.565351469698494	-1.40368156985588	0.650364574961731	1.38986593772252	0.224187290090816	2.06580690298474	2.74582823558638	2.38853693022106	2.33667627414318	-3.65431201518435	-3.65431201518435	-3.65431201518435
XLOC_014457	-1.61859067693412	-0.0555281400187542	-0.574863241797249	0.653596042927648	0.691430731561718	1.67328518096044	2.4878715263902	1.87200688739794	1.51773740867331	-1.4437921838672	-1.76949426778574	-3.4336592675082
XLOC_014458	-0.09617757370125	-0.692778518547553	0.525353739719255	1.68323255400466	1.9063572759987	2.29717439996324	2.4996045973426	2.1784831974676	2.52514638667993	-5.46426145653668	-1.89787314585381	-5.46426145653668
XLOC_014461	0.469200684545124	0.320243602934925	0.383933296182148	0.479766412914286	-0.545766534425176	0.468496206072579	0.568987931761543	0.654468764770177	0.424128702579814	-0.94680465016467	-1.23694190041553	-1.03971251675522
XLOC_014467	-1.15533451569229	3.00776747605397	2.06790083842771	-1.15533451569229	-1.15533451569229	-1.15533451569229	0.279332050601129	0.443525573689407	0.740666528836454	-1.15533451569229	-1.15533451569229	0.392814626545088
XLOC_014484	1.03453689828237	0.656175855282134	1.0372784162854	0.30450505123433	-0.497989631002179	0.744376300524287	0.186415137406599	0.397647016140331	0.631642059226974	-1.37107988776962	-1.68834375683439	-1.43516345877624
XLOC_014485	1.15147136024733	0.628136416354203	0.499173023920546	0.595148028406932	-0.528915169962388	0.67625224424161	0.160172649844004	0.444133186612373	0.636280272662964	-1.05746742402235	-1.7205189633322	-1.48386562497304
XLOC_014487	0.973724578012483	0.955812184729128	1.12036050193674	-2.36760200883021	-0.335117746818664	-1.48124290897048	0.370559940150133	0.508286306300971	0.67248881788499	-0.278373039997814	0.104019599108138	-0.242916223505411
XLOC_014492	-0.250593521733511	0.271243945819019	0.248215514967563	-0.156529279142876	-0.42840943275289	-0.624920534449701	0.243925484719337	0.172347399841531	0.193473430479608	0.0278905860628198	0.00898809721759442	0.29436830897151
XLOC_014501	-0.268208847284498	0.59902501883982	0.394236251116024	-0.531637948429077	0.316223093948484	-0.877365884055081	-0.717693076825523	-0.876652000889072	-0.104279940429437	1.16316487622364	0.362668473619021	0.540519984165688
XLOC_014511	-0.117886285502469	-0.200498320182534	0.133784477392289	-0.159288379584458	-0.900964517837617	-0.231225917310255	0.181222870530555	-0.267502726657761	0.260169877253446	0.698532506358982	0.247817129601479	0.355839285938343
XLOC_014531	-0.89036084490753	-0.152521882799761	-0.00756778647817402	-0.376883074748871	0.286512999835555	-0.631435906966922	-0.577606228294334	-0.231953588590025	-0.437805982231204	1.33603528031747	0.619615640175456	1.06397137468834
XLOC_014534	0.275126282279808	-0.415254939196916	-0.0265670936981293	0.648447210362238	0.935351755349086	0.345204692136354	-0.713147322405563	-1.36386321607245	-0.542109557135037	0.448303399301124	0.342857216761807	0.0656515723176767
XLOC_014536	0.354509865099539	0.174838944797533	0.116387337207929	0.369357663270451	0.227990577266406	0.0770362401389297	-0.339402227375954	-0.0206537301144225	0.0104339876079189	-0.216020463738751	-0.226480169489673	-0.527998024669907
XLOC_014537	0.491771148745418	0.332999364232694	0.271267783567016	-0.616505449784345	-0.381630483662995	-1.35978526381293	0.637289778608926	0.517334152928338	0.536337242217753	-0.491192491504104	0.182661419191482	-0.120547200727255
XLOC_014539	0.572820989355402	0.0262770281665228	0.191336083889742	-0.361006481428066	-0.73655206008331	-1.38530369030419	0.695387701684353	0.798686930490137	0.80042752127741	-1.10119540377755	0.632717036973887	-0.133595656244344
XLOC_014594	0.0871319507231982	-0.189084090635372	0.535957712004142	-1.39004589545614	-0.927835268247102	-0.172715550879746	0.680400427545725	0.306759469271228	0.29257029133601	0.111392735646899	0.468512499137274	0.196955719553887
XLOC_014604	-1.57666663609514	-0.0508726168574321	1.28212938961582	-1.57666663609514	-1.57666663609514	-1.57666663609514	1.03440998710326	-1.57666663609514	2.29212167490552	0.413200447545868	0.839798752583184	2.07254554557948
XLOC_014623	-0.238395454772218	-0.289606895180524	-0.281495016160561	-0.324374481204635	0.089969362691483	0.104578648880305	0.156964057998715	0.458291331939377	0.519232746684528	0.205817002479324	-0.182954137534843	-0.218027165820952
XLOC_014632	0.53156234461836	-0.0436835407852723	0.1689841939723	1.06938258162481	0.622724183775845	0.390061053021117	-0.559921049336733	-0.110687947260499	-1.10870946819557	-0.411317596898912	0.0215816869567078	-0.569976441492157
XLOC_014633	0.384016633956488	0.0579493293639741	0.786115751274065	-0.838736206166751	-0.515087400978238	-1.34628322941466	1.19260226489309	1.21851778621444	1.12817272014405	-0.608538823273189	-0.783805650728067	-0.674923175285202
XLOC_014634	-0.0551190499159473	-0.106652345931739	0.145521885943948	-0.363765607555377	-0.287957433474396	-0.231658910464881	0.587693819288305	0.461033924070981	0.995743279396112	0.109936281566024	-0.916272986378089	-0.338502856544936
XLOC_014653	-0.9816078216707	-0.9816078216707	-0.9816078216707	-0.9816078216707	-0.9816078216707	-0.9816078216707	0.453058744622723	0.617252267711001	-0.9816078216707	1.00825926197031	1.43485756700762	3.35782691038324
XLOC_014666	0.623694241249077	0.978773047693185	0.791715161388575	-0.709135593806284	0.110699483126492	-0.667551162350226	-0.563448417629682	-0.562460366277762	-0.147136463915601	-0.498709160375652	-0.112501734200571	0.756060965098452
XLOC_014681	0.123917998057643	-0.0692426248375728	-0.696876977749316	1.25075688871247	0.732352966602658	0.793643244726332	-0.538028293462488	0.605854160216446	0.232314375193502	-1.15276726797635	-1.03174175437842	-0.250182715104909
XLOC_014689	0.556625877312168	0.639497376253164	0.362101171230759	0.358711322698763	0.029289605302421	-0.22714470854356	0.69565500109021	0.17583723333869	0.666269644421247	-0.60732985047035	-1.24487052292993	-1.40464214970359
XLOC_014690	-0.0398594742322373	0.28780437735627	1.17145652490922	-0.383278103045246	0.456659171342606	0.761281651349767	0.437751053541549	0.736905283238505	0.360898793543352	-1.4284610632364	-1.09982417615191	-1.26133403861548
XLOC_014691	1.33920787115026	0.185858851894726	0.125370755182816	0.803783437137862	0.354713645881062	0.227500956328841	0.22722678814293	0.684723145211122	-0.399820372976563	-2.42259626462628	-0.247038661832429	-0.878930151494349
XLOC_014715	0.509567707240057	0.339079567481334	0.61113981504329	0.233476131740817	0.591449770422204	0.275587307747435	-0.847656823995187	-0.601425324415352	-0.570686895828395	0.186574838686048	-0.507128098290525	-0.219977995831729
XLOC_014722	0.44427223485021	0.00198432739520271	0.192472676716578	0.10513543005704	-0.162115020453717	0.563589695635311	-0.160803244905404	0.0910851549171952	-0.105581074019749	-0.513995092012994	-0.155239145826906	-0.300805942352763
XLOC_014729	1.2411142764988	1.32878727806344	1.05297090510729	-0.838046427936696	-0.655431716357119	-0.342138036760803	0.0144406664912236	0.19181281829491	0.221272997466912	-0.357250164607155	-0.951579712323435	-0.905952883937363
XLOC_014739	-1.76300533397696	-1.76300533397696	-1.76300533397696	0.307214151572065	-1.76300533397696	0.252066424521718	0.376591759155289	0.575585036578987	1.43319653814501	1.54675469285205	2.04597847447132	0.514634258611399
XLOC_014742	5.98176907233364	6.03798726281774	5.71890394438776	-2.63076505801016	-2.63076505801016	-2.63076505801016	0.619587814334298	-2.63076505801016	0.0571073121976822	-2.63076505801016	-2.63076505801016	-2.63076505801016
XLOC_014743	0.900713231613031	0.755619663853571	0.673539383918479	-0.253122782475899	-0.360292835240086	-0.0777582677602453	0.678004545468719	0.787438177555012	0.643733003122952	-1.10170616317118	-1.13456792828382	-1.51160002860053
XLOC_014745	0.734252015392016	0.065102105689185	0.261529678207392	0.20158338304077	-0.514173109263165	0.38367297406046	0.09290248207434	0.647015572423308	0.610322055363872	-0.820396516737139	-0.443689324821458	-1.21812131542959
XLOC_014761	-0.140930513161758	-0.159329043726189	0.147188135282776	0.0633124125343283	-0.258922218314411	0.194642058316602	0.743926167468426	0.532716996912025	0.617369763614401	-1.10877886832915	-0.290362110568665	-0.340832780028381
XLOC_014763	-0.0925565945841473	-0.114084652586874	-0.418515244194805	-0.142545441057937	0.423373332215042	0.285506041029491	0.365321754137131	0.157477250991625	0.537275385081005	-0.105178921844916	-0.304420009588947	-0.591652899596669
XLOC_014766	-0.972048024378233	-0.972048024378233	1.39794392036833	-0.972048024378233	-0.972048024378233	-0.972048024378233	1.16754906875401	-0.972048024378233	-0.972048024378233	1.82372059454378	3.38717061135974	-0.972048024378233
XLOC_014794	1.28570641137041	1.35743202499935	0.879560131320202	-0.622371024113574	-1.64090449833726	-0.692694180777774	0.880736447158311	1.07103299184175	0.408487958810519	-1.83144550876207	-0.6514575130387	-0.444083240471163
XLOC_014797	0.280081005353726	0.163238588667645	0.223851977285073	-0.173732083430794	-0.323186293180886	-0.528731764407561	0.569135414897413	0.748727613461515	0.550949542914153	-0.561974385574129	-0.403052715108898	-0.545306900877254
XLOC_014798	0.0211574464189486	0.233281452167438	-0.00620273025954443	-0.0653599126441824	0.193506324029234	0.92108107324093	0.0236898891770023	0.342438386438534	0.4600244928681	-0.31942788185152	-0.418086206175098	-1.38610233340984
XLOC_014807	-1.35678761181447	0.369341740094137	0.125764914716403	-1.02239201385644	0.90923142081836	-0.399040378025274	0.20004293046973	-0.687903921141936	0.168919880157536	1.16149979490607	-0.202131753210741	0.733454996886622
XLOC_014813	1.2775418565523	0.832836824028182	0.526238846476179	-0.828547135549582	-0.476187758830518	-0.426859248579313	-0.81264433665534	-0.297778923859436	-0.799685150436249	0.417701242753274	-0.143085118490617	0.730468902591117
XLOC_014814	-1.97497326645204	-1.45410905520282	-0.0598245010262204	0.340603008356185	0.324574683905142	0.805738363715728	-0.769265376356579	-0.964917000074045	-0.399744298161617	1.16261724042376	1.48691427265341	1.50238592821909
XLOC_014815	-0.883151544910527	-1.748653490828	-1.07353468520966	0.941819371624786	1.2149287417412	0.924596062973702	-1.68674594120023	-1.75344005251001	-0.36582510028645	1.88665611582836	1.21504516744851	1.32830535532831
XLOC_014816	0.158204109590282	-0.551616156509574	0.137261190143401	-0.293950017466936	-1.25823142362264	-0.252365586010878	1.79771932323791	1.39256066584265	1.88121024682997	-0.652746313299341	-1.23463587724358	-1.12341016149126
XLOC_014817	1.12880650096477	-0.39110016543085	-0.104841598086798	-0.218128738351578	-0.0348929053482898	-0.0756137343536656	1.32620530120667	1.29912248414814	1.61104496207841	-1.7584335382551	-0.987813846494253	-1.79435472207745
XLOC_014821	4.75928553056823	4.89861592844485	5.25202983905857	-2.0458246844146	-0.142193912136527	-2.0458246844146	-2.0458246844146	-0.446964595032902	-2.0458246844146	-2.0458246844146	-2.0458246844146	-2.0458246844146
XLOC_014825	-1.60993091455641	-0.936922371652408	-0.187371552856946	0.716667865219033	0.906199971039433	0.892911661110765	-1.34546918553711	0.835523445511592	-0.702596238760968	0.611871309899873	0.890573657835399	-0.0714576472522497
XLOC_014827	2.15252821556122	1.1184692099721	0.0127728052926346	-1.61235545620251	-1.61235545620251	-1.61235545620251	-1.61235545620251	2.93110135388646	-1.61235545620251	0.377511627438495	0.804109932475811	0.665284136385846
XLOC_014839	-0.193737258232085	-0.283966119749641	-0.374360513482049	0.612048220720055	0.456669849413656	0.708033768699936	-0.333461655559395	0.176579239878802	-0.133526027210754	-0.311962133141884	-0.0774074438558436	-0.244909927480798
XLOC_014858	-0.733141359346384	0.236644194831207	-0.044123616427953	-0.4918932720963	0.19033803896254	-0.52966226775795	0.11979940300836	0.189798939508678	0.338723083588431	0.229645176752594	0.299543458504676	0.194328220472101
XLOC_014859	-0.00688829298649729	-0.296324352307119	-0.537112286726613	0.670512927376736	0.0851847468386424	0.517345729344166	-0.0675333784536853	0.177398141242806	-0.369500150229873	-0.150223576052802	0.0306395885962658	-0.053499096642037
XLOC_014866	-0.541292168471785	-0.805290350311419	-0.344295244377066	0.206070231697288	0.48243079493147	0.301959911592394	0.234695400935237	0.0536096489824667	0.904193316666645	0.101073331766223	-0.345770977536193	-0.247383895875258
XLOC_014868	-1.54632417391242	-0.0410872484855433	-0.299069700981581	0.303283626040407	0.969806711683423	0.134657994200986	0.526874598106042	-0.647377574245392	-0.492663335104418	0.804742869103714	0.160829678297574	0.126326555297209
XLOC_014869	-0.885972942578599	0.533653840884119	0.148545615589953	-0.129694479033294	-0.0310049281416216	-0.00136568274392523	0.691611434953904	0.060552095891925	0.432213960444333	-0.235677636636547	-0.567300856417342	-0.0155604222129018
XLOC_014870	1.53251728494337	0.253222088005013	1.03632765548861	-0.407383092620575	0.727884731029815	1.2413647495301	0.772750294174858	2.06585423191937	0.210269792038242	-2.4776025781696	-2.4776025781696	-2.4776025781696
XLOC_014876	0.808491111502678	-0.694971899582717	-0.989015529173066	0.739746848862226	-0.304264873461292	1.53085680366634	-0.312624025954476	-0.720733733067765	-1.26407580324979	-0.191755914568231	0.913257552802797	0.485089462223295
XLOC_014938	-0.0894133579467757	-0.052570252213358	0.598464897528578	0.102820329077113	0.309107965239749	0.181665048414445	0.067836088050095	0.252509924391314	0.238203738347262	-0.526233326016333	-0.415562284811449	-0.666828770060636
XLOC_014941	0.276193751856897	0.0515621451031194	-0.319382769985783	0.519631118350127	-0.266975723883976	0.0511317501294801	0.269432948754874	0.542733730984851	0.40361842887517	-0.633232393781998	-0.5769414855065	-0.317771500896256
XLOC_014945	0.671865650580656	0.305700937486519	0.798111625431908	-2.42512372868809	-2.42512372868809	-2.42512372868809	1.99699477696947	1.05322745677444	-0.529122684159345	0.370644890233921	1.38386007976018	1.22408845298653
XLOC_014954	-2.91727163969843	0.1821168075718	0.162114673810549	-0.211330404544952	0.142618854618995	0.0319547928949664	0.829510134918134	-0.633164158859223	1.30375324971006	0.175939708812797	-0.0391973760858511	0.972955356851158
XLOC_014956	-0.090785775934739	-0.055491430390707	0.922571857550532	1.95596090187963	0.589760291622193	1.0498060478961	-1.24303077271398	-0.567072341638736	-0.624595334057782	-1.18362361822943	-0.295329408790608	-0.458170417192481
XLOC_014961	0.454291383597954	-0.556797810573964	0.0674080695054462	0.90500672724614	0.537239352162923	0.646712971153263	-0.438252406574692	-0.566405410389766	-1.06831163696658	-0.0254008602069149	-0.298329060877761	0.342838681923954
XLOC_014966	-1.4167477966475	-1.01852947666496	-2.32283544270027	0.432860003305331	1.09938308894835	1.14196088679471	0.146539766356338	-0.913994718873776	0.611126103184834	1.1087948627985	0.218107054891414	0.913335668607038
XLOC_014993	0.132622127800816	-0.497718419818451	-0.406911748868466	-0.728428294600214	0.0625666220681502	-0.170339733152989	0.456137962122718	0.243424719167858	0.338759848081467	0.434249897040675	0.264487478825502	-0.128850458667067
XLOC_015001	1.68994844651359	-0.904014813847552	1.46597713089901	3.43205860497799	-0.904014813847552	-0.904014813847552	-0.904014813847552	-0.904014813847552	-0.904014813847552	-0.904014813847552	-0.904014813847552	0.644134328389829
XLOC_015013	-1.28353677759567	-1.00239502937497	-1.15729080274442	0.516506622634428	1.42245836713737	0.726418291604223	-0.351180756081392	-1.55532612806485	-4.38052615686442	2.48870562518871	2.50385546390845	2.07231128025255
XLOC_015016	-0.0480379292819082	-0.106191134947788	0.256285490691591	-0.331421031257911	-0.266973662368569	0.57260313151897	1.01834743827502	1.33127965559747	1.36045960299369	-0.287345611074545	-1.03039957448893	-2.46860637565709
XLOC_015024	-1.0394871129556	0.289118677341401	0.940008220187364	-0.501382091773611	0.249841734095058	-1.33063964836886	0.830800482315222	0.525339188528443	1.16934480743421	-0.603082495160709	-0.181660685494844	-0.348201076148067
XLOC_015030	0.182217537560361	0.544453819173929	-0.175965077424419	-0.339540206012191	0.466439758024837	-0.261679569506965	0.500651135912852	0.927438041289595	0.670952934729259	-1.765626688217	-0.264004789594861	-0.485336895935391
XLOC_015053	-0.323584285499948	-1.1625815562012	-0.590328855459217	0.157417957348845	0.623777248243168	0.685704633326931	0.0663461514339048	0.0171322480890712	-0.456746342560225	0.780457730060278	-0.0375261390699917	0.239931210288386
XLOC_015064	1.62969768980877	0.640676867593204	1.75043794155176	1.27409847273547	0.440550337852725	1.44625533772324	-0.855982133812924	1.61484192471623	-1.72519361323016	-1.85313919019533	-1.64240998323902	-2.71983365150397
XLOC_015065	-1.82427083714648	-0.298476817908776	1.03452518856447	-1.82427083714648	-1.82427083714648	-1.82427083714648	0.786805786051915	-0.225410747764782	1.74706945570938	0.971497781775531	1.98471297130179	1.2963597308564
XLOC_015069	-0.325552584243781	0.413783999243242	-0.0174029186585507	-0.613331461737466	0.267876646973535	-0.400088572574436	0.483685979672156	0.75388428821374	0.613040074313659	-0.195516093640418	-0.589404069729804	-0.390975287831876
XLOC_015072	-0.608297014891003	-0.474213360056831	-0.567745000554595	0.304160821702554	0.46784760735053	0.258954052818163	-0.686885087987156	-0.231207540439886	-0.12028900407514	0.507964437070825	0.565939681252544	0.58377040781
XLOC_015081	0.909302614147258	1.69347048127556	-1.68466064621389	-1.68466064621389	-1.68466064621389	-1.68466064621389	-0.249994079920465	0.653929724342059	1.51154122590808	1.62509938061512	0.731804742464435	-0.136511503976506
XLOC_015095	3.76213631832535	0.444620629076522	3.62017279177071	-1.08117339016118	0.822457382116891	-1.08117339016118	-1.08117339016118	-1.08117339016118	-1.08117339016118	-1.08117339016118	-1.08117339016118	-1.08117339016118
XLOC_015096	0.0777476509004913	-0.520893021723659	-0.633366271329813	0.542549650644322	0.432642155801551	0.599883275542888	-0.461840059422372	-0.58876284505225	-0.981817045919511	0.717838509302165	0.690744425242281	0.125273576013906
XLOC_015097	-1.59729494553534	-1.59729494553534	0.0278333159598099	1.80849552383082	1.60819236366408	3.22941467729931	-1.59729494553534	-1.59729494553534	-1.59729494553534	2.09066334931501	0.819170443142986	-1.59729494553534
XLOC_015102	-2.73580783370621	0.559291157498068	0.611714125378685	-0.0298665985527355	0.243307435361999	-0.100793296428495	1.73469509113673	0.523553547257897	1.25914231968309	-0.698896343366658	-1.76338278338449	0.397043179122116
XLOC_015113	-0.400397544978254	-0.323330991297803	-0.247011715131929	0.263976643517875	0.332290648161278	0.22848328345837	-0.148542366184842	-0.278596869691784	-0.154461123723371	0.384535140994947	0.136595506633546	0.206459388241978
XLOC_015120	0.380549860000945	0.165658721251122	0.0941491351342432	-0.0558051574488641	-0.138894476607646	0.0176795079311933	-0.0460737998535148	0.00743746676901402	-0.0685626263109675	-0.280164336887344	0.0250295636374478	-0.101003857615636
XLOC_015124	0.656173142499963	0.577544895327548	0.049594703992077	-1.23409783619392	-0.813020269812334	-1.52218274907854	0.349562614851368	0.934876737193585	0.196987936280669	0.118071235335726	0.235470502643518	0.451019086960343
XLOC_015134	-1.36812341162538	0.105564811123153	0.198864650099977	-0.69075411700937	0.284361087753594	-0.924665382310579	0.752958138469487	0.54123369997627	0.463658327146095	0.0136738361856779	0.199657911967759	0.423570448223311
XLOC_015160	0.316931573843266	0.506121227240349	0.325750576496299	-0.907807785234803	0.017291805900312	-0.67964838567591	0.436689681437567	0.263742064829091	0.115586589031691	-0.158194573948794	0.0749235669048023	-0.311386340823872
XLOC_015163	-1.8387180919416	-1.0545502248133	-1.20944599818274	0.867223143211877	1.50545892460233	0.045907070520709	-1.82160472910435	-0.713032926292416	-0.10696017334091	1.55400454391727	1.2367406748525	1.53497778657063
XLOC_015168	-0.904869657370151	-0.756260930971198	-0.860184287830961	0.174110362805786	0.587365626899022	-0.107173006082396	0.15830358000687	-0.447803218069469	-1.68624215128133	1.61257137473084	1.1667624276788	1.06341987948419
XLOC_015171	-0.263582863946642	-0.712007614583875	-1.35302012849689	-0.013458326328343	0.418975444540547	-0.184559395112657	0.255802887180379	-0.431077300358122	-0.152620902946238	1.39327465959352	0.515954612924843	0.526318927533473
XLOC_015183	0.0936201705152557	-1.09317196365754	-0.0219425320566708	-0.684913496492866	-0.34621309207707	0.50231131914859	-1.86022646794859	-0.992951905684462	-0.356032484870304	1.64464762363287	1.57481857590625	1.54005425358454
XLOC_015193	-2.06299401122233	0.178742262918887	0.255972112117887	0.252582263585891	-0.477757419740101	-1.14116576466711	1.35207621038375	-0.185655374163154	1.81962087367759	-0.0856473300466707	-0.524094934951665	0.618321112107023
XLOC_015206	0.49605892231676	0.23135862565105	0.178840561407017	0.485091687038682	0.164188681753911	-0.32020002026246	-0.206683769162139	-0.441162079686315	-0.966542921019304	0.0588193416453429	0.123630310771724	0.196600659545727
XLOC_015208	0.0563907906689041	-0.354859416160191	-0.384959627937606	-0.219392466187604	0.604147732776927	0.403959169643557	-0.666573389891637	-1.12946102309473	-0.887753222093434	0.718852942147689	1.16177914574203	0.697869364386089
XLOC_015212	-1.4433524582658	0.807277987062672	-1.4433524582658	0.626867027283226	3.23887351248518	3.21976905593184	-1.4433524582658	-1.4433524582658	-1.4433524582658	0.546514625375208	0.220812541456663	-1.4433524582658
XLOC_015245	4.01867365728954	2.35923226231509	3.0460552619432	-1.25862132820288	0.645009444075197	-1.25862132820288	-1.25862132820288	-1.25862132820288	-1.25862132820288	-1.25862132820288	-1.25862132820288	-1.25862132820288
XLOC_015246	4.86159023685221	4.54701424371918	4.51855652640293	-1.80730570861447	-1.80730570861447	-1.80730570861447	-1.80730570861447	0.531284661941472	-1.80730570861447	-1.80730570861447	-1.80730570861447	-1.80730570861447
XLOC_015247	0.684180450336942	-0.230750564233837	0.102016475649339	0.528093903384215	0.626331494956917	1.11405757658122	-0.293858233211949	-0.639334328027549	-0.769275448838111	-0.216201969464403	0.123536388043586	-1.02879574517638
XLOC_015279	0.510495732671887	-0.456053418658033	-1.0934328901361	0.897095532629997	0.206466433341099	0.2910747802077	-0.594430848604694	0.565613934003083	-0.0746550962685459	-0.381724737052424	0.0482434420410138	0.0813071358250177
XLOC_015281	-0.731331139626755	-0.00201315210812414	0.257704620640838	-0.672190865498737	0.12136123824865	-0.389967082146536	-0.126794456919607	-0.124238757132858	0.354152913898679	0.553202662084983	0.417946159649679	0.342167858909794
XLOC_015285	0.191541304710708	0.627103159465091	2.6811493042827	-1.62352728586338	-1.62352728586338	-1.62352728586338	1.62682558648108	-1.62352728586338	0.272473758665368	2.06443100898697	-1.62352728586338	0.654112306724979
XLOC_015291	0.342289800652766	-0.413230604470372	-0.100110145763396	0.376863229189303	0.211674260348995	-0.379394275309218	0.393154803647112	0.246728511190942	0.201328359763183	-0.121752728304823	-0.462923047923222	-0.294628163021268
XLOC_015296	-0.0846895001097199	-0.224785420776919	-0.446686404129246	0.71007854401697	0.352754737559238	0.208024321375263	-0.712521089796469	-0.509071707919893	-0.500413749845137	0.997387930335441	0.0343066540774339	0.175615685213035
XLOC_015307	-1.02503944741007	-0.352030904506069	-1.27599288551559	-0.453849700348259	0.60661421045213	0.317021329294846	0.815615527932893	-1.07027469316347	-1.21858282631794	1.05476573543632	1.515590565426	1.08616308871922
XLOC_015309	-0.857137422012243	0.453387309073075	0.568409033642371	-0.755991999422185	0.241826062247636	-0.390507612912215	1.30357370741037	1.02944631970028	0.655216107883692	-1.4871728249589	-0.96237108415089	0.201322403499001
XLOC_015314	-1.06784361329351	-1.06784361329351	-1.06784361329351	1.00237587225552	-1.06784361329351	-1.06784361329351	-1.06784361329351	3.03920203235324	-1.06784361329351	-1.06784361329351	3.29137502244447	1.20979597929485
XLOC_015317	3.40119228564307	1.16737339093334	0.806540669505292	-1.56345127524127	-1.56345127524127	-1.56345127524127	-1.56345127524127	-1.56345127524127	1.12442109496657	1.23231734368075	0.100713724481194	-0.0153021330038865
XLOC_015321	-0.387111412345731	-0.218518526004731	-0.325919184351365	1.03412424717991	0.741068674129981	0.901060532106889	-0.735909946434623	-0.223485715133986	-0.406400173715063	-0.423813603652242	0.28578304874242	-0.240877940521461
XLOC_015333	0.33139648627865	0.979221763132193	0.0745489877926553	-0.482476529238038	-0.307379755593248	-0.169299670904491	1.6659034130241	1.34142456611271	2.27698012065134	-1.89839991496319	-1.47180160992587	-2.34011785636681
XLOC_015378	3.97694484550534	3.81098422042304	3.59527154272774	-2.07807803114238	-2.07807803114238	-0.0630062726437046	0.887761511428311	0.260512339413565	-2.07807803114238	-2.07807803114238	-2.07807803114238	-2.07807803114238
XLOC_015379	2.46854819274676	2.7068716113505	1.92689987510304	-1.29633547901697	-1.29633547901697	-1.29633547901697	1.66950406355373	0.302524610364735	-1.29633547901697	-1.29633547901697	-1.29633547901697	-1.29633547901697
XLOC_015416	1.04276487169964	1.09509016528704	0.670032946820373	-1.01981118734765	-1.11573674565779	-1.83595354528533	0.853720519350436	1.00818520330192	0.958760338943492	-0.308210690202879	-0.491542274704772	-0.857299602204477
XLOC_015442	-0.28933653239346	0.19970694408466	0.319465762905494	0.0513423347953195	0.0733358548699634	-0.074409856936815	0.242755208676705	-0.148660143086194	-0.536098586737442	-0.0538109173839167	0.160874706231454	0.0548352249742301
XLOC_015443	0.499335900707882	0.431305984044473	0.334244424054488	-0.262003999160999	-0.184499478048092	-0.556115579144183	-0.481807649392428	-0.663526004825993	-0.454677277686429	0.632553388657323	0.280106327492341	0.425083963301621
XLOC_015451	1.15548672429852	-0.678611871189117	0.10449369629448	-1.33921705181471	0.715653461706192	-0.584869544509435	-0.443596994793037	-1.07084616680778	0.916284641598105	1.03708794354413	-0.992971148685407	1.18110631035806
XLOC_015468	-1.89596568076539	-1.89596568076539	-1.89596568076539	0.991366794432292	2.78626028998559	0.928601312088907	0.715110942433009	-1.89596568076539	-1.89596568076539	0.0939014028756193	2.73992277477403	1.22466488723749
XLOC_015470	0.968218732778214	0.624885917745539	-1.62574452758293	-1.62574452758293	-1.62574452758293	-1.62574452758293	-0.191077961289508	2.0939038984274	0.270256516945817	-1.62574452758293	1.64884532883618	2.71369020447101
XLOC_015477	-1.11461566458825	0.0198547924032653	-0.284575799204666	-0.343433901358233	-0.227580143058774	-0.323556565521759	-0.512333701383565	-0.511345650031645	0.411091827383753	1.45489413127636	0.758056026482884	0.673544647600631
XLOC_015478	0.502330144533055	0.213055573196675	-1.31273844604103	3.02333497278451	-1.31273844604103	2.95420306936574	-1.31273844604103	-1.31273844604103	-1.31273844604103	-1.31273844604103	2.49624536240725	-1.31273844604103
XLOC_015481	0.833211789834923	0.785554701678716	0.805645093251181	-0.31564558459754	0.900543814872762	-0.923476034633851	-0.710794549976232	-0.690018797007519	-1.07975410175936	0.0792263331542991	0.260329426735613	0.0551779084470008
XLOC_015511	-1.19733169283715	0.827941603703075	-0.780390838447688	0.749856880800968	0.901030810144644	1.04716785486478	-0.264975671322867	-1.1058942543444	-0.722980779250039	-0.0592029372943728	0.86388686822299	-0.259107844239941
XLOC_015518	-0.046419132981061	-0.269856019360057	-0.496023451341715	0.562074484874337	0.670210037629438	0.247256085257753	-0.440815313708439	-0.414089984750659	-0.315533762278459	-0.0116774185139068	0.30333469913888	0.211539776033899
XLOC_015534	1.43464905442457	1.05858945870517	0.358652204687055	-0.223461461273507	0.450086426958348	0.156630173966786	-1.50710517265135	-0.864660980193204	-0.639929653385562	-0.0845348236987995	0.116897988744327	-0.255813216283832
XLOC_015535	0.641175874215515	1.21493742195135	0.921448281964917	-0.160263862284101	0.239946595241039	-1.21095069872381	-1.25781439539135	-0.464570505867201	-0.326906857864922	0.0262961475663746	0.273804502442464	0.102897496749714
XLOC_015542	0.62354995662457	0.249682382615542	-0.137660835381788	0.820660015151913	0.117435317104128	0.266185112769214	0.108845545113478	0.605475707924493	0.867227823389307	-1.16224343121124	-0.490937559187545	-1.86822003491208
XLOC_015544	-0.439260133979126	0.449325864922143	-0.0547531247148418	-0.863552649208768	0.0454400539636381	-0.934749519855116	0.184309441189822	0.839714064825835	1.04961757455608	-0.463181684356618	0.393709767910493	-0.206619655253538
XLOC_015546	-1.39778827511472	-0.703931147487471	-1.35310290557553	0.747458332482816	1.00511484502808	1.21882071304196	-0.0467930509377688	-0.759987493586996	-0.0484886286620094	0.329261045517208	0.376257786059907	0.633178779234519
XLOC_015557	-0.037266894365386	-0.770719831123639	-0.52658705420254	0.786882005449236	0.341344175274793	0.6615429174007	-0.250787749707987	0.0941656396275068	-0.0934344175510375	-0.0161817544967668	-0.0386310870293922	-0.150325949275491
XLOC_015567	-2.17518434617362	-2.17518434617362	-2.17518434617362	0.71214812902406	-0.271553573895543	0.649382646680675	1.07516852617084	-0.576324256791919	2.49703400138555	-0.185317262532612	1.39120396450925	1.23381086397056
XLOC_015592	-0.245482544670387	-0.294747372528446	-0.283015605362496	0.250348269035525	0.362734618626752	-0.872261485136815	-0.043824841542544	-1.43133435843402	-0.221652956341364	1.43734791176826	0.79194036023361	0.549948004351912
XLOC_015631	-1.36049954213209	-1.36049954213209	-1.36049954213209	-1.36049954213209	1.84498776706733	0.654572216366591	-1.36049954213209	0.238360547249615	-1.36049954213209	2.62682548717943	0.303665457590376	2.49458577733918
XLOC_015651	-1.23021087391369	-0.688065735869626	-0.851245960600038	0.877516417435253	1.23413571773427	0.882606463759097	-0.360225556455299	-0.727457796139971	-0.0436978694959063	0.201199639073528	0.328539811232742	0.376905743239639
XLOC_015656	0.453991799406614	0.496848085872213	0.344456471374986	0.110910049835858	0.432073523542384	-0.564500924926775	-0.17342172058853	0.110967338350025	0.176414494395344	-0.683159110401971	-0.554979873130039	-0.149600133730114
XLOC_015663	-0.429295487374353	-1.07109179328935	-0.412909454265773	0.399633529499754	0.178732199514614	-0.0586933174498574	-0.291159918091854	-0.367706955857766	-0.217253240790494	0.849474459870599	0.29244318342719	1.12782679480729
XLOC_015695	-0.29284131449835	-0.950456065574897	-0.80812431629237	0.833997576156481	0.545499648619097	0.891573305476994	-0.72506677388665	-0.714028065293722	-1.142214269106	0.659948799992942	0.639053479737644	1.06265799466884
XLOC_015698	1.36627093374665	1.35895218862213	0.757635304308198	0.21279593790313	0.471662174576546	0.458373864647879	-0.421273241711491	-1.70230673713628	-0.624141522937851	0.481073948426696	-1.45013374704505	-0.908909103400554
XLOC_015705	-1.24866007456801	-1.24866007456801	-1.24866007456801	3.48448118047349	-1.24866007456801	0.766411683930664	0.18600649172541	0.350200014813688	-1.24866007456801	0.741207009072995	0.415504925154449	0.299489067669368
XLOC_015708	1.17478552648072	1.86864265410797	0.564336688072657	-2.2944593376383	-2.2944593376383	-2.2944593376383	0.671380204932396	1.18389184782423	0.393413032569545	0.501309281283717	1.27192897304457	-0.746310195400916
XLOC_015711	-0.233205470488635	0.231894752588101	0.363193610761973	-0.439613313331977	-0.637528672535735	0.0379848298322987	0.150758408494861	0.163799986322644	0.0761661409687022	0.114541831553648	0.0449296154841079	0.12707828035002
XLOC_015726	-1.20851137769107	0.31728264154664	-1.20851137769107	1.67882109750661	0.695119394587009	-1.20851137769107	-1.20851137769107	-1.20851137769107	-1.20851137769107	2.77881365162045	2.98954285857676	-1.20851137769107
XLOC_015728	1.98890309426352	1.92486154014886	2.14050206325818	-4.36160427625094	-0.780717033239997	-4.36160427625094	1.08398739544028	0.70295842186477	0.58979239993057	0.0849202046569157	0.274284179288473	0.713716286890318
XLOC_015762	-0.391002051053548	-0.462828821550961	-0.421753361856168	0.715007617466905	0.33876676988927	-1.51534443184038	0.468787408872001	-1.30800045612038	-1.1190411532634	1.43879427120578	1.56832364257758	0.688290565673302
XLOC_015791	0.0664398384381855	-0.195810323955374	-0.115265166725742	-0.143018008984024	-0.499292647751123	0.268822540108442	0.674178005878334	0.685618342841737	0.602402430297065	-0.513531310265554	-0.30234766732579	-0.528196032556146
XLOC_015792	-0.706024454296946	-0.346176142616899	-0.0517792255575138	-0.172846912777599	-0.0898601351185278	-0.12925685161493	0.662420166170039	0.269310293700789	0.401945953181594	0.251375913273526	-0.0316478941920693	-0.0574607101514708
XLOC_015793	-0.134409454986459	-0.0737404395070538	-0.540546787350096	0.198954575410688	-0.325914125667349	0.874895540672917	1.03518408088761	0.460442777409961	0.541139928971364	-0.398698896588319	-0.647169141228349	-0.990138058024912
XLOC_015809	0.345564037314475	-1.2169982536424	-0.691003259082996	-0.101710589118874	0.360500038090165	-0.00814222132572784	-0.412733338502815	-0.291395034071409	0.238188093859821	0.766608888533521	0.408439081133269	0.602682556812979
XLOC_015821	-1.02147401678393	1.22915642854454	-1.02147401678393	-1.02147401678393	3.66075195396705	0.993597741714749	-1.02147401678393	-1.02147401678393	-1.02147401678393	2.28828601004508	-1.02147401678393	-1.02147401678393
XLOC_015933	0.018385121549426	-0.0800697721796491	-0.17988423514411	0.675006296452667	0.806714530420247	1.04174594115286	-1.79420173729843	-0.02954075822334	0.606105284105545	-0.723515336910246	0.333342030497802	-0.674087364422769
XLOC_015974	0.108439271329238	0.195804596254186	0.70133418413031	-0.0239689031177566	-0.905736904354192	0.862390196741974	2.06936613043831	1.74210042777165	1.87976407577393	-1.31545559463159	-1.20281326678245	-4.11122421355361
XLOC_015976	0.356163563131063	-0.0500202805247376	0.759961827668736	-1.2305949038372	-0.667640617567743	-0.760744429818757	1.97370400559667	1.66843651607259	1.95987109156128	-1.70869112139329	-1.36073655261339	-0.939709098275228
XLOC_015981	-0.779455582688443	-0.112938855297514	-0.781015039417062	0.424477991011646	-0.311183756759585	0.0525031277882473	0.500761009727853	1.18577014044071	1.03020901404322	-0.755194797764742	-0.303874486358049	-0.150058764726285
XLOC_015982	-0.610679370504072	-0.217166912967826	-0.324139385067901	-0.656509882685495	-0.335851479053385	-1.01413388493794	1.02163764068441	1.23814803999008	0.962391878610772	0.00406810268455082	-0.0841921128315679	0.0164273660783891
XLOC_015994	-0.874740174433242	-0.361804348276721	0.307722027809292	0.76480195724565	0.460082094371874	0.987121755789437	1.85863811086966	1.76644867447577	1.90301386422339	-1.82003792109657	-1.69593742017012	-3.29530862080842
XLOC_015996	-1.31194706028519	-0.628349167929169	0.0535028757204952	0.925608171711939	0.982435436327099	1.52291925799119	1.78878393333878	1.48748788523255	1.5059059601502	-2.84549674194272	-1.79603813303375	-1.68481241728143
XLOC_015998	-0.579369849862241	-0.0921033078937441	0.549944800815076	-2.40285129717428	-0.0948318901214176	0.25300592058258	1.75580748568959	2.24620054188308	1.72020261844714	-1.05506563756043	-1.48119996392368	-0.81973942088166
XLOC_016001	0.535408328304056	-0.0965804073194607	0.0392186988493006	-0.068921065442753	-1.57108076253083	1.18840997938873	2.60049308596418	2.1002346297881	2.3871920905964	-0.164951507979898	-3.47471153480891	-3.47471153480891
XLOC_016007	0.148569988464736	-0.502229152739962	-0.293272394957445	0.953793699445499	0.424546431041096	0.713316239334276	-0.156943555714562	-1.13153455669327	-0.955056212001468	0.38397344302674	0.186269249611591	0.228566821182774
XLOC_016012	-0.444424017047586	0.533992962547785	-0.520238916853049	0.852975208593052	-0.53899750286051	0.970281305622598	-1.17619102272867	-0.737776198510729	0.408952436089768	0.41024855851398	0.203858788643293	0.0373183979900702
XLOC_016030	-1.5943033213106	-1.5943033213106	-1.5943033213106	0.475916164238426	1.10237192105198	0.420768437188078	-1.5943033213106	0.00455676807110206	1.60189855081137	0.395563762330408	2.42229186062424	-0.0461541790732176
XLOC_016034	-2.07938441185088	0.663411805545744	0.249395582652415	-0.108063407770841	-0.313565759414019	-0.175485674725262	0.740415986797155	-1.06925297362539	0.220817603851721	0.340665132386559	0.122142179509875	1.40890393664292
XLOC_016035	-0.688457398699803	0.280189951848907	-0.643772029160613	1.71490870029385	1.90400346377939	1.64335467945691	-2.01810516968658	0.254428118363859	-2.26170121829008	0.0774158719927023	0.0403519734490061	-0.302616943347557
XLOC_016039	-0.230828295773971	0.495621798884844	0.0692119251732004	-0.0102089418263587	0.156620277957592	-0.662262727159717	-0.280321336087436	-0.569402013472248	-0.483524733374755	0.813436450964327	0.239505402473241	0.462152192241284
XLOC_016040	-0.397173952331257	-0.475911108221587	-0.300595152192934	0.583528058930118	0.944068033464453	0.719521736639535	-0.589290802027579	0.0791736676526007	-0.553817676703977	0.065128552943885	0.048442277626692	-0.123073635779949
XLOC_016086	-0.171344643894218	-0.243171414391631	0.172788681082438	-1.22826475772663	-0.1860551115916	-0.995836726556783	1.23214689665103	0.134838184788975	0.170556507464419	0.830034502229362	0.143553587948134	0.140754293996501
XLOC_016107	-0.144014666713987	-0.549432160532793	-0.285978193268624	1.29415680399879	0.743020854815491	0.647044432352506	-1.11690257590649	0.162168161969206	-1.11853606419987	-0.540799894292664	0.336309981709638	0.572963320068797
XLOC_016118	0.78237048675196	0.493095915415579	2.93011788257472	-1.03269810382213	-1.03269810382213	-1.03269810382213	0.401968462471295	-1.03269810382213	-1.03269810382213	0.957168979818879	0.631466895900334	-1.03269810382213
XLOC_016120	1.28099357438827	0.869137471167005	1.162830297967	-2.18290571909294	-0.374625899366801	-0.234307578817996	0.477399178098569	1.78972374076344	1.73786308468556	-4.25312520464197	-0.0550709683741388	-0.217911976776011
XLOC_016121	0.0332712720230246	0.116971843502425	0.265112685122104	-0.341486856971703	0.363955513378831	-0.928002879008678	0.738613049748733	0.37711883836161	0.385776796436366	-0.644938011186074	-0.256858001961911	-0.109534249444731
XLOC_016147	-1.60484957674671	0.645780868581763	0.0202786847484386	3.69505491876791	0.298781195531368	2.114117750953	-1.60484957674671	-1.60484957674671	-1.60484957674671	1.19091904217531	0.059315422975754	-1.60484957674671
XLOC_016157	-0.604338293412865	0.595033675580881	-0.850347803411883	0.823449621966966	-1.3769079151693	-2.05851139903321	-1.10774361496119	0.194053592005564	0.0416874487448027	1.52787757516201	0.794363133041839	2.02138397948638
XLOC_016170	0.283172840105467	-0.245682633079697	-0.120256919938837	0.583650647073529	0.383497478965361	0.891384089076302	-0.480235674126836	-0.356617829797004	-0.556495643422631	-0.472303026427211	0.110573978739035	-0.0206873071674831
XLOC_016184	0.110384108911394	-0.0679118050464194	0.371972495198245	0.354492946854623	-0.0294126873344176	0.0309268190828504	-0.958151084461864	-0.675238011851997	-0.159137164285114	0.667972886507336	0.290663291201398	0.0634382052239628
XLOC_016198	-1.11267812191911	-0.0588300837509257	-0.329823219716245	-0.17286213979295	0.244591996628416	0.364643934416965	0.143577158897287	-0.274299949036771	-0.448979302657295	0.443752188526836	0.669687774234546	0.531219764169246
XLOC_016200	-1.4248098221206	2.57839726824686	2.33095058125516	-1.4248098221206	-1.4248098221206	-1.4248098221206	0.0098567441728179	-1.4248098221206	0.471191222408143	1.37095879680141	0.239355177601857	0.123339320116776
XLOC_016217	-0.312931286690757	0.602824788909768	0.241992067481715	-2.12799987726484	-2.12799987726484	-2.12799987726484	3.9831982452425	4.66079135011123	3.59212409853461	-2.12799987726484	-2.12799987726484	-2.12799987726484
XLOC_016218	-0.582961649165456	0.353166135120815	-0.680882928143072	0.887051444823519	1.13418005415824	1.39181134080526	-0.682862248924945	-0.878513872642411	-0.476214967750415	-0.750441383477629	-0.228984324983018	0.514652400179104
XLOC_016222	-0.887483331565207	-0.451910813596038	-0.536081932602019	1.31858531250025	0.686699124379962	1.02816944683852	-0.372274057155927	-0.0812890109311928	-0.182869539086634	-0.376402923510169	-0.0464904347288604	-0.0986518405426811
XLOC_016226	-0.901678914776346	0.624115104461361	-0.901678914776346	-0.901678914776346	1.00195185750173	-0.901678914776346	-0.901678914776346	-0.901678914776346	-0.901678914776346	3.72919583592435	-0.901678914776346	1.85816852032332
XLOC_016229	0.160631565644724	-0.0558248288706578	-0.54510168557991	0.27704149958742	-2.15540114696004	-1.23446492638383	1.77905052454407	1.6337864369786	0.61318642832105	-0.749271892409109	0.300186716499854	-0.0238186913721634
XLOC_016230	-0.556514625779989	-0.004695172673709	-0.326817551572513	0.267999842244032	-0.651088111592912	0.0505315121718164	1.68100846153922	1.02560512481272	1.63957933117082	-0.78885308135132	-1.20978979997997	-1.12696592898821
XLOC_016231	1.00658777200357	1.57000597847713	-0.556041878192727	-1.18263963665326	-0.19147280657577	-1.24540511899664	1.37561955984029	1.44222128730813	0.439372438687802	-1.27420349292892	-1.65350672317261	0.269462620203007
XLOC_016233	0.0359621284583209	0.868939381557051	0.791233209649467	-0.117621939328136	-0.898217183013928	0.0283394050343775	-0.433044349148835	0.0946669643163123	-0.232315574997583	-0.221232250091809	0.425496079266259	-0.342205871701496
XLOC_016234	0.104490425310159	0.899973020664676	1.11784805879543	-1.41077496861586	-1.60143220145096	0.180480979009913	1.84820396147882	1.33697533455558	1.26476979159261	-0.988347416984528	-0.731719133130674	-2.02046785122518
XLOC_016251	-1.29648764744426	-1.0343218778888	-0.29174202822798	-0.350899210612618	0.305543395850927	0.00432332779564426	0.495064924222999	0.847281893259312	0.667480267438913	0.341474692951831	0.511334089474103	-0.199051826820061
XLOC_016268	0.280381300569204	-0.322919369155608	0.206919125864321	0.283401345369583	0.423665328775026	0.263797888380473	0.197640532139362	-0.0798473954109991	0.26380372973439	-0.511764133109404	-0.80985782166371	-0.195220531492636
XLOC_016270	-0.171160983255951	0.0260459108284605	0.150267350237695	-0.712412862286762	0.0895417709457877	-0.853423714208034	0.223381357706216	0.617658854936245	0.351267562065547	0.065336468227196	0.106736040175001	0.106762244628595
XLOC_016273	-0.155857108883506	0.103537655762359	0.212029852665148	0.412516575748036	0.294171348034048	-0.0863563715721307	-0.836479747726721	-1.26190963970032	-0.316703995390573	-0.0501420749700179	0.679153428367643	1.00604007766603
XLOC_016277	0.684179037707652	0.3205470196653	0.313998135052723	0.0144647970249849	0.0413514316275467	-0.221254850396202	0.384504728741205	0.502017839918003	0.0946284958556785	-0.967542092937358	-0.293276118678072	-0.873618423581459
XLOC_016304	-2.46552792316171	-1.62774397747294	-3.07597676156978	0.757101817417268	0.781920579357521	0.442598071813686	0.550111171072999	-0.705081222563832	-0.645478762357377	1.94657721342117	2.1068058843396	1.9346939097034
XLOC_016317	-1.35487958935534	-1.35487958935534	-1.35487958935534	-1.35487958935534	-1.35487958935534	0.660192169143336	-1.35487958935534	3.05725079182734	-1.35487958935534	2.63244543995617	2.21150872132752	0.922760003233017
XLOC_016342	0.735806486970038	0.638651687822085	0.873619469397898	-0.141581763478452	-0.350337768639136	0.597872548920347	0.0738601954499067	-0.302525770494601	-1.03263520179233	-0.540878779063953	-0.662448763231437	0.110597658139642
XLOC_016344	1.4097621528241	1.93405375500108	1.44101289097138	-1.97350692492795	0.291896678881939	0.782983212357673	-1.43264978727858	-1.2185263816774	0.628491937082194	-0.733966383647966	0.154327825790852	-1.28387897537731
XLOC_016393	-0.369262733240066	-0.196776100229677	-0.1349474121575	0.765954504228274	0.524994659699649	0.738700490976996	-0.338264377530163	-0.404692229474296	0.202845395756917	-0.787366619820835	0.030382976204093	-0.0315685544133846
XLOC_016404	1.90171517158383	4.0028062567933	3.2540863514054	-1.19527420768492	-1.19527420768492	-1.19527420768492	-1.19527420768492	0.403585881696785	-1.19527420768492	-1.19527420768492	-1.19527420768492	-1.19527420768492
XLOC_016406	-0.0506518115466168	-1.29182872955952	-1.14717934660134	0.532557113402096	0.480137326584797	0.779441981629803	-0.71372581960468	0.304185925305883	0.0596342922068755	0.335100049734772	0.185230811250126	0.527098207197795
XLOC_016438	0.830129511318681	1.46600993822874	1.28851153538501	-0.314574186855786	-0.18243394338305	-0.130973795787733	-0.755208082417562	-0.706121454398779	-0.791133094811105	-0.148934982400986	-0.0925489108208186	-0.462722534056619
XLOC_016462	-1.17610873723699	-1.17610873723699	-1.17610873723699	-1.17610873723699	-1.17610873723699	-1.17610873723699	1.43496788596141	1.16248163331896	-1.17610873723699	2.81121629207453	1.24035665144133	1.58373869786268
XLOC_016475	-1.36090395425627	0.716776399664089	0.424597588169033	-1.71999715665384	0.812352650885069	-1.4068202983203	0.83572212451205	0.449158538577011	0.802104136402943	0.0705065587309477	-0.0579966569600545	0.43450006924932
XLOC_016495	0.128720995989309	-0.162325538497812	0.252252080105671	0.862064809304414	1.02746022729788	0.739987905342561	-1.26711463368281	-1.1457763292514	-0.870688628768641	0.545346746804173	0.207305215779964	-0.317232850423313
XLOC_016498	1.98216855952334	1.59200590566207	1.62208911072412	-1.21392959629081	-0.835591196042038	-1.22519980313252	1.2257476493715	1.03300459274226	0.629857154474758	-1.83335369318692	-1.9627769019071	-1.01402178193865
XLOC_016499	2.19930598541392	2.36599550783339	1.8988776792889	-1.46121657002582	-1.11506401810037	-2.07832266115165	0.961618946814576	1.73909432540369	0.982393508346373	-1.56217185403983	-1.98830618040308	-1.94220466938009
XLOC_016523	2.27372548811576	-1.19551937600326	-1.19551937600326	1.69181309919442	3.14010371335566	-1.19551937600326	-1.19551937600326	-1.19551937600326	-1.19551937600326	0.79434770763775	0.468645623719205	-1.19551937600326
XLOC_016535	0.213616990095224	0.88316837414326	0.379089384506275	0.604525098133651	0.228750517603257	0.532494999162648	-1.04208055762919	0.139805199997766	-0.0188810880881904	-1.71165471569961	-0.547034327208495	0.338200124983399
XLOC_016565	-0.353413358228541	-0.505006601698473	0.150070274481262	0.344550056519077	0.259733338782313	-0.238354300269417	-0.345390267979072	-1.3510649104294	-0.570390246964869	0.658606487127757	0.931477208456776	1.01918232020258
XLOC_016566	1.14178005254197	0.073610811418535	0.172945053675975	-1.45218320781917	-1.45218320781917	-1.45218320781917	2.57716219296386	0.886407162736774	-1.45218320781917	-1.45218320781917	0.21198179190329	2.19702897385545
XLOC_016569	-0.648093827666512	-0.267040145078798	-0.387722902636641	0.0329808278634722	0.376609214829871	0.357871237452642	-0.325906731763357	-0.295863421351319	-0.0625244223414416	0.619571202587656	0.275322437941139	0.324796530163292
XLOC_016580	0.986466304972362	0.449072409659768	-0.303397322339703	-1.02288156543123	0.0827473049523775	-0.907984935528549	0.266975994056	0.230676785749367	-0.09378829809609	0.11606815914618	-0.327815524432545	0.523860687292072
XLOC_016581	0.297676948674301	-0.781215380839194	-0.393261585399775	0.345390924683177	0.57630191400791	0.18915382944622	-0.227765839438782	-0.571479059711153	-1.08820378200303	0.500698169978667	0.739874046856014	0.412829813745645
XLOC_016589	0.349088543897228	1.13325641102553	1.26905551719429	-2.24487471646392	-2.24487471646392	-2.24487471646392	0.36620190673448	-0.646014627082216	-2.24487471646392	2.38600003423678	2.51170047684222	1.61021060300735
XLOC_016596	-0.376065088648522	-1.01683539031843	-0.715338108059301	1.15210751770783	0.412264320222299	1.22764581043967	-0.858725523327102	-0.681227509648667	-0.0680854574628782	0.231352584419311	0.431837721414665	0.26106912326112
XLOC_016602	-0.691406578681611	-0.322521509816185	0.637111255319649	-2.20667197260763	-0.132524299417117	-0.430882933607667	0.609094720606777	0.135687116911591	0.626119527994147	0.674075903673509	0.635635522160522	0.466283247464011
XLOC_016606	0.248848774790297	0.225135220457756	0.323453781956793	-0.401073574210332	-0.0565236277861345	-0.5171479701136	0.164067638679583	0.196632840339921	0.223346310610397	-0.0314020024556942	-0.125817196854345	-0.249520195414644
XLOC_016627	-1.28054645867583	-0.351382290857487	-0.204708834577356	0.509859157132732	0.0703453454126635	-0.271241463016459	0.673813001860688	-0.243033817553042	0.752132793148735	0.503057159845121	0.0547612858676905	-0.213055878587449
XLOC_016639	0.374156516108806	0.0993032430218506	0.345501244615297	-1.32445366297708	-0.349338458214111	-1.11454199400728	0.688091538618579	0.693954278691051	0.0492423782220817	0.451619588269941	-0.37846392836691	0.464929256017772
XLOC_016677	1.31197815313129	1.15998583868688	0.970908499869157	0.169097139941037	-0.00891517165294431	-0.164945179957318	-1.0791886407817	-1.03828161098272	-0.967844295491606	-0.108429850978508	-0.169523193568514	-0.0748416882150558
XLOC_016678	1.32963571499709	0.784708411231161	1.07591183505496	-0.182098593650233	0.267369355409103	-0.108355720826793	-1.26852738388923	-1.39152178396173	-0.782563441869194	0.545859121832491	-0.301686796151947	0.0312692818243061
XLOC_016697	-1.2789813935716	-1.2789813935716	-1.2789813935716	1.60835108162608	-1.2789813935716	0.736090364927081	1.3320952296268	0.319878695810105	0.617019650957152	-1.2789813935716	-1.2789813935716	3.06045333848235
XLOC_016717	-1.46021808772414	-0.0151946745181633	0.18685040248482	-0.849040193695853	-0.309634649974913	-0.431019346450693	0.460089192369781	-0.144336570801709	0.42941837590413	0.264815145541272	0.675501695975822	1.19276871088964
XLOC_016725	1.51836163622393	0.733437902580006	1.1651379078065	-1.55412333568521	-0.277687834300387	-0.941096179227396	-0.139673716755397	-0.184995473561662	-0.844643198774681	-0.0188056053691517	-0.324025349511952	0.868113246575398
XLOC_016750	-0.793812821986219	-0.645204095587266	0.0416189040408428	1.35143378561132	0.565541554683916	2.00466856132566	0.0396395832589702	-1.07463086834375	-0.69171739324938	-0.275732656793726	-0.454073877656962	-0.0677306753034159
XLOC_016759	0.530265522568409	0.796284486557476	0.829013835376609	-0.98499987135761	-1.96870157427721	0.146485279268682	0.762536642666831	1.19223035156042	1.20070759146491	-1.07656372763328	-0.963921399784132	-0.463337136411108
XLOC_016761	1.08324874789379	0.673442524137757	1.14968940113248	-0.788255768232474	-2.29041546532055	0.632663385236019	0.937868204446652	0.780281778729297	0.47817210996054	-1.39827761867662	-0.919456381179516	-0.338960918127365
XLOC_016769	-1.09597161443966	0.0173100803177828	-0.323510119403562	0.0286958842682088	0.266649815823779	-0.403201102558267	0.269552615506016	-0.284888073368379	0.585752284552338	0.286769978737517	0.0843671124341983	0.568473138130025
XLOC_016771	0.873069185854632	1.26337867583441	0.712306011088589	1.20907495607709	-0.324991392724713	-0.184673072175908	-2.06389360486763	-0.725139512537351	-0.334702386999224	-2.21362361435887	0.432397757539537	1.35679699726944
XLOC_016772	0.108420859467121	-0.180853711869259	-1.70664773110697	2.62942568771857	1.49883957809245	4.17105327832955	-1.70664773110697	2.01300069490336	-1.70664773110697	-1.70664773110697	-1.70664773110697	-1.70664773110697
XLOC_016777	-1.5207254018012	0.414357461407839	0.585241092170169	-1.30766365624097	0.885249769849831	-0.851000155132513	-0.11462241041527	-0.534172220406145	0.525017428133554	-0.0393093525776997	0.790944898274728	1.16668254673768
XLOC_016786	0.692371119478948	-1.12269747109514	-1.12269747109514	-1.12269747109514	0.780933301182936	-1.12269747109514	-1.12269747109514	-1.12269747109514	-1.12269747109514	1.67307114782687	3.07535676517269	1.63714996400453
XLOC_016787	-1.76878678177169	-2.11211959680437	-1.50395401642188	0.681427910774029	1.21032848729652	0.115838380690616	1.1381490677887	1.08382968091031	1.2808887770314	-0.375425012821323	0.27313841340658	-0.0233153100788925
XLOC_016790	-2.09625171310649	-1.59973154101813	-1.83141894775668	0.0429262815738696	0.505136908782909	0.852974719486906	0.697864167603901	0.884731191129378	0.787103178162467	0.104098793043415	1.0394249964982	0.613141965600255
XLOC_016795	-1.91086040322484	-2.25419321825751	-2.13483171883942	0.39220911591287	0.0144855882428478	-0.486006037762009	1.24468566888244	0.800842491320158	1.95621067390523	0.691470521164967	0.81881069332418	0.867176625331077
XLOC_016802	-0.0530769622890981	-0.532305444208809	-0.0309025244317418	-1.78377578718293	-0.571582387455153	-0.150912179449683	0.275280307673583	-0.424451374575635	0.717882316131669	0.71549540873191	0.584657974669073	1.25369065238682
XLOC_016804	1.34614578072629	0.277976539602852	-1.24781747963485	-1.24781747963485	1.44885776272773	3.5788921431998	0.186849086658568	-1.24781747963485	0.648183564893893	-1.24781747963485	-1.24781747963485	-1.24781747963485
XLOC_016806	-0.243039756749324	0.132784090465552	0.114813701024339	-0.389666711384926	-0.251600426665188	0.093796147579102	0.44659716952388	0.456219939947967	0.278659920835878	0.145232893891237	-0.369297015273002	-0.414499953195508
XLOC_016814	-0.358463847297164	0.438204534544366	1.12408867923371	-1.11451824534785	-0.11862961910307	0.748698043834198	0.29912555413784	0.491044800433015	0.441865263380535	-0.755249074875842	-0.333827265209977	-0.862338823729757
XLOC_016821	0.656212304795904	0.827345442147287	0.672806363067581	-0.771774744423458	-0.970862548249717	-0.9383623215768	0.106268494672737	0.297511180801052	0.213795107689554	-0.287653158580712	0.0879977348997869	0.106716144756781
XLOC_016829	0.606251459040659	1.15807091214694	0.142348377533584	-0.726079550644505	-1.70978125356411	0.405405599981786	-2.17874545954876	-1.27482165528624	0.501858580434502	1.32769617384003	0.890764490418001	0.857032325648114
XLOC_016832	1.29579326256943	1.04131222327669	1.23797025853469	-0.6162596504755	-1.49802765171194	-0.436573445504576	0.850655450716948	0.871431203685662	0.585779064012005	-2.71364787727034	-0.505460724643521	-0.112972113189562
XLOC_016838	2.38668849217794	2.26826678836002	1.68807409669714	-1.94899767007163	-1.09691814467354	-1.17549203743325	0.338331317274083	0.520784937242958	0.205420641253159	-1.02429423587246	-1.27220535226675	-0.889658832687678
XLOC_016839	1.65280379296313	3.01018279700837	2.19259671134548	1.29371059056556	0.584595363561983	-0.0970081203019224	0.0275172143316484	-2.1120798788006	-0.216078834271852	-2.1120798788006	-2.1120798788006	-2.1120798788006
XLOC_016846	-0.492501365745609	0.330073505843529	0.203631858460016	-1.82483237543077	-0.376541761269537	0.114544772206196	0.616006384139109	-0.444528101091005	1.21572691179449	-1.0242065557781	0.957257176526786	0.725369550344904
XLOC_016849	-0.617681593543002	-0.294058742371108	-0.191975710532935	-0.52239958519797	0.00106846117831161	-1.12121735376473	-0.014084277253918	0.167425379212514	0.478212781573806	0.747103456215855	0.830667932297199	0.536939252185977
XLOC_016858	1.34192677364678	0.93879135807191	1.08743312479824	-1.65677282893154	-0.816835554543686	-0.304060231697338	0.71080907759573	0.869151850758038	-0.0208968835144994	-0.879583155027788	-0.252049736099862	-1.01791379505598
XLOC_016869	-0.490484537044239	-0.453907292618871	-0.338885568049574	0.909662082810506	0.687914628579739	0.630168005120966	0.0888826595880072	-0.670737696292827	-0.471974707100158	-0.606412021414156	0.51389830512324	0.201876141297364
XLOC_016893	1.10001937687918	0.207400859272062	-0.0857795690291168	0.399706808742348	0.336013118978506	0.150524483450195	-0.920377789925615	-0.319268702054078	-0.495904099997194	0.117225904323502	-0.0596774826343518	-0.42988290800544
XLOC_016896	-0.802206510843515	-0.0284041190957929	-0.451333063417293	-0.818904888210805	0.120372379078863	-2.02713437018557	0.335969395906324	0.675719172899651	-0.077835747582407	0.685635807581569	1.12378169569931	1.26434024816966
XLOC_016897	1.23484437127532	1.26273214805359	0.320001970384891	-1.23734407369209	-1.8182463591468	-2.19916667549192	1.28637268009104	0.778049567129339	0.453584483283882	0.172560516404729	0.299900688563943	-0.553289316855919
XLOC_016918	0.30271569208925	-0.30443088677638	-0.0508604900713889	0.0399079595869045	-0.133885781865349	0.3682866679473	0.344241254225788	0.542355627733924	-0.0531429390311446	-0.361728742996371	-0.0988029791874894	-0.594655381655043
XLOC_016954	0.38233763005894	0.566566285132579	0.551647032888757	-0.308199730024912	-0.673291739626069	-0.840241214803134	-0.158770978019636	0.128985988308129	0.227035180316308	-0.0782805399037763	-0.144571914044372	0.346783999717188
XLOC_016966	0.386179295102546	-1.42888929547154	-1.42888929547154	-1.42888929547154	-1.42888929547154	-1.42888929547154	3.39135079282443	4.26392906074517	3.38965521510019	-1.42888929547154	-1.42888929547154	-1.42888929547154
XLOC_016967	1.93743094115299	1.55067839687871	1.68647750304747	-1.82745273061074	-1.82745273061074	-1.82745273061074	2.34503225241622	2.58467765057194	0.860419639597103	-1.82745273061074	-1.82745273061074	-1.82745273061074
XLOC_016968	1.14464732810555	0.298288394165271	0.906453974547754	-1.9523420511632	0.744333191199383	-1.9523420511632	2.35035521820101	2.15470359448354	2.16292855511349	-1.9523420511632	-1.9523420511632	-1.9523420511632
XLOC_016972	-1.22886832874695	-0.140248384895258	-0.942352789490199	0.916378278850587	1.30313231254313	1.38774065940973	-1.00631397649898	-1.50968637510447	-0.025894845306798	-0.251588711958109	0.273213028849896	1.22448913234742
XLOC_017026	2.12331640120809	1.44891616189386	1.58166808356436	-1.64156727055564	-1.64156727055564	-1.64156727055564	2.53091771247131	-1.64156727055564	1.0463050996522	-1.64156727055564	-1.64156727055564	1.11828016454403
XLOC_017053	-0.381853914693895	-0.370152486783271	-0.237186520861329	0.375988108692779	0.396471176202565	0.276710376169449	-0.0455531292685976	-0.0751970735226433	0.0037161600268103	0.107289766036992	-0.00884630905823158	-0.0413861529406319
XLOC_017058	1.39407987094741	1.54439053294249	1.30824962081635	-1.70810110135231	-0.947666130891815	-0.456585363113952	1.08785970178731	1.04779760015621	0.869232372086333	-1.28434567510299	-1.64251548250324	-1.2123959457718
XLOC_017070	1.75444344580704	0.317577186112429	0.547517772585008	-0.0917003765832289	-1.05903801786724	-1.29992985855799	0.0905991218623514	0.424637437237528	0.433114677142013	-0.193400779970326	-0.623330078943344	-0.300490528824241
XLOC_017072	-1.26947274887388	0.26723809550325	0.332626435375671	-0.522110348704802	0.0217230708398182	-0.27595493788189	0.497393208406326	0.0114362502424541	0.405643636215788	-0.357531917796272	0.0268128226467157	0.862196434026817
XLOC_017074	0.358532500031785	-0.137412982505779	0.126175886592225	0.147298765915888	-0.0749430103910136	0.0982476381792257	0.37897457808544	0.312445338393315	-0.196494187965257	-0.46661047259385	-0.222569484458715	-0.323644569283269
XLOC_017109	0.635400664445923	-0.506715416432813	-0.164104918361765	0.0267767803211241	-0.235339490399127	-0.644123051972937	-0.228256431910548	-0.172683929122929	-0.204267819082174	0.872840548275106	0.288932547067165	0.331540517172973
XLOC_017112	-0.411684085234945	-0.667092184057807	-0.853034503841455	-0.159410431500612	-0.377670496951398	0.0852989510818762	-0.162073480123937	-0.172354292319306	-0.679961788690848	1.35979813031699	1.21694113136376	0.821243049957675
XLOC_017114	-0.481468449583964	-0.17027524378456	-0.187234406360715	0.0236034090687864	-0.122018084445516	0.0629223166565174	-0.629035907237403	-0.445890536500317	-0.605108335571182	1.19283559941103	0.47905305641275	0.882616581934575
XLOC_017129	0.571017897935046	0.00620276009852461	0.276769409867946	0.486074845652228	-0.723860913436916	-0.105337291328761	0.263994398945477	0.190334302320959	0.37387608031778	-0.183899432056871	-0.678984751792774	-0.476187306522641
XLOC_017149	-1.14680148468195	-0.0825299799713575	0.440215842450287	-0.136833699728673	-0.152862024179716	-0.886277839608003	0.488895097226671	0.620854857460228	0.615847765449887	0.566551360974217	-0.149660830503007	-0.177399064888587
XLOC_017150	0.088624014985851	-0.517056171340567	0.137080579404016	0.133646537403117	0.0191312018309615	-0.460826413252879	0.303041445393463	0.472961234212472	0.748503035290486	-0.751552426583357	0.120671179311675	-0.294224216655237
XLOC_017194	0.269923986773592	0.076763363878376	0.492723459352445	0.482985732333821	0.388424362569882	-0.675901948286777	0.289762511583174	0.279608442217179	0.378320363909451	-1.38495954728174	0.0618556191953878	-0.659506346244791
XLOC_017195	-0.0662998154060901	0.0631138815109544	0.113077732252824	0.280699513024315	-0.0456273413447885	-0.243392420055446	0.488524049240819	0.126818916604625	0.27359659417913	-0.393054449300861	-0.296025936009373	-0.3014307246961
XLOC_017196	0.168458466280391	-0.445354155116343	-0.296917534380148	0.456425749024884	0.752719641831188	0.594561567970478	-0.447997179842728	-0.768176988463728	-0.405221506271757	0.331440463586241	0.172729652005683	-0.112668176624164
XLOC_017200	-0.0183432766163252	-0.0823848307309785	0.484873723234115	-0.277368195591615	-0.367605141721685	-0.219792466271102	-0.407340896598736	-0.733767868761664	-0.203603527875254	0.736664448044376	0.642249253645725	0.446418779243143
XLOC_017201	-1.29993204379278	-0.254179500713893	-0.201756532833276	0.306102794658748	0.750195332492403	0.644822793860722	-0.488095485850397	-0.696662029236174	-0.665923600649217	0.962273342895845	0.602206424536602	0.340948504631414
XLOC_017241	0.763287362515673	0.823956377995078	1.23991647346915	-1.06019408479637	-1.25085131763146	-1.12295956713975	1.80198277247437	1.4990531630491	1.00387011618747	-0.259568265143697	-1.03911561322289	-2.39937741775667
XLOC_017242	-0.356081979851136	0.15003177278217	0.265053497351467	-0.445459066654522	-0.175347115559442	-0.60268403460463	1.25348285147948	0.322680624196574	0.945398418936994	-0.250366945937648	-0.837314318855021	-0.269393703284286
XLOC_017246	1.40798670451547	1.12970172861277	0.836521300311587	-0.895522234660419	-0.963955773370114	-0.685610565690624	0.128975779739137	0.886249959597746	-0.072431038359813	-0.718218953714858	-0.251678064991299	-0.802018841989575
XLOC_017248	0.598731302464446	-0.247627631475833	2.76945105058218	-2.4982580768043	-2.4982580768043	-2.4982580768043	1.67422690622265	1.4280532266154	2.32028643376743	-0.508390993163296	0.410152869966854	-0.950108934566922
XLOC_017258	-0.0278909858782255	-0.166068510881096	-0.62745749946002	0.308755843170404	0.522038362662935	0.74216473226482	-0.223824781659157	-0.330236126152728	-1.33951855635242	-0.267198667670862	0.332570081814892	1.07666610814145
XLOC_017274	-0.659289760998636	0.2187578284148	0.149014674889592	-0.162293442672297	0.107869354559272	-0.352263259658157	-0.321800702007813	-0.420029098690312	-0.0216485405509044	0.559366765866748	0.343268498916302	0.559047681931396
XLOC_017277	-0.637648643724559	-0.0193908547343256	0.0579359807175317	-0.204352078648097	0.0622574958550857	-0.189857205600775	0.131049988186053	-0.853377737940684	-0.189852099538911	0.966823249575542	0.162603051184482	0.71380885466866
XLOC_017288	-0.559122043192236	-0.418296342289873	-0.0146662319806588	-0.516081153156886	-0.686928177844107	-0.487218531614891	0.89100211654824	1.05493124326405	0.75309067922216	0.478211999428034	-0.274376499244264	-0.22054705913957
XLOC_017312	-0.37309729086313	-0.420447118734235	-0.271561527257378	-0.490832555369509	-0.144838740163523	-0.499486695132148	0.690907535255302	0.636911367398145	0.602898763357345	0.176016610353326	-0.0532339699809548	0.14676362113677
XLOC_017313	0.65605752066924	0.0901909060573001	-0.11141779005679	-0.268793162372796	-0.131045350500275	-0.211217433052282	0.0686680808030493	0.530710062950984	0.144657800604229	-0.244324899132105	-0.412129234381965	-0.11135650158859
XLOC_017318	-0.137243368736724	0.649601456315851	0.305323117817554	-0.782581580247302	-0.293160798390868	-0.250583000544509	1.28774639089138	0.160669233990642	0.87864762821498	-0.729486501140323	-0.967594659537222	-0.121337918633464
XLOC_017324	0.364821239672724	0.143907628738523	0.119150940697285	-0.135585119610431	-0.32200854847234	-0.532180170642359	0.278212795809294	0.294560904695777	0.35726692954435	0.193324628588853	-0.390623755265784	-0.370847473755891
XLOC_017327	0.65818220179763	1.09374405655201	1.7019096369345	-1.15688638877646	-1.15688638877646	-1.15688638877646	0.98271070435579	-1.15688638877646	3.66165812179527	-1.15688638877646	-1.15688638877646	-1.15688638877646
XLOC_017331	0.98821170728674	-0.240032987418748	-0.781446295334662	0.252195808488834	-0.279151726547091	0.0835701766494132	0.978449371749987	0.491028978097533	0.024067643239821	-0.567981896716673	-0.390969441511857	-0.557941337983303
XLOC_017344	0.300034137864151	-0.0579207577388248	-0.0644837453476814	0.551235644445204	0.356218013268593	0.408470949514611	-0.744420268080765	-0.231996036780129	-0.80461563091185	-0.0772466785677253	0.172482174188043	0.192242198146375
XLOC_017361	0.0199643709260737	0.146363642077386	-0.120780192369194	-0.399020286992441	0.173277494230451	-0.302282203389007	-0.221815289895005	-0.519531803906218	-0.0973189471687892	0.350264773800076	0.450632630855949	0.520245811830709
XLOC_017376	0.670385617740434	0.695138573181514	0.563892794051181	-0.206920378421308	0.395756483502606	0.485631533803507	-1.19156498744875	-0.949064757455084	-1.39826190998296	0.817223897844356	0.0634617195311895	0.0543214136533141
XLOC_017384	-0.446637941014582	-0.633399218740275	-0.493941817730698	0.843146691387074	0.626386132553083	-0.189816288720773	0.808917104602712	0.989821918915596	-0.131036625165713	-0.221639669316022	-0.890369493444681	-0.261430793325724
XLOC_017386	0.358488295025894	-0.250287857213613	0.0272901736360902	-0.0197795940666046	0.621721604120427	0.331458857731667	-0.0323416716676457	0.415337636112813	0.344916578873392	-0.336497656566846	-0.389440741742441	-1.07086562424313
XLOC_017396	0.454450654734665	0.441242773971699	0.159849505393273	-0.47873581615532	-0.0283559719398276	-0.389144604517517	-0.63777530520853	-0.569023580143897	-0.0386821520027203	0.782889004130846	0.143374373815311	0.159911117922016
XLOC_017399	-0.325668122519065	-0.140350952627422	-0.120285837303033	-0.082223366541994	0.162153804663326	-0.288222928945327	0.320028353716513	-0.133248768318591	0.0796841857712742	0.280256981317363	0.072876501415104	0.175000149371856
XLOC_017401	0.151103835162403	0.506231243955486	0.885543742921863	-0.436271840901218	0.0408465328753147	-1.10717167319528	0.551884603222171	0.443943506347432	0.15105551259283	-0.3507807393147	-0.664530204420045	-0.171854519246258
XLOC_017418	0.223920913927861	0.0365000405695781	-0.105712134135912	-0.311609169343901	-0.10288647721007	-0.316512186094503	-0.476658148651314	0.0978972224067896	0.133906723670647	0.271223376047436	0.320655967493005	0.229273871320373
XLOC_017423	-0.508962751801993	0.107829071974868	-0.241786996925396	0.695958543542807	0.352617641248564	-0.0423329427019654	-0.385174412193197	-1.17339225447382	-0.634125959474992	0.331911039719127	0.834062544419126	0.663396476666872
XLOC_017445	-1.20532142673776	-0.453836501672303	0.00187657516679529	-0.331400957369445	0.0571179077772772	-0.645904702973027	-0.0341747442759504	-0.234484334691372	0.238078259749285	0.704730241386549	0.86822769723211	1.03509198640785
XLOC_017464	-0.0874600299480361	-0.50325602425302	-0.88182362855991	0.562467456459602	0.301444098669902	0.276661109650201	-0.594679962756793	-0.0484370621123267	-0.246333907514563	-0.311093234948867	0.852013549360228	0.680497635953587
XLOC_017467	-1.3219925272639	-0.29258322086766	0.124922753529972	-0.254093136681997	0.27246844530379	-0.499610909016663	0.0965598353893782	0.165775563228136	0.262112817461801	0.994621605844475	-0.112311126819983	0.564129899892651
XLOC_017468	0.0930423887019343	-0.284120079654717	-0.543382791382112	0.775452119010821	0.170144847348529	0.814425174413405	-0.130971734546065	-0.323840281643862	-0.407401611933484	-0.132218792444911	0.204917439973126	-0.23604667784266
XLOC_017471	-0.3160123680994	-0.518399087566655	-0.614188728257966	0.404161200978251	0.454938592203403	0.855339712664861	-0.367748846008991	0.138794792835887	-0.352550334344159	0.136141244256356	0.275910364134118	-0.0963865427957025
XLOC_017473	-0.481157950144043	0.0421874830271758	0.183676414233652	-0.243832871103482	-0.193304196021918	-0.300692137545031	0.151364178063861	0.233779946242926	0.18374091164223	0.129518905650029	0.087618379802322	0.207100936152289
XLOC_017480	0.837937892312341	0.251998968259207	0.718161555520785	-0.482243709003972	-1.03782627113926	-0.892361971058809	0.91027156156705	1.24052029353642	1.01107997129164	-0.231226068048636	-1.13136012895373	-1.19495209428304
XLOC_017483	-0.308599732906945	-0.255467535351197	-0.248085375767427	0.990119780142114	0.600439082047153	0.917806643034589	-1.05765615316819	-0.0605499987289777	-1.00435973536829	0.565211970901156	-0.402125786737488	0.263266841903508
XLOC_017486	-0.227558597911209	-0.598010837543661	-0.246990312633597	0.0476057386465421	0.285406103476788	0.15973513713784	-0.533743262218129	-0.641692027032942	-0.3660448218649	0.829336191149583	0.642244258095214	0.649712430698461
XLOC_017487	-0.404491340554168	-0.72355371164403	-0.685495269424278	0.234506295570213	0.389923165967373	0.14003165090509	-0.47204035310919	-0.655084654054331	-0.542991685230897	1.13424496843719	0.836618406066863	0.748332527070174
XLOC_017489	-3.87732000808364	0.594077217742077	0.388916904413063	-0.514683292213161	0.733666815038158	-0.149198905703191	0.382816022115355	-1.14893178856876	-0.0487497794934946	0.3603769814296	1.1380157518931	2.1410140814309
XLOC_017490	-0.280967802734004	-0.127985674100701	-0.77715743218876	-0.203832355411119	0.0445354235119471	0.372033848350672	-0.118602682820016	-1.4658876370474	0.52745684472476	0.650020533835247	0.867120274481919	0.513266659397448
XLOC_017492	-0.415756014781073	-0.314184469124441	-0.413023014316015	0.35910158963476	0.454039105056123	0.573267232934657	-0.583065427922508	-1.23098632523966	-0.0515771477649452	0.37814300238841	0.628725900676415	0.615315568458272
XLOC_017493	0.405294895651275	-0.326375543127702	-0.509547505239152	0.542246748961466	0.704558598463232	0.470309211235669	-0.948590851088317	-1.18945287253951	-1.34393859343152	0.733243362380427	0.862698255587411	0.599554293146714
XLOC_017514	-0.00465146779873571	-0.0234604561388174	0.0890376623940012	-0.0284450933393128	0.406767094099628	-0.160868091678941	1.13902531632568	0.014388822493264	0.845236603352855	-1.11363208778768	-0.580286302572794	-0.583111999349152
XLOC_017516	0.66467104811391	0.224921821294676	0.268771480480835	0.23495713837098	-0.206452984231988	0.468647428466141	-0.50516276713498	0.0450778747502634	-0.0662243049149591	-0.449883424546591	-0.254208152477769	-0.425115158170519
XLOC_017519	-0.699396501869376	-1.19176520548697	-2.14468779897616	1.03659709466678	0.71328760392751	1.05856423657394	-0.000313364760892831	-0.25620658216052	-0.517142682669726	0.585137299842362	0.721276870371639	0.694649030541417
XLOC_017520	1.02842013843873	-0.0357782218043647	0.491754059455642	0.0300059049029784	0.795581754880278	-0.132566619177892	0.0273428562796543	0.611559233725993	0.594972508565576	-1.68843128282092	-0.517548371803543	-1.20531196064213
XLOC_017526	-0.0561009051558869	0.121699231494635	0.234197350027453	0.336452953413112	-0.865317874741548	0.314501264768609	-0.71917491321395	-0.589820420308162	-0.372009013309115	-0.112001004817842	0.894063149625405	0.813510182217292
XLOC_017527	0.359436085933009	0.284754217607038	0.137735062219459	-0.4064015528123	-0.448046239699909	-0.298115593538947	0.0244681271510689	0.161584114192594	-0.0123330227197673	0.172333657838291	-0.126650025238565	0.151235169068023
XLOC_017543	0.0672732982976836	-0.304766158937274	-0.267876860299665	0.702413945996147	0.353048833767604	0.659845497024182	-0.0600955156397092	0.0969469272429606	-0.631384270277981	-0.247001381490107	0.0273672717068543	-0.395771587390686
XLOC_017586	-1.70026128714731	-0.174467267909603	0.669730657599249	0.369958198401714	0.996413955215272	0.314810471351367	-1.70026128714731	-1.70026128714731	-1.70026128714731	1.0955073317747	2.10872252130097	1.42036928085557
XLOC_017594	-0.522107960423758	0.848276294415579	-0.0292940262832788	0.183056360409092	-0.0374077724809947	-0.0342421414939516	0.225722587168783	-0.176147640318459	0.516141077991786	-0.546029510801251	-0.41734151912364	-0.0106257490599075
XLOC_017608	0.0794173476162268	-0.0427199465897292	0.0155345816403791	0.334352074138906	0.409958937282529	0.508772992251838	-0.735786903797523	-0.182053475135893	-0.378199711888572	-0.0989400277488013	0.140079254065641	-0.0504151218349982
XLOC_017650	-0.192223270570156	-0.308365572086096	-0.420395613091649	0.729934437981679	1.20719432877344	0.309604215341834	-0.41507773260441	-0.165651840982086	-0.767251632178568	-0.233130880017776	0.145169870058871	0.110193689374918
XLOC_017657	-1.57187074551325	-1.57187074551325	-1.57187074551325	-1.57187074551325	-1.57187074551325	-1.57187074551325	0.567726347618999	0.766719625042698	1.11600162469459	2.1160875493371	2.78734789022473	2.07734143616138
XLOC_017661	-0.0360579695628385	-1.28925926803008	-0.300059455733433	0.978864598121821	0.825522423487719	1.59375162432797	-0.207925560535405	-0.448787581986594	-0.44039950585818	0.196123519958627	-0.914563617149521	0.0427907929599058
XLOC_017671	-0.361229298516178	0.66266103164065	0.268042795242678	1.77794869616418	1.38043053048159	1.06362506694665	-0.815595465745075	-2.95519255887732	-2.95519255887732	-0.159423939955309	0.853791249570954	1.2401344519245
XLOC_017673	0.305188091288003	-0.393443179419707	-0.118786594789755	0.272145979072508	0.781782501837387	0.420247149247127	-0.999375004514416	-1.26298354116627	-0.399654476859036	0.681399676184505	0.556835381490898	0.156644017628753
XLOC_017681	-1.21608023708269	-1.21608023708269	-1.21608023708269	3.68095254241616	-1.21608023708269	2.1239151652375	-1.21608023708269	-1.21608023708269	0.679920807446059	1.57968838183932	0.448084762639773	-1.21608023708269
XLOC_017684	1.32412429756079	1.14326645247062	0.78565982824289	-1.40412089719957	-1.41065315703839	-1.54171558029462	1.17253591953637	1.19178662987892	0.981528008172111	-0.811216011089796	-0.834118350659395	-0.597077139579932
XLOC_017709	0.0137165517922773	0.665541837860395	0.440258496948029	-0.124929056437894	0.0932828529504706	0.155210238034234	-0.250481364503561	-0.335538292998533	0.241815694324163	-0.696478538004206	0.127140760151895	-0.329539180117268
XLOC_017744	-1.00496922670693	-1.64858426162457	-1.82541460789373	0.635397563448699	0.668416786225944	0.887468014125814	-0.181729592594687	0.213713958623218	-0.135036498553472	1.08466983840615	0.725924596490124	0.580143430053443
XLOC_017776	-0.6503607449361	0.0256248627733306	0.274072571148228	0.078788879418652	0.417749973523224	-0.383139944189961	-0.466362860052119	-1.48592262213677	-0.468083382030419	0.748104961840006	0.725790095734444	1.18373820890749
XLOC_017779	2.98938958695116	2.48585249241876	2.32455606791809	-1.29013585912347	-0.87688059503023	-0.609382945779561	-0.3927690717272	0.591585876350449	-0.653149883573248	-0.764024682974012	-1.82176556148358	-1.98327542394716
XLOC_017802	1.20056389045651	0.132394649333075	0.231728891590515	0.676820115644392	1.30327587245795	-1.39339936990463	2.4770224293894	0.945191000651314	-1.39339936990463	-1.39339936990463	-1.39339936990463	-1.39339936990463
XLOC_017820	0.584700009597974	0.299510760860422	0.0200844204893276	0.0103466934707042	0.13209009718976	-1.14854098714989	-0.107277861172758	0.210487624167878	-0.0943186749536666	0.0289355717770823	0.0759323123197806	-0.0119499665966094
XLOC_017855	-0.564210558104172	-0.112395896739674	-0.379861780234318	0.165448063838797	-0.143970207850938	-0.143084426273919	0.360541928566066	0.12937146223741	0.303786209943771	0.529691749989501	-0.0320526888406416	-0.113263856531885
XLOC_017857	-0.475808880835428	-0.264203028215157	-0.221747509107656	0.253966099209428	0.243270891917764	0.128954656961344	-0.284872366958556	-0.343923002787085	-0.192691158427358	0.382605957262649	0.429160815185803	0.345287525794248
XLOC_017860	-0.362991151176915	0.0632500678436818	0.41986375102595	-1.38190851870725	-0.24290178948694	-0.0291959214730522	-0.0398451529756692	0.28053740769714	0.345984563742459	-0.701995438733176	0.742595636689187	0.90660654555459
XLOC_017864	-0.260593312040854	0.0166039665013038	-0.137279060665039	-0.575974625223258	-0.379661504939561	-0.78047263510989	0.550714402259921	-0.180594835907735	0.281176576145347	0.424724800915804	0.637905285145251	0.40345094291872
XLOC_017895	0.14096903905227	0.139148624407393	0.271224264220045	0.295726117212769	0.123615901458313	0.433682860537253	-0.912797345243958	-0.602406389971527	-0.807146251847565	-0.148864614138744	0.328303875601022	0.738543918712731
XLOC_017897	3.62803427394293	3.48999038975567	3.058750010833	-1.21284952156287	-1.42160552672355	-1.28128720617474	2.19043086163842	2.15520131222436	1.32903537114722	-5.30010483199872	-2.88363944332039	-3.75195568976133
XLOC_017929	0.786661957221708	-1.02840663335238	0.596721628142767	-1.02840663335238	0.875224138925697	1.79616035950191	3.14407834967457	-1.02840663335238	-1.02840663335238	-1.02840663335238	-1.02840663335238	-1.02840663335238
XLOC_017939	-0.429741525133963	-0.273066685907295	0.472625045581855	1.08032938194632	0.513298307034886	1.12717079978722	-0.608137346147641	-0.166227431315755	0.148738577279673	-1.15323041833217	-0.272609157069958	-0.439149547723181
XLOC_017954	-0.457291533326855	-0.284632155286242	-0.136315846663773	-0.469593379200013	-0.110598981419535	-0.258931583454956	-0.0253767417225044	-0.0427891041546618	-0.0341218467469613	0.300817460312949	0.730035275401542	0.788798436261009
XLOC_017961	-0.0278698232384329	-0.233776532700972	-0.193008461783371	0.487717146890517	0.24498565007266	0.410510054182703	-0.139849058871329	0.169430373933709	0.0048449514297193	-0.644590007127855	0.0938012611064405	-0.172195553893781
XLOC_017968	-0.0341743660436524	0.589385299304099	0.672901139658844	-1.99015159933251	-0.752394075460268	-0.214362560332547	0.0272082183517561	0.000586666670161051	0.411809950393166	0.72397665816371	0.852155895435642	-0.286941226808401
XLOC_017979	-0.840331281785737	-0.840331281785737	-0.840331281785737	-0.840331281785737	-0.840331281785737	1.17474047671294	-0.840331281785737	-0.840331281785737	-0.840331281785737	3.95398248472531	2.43425857463338	-0.840331281785737
XLOC_017983	0.494572097019468	0.185713497554024	0.0271360208062941	0.200082309163003	-0.133810960963634	0.340911679581133	0.116371860636793	0.0597687811868273	-0.174686199052404	-0.589467009870884	-0.101219246944414	-0.425372829116213
XLOC_017996	-1.23371853783226	-0.437050155990727	-0.185328605220939	0.262601586726335	0.816408838452927	-0.356909328149699	-0.811353337588534	-0.564834847159725	0.838965875265988	0.0994560329494529	0.188359997836744	1.38340248071044
XLOC_018005	0.650794378867868	1.15760661035711	0.76426885490566	-0.840467390752949	-1.225576202281	-1.26721251398849	0.777457339771517	0.914942824533262	0.20291576771916	-0.368887059106792	-0.187783965525479	-0.578058644499866
XLOC_018014	1.01914525586822	0.803005971560623	1.27762181717238	0.233169377225185	0.16473583851549	-0.185274979450212	-0.131445300777624	0.214207338926685	-0.338142223311831	-1.35410337544465	-0.159686886013478	-1.54323283427079
XLOC_018015	0.457072944095645	1.00224501597392	0.58455898648526	0.636312936534417	0.472206471603679	-0.361827969540033	0.0911611970636459	-0.0682341181415893	-0.31695359004317	-0.762208696828496	-0.835370605936988	-0.898962571266294
XLOC_018036	-0.435315445180354	-0.268443921455475	-0.201012544700189	0.0280263282390436	0.293404732901239	0.1696443424403	-0.0492878592178361	-0.0217702860472304	-0.00909071524757543	0.154144541083944	0.17221706982753	0.167483757356594
XLOC_018039	0.0241185373692865	0.360468592266239	0.406702241496546	-0.282241169201022	0.152403120108126	-0.425136149067441	-0.120379796598343	-0.122479558253705	0.238069172298932	0.0404149888493972	-0.39124351035132	0.1193035310833
XLOC_018098	-2.15974743600129	-1.42642919882629	-2.34038828537352	0.986863560156619	1.06019251900421	0.740089781746521	-0.121698115818105	-0.636845641973765	0.113801206923823	1.30416509223016	1.27211850508237	1.20787801284926
XLOC_018100	-0.395080890583364	0.270525496489029	0.232556570883476	-0.887444448811698	-0.561413800409539	-0.743670908565321	0.780745430137955	0.0355131017532528	0.693971724164806	-0.589187636702867	0.329164482985977	0.834320878658303
XLOC_018118	1.23310731761836	-1.22707615956289	-1.85257834339621	1.41932617460749	-0.272219295691946	0.541111020932611	1.25281777784918	0.789930144646088	-0.28150473276939	-0.681937985969347	-0.203116748472246	-0.71785916979169
XLOC_018120	0.751521837859995	0.512025960482565	-2.02594776976856	1.86598667925978	-1.74744525898563	1.01204548293394	0.0407231851032903	0.275235272155999	-1.75507498673496	0.33624899804781	-0.084687720580837	0.819368320226597
XLOC_018162	0.559824301503288	0.81841166883228	0.67349322792945	-1.06608583765969	-1.1672310948023	-0.712530426430617	0.835190286096629	0.826508359187954	0.486132517600236	-0.532188101135072	-0.0937605869794913	-0.627764314142667
XLOC_018163	-0.318731783531174	0.461836208118085	0.16322910375309	-0.362323775680776	-0.250389569332628	-0.695395327635338	0.309046899432368	0.256984644237951	0.591849231876914	0.0432078839914158	-0.0137839965092628	-0.18552951872064
XLOC_018164	0.733248792183725	0.74310931536186	0.670596742082556	-0.959246318409312	-1.3275408844169	-0.453758049073243	1.27539309283836	1.3107942590805	1.32571070163867	-0.585370261529371	-1.25175466912964	-1.48118272062721
XLOC_018166	2.01980994410324	2.74617915022177	1.78161659054545	-1.0771794351655	-1.0771794351655	-1.0771794351655	-1.0771794351655	0.521680654216196	-1.0771794351655	-1.0771794351655	-1.0771794351655	0.470969707071876
XLOC_018179	0.994213912522662	0.650881097489988	0.770242596908076	-1.59974934783848	-1.59974934783848	-1.59974934783848	1.65060352450597	-1.59974934783848	2.72597183112335	0.390117735802524	0.81671604083984	-1.59974934783848
XLOC_018185	1.49801713507491	-1.59897224419384	2.54487634088354	2.18741735046028	0.304658528084234	2.66796927121293	-1.59897224419384	-1.59897224419384	-1.59897224419384	0.390894839447165	-1.59897224419384	-1.59897224419384
XLOC_018186	-0.986983582580006	0.452351034100194	0.119184108026512	-0.50499063496246	0.346425148794446	-0.631499373409147	-0.337508268975387	-1.10526146286094	0.0433532392286278	0.828357341825618	0.575988710559229	1.20058374025332
XLOC_018187	-0.697493820768558	-0.549504662982481	-0.929204340449702	0.803246051405277	0.932799095470501	0.95475616910458	-0.716330704423367	-1.45328333999155	-1.03611479196433	1.10213545572614	0.675443894581998	0.913550994291492
XLOC_018194	-0.708361190273452	-0.0099532928760242	0.00811969334629659	-0.511100435838301	-0.657435288843503	-0.65936287056956	1.18541012993111	1.18232484115899	1.18121271291525	0.212686217900576	-0.730779842879461	-0.492760673971918
XLOC_018197	-0.546858888625984	0.760385227333731	0.420920659954365	0.277655579398037	0.428829508741714	-1.42652697118863	0.679069298182394	0.539143781397311	1.02623519808723	-0.779197344197315	-0.262345857248642	-1.1173101918342
XLOC_018201	-0.130117596176699	-0.407009682803507	-0.491997607342993	0.571226752275358	0.327874077088826	0.529510729832632	-0.258506712088998	0.0363839079396389	-0.129062978072755	0.0468439169407908	0.0511116077963987	-0.146256415388692
XLOC_018241	2.61970391047698	2.32293666664378	1.77363351385678	-1.95679398005685	-2.15709714022359	-1.6436171217233	1.58730280325256	1.7348744168565	0.802662669832526	-0.916059968515147	-2.45417350265185	-1.71337226774838
XLOC_018247	0.178991961690013	-0.184974004560821	0.0279964644695809	0.532996579461072	0.157949821284374	0.771919086241139	-0.515730576586723	-0.3074075492665	-0.393168108270879	-0.00984570461219469	0.102989756955287	-0.361717726804343
XLOC_018260	1.1977711641603	0.692464709040495	0.793017653731003	-1.79080707315877	-0.235117394136737	-1.47763021482523	-0.0646831004796473	-0.653140732435961	-0.123557604504731	0.571482808953888	0.275439981448793	0.814759802206602
XLOC_018273	0.783666510656505	0.772101011466413	0.478022831113778	-1.92098969547238	-0.845428075931851	-0.345398520861991	0.497778371140655	0.602414024767993	0.418797371506644	-0.519108038271406	0.228042431890957	-0.149898222005318
XLOC_018278	0.869924024315948	-0.208073867737547	0.370114989223974	0.22109181981456	0.243085339889204	0.559811819016534	-0.727353617201965	-0.374928085798252	0.0424760935745017	-0.175487147036175	-0.687375777955535	-0.133285590105243
XLOC_018284	1.58987173118776	2.05307522447221	1.67794168180296	0.173886527441464	-0.037096892314155	-0.822191489063882	1.22589224968746	1.69113774994118	0.510031456175095	-4.16218689138408	-2.49802189166161	-1.4023394562844
XLOC_018285	2.45664850369409	2.69094676976375	1.94231104818015	-1.25166197969296	-0.558107211879693	-4.13899445489064	1.30659721680058	0.739076286309711	-0.0237238486139519	-2.14912737124963	0.365182061369548	-1.37914701979097
XLOC_018287	1.52660373899164	1.29916910373644	1.07586797948513	0.0878965920037773	-0.383408662721688	-0.733419480687391	1.21693579120417	1.28428949488644	0.265310248119257	-1.90224787668183	-1.64561959282798	-2.09137733550796
XLOC_018290	1.00481441343419	-2.09217496583456	0.766621059876393	0.795157509363119	-0.188544193556485	-0.0771032073358842	2.21052230352965	1.83413633758514	2.02309564044213	-2.09217496583456	-2.09217496583456	-2.09217496583456
XLOC_018291	-0.305514327220348	1.21127341050925	0.696503954361254	-0.228378879897464	-1.61895894797073	-0.0486926749265395	2.3971681147044	2.11431242943556	2.69475220048578	-4.31563419033331	-1.0410443339142	-1.55578675523364
XLOC_018292	-0.364854278397495	-0.492227564988198	0.273559825126169	-0.137732914005113	-0.626984798801612	0.389447475893054	1.84196105064809	2.05260913594015	1.80691193174175	-1.42085506369078	-1.61992453835442	-1.70191026111159
XLOC_018312	-0.0654730895815145	-0.262926583958627	-0.124903215004688	-0.472783469065946	0.246845884898308	0.140856620836956	0.323456004672188	0.15044133113288	0.291163348746434	-0.436001375797216	0.264144432797783	-0.0548198896765495
XLOC_018313	-0.0907638329217582	0.20977356884242	-0.361232104421253	0.49375108391857	0.803718853946989	0.119833393206906	-0.70908981935202	-1.82014328961283	-1.25707728273367	1.12651749078769	0.841668404969828	0.643043533369117
XLOC_018323	-0.160716008833787	-0.693154858480279	0.274144927579038	0.289320314623499	-0.0983185057163496	0.319243617359215	-0.959676008851258	-0.854358077408428	0.00522288694096584	0.074555653829977	0.72435738845831	1.0793786704991
XLOC_018325	0.310222881635211	0.737995233189976	-1.3299050367312	0.0864926131763704	1.26158316691044	-0.87532998862346	-3.69989698147775	-2.10103689209605	-1.01202461126991	2.64429431328107	1.62373737543241	2.3538679265729
XLOC_018331	0.442345780350953	0.321529526738241	0.346908882081805	0.204005349191536	0.433417425337771	0.307379315272119	-0.416529122828408	-0.719860369448285	-0.124071811452587	-0.611151537740613	-0.321275717755474	0.137302280252938
XLOC_018357	0.646445064056839	0.235194857227744	1.08465614185362	0.0899892802546116	-0.471420409885322	1.85667741867255	2.06106895627753	1.32197709724025	1.1208482631787	-4.80704349924424	-0.60898926297641	-2.52940390665588
XLOC_018358	0.910036159704982	0.763006078459226	1.72600185583431	1.2324077983771	-0.951216739780671	0.864119815640956	1.31763747096821	1.68860929803022	1.01394079894191	-2.85484751205875	-2.85484751205875	-2.85484751205875
XLOC_018360	2.05791088767579	0.114460042794476	0.958657968303329	-1.41133397644323	0.492296795834846	-1.41133397644323	2.76115100658372	0.18752611293847	0.484667068085517	-1.41133397644323	-1.41133397644323	-1.41133397644323
XLOC_018371	-1.81180722256482	-0.286013203327111	1.04698880314614	-1.81180722256482	-1.81180722256482	-1.81180722256482	0.32778987056743	2.11450408085488	2.30346338371187	0.178059861076189	1.09660372420634	0.46583237002354
XLOC_018372	-0.291640136928699	-0.0420275215785564	-0.0841958209727629	-0.269030626906495	-0.485791185740485	-0.227446195450437	2.10123423437167	1.86959288817179	1.64030004169879	-0.494599061976705	-2.00254681173825	-1.71384980294985
XLOC_018374	-0.41178337708152	0.100104488305881	-0.244898516613128	0.0614531339258306	0.268649414294757	0.330065909382226	-0.632002639591454	-0.578901650865774	-0.537571399311522	0.674099970367045	0.354374788421717	0.616409878765944
XLOC_018382	-0.449978028031453	-0.37115439439862	-0.182573609292355	-0.109852074585266	-0.060333934560501	0.315036223960743	0.578295150737716	0.809229773534661	0.156199472413859	-0.100906922574858	0.133961134555564	-0.717922791759493
XLOC_018389	-0.225385794192466	0.542072067634913	0.379481430661618	-1.0113616728355	-0.0362464680725392	0.111358722727677	0.980599734621326	0.880396775041719	0.797980131472832	-1.11408068582331	-1.27250599679494	-0.0323082444413343
XLOC_018392	-0.12000570834688	-0.146374603303007	0.5348991912212	0.283156709982299	0.276446396689247	-0.308196423140405	-0.445457673803225	-0.952677737345534	-0.64463696773848	0.392539084497304	0.340925236593838	0.789382494693641
XLOC_018410	0.728103758274569	0.532984218457288	0.070052209289976	-0.882444006084691	-0.766590247785233	-1.15544655083057	0.639155764374261	0.958370666421826	0.573116867301874	-0.380984763021385	0.126852653352671	-0.443170569750587
XLOC_018411	0.626316145376284	0.394815952024917	0.397292892134793	-0.70596348865236	-0.621810943649383	-0.361468014991427	-0.27108453720075	-0.259360567991315	-0.127928797349124	0.521192636232717	0.0651577557876433	0.342840968277999
XLOC_018419	-0.572849868218363	-0.557195389423017	-0.309099983106593	0.587278376795812	0.606730535264436	0.828900830382569	-0.293859963810785	0.188254083733113	-0.300776090074658	0.418276579096959	-0.139269056918748	-0.456390053720735
XLOC_018420	-0.0299886406530572	-0.330294331233732	-0.181268700219951	0.463827815767697	0.516489544172574	0.560734332463175	-0.18422590330519	0.0516813742200863	-0.0971115763315762	-0.244774402617756	-0.0216043289025514	-0.503465183359729
XLOC_018421	-0.0205932446458572	-0.470418618235616	-0.379258360000284	0.579343212597896	0.31879900786255	0.694947449432957	-0.19512716810093	-0.00836763418366182	-0.0996704157689585	-0.308794244773374	0.0563570554414667	-0.167217039626189
XLOC_018434	-0.198973319323706	0.394471111005159	0.625956712527547	-0.801748250505793	0.123351340629323	-0.444283845149246	0.0718313570373112	0.482582224269907	0.813943340638862	-0.197317648442835	-0.287828341409135	-0.581984681277399
XLOC_018441	-0.00673712691834716	-0.131448349271365	-0.227826220474435	-0.09391667203667	-0.0994119308538135	-0.0980237892752598	-0.316069780116448	-0.435119293542153	-0.31491406145501	0.410661741882583	0.62068441906206	0.692121062998853
XLOC_018449	0.450509916606429	0.259109950145403	0.179091019478543	0.563780288196867	0.165207519641055	-0.0902541080679473	-0.717054796461431	-0.197250618120939	-0.159062052233146	-0.123599302161105	-0.057449694178314	-0.273028122845412
XLOC_018459	0.0175723432705475	-0.873761120133002	-0.289277268855257	0.932608625312171	0.121649189529421	0.994981989439284	-0.710039376350731	-0.292674172642032	0.340315917079482	-0.398484526309606	0.198595130804351	-0.0414867311446319
XLOC_018469	0.514292780523877	0.120137392962288	-0.192791029814207	-0.712011158998805	0.0553628306324585	0.126734010134245	-0.958231367593709	-0.101597069651562	-0.670342246678262	0.70026657920128	0.635031619728538	0.483147659553853
XLOC_018474	-0.196220556077716	-0.293375355225669	0.255091385646913	0.4536273547545	1.01465925115233	0.640192825313675	-0.988379133935102	-0.4970338455313	0.0243467428831181	-0.21975591727984	-0.40428892365592	0.211136171955002
XLOC_018487	-0.739894125815467	0.335160702850353	1.38378536243076	-1.89902691811156	-0.343337239089522	-0.0758395898388526	0.300721259628979	-1.58516896146739	0.258059847928441	0.871666891790533	0.167220136496009	1.32665263319771
XLOC_018488	0.785526586074409	0.365154654278586	0.212514820882117	-0.783439860157954	-0.36925062137941	-0.548629452384004	0.238935324919337	-0.136654514378881	0.43768069551786	-0.182290222425329	-0.0409559133032973	0.0214085023565644
XLOC_018491	5.89513764822823	5.73035504851624	5.67663612296823	-3.15455352803544	-1.25092275575736	-1.13948176953676	0.537245688331553	0.323797657427088	-3.15455352803544	-3.15455352803544	-3.15455352803544	-3.15455352803544
XLOC_018492	5.7115654751626	5.08700393260671	5.33351631176456	-2.24170150943824	-0.338070737160166	-2.24170150943824	-0.102104416305995	-2.24170150943824	-2.24170150943824	-2.24170150943824	-2.24170150943824	-2.24170150943824
XLOC_018493	5.76756234956632	5.72386163054511	5.4799653027973	-2.0633610413656	-2.0633610413656	-2.0633610413656	-2.0633610413656	-0.464500951983902	-2.0633610413656	-2.0633610413656	-2.0633610413656	-2.0633610413656
XLOC_018504	0.517510808805783	0.0955747206834534	0.223829924667777	-0.226509010989247	-0.790784280096883	0.160905684976287	0.541466088401782	0.687864745033297	0.597495051523344	-0.703104435981135	-0.522327637263736	-0.581921659760715
XLOC_018515	-0.519028228237467	0.128057753777528	-0.0905160758788401	-0.251090986743145	0.00211481888949727	-0.32360274422357	0.447689915468798	-0.322870153381655	0.033006065787875	0.913487695472426	-0.213964413716411	0.196716352784973
XLOC_018523	-0.492583884303325	-0.27435515451844	-0.131398001293111	0.331930583720696	-2.01557212682359	0.261367041109411	1.24926238134588	1.03607919444634	1.91689283395976	-0.724922339874657	-1.1458590585033	-0.0108414692656691
XLOC_018524	0.052984234345903	-0.519918459902002	-0.0800341596573375	0.0485532653399225	-0.600808088264318	0.34212106997442	0.803842335829044	0.554097580862804	0.777053136112738	-0.229150968102291	-0.579648182532854	-0.569091764006021
XLOC_018547	-0.59394893367667	-0.175282336593213	-0.420843994065781	0.434874566130638	0.329530464632254	0.951856987057562	-0.530946693137731	0.272686315438243	0.0311737856288268	-0.232580192813204	-0.0634173286016111	-0.00310263999930793
XLOC_018556	-1.31990695682003	-0.526925820613045	-0.168993919495287	-0.536565744288799	0.402711523000869	0.144187169055106	-0.264550540287785	-0.110462612255828	-0.759069449621921	1.31123374898234	0.0734173117451329	1.75492529059925
XLOC_018561	0.312086066500509	0.433629516621204	0.248724717431603	-1.08804851553283	-1.08478276733246	-0.916324734003943	1.04754300928739	0.808671034929011	0.840764949804658	-0.175560075679595	-0.142202926321344	-0.2845002757042
XLOC_018568	0.447904511131642	0.42447348271782	-0.35791147950347	0.911431555001275	0.28380413048053	0.350069293971057	-0.947931118540476	-1.44373832077834	-1.79870933134218	0.682715955889293	0.8953386199575	0.552552701015349
XLOC_018569	0.0644706181708696	1.77753616761752	1.91986791690004	0.876297827175881	1.05139460082067	0.810502760129918	-2.52949264219028	-2.52949264219028	-2.52949264219028	-0.539625558549268	1.03689566849259	0.591137925812604
XLOC_018570	0.22489771392252	0.133783977292949	-0.385551124485546	-3.2443471501965	-0.547671907833918	-1.22927539169782	2.02132775853376	1.90514538697323	0.326993142659359	0.0654128766325113	0.564636658251777	0.164648059947682
XLOC_018590	-0.354279164300815	0.0265226441292663	0.200030851615777	-0.20356699649699	-0.703541029406175	0.370408148126197	0.611697831362657	0.0840046925607973	0.77027822499625	-0.258726924707434	-0.32223199997499	-0.220596277904544
XLOC_018599	-0.381699771216654	-0.457669542283325	-0.582301177668583	1.04928336540466	0.418103048912492	1.09232128252388	-0.221990178430785	0.0298643020793694	-0.0766053958552533	-0.615379002931356	-0.131869622411564	-0.12205730812288
XLOC_018608	-3.58204628670515	0.97581852126556	-1.95691802521	1.71785820880947	1.10017968404583	1.96114340624939	0.288375512588881	0.344265016714552	0.743674892256684	-0.272286259876139	-0.0156579760222839	-1.30440669411679
XLOC_018609	-0.406545396685734	0.958344882844235	0.561234151894615	-2.55598939601955	-0.290585792209662	-0.607391255744607	2.08659342346914	1.17557435390698	1.42523634208574	-0.938250586718229	-0.817225073120301	-0.590995653702621
XLOC_018611	-0.738028936408658	-0.375792654795091	-0.733433708161257	0.836624782662212	0.577422965341547	0.764096723696087	-0.373488707427952	0.306130367499022	-0.152793378925214	-0.377615076979259	0.12358539281823	0.143292230680332
XLOC_018618	-0.91256454394742	-0.713635895961974	0.135825388663898	-0.343308598356984	-0.456425542270331	0.12182675700256	-0.695793500632849	-0.450208097527818	-0.278556100803856	1.21939100601528	0.835825397200962	1.53762373061854
XLOC_018626	-1.84933220796325	0.621689016023836	0.428423811919759	-0.559547575561592	-0.205598316397645	-0.517963144105535	0.354625453903249	0.091744671203184	1.08869641192186	0.855070153174391	-0.459713547773575	0.151905273655318
XLOC_018665	-0.802276295918779	-0.148941364844193	-0.513708636403587	-0.352239972461494	-0.162129701518859	-0.0135199732595188	-0.136411136353317	-0.211147723945381	-0.0580913450652707	1.18494359284139	0.433777084122013	0.779745472806996
XLOC_018682	0.638049560626353	0.570285890066227	0.444284577789112	-0.179331284623377	-0.133975384828647	-0.303141850509894	-0.693216145231172	-0.810971739478147	-0.409315162879214	0.401770814826158	0.106126332462596	0.369434391779997
XLOC_018683	0.63084933216054	1.10723267304941	0.860475691692987	-0.364360077322353	-0.423352038001669	-0.720959434589752	-0.318193503952377	0.0467387028252482	-0.311092802754061	0.525080570495971	-0.733317799624193	-0.299101313979757
XLOC_018684	-0.1118129367826	-0.304973559677816	-0.62709593857662	-0.98920118723109	-0.740833408308023	0.0304879508017057	-0.171764204784995	-0.664326116484258	0.309906808800602	0.976309082420391	0.766566016442076	1.52673749338062
XLOC_018686	0.5064376039196	-0.372828146509753	-0.501307364797857	-0.111525826696399	-1.43152685750752	-0.515305996459195	1.54101791129499	1.20511014062721	1.79796786439329	-0.4063211096757	-0.549984491786695	-1.16173372680198
XLOC_018695	-0.103134672090503	0.291990220008257	0.440611197587212	-0.103138716567838	-0.212569604645193	-0.916725429630111	0.890684365659161	0.697594078496581	0.715639102189601	-0.208629457849433	-1.00461371481555	-0.487707368342182
XLOC_018696	-1.16516634951173	-1.16516634951173	1.20482559523483	0.905053136037295	-1.16516634951173	1.65940064334257	2.8641790512713	-1.16516634951173	1.52270602069611	-1.16516634951173	-1.16516634951173	-1.16516634951173
XLOC_018697	-0.324150004448681	-0.0775346994092256	0.18230757369172	-0.268721094979869	-0.556077624776898	-0.510563511154144	0.90445637923445	0.607992716855382	0.738328945035832	-0.562082663736033	-0.0739054402197201	-0.0600505760928218
XLOC_018698	0.234367651683437	-0.036959937357496	-0.312841695697384	0.165460262616251	0.135683537675297	0.341704058507983	0.149182431850165	0.808822400818162	0.888965960846711	-0.984913989240704	-0.453984664949198	-0.935486016753226
XLOC_018702	0.0743491077049541	-0.566421193964952	0.640198273418243	0.340659826570056	-0.12115739885231	-0.379681752798073	0.391751095187296	1.07014542332008	1.09771503337025	-1.16213506952908	-0.852084357130798	-0.533338987295673
XLOC_018706	-0.124934820511275	-0.365566721086434	-0.343117248048735	0.114836054327437	-0.0307405169842347	0.32749800682738	0.599492194133472	1.24927518038069	0.875340227453162	-0.856500457548641	-0.395893927193478	-1.04968797174934
XLOC_018707	-0.176107409855418	-0.0849437907355766	-0.486872479542645	0.124132616800256	-0.014928033250019	0.791827409694771	0.446340310438052	0.98836180287356	0.927017546896643	-1.14405192218547	-0.811360337021703	-0.559415714112456
XLOC_018717	0.79389458477853	0.755487748156096	0.46330893666104	-0.35393502248649	-0.751453188169076	0.0198681709406525	0.467094134100305	0.714706957947564	-0.0140363395077943	-0.0127402170835822	-0.115750055812128	-1.96644570952511
XLOC_018724	-0.679340773359346	-0.686551951547026	-0.0046999078973613	0.00742527720041863	-1.5312335816386	0.574604993750455	0.69611842870492	0.110855542642304	0.601528597380047	-0.036975273121338	0.502521847168087	0.445746800717444
XLOC_018734	-0.173178519839404	0.553190686279118	-1.64503963761301	-1.19994841355913	-3.27016789910815	0.0698275032120397	1.55007218918782	1.79439479900756	1.68122877707336	1.17635658179971	-1.60600289938569	1.06926683294579
XLOC_018735	1.86323623400899	1.77942793424174	1.25722371823209	-0.933725485497506	-1.11647268419723	-0.266316829079445	1.21857152357482	1.45672454650546	1.03234622262979	-2.32283512189023	-1.6953017029623	-2.27287835556616
XLOC_018747	1.19004901258117	1.30424175108524	-0.794464670194417	-1.58304121035635	-0.447773386705957	-0.313265293585178	0.217161103388659	0.453784949741372	-0.457058823783401	0.793263785002488	-0.744849749134214	0.381952531960585
XLOC_018753	0.734992821164343	0.385593707892546	0.0207808085738703	-0.0129131778825489	0.345643436786616	0.233660672328272	-0.300055191221372	0.0456007501533984	-0.243403895502827	-1.10107838118526	0.231315460615085	-0.340137011722122
XLOC_018765	-1.42663256235676	-0.149277877648501	-0.490170052188585	-0.458374979078981	0.00383564813005854	0.0374615635183773	-0.769397728462922	-1.47186780811016	0.097777790802871	1.91399886105468	1.1910383007198	1.52160884362011
XLOC_018766	0.203129911422945	-1.61193867915114	0.0131895823440045	2.17445091550298	1.59354863004827	1.21262831370315	-1.61193867915114	-1.61193867915114	-1.61193867915114	-1.61193867915114	2.19704512929713	0.665700913437216
XLOC_018789	-0.355305323119277	-0.51893046365084	-0.274220295307547	-0.362126632411503	-0.204178890233093	-0.17580232589931	0.0181255549263639	0.423886133082707	0.314308128491218	0.480585713002329	0.278413258246268	0.37524514287268
XLOC_018813	0.483177707121504	0.13984489208883	0.748010472471313	-0.0405660676906163	-0.207154780961564	1.22920984908055	-2.11078555323964	-2.11078555323964	-2.11078555323964	0.684983065682373	2.6457896400665	0.64906188186003
XLOC_018820	0.600439162496544	0.284122617743037	0.23650293904715	0.210823945317657	0.488813141654614	0.196984648062677	-0.576467626072291	-0.246323806279453	-0.317858410091733	-0.155902469685759	-0.570440116220946	-0.150694025971493
XLOC_018834	-1.74538050803925	-0.351276635709194	-0.743362226457646	0.40213091375614	0.623809734115051	0.454114251596084	-0.0524012027401275	-0.525808806435314	-0.369137064684671	0.640524006413883	1.10214503928573	0.564642498899318
XLOC_018837	0.718021283361185	0.588126239773965	-0.235248127775995	-1.92876502047137	-0.133871524918074	0.0106121271655955	0.315816946376228	0.561748741472689	0.135299180512459	-1.50633746884004	0.790483200544164	0.684114422799204
XLOC_018839	0.304109052302795	-0.720357689331455	-0.875253462700903	1.51600265489565	-0.219989511545737	0.16845269858587	-0.610592337619145	-1.27328878802133	-0.229700505820248	0.695824949690144	0.872837404894961	0.371955534669396
XLOC_018845	0.389452355373846	0.125639356104193	0.0175185181360291	-0.00186994357791015	0.0301008438873911	0.259366300829816	0.132937453221777	-0.0259424961837489	0.0824630501216319	-0.216452760845216	-0.342501501332825	-0.450711175734991
XLOC_018867	-0.860787748072155	-0.156304542464363	-0.0650928497820473	-0.44536923200575	0.218484163020445	-0.279807030211744	0.242867124351246	0.240170991983247	0.208101645673983	0.308886843736255	0.250275056417779	0.338575577353105
XLOC_018880	-0.387618063978724	0.0996484779897724	-0.0862938417938759	0.77417897662423	0.555421768190125	0.921321188573588	-0.676313480830881	-1.37878356047812	-0.983161380211756	0.411898942456809	0.947689680564801	-0.197988707105972
XLOC_018883	0.398757370564846	0.0886114888520879	-0.151852943795104	-0.305961654180672	-0.498406977668946	-0.209166416849429	0.648415824080592	0.386875791187927	0.495845142729197	0.140963813859475	-0.520052794310541	-0.474028644469444
XLOC_018885	2.73045647389812	0.78700562901681	-0.738788390220896	-0.738788390220896	-0.738788390220896	-0.738788390220896	3.13163340907313	-0.738788390220896	-0.738788390220896	-0.738788390220896	-0.738788390220896	-0.738788390220896
XLOC_018886	-0.189594077482191	1.37346845943317	1.21857268606372	-2.00466266805628	-2.00466266805628	-2.00466266805628	1.48323381114548	-0.405802578674578	1.86412564294438	-0.0147955844152712	0.411802720622044	0.27297692453208
XLOC_018903	-0.520039806734191	-0.874103068198155	0.0331584908528901	0.33483285437981	-0.339304942442498	0.346782719488392	0.786557275410074	-0.314432618531815	0.305363914766471	0.43107111878276	-0.176890488647093	-0.0129954491266453
XLOC_018926	5.34621651282997	4.49352078734376	4.58071149644396	-2.01765621990352	-2.01765621990352	-2.01765621990352	0.121940873228731	-0.418796130521816	-2.01765621990352	-2.01765621990352	-2.01765621990352	-2.01765621990352
XLOC_018942	-0.50245376624136	-0.554746740429061	-0.155933108998513	0.202710554591491	-0.57166100773267	-1.61709936915984	1.07379864443466	0.0196944246073008	0.262565591812701	1.15744566133681	0.242091205556751	0.443587910221727
XLOC_018944	0.766653059053843	0.423320244021169	0.542681743439257	-1.8273102013073	-1.8273102013073	-1.8273102013073	0.783766421891095	-0.228450111925601	0.86056216890054	0.162556882333705	0.58915518737102	1.58168500883688
XLOC_018945	-0.320513134034496	-0.110385348714044	-0.130664340691464	-0.0799908836837178	-0.1745352575697	-0.546956464659033	0.392739314068525	0.0770622938136922	0.372533795161549	0.0353478145207324	0.173014384408559	0.3123478273794
XLOC_018953	0.914297257423121	0.587620352868889	0.223015304353797	-0.66598111800926	-0.876586188440989	-0.289845359828064	0.149201684572169	0.081692640682359	-0.319002501536577	-0.015799944879765	0.128534927276284	0.082852945518038
XLOC_018955	0.7471293526935	0.727105139039532	0.478439153184998	-2.0074700185467	-2.20777317871344	0.0326053519642775	0.587150157711374	1.42753265321418	0.907447438420289	0.573425408307155	-0.656685294606721	-0.608906162668439
XLOC_018956	-1.984453425487	-1.984453425487	-1.984453425487	0.902879049710685	0.712221816875587	1.73451390221271	1.70734579088	0.840746603312578	-1.984453425487	0.00541365815401185	-0.320288425764534	2.35498130656695
XLOC_018958	-1.29031915190475	-1.58634587967632	-0.0874523412010122	0.194381834148979	0.124347392478178	0.122408146305331	0.145177537981649	0.304770753565147	0.7855650859486	0.0892285819697429	0.368825418364832	0.829412622019619
XLOC_018963	0.978343590830094	0.786533965954601	1.00217448906392	-3.42971236489618	-0.416787913764576	-0.836810336247565	0.680658493546712	-0.435369152329494	0.609538395322455	0.187242758427164	0.498033716645057	0.376154357447813
XLOC_018968	0.109090850518617	-0.188228976970853	-0.303510454801284	0.313353396278972	0.0706811838816783	0.307016115292017	-0.0589831525032736	0.0212354590931021	-0.023057397031188	-0.351947178819021	0.184954564459131	-0.0806044093978997
XLOC_018969	-0.912241292402355	-0.510307614461673	-0.382163334503322	0.528216323983896	0.165980334058202	1.03878455423962	1.47060033654126	1.28823760192821	1.25889983042402	-1.18511286030294	-1.05584284952889	-1.70505102997602
XLOC_018982	1.90537983207517	2.87402718262388	2.74081155810223	-1.56386503204385	-1.56386503204385	-1.56386503204385	1.40197451052684	0.0349950573378481	-1.56386503204385	0.426002051597155	-1.56386503204385	-1.56386503204385
XLOC_018985	0.322832819984145	-0.560805176696028	-0.611719047921347	0.523623398114469	0.0920650219170813	1.4680087075403	-0.147267092146526	0.101346045954175	-0.38403573136608	-0.426213817836417	0.27783913406948	-0.655674261613258
XLOC_019002	-1.23741116628501	-1.48065293467334	-1.81821634635819	0.97530370113153	0.803105505863252	1.07128339598004	-0.122680879092015	-0.00322571383374992	-0.163792291956736	0.435006333041066	0.94459755589051	0.59668284029264
XLOC_019003	-1.1261666348746	-1.54337376262076	-0.966271414524909	0.442226419565224	0.236644799813827	0.9023266205165	-0.306875070885573	-0.0557182111742653	-0.102338991545787	0.592798830538039	1.26929556821496	0.657451846977344
XLOC_019007	-1.41947492427729	-1.09706343265459	-1.75268975815862	0.149506917839266	0.247997648838412	0.306086762720286	0.655834587958	0.405315594397304	-0.457745562409246	0.71488464634589	1.25015283262596	0.997194686774631
XLOC_019008	0.980310070655198	0.706304755520715	-0.0274348980622579	-0.0465235760474396	0.200605033287284	-0.199015620991018	1.12685671890143	1.32069217390377	0.824358635174176	-0.506080204144534	-2.11015073071184	-2.26992235748549
XLOC_019010	0.408562664597341	-0.463030783213533	-0.317017135175149	0.147562940383488	0.199489068785599	0.67751141305028	0.236538014408814	0.327264159860989	-0.158117617459266	-0.860648236941286	-0.0143116281475217	-0.18380286014976
XLOC_019052	-0.151927018050046	-0.412994047947635	-0.29509474072406	0.255519320160666	0.446447677340458	-0.176377666665809	-0.188129912148175	-0.972974312915518	-0.508413613361261	0.975249788112314	0.430719157487024	0.59797536871204
XLOC_019058	0.635707013900047	0.976741557514828	1.26352395366976	-0.269556665106074	0.578755780224899	-0.798963923577059	-0.645296566374077	-1.0981331233907	-0.492060370439196	0.378512635349917	-0.181893093861614	-0.347337197910731
XLOC_019062	-0.605600220347639	-0.385835779818491	-0.05781884931364	-0.204468312767322	-0.164547325549549	-0.0394828000143042	0.347733841526331	0.179020212220838	0.255783767081934	0.271548256876197	0.0812868999159022	0.322380310189738
XLOC_019064	-1.12315059591321	0.452031700441145	0.8001137699805	-1.18967504621137	0.593991107410488	-1.80678113733721	0.65484187895501	0.0491976995601027	1.25393503216082	-1.07922398412905	0.317274049072108	1.07744552601066
XLOC_019074	0.353992078533043	0.813038253061943	0.357425342406178	-0.43057301016596	-0.48699131735383	-0.0561075093925112	0.755554675825054	0.657530908013348	0.259815463240833	-1.13274001764005	-0.327138631869771	-0.763806234658279
XLOC_019076	0.252725482533622	0.18089871203621	0.325212483135554	-0.80419463129879	-1.00969698294197	0.0725372882447273	0.31410806692903	0.473978472162798	0.69870979897044	-0.144059745045055	-0.573989044018074	0.213770099291503
XLOC_019084	-1.03178438462847	0.0878761470992142	0.174086015473378	0.0500948562962922	0.0743857316054282	-0.2712845350467	-0.116638887626788	-0.488534135563911	0.0975762824795989	0.340997691420396	0.339702788039888	0.743522430451671
XLOC_019098	0.434765787863517	0.352342881028381	0.273038034974725	0.419204063949104	-0.0516667724124416	0.0178688964180198	-0.15292650050098	-0.389648644019342	-0.315913215342327	0.102539749258019	-0.426836426255787	-0.262767854960886
XLOC_019110	-0.24612151595861	-0.389314704841389	-0.506299353472432	0.933842787922794	0.636752272765364	0.807267732278708	-0.652339684992071	-0.39024739053113	-0.364163941625133	0.158751090114912	0.228392469647615	-0.216519761308623
XLOC_019113	0.184639802082629	-0.355005857379728	-0.0759428186534734	0.0448099429179081	-0.145646192370756	-0.0438181464190688	0.45588748626859	0.312897168787838	0.329997207313173	-0.323187311579034	-0.112276022702574	-0.272355258265494
XLOC_019133	-0.285238261066924	0.146604001340286	0.0691602142310765	-0.145463490019811	0.0839485861264242	-0.692923836601268	0.120162856321652	-0.370229575693854	-0.34625836369896	1.0264805731206	0.126224132402587	0.267533163538189
XLOC_019136	0.119835087287785	-0.518446248622408	-0.210159619649328	0.628150140623552	0.710928791960451	0.631923978559482	-0.560436779386349	-0.0771645327943808	-0.170963294136605	-0.0452861100638033	-0.153335736568948	-0.355045677209453
XLOC_019145	0.194137642370251	0.505256584657875	0.182256058119016	-1.26564351469891	-1.01154704307439	-0.801652339238241	0.532209782572341	0.585310771298021	0.786194921483972	-0.194772723158319	0.441821428731691	0.0464284309366914
XLOC_019173	-0.0616149595645963	-0.160406159633633	0.122081527540145	-0.297207968282311	-0.272624955301707	0.146087995541963	0.926904381828986	0.675834788439294	0.317737741015424	-0.234889833838904	-0.530932661343999	-0.630969896400663
XLOC_019175	-1.22286366224198	-1.22286366224198	-1.22286366224198	1.6644688129557	-1.22286366224198	2.79595396358199	-1.22286366224198	-1.22286366224198	-1.22286366224198	-1.22286366224198	3.13635497349599	2.1861315479022
XLOC_019201	-1.66188268753689	-1.26366436755435	-0.725420177368715	1.02257818763745	0.511373917604455	0.782848263447684	-0.366685607499506	-1.01463597811793	-0.137472334377259	0.969258018265482	1.09852802903953	0.785174736460037
XLOC_019210	0.123842287312575	0.559404142066958	-1.69122630326151	-1.69122630326151	-1.69122630326151	-1.69122630326151	1.27461323930918	1.78712488220102	0.996646066946329	1.99673199158884	-1.69122630326151	1.71776890688267
XLOC_019211	1.42396733013685	0.624628896045736	0.956192226864405	-0.250179845069595	-0.166138928494376	-0.192604115749082	0.274258825857248	0.365434566302383	0.16327111790743	-1.40055409692655	-0.612022326642935	-1.18625365023151
XLOC_019216	-0.393589818470338	0.806760584304008	0.939417424471722	-0.322427740491868	-0.224598814423916	-1.37493112205232	0.0612644633550614	-0.0134721242370022	0.523437217459871	-0.369329033546637	-0.112997451486105	0.480466415117524
XLOC_019263	-1.64739850974325	-1.64739850974325	-1.64739850974325	-1.64739850974325	-1.64739850974325	-1.64739850974325	1.84049796945851	-1.64739850974325	0.2486025347855	3.5488956750077	2.55065572652458	3.34313766242645
XLOC_019264	-1.3213805764108	-1.68754528950494	-2.04837801093299	1.196121516037	1.31197527433646	1.30174896248954	-0.389024554896523	-2.81950986629785	-0.549581644678899	1.97765442188654	1.31127001428628	1.7166497536862
XLOC_019312	0.080083640124637	-0.37705844399826	-0.367006698408686	0.837256730505762	0.485006427844017	0.474621552153795	0.0377812984177304	0.364084694988049	-0.185099607162162	-0.872256984657549	-0.13422922808166	-0.34318338172567
XLOC_019314	0.29059869347714	0.171541256613242	-0.48128460023129	1.3055212611618	0.610576139248558	0.848407617175657	-1.09416197401038	-1.06631276436704	-1.21462089752151	-0.550843055565847	1.16218518915263	0.0183931348670461
XLOC_019342	0.628971979807789	0.117172931445701	0.0294054662259944	-0.765054307012939	-0.0321346498382358	0.89442193821007	-0.248746632302855	-0.831795475656736	0.399952774514449	-0.316325766855539	0.205131291639072	-0.0809995501767649
XLOC_019343	0.771345470428659	0.0802296904400306	-0.34716526084899	-0.283059003321467	0.995886609733698	0.479820384056395	-2.93171093246733	-2.41919928957549	-0.824510537017824	2.18700204562702	1.06418954797774	1.22717127496757
XLOC_019344	0.23601894268061	-0.216132219923694	-0.705958639641322	1.5453381933551	1.14217406609476	1.17742085314381	-0.233911707384799	-0.471186815657916	-0.299120916624816	-0.329592771508954	-0.483192070783786	-1.361856913749
XLOC_019362	-1.41102495449034	-0.223064353125092	-1.27729623252593	0.0959178929201752	-0.338000880922677	1.15329542321577	1.16950197487499	1.04235859899848	1.28522976620388	-0.00809048258772904	-1.22309058133548	-0.265736171226052
XLOC_019363	-2.53468618868785	-0.460032615936227	-0.427303267117094	-0.0844714961421271	-0.0455055123683623	-0.155035038753412	0.946555171724093	0.724675192276261	1.46026396470145	-0.334335682537945	0.600990520916838	0.308884951924364
XLOC_019369	-0.213307245598108	-0.137886516018332	0.312980201466697	-0.68444208054636	-0.281274790903999	-0.495241601071623	0.183133326884303	-0.0704129157829847	0.251203364638808	-0.0360176976073987	0.44486412777545	0.726401826763551
XLOC_019370	0.760306889076979	0.431320024843878	0.188786064146942	-1.17598303259546	-0.384621346005414	-0.418837043714962	0.251905720060281	0.324688619380435	0.155312650920038	0.510999763344014	-0.540999079207939	-0.102879230248793
XLOC_019376	-0.0961890907952605	0.819566984805264	0.458734263377211	-1.91125768136935	-0.00762690909127173	0.103814077129329	2.51086082428821	2.1957879642774	1.66008261148651	-1.91125768136935	-1.91125768136935	-1.91125768136935
XLOC_019377	0.502692077480307	0.213417506143927	-1.31237651309378	-1.31237651309378	-1.31237651309378	-1.31237651309378	2.86010846993317	3.35145375833698	2.25896377976208	-1.31237651309378	-1.31237651309378	-1.31237651309378
XLOC_019378	0.977260896054984	-0.966189948826329	-0.866855706568889	-0.421764482515011	-2.49198396806404	1.22698335963567	3.25752536440438	4.0677494982902	2.69322689178114	-2.49198396806404	-2.49198396806404	-2.49198396806404
XLOC_019379	-1.49751007693826	1.23331458923635	2.01642015671995	-1.49751007693826	-1.49751007693826	-1.49751007693826	2.9246084287193	2.60953556870849	1.69869179518371	-1.49751007693826	-1.49751007693826	-1.49751007693826
XLOC_019388	0.294333752607788	0.076637685635073	0.145392802058946	0.00318061904055522	-0.387660783508199	0.0998737070150417	0.521675715754733	0.914740108322211	0.609055018947427	-0.714524795166172	-0.476961070220862	-1.08574276048654
XLOC_019394	-0.591982990052321	-0.888549350113649	-0.311447002017798	0.678224151930913	0.858440062594995	0.732520879433875	-0.917716854558697	-0.500549315497336	-0.523981562549841	0.252268277497383	0.781257953369276	0.431515749963197
XLOC_019398	-1.03152117657862	-0.874846337351947	-0.554892065625141	0.0492586764148033	-0.169256569658979	0.832105141730745	-0.414163864320772	-1.19887828899937	0.367135146679328	1.29952308100214	0.481785081305287	1.21375117540252
XLOC_019429	-0.558834327777626	-0.037970116528403	0.488024878031005	-0.768491231848696	0.222675598228791	0.611117808360398	1.99932255938254	1.79075601599677	1.63347031787698	-0.346063680217365	-3.65582370704638	-1.37818411445802
XLOC_019463	0.180380859331535	-0.394546132913272	-0.815989481725662	0.595824839245221	0.729162709811002	0.375806343345432	-0.854419003718216	-0.264541725641503	-0.665382298998789	0.303023351252573	0.351095196166783	0.4595853438449
XLOC_019468	0.686912179776763	1.81866228295113	1.91758347671309	-4.02390174273296	-1.32722650037037	-1.19933474987866	1.63124452369596	0.854168998467394	1.16130911711222	-1.22813312381094	0.61198671280646	-0.903271174730077
XLOC_019469	-1.14910863618848	0.42003009519664	1.52463723083686	0.0433176981044974	-1.04639665418705	0.275745729274344	2.21843785398242	2.42718231471625	3.10637484776922	-3.74307189654963	-3.74307189654963	-0.334076686405446
XLOC_019472	0.170850759873757	-0.404017547084375	-0.150447150379383	0.530846417709514	0.573567083767464	1.0360765627922	-0.868885423484734	-0.664650733583633	-0.267530950909411	-0.266197243943591	0.328147046378108	-0.0177588211359092
XLOC_019519	-0.250591491551671	0.301832681761758	0.219892430519895	-0.466970213743823	0.132653347642077	-0.168253963459671	0.68193525676398	0.245447846602574	0.493552506196599	-0.639198965835925	-0.442799521127208	-0.107499913768584
XLOC_019520	0.0607418045908936	0.0351675777991627	-0.141262509329689	0.199548791321174	-0.00508883720277709	0.0330243530079848	0.126649728725196	-0.000219613902707749	0.00231963716122863	-0.26330637500914	-0.0280892701258857	-0.0194852870354385
XLOC_019573	0.473577374886947	0.248426353157667	-0.0910382142216992	0.942403581905111	1.2793604947486	0.355887559868137	-0.373788954802947	-3.67962115830319	-0.327084571503379	0.408693361187479	0.66966513184511	0.0935190412321658
XLOC_019597	0.49876306012921	-0.0463615973524494	0.166306137405122	-0.0610517166409714	-0.462541272781031	-1.29373710121745	-0.795142902579408	0.189755245768078	-0.129952728988093	0.185844956664588	0.855301486226012	0.892816433366394
XLOC_019602	-0.663845517709035	-0.325644194621169	0.218947540720321	-0.547435583766339	0.199634934088751	-1.16454167489218	0.504570138479655	-0.776463356945136	0.593809149038221	0.626821926353373	0.657367946576091	0.67677869267744
XLOC_019605	-0.249158242033761	0.298796350570441	-0.0182273837782425	-0.505008237969378	-0.172567770870355	-0.402616777707546	-0.0375637851048776	0.026828163744252	-0.290436514471129	0.538704073462814	0.181192341256171	0.630057782901607
XLOC_019611	0.632841139926812	-0.396076715211803	-0.768345678153382	0.121576479368484	0.680638561098384	0.231671441891034	-0.481884393911572	-0.132966776780454	-0.108163043116926	-0.0493689093198579	0.383530374535762	-0.113452480326482
XLOC_019616	-0.079477462140769	-0.840498484162432	-0.549699767205592	0.660917846204032	0.630779976327639	0.351546918487503	-0.918733640082017	-0.2762450845593	-0.673148745285042	0.746915762625991	0.443344080456799	0.504298599333185
XLOC_019617	-0.546597509315195	-0.218966289850472	-0.336270200682021	-0.685243117545366	0.438310080807205	-0.450432709771416	-0.265964014924564	-0.434436155136317	-0.70416502425735	0.995069782838284	0.980625314752675	1.22806984308454
XLOC_019622	0.263310289570313	0.231073142300732	-0.163706812060886	-0.655750249905112	-0.817491856657028	-0.0346950286613676	0.881808763815012	0.518074715118648	0.762219005734546	-1.01979775372879	-0.191783252288505	0.226739036762441
XLOC_019626	-0.0620387619632883	0.00759539987986191	-0.134518350012129	0.475815104873401	-0.232564164807505	0.936672796535483	0.419942350765727	0.591366959613229	0.497568198271004	-1.72417996080472	-0.383259633236595	-0.39239993911447
XLOC_019628	-0.088605519316916	-0.125931476391702	0.166452053551787	0.292368001846224	0.146746508331922	0.435205248205781	-0.568778112459436	0.779921044739242	0.276031540362371	-0.838992212012934	-0.18748738341612	-0.286929693440221
XLOC_019629	0.27613206204936	-0.116482776905464	-0.133441939481619	-0.60115985980009	-0.0320350121294721	-0.294408099367869	0.584088513628518	0.0187484517369398	0.333118186501387	0.18690122607639	-0.263167771015894	0.0417070187078101
XLOC_019665	-0.103694433127668	0.0571714307094968	-0.0484394631241933	-0.090655191316106	-0.285253284603344	-0.356580947338374	0.456037244760493	0.0424152763493382	0.422642058558443	-0.254574139131771	-0.202546913692204	0.363478361955897
XLOC_019667	-3.21240718612778	-3.21891313294703	-3.93940462064997	1.13166740362899	1.95763875360969	0.664701822653671	0.281250227081772	-0.797203166237461	0.505591584373102	2.17296967398679	2.48351901619972	1.97058962442851
XLOC_019670	-4.41466815680006	-1.32418472435055	-2.0446762120535	-0.628278562145933	1.23918559787851	-1.07467275447986	2.49490982429445	1.03191156624309	2.04636618069116	1.43002069781006	0.221220298739358	1.0228662441733
XLOC_019682	-0.523839754813193	-0.313131349655388	-0.573219232395079	1.18404345730816	0.962769143051337	0.844577866599625	-0.177551075459642	-0.015109588438019	-0.130066771420489	-0.861664349092484	-0.214936019734416	-0.181872325950412
XLOC_019687	0.672523718340733	0.573321735612933	0.570874171681448	-1.12975876787877	-0.190481500589104	-0.134793959219189	-0.412308743443469	0.492270559092145	0.691033548284813	-0.88366988566268	-0.00856162501848878	-0.240449251200372
XLOC_019690	0.128041007653986	-0.71349134973941	-0.128806490832009	-0.685832007862702	0.0334675218410627	-0.751627074908665	0.543246511993263	-0.165311173809157	1.77028114817645	0.53925227347184	-0.817032620809743	0.247812254825086
XLOC_019693	-0.504567573608397	-0.553832401466456	-0.226940433784517	0.133426314629697	-0.561518807283545	0.309670110521429	0.910056318612297	0.366258958122414	0.589476589288963	-0.0406224615338422	-0.558317613606836	0.136911000108788
XLOC_019709	1.30858375135958	1.8294479626088	0.581586316837386	-1.78840562790917	-1.78840562790917	-1.78840562790917	-1.78840562790917	1.93124279810116	0.107595416619575	1.00736299101284	0.62805976076915	-0.240256485671792
XLOC_019724	-0.495805743275432	0.167872959875066	-0.0369158078487297	-0.0185402594764446	0.235556212148079	0.38447650637135	-0.242324182022133	-1.17943761829996	-0.249450368380773	0.707901661313993	0.417280920260984	0.309385719334005
XLOC_019738	1.04575723126827	1.19292108467379	0.816339613848142	-0.132613714492414	-1.09689512064812	-0.769396695809393	0.361959883567323	0.85479733585139	0.360239361589024	-1.19740007519551	-1.23446397373921	-0.201244930913299
XLOC_019748	0.336471432542259	0.685814929980848	-0.147878062643092	1.08563234828871	0.456560794232235	1.29078228771574	-0.355506438228472	-0.18589562531268	-0.90624263949084	-1.72762889517923	-0.347796220969634	-0.184313910935844
XLOC_019759	-0.598737049475913	0.304996111873123	0.448937676444275	-0.027547302414102	0.318605249511339	-0.096679205832868	0.62086136445428	0.610707295088285	0.454923789332088	-1.05386069441063	-1.08903086482053	0.106823630250657
XLOC_019777	0.735373512643863	0.541382144358632	-0.36349889515223	0.217823763855872	-0.245173244861457	0.296469620988988	-0.136449352083516	0.0921967059521105	-0.372953197749263	-0.0926348294465811	-0.13146226094888	-0.541073967557542
XLOC_019796	-0.838735280272499	0.0638639106536294	1.06665294770252	-0.325257510113841	0.0247451715252867	-1.03958113933137	-0.636280259497782	-0.646268383972662	-0.549054214616604	1.1761811209892	0.341339758147295	1.36239387878682
XLOC_019812	1.13408805829227	1.22459346140452	0.297826144808902	-0.0697456799846101	-0.7394712590044	-0.899003236579863	0.827621107411656	1.01711221408956	0.054247783279604	-0.930012269429217	-0.419916328011738	-1.49733999627669
XLOC_019819	0.908872891208731	0.692733606901131	0.899213806936965	-1.368345297567	-0.438512677574241	-1.05516843923345	-0.139266777711036	0.000782564556549126	-0.448414587971323	0.300200293511254	-0.138247311393741	0.786151928336163
XLOC_019820	-1.21070510690477	0.187538790712596	0.235846738064677	1.2693694059832	0.893128558405563	1.19775103841272	-0.988150754656798	-1.85474994222422	-0.811161660023136	0.394386089420619	0.291376250692073	0.395370592117469
XLOC_019827	0.0274520751132243	-0.128042383486171	-0.130713282542636	0.493892192975489	0.47195578182874	0.562135185329497	-0.596650711955064	-0.452928652517476	-0.537324576358145	0.333582315108648	0.0453738386201046	-0.088731782116211
XLOC_019828	-0.288002181298334	-0.368641504839337	-0.100094355903889	-0.150477684644105	0.0675526536936868	0.269736124349715	0.808778424052574	0.313281517454776	0.665703332028727	-0.452140462392262	-0.379798316322209	-0.385897546179339
XLOC_019830	0.477809330916754	0.346126931561589	-0.234383268065175	-0.201803696014688	-0.130204717511349	-0.0917087334921369	0.444152597120328	0.716489269355797	0.620169283245628	-0.849104051977788	-0.516412466814025	-0.581130478324936
XLOC_019846	0.258311684295692	-0.125075080777689	-0.197006942420288	1.07276504461852	0.270828600362788	0.342199779864575	0.219308616770777	-0.0159181465065936	0.0151695712157478	-1.65155099976442	-0.0633102314351799	-0.125721896223935
XLOC_019849	0.660852161877241	0.437816798406133	-0.00713819699347162	0.0481581628452545	-0.0420787832848157	0.280268066512014	0.692716854352824	0.635480685063099	0.0661459570737453	-0.630269953678338	-0.800033363400271	-1.34191838877342
XLOC_019856	-2.34699918919104	-0.0963687438625684	1.40876121418473	-2.34699918919104	-2.34699918919104	-2.34699918919104	1.14089729001072	0.478200839608534	2.1623453613477	0.448769429730975	2.15717732706915	1.68821403867492
XLOC_019864	-0.817435029016348	-0.144426486112346	-0.132958141689756	-0.246245281954536	0.379161447608116	0.524625747688569	-0.552973299997046	-0.170188319597394	-1.01097840792422	0.492017359664334	0.889718823193646	0.789681588136982
XLOC_019886	-0.124276000784583	0.249806091741045	-0.508070193775865	1.81052100366905	0.398582589915701	0.861552037948975	-0.91643457864197	-0.676789180486241	-1.51757926881306	0.324134773346655	0.383117962304799	-0.284565236424505
XLOC_019889	-1.31636225140988	-1.31636225140988	-1.31636225140988	-1.31636225140988	3.01926083794904	1.50820474144441	1.29471437178852	-1.31636225140988	-1.31636225140988	0.673504832231126	-1.31636225140988	2.71885097645608
XLOC_019912	-0.316121242114331	-0.176790844237708	-0.462086594595378	0.847790968658931	0.200779594141779	0.79356413321252	-0.721091206326429	-0.657728040495378	-0.616298042580969	0.646665293984647	0.361637429823479	0.0996785505288393
XLOC_019924	0.0718358507588714	0.0160448203903769	-0.0273864150215619	0.122727189737668	-0.191870835925574	0.0536335703972117	0.171719664572564	0.165812956195769	-0.0630514152704382	-0.156735568916577	-0.0570250325641926	-0.105704784354113
XLOC_019927	-1.59860586077204	-1.59860586077204	-1.59860586077204	1.28872661442564	0.305024911506039	-1.59860586077204	-0.163939294478614	-1.59860586077204	1.59759601134993	1.71115416605697	0.817859527906286	2.43660736709392
XLOC_019958	-2.16518326266655	-0.672804306936862	-0.903364334797477	-0.214802138403787	0.326100392242884	-0.134122659193185	-1.03263819486348	-0.980379426250391	-0.377031118736405	2.20403091510398	1.64004213266893	2.31015200183234
XLOC_019959	1.81528189183496	1.13937887334421	1.37812035073091	-1.8158526771422	-2.7995543800618	-1.87861815948559	1.13489729144231	1.29456308408717	1.01693882345958	0.983989456532491	-0.686589970405039	-1.582554584337
XLOC_019962	0.0211900336913944	0.26360164164677	0.299510646747133	0.0679954624118944	-0.225953721090304	-0.0768048596495818	0.44512643205187	0.349263733057085	0.5742082371804	-0.961438265978559	-0.251602616594915	-0.505096723473184
XLOC_019964	-0.205456265909107	0.0328671526946267	0.842218460011081	-1.08300746247516	1.11280399900779	-1.95526817917416	0.760184445067701	1.17915259949689	0.539004612865904	-1.98047285403183	0.388878698065139	0.369094794381108
XLOC_019967	-0.519159224183187	-0.146683816832423	-0.339949020936501	-0.47019361902412	0.0507660232172276	-0.100188313910249	0.399451767599676	0.426238413519347	0.633528917884257	-0.0412983975817847	-0.00403677277855508	0.111524043026317
XLOC_019985	0.763148686881312	0.390492074243072	0.271336865505484	-0.516240493018007	-0.529780422968603	-0.541558499292064	-0.244929628736882	-0.0752730569815849	-0.251413102325454	0.319168324975474	0.184188820918592	0.23086043079865
XLOC_019987	0.437939890996624	0.252909451916883	0.19498401037257	-0.142705005515158	-0.20697657230302	-0.400791492800172	-0.731746465911058	-0.552507260795338	-0.578133383994038	0.385680731634659	0.608968605545504	0.732377490852548
XLOC_019992	-0.00431178677787436	-0.353999121136482	-0.112285064321066	0.399332077895959	0.558724547150334	0.611637139199951	-0.288490891670646	-0.539662327838846	-0.530955178476228	0.468465816361945	0.0925323111532759	-0.300987521540321
XLOC_019993	0.575500527434386	0.372257201392204	0.235467172857151	-0.177665471730771	-0.177134440251498	-0.238779283707458	-0.0264792915537466	-0.0291161050563069	0.00399701742641234	-0.305279711811327	-0.201817473000721	-0.0309501419983143
XLOC_019998	-0.319776771853597	-0.327008210237393	-0.285183847817239	-0.457343922708881	-0.584333242840811	-0.121363794807538	0.466900476618307	-0.37901703820872	-0.143943632002493	1.09464356142086	0.583343006440185	0.473083415997313
XLOC_020005	-0.449383611666456	-0.0270195003341032	0.256698420656652	-1.19514547196708	0.131016383404901	-0.179250685258194	0.176318096013652	-0.126425075002186	0.253174260039549	0.336540432283009	0.26457964577599	0.558897106054266
XLOC_020031	0.72111441090237	0.649927621663094	0.520757971627276	-0.333290062847756	0.28144872884738	-0.0700805251277954	0.36232481387295	-0.312698756195189	-1.43843698402557	-0.873445474119901	-0.104759020455296	0.597137275858437
XLOC_020077	0.00281943782803928	-0.293597660065671	0.330608220013739	0.721540793876003	0.123094080930617	1.13043788209278	1.13016247890975	0.856693165262598	0.828223159328702	-2.56839139764947	-1.3739749082183	-0.88761525230879
XLOC_020079	0.746823123549436	0.180441334012022	0.0365666494498793	0.369090455395363	-0.598489631393838	0.490991360171914	0.963463830036172	1.0686084803208	0.469784417733011	-0.750698199391904	-1.3310820923432	-1.64549972753967
XLOC_020080	-0.0538073647190291	-0.293303242096459	-0.493589247445878	0.0918196504522291	-0.120782144483811	1.08678445911181	1.19874103258619	0.849260921063411	1.02091291778737	-0.768446938992378	-1.18181537742361	-1.33577466583985
XLOC_020083	-1.65133816936556	0.0350439567588534	0.412814883443048	-0.42466765552467	-0.0407380629134177	0.0514648164030955	1.535974184569	0.490835431883341	1.28070568088622	-0.705930502082555	-0.268115051497806	-0.71604951255955
XLOC_020097	-0.71611498012384	-0.792101761783809	-0.237475401046313	0.266988127688076	0.38468862538631	0.456461266652793	-0.527166265966629	0.0823696959767721	-0.215447883572793	0.374261915567656	0.371944785976456	0.551591875245325
XLOC_020101	-0.425930308085371	-1.67913160655261	-0.586693482851413	0.370120771172791	0.778524365419689	1.28557435420016	0.419040601958524	0.707847839891849	0.48849809738765	-1.05596571103202	-0.102751668637244	-0.199133252871993
XLOC_020102	-0.317035810284888	-0.349055069913294	0.190113063542509	-0.0261353731874445	-0.526109406096629	-0.441501059230028	0.442273493016565	0.287672866640838	0.101785291640202	0.145751119240137	-0.00206052316558747	0.494301407797614
XLOC_020159	-0.123806563801866	-0.16516133542572	-0.267796713641108	0.613808111125014	0.443423627819067	0.593321249171133	-0.747592304662568	-0.356787354244684	-0.462778376278521	0.18283920363068	0.32196339119837	-0.0314329348898053
XLOC_020160	-0.251502508074844	-1.11896361391751	-0.282993131042682	0.501622795781269	0.546927932071747	1.09519626364807	-1.04033256765338	-1.26802497761833	-0.184836877268856	0.662617718257716	0.746757277763197	0.593531688053594
XLOC_020161	-0.886675855611489	0.0181647617957506	-0.0909809573213813	0.322802220855275	0.754622406529105	-0.0173821549408704	-0.516945492797086	-0.809167506205241	-0.485460179540524	0.499205786991222	0.409051579440405	0.802765390804829
XLOC_020173	1.77569874341713	1.17125762074992	1.13949083617881	-2.19130281308052	-1.69877699111691	-2.04878780908261	1.28073822537107	1.39420018541251	0.452228032262605	-0.236949900696343	-1.05533870793234	0.0175425785166849
XLOC_020176	-1.48111884678278	-0.0920956678624938	-0.126621203482931	-0.266004835325909	0.359192948637133	0.413659954683837	0.327566089533859	-0.0710979328034576	0.625189951384926	0.0115713024882309	0.274877269293524	0.0248809702360617
XLOC_020178	2.24786906638122	1.78100224856358	1.7448755578845	-1.09729006983831	-0.0724364247039109	-1.62669732830929	-0.740822661251321	0.102811609499246	-0.00187613496902994	-1.01464020343257	-0.57772398507332	-0.745071674750795
XLOC_020195	0.737724065781433	0.0629545122307462	-0.17418119059928	0.0866571312781392	-0.349314633814481	-0.280112172435075	0.288578805213752	0.53967611218306	0.0126222377735052	-0.486698574175034	-0.225270158846516	-0.212636134590252
XLOC_020196	0.20992001339429	0.496373505753725	1.01911932817537	-0.422270983785606	-0.00901571969237036	-0.49190744525711	1.14070225442678	0.335170286825576	1.1389743776871	-2.17472724915855	-0.611277232342588	-0.631061136026618
XLOC_020198	-0.845271315131318	-0.845271315131318	-0.845271315131318	-0.845271315131318	-0.845271315131318	-0.845271315131318	-0.845271315131318	-0.845271315131318	-0.845271315131318	1.14459576850969	3.65890520112887	2.80394086654331
XLOC_020214	-1.2948090004277	-0.23100325732982	0.195618802809014	-0.854306173758726	0.618571110762839	-0.0477765290762777	0.43221869376116	0.494737533436786	0.639017506536887	-0.76990815158831	0.084320188005643	0.733319276868501
XLOC_020215	0.864413432526128	-0.395675894832842	0.938158938294302	0.224164603641017	-0.124941462014397	0.275437094835309	-0.650843433439343	-0.289710431372797	-0.281322355244382	-0.966215673492039	0.204667237525336	0.201867943573704
XLOC_020216	-3.70920452389861	-0.656784352736309	-0.421816571160496	0.497875206213459	1.30104148427124	-0.697563491638046	0.960610843881034	1.15453185928432	1.73708070734403	-0.893398363771998	0.423873265057306	0.30375393715407
XLOC_020217	-2.34943373814168	-1.65557661051444	-1.00612020457679	-0.0270848267575658	0.243027124337513	0.267175250014999	0.822078818558747	0.888418260650446	1.06442550159342	0.627381007847139	0.179286964829561	0.946422452158654
XLOC_020218	0.578408176346263	0.596401522142572	0.202674617561167	-0.0687210146170489	0.0690267972554715	0.367433123866004	-0.365725372581863	0.0100507451096528	0.508069173827359	-0.473028857283849	-1.09241249709627	-0.332176414529454
XLOC_020222	0.971211586299995	0.917584277074088	1.04572855703244	-0.975540039888706	-1.32464610554412	-1.17963093603769	1.69807181288545	0.786245178590041	1.25404002031452	-0.466070737460905	-1.64906883007309	-1.07792478319201
XLOC_020225	-0.335247918494391	-0.216115844549461	0.13165553252165	-0.702709443245265	-0.153059979085072	-0.00409428268235423	0.0333420317135786	0.217625187198627	-0.0487661056720707	0.640585768252667	0.261337746370444	0.175447307671646
XLOC_020226	-0.0985372707680625	-0.331600084428143	-0.44441506495016	0.0506250971098021	0.44559608251428	0.785531842942946	-0.251733894786193	-0.355275980192338	-0.430614478975773	-0.0762478073156041	0.49867472711356	0.20799683173569
XLOC_020239	-0.40233878017474	0.171643207852129	0.205520007031489	-0.204469382994944	-0.520144174205996	-0.740101896401212	0.305764241450278	0.267714896159226	0.618200206209042	0.240509043203924	-0.0915811614645943	0.149283793335399
XLOC_020240	-0.225173810703311	0.785996799783706	1.00464777939558	-0.987825225475793	0.0772131904644278	-1.24955322961307	-0.22331514661356	-0.562209541763956	0.183516579290315	-0.163791309499943	0.63531679304803	0.725177121687579
XLOC_020262	1.12588370352654	-0.254178217135407	-0.242709872712817	0.352107521103728	-0.81357112652797	-1.35207502948294	0.508277791660171	0.820122967355932	0.951568387361099	-0.061195681102439	-1.41748057538402	0.383250131338124
XLOC_020266	1.35057499839155	-0.220620361639495	-0.121286119382055	-1.7464143808772	-1.7464143808772	-1.7464143808772	-0.311747814583779	0.592175989678744	-1.7464143808772	1.94154391397315	1.16199656589396	2.59302035117674
XLOC_020281	-0.479091139500818	-0.481107140405232	-0.0994154058831267	-0.113142697938066	0.189308880046688	-0.0741971010720732	0.181106137270833	0.0195449436392305	0.0802416440277156	0.445379650971269	0.15206481617906	0.179307412664516
XLOC_020327	-0.0707475399284609	-0.10176108802937	0.0468266681541945	-0.163873468507993	-0.589744772039902	-0.478183476913407	0.239580469957572	0.0434297643674189	0.582676777116721	0.16654756748998	0.22423377966286	0.10101531867039
XLOC_020331	-0.268439669145677	0.714098115975978	1.14579812120247	-2.09192111645772	-1.10075428638023	-0.712312076248621	0.942277202243011	0.170238945514334	0.407109714812147	0.433800743360183	0.26403733363825	0.0960669714858655
XLOC_020349	-0.261305342102392	0.384211478031275	-0.0588170989913621	0.398262830444996	0.0496428843039602	-0.0443243236143314	0.679027978860022	0.228249040986809	-0.00593774087509491	-0.653614831229931	-0.578672668599733	-0.136722207214216
XLOC_020384	-1.41274458658646	0.0481308421155004	0.592722577456991	0.0384909184397468	0.0095752859736189	-0.490916340031238	-0.0876154601976475	-1.68453393705564	-0.394463359578523	1.60621674892465	0.558057003204736	1.21708030733426
XLOC_020385	0.618705341062857	0.364224301770121	-0.193159848954729	-1.04452946359238	-0.861293630589094	-0.71748136822028	1.37830605324801	0.979790123653163	1.39908061477981	-1.69264458756757	-0.222394942089034	-0.00860259350086423
XLOC_020388	-0.184500294976244	0.0657721550238026	-0.473150673103039	0.585671868462791	0.608656404493759	0.407441085491051	-0.92724033480457	-0.33341095665373	-0.463518168630644	0.0185561786529256	0.553696340164672	0.142026395879228
XLOC_020403	-0.554582930776429	-0.544239881286944	-0.345891947820463	0.0438895902809948	-0.117852016470921	-0.517472670749223	0.898499653257191	0.441213384838698	-0.018639805415539	0.392874062316262	0.106956713627711	0.215245848198658
XLOC_020422	-1.48750778558624	0.0876745107681165	-0.216756080839815	-0.017494691597264	0.0480346221951322	-0.444239814832803	-0.561934419942374	-1.62246890517249	0.525651787123717	1.24621336502979	1.44553616534796	0.997291247506276
XLOC_020423	-1.55183960061874	2.75518920918906	0.818152344127824	0.518379884930289	-1.55183960061874	2.16712772708097	-0.117173034325313	1.27336042818084	0.344161443910012	-1.55183960061874	-1.55183960061874	-1.55183960061874
XLOC_020438	0.0942236241288628	0.369155548295229	0.597440623979303	-0.0986524614772453	0.497535325438075	0.222984103288184	-0.375876288001809	-0.213434800980186	-0.46352617478954	0.374181904848982	-0.715406797217628	-0.288624607512225
XLOC_020446	-0.404213858083695	-0.806035127999674	-0.156578722062025	-1.56334665037979	-0.449827867917113	-0.142427496911292	0.686009146682979	-0.425680309656974	0.4172261867216	1.01754877647407	1.2962511244096	0.531074798722316
XLOC_020459	-1.07735137852883	-0.336107322602556	-0.134009540407172	0.815182436405155	0.308569176396322	0.165192765260333	-0.65498617828511	-1.25683081558461	-1.41131653647663	0.834121479099254	0.90974326353546	1.83779265118839
XLOC_020465	-1.30438941552669	0.48757201188776	0.635784410020021	-0.319713599404042	-0.149293403963635	-0.927544049440353	0.371724444408419	-1.03934141169413	0.771494822326654	-0.500952624932214	0.386145424454589	1.58851339186363
XLOC_020469	0.401578636900497	1.79568250923055	2.28315841488539	-1.53832174066344	-0.911865983849887	-0.783974233358174	-3.60854122621247	0.111107199797859	-0.0372009333566101	0.378783803099044	-0.042152915529603	1.95174646905685
XLOC_020470	0.639457390511608	2.81697706813959	1.55942436380867	-1.95450586984954	-1.95450586984954	-1.95450586984954	1.01133367272116	0.870694158950036	1.61683442300632	-1.95450586984954	-0.290340870127075	-0.406356727612156
XLOC_020476	0.438279397409493	0.136543943821589	0.392559157959083	0.0901327362389672	0.559562464488951	-0.375311360130115	-1.19549030367556	-0.948971813246748	-0.817526393241581	0.253357011844787	0.688627468123289	0.778237690407845
XLOC_020500	0.622325583846366	0.614995489478111	0.733516824457343	-0.79677081484106	-0.65902300296854	-0.678638643631934	1.52807547387833	1.05726696125789	1.31610105054365	-1.12017291490141	-1.34737631721226	-1.27029968990649
XLOC_020502	0.121092684859724	-0.654623093997973	0.244623768976086	0.642768382575174	0.532368812941736	0.452196730389729	0.673885101800317	-0.547368913300226	0.971411189513623	-1.06598669976926	-0.828915159896232	-0.5414528040927
XLOC_020517	-1.29369106586749	0.0836418624562176	0.188642886389943	0.243322735983465	0.233520930540955	-0.376534684535648	-0.23899789151163	-0.474224654789	-0.852726050903557	0.761850506549855	0.613272654043454	1.11192277164343
XLOC_020536	-0.300486311479921	0.5600242107066	0.148339449801022	0.0888868056537238	0.0884178171380166	-0.301190789952466	0.642648943906221	0.0175602488679374	0.232687761633525	-0.114781035134667	-0.562659033170761	-0.499448067969232
XLOC_020574	0.0118150062394076	-0.207788421944454	0.152007150345298	-0.796946177995258	-0.523772144080524	0.170875573921025	0.519070448956136	0.637993916231204	0.718137476259753	-0.900556488758931	-0.00412853571530647	0.223292196541652
XLOC_020589	0.581131908521842	0.315839684086538	0.784875009942954	0.0848936014079102	-0.463377179294647	-0.398879491216639	-0.326559266086687	-0.702207403062342	-0.433460205987495	0.470842288630047	-0.126188411582268	0.213089464640788
XLOC_020599	-2.15540787738797	0.353127423971066	0.584106902985236	-0.891511486465484	1.16535693575363	0.0954661766621072	-1.32195547214278	-0.849734410017281	-0.551612803486789	1.20742904631649	1.14967238613576	1.21506317767601
XLOC_020602	-0.209223011091064	0.636715009441452	0.84851180950188	-0.794580275893579	-0.973872513985773	-1.14387469914162	1.28572189065338	0.894723274798525	0.782774575558132	-0.858573519573949	-0.490981963924767	0.0226594236573794
XLOC_020617	-2.61278415884404	-0.362153713515567	0.246011866866916	1.17360543581009	1.51230584022588	1.40603346697993	-2.61278415884404	-2.61278415884404	-2.61278415884404	1.83374032206382	2.02310429669538	2.6184891202497
XLOC_020619	-2.24213267895338	-2.24213267895338	-0.617004417458233	0.645199796244301	1.63636662632179	1.09786272336681	-2.24213267895338	-2.24213267895338	-2.24213267895338	2.69897552072884	2.91607526137551	2.83318788418788
XLOC_020628	-0.169863785472998	0.334902575849885	0.0985445419707851	3.33554780009848e-05	-0.193901436505188	0.0104249965568606	-0.599701135520839	-0.468028521927501	-0.480310610800011	0.49150527190667	0.409455108620261	0.566939639844083
XLOC_020629	-0.472086612073629	-0.736084793913263	-0.590249888494899	1.14128861943747	0.373104714163397	0.8591749758463	-0.874290949058586	-0.559625668060725	-0.716911366180513	0.708316833146736	0.519088997236275	0.348275137951438
XLOC_020631	0.0742290610306457	-1.74083952954344	-1.74083952954344	1.66495093982271	1.8400477134675	0.274232228955235	-1.74083952954344	-1.74083952954344	-1.74083952954344	1.56892049728557	1.16757141722772	2.11424578992782
XLOC_020648	5.44938133283125	5.47745065765237	5.27086585032178	-1.79974420453393	-1.79974420453393	-1.79974420453393	-1.79974420453393	-1.79974420453393	-1.79974420453393	-1.79974420453393	-1.79974420453393	-1.79974420453393
XLOC_020649	3.83906107492777	3.32726202656569	3.47120359113684	-1.34135480654708	-1.34135480654708	-1.34135480654708	0.0933117597463429	-1.34135480654708	-1.34135480654708	-1.34135480654708	-1.34135480654708	-1.34135480654708
XLOC_020650	5.18625658866086	4.59231239310843	4.49531805458679	-1.58598744848401	-1.58598744848401	-1.58598744848401	-1.58598744848401	-1.58598744848401	-1.58598744848401	-1.58598744848401	-1.58598744848401	-1.58598744848401
XLOC_020651	5.41452138430404	4.94811781261943	4.86000990241507	-2.49407489497345	-2.49407489497345	-2.49407489497345	-0.3544778018412	0.694351922788046	-0.5980738504447	-2.49407489497345	-2.49407489497345	-2.49407489497345
XLOC_020655	-0.536296051535032	-0.423724068033631	-0.0905127144081916	-0.124327056518046	0.446808481366078	-0.302655596558657	-0.446283061335783	-0.614755201547536	-0.498817413194528	1.26513739581672	0.673070914675663	0.652354371272946
XLOC_020656	1.39878643545132	1.15779366347286	1.45930079259084	0.250956828186298	-1.78550918449262	-0.00359600403175264	0.502297658838716	-0.0700540456725234	0.190033920703965	0.312129339655843	-1.20759457043609	-2.20454483426685
XLOC_020662	-0.907928800241762	-0.58760623954446	-0.266899341924274	0.219922223815789	-0.0994362028308675	-0.273591333264264	0.430166179772941	0.098485333823481	0.470048472951069	0.280969327817166	0.0589515825482199	0.576918797076965
XLOC_020667	0.920249374085549	0.665768334792813	-0.266500451711313	0.62670336764018	0.220389860768395	0.641060068773864	-0.906573866368277	-0.972013203748487	-1.50771855653937	0.431272079550022	-0.211112558821506	0.358475551578127
XLOC_020673	-1.44402770675873	0.0442298761128681	-0.100714173193829	-2.02594009568007	0.0482075775104462	0.060341839417835	0.967134887506043	0.888510664597812	0.649604664528408	-0.282397820177048	0.3300183544159	0.865031931720359
XLOC_020675	1.31884112254432	1.10041169704691	0.975807412095048	0.167007887601122	0.303798931756208	0.284313984630669	-0.149706599459052	-0.47198408172201	-0.67783647536319	-1.11493668811084	-1.54107101447408	-0.194646176545104
XLOC_020677	-0.276337555822808	0.597402286080286	0.497587823115826	0.312753017182094	-0.158552237543372	-0.324029964134885	-0.166911390036557	0.459428244710616	-1.41581118547667	0.700023130539844	0.171056461996361	-0.396608630610739
XLOC_020687	-0.163504059337328	-0.481329874259596	-1.40809719085522	0.687112161515802	0.501420698800247	1.14726601273598	-0.212695777436345	0.266542895510494	-0.680255080779449	-0.147409620675438	0.362006297607551	0.128943537173291
XLOC_020714	0.130660326735455	1.05507901741654	0.353459799314308	-1.42819276478273	-0.314673982320056	-1.11501590644918	0.960494859425473	0.967800001326673	0.958774337447173	-0.387458753241026	-0.817388052214044	-0.363538882658585
XLOC_020726	-0.00960470028234806	-0.411425970198326	0.126818219987304	1.03996350977196	1.42671754346451	1.1455909562245	-0.271830692580386	-0.467482316297851	-0.0651834114058554	-0.128003481036735	-1.66611701517344	-0.719442642473329
XLOC_020744	-0.541781518673088	0.336138946126661	-0.318982046094235	0.0106376309660545	-0.109887749931499	0.213693838611666	-0.240750170827169	-1.09429469837475	-0.834206731998258	0.26165527192139	0.984486388647647	1.33329083962557
XLOC_020752	1.30922606088329	1.60976346264747	1.48637300275511	-0.472139654080107	-0.688364812136484	-0.106655267570137	0.388449490507639	0.710548045546409	0.142912611071382	-2.34008493369567	-1.2906263247867	-0.749401681142206
XLOC_020777	-0.000797373936936019	0.237526044666798	-0.906885019989711	-0.359890576334509	1.72182110588396	1.20793336459492	-1.15460442250227	0.898149225730091	-3.76568104570066	0.865193705000034	0.432373190567164	0.824861802021123
XLOC_020785	-0.215043665639509	0.685540866344017	0.962600075645892	-1.0700695087125	-0.31324853353278	0.0526508868506825	-0.0866948298275592	-0.218775724578837	-0.323463469047113	0.148848426568514	0.17076205966183	0.206893416267364
XLOC_020807	-0.191830163807322	-0.349730945582985	0.128367681639277	0.212927515504473	-0.389619657766417	-0.0903150027214101	0.475059900443842	0.553855720295218	0.401158458641214	-0.314552251396512	-0.0926624780959573	-0.342658777153419
XLOC_020808	0.239810910988244	0.7451686283964	0.380355729077724	-0.85465330018236	-0.959205913446438	-0.520188988143952	1.03301014875381	0.985031414717478	0.825046468471688	-0.845816422321003	-0.311535281587965	-0.717023394723624
XLOC_020831	-0.0635602580131529	0.60775103617861	-0.559125882691848	0.202750460851949	-0.173490386725686	-0.51759111851618	0.500232332876744	0.577746178876848	0.472382867347737	-0.805460716472825	0.201577463374961	-0.443211977087152
XLOC_020842	0.340009123523377	0.29907426532305	0.497467450235749	-0.340752462082321	-0.151220356261921	-0.412481738559461	-0.0914898786437846	-0.630451678145935	0.483759207963289	0.240871117124374	0.0234541586663592	-0.25823920914278
XLOC_020844	-0.911799020386062	-1.15019820062164	-1.22889184056156	0.816950070426978	0.766241578365653	0.707580938047965	-0.741433365292583	-0.254936338840622	-0.19077279583893	0.617059023630337	0.883030642803398	0.687169308267061
XLOC_020851	-1.2846487207791	-0.322664381598786	-0.505836343710236	-0.332509271917862	1.25975675867802	-0.620594184802484	-0.461492841369811	0.00375265888390874	0.369379801061434	0.780893668793235	0.332064818527603	0.781898038234075
XLOC_020915	-0.895911615245987	-0.414078751626716	-0.0157213651587726	0.491716138719474	0.736979226955203	0.804225465485083	-0.894809193102535	-1.20240148251005	-0.904231549399234	1.03967749252222	0.705196309554116	0.549359323807199
XLOC_020916	0.167928111680948	-0.0309112579531865	-0.185208581259255	0.386408965700957	0.458666231856798	0.39841673986249	-0.224136186651156	0.255466407977276	-0.187487862654169	-0.367385480096414	-0.192858058016543	-0.478899030447746
XLOC_020921	2.37073254217781	1.99017787066579	1.84199334931229	-1.45809318952714	-2.39035869049271	-1.84360686360483	2.02920563088235	1.922583137923	1.2591043607084	-2.13147646156148	-1.74895030433353	-1.84131138214996
XLOC_020934	-0.123050507794829	-0.387048689634462	-0.241213784216098	-0.0426778151085117	-1.53207928775515	-0.315680359854388	0.854890314049769	-0.0822231222280561	0.663538639508078	0.18751956778505	0.130275521650913	0.887749523597682
XLOC_020969	0.577609854074249	-0.442341269025015	-1.04246450029229	1.34879161730427	-0.140609855342366	1.45441906375681	0.0369974149519221	-1.92710948385634	-1.06949798229032	1.24463107453297	0.370188601127129	-0.410614534941022
XLOC_020974	2.79866989290023	1.51937469596188	0.413678291282411	-1.21144997021274	1.99403733898668	-1.21144997021274	1.75438957235796	-1.21144997021274	-1.21144997021274	-1.21144997021274	-1.21144997021274	-1.21144997021274
XLOC_020984	0.255184996559013	0.300887788513474	0.851974686574623	0.222803065611367	-1.24048764428455	-1.1024075595958	0.506796347472064	0.556471349846245	0.564988419172043	-0.1905001365948	-0.804779705360658	0.0790683920869721
XLOC_020988	1.02019901138098	0.807740160417355	0.638525708603388	-0.301682610225231	-1.82933655606732	-1.31585653756703	0.803258578515456	0.868264163492682	1.28588406106641	0.0395121951776769	-0.836769628998905	-1.17973854579547
XLOC_020992	0.0718369924218436	0.200343567740136	-0.63635583301066	0.992949328155889	0.706696037572027	0.561052341329413	-1.20225896150577	-1.21241303087177	-0.543102228035457	0.103685284010028	0.404958602435225	0.552607899759097
XLOC_020997	-0.30535700291446	0.163989089924795	-0.0780539414408823	-0.27252609844451	0.0359521058981551	-0.873352447471397	0.523165272686114	0.208039732126033	0.462900632553267	0.48466488592849	-0.264947128715096	-0.0844751001305051
XLOC_020999	-0.029820692450425	0.201110991441221	0.254101946169065	-0.178302200803275	-0.0169396262119008	-0.0857905777106254	0.0387378247486669	0.179980987395769	0.297760847040244	-0.391751683502282	-0.245105197732363	-0.0239826183840961
XLOC_021007	0.362806095509977	-0.270994912971664	-0.0250613540155618	0.478940112626959	-0.0138789731410895	0.100050568304074	-0.805541913447562	-0.328321191375525	-0.70547244782866	0.941593360833882	-0.079528924600357	0.345409580105524
XLOC_021012	1.41717301008357	1.67757556907002	1.4862048036113	-0.433189439410553	-2.52760662572576	-1.4661524195184	1.0483259703448	1.32096938252665	0.814438791273264	-1.49797580011365	-1.09720547938576	-0.74255776275548
XLOC_021013	-1.66770621082059	-1.66770621082059	-1.66770621082059	1.73808425854557	1.53778109837882	-1.66770621082059	-1.66770621082059	-1.66770621082059	0.228294833708158	1.12806240810142	2.14127759762769	3.23273706856188
XLOC_021017	-0.0524313418440654	-0.129674053013729	0.361085287699805	-0.492962746775227	-0.106208713082681	-0.02160036621608	0.10662330648768	0.102883813339949	0.707533931277849	-0.262765363881665	0.116665961901839	-0.329149715893678
XLOC_021064	-0.20610435673544	-0.621667013153754	-1.09878506995531	-0.57490042183866	-0.793415667912442	0.498886169608371	0.918824412684852	0.948792604222043	0.703558147761323	0.0295301802242989	-0.228629849468619	0.423910864563331
XLOC_021074	-0.800623304288707	0.381332591000408	0.738264046033636	-1.41683157875828	-0.520995202661425	-0.936279658005631	0.87198344736068	0.839627771993007	0.589536398183653	0.105520199963572	0.120413183497756	0.0280521056813301
XLOC_021096	1.10713816547921	1.28489083336249	0.908339655610091	-0.985485006346654	-0.97146639438497	-0.444426732967407	0.721053642590699	1.01381647660487	0.423308943610978	-0.992287003634265	-1.03101547237709	-1.03386710754796
XLOC_021097	1.16072715722731	0.970038574438291	0.900886240651207	-1.67938396821147	-1.2568134823105	-1.64006506062374	0.888430075145083	1.00609593396698	0.856510647724372	-0.182915663580006	-0.768651603114134	-0.254858851313395
XLOC_021107	-0.00187320240153177	-0.133555601756697	-0.0383622635318464	-0.239425295886839	-0.508118195017249	-0.690059333381642	-0.248470721763025	-0.248680718787148	0.230934830861794	1.00539723557489	0.219712220289252	0.652501045800037
XLOC_021111	-0.810625845869793	-0.241894782943856	-0.437632755583766	0.551878223800689	0.709021316196652	0.858139334564735	-0.162544217670897	-0.352346436609901	-0.769926896845574	0.231265355614749	0.472479260224959	-0.047812554878
XLOC_021118	1.41271574518194	0.867591087700281	1.11163885171411	-0.186824369118749	-0.658129623844215	-0.379784416164725	-0.426648112832263	-0.422166166517657	-0.413688926613172	-0.692415098122322	-0.163094507723209	-0.0491944636600135
XLOC_021120	-0.423361460454847	-0.911578993336252	-0.0442264728892932	-0.621276015068252	0.481396481134744	0.289750686060706	-0.479671257516928	-0.232058433669668	0.555071744605222	0.760108154911156	0.271672015454571	0.354173550768844
XLOC_021142	0.170205656827688	0.359780045169559	0.0803537047984646	-1.01983401822888	-0.771466239305812	-0.443967814467086	0.280989812406806	1.25330367740636	0.0781215311804457	0.201652044711249	0.216545028245433	-0.405683428744227
XLOC_021147	0.081434293157816	0.587503105868155	0.443628421306013	0.0296158439512801	-0.262923386457964	-0.63937159918722	1.33336328256767	0.519641855973406	0.644420270640293	-0.672551163522808	-0.970620791228393	-1.09414013306825
XLOC_021149	-0.475122623527926	-0.0751383426958929	-0.458856188369132	0.272239776641148	-0.13709341829635	-0.667752475587486	0.269557752175671	-0.374158624189042	0.938907080439908	0.167242876710082	0.128622945315014	0.411551241384004
XLOC_021167	-0.207611773384214	-0.488210396600574	0.126708304162586	-0.931431471141745	-0.135574622529753	-0.567270642509863	0.598511982146412	0.0718463841441555	0.632020570895545	0.553877102780914	-0.0777607967780911	0.424895358814629
XLOC_021183	-1.02746332725513	0.229496783332526	0.313292211120844	0.195246858667052	-0.353466536131083	-0.115801031910183	-0.532720700795186	-0.692943899318072	-0.111249309843393	0.416499329702791	0.613106542696294	1.06600307973355
XLOC_021201	-0.412230611997765	-0.419405000299577	-0.345789958759072	0.861772351154603	0.430213974957216	0.687845261604236	-1.15710749599414	0.480728613775692	-0.400231572566827	-0.493231412739234	0.403196540304391	0.364239310560478
XLOC_021205	-0.294762550160202	0.121294171978755	0.552994177205247	-0.159491881575646	-1.05274828382379	-1.09346911282917	0.642019989326843	0.425690700774429	0.748650390680527	0.0294031970412796	0.0345231605605987	0.0458960408211224
XLOC_021206	1.06752161151443	1.21949304833838	1.924553175049	1.29319046808481	0.690643294813921	1.89134187528216	1.54172417057036	1.2910151899971	1.75063891177219	-5.94881152306678	-3.53234613438846	-3.18896408796711
XLOC_021210	0.875116352929454	0.184000572940826	0.287525910533565	-0.749601639630362	-0.13992583785866	-0.564801794898367	-0.405700451465694	0.249069352868185	-0.00102202094116954	-0.106604983664857	0.154366786992775	0.217577752194304
XLOC_021215	-0.0391328693402508	-0.755430092577999	-0.104540549732036	1.14784624516362	0.23684357323611	0.948122065709565	-0.0189511252148824	-1.21608500478762	-0.166263983565025	-0.583824817042715	0.325429434087663	0.225987124063563
XLOC_021217	-1.48195338224524	-0.0913651847445305	0.275772201436629	-0.675704594231476	-0.0172439366405683	-0.106913452479256	0.372157496167114	0.39766949069922	-0.715449153124858	0.521754919495645	0.493132892796277	1.02814270287104
XLOC_021233	-0.48340146813791	-0.173451306104373	-0.751407120020913	-0.402608373204879	0.712935511207792	-0.27569851303135	-0.114650345453773	-0.175414624834483	0.886898415556524	0.205708957343545	0.511655303660125	0.0594335630196969
XLOC_021241	-0.168799084778156	0.30075963391118	0.107018276177567	0.0699629395364614	-0.151033444662404	-0.193249733393919	-0.0314651408285203	0.177635757820326	0.241408139171629	-0.186260555808401	-0.225061722365353	0.0590849352195884
XLOC_021252	-1.00546344808467	-0.117855670929721	-0.742112080343557	0.41858440773724	0.63976544798335	0.0791188170287063	0.0235039659322238	-0.69439698692986	-0.454400382955809	0.638867860796611	0.641849144519644	0.572538925245845
XLOC_021259	0.700149925042332	0.624440967232947	0.429273353030144	-0.575569934026494	-0.295659047621792	0.00274727898873994	-0.603358517135078	-0.23757376517506	-0.66298568562818	0.269060513022897	0.359492309739393	-0.0100173974698521
XLOC_021266	2.41327005116922	1.61215019950034	2.50622984249296	1.69023805569716	0.779107240972676	-0.463405579715813	-1.21653336484482	-1.84378253685957	-2.28637186288677	-0.494414612565167	-1.27396196064436	-1.42252547231584
XLOC_021267	2.66729999941669	2.96986549949083	3.71555723097998	1.5081672071206	0.00600751003251587	-1.89762326224556	-1.89762326224556	-1.89762326224556	-1.89762326224556	-1.89762326224556	0.518842126432762	-1.89762326224556
XLOC_021269	1.8047071521016	1.50352293137887	2.21260784271359	0.520612731090631	-0.221063407162529	0.00278384759541961	-2.00449536254707	-1.33146035175213	-1.36557261130236	-0.0302283072309795	-0.716709221512208	-0.374705243372839
XLOC_021270	3.70315623801395	3.33237875799271	3.14808338012906	-0.128251374033046	-0.0638040051437043	-0.546695730708444	-0.852799170504943	-1.30563572752157	-3.12928310900315	-0.790166018720371	-1.75069429711278	-1.61628894338771
XLOC_021271	3.73895788594366	3.8165526815313	3.47566050699121	-1.22568567494069	-1.22568567494069	-1.22568567494069	-1.22568567494069	-1.22568567494069	-1.22568567494069	-1.22568567494069	-1.22568567494069	-1.22568567494069
XLOC_021272	2.34519518365033	3.62254986835858	2.72416009696398	0.650530997435625	-1.4196884881134	0.595383270385277	-1.4196884881134	-1.4196884881134	-1.4196884881134	-1.4196884881134	-1.4196884881134	-1.4196884881134
XLOC_021273	-0.538086443007209	-0.720167244144487	-0.72531865417503	0.741424938056355	0.344479459501586	-0.157406144506091	0.890254835374053	0.982502038191065	0.416226032512919	-0.585294434106756	-0.0786267533027543	-0.569987630393656
XLOC_021302	0.443426184632847	0.61382244701592	1.08261668181208	0.486582383424036	-0.346965751458713	0.510879980450035	-0.972834042389364	-0.303665213786395	-0.307272382485139	-1.02651957612439	-0.0362806591833662	-0.143790051907553
XLOC_021304	-0.898933180759339	-0.115738924545285	0.271970355097627	-0.331239926843173	0.162061550280532	-0.45945777381228	0.127457555464723	-0.0054721693196651	0.290747871957588	0.278328453349292	0.26715484659894	0.413121342531046
XLOC_021310	-0.416208656309098	-0.0354068478790168	-0.137639712352703	0.726518348484847	0.603902705711814	0.340661211424498	-0.766305381199328	-0.723867081418146	-0.838824264400616	1.05902230442458	0.268447701843032	-0.0803003283298613
XLOC_021315	0.645765533577929	2.44855053352181	0.455825204498988	2.23648741237	0.734327715281918	-1.16930305699616	-1.16930305699616	-1.16930305699616	-1.16930305699616	-1.16930305699616	0.494861942726303	-1.16930305699616
XLOC_021339	0.515230350506974	0.400804926598764	-0.241269379377254	0.150437702059638	-0.906824361567054	-0.759337285950943	0.093778692474527	-0.246305468967056	0.49942627855106	0.195640229171421	0.349020848961737	-0.0506025324618129
XLOC_021351	0.503758129088704	0.876233536439467	0.336577668785459	-0.427202244216013	0.333232726244487	-0.631293140365002	-0.15931587896936	0.858595865941203	-0.653510874479069	-0.530571490216172	-0.13287002668686	-0.373634271566847
XLOC_021355	0.0806787887153666	-0.252952938011775	-0.104867615649064	-0.482862339760875	-0.0186160797051524	-0.214671314775814	0.391088264361593	0.240286647050748	-0.210119592709024	0.22712286248256	0.180437501837976	0.164475816163462
XLOC_021365	-0.726224684187008	0.562599108568863	0.313051799664627	-0.292928119110545	-0.345347905927845	-0.505534874134763	0.0235111795796916	0.628344669060863	0.0852496212945759	0.211218555721218	0.0973110560912414	-0.051250406620917
XLOC_021376	-0.0981402500916646	-0.124066694369229	0.0224952443429158	0.0829733167210955	0.622378860442035	-0.479642661143181	-0.508272235318734	-0.933702127292336	-0.890075948210312	0.964485571963825	0.915167672371876	0.426399250583713
XLOC_021377	0.230077618295931	0.4326806886746	0.232045873824823	-1.35806424410759	-0.398677693168286	-1.42979352058473	0.0814079911422647	0.207771233345752	-0.0193137613584344	0.696845725419941	0.44195656365279	0.883063524862942
XLOC_021378	0.665680047213818	0.742919970275604	-0.206114145754324	-0.355137315163738	-1.07413663208579	-1.08436294393271	0.0209353973143909	0.158661763465229	0.404753302018099	-0.0899596378511989	0.642965289479953	0.173794905020662
XLOC_021380	-0.341620273348214	-0.224494696223241	-0.270759179892327	0.533730537328527	0.371268999997339	0.332935117812665	-0.787312947217541	-0.381171116339798	-0.537258360533714	0.620777845203783	0.542625788972655	0.14127828423986
XLOC_021417	-0.19305717213418	-0.325489674398083	-0.238114326080071	0.388610633563532	0.25720049798938	-0.133110036833347	-0.507767489851609	-0.929141399607452	-0.365993189375226	0.873178945060154	0.673073374002987	0.500609837663923
XLOC_021418	-0.117314522012447	0.0220158758641764	-0.886238645294835	0.31957725415631	0.627739989085355	0.573258521075338	-0.465238164793222	-0.458921320393494	-0.994532974572337	0.213894282744447	0.72557876638528	0.440180937755434
XLOC_021419	0.192600208493824	-0.2294009701695	0.179728088206366	-0.479857808144954	-0.497064505320422	-0.42926515216857	1.01702420601962	1.18493080420969	1.11641110802779	-0.462810666788799	-0.486530986498307	-1.10576432586674
XLOC_021439	-1.1232446158834	-0.305963485849629	-0.121185409672272	-0.212695057363959	0.415906758658101	-0.113969482215888	-0.0763190264000659	0.0469063008852117	0.184716990730198	0.277485511526928	0.443263173011839	0.585098342572929
XLOC_021450	-0.350514801486353	0.842103973740532	-1.25660244753913	0.432826411044875	0.220224616108835	-0.396431145550378	-0.865045600905624	0.428058336838887	-2.21939742872133	0.825709726432135	1.55402355390516	0.785044806132389
XLOC_021452	0.221544559951263	0.256838905495295	-1.81106136442588	1.11885118634219	1.11839540099119	0.297535113651017	-1.21521376660174	-0.254742005752734	-1.49318093896459	0.0540648256390899	1.5485866607934	0.158381422881509
XLOC_021460	0.966926379266635	1.07061995071715	0.157763520980158	-0.710664407197931	-0.0171096393846648	-0.773429889541317	-1.45839978926336	0.509048763251132	-1.70199583786686	0.0899614124547381	1.26994940817811	0.597330128406212
XLOC_021467	0.489193893571021	-0.104472180431506	0.162529274647467	0.886125268624743	0.554390040718593	0.310441666549395	-0.340861175421311	-0.0265730388320717	-0.503493476746457	-0.867764091528402	-0.289550456245235	-0.26996572490624
XLOC_021470	-0.613599482114197	-0.375276063510463	-0.622722750502156	0.354658101163578	-1.17299584467851	0.595131256417655	-0.508061354583895	0.28534711755283	0.293735193681245	0.930258219498052	-0.0192645181399511	0.85279012521581
XLOC_021471	-1.05408248533626	-1.05408248533626	-1.05408248533626	-1.05408248533626	-1.05408248533626	0.960989273162416	2.81633931395777	-1.05408248533626	-1.05408248533626	-1.05408248533626	1.8543284614349	2.80100283413501
XLOC_021504	2.8561742741743	3.79414140453817	3.47057892977974	-2.42112071131811	-2.42112071131811	-0.406048952819437	1.06677576788364	1.05723047414441	0.266751658889728	-2.42112071131811	-2.42112071131811	-2.42112071131811
XLOC_021506	-1.9304749940359	0.090020262398923	0.0761790585026203	-0.0415966981911318	1.0495133353824	-0.763587907109103	-0.0506421240673172	-1.76321817534527	-0.0121487133996867	1.08671688690837	0.751339575977647	1.50789949297844
XLOC_021522	-0.202003957709025	-0.384613632837329	-0.153634153823159	0.0331360946163448	-0.424253521410313	0.0149770607790352	0.463023461100811	0.971156139655395	0.26674640483055	0.178813188473764	-0.574948989839402	-0.18839809383667
XLOC_021536	-0.684406458305169	0.436422511948996	0.334189647475309	-0.503292891492409	-0.356746390090477	-0.145828486135862	0.105253583775188	0.355057556700011	0.484796830202182	-0.450197812385429	-0.0707664866019249	0.495518394909582
XLOC_021544	-0.459223862462537	0.449436042347021	0.242142116818461	-0.304466784302037	-0.190897529514057	-1.03503204905599	0.670254302959202	0.459729692645735	0.496357828615092	0.163431517044919	-0.190781103806746	-0.30095017128907
XLOC_021553	0.672222840613069	0.622180898686365	0.222877393123086	-0.471499330855464	0.676617382926631	0.403683094560969	-0.78993988233984	-0.651291937751421	-1.39271361778662	0.150307247062537	-0.119990113574516	0.677546025335207
XLOC_021562	0.202677442904019	1.76573997981938	0.0127371138250783	1.27494132752761	3.21620809311909	1.21217584518423	-1.61239114767007	-1.61239114767007	-1.61239114767007	0.377475935970939	-1.61239114767007	-1.61239114767007
XLOC_021567	0.452632644563311	0.23841304142595	0.235937957848872	-0.561802770348242	-0.266784290885097	-0.332677727065743	0.326310034525994	0.35907874146819	0.278527346758072	-0.279736422455251	-0.291149653902076	-0.158748901933984
XLOC_021588	3.04702058481411	1.06703132847901	1.5594420164244	2.42346197274024	0.239837434582471	-1.66379333769561	-1.66379333769561	-1.66379333769561	-1.66379333769561	1.64596668913341	-1.66379333769561	-1.66379333769561
XLOC_021595	0.353422715295773	0.131752844138344	0.315454663214683	0.85408542490545	0.67030980010573	0.536259855799313	-0.695430130646409	-1.41967900028719	-0.363385295918487	-0.166075596342311	-0.186970916597609	-0.0297443636672838
XLOC_021610	0.378705542742198	0.4309410131406	0.241242109165359	-0.0972227881538377	0.0158481921998419	-0.0477250147945654	-0.223184386352409	-0.20916057433609	-0.127817873826308	-0.166211058407235	-0.306654591594247	0.111239430216699
XLOC_021622	-0.249848073646941	0.258145806911361	-0.745558589608394	1.17481158081683	0.849115410612938	0.883206665246845	-0.266327205700345	-0.914277576318771	-1.00068677853962	-0.0176665841254753	0.280172738711765	-0.251087394360192
XLOC_021633	1.4026842781236	-0.53546385726206	0.64877208583367	-0.752281352975398	-1.33318363843011	-0.519853321805551	-0.235973678265314	0.125159323801233	-0.0293263970907836	-0.0921464667216636	0.784963409280638	0.536649615511738
XLOC_021634	0.166402045405666	0.327179214619356	-0.0617702971158263	-0.478936166104912	-0.150790369160653	-0.550411023438955	0.510889963661921	0.225767456789232	0.000198879089957416	-0.217764361520719	0.532105460509615	-0.302870802734676
XLOC_021658	0.841069173011455	0.825357987167097	0.758410167479019	-0.699131967174608	-0.642767985380758	-0.312309720009564	0.389224341460206	0.680972640524582	0.0598272323521982	-0.457335842837191	-0.389392384540329	-1.0539236420521
XLOC_021659	-1.08743854541286	-0.553476319164419	-0.593867423135032	1.46546491115427	0.526460527148749	1.71104283789902	0.0781855796902393	-0.837034983521554	0.115534938027289	0.0741913411688166	-0.197464773793907	-0.701598090060616
XLOC_021665	0.614786690457031	0.343398137227028	0.239175026749216	-0.0803395654953274	0.0588629635578712	-0.135884605968604	-0.369844627187683	-0.347267347477045	-0.262280525655033	-0.0871964178455968	0.0430915465209196	-0.016501274882776
XLOC_021667	-1.3759832939194	0.446178059358187	0.384955679435766	-0.52834090150467	0.0603389498274582	-0.711928757942782	0.273170969397819	-0.139123320106085	-0.297267736417407	-0.253731946709272	0.861728846536022	1.28000345204436
XLOC_021673	-0.540140302957076	-0.583816467880979	-0.253600317520905	0.300081971179214	0.494935408231715	0.635069289785489	-0.29836562263208	0.127139692273431	-0.341750521519447	0.142138233174212	0.204958402481401	0.113350235385026
XLOC_021679	-0.0812587834927889	-0.532317794543552	-0.425367288852991	0.618394496313318	0.368139852783711	0.934991653512515	-0.443692266130947	-0.0424052501435028	-0.20333260564696	-0.190813680861041	0.120901278307105	-0.12323961124487
XLOC_021688	0.664241722730031	0.65693925917209	0.359799240121152	-0.368607702737043	-0.136229642867383	-0.196668910335936	0.0368282027348874	0.0958842914934204	-0.597051768142352	0.0415807950074099	-0.404947892617213	-0.151767594559066
XLOC_021700	-0.0302571128067601	0.218039213973322	-0.229580735634345	0.292483350323526	0.345136748069109	0.763344965481391	-0.384963781874626	-0.0879087570545458	-0.293935281991542	-0.509135440751313	0.231315588714567	-0.314538756448778
XLOC_021717	-0.344915688591105	-0.352188340425981	-0.394734083720419	0.132349795207882	0.589305418619174	0.566174519323991	-0.900394559800556	-0.516915677703743	-0.61250543888511	0.405452187253841	0.65248930769947	0.775882561022554
XLOC_021727	-0.963772517110049	-0.58969042458442	-0.197300374869431	0.971024487343587	1.46590583898293	0.936964288955779	-1.62571880863018	-1.26458580656363	-0.365538842588235	0.903665709829085	0.562495390210686	0.166551059023874
XLOC_021732	0.529368920991881	0.380411839381681	0.753218979664643	-0.163887469705479	0.191197804032853	-0.451972382590101	-0.69646809453504	-0.303103943087218	-0.607910242208763	-0.739841980546745	0.215588174891373	0.893398393710919
XLOC_021740	0.131712588237804	-0.363094356899977	-0.139970389196588	0.5602410167579	0.378594079746845	0.667686607761981	-0.700046815161333	-0.347851550482111	-0.920143935752059	0.597455534299815	0.0553652019627142	0.0800520187250076
XLOC_021742	0.323654388492002	0.0570688856312902	0.388702406033056	0.333153352779898	-0.721648578355821	-0.2961659944251	0.231289854333601	0.37110277118706	-0.20257407170479	-0.0763544741428621	-0.141960106969708	-0.266268432858631
XLOC_021746	0.755298262963425	0.144447997847506	0.218063039388011	-0.228639819844248	-0.0425286626624679	-0.647084176519646	-0.220980306461153	-0.85803584980565	-0.174275923161585	0.927092980744233	0.661772209132882	-0.53512975162131
XLOC_021764	0.0157737577396304	-0.13256791863285	-0.173054103285711	-0.0232831147034727	0.0643175036112709	0.214089923665819	0.32717285366158	0.633008416289369	0.38281715236136	-0.537251333062351	-0.303167030583269	-0.467856107061372
XLOC_021779	-1.03965928396389	-1.03965928396389	1.81913674174706	-1.03965928396389	-1.03965928396389	-1.03965928396389	-1.03965928396389	-1.03965928396389	0.856341760564858	3.40686519694397	2.23493057245523	-1.03965928396389
XLOC_021785	2.52054491688926	2.51363214414376	2.47324104017315	-1.4895749462237	-1.4895749462237	-1.4895749462237	-1.4895749462237	0.849015424332243	0.406426098305045	-1.4895749462237	0.174590053498759	-1.4895749462237
XLOC_021787	0.350370273254672	0.714469058733259	0.0264630997319131	0.452978681515308	0.415086969054352	0.915116524124212	-1.53216762036609	-0.730324587065118	-0.886108092821315	-0.508358418642097	0.519467577000577	0.263006535480328
XLOC_021789	-0.871738916176765	-0.565660738013785	-0.473329002518905	0.768535053051838	0.877228061803801	0.0301479164492715	-0.841308958845369	-1.1807467305379	-0.535654725997345	0.880659431256295	1.00040275283433	0.911465856694538
XLOC_021790	0.791968975216897	1.06037170174037	0.941410623428758	0.0597366987062333	0.315792738999286	0.313841766842333	-2.23458590524012	-2.17675525233574	-2.10342931735457	1.04544689472819	0.862798903719212	1.12340217154915
XLOC_021791	1.7799927348247	1.75656170641088	0.877835308583489	-0.251571805850855	-4.03796140050498	-0.0191437746810088	0.134523582521973	0.229675349032468	-0.466621107649122	0.408563080402879	-0.228977592056703	-0.182876081033715
XLOC_021800	-0.318336303413497	-0.160717188488865	0.201759437150515	0.422782352737572	0.998034693061734	0.518077077977893	0.0451913704697251	-1.17593421865109	-0.464435353726108	0.0257615090781398	0.386442162857402	-0.47862553905342
XLOC_021854	-0.357236348466944	-0.701606097934505	-0.446758006325146	0.582100581467758	0.799243991433235	0.584556291223592	-0.702802915826435	-0.991688164745819	-0.476895951624465	0.656814954482115	0.545148223302732	0.509123443013886
XLOC_021859	-0.398131306799636	0.170599756126301	0.416797757719748	-0.633127218847992	-0.496336174692907	-0.349132987095744	1.18162753830699	-0.198993187092078	1.11116389244525	-0.737135594355896	0.115198314784063	-0.182530790498102
XLOC_021870	-1.06814157105568	-1.06814157105568	-1.06814157105568	2.33764889831048	3.05694842801424	-1.06814157105568	-1.06814157105568	0.530718518326024	-1.06814157105568	2.61981672379467	-1.06814157105568	-1.06814157105568
XLOC_021873	-0.186784192189463	-0.105718336844443	-0.0521298824675922	-0.450994537194253	-0.384913924882196	-0.111406425941537	0.406395181999498	0.177045382031997	0.406977259272682	0.375739292527725	-0.300141224046222	0.225931407733807
XLOC_021884	-0.616295411430914	-0.261351938895729	-0.160798994205221	0.541460414236846	-0.212273913556084	-0.00135600960146842	0.759163790633352	-0.0638361399522536	0.397118535737285	0.295645419646689	-0.253875835340819	-0.42359991727168
XLOC_021890	0.364143138471508	0.574851543629313	0.0174673929044626	0.53578657647668	-0.48774966980775	0.780495959059168	-0.265283347676785	-0.395057309069024	-1.59863534770287	-0.0956395801143195	0.302061883414992	0.267558760414627
XLOC_021898	-0.12200649426774	-0.305480524926161	-0.196909142230739	0.454806675077696	0.236240635300746	0.313534252252417	0.0839692817592059	-0.00623087692334501	-0.0202405085320727	-0.203735315925123	-0.0643426894719017	-0.169605292112983
XLOC_021925	0.0365940754783427	-1.29608871954193	-1.81542382132042	1.1983911160813	0.521132035219166	0.960148960521653	-0.141801745535336	-0.0103895756006205	0.510991012813798	-0.986261552181027	0.393571122028569	0.629137092036513
XLOC_021928	-2.66529845942033	-1.09011616306597	-2.76321973839794	0.616982133288506	1.39119526896013	0.566774718256922	-0.992691707770941	-0.938875732059536	-0.119747845545954	1.97388943383993	2.01777456429329	2.00333352762189
XLOC_021957	-0.80260212896421	0.15090116094858	0.246094499173431	-0.848898534500639	-0.0394226012560805	-0.468806899260347	0.0102640493860235	0.207410649789754	0.188832422798239	0.670310027316959	0.527453028363737	0.158464326204549
XLOC_021986	-0.190286938092258	-0.319999033359633	0.136282717044836	0.991791089142182	0.200937283497432	0.818994087804694	-1.14402740773521	-0.894531258369715	-0.380442265947901	0.316810276691343	0.333153682184269	0.13131776713996
XLOC_022000	0.651443631569077	0.620838302358247	0.353054070303895	0.161257074080888	0.255117447775176	0.404475525230487	-0.427426489128105	-0.103116592774549	-0.11853919336271	-0.824237509425674	-0.518291163109095	-0.454575103517641
XLOC_022010	0.0216522267972614	-0.190475676849065	-0.164021368034271	0.39440759284215	0.161577471505149	0.313259009361587	0.029077696070491	-0.0345903666776142	-0.220079291872858	-0.254617268243706	0.0892416223344057	-0.145431647233526
XLOC_022043	0.126803079278554	-0.34163116849847	-0.073084019563022	0.203497201006119	0.55376432157053	0.322587646209104	-1.02303153602418	-0.507799361343084	-0.729218956338721	0.155114622077906	0.518216801203562	0.794781370421702
XLOC_022045	-0.368082636707443	-0.753242058912483	-0.210624309995072	0.190371071465288	0.51167380451548	0.118009558636386	-0.314909414436118	-0.378255272526509	-0.325338524082681	0.666387641108806	0.324940054081682	0.539070086852667
XLOC_022053	0.241303732368583	-0.337935551367843	0.754502572333354	1.71131682635756	0.66730510403404	1.38189555619942	-1.55021751355672	-1.33609410795554	-0.965092264633145	-0.851534109926104	-0.144698954820274	0.429248710966672
XLOC_022060	0.115830831064648	-0.301512285927647	-0.230954303664906	-0.388329675980912	-0.0537567138241943	0.0478244625021409	-0.558281333621677	-0.0163087109182971	-0.759688151720627	0.933007376831068	0.69185257563787	0.52031592962253
XLOC_022062	0.181229984722201	0.491180146755737	0.985644864617488	-1.02698398598942	-1.2408159892021	-0.653180792562279	-0.104978974602004	0.326452809477975	0.167766521392019	0.00795511044789343	0.23784032605934	0.627889978883145
XLOC_022064	-0.0366830689667612	-0.127796805596332	1.19541824884612	-0.618595457888101	1.32267130770337	0.761013582320993	-0.255575060741323	-0.027576747623252	-1.60992688855703	-0.710159314163767	0.853290702652194	-0.74608049798611
XLOC_022097	0.500256309694432	0.216905655991832	0.605381651424139	-0.515014890642157	-0.235207237287596	-0.837942082022202	0.508634919564649	0.81917832417377	0.91773454664597	-0.620327450438986	-0.937414256834511	-0.422185490269343
XLOC_022099	0.344295179334562	0.229425912607153	0.146896681397696	-0.499634819543445	-0.372502403382862	-0.180300152390229	0.503985094711879	0.522393691028974	0.864551060989278	-0.768392221019543	-0.442756105371789	-0.347961918361666
XLOC_022115	0.529862030613613	0.639529821276414	0.479482356029337	-0.573162244524855	-1.07338627360204	-1.37099367019012	0.503104271820145	0.524282781556918	0.553706507545515	-0.213909586583346	0.00538482774824622	-0.00390082168983064
XLOC_022121	-0.728036445063801	-0.728036445063801	1.64195549968276	-0.728036445063801	-0.728036445063801	-0.728036445063801	-0.728036445063801	-0.728036445063801	1.16796459946495	-0.728036445063801	-0.728036445063801	3.7424079064265
XLOC_022122	-2.00687510721911	-2.00687510721911	-2.00687510721911	0.0633443783299148	0.689800135143473	0.817691885635185	0.132721985913138	0.331715263336837	0.680997262988732	2.62399964348159	0.409590281459213	0.270764485369249
XLOC_022136	0.525992980422832	0.229575882529122	0.129761419564661	0.162084828639792	0.375367348132323	-0.248033433415046	0.394531450584728	0.337840474333025	0.810269237371841	-1.66701958703334	-0.850801365623505	-0.199569235506435
XLOC_022151	-0.127915313122299	-0.246972749986196	0.920576515881056	-0.656250312681854	-0.242995048588618	-0.725886774153357	0.545034135491609	0.430607581392312	0.588282374619248	0.482699411895561	-0.233148975260946	-0.734030845486511
XLOC_022152	-0.586103567589717	-0.062141331807128	-0.061760276257484	-0.101766824431922	0.228514971160965	0.164072235656486	-0.778331382876218	-1.19620849081028	-0.838496803266382	1.10072508345563	0.999192467792454	1.13230391897359
XLOC_022155	0.16221610025284	-0.292996451167985	-0.388585854121258	0.203596102180637	0.317222773793006	0.407139322099006	-1.08739525661581	-0.617289479136817	-0.969871864058998	0.748446207412378	0.737861182376232	0.779657216986768
XLOC_022178	0.249876837704642	0.181619782523724	0.244514247213004	1.97229603757462	1.81968537843743	1.56831028682319	-1.46022077266328	-1.2733537491378	-1.46193660726727	-0.217834262500231	-0.39261084144696	-1.23034633726107
XLOC_022179	0.894926259315591	0.897565289896185	0.589905595924206	1.22762108852175	1.13643716166345	1.08433701221856	-0.195585054270635	-0.288100527170869	-0.231249325768577	-1.82171309581224	-1.40978426238607	-1.88436014213134
XLOC_022187	1.39123590224677	1.43955145226	1.34092445530172	-0.0875168467424343	-0.308053384427724	0.194706936609767	-1.02988211897201	-0.736542506035021	-1.49009742651708	-0.333331841332591	0.0782539589975082	-0.459248581388903
XLOC_022230	0.0573835370723943	-0.344437732843584	-0.993609490931643	0.536638228317013	1.36460825967196	-0.788572396890149	-0.815740508222859	0.641952812579877	-0.392269118313165	0.905514610425726	-0.00336320832966575	-0.168104992535908
XLOC_022245	-0.842918352174163	3.1602887381933	0.782209909320984	1.22730113337486	-0.842918352174163	-0.842918352174163	-0.842918352174163	-0.842918352174163	-0.842918352174163	-0.842918352174163	1.57354703650416	-0.842918352174163
XLOC_022257	-2.26290647430128	-1.97645298194184	-2.63076395809221	1.04590711160442	1.44933271045976	0.838764983264777	0.16522397923646	-0.736225492864979	0.178510365353302	1.29137914176944	1.42518860789953	1.21204200761262
XLOC_022258	0.682405825200082	0.79520193667118	0.475038327781597	-0.00948829210831903	-0.286048761930423	0.0474189456504162	-0.154260469975054	0.219003686975029	-0.0397759471433581	-0.518291852288987	-0.107605301854438	-1.10359809697772
XLOC_022269	-0.377153102175699	0.170591842682046	0.528523743799805	-1.49994049009098	0.132036286540164	-2.37220120678999	0.878401943441595	0.387645366201042	0.685766972731535	0.407040801222384	0.856017960004982	0.203269882433124
XLOC_022274	0.0470547330552966	-0.277420246703969	-0.538173732696118	0.799482754893246	0.167786798701024	1.01785737234167	-0.417045212991883	-0.636577141969229	-0.648646071160086	0.657708475486888	-0.314984951445906	0.142957222489065
XLOC_022285	0.529962600999871	-0.816827369366497	0.146168408008589	1.35691281561867	0.393918280904686	0.228440554313172	-0.405335559101439	-1.24625414212298	-1.74680858967663	1.07564996906078	0.723526980444419	-0.239353949082647
XLOC_022287	0.0900174510566121	-1.72505113951748	1.78887909414073	1.1622813356802	1.85583610349347	-1.72505113951748	-1.72505113951748	-1.72505113951748	-1.72505113951748	0.264815944123532	2.91083731602194	0.552588453070883
XLOC_022292	-1.35450242336947	-0.444062640568468	-0.769122158327419	1.13234862357519	1.42684879192915	0.488085580368694	-0.525791446184337	-1.11930508252994	0.106940457153598	0.569660256689208	-0.0854875443206504	0.574387585584442
XLOC_022303	0.240554122027701	0.0978385454360051	-0.0780995178437847	0.239913347836266	0.289748869331531	0.511253640419848	-0.343076408561746	-0.27019078058161	-0.663244981448871	-0.12681306716715	0.2237208540047	-0.121604623452884
XLOC_022310	0.398575761444115	-0.0782346931859053	0.0991910494752881	-0.974920228716631	-0.527705973834969	-0.0149714596141068	1.46041153743284	1.16600109969677	0.646117099561545	-0.412927421164939	-1.34612077513954	-0.415415995954474
XLOC_022313	0.301976627388012	-1.93184226732172	1.06844876962863	0.0704743215451753	-0.784167628221161	0.0004545807013141	2.11875297177364	2.04442992941482	1.3283213558312	-1.86689831457431	-1.09627862281346	-1.25367172335215
XLOC_022342	0.129423265253189	0.0338266172185051	-0.176621406565536	0.462236696234553	0.347446067101963	0.361939337860358	-0.836977949688741	-0.757458749079097	-0.728014383026045	0.406485545744109	0.466226616540418	0.291488342406318
XLOC_022347	0.029364502633495	0.150885083257199	-1.82396002710102	0.825415581891656	0.890944895684052	0.587173426332012	0.0128853705800909	-1.32754695521069	-1.17840707022036	0.639979227651354	0.740249427254963	0.453016537247241
XLOC_022383	-0.13589517603606	-1.22623202318155	-0.499322256374487	-0.539942714344816	0.269580160959029	0.381641274922532	0.308487135369923	0.179780518024307	0.202896181937112	0.742600982167715	0.0227236823473467	0.293682234208945
XLOC_022390	-0.293284364528985	0.366348684822417	0.653229144848303	-0.301644263722835	0.00126814127888242	0.0934710205953957	0.629332351207861	0.385478239518725	0.895797118267613	-1.23314702715329	-0.850620869925347	-0.346228175208742
XLOC_022392	0.967420747317315	0.803556498808764	0.582269854924062	-0.295385135492732	-0.833371627249003	-0.147283965318113	0.595458339789919	0.832973159990676	0.579987405964307	-0.779126639067357	-0.848955686793976	-1.45754295287386
XLOC_022401	-0.278130025242343	0.605091479708891	0.295271311368271	0.855005630240515	0.225934076184044	0.231487101358746	-0.741521615195825	-0.340547753171632	-0.356919883154416	-0.851900141566722	-0.246475384775132	0.602705204245606
XLOC_022409	0.105429551110337	0.161527364394379	0.456830950073525	0.489576312356086	0.930646403869328	0.685159232475312	-0.960767920807325	-0.596120799358172	-0.726061920168734	-0.778608226629635	0.236355232765255	-0.00396618008035521
XLOC_022415	0.0843563116984765	0.086155617022472	0.289138255461221	0.240741585462143	0.346318290730032	0.482714561803403	-0.717613965405178	-0.11391993562966	-0.0606472219324612	-0.495774200768514	0.0486496307912461	-0.190118929233188
XLOC_022417	0.101397062502905	-0.166474158802858	-0.0835370911050806	0.647033092495899	0.783025909459841	0.736996558745908	-0.910998795795895	-0.39144797059283	-0.536845040619786	-0.0864993457538592	0.0317620631362523	-0.124412283670488
XLOC_022451	0.232610494365519	0.0449913396903687	-0.232404865332036	0.443122083598166	0.730949737326259	0.152696574334726	-1.01349137871888	-0.984530096510249	-1.13901581740227	0.642065963268716	0.943339281693913	0.179666683685761
XLOC_022470	-0.139708582825933	0.589373881702278	-0.21841763152765	1.22279548684455	0.439232113826305	1.36656902709093	-0.446175533706549	-0.0384425640725183	-0.029863579992468	-1.26089245469707	-0.823976236337827	-0.660493926304037
XLOC_022498	0.484367643711338	0.715198122338037	0.178349781962043	-0.235208924748354	-0.611449772325988	-0.641338608800804	0.480645081290898	0.754962223167973	-0.2566365393324	-0.068577586975481	0.0808599424001946	-0.881171362687454
XLOC_022499	1.76521371332994	0.88229907774677	0.992899196907891	-0.435930258610667	-0.137611155858975	-1.31414541228555	0.913838210922268	0.415363525522994	0.144355113520583	-1.09784490329799	-1.13490880184169	-0.993528306055573
XLOC_022522	0.982017790252067	0.375833534117538	0.96383663100879	-0.171457205591449	-0.255465249372535	0.129986828928327	-0.80552638520607	-0.681412127118535	-1.00839466643243	0.479500504468263	0.262083546010247	-0.271003201064217
XLOC_022523	0.436632263418078	0.582150532201581	0.762724547255699	0.198512787512387	0.177446721097948	-0.284856683924875	-0.974410830164909	-1.11967491773038	-0.307559859430904	0.162771984502136	0.222670454719491	0.143593000543755
XLOC_022528	-0.332441394633932	-0.590444805584867	-0.761559929257576	-0.0326359548543476	-0.168658745800967	0.119403602039443	-1.07460170080506	-0.776631458284266	-0.96009158665357	1.04439390748322	2.1069415037687	1.42632656258321
XLOC_022529	-0.209918010264258	-0.648972088941482	-0.874255429853847	0.4115192473565	0.22071778174116	0.323069268229016	-0.849198249138193	-0.964045038138332	-1.07269823247771	0.629507316791884	1.88296985428203	1.15130358041323
XLOC_022530	0.0868769472646012	-1.7154078067208	-0.280980536526335	1.12734589537975	0.968166792387965	0.540829873342777	-1.60564245500849	-0.318620602720546	-3.1975378896815	1.35252067589759	1.56163946665537	1.48080963972963
XLOC_022531	0.294640377142172	-1.94444927538385	0.979117264468764	1.82966120089306	-3.47024329462156	-0.130247892301363	-0.504403752050864	-1.13165292406561	-1.57424225009281	1.47086490506066	2.57587837243169	1.6050772685197
XLOC_022536	0.253377712644488	-0.0434693084546733	-0.212719902929228	-0.0640442171528957	-0.347856623480299	-0.240438572366363	0.0689404128494839	0.427291401731081	-0.0354509568612702	0.0402904328911795	0.0919071605655173	0.0621724605629748
XLOC_022538	-1.18521036932902	0.0926102463144494	0.339516221963629	-0.137479394311807	0.382028744264676	-0.370972685199189	0.0973422104166479	-1.57413623451438	0.0676756511770931	1.04828148472037	0.297713064921067	0.942631059576462
XLOC_022550	-1.36689294835923	-0.550799270026394	-0.291055324260755	0.0137755806702184	0.912233124176095	-0.276649928593222	0.0334912516383872	-0.329380307236441	0.193021949829054	0.595399159876914	0.304847663971333	0.762009048314048
XLOC_022554	0.466722511951826	-0.0401238628254257	0.279490300784005	0.658425425430107	-0.00602679964550656	0.974418308145142	-0.520854304301245	0.554659300353363	-1.13490164345793	-1.2125235765495	0.253060177717268	-0.272345837602098
XLOC_022555	0.597333195553092	-0.230226952247158	0.0469455253952757	0.600066630971829	0.0950925977606722	0.2906957032553	-0.572678470230792	0.276217931570739	-0.436339852443305	-0.244408660482446	0.0541191357540844	-0.476816784857294
XLOC_022605	0.456889275170986	0.217393397793556	0.198139991124669	1.84588518155043	1.62736993547664	0.71741292024493	-0.457812114750953	-1.12050856515314	-0.749506721830742	0.0416164353588013	-0.379320283269846	-2.39755945171533
XLOC_022616	0.900092844563009	0.962506078040869	0.829564615443807	0.0227906745994648	-0.940203860114518	0.440811521844624	-0.113656834474752	0.182393641375724	-0.81740642472216	-0.827694901221457	0.229162466186591	-0.868359821521202
XLOC_022632	-0.298420746495891	0.385177145860132	0.274225047626541	-2.25439797978475	-0.459504484231447	-1.12291282915846	1.13706869975141	0.80946628729697	1.40580227121601	0.16701091839355	-0.273784164408704	0.230269833934631
XLOC_022635	1.69457487074621	1.60884992845869	1.36571241775346	-1.6255196280629	-1.06612022309384	-1.26972131743766	0.714100744406675	1.17332633860225	0.673646860721693	-1.49301594976841	-0.923843331712103	-0.85199071061408
XLOC_022636	1.40412635803373	1.10274922260868	1.35447077337846	-1.13143839835324	-0.956341624708445	-1.7126618748651	1.16587030069269	0.974964531439678	1.02564836768676	-2.54736178407838	-0.178010231981417	-0.502015639853434
XLOC_022648	0.0297516457809639	0.448145107649504	-0.168517710912572	-0.609079059454059	-0.353808302197299	-0.546312563892279	0.096252320107495	-0.206677289317781	0.398188211293391	0.264176663014708	0.0161650147943151	0.631715963133608
XLOC_022655	0.235978430712278	0.807127258459518	0.0152745257473672	0.117141781030607	-0.48683851892394	-0.52847483063143	0.714845102837102	0.760503919232518	0.840647479261067	-0.900004610064154	-0.502303146534842	-1.07389739112609
XLOC_022667	0.431319647616612	0.371975050302024	0.351747099776636	0.0235465748534276	0.188941992846896	0.411008099134349	-0.872605107362436	-0.530003137364309	-0.599859611368414	0.304330414032117	-0.036839905586282	-0.0435611168806256
XLOC_022692	4.16559279434452	-0.677716914142012	0.947411347353134	-0.677716914142012	-0.677716914142012	-0.677716914142012	-0.677716914142012	-0.677716914142012	-0.677716914142012	-0.677716914142012	0.98644808558045	-0.677716914142012
XLOC_022711	0.392916378322651	0.10364180698627	-1.42215221225144	-1.42215221225144	3.26007375849954	1.40241478060286	-1.42215221225144	-1.42215221225144	-1.42215221225144	1.88760781457757	1.48625873451972	-1.42215221225144
XLOC_022731	-0.889954865293282	-0.0230179016539456	-0.0205541596377739	0.133898995231673	0.0978197134778274	-0.0611561187002305	0.136023142755628	-0.0110867188639752	0.13800527177728	0.208020517061653	0.0435927728782506	0.248409350966899
XLOC_022732	-0.625202499529147	-0.431641786193054	0.189937257714196	-0.657584430476793	-0.506410501133116	-0.594817934915013	0.219768410514748	-0.066679605014536	0.803171031132537	0.642428911375171	0.47987441758529	0.547156728939719
XLOC_022746	0.968392478175027	0.917005370574315	0.893083704427496	-1.00634737272466	-1.22598669690556	-1.50711328414557	0.75617914794749	0.776481826945994	0.414400323445878	-0.358000420261532	-0.216132301538149	-0.411962775940731
XLOC_022756	-1.40762320265602	0.843007242672447	0.217505058839123	-1.40762320265602	-1.40762320265602	-1.40762320265602	0.0270433636373988	0.191236886725677	-1.40762320265602	2.28033509219433	2.60897197927882	0.870016389932334
XLOC_022757	0.417000883361077	0.141103990924787	0.243253395545369	-0.0667478284705947	-0.287284366155885	-0.381251574074176	0.342100728400177	-0.108678209473037	0.450612730951308	0.407856522677705	-0.453108748568798	-0.704857525117935
XLOC_022761	1.84737803586287	0.628763617072317	-1.62186682825615	0.448352657292871	0.281763944021923	3.35174758203943	-1.62186682825615	-0.0230067388744528	1.57433504386582	-1.62186682825615	-1.62186682825615	-1.62186682825615
XLOC_022773	1.1564535602374	0.292232513170225	0.807640450031075	-0.667977939419646	-0.101670484297523	-0.922530771637696	0.812958330518313	1.41390858368542	0.650326029193167	-3.41125211082014	0.139757754706822	-0.169845915367413
XLOC_022774	0.00762900223343355	0.159072540340662	-0.295509785308485	-0.44061642401017	-0.0359294870924796	-0.0147157005821654	0.55425547920952	0.171473953441651	0.209802481424474	0.245403789333181	-0.42546437927592	-0.135401469713703
XLOC_022791	0.368222335687924	0.212485994312291	0.273340503556477	-0.216124511390559	0.0307033950454256	-0.224758232663577	-0.245103970037403	0.322418761979092	-0.77470510818145	0.192784145298069	-0.21382584140279	0.274562527796498
XLOC_022843	-0.859303617823925	-0.348218446570863	-0.349248345868301	0.0326882807372222	0.376587255725655	-0.425174289697714	0.0175286820681162	-0.225353849944842	0.411157565541552	0.244081103270467	0.436423817227968	0.688831845334656
XLOC_022872	-0.539695570899795	-0.382076455975162	-0.316896098320942	0.0127235787393474	0.557366594814082	0.446132467833763	-0.519857046090213	0.0706070328128758	0.0585381036220189	0.730240754360408	-0.747763938477999	0.63068057758162
XLOC_022890	-1.57981410280412	-1.57981410280412	-1.57981410280412	-1.57981410280412	0.323816669473952	2.68712741260265	-0.145147536510701	0.0190459865775767	-1.57981410280412	1.21595451611789	2.61824013346371	1.18003333229555
XLOC_022897	0.0844079422057575	-0.363486071954931	-1.08801153259401	0.643966731691777	0.63266733583696	1.02183128758776	-0.836368628169896	-0.923466336922814	-0.369729664686016	-0.0807132551458309	0.693134544324223	0.585767647827022
XLOC_022898	0.00875040783322945	0.0714636153679908	-0.604978940988744	-0.64203427762985	-0.515348133990509	-0.109524516762075	0.1659998538301	0.219422278143369	0.440668415856512	0.191474410726881	0.400367363721661	0.373739523891438
XLOC_022908	0.377509896181362	0.397064431977373	0.295724542024308	-0.403425061012413	-0.215549369000772	-0.52118614908883	-0.112895156928605	-0.185311692064422	-0.0379920259972604	0.263562596010187	-0.146862541622491	0.289360529521565
XLOC_022909	-1.2314108430578	-0.748943721131258	-0.235389037725259	0.343242876013067	0.575581893175101	0.764915519270272	-0.48968830756752	-0.975835326047471	-0.00394682861359819	0.309117781505962	0.762549733812615	0.929806260365896
XLOC_022910	-0.553757953334411	-0.279638914267792	-1.01165464832061	0.769485211189616	0.624913851745513	0.605067221224175	-0.642451742465395	-0.202375469306572	-0.495959297594768	0.379369391257011	0.682963080098904	0.124039269774327
XLOC_022956	0.38119661133722	0.289716074789169	0.193802537941581	-0.228323676956183	0.0301159525757821	-0.480454662605273	-0.469298803882622	-0.244840690541691	-0.31981989776633	0.161190196858424	0.424960384887159	0.261755973362755
XLOC_022983	0.00336508523192691	-0.18032968555511	-0.109004618076955	0.390798394176134	0.198713726876628	0.370749325284079	-0.055761984062352	0.231788166198399	0.110251730812497	-0.527419930364836	-0.230602514224936	-0.202547696295474
XLOC_023008	-0.216215826200839	-0.251065340838521	0.183343939096465	-0.193066274802179	-0.250223325856712	0.238117703831112	0.418145220565204	0.697250454105514	0.34053606769649	-0.251415049014616	-0.194947548089411	-0.520460020492504
XLOC_023013	0.237659368817263	0.540224868891404	-0.0225873026989021	-0.240008582409134	0.868087989405558	0.499445729989666	0.657218192848938	-1.13883707508349	-1.13106202072301	0.119260588062875	-1.05267403642587	0.66327227932471
XLOC_023017	0.122905410891966	-1.69216317968212	-1.69216317968212	2.39509213075373	1.00451206268046	1.13240381317217	-1.69216317968212	-1.69216317968212	-1.69216317968212	1.10360543923989	2.11682062876616	0.585476412906236
XLOC_023022	-0.547462405366888	0.354483706805153	0.618730036095823	-2.22505319183145	-0.776762577670218	-1.39341833932943	0.493152980077558	0.635940896603377	0.997084578738527	0.489075065664764	0.0458222732997537	1.30840697691303
XLOC_023040	-0.122592137757115	0.00897898477652603	0.172080343832999	-0.304885357887802	0.304735629873205	0.169521630661977	0.0995364175261493	0.345915047104876	0.294324176919467	-0.589907452004061	-0.0616506570166173	-0.316056626029606
XLOC_023043	-0.13133774103181	-0.361019262830553	-0.225481247639744	0.314898791871009	0.312963887142194	0.320616677184802	0.0695851065378648	0.516996670235043	0.224406384269745	-0.402054206135524	-0.0905277009514087	-0.549047358651615
XLOC_023051	-0.0943215556740213	-0.30886401014108	0.193797092770512	0.651159273445422	0.213337521170168	0.892721847309555	-0.322103046232002	-0.382270038128673	-0.248959124287609	-0.149705355389726	0.12600478134875	-0.570797386191298
XLOC_023061	0.458887392050964	0.0657396383622357	0.051898434465933	0.545611723915939	0.680950054557226	0.199810826367862	-1.16467043066077	0.0132354331747093	-0.94544556478285	-0.375143209372585	0.369594188084284	0.0995315138370509
XLOC_023065	1.51173788126928	2.97261330997124	-1.58525149799947	-1.58525149799947	-1.58525149799947	-1.58525149799947	-0.150584931706046	-1.58525149799947	1.98608879485639	1.21051712092255	1.9811368126834	-1.58525149799947
XLOC_023087	0.0759303400058311	-0.0723368196887133	-0.17184879147595	0.551851931858943	0.254146291377417	0.476970501718888	-0.750420154085917	-0.113195947423865	-0.122066598024627	-0.107141651254363	0.0163622605971057	-0.0382513636047559
XLOC_023112	-0.106794942635576	0.0432177629915902	0.235640302813078	-0.483509086848717	0.0794451994207375	-0.72998079892076	-0.664961454800983	-0.350673318211744	0.276123896111035	0.533780524570707	0.31417110048976	0.853540815020874
XLOC_023116	-0.265111768835382	0.251387665727219	0.499214780885266	0.552488811373553	0.268719822664046	0.396731123346331	-0.273131000028353	0.0701416644691166	-0.365450781831807	-1.04686501727205	-0.0460832998950176	-0.0420420006029261
XLOC_023135	0.649983550975227	1.02649087346701	0.783439022954806	-0.518372162817954	-0.374882032143309	-0.735670664720998	0.748902457373828	0.872628533403342	0.899779870951646	-0.988407430135683	-1.02702736153075	-1.33686465777716
XLOC_023138	1.23969867781974	0.197892901329573	0.427833487802152	-0.973219951006916	-0.63451954659112	-1.04064221796134	1.38670185963132	0.389882991508689	0.626753760806501	-0.313085064753182	-0.7430143637262	-0.564282534859218
XLOC_023152	0.218034725152222	0.349099926263958	0.495661864976102	0.470308378886554	0.418399916529713	0.642247171287661	-0.504929455408319	-0.823323456966174	-0.162413900128657	-1.00033570333733	-0.367507547575132	0.264758080319402
XLOC_023156	1.39226331247784	1.0260985993837	-0.0795978052957613	1.18260640840677	-1.70472606679091	1.63526933552929	-1.70472606679091	-1.70472606679091	-1.70472606679091	-1.70472606679091	2.31186911514393	1.05512136830876
XLOC_023157	-0.41163194630666	-1.00823289115296	-1.07836964721019	1.39997454621349	0.221529676267013	1.42011886973911	0.705168129211643	-0.267522429983019	0.439235954360691	-0.98540206263104	0.444404351251534	-0.879272549759617
XLOC_023162	1.01872009347967	-0.328069876886694	0.0168925189921829	-0.159533872750541	1.13722046927596	0.072894158419305	-0.458026988202908	-1.60733309684872	0.379797711557168	0.500601013503193	0.252130768863163	-0.825292899401787
XLOC_023179	0.0677828596919632	-0.446578251043546	-1.014246656769	0.838403145272092	0.68452850506819	0.877277823385723	-0.554096954345411	-0.551556134320645	-0.385140761543543	0.395123076152566	0.257931531153382	-0.169428182701777
XLOC_023192	0.640463319592367	0.522486638745139	0.400163572278842	-0.236832969536788	-0.685902760793589	0.360787837294313	-0.0449037652434816	0.52980993715313	0.556006859546688	-0.748650361277691	-0.652400594009726	-0.641027713749202
XLOC_023206	-0.00010547197789279	0.569716309516263	0.492708462162587	-0.528895043654045	-0.544923368105088	-1.11475107489637	0.747725075614649	0.70848352596454	0.277491085771761	-0.339999965037119	-0.154015889255038	-0.113433646104252
XLOC_023224	-0.274825304127297	-1.84602066415834	-0.148579329276046	1.80589062304852	-0.166327374196632	0.647002942427925	0.930882585968162	-0.183387865634553	-0.683942313188205	-1.38194759975504	1.26407377214337	0.0371805267481351
XLOC_023237	-0.981394603781776	-0.25494955146141	0.121024676856901	0.205584510722097	0.209463547151343	0.00586033126803986	-0.106542913282786	-0.86616326916362	-0.15331337657537	0.425867963781469	0.514790088852749	0.879772595632356
XLOC_023255	-0.0842738269302838	-0.66351311066671	-0.343023110976601	1.60461075548519	0.0324375557748464	0.742106101584879	-0.457526295270951	-1.00852051059145	-1.79899932584614	0.821869677321995	0.269703497252154	0.885128592863076
XLOC_023263	-0.471017797193118	-0.119237729687898	-0.168380538866815	0.30194779979918	0.512398742965706	0.113512996903061	-0.570171538007385	-0.885772384882022	-0.305928195433182	0.608686082272236	0.465314003016461	0.518648559113776
XLOC_023274	0.0839592615565925	-0.13249713295879	-1.76571227857969	-0.349314628672127	-0.554816980315306	-1.31113723047196	0.594820159414285	0.639214108163454	0.536514124232919	0.658609543184796	0.835621998389612	0.764739056056219
XLOC_023291	0.631046950331139	0.605120506053574	0.693916315510883	0.537629452164244	0.320015451804387	1.10642059391646	-2.36835663516084	-0.567302877176557	-0.4700887078205	-0.992108229047726	0.492604265614483	0.011102913810455
XLOC_023297	0.879962559908112	0.814768700404152	1.0713540723342	-0.711987395434589	-0.128798265887969	-0.358242140141128	0.0656955421703902	0.11999669356036	0.149192986998154	-1.03156758134258	-0.0985190051400213	-0.771856167429082
XLOC_023306	0.5579768713191	0.227648360190597	0.243655592505084	0.29895195234381	0.145609777709708	0.584840359899056	-0.404451358123827	-0.914459757995012	-0.0724065233959053	-0.282199570250109	0.104007855924973	-0.489173560127472
XLOC_023310	-2.62001799532343	0.637312577741468	0.912068939878672	-0.417102879077563	1.241476804609	-0.271141534715049	-0.516659151128875	-1.05317710316143	-0.427713349668829	0.679017002973913	0.665547160248102	1.17038952762403
XLOC_023318	0.678901780200798	0.317707333300714	0.329664814545922	0.0720388587266871	-0.271210319875512	0.112171887837774	-0.128971337507923	-0.363588081357699	-0.102348361925642	-0.885503204317865	0.125195713605246	0.115940916767504
XLOC_023327	-0.099233178321656	-0.0864954122317414	0.204527908864841	-0.769786154936338	-0.538875165611605	-0.303024610860002	0.344280749100619	0.390968593311819	0.253430852487781	0.309676675217146	0.288518743587294	0.00601099939184913
XLOC_023332	0.0906298281784581	0.365561752344824	0.74199828637796	-0.237729221649848	-0.140137969888606	-0.539758624166908	0.748436361052233	0.203625874265783	0.408395097647576	-1.31876934265379	-0.416855028226987	0.0946029867193028
XLOC_023333	0.272817437068214	0.265643048766402	-0.423628180531144	0.295426947090419	0.078666388256428	-0.737536033017428	0.496421561497338	0.797305687051355	0.472840603205898	-0.557953067516343	0.395260974878436	-1.35526536674958
XLOC_023339	0.389996294848873	0.550665931581693	0.574402449109117	-0.443448365142105	-0.661062365501962	-1.13380145283094	-0.514919403974365	0.0372371607614603	0.31021774503242	0.754011148585016	0.22112572530336	-0.0844248677725679
XLOC_023353	0.316646982760949	0.218683697116127	0.621912673795644	-2.98121741452545	-0.715813810715561	-0.224727277239828	-0.519018798578437	0.395142822968666	0.511440335331677	0.865996775301155	1.33111763476581	0.179836379019258
XLOC_023363	-0.573052119715655	-0.365927680638376	-0.552334631979925	-0.0352427217065765	-0.217175958128926	0.0456191538129662	0.554329004241111	-0.169003076094323	0.54540380398748	0.671922125898514	0.0484484607585811	0.0470136395651304
XLOC_023383	0.272340394321319	-0.389199504401141	0.935808678091728	-1.02339806874879	0.0076967549606648	-0.603183646094318	0.565691622692268	0.708561214951915	-0.104350780760634	0.171114976767262	-0.185438216390234	-0.355643425390039
XLOC_023386	0.279594400497854	-0.437492140619627	0.0876863806147155	0.800425183227802	0.317516648166087	0.603170524534566	0.177816311569017	0.0232156851932901	-0.740366869298962	-1.3787577579377	0.219287807823234	0.0479038262297227
XLOC_023389	-0.16887424787469	-0.795053362236015	-0.487250232982687	0.138566808487756	0.233691938620701	0.539710071547287	0.147032397636373	0.413890925934851	0.12234553893744	0.199875387910401	-0.0302608050463444	-0.313674420935074
XLOC_023392	-0.676188732335842	-0.109498436250961	-0.71372179302795	-0.515185823920364	-0.19153701873185	0.0799373271113781	-0.426578127224833	-0.381350732004408	0.239339904821622	0.879268619829564	0.881422605139592	0.934092206594055
XLOC_023417	0.859879270969609	0.556674342651061	0.0725279299197314	0.133006002297911	-0.262050443579297	0.291883826412672	-0.104417361576929	0.470432823279264	0.203315852200078	-1.21206329229737	-0.0520070769920089	-0.957181873284726
XLOC_023420	-0.401080203528855	0.436703742159918	-1.01152904193692	1.17385288525899	0.254764931422046	-0.530329665327681	-0.382428588446116	0.0559862357718264	0.455396111313959	-0.182366772797526	0.146270114286966	-0.0152397481766093
XLOC_023441	0.0164305421803501	-0.401350280231091	-0.138593025549799	0.544997959627057	0.307870257855956	0.559411835281656	-0.338691163043357	0.144726621383064	-0.145232801918556	-0.248047913347198	-0.0551701684913759	-0.246351863746714
XLOC_023450	-0.485097681573031	0.627959522691591	0.47268067060895	-0.675476257963889	0.863511802229795	0.166571610653572	0.487563470569249	-0.0513983289329012	0.312065554847074	-1.4066570835006	-0.381144040434736	0.0694207608049284
XLOC_023451	0.148827787238149	-0.170925288466085	-0.257279767237696	0.413397694343439	0.193259957103018	0.243129129008201	-0.130549767894397	-0.0747631167379499	-0.0618507175456404	-0.354206324088429	0.116647400541469	-0.0656869862640743
XLOC_023457	0.269065985386782	-0.0897747127706037	0.223345745936372	-1.01588715271197	-0.11514047414856	-0.102742034406305	-0.383577375396743	-0.306063529396639	-0.125445209912333	0.505940395311199	0.645935236531741	0.494343125577066
XLOC_023484	0.621770085076583	0.188115726356882	-0.13816525708921	0.530372509142638	-0.0928738193879486	0.457831202719432	-0.33990714107398	-0.106139882853374	-0.301282962179199	-0.175230740098902	-0.155627913617161	-0.488861806995756
XLOC_023499	-1.63692599759209	-1.63692599759209	-1.63692599759209	3.09621525744942	0.266704774685988	1.18764099526221	-0.202259431298665	0.701664372963858	1.55927587452988	-1.63692599759209	0.0272390021303739	-0.0887768553547068
XLOC_023500	1.38833114720497	1.41830133789618	1.21876620918411	-0.728671356569383	-0.291034868660829	-0.800146213903426	1.91038148521962	1.51725511073475	1.88276638785638	-1.5791569323903	-3.61185418530136	-2.3249381212707
XLOC_023501	1.75364858623514	1.59304238701768	1.26173186069986	-0.773363838304343	-0.784542938406264	-0.636829363035631	1.70796340198081	1.74513580331175	1.20355740566896	-2.09180846461063	-3.15629490462847	-1.82223993592886
XLOC_023502	2.20680584284356	1.76917414187213	1.53471785593422	-1.15436086247448	-0.528954132911824	-0.261456483661155	1.90113955491945	1.89655932693098	1.48916998286865	-2.694665662378	-2.2158444248809	-3.94228513906264
XLOC_023503	4.32202602754254	3.98166641604277	3.29239518674522	-1.28845418114784	-1.28845418114784	-1.28845418114784	-1.28845418114784	-1.28845418114784	-1.28845418114784	-1.28845418114784	-1.28845418114784	-1.28845418114784
XLOC_023507	0.88799414555737	1.14738891020323	1.08832878632164	-0.0959439372503033	-2.29630147438657	-0.0193623064535728	0.928554077149252	1.09360133375975	1.32773120958399	-1.00565168743764	-1.18399290830088	-1.87234614874627
XLOC_023508	0.192231377478407	0.158634518040064	-0.72346591066264	0.482027119766068	0.177103185964502	0.110052256542669	0.288667934193515	0.69579562324402	0.303303244839868	-1.01479187977923	-0.340525905519945	-0.329031564107299
XLOC_023510	0.395408400033263	0.956322426989746	0.564236836241294	-2.37768182290425	-4.44790130845327	-0.72893398075357	1.51360844207878	1.35388192702228	1.41400231695203	0.626434751991138	0.187987147086143	0.542634863716421
XLOC_023514	0.486630633349078	-0.238875577802196	0.288361276655542	0.418113446923745	1.22967738890308	0.437990782760219	-1.02389304176586	-1.71802683933028	-0.687033474254071	-8.38400418627927e-05	0.700160330327524	0.106978914275079
XLOC_023523	-0.90794350595742	0.465963130157335	0.341358845205477	-0.806798083367362	0.654951428068768	0.035249785250099	-0.483604279890391	-1.010175373484	-0.59814008334439	1.05735479027854	0.47118568247592	0.780597664607425
XLOC_023544	-0.235282413326371	-0.291843906462947	-0.699185494833446	0.957619755867757	0.740405984041327	1.49552570140868	-0.282460915182262	-1.26651908044772	-0.883605605353357	-0.21982776339769	0.944792625093423	-0.259618887407393
XLOC_023551	-0.619645691146126	-1.0214669610621	-0.372010555124456	-1.77877848344222	-0.502342982057392	-1.46560162510867	0.736961841090033	0.617214282667184	1.44457125033756	1.05001093333617	0.356307996359598	1.55477999415042
XLOC_023563	0.71023405118354	0.292890934191245	0.195896595669602	0.0639104696057986	-0.397906755816567	-0.165289989232097	0.455336127576516	0.32492912443054	0.224061338366471	0.291075371867056	-0.914082685685327	-1.08105458215677
XLOC_023582	-0.333197441429407	-0.870591336742002	-0.527892112410573	-0.551140363082831	0.160098806350518	-0.0253898291777919	-0.405886237774229	-0.80419214561906	-0.301856782377513	1.71778778598736	0.905390796235341	1.03686886004019
XLOC_023583	1.05696011525434	1.13829513418679	1.08547132881895	-0.537578615445958	-1.83678461661536	-2.89071692903623	-0.327204780818994	0.23591282038887	0.146619703514776	0.999238302360077	0.55010432226501	0.379683215127735
XLOC_023584	0.657892250660431	1.18766658686906	1.15347929404298	-0.727024684053773	-0.577574321470092	-0.708313871993966	-1.22447036690042	-0.61493440495702	-0.517004509573225	0.431427027018678	0.421427107503007	0.51742989285434
XLOC_023585	0.666954778684788	0.614661804497088	-0.171943903756136	-0.938327028242797	-1.14931044799842	-0.795812024244884	0.520077646506021	0.578924194256917	1.23053296744786	-1.03928231225681	0.197637076905385	0.285887248200983
XLOC_023587	0.794468151716321	0.769094433335155	0.733777400784843	-0.728543432798356	-0.578466325955159	-0.885179365517806	0.73520047193421	0.48297484679704	0.846796624600943	-0.54013018934344	-0.92766410657477	-0.702328508978978
XLOC_023589	0.444305398137143	0.716826722047255	0.913314064999746	-0.722391422640463	-0.645948167275645	-1.32317022763012	0.615441024485145	0.519292575408937	0.921178304580229	-0.736631141164443	-0.237635125566992	-0.464582005380787
XLOC_023591	-0.920537572876468	-0.803998207597083	-1.17202971627866	0.297658831647267	-0.190931204060938	-0.4196545223396	-0.544200941359843	-0.984887630867668	-0.0777073589246164	1.46737106661731	1.47301772596299	1.87589953007731
XLOC_023592	-2.82960881360738	-1.91385273800686	-1.42144205006147	1.75085248875026	1.22747058008034	1.37507577088056	-0.952878187814478	-4.64467740418147	-0.529406797904784	2.429361675361	2.6316364567788	2.87746901972548
XLOC_023593	0.460037022626887	0.675536721916306	0.388848675216209	-0.92986600581389	-1.24507453089929	-0.859881986343934	0.195926184239609	-0.158224948992096	0.330438522142071	0.361802637082977	0.20207714625416	0.578380562570986
XLOC_023594	0.197144636431574	1.09077634712964	0.926337401199149	-0.551321098803157	-0.250474707916274	-0.03967385781106	-0.016434835311296	-0.070855720316132	0.113935561237783	-0.0837947987510361	-0.576945008102781	-0.738693918986403
XLOC_023597	-0.0753195248850957	-0.167547033943547	-0.37765638618394	0.79157055770535	0.770072021637997	0.676490981327831	-1.05098608739633	-0.881767413782967	-0.940308248424824	0.278004288583707	0.503730118651958	0.473716726709853
XLOC_023624	0.4331428757092	0.224071753591075	0.272379700943157	-1.23762653877916	1.0869282218707	0.330197402150269	0.48849743389997	0.662249146760827	-1.44721513602334	-0.196892527237453	-0.00752855260589591	-0.608203780279355
XLOC_023626	1.80337778771883	-0.140073057162481	1.19292894931077	-1.66586707640019	-1.66586707640019	-1.66586707640019	-1.66586707640019	-0.0670069870184871	0.23013396812856	-1.66586707640019	1.90052123428268	3.40945348674107
XLOC_023630	0.121162156767294	-0.136841254183641	0.086181336759819	-0.0749902679518266	-0.532352460626399	-0.277582225878804	0.687494577134119	0.469241267679888	0.253630651095728	-0.345392061672317	0.124962254871685	-0.375513973995544
XLOC_023647	0.623453169468629	0.983798875731385	1.20446296907158	-1.1072456554252	-1.06941096679113	-0.22088655556547	-0.210018880167129	0.708587062898364	-0.00929010601587699	-0.747976484953192	-0.0362930255321627	-0.11918040271979
XLOC_023648	0.313539804383151	-0.103667323363013	-0.207846858614957	0.307264998329383	0.975552609128814	0.925635297221231	-0.915861715547839	-0.731839551156333	-0.382129324910098	-0.00945306417085856	0.0614807342843937	-0.232675605583871
XLOC_023658	0.58270014469992	0.666824884321857	0.788807224680221	-1.48840214175122	-1.43238632284535	-0.431024611455624	2.74459731736551	2.8497820376343	2.57541090859532	-2.77034671746318	-1.27582488230887	-2.81013784147288
XLOC_023678	1.26426817788902	1.99063738400754	1.02607482433122	-1.83272120137973	0.0709095708983432	-1.83272120137973	2.0377005979143	2.71073560870924	0.0632798431490147	-1.83272120137973	-1.83272120137973	-1.83272120137973
XLOC_023681	-0.412697104965848	-1.25209987579053	-0.774195381369796	0.7593524564798	1.20344499431346	0.884448150360814	-0.869752002162294	-1.1465352803693	-0.303628783990723	1.10395773359812	0.402730047336307	0.404975046559998
XLOC_023721	-0.500900840168878	0.42826332764947	0.273024538769755	-0.875641343853057	0.518630467337417	-0.238100352383016	-0.391474674382627	-1.2854034592589	-1.34292645167794	1.07871156853112	0.834406904374647	1.501410315062
XLOC_023722	1.24771094285427	0.74577568666488	0.734124174678476	-1.12470475778373	-0.8708215611649	-0.961352578873665	1.01630883415647	1.07702538389782	0.839905192498117	-0.773424383275921	-0.864649472712784	-1.06589746093902
XLOC_023724	-0.202234324561248	-0.0875351130173865	0.105108619533274	0.0739510315530207	0.0633961181881464	0.132172694703877	0.0394825661484344	0.0839234501489692	0.0919103006581601	-0.272850272721511	-0.0393534183879947	0.0120283477542529
XLOC_023727	0.785701314973584	-1.27945375265033	0.290135690294888	0.280397963276265	0.905677180833483	-1.1783400154686	0.234607098876977	0.408358811737834	-1.02851903216765	-0.102993576657257	0.426327013741856	0.258101303208951
XLOC_023731	0.459009577948827	0.0552244652469005	0.935638688902301	0.481336910480611	0.430421626190088	-0.232986718736921	-0.381382545266862	-0.773453159098364	0.257540205977847	-0.942044317731881	0.107414291177082	-0.396719025089627
XLOC_023733	1.01395478733038	2.42319861733669	0.789983471715791	-1.58000847303077	-1.58000847303077	-1.58000847303077	-1.58000847303077	0.0188516163509322	1.99133181982509	-1.58000847303077	1.69458138338835	-0.0318593307933874
XLOC_023734	-0.713337212784587	0.0158978846079654	0.344926552110668	-0.751030422816121	0.445729054505028	-0.648322897200194	-0.381268459927822	-0.183124025030051	-0.156927102636493	0.945352879875595	0.401967492278913	0.6801362570171
XLOC_023736	0.490997569916931	0.0716601748348058	0.0767511371724776	0.586186425662356	0.161873745786473	0.214211562438957	-0.212145126792561	0.35245782129644	-0.084573074924287	-0.910632573882943	-0.0537411216158317	-0.69304653989282
XLOC_023740	-0.0302873054933777	-0.345469725166494	-0.314386287645023	0.0900298451891821	0.633808872477195	0.241190527687364	-0.378045696380565	-0.935207847885184	-0.513747873809313	0.681451836072032	0.321744841608508	0.548918813345677
XLOC_023742	-0.2743486785041	0.163795368888406	-0.490884416956985	0.742753980372489	0.372854685224974	0.456138048050033	-0.0731604716976202	-0.112386645150871	-0.672039764854852	-0.133185781525663	0.195505276022411	-0.175041599868224
XLOC_023778	-0.267835494991856	0.0745226510270376	-0.00983794752077305	0.376305833441131	0.579837467120071	1.01257843485686	-1.12898565377485	-0.576843309352989	-0.751522662973513	0.749988027474553	0.00438459835078575	-0.0625919436564573
XLOC_023780	-0.316047087349132	-0.628974207087597	-0.683904571140068	0.661168316084368	0.504782536585116	0.589390883451718	-0.964044867327944	-1.38941732317724	0.554982254830331	0.793963362385736	0.596259168970588	0.28184153377412
XLOC_023799	-0.0434666771740408	0.457879660233092	-0.180655440653975	-0.147950909390711	-0.518412864333507	0.327551555196274	0.260670775643038	0.51142280698588	0.168350993839583	-0.513063241600655	-0.365088592904913	0.0427619341599303
XLOC_023802	-2.1551385707281	-0.213444014673813	-0.0420010695765693	-0.0654704378756357	0.299654803202769	-0.138109462350677	0.446079634446217	0.288183704743012	0.420925290858966	0.287813335188595	0.182337076823609	0.68916970994162
XLOC_023803	-0.173255118087626	-0.158515063086504	-0.0867096380300936	-0.457380276368959	-0.170744197431748	-0.277809877819477	0.323255636873816	0.161193222517312	0.128679345912063	0.362647511229298	0.0664137588872755	0.282224695404643
XLOC_023804	-0.526340684515452	0.0485999277694447	-0.222579597328955	-0.143012462711575	-0.531424965838492	0.0692318058372052	0.435000631179355	0.365827636878516	0.252579438136996	0.129540746782826	-0.048359347387902	0.170936871198032
XLOC_023818	-0.408237870002297	-0.611042846752024	0.0388168313893109	0.769999013798339	0.411284033117262	0.580953949352746	-0.291487720191486	-0.194066728322964	-0.400798409949438	-0.311250125094038	0.451833584242114	-0.0360037115875187
XLOC_023821	0.17225837462427	-0.457146417985141	0.15589766995856	0.925966860193113	0.479105929193366	0.360160808194756	-1.018037434783	-0.899628946507423	-0.418316907127623	0.326897361195301	0.144702798654509	0.228139904389315
XLOC_023844	0.0282610964253847	0.387381055599684	0.384929682295765	-0.769492350718485	0.0989565525641138	-1.51893649059782	0.188688547474815	-0.489239648578741	0.0886708159025495	0.162133289963371	0.620577397322207	0.818070052347156
XLOC_023850	0.488425376241433	0.199150804905052	0.298485047162492	2.0791472550335	3.00897987502626	-1.32664321433265	-1.32664321433265	-1.32664321433265	-1.32664321433265	-1.32664321433265	0.337521785389807	0.221505927904726
XLOC_023881	0.48651932102085	0.426832258130188	0.429759943645616	-0.0881368207633457	-0.150300994751797	0.156742539025556	0.00193856000868742	0.0543798375799955	-0.145632489957872	-0.0494879663422534	-0.370497507563917	-0.7521166800317
XLOC_023889	2.61687519182946	2.25303669626822	1.69565254554337	0.2945991067343	-0.795115245557243	-0.667223495065531	2.42974030597858	1.81387566698631	0.833930691042009	-3.49179048791983	-3.49179048791983	-3.49179048791983
XLOC_023939	-0.0445369811496432	-0.555288678973675	-0.360196589633601	0.151407752428753	0.36688158074872	0.0275590732048849	-0.961732644817999	-0.398615043610135	-0.358823496562001	0.84620949364023	0.636819263471389	0.650316271253081
XLOC_023941	-0.206122933718413	0.0460002684072851	0.0857301106217792	0.469358468132751	0.902758295208396	0.564499927390421	-1.17229176336962	-0.873558659265751	-0.231648786161706	-0.00633486922794901	-0.045327063653164	0.466937005635969
XLOC_023943	-1.43014398297078	0.504834888353221	0.288054186373395	-0.00235606759094775	0.75446490758877	-0.880571221265827	-0.596691577725589	-0.35593203700083	-0.390044296551059	0.787785761782573	0.343902078203848	0.976697360803222
XLOC_023958	-2.07480144351154	-0.290398199708644	-0.244792733437466	-0.379159089589092	0.294388798642762	-0.639055466747368	0.453814564419242	-0.33659474299199	0.284095893834039	0.259269988134327	1.19139255433577	1.48183987661996
XLOC_023965	1.85022512890024	2.70786264380059	2.67240438424166	0.146434396928024	-0.251083768754563	-1.76213986525918	0.741464376654084	0.859872864929664	0.364689818068034	-1.27694683128447	-4.58670685811348	-1.4660762901106
XLOC_023987	-0.00186496566674244	-0.601710565436109	-0.406618476096035	0.718329019890353	0.796565474479848	0.469146694598201	-0.790695025245275	-1.24674113518224	-1.00987036588443	0.828737106501041	0.753559008177139	0.491163229864245
XLOC_024013	-0.618209657091246	-0.634462448002561	-0.261953465323687	0.231524208336062	0.0349054486810161	0.369480951660545	0.296038711263219	0.233422545857019	-0.404001498703805	0.0481817836422715	0.195763284362716	0.509310135318445
XLOC_024020	-1.07540172193014	-1.07540172193014	0.549726539565006	-1.07540172193014	3.44390752989869	-1.07540172193014	-1.07540172193014	-1.07540172193014	-1.07540172193014	1.72036689699187	1.34106366674818	0.47274742030724
XLOC_024054	0.100362772105143	-0.435918126573601	0.673008566227575	-1.33715646701524	-0.223637684552565	0.363997512087252	0.585224298386169	1.25480130004565	1.04981063521466	-1.05498864153104	-0.933963127933116	-0.0415410364608926
XLOC_024057	0.485877851513901	0.299485941587087	-0.0962861231737016	0.828634412498245	0.0687679467714739	0.478134023503961	-0.650047824683517	-0.100508663298434	-0.161438082608765	-0.477689702979975	-0.532489715977042	-0.142440063153237
XLOC_024058	-0.116800705898217	0.234264574270155	0.581927800584554	-0.330833880514547	-0.0198288907350896	-0.814203351951809	-0.0100224742955684	-0.0827740072429544	0.15512716993999	0.464874372987086	-0.065526081013763	0.00379547387016466
XLOC_024065	0.536042825372804	0.969282397581679	1.09951690610506	-0.931310154463636	-0.573336515782249	-0.424726787522909	2.04565037431527	1.44095184319126	2.07329079341845	-1.7024604047177	-3.19619615172811	-1.33670512576993
XLOC_024067	0.698501904400942	0.44690597659268	0.587737719059692	0.542143234261934	-0.230869836230713	0.496102960902835	1.33726066043585	1.22763236700754	1.2248053869911	-2.08533159997021	-2.10495629638385	-2.1399324770678
XLOC_024073	-0.0239854058722297	-0.336912525610695	0.139334351384027	-0.0266959809025131	-1.32590198207192	0.0245765102917783	2.36587079414206	2.23412672324582	1.25663305014413	-2.40863266842507	-1.39541747889881	-0.502995387426582
XLOC_024076	0.556156627929664	1.53105344754048	1.54919514938254	-0.76572499367655	-0.415722312037422	-1.23192473331128	0.747935000313733	0.896720932727842	0.221257727081404	-0.704552482207005	-1.68988244026978	-0.694511923473635
XLOC_024077	-0.015173196158897	-0.127253728402669	-0.499522691344248	-1.03409056368923	0.612078286536528	-0.538254021091875	0.379079586561625	0.823204976723442	0.55347610760241	-0.0800572098583654	0.0757906953782799	-0.149278242256995
XLOC_024105	-3.79572099234393	-1.06489632616932	-2.17059273084878	2.48576018685538	1.85813276233464	1.17789341795165	-0.307824513142172	-2.19686090296223	-0.59951912022196	1.89145361652844	1.36248694798496	1.35968765403333
XLOC_024106	-1.10265737483193	-1.10265737483193	-1.10265737483193	-1.10265737483193	0.800973397446151	-1.10265737483193	-1.10265737483193	-1.10265737483193	-1.10265737483193	0.887209708809082	3.7652889157418	3.36778697665837
XLOC_024108	0.321959779700656	-0.403546431450619	-1.60528847506546	0.978580954603896	1.39277019338244	0.906677368989671	-1.05835160907702	-2.53584884964166	-0.071754853517878	1.13336866258944	0.426395930034747	0.515037329451787
XLOC_024147	0.103871180709734	-0.190062027025818	-0.302275099340473	0.309767027186387	0.0887706429875221	0.272859353777101	-0.662944583240783	0.164867383445896	-0.0329663942895202	0.0535435318415249	0.209392319727835	-0.0148233357794014
XLOC_024160	0.51231357621584	-0.106457597293023	0.172038945496551	0.516890976865334	0.402517301094578	0.499246512212883	-0.579353673911474	-0.285825168958031	-0.912127214176546	-0.210532439994276	0.205890522903811	-0.214601740455644
XLOC_024165	-0.910466221629333	-0.18409701551081	0.136392984179299	-0.221066006243957	-0.128956295622916	0.655665913299559	2.2393456481337	2.352937405173	1.63618321826615	-2.01758851725708	-1.09904465412693	-2.4593064586607
XLOC_024169	1.15785352434202	0.489343021208894	0.963158853360857	-0.666577975315027	-0.00318190073060087	-0.426104820060949	0.10117987956501	-0.624800898866824	-1.0739980513947	0.201741502337368	-0.156428305062884	0.0378151706168266
XLOC_024204	-0.381597032471859	-0.388738146365585	0.138498708092153	-1.55985099870207	-0.263096656675569	-0.867652170532747	0.448237500218158	0.288842185012923	0.0401227131113426	0.888339292788344	0.550297761764135	1.10659684376078
XLOC_024229	0.279270983666276	0.145388433632485	0.115535212688648	-0.316649205344892	-0.2767862643259	-0.252460583862906	-0.418077285709874	-0.0685893320732998	-0.01600015735682	0.47905904815674	0.119791884777378	0.209517265752162
XLOC_024256	0.437463308190826	-0.0228023386321272	0.251854245997825	0.324575780704913	0.868409200249533	0.472315646188533	-0.568826257422865	-1.18198706700469	-1.13836088792267	-0.188825047015581	0.348608286105397	0.397575130560907
XLOC_024261	0.188451473836029	-0.0919778854764548	-0.108981254238497	0.0213734060544901	0.249879053587648	0.0108484094016532	-0.713699203525206	-0.641477759493521	-0.635131661869925	0.910404566076036	0.303637178993583	0.506673676654158
XLOC_024267	-0.513040411434124	-0.215799526598275	-0.167555900158787	-0.220841601684841	-0.176292869771395	-0.135787073091519	0.422252911644762	0.0810683628156657	0.294181516749843	0.265987839741257	0.0925973666688069	0.273229385118603
XLOC_024268	0.277474428200778	0.0169060108162693	0.0377791594383243	-0.366868975800905	-0.542959630298872	-0.213569030218597	0.203263904324546	0.364971277211863	0.398628329557758	-0.215266021855301	0.145155588604851	-0.105515039980723
XLOC_024275	0.692354110659458	-0.421838883086691	-0.82918047145719	1.20665290067018	1.53479869761444	1.62467374791534	-0.28224360546875	-1.10658968937043	-0.716152563832304	0.045933875867739	-1.01855256415009	-0.729855555361694
XLOC_024279	0.0140473447064808	-0.711458866444794	0.11769023317279	0.612519865763905	0.203186670826407	1.19641905351476	-0.848721225139437	-0.604398615319695	-0.106084078029253	-0.158630384490155	0.227577041684927	0.0578529597540651
XLOC_024288	-0.0831205326355078	1.19229430923991	-0.273060861714449	3.27951618323497	1.98031018206557	0.116882635289082	-1.8981891232096	-1.8981891232096	-1.8981891232096	-1.8981891232096	0.518276265468727	0.861658311890076
XLOC_024300	-0.769086323628104	0.174532651903343	-0.232465714257079	-0.23115473576606	-0.35814405589799	-0.616668409843754	0.525100344787657	0.105550534796782	0.0822455549403278	0.498545087276214	0.152319359607649	0.669225706081017
XLOC_024304	-0.176790177027322	-0.100643461848357	-0.305803775177371	-0.364960957562009	-0.584124754246377	-0.752740470695135	-0.0770029298109032	-0.216855066982292	0.528884843336617	0.837861500604844	0.236678852905754	0.97549639650255
XLOC_024315	-1.03228163361861	0.0807755706460158	0.345404589194379	-0.451046139447044	0.278225410695667	-0.857175823499494	0.312436788583682	0.0959318819432475	0.515628605130748	-0.798904783760135	0.315615883103638	1.1953896510279
XLOC_024321	-0.100578382711793	-0.0395998488650005	-0.38517805444965	0.377133962344296	0.574645381659348	0.715673507795129	-0.365279105000456	-0.254828723304776	-0.364954104694649	-0.158269864301149	0.120410085451084	-0.119174853922392
XLOC_024329	0.0205183604520345	0.0775185564226692	-0.450072885274831	0.539438094109624	0.383359581068485	0.683211634356002	-0.463926475625357	-1.12854487508955	-0.931485778968461	0.466733581957779	0.335506755868237	0.467743450723368
XLOC_024330	-0.958528619949879	0.141716207471935	0.355847021530515	0.174965588594121	-0.118006814736885	-0.529478130552136	-0.314390509750082	-0.719367650460327	-0.0166792870260597	0.41185448627985	0.556757868982865	1.01530983961608
XLOC_024331	-1.47245789284238	-1.47245789284238	-1.47245789284238	1.4148745823553	-1.47245789284238	-1.47245789284238	-1.47245789284238	-1.47245789284238	-1.47245789284238	3.32185587366866	3.28411730046375	3.75881538625135
XLOC_024332	-2.44446406664892	-2.00890221189454	-0.503772253847236	1.15303299685397	0.701947491165186	0.00740885818376835	2.69035459545256	2.17041396254587	1.53322491437305	-1.46376403830099	-0.984942800803891	-0.850537447078824
XLOC_024356	0.35853259556361	1.31565904858297	1.2208197393033	-1.56193884943127	-1.00929892585983	-1.01952523770675	-0.628446033368503	-0.0896999321802854	0.359338343287955	-0.153117649525154	0.410148524653263	0.797528376680697
XLOC_024379	-1.70308316148904	-1.70308316148904	-1.70308316148904	2.08330643316509	1.50240414771038	-1.70308316148904	-0.268416595195613	-1.70308316148904	0.192917883039712	1.09268545743298	2.49497107477879	1.41754740651384
XLOC_024381	0.409652640444385	0.0320265885312203	-0.060049693608752	0.435394135034942	0.210798357743348	0.825007375853101	0.155760541022991	0.149523229005492	-0.321745354825111	-0.63259083671765	-0.423620451149974	-0.780156531333992
XLOC_024382	0.0666615370628225	0.35892038292166	0.499970674902714	-0.0521581247319318	0.120990035343006	-0.124689664856825	0.256914225882632	0.452927455292066	0.267620085567625	-0.601720785341619	-0.743123099432176	-0.502312722609969
XLOC_024396	-0.344890435428069	0.161738830181561	-0.404230544762489	-0.250560085072927	-0.19151647120972	-0.175902262360702	0.0375672940398859	0.128049417670083	-0.370317153213174	0.578005153043091	0.18564116964699	0.64641508746547
XLOC_024400	-0.903099340811103	-0.421266477191833	-0.433868058100295	-0.302715345937395	0.647757161788753	0.267260683244751	-0.721817220299964	-0.34267409793765	0.252755311599597	0.406081368725903	0.761115191512276	0.790470823406962
XLOC_024415	1.38259000755553	0.404869077326524	0.283695544280787	-1.60326443493521	-0.561054788800179	-1.67068670188963	-0.123979120859075	0.561542712690063	0.403103542006724	-0.0809126562133571	0.339985940376496	0.664110878461325
XLOC_024427	-0.283738057861497	-0.700491185489255	-0.218563705366087	0.746716029868523	0.269269950169835	0.999735519608754	-0.720259399250982	0.311193734340115	0.195324076709569	-0.430243713665492	0.163711575897664	-0.332654824961144
XLOC_024440	0.338399696366551	0.47945709983816	0.464143185743637	-0.927767272072725	-0.465556644863686	-1.18232010429078	0.79627804508783	0.242179501645187	0.13184904448183	0.325777369105783	-0.417617601820583	0.215177680778791
XLOC_024452	0.110066021160537	0.54562787591492	0.664989375333009	-1.70500256941355	-1.70500256941355	-1.70500256941355	2.16541922988048	0.633587801142396	-1.70500256941355	0.284864514227457	0.711462819264772	1.70399264073063
XLOC_024470	-1.0478198752247	-0.891145035998029	-0.273894496286064	0.690710749203649	0.416889570379974	1.24995550883685	-0.0555346293223309	-1.09480352630366	-0.372270491266875	0.41785048153383	0.506754446421121	0.453307298026234
XLOC_024475	-0.127557011917485	-0.220896902066539	-0.226319570578225	0.0758357870929958	-0.0396329303863823	0.240546158536752	0.220125399929469	0.380206379359812	0.284294310890296	-0.383075227309544	0.229229518082715	-0.432755911633866
XLOC_024476	1.00019312216457	0.589529330894829	0.43725024972059	-0.847449773141438	-0.579098344183938	-0.740449929965422	-0.095045321571396	0.0761202028318628	0.198201269497861	-0.031107030359248	0.050107035808244	-0.0582508116965244
XLOC_024478	0.0910879960604776	-0.456623934702973	-0.31504933630316	0.680178569065379	0.463418010231389	1.10039299171985	0.110798456291295	-1.79452589764967	-1.42352405432727	0.0111488242514568	0.921151022718729	0.611547352644494
XLOC_024505	-2.63067668587257	-0.200758464298759	-0.0543164912711962	-0.210603354617835	0.501564198270374	-0.620721616672673	0.193864728757088	-0.215472665982249	0.263322224186214	0.388284649638544	1.12997934529662	1.45553413256643
XLOC_024512	0.758445898505813	0.711093174873235	0.319279301822973	-0.285972573408412	-0.688579455360695	-0.845498925266719	-0.183918875045205	-0.168050947926998	-0.0109132112601227	0.394531750690136	0.301630422060872	-0.302046559684873
XLOC_024516	1.39181904644127	1.11097293493149	1.0402120348585	-2.23374554401263	-2.26330610295148	-1.17636801371703	1.04305662782585	1.19772216112659	0.8061197746891	-0.363372627541871	-0.0417049399273415	-0.511405351722447
XLOC_024534	-0.158740659978688	-0.188774130763697	-0.14097608638072	0.0153725460228191	0.243013154012488	0.157459727195455	-0.622704607522907	-0.729875818289722	-0.21029646529418	0.490866333069281	0.572286254119362	0.572369753810506
XLOC_024543	-0.107554714260032	0.209223843561224	0.473250279123273	0.236040098519276	-0.00416945998806284	0.728155642697623	-0.481806534861105	-0.230758883500354	-0.109654506154762	-0.264890431759441	-0.0421837173065329	-0.405651616071103
XLOC_024553	0.571681855575992	-0.0618003841878059	0.30299165606749	0.692773194168947	0.349432291874704	1.07501293288642	-0.953838995808244	-0.710637243830015	-1.07936343449163	0.0127527476635336	-0.0478310358623943	-0.151173584057008
XLOC_024555	-0.106673315263083	-0.364567767117537	-0.366919986779248	0.740969077151643	0.411547359755301	0.962772230627699	0.716482564146204	-0.403959827387881	0.972042242238906	-0.436478442113804	-0.862612768477053	-1.26260136678115
XLOC_024576	-2.22274718884608	-2.22274718884608	-2.22274718884608	1.56364240580804	1.90234281022384	0.601819804008214	-0.788080622552658	0.115843181709865	-0.326746144317333	1.08701283798293	1.97530704742175	0.53710024625359
XLOC_024578	-1.09950640245693	0.379184217767192	-0.00399964468995417	-0.311726139845551	0.127342266366918	-0.219224152810149	0.359551864743763	-0.0800343739974831	0.181717741467331	-0.191605486232169	0.395205218300886	0.463094891386151
XLOC_024582	-0.740902365868569	-0.126534489302662	0.0224729679755189	0.000965833167022367	0.251876796319165	-0.117748418895316	0.207373658313349	0.00286780712554702	0.481881225262214	0.0524452236739634	-0.0632032115000971	0.0285049737298699
XLOC_024583	-0.681491321589442	0.153025384810698	0.0786237484470007	-0.584120582400926	0.253108053763361	-0.167318118027428	0.0318319409224195	-0.0807787544496907	0.624765553007078	-0.111456404534286	0.111330357327518	0.372480142723706
XLOC_024584	0.610040175497362	0.191416197143561	0.222783355387011	0.14500498956094	-0.230769590969454	0.0229280855990872	-0.295094836576505	-0.277272362599354	0.337200215250443	-0.171713072939301	-0.360171292030601	-0.194351863323194
XLOC_024598	-0.829466971390283	0.236645641087236	0.522904208431288	0.409617068166508	-2.02282557838096	-0.207489022959329	0.893783737636938	0.737373920771724	0.582888199879707	0.308661784152493	-1.50999096198071	0.877897974585386
XLOC_024602	1.45399497109771	1.60260369749666	1.20798546109869	-2.01524989302131	-2.01524989302131	-2.01524989302131	0.12434720011094	-2.01524989302131	-0.11924884849256	3.39780444199427	-0.351084893298846	0.744597542078363
XLOC_024640	-0.582106198077801	0.54220353364106	0.202738966261694	-1.19831447254737	-0.302478096450518	-0.15799444436685	1.01570657842273	-0.010376050873572	0.877199558203805	-0.0435958675192829	-0.348815611662083	0.00583210496819486
XLOC_024642	0.692388756981649	1.20038263753995	1.3469445762521	1.13289158365062	0.298054843878118	0.278950387324779	-1.41833158430217	-1.19574430911137	-0.268900520596175	-2.39430404323186	0.372404066433274	-0.0447363948189183
XLOC_024649	-0.2559247837876	-0.563721319258093	-0.329055014222762	0.502271930938837	0.447867345400434	0.739608341187708	-0.337031401716354	0.031697838222712	-0.294399808718907	0.166560294204544	0.065939474858105	-0.173812897108627
XLOC_024659	-0.812747514244886	-0.632451092804828	-0.813255944798006	0.564809465489203	0.342421429351441	0.307703557084659	-0.725582633192497	-0.264518855365429	-0.79784104358611	0.638288814522406	1.21507394136679	0.97809987617725
XLOC_024662	1.78321213569664	1.66727709161872	1.73300416505769	-1.94097711987583	-1.04514074377898	-3.71229495603128	1.11955483481661	0.736136702071827	0.437880404725573	-0.314312379514381	-0.659575745470014	0.195235610683428
XLOC_024679	0.578508687303299	0.40068229616428	0.92287528167276	1.5146134303299	0.975197301481814	1.89755572529368	2.70279747592397	2.72443197397861	2.41989730481018	-4.79635004746189	-4.02573035570104	-5.31447907379555
XLOC_024680	0.4862867894666	0.458806219822421	1.09151583083792	1.42651611005427	0.799392254192208	1.76980910227331	2.55512223119218	2.76392828856593	2.5570891318691	-6.19994449146576	-3.55392311956736	-4.15459834724081
XLOC_024681	-0.688859779704533	-1.06762121137405	-0.0142560587461711	1.01960066262102	1.64487988017824	1.47626416372948	0.144592625540657	-2.55924455444185	-0.289316332822897	-0.170779614512039	-0.141509461888711	0.646249681420866
XLOC_024685	-0.289788636356908	-0.412947482108754	-0.451952024444601	0.575852147493476	0.384873764319289	0.921515609568862	-0.721430165368437	-0.694882354588225	-0.49631333449793	0.218228500836974	0.623828746423934	0.343015228722319
XLOC_024687	0.131071812996622	-0.243118034302644	-0.321811674242561	0.472546629731922	0.490522178135071	0.745292412882665	-1.13138245164332	-0.885450656546859	-0.619658074524366	0.568784894134872	0.482151283127317	0.311051680251278
XLOC_024689	-0.0151411328899904	-0.300165088526655	-0.496560742696492	0.355461709975043	0.539642070579133	0.76985717497015	-1.4773038558429	-0.944896216962298	-0.251790770273469	0.454922332684663	0.93701805942478	0.428956459558036
XLOC_024719	-1.23622183821099	0.083238438836081	-0.371376682308607	0.00817485068974122	0.5761789778983	0.168418855684473	-0.732046166208917	-0.483025071382809	-0.026847442906945	0.564946768958966	0.5260215384931	0.922537770457612
XLOC_024732	-0.575939887052318	-0.32387750501943	-0.320101121083164	0.172625091032758	0.31421278145443	0.263404525878999	-0.395658907859376	-0.458802917901487	-0.0727363050639784	0.396507372268688	0.451385546579004	0.548981326765876
XLOC_024734	-1.16600367627561	-0.669483504187256	-0.246036702978549	0.0264226580173661	-0.554479627437344	1.06674268619789	-0.794127394066066	-2.16110684725506	-0.563765064514789	1.54877443673922	1.96967303332907	1.54339000243113
XLOC_024742	1.96534217702725	1.8383672138798	0.67220551698193	-0.252677317276787	-1.13444531851322	0.323188886485005	0.480307460583333	0.889758937004262	0.332285719846533	0.290942122988061	-1.06534277129352	-4.33993262771264
XLOC_024752	-1.0243288182591	-0.18654487257033	-0.979643448719913	0.23956757266338	1.23677154763789	0.333135940456526	-1.88249705917973	-0.0814433011954412	0.983744469251977	0.300740084132925	0.749717242915523	0.310780642866295
XLOC_024755	0.297742152407098	0.682305528731451	0.38595239451802	-0.977551433786454	-0.851005977215889	-1.08886938583201	0.960376250107508	0.83238623328039	0.802209752067897	0.0245980605204075	-0.59110054285323	-0.477043031945181
XLOC_024763	0.124819515909991	-0.401928260495874	-0.432649729632057	0.0812275237603881	0.592128523541149	-0.134257049773112	-0.658892381745572	-1.14631277539803	-0.494704002207084	1.34443186633057	0.981295990873258	0.144840778836368
XLOC_024766	-0.659504878730172	-0.56189474914483	-0.349829624804602	-0.380691931257995	0.200403671492425	0.171259362412517	0.0928970792661623	-0.367983093295267	0.280378543572521	0.371234901507897	0.525221761011665	0.678508957969685
XLOC_024800	-0.646581723179792	0.0854192322839706	-0.437130302168348	0.795174022364944	0.573695612783644	0.825269966019095	-0.161005988306841	0.0889546430805108	0.133793550537157	-0.801201092050454	-0.263335411820286	-0.193052509543596
XLOC_024801	0.392231270746983	-1.59384518065803	-0.928568209731759	0.615575882407092	-0.559238614037608	1.3354245619545	0.375752138693579	-0.020498341676773	0.38871132491267	0.256779586574687	-0.0484401575681126	-0.213884261617229
XLOC_024803	0.201859082870631	0.194946310125128	-0.0525003768665648	-1.73804129469331	0.527362309116582	1.16535363005325	-1.66866368711009	-0.329909594779806	0.5174603987195	1.13284741943988	0.208334401692507	-0.159048598567711
XLOC_024807	1.13614197000486	0.200453567913644	0.418573741359842	-0.078189708095965	-0.453964288626359	-0.909368738571655	-0.0135665342747355	1.042257807357	0.497858480410302	-0.233463279174654	-0.899847686774919	-0.706885331527363
XLOC_024824	-1.59865270733419	-0.0728586880964832	1.26014331837676	-1.59865270733419	-1.59865270733419	-1.59865270733419	1.01242391586421	1.5897741104273	0.297348337194558	-1.59865270733419	1.30975823943697	2.59667430346763
XLOC_024871	0.185167097741257	-1.28927273147149	-1.52096013821004	-0.0436827450954498	1.01678116570494	1.16343352903355	-0.509334364626959	-1.1913293461595	0.129588386617749	0.251118586779708	0.688034805138956	1.12045575454727
XLOC_024897	-0.169088334145648	-0.408584211523078	0.696022924117141	-1.16589573390319	0.110539767481634	-0.552868577445375	-1.08378972406759	-0.645374899849645	0.613524656575827	0.502649857175064	0.751948153640814	1.35091612194404
XLOC_024905	0.12041020402016	0.320637600521909	0.255799316899855	-0.177637291420931	-0.193921920713772	-0.446036622169633	0.17941136776351	0.0481569274042846	-0.0534236007511568	0.014072855931345	-0.117242371248364	0.0497735337627914
XLOC_024906	0.570781197326765	1.29343097365501	0.539478608605283	-1.15991762756707	-0.564946967251934	-3.23210117950424	0.999628311028871	0.963165093828816	0.614730687402389	-0.306064738320699	-0.0889649976740268	0.370780638470826
XLOC_024913	0.475861186059191	-0.40870867477626	-0.360400727424179	0.51539633899049	0.37765631816592	0.743555738549383	1.23586216436219	0.674999305766749	0.833272809255014	-1.5882391416623	-1.07814320024482	-1.42111211704138
XLOC_024917	-0.189373007740112	0.400067713873398	-0.0580408855064043	-0.310084381345096	-0.321399792357882	-0.74610072367424	0.714243417399294	0.3450138276726	0.632125462977891	-0.0654316366274372	-0.248515862487436	-0.152504132184584
XLOC_024931	0.166757389988323	-0.0475757209175249	-0.173731203944039	0.206392702862555	0.018032173920929	0.361065102458621	-0.0235707422933569	0.0695967477170605	-0.0571840025831456	-0.362129618528094	0.0187745182719308	-0.176427346953266
XLOC_024935	0.421368526558225	-0.373187649023	-0.749840728120556	1.52955649161487	0.399655134002399	1.24375014480546	-0.270609344212507	-0.666859824582859	0.597201666409329	-1.64273180116327	0.807174251859564	-1.29547686814766
XLOC_024948	0.344434903437826	0.321826122234286	0.470142430856756	-0.532861385691329	-0.616869429472415	0.192783682151622	-0.0978231341754263	0.0949345173180731	0.328094397476638	-0.568323810157473	0.406730316638275	-0.343068610616834
XLOC_024962	-0.305908933449599	-0.106980285464153	0.335520659512217	1.07166618765387	0.788921634968934	-0.882277126529361	-0.328978553640165	-0.374300310446429	-1.03394803565945	-0.208110442253919	0.520203385219104	0.52419182008895
XLOC_024967	1.20242458715569	0.149809186436019	0.507741087553778	-1.00226515216854	0.420543619254464	0.56555878876089	0.124362479961349	0.135401188554277	-0.0823344425728569	-0.420730592223178	-0.841667310851825	-0.758843439860068
XLOC_025000	1.17883520207699	1.9233036344513	2.09861959047995	-1.81480318503185	-0.366512570870615	-0.68331803440556	1.33615879080278	1.54720640882702	1.01798831556992	-1.90636704130752	-3.03797066050707	-1.29314045008535
XLOC_025032	-0.304289546415994	0.376853790410054	-0.165058751576111	-0.794230372539367	0.0337396588155823	-0.864793915150652	0.375669199533229	0.371929706385498	0.0894834369767104	0.505782969312596	0.159557241644031	0.215356582604427
XLOC_025055	-0.480743696106804	-0.334161583557283	-0.414180514224143	0.546341996067184	0.614046661185364	0.729000291975067	0.131601501405171	0.46980296713701	-0.347321171227427	-0.265983263808987	-0.0836764552499991	-0.564726733595149
XLOC_025074	1.74852027531461	1.57985673069511	1.4164531986113	-1.19927276125344	-0.903888332965114	-0.807608451047004	0.767973077375357	0.928299134212979	0.715626378979051	-1.21187377554802	-1.60572493432088	-1.42836054005393
XLOC_025075	1.10823449548021	1.70315062096014	1.52643907232324	-0.767745182995917	-0.959880162149016	-1.05184290323957	0.818407009408167	0.631755125019701	0.774724238597893	-1.27210308480901	-1.45239460873167	-1.05874461986416
XLOC_025076	1.33192485116025	1.03136030444891	0.998779580006822	-0.180424141766835	-0.449590145639142	-0.230326944725835	0.187731181464475	-0.13475350950729	0.175832073524095	-0.640849847277067	-0.936431072632123	-1.15325232905625
XLOC_025077	2.00970745256956	1.84528271210932	1.91221966721209	-0.974840416631356	-1.29063573748825	-0.925374400816553	0.522338045376715	0.308892248130167	0.336439198289529	-0.658241107296803	-1.26809830994814	-1.81768935150629
XLOC_025083	0.445481088883636	0.13255396914517	0.180861916497252	-0.647679482155367	-2.83130402031314	0.372009655877428	0.765964317330323	0.329627905524496	0.908704026573019	-0.499816657779692	1.1080877215178	-0.264490441100918
XLOC_025086	0.0578521732872375	-0.151218948830887	-0.00656956587270674	0.498354999956208	-0.499398458738446	-0.355586196369632	0.942802039964776	0.493485688591795	1.35030948989127	-0.783589575755749	-0.382819255027858	-1.16362239109601
XLOC_025087	-0.275471181239443	1.04635107427602	0.491000961001174	-0.691889857828827	0.156422587502146	-1.90011933980359	1.03868441261005	0.930139469142089	1.5033784322105	-0.793590261215924	-0.604226286584368	-0.90068001006984
XLOC_025097	0.829264072502607	0.41057077321164	0.219300638424418	-1.87879510264365	-2.08977852239927	-0.494749603300092	0.793445381919049	0.816995257746141	0.453404118514392	0.45823750927668	0.376831128165731	0.105274348582344
XLOC_025111	0.493723196656314	0.735374185574451	0.318333615215817	0.535183469133167	0.458690254458869	0.231940950907283	-1.10127987491173	-0.853493880693169	-0.436089701320416	-0.654052941931092	0.375295257881363	-0.103624530970859
XLOC_025113	0.263973459249403	-0.0320532685221719	0.31146804305963	0.196362677863913	-0.365047012276021	0.640818825335741	0.283811984058985	0.811523297524132	1.22722166078801	-0.254145620727078	-1.79225915486378	-1.29167489149076
XLOC_025132	-0.48069333762005	-0.339781414842275	-0.34695482181974	0.507708472641545	0.295322687047801	0.287841332026167	-0.613938577431744	-0.601394913319384	-0.782441050063641	0.958456544994428	0.647242956631244	0.46863212175565
XLOC_025134	-0.212086152533622	-0.586275999832888	-0.616839662962914	0.213503153934899	0.665250925419437	1.092990444993	-0.768372415436656	-1.1598751361757	-0.744551233813542	0.589566420310916	0.80467892810291	0.72201072799416
XLOC_025137	0.0492791283661962	-1.23786611143586	-0.268808872663064	1.12403422533261	0.189251090544939	1.39453762877535	-0.477757476178148	-0.791316603475703	-0.449820939515712	0.0835590126203343	0.49722685172145	-0.112317934092385
XLOC_025141	-0.27706241737337	-0.270723274410444	-0.847345992572734	1.21150064422721	0.718783708457392	0.331635623895702	-0.494002850238896	-1.18259275685136	-1.38068861783957	0.773429801154076	0.984050371153725	0.433015760398271
XLOC_025142	-0.676853869036335	-0.520179029809666	-0.938307232455734	0.0248978625309189	0.0998343600385709	-0.158689993907193	-0.482975498664109	-0.157976226829154	-0.569123280974324	0.665097788541277	1.44273655900478	1.27153856156098
XLOC_025171	-0.760826600427931	-0.375231525610229	-0.264477339026683	0.432147414678484	0.412135938843763	0.190485690161491	-0.213781151001776	-0.22477032230203	-0.0569641779042058	0.17217746712217	0.308802688870383	0.380301916596556
XLOC_025187	-1.91709006256714	0.533288381525417	0.104677812277328	0.109620041172268	1.0718453374928	0.337779440731161	-0.0764350872241772	-0.907055402841164	-1.56670312805418	1.29329152411837	0.214564620789464	0.802216522579862
XLOC_025189	0.482348946863383	-0.184071717756757	-0.627955227819899	0.209643429920795	0.460361514618155	0.558267745175722	-0.436574621541387	-0.129618009400973	-0.289182146113685	0.104064598465632	0.33494983084583	-0.482234343256817
XLOC_025226	-1.02729043182517	-1.00962584882181	-0.657321099110993	0.343591635344759	0.218349100395863	0.115886041905905	0.382940479178276	-0.514887957083309	0.208051128533628	0.733073157477729	0.351170605074174	0.856063188930949
XLOC_025236	-0.503312539181137	-1.01191704061984	-0.960277221079981	0.74391609389213	1.20560173158314	-0.0161732997636168	-0.241490071240729	-1.25204552875738	-0.42185576185142	0.606289195091112	0.59102414222189	1.26024029970583
XLOC_025237	0.321866340634293	0.621621584279925	0.308453337423031	-1.88619422534229	-0.732900212562782	-0.854284909038562	0.957836535192912	0.636273828615535	0.986037198965463	0.0416155633883024	-0.538605143446717	0.138280101890886
XLOC_025253	-1.04667027995195	2.3314608475375	0.578457981543193	-1.04667027995195	-1.04667027995195	0.968401478546724	0.38799628634147	3.06037536569479	-1.04667027995195	-1.04667027995195	-1.04667027995195	-1.04667027995195
XLOC_025275	0.0754447606564224	0.0726649873331695	-0.116506038557183	0.254812662904717	0.320370209535323	0.337922114649201	-0.160951300549764	-0.104351744155149	0.0220890794850401	-0.768105636050238	0.15010636001651	-0.0834954552680429
XLOC_025281	-0.626259854533128	-0.360240890544061	0.0735988196553743	1.12877356125153	1.25215683370275	1.4987788663654	-0.496439622160786	-0.761220974119378	-0.913587117380139	0.167436461094121	-0.52468120739664	-0.438314875935038
XLOC_025288	-2.36188777764507	-2.36188777764507	-2.36188777764507	1.04390269172108	1.51661152763009	2.30123373655257	-0.92722121135165	0.4633122511545	-0.465886733116325	0.947872249183938	1.4470960308032	0.758742790357807
XLOC_025310	-0.625430879585332	-1.15218222580194	-0.777516042785756	1.45628386176324	0.789235664797592	1.23716417103452	-0.45815999842439	-0.360382875752773	0.130049535329784	-0.515738380025262	0.306463914650662	-0.0297867452003526
XLOC_025331	0.0281594373819258	-0.54975472292034	-0.145588050433783	0.726375332424558	0.617946718177078	0.820885449870787	-0.582539078225673	-0.332436101001178	-1.09601865549343	0.239971747846493	0.420333744378689	-0.147335822005132
XLOC_025340	0.387105786634722	0.0978312152983416	-1.42796280393937	3.46906997555949	0.475667968338711	1.91203259838083	-1.42796280393937	-1.42796280393937	-1.42796280393937	0.561904279701642	0.236202195783097	-1.42796280393937
XLOC_025347	-0.299665067815998	0.354608097735976	0.471417239202036	-0.851024275370864	-0.393318177811167	0.00328557798060558	0.0288140566079038	0.00401514531797087	0.425058006953156	0.209274149602553	0.0556748503277218	-0.00813960272989256
XLOC_025374	0.0576123668489812	0.00757042492227633	-0.0539033813011729	1.08216986770951	0.570185768406213	0.487489493093264	-0.778130423740307	-0.251623904821076	-1.03082900530928	-0.164770943675845	-0.242739368174553	0.31696910604199
XLOC_025384	-1.04753989562567	-0.0482855784281195	-0.547113965381099	-0.276358132395653	-0.23699584943364	-0.661871806473347	-0.010442145728419	-0.142523040479697	0.698063809638239	1.01459951062805	0.634444784227934	0.624022309451424
XLOC_025404	0.00365261549767659	-0.167799405793662	-0.187061021968136	0.198852045975116	0.0830536592536344	0.347406772317198	0.205057539660237	0.419719503738971	0.20701187872065	-0.550901399794487	-0.201031616184743	-0.357960571422449
XLOC_025418	-1.65534178396781	-0.0922792470524514	0.04351985911631	-0.0646199051757437	-0.773735132179318	1.97545546533523	0.0174861046598589	-1.13182000398595	0.100929918313959	0.516914654769614	0.338573433906377	0.724916636259923
XLOC_025431	-3.67799009935141	-3.67799009935141	-3.67799009935141	1.21904268014744	1.80951205223321	1.14871952348324	0.0138091170155801	0.041658326658915	-0.990117729143571	3.07679246676321	2.21854825576892	2.4960056051273
XLOC_025456	0.0261759415797655	-0.356779771215004	-0.324756593246219	0.573892906366176	0.411277087767797	0.717540283437751	-0.437148667822049	-0.349548270648334	-0.43707262264356	-0.121291101443298	0.332487407431055	-0.0347765995640792
XLOC_025479	3.86941816151746	0.751964724010503	2.01526451234024	-1.49866572131797	1.19800952104461	0.516406037180709	0.64093137181428	-1.49866572131797	-1.49866572131797	-1.49866572131797	-1.49866572131797	-1.49866572131797
XLOC_025485	-0.00933359620466945	-0.198671129209698	-0.0505302875900187	-0.0177680716453494	0.142713017620939	-0.0899501131337894	-0.096594754003859	0.400035408807156	0.331220504846073	-0.24754900803925	0.293650043884123	-0.457222015331661
XLOC_025490	-0.647579616218124	-0.34487257903452	-0.211162309404489	0.561898460248639	0.790392790939523	0.102596187028079	-0.427574228299473	-0.687918486388797	-0.72077519774181	0.87648156941161	0.595187131958267	0.113326277501089
XLOC_025500	0.50998241201564	0.253304129082881	0.120362666485819	0.794170479882018	-0.196990492502089	0.691663197674973	-0.231203800829875	-0.480256813434613	-0.0622476080280068	-0.709924698382843	-0.133456747315632	-0.555402724648274
XLOC_025501	3.47324435956652	2.19915646444157	2.33979795915149	-1.80405062592589	-1.80405062592589	-1.80405062592589	0.807025997272504	0.534539744630053	-1.80405062592589	-1.80405062592589	1.47053923049322	-1.80405062592589
XLOC_025515	0.873437202123495	3.22147060329568	-0.941631388450592	-0.941631388450592	-0.941631388450592	-0.941631388450592	0.493035177842831	1.39695898210535	-0.941631388450592	-0.941631388450592	-0.941631388450592	0.606517753786789
XLOC_025531	0.410551701586802	0.121277130250422	1.81871846513272	-1.40451688898729	2.93110620037163	-1.40451688898729	-1.40451688898729	-1.40451688898729	-1.40451688898729	0.585350194653722	1.01194849969104	0.143632253250096
XLOC_025550	0.842247592669951	1.24046591265249	2.08950206560079	-0.0353036038960974	-0.225960836731195	-2.92263607909378	-0.78303898596153	-0.097436050294204	-1.02663503456503	1.06468895021774	-1.25847107937132	1.11257714877218
XLOC_025555	-0.236756379704005	-0.591771584381593	-0.509286026890555	0.71937544155546	0.430788579684666	0.690705858399943	-1.09317259082345	-1.04918186653471	-0.6691732921193	0.6679604963287	0.884940489977431	0.75557087450742
XLOC_025581	-0.460278263971511	-0.618820255035734	-0.470077629716053	0.570495259622275	0.640026183172905	0.771394823443298	-1.2751474615475	-1.09020523167875	-0.625101898980053	0.95983052271702	0.952035500525495	0.645848451448602
XLOC_025584	0.583286368862715	-0.21126980671851	-0.252975544620655	0.922710197830047	0.485081500969444	0.708928755727392	0.276819417982098	-0.901135504171676	0.12052177121423	-2.37300363478711	0.437808442504093	0.203228035207934
XLOC_025598	0.522863173698119	-0.011068334380977	-0.123541583987131	0.0965851375880229	0.324499217441922	-0.177288641118582	-0.200252138215919	-0.937921530275955	-0.379975221544157	-0.00892777121189603	0.373431576291211	0.521596115715344
XLOC_025600	-0.422292930554409	0.480306260371719	-0.679140429040404	-1.75462394023957	0.553395466813289	-0.92298908773755	1.01318985099167	0.507536121732476	0.54325444440792	-0.0110816647365555	-0.443902179169425	1.13634808716085
XLOC_025604	1.1615951087257	0.686901575149049	0.834930489802146	-0.704832178801523	-1.36322823341726	0.0679341143718055	-0.0880593916717354	0.796267488510923	0.336414298256686	-0.941429285563877	-0.275956789032875	-0.510537196329035
XLOC_025605	0.128588773295659	0.289703554886557	0.319679494650416	-0.737411906094152	-0.279023549982747	-0.0823862791846004	0.0307345516126265	0.610306555351261	-0.391071085704046	0.0204427820277555	0.247622541231117	-0.157185432089848
XLOC_025606	0.0742326809342844	-0.999120112552765	-0.0865304938317584	0.175378103524342	0.800657321081561	0.798729739355504	-0.829842219893274	0.375519034221516	0.474990948709873	-0.767209068108702	-0.245752009614091	0.228946076173508
XLOC_025647	-0.14342371656014	-0.169350160837705	-0.838107216162049	0.797394023394267	0.577095393973559	0.513822322180386	-0.19973351362222	-0.178957760653507	0.237084364077014	-0.812795725568302	0.244061641839746	-0.0270896520610453
XLOC_025662	0.664352154801007	1.02703525963666	1.06040674317871	-0.52568752025556	-0.487852831621489	-0.134354407867957	-0.742521031397379	1.07987552552531	0.460097107328789	-1.8171742117694	-1.04655452000854	0.462377732449851
XLOC_025671	-0.837471998876735	0.904368862420447	0.307974354665821	-0.717983384836967	0.101851692095809	-1.04427347005601	0.196189644627874	-0.164563239026334	-0.155984254946284	0.814193907471886	0.364666654488698	0.231031231971789
XLOC_025687	0.138199827506581	0.196674741130125	-3.62668384425715	-0.220893374890991	0.251815461018019	0.0922834834425559	0.905734257238893	0.299627459162554	0.699037334704687	0.360641185054366	-0.0602955335742816	0.96385900346464
XLOC_025696	-0.105234076142471	0.0811917409580456	0.23988910969927	0.20869206342773	-0.190201277557742	0.293657991190328	0.313854960510549	0.527737156831884	0.212889411035079	-0.14433414252723	-0.305045510045505	-1.13309742737993
XLOC_025752	-1.54312287702185	0.109894934668104	0.538017473048163	0.1653375653037	-1.1338684358657	0.0945767073277759	-0.281843358400333	0.890720287618546	0.550509494265285	0.400686593874709	0.230923184152776	-0.0218315689711757
XLOC_025754	-1.50507556882775	-0.305920977573463	-0.131079760445019	0.122300808354838	0.313141652509454	-0.38412389130975	-0.0904516766070573	-0.368127336674651	0.140418367034968	0.479200337696061	0.609233491397605	1.12048455444476
XLOC_025769	0.779649401185845	0.808169460452939	0.609321871739148	-1.0673462641615	-0.905639227874376	-1.06021369198638	0.660181842701547	0.48573571690496	0.493384926211784	-0.141614781789855	-0.449747640131104	-0.211881613253016
XLOC_025779	-1.66710167134226	0.301427936212153	0.647236543382262	0.0714289530860874	-0.0969010364924063	-0.743546786298949	0.668075664209567	-0.0175225877808929	0.982347814389276	-0.391229697631966	-0.240051245978799	0.485836114245926
XLOC_025782	-1.30557122381563	-1.30557122381563	-1.30557122381563	0.764648261733389	1.89991608538378	-1.30557122381563	-1.30557122381563	-1.30557122381563	0.590429820713113	1.49019739510638	0.358593775906827	2.72964200405032
XLOC_025793	-0.896755771840068	-0.605417150953103	-0.934288832532177	0.587350361482248	-0.777165805711791	-0.630125416972051	0.36255796989657	0.789344875273313	0.804918540750334	0.518987446911983	0.365737064416527	0.414856719278212
XLOC_025801	0.441480457264825	0.644820906807007	0.951929137010653	-0.540322595343427	-2.07438894414523	0.132965602855303	1.94037539814458	1.53539825743433	1.80215053046282	-1.3220134987197	-1.75483401315257	-1.75756123861858
XLOC_025822	-1.44529466661982	-1.44529466661982	-1.44529466661982	2.34109492803431	0.458336105658258	-1.44529466661982	1.52054487595087	0.893295703936128	-1.44529466661982	0.544572417021189	2.91392396911816	-1.44529466661982
XLOC_025830	1.05910475590892	1.45939186365366	1.00268777502421	-0.910096630005425	-0.910546959472049	-0.419460425996316	1.4430157245147	1.95439297848827	1.85281245033283	-1.55821175398062	-3.5820050491085	-1.3910847293597
XLOC_025850	-0.0538727624371402	0.106174131820163	-0.264112285065307	-0.122617025077592	-0.507725836605641	0.0906258640854372	0.569696812731808	-0.044031245910868	0.0562172354640502	0.239351897954278	0.0974941496043069	-0.167200936563499
XLOC_025851	0.723363938477071	0.608021428552407	0.402099630271124	-1.02601930357248	-0.834736430519726	-0.618454719451087	0.349490822734895	0.254306888561675	-0.0601620778247334	-0.63567388404098	0.539868672607181	0.297895034204664
XLOC_025853	-0.299946872215054	-0.43325841953075	-0.246341562425602	0.908648583620018	0.703014511775336	0.370559754960764	-0.55599602733507	-0.449430140201734	-0.452350769294778	0.12769034790592	0.185913116444597	0.141497476296356
XLOC_025856	0.0696773125930319	0.287745178483101	-0.0221302846563285	-0.25747550227602	-0.105155576450288	-0.490888186856343	0.241312510211755	-0.380798613684259	-0.684489343657979	0.81796211956993	0.0847215763286506	0.439518810394746
XLOC_025862	0.904314276483976	0.233079647921455	0.694074753855809	0.14066435717542	0.35949638035678	0.597327858283879	-0.504622847773109	-2.6984505787132	-0.364822601709979	0.271700424106828	0.503835999898821	-0.136597669886679
XLOC_025866	-0.937542132628012	-0.603662931896108	-0.905753150318906	0.292579494095964	0.846184772075137	0.275934801503759	-0.708073052568978	-0.910817885683484	-0.316187299154233	1.33632768708404	0.764906806981568	0.866102890509264
XLOC_025874	-1.05571998272058	-1.42188469581471	-0.929474007869325	-1.26537688679165	0.675889878799829	-2.13763760349065	0.831772723704596	-0.964282544227832	0.665835148582404	2.08187052415522	1.89341230506392	1.62559514060878
XLOC_025912	-0.243445616889313	0.265665677326829	-0.243315623196397	-0.667738132118956	0.0444294207692533	-0.738935002765304	0.155944192335269	0.245145777126433	0.521573741164747	-0.416720491163621	0.306110625562637	0.771285431848416
XLOC_025914	-1.07068370102143	2.93252338934603	1.29930824372513	-1.07068370102143	-1.07068370102143	0.944388057477246	-1.07068370102143	-1.07068370102143	-1.07068370102143	1.72508491790058	0.593481298701031	-1.07068370102143
XLOC_025928	4.11109308529102	3.93743458425423	3.5099263102181	-2.65441791617037	-2.82100662944131	-1.9000704088651	0.880901245387302	0.787555997439679	0.226759274462123	-0.278112920811531	-4.72463740171939	-1.07542522004477
XLOC_025930	0.197065355081373	0.252321198050919	0.11740846492834	-0.261326985229372	-0.199382518103699	-0.47393374025359	0.45293161309124	0.247361437391867	-0.173518092729643	0.120837489615104	-0.237220190369699	-0.0425440314728434
XLOC_025932	0.092260329356872	0.0258030314678335	0.0485932722968716	-0.146462033858896	-0.0949611305801632	-0.242247560180924	0.673091491900331	0.762457497354408	0.364334107500577	-0.229360715278219	-0.489401226773851	-0.76410706320484
XLOC_025944	0.349880878482379	0.875229835373906	0.868894222092649	0.11482255339455	-0.0224030220179969	-0.650997327352129	-1.98348948913702	-1.31497431757254	-0.851682795131097	1.1942803260929	0.74624357938238	0.674195556392027
XLOC_025953	-0.0624331070050719	-0.0179713038467524	-0.174173199766823	0.514388996626867	0.0591497217970192	0.405479362506354	-0.0142073934439075	0.368897066604119	-0.363668867132565	-0.44915682419314	0.203054232834177	-0.469358684980271
XLOC_025957	-0.147698801236817	-0.292416480177479	-0.199416266958108	0.392470796945151	0.671154710095275	-0.0587424989739933	-1.33103958469739	-0.980816895451655	-1.06145069199493	0.845078469910066	0.97378620030463	1.18909104223524
XLOC_025975	0.401253607871181	-0.324252603280093	0.134200452338262	0.740393270415448	0.0176936598929185	1.09561580882371	-3.14215795713846	-1.35544374685101	-0.772410499731968	1.58747673178242	0.764366616782537	0.853264659095048
XLOC_025983	-0.732242510288317	-0.364392963648965	-0.276091635379528	-0.468256780376131	0.576582142207099	-0.315660233541025	-0.447689376651319	-0.140712929831861	0.497134166190043	0.647034370019917	0.419204711165057	0.605091040135027
XLOC_025999	-0.867086752172554	1.09681479543701	0.0528802211245107	1.43598276696515	1.93548731709223	1.98481582734344	-2.02638344624028	-3.4610500125337	-0.773177642325857	0.22690828231665	-1.04458462385538	1.43939326684877
XLOC_026002	-1.06871361208424	0.876535365118989	1.25025251125598	-4.16570299135299	-0.584815748342047	-2.15063123285432	2.68121855799358	1.46937978701613	1.47793582781124	0.280821489554866	-0.891113134933879	0.8248331808167
XLOC_026008	-1.03882572232605	0.535016259320191	0.540026244641331	-0.467635975264238	-1.22282215107883	-1.46371399176958	1.78693739838852	1.9311351956513	1.12418236833317	-0.816384364778265	-0.299532877829591	-0.608382383287955
XLOC_026010	0.0857102225833373	0.2098822000167	0.339432152084715	-0.358730153033969	-1.02028209448339	-0.809364190528772	1.28220345991229	0.593644165228765	1.04636046791662	-1.11373351677834	-0.184097243745713	-0.0710254691722438
XLOC_026012	0.875041913878723	1.01190331969219	-0.0937930849872757	-1.71892134648242	-1.71892134648242	-1.71892134648242	2.31042405430061	2.82453546360655	0.96895102372542	-1.71892134648242	0.6975440421959	-1.71892134648242
XLOC_026019	-0.199900609933103	0.139975812202943	0.0708821115726099	-0.280282171740298	0.0167371859744421	-0.383822413959104	-0.00257716890011217	-0.143950769935225	0.311111308126515	0.0124005526998658	0.13897964487381	0.32044651901766
XLOC_026060	0.477130132167092	0.270873658919734	-0.683989517432965	-0.0891721236164198	1.42449166591021	1.73203029042688	-0.830652807159076	-0.46951980509253	-1.26456176552263	-1.14602504721177	-0.0655591074633399	0.644954426074819
XLOC_026069	-0.219534238945351	-1.1069895760678	0.172108381857131	-0.0333153819562195	0.557153990129555	0.704020646097959	-0.199823778714533	-0.518217780272388	-0.421003610916331	-0.483823680547211	1.48923701862056	0.060188010714624
XLOC_026080	-0.26679418282216	-0.201905068571838	-0.0849991857719914	-0.164424457072409	0.112180737646062	-0.290519502204464	-0.183579025534376	-0.213055858257727	-0.396750607142295	0.907885921936186	0.43908351294502	0.34287771484999
XLOC_026115	-0.355305193019245	-0.282477611104598	-0.242269417940815	0.651261825060061	1.04232991965821	0.601773735062513	-0.587899272818492	-1.03684278130983	-0.44050679739079	0.178439432257072	0.459407627992529	0.0120885335533858
XLOC_026121	-0.132985454392374	-0.550576012072394	0.0518429705058452	0.741704538389242	0.888920852068965	0.367786847677578	-0.621291055867137	-0.804133163432008	-1.009123828263	0.585554227135183	0.680987487061588	-0.198687408811492
XLOC_026129	0.538962705057081	-0.203855722328839	-0.283599899042581	0.511837256914397	0.408555712573245	0.604717710643396	-0.395762535302978	-0.158581537189718	-0.37577271395719	-0.296049465197623	-0.0476990531598798	-0.3027524590093
XLOC_026132	0.262891584560758	0.0468536760469638	0.167735138535137	-0.104569940190117	-0.274790159284325	0.0139796490088546	0.010131643957612	0.763609228056361	0.137703695825886	-0.553023898421071	-0.467925130635224	-0.00259548746083826
XLOC_026139	1.17937925581422	1.16927299484018	1.00594591919741	-1.7282680889285	-1.40211141368633	-1.15580641863509	1.01652285285223	0.860982283208543	0.646670604614636	-0.402139807009045	-0.57266613876245	-0.6177820435058
XLOC_026140	0.591679962156194	0.314757278974277	0.229101811510134	-2.25063056514524	-1.25474193890046	-0.70351706802806	0.915578828337345	0.822316972922976	1.11493710838433	-0.0474595443713683	0.153025592623986	0.114951561535887
XLOC_026148	-1.04334037709079	-0.964098265038224	-0.322463992108259	-0.147554746344699	-0.452478680146265	0.352988169044054	1.16404874536587	1.04765243211033	0.829572900120112	-0.253318488247845	-0.0615463279500741	-0.149461369714199
XLOC_026169	1.14708883367482	-0.383822854987956	0.800413088107774	-2.31681045980639	-1.181542636156	-1.56246295250112	2.09785401299831	1.78322426591045	1.83192183814736	-0.399704916043905	-0.18897570908759	-1.62718251025575
XLOC_026207	-0.628570236421473	0.570584354832815	0.484928887368672	-1.1850260202237	0.147171463689141	-0.361939881553456	0.258686235255157	0.41423859867473	0.586213840261028	0.0944254795456958	-0.35241882975672	-0.0282938916718916
XLOC_026229	-0.482430085249086	0.0486386125471148	0.240268121426333	-0.561168523206899	0.00856719520887861	-0.45648540813276	-0.0498116309659888	0.0057341737738934	0.427477401150003	0.145990956095987	0.0524443494519486	0.620774837900582
XLOC_026240	-0.0552517504575603	0.0804144699022507	0.397166689058301	0.360111352417195	0.620811075595992	0.607441523446407	-1.09672429741399	-0.564316658533392	-0.788991083636987	-0.109687722253144	0.36020519173422	0.188821210140709
XLOC_026251	0.238933833081205	-0.297420055936644	-0.313377703879786	0.413414443059767	0.32839463153626	0.661624821313432	-0.404421613399927	-0.391426530531477	-0.436826681959236	0.0527646180755639	0.218183372584598	-0.0698431339437597
XLOC_026279	0.19545144416035	0.270733091699402	0.221524771114838	0.140185590811413	-0.554382862424177	-0.389031389827654	0.0266415239521702	-0.142022122683441	0.0498727324856016	-0.073461705102952	0.198592782965076	0.0558961428493792
XLOC_026285	-0.80025514229946	-0.0805903356141853	1.04600481243202	-1.11559770098731	-0.119709074742528	-0.0959085629545129	1.57856689384681	0.883725039085741	1.11785491490999	-2.40708439250114	0.0404379138704876	-0.0474443650459024
XLOC_026301	0.547580712389861	0.319066155171267	0.439785042292119	-0.351381169224764	0.392797437277856	-0.159209638866267	-0.405995904640479	-0.596345668391976	-0.599197059431794	0.0844076191004088	-0.0246164103606734	0.35310888468444
XLOC_026309	0.00638944923779849	-0.0792967814405792	0.26836644487382	0.656357399921903	-0.126494761546328	0.640726916215296	-0.0722569838636202	0.217061319547938	-0.180336537873241	-0.519082277945039	-0.300511085002827	-0.510923102125119
XLOC_026314	0.467937338010561	0.590334537161269	0.477404114187325	-0.530657250790506	-0.482731969596511	0.286712560943129	0.203363410591359	0.422542194168895	-0.577021784919095	-0.495428693084603	-0.120215176419531	-0.24223928025229
XLOC_026315	-0.0872030783632676	-0.101415976076527	0.10800775682231	0.68222530821842	-0.205008472394524	0.183219558243767	-0.221757691240557	0.540409791762685	0.130018149481669	-0.735311294768965	-0.0725059378044826	-0.220678113880533
XLOC_026336	0.0285683301777224	-0.159050824497427	-0.121286829003843	0.698895416515984	0.93760714513182	0.722037708690278	-0.792321780327693	-1.58476578259135	-0.563108507205446	0.43802379908092	0.371717648264821	0.0236836757642189
XLOC_026340	0.617780961049935	2.02702479105625	3.12627424400099	0.0940371862378144	-1.97618229931121	-1.97618229931121	1.27417057303325	0.849017729488364	1.89260601168945	-1.97618229931121	-1.97618229931121	-1.97618229931121
XLOC_026343	0.346354159926978	0.188117537668541	0.0832966333516332	0.228283630278506	-0.155781353562093	0.0435359210639064	0.183883642888203	0.161195501204363	0.00552300699742503	-0.455341351223034	-0.270614470689775	-0.358452857904663
XLOC_026374	-0.821611203881604	-0.0837722417738345	-0.736598098618367	0.831336274348224	0.154077193486094	1.10778349209524	-0.406405699542328	-0.163203947564099	-0.0898780125829353	0.267466684611529	-0.173328398190725	0.114133957612808
XLOC_026376	-0.265553749578632	-0.452315027304325	0.53688478499232	-0.489284018037472	0.0599494766673194	-0.935678210371404	-0.405251813397566	-0.00803686315414875	-0.704333319835738	0.170850868216262	1.33090708352162	1.16186078828176
XLOC_026383	-0.259181619668732	-0.149262665768834	-0.109054472605051	0.807446256970496	0.562819728657689	0.565999224752903	-0.816530127221148	-0.391321161651677	-0.534116651920318	-0.181718547507597	0.359616557073118	0.14530347888915
XLOC_026399	-0.448366491191365	-0.591977326047455	-0.385497126011621	0.719668768049232	0.800929453105708	0.806533667068425	-0.92693225783646	-0.612266976838599	-0.415207880717507	0.614259330864124	0.323707834958543	0.11514900459697
XLOC_026402	0.0646887068852378	0.339620631051604	0.567905706735678	-0.671327191912668	-0.00480410626965178	-0.742628970674684	0.517768914414146	0.144127956139648	0.382453976354356	-0.109334384360976	-0.337672284099221	-0.150798954263468
XLOC_026403	-0.685225791991257	0.611830126474595	1.10054081399306	-2.12274503111164	-1.19291241111888	-0.701825877643144	0.842211051792479	0.681802531353937	0.742193320220213	-0.454199440033383	0.653101300491154	0.525229407572866
XLOC_026440	-1.61954949544613	1.33686485196891	1.14623128187284	-0.0288276166540582	-3.43461808602021	-0.0946226837000208	-1.29502099288797	1.53970993030771	-1.53861704149147	1.76167609873073	1.32195710728592	0.90481664603373
XLOC_026452	-0.0529047082245029	-0.0503581891687599	0.110659674121726	0.526038926838977	0.168968920112938	0.412164559144193	-0.252569353955799	-0.348258206140351	-0.221347603280988	-0.124055244202086	0.058067087972951	-0.226405863218293
XLOC_026459	0.79939678128262	-0.0749760572682039	-0.0828476175758643	0.866344359236463	0.192206562414155	0.794221753732726	-1.99907736489003	-0.639807599467162	-0.149375188384606	-0.0248103095739447	0.312137636784886	0.00658704370895791
XLOC_026461	0.921035528644541	0.360587908092695	0.166145938093685	-0.487206496596498	-0.702013305344368	-0.277294827626703	0.453843167686842	0.127954123063721	-0.0949452511719935	-0.443131076413132	-0.140948350801702	0.11597264237291
XLOC_026469	-0.0406039233636619	-0.209060434166908	-0.509322243881799	0.268597507498342	0.223637069178867	0.309332035975359	-0.399638196576345	-0.535077072638085	-0.702046372926317	0.640000744441513	0.339309155904056	0.614871730554974
XLOC_026473	-0.114903451603767	-0.498290216677148	-0.493217667157515	0.699549908719065	0.45262588246336	1.02107349617401	-0.638489558183005	-0.42349272072903	-0.548351081476917	0.462103352388496	0.416281701346647	-0.334889645264193
XLOC_026489	0.254509165980028	-0.584488104721226	-0.343832898015783	0.735511408828821	0.925043514649222	0.663782132351681	-0.823552941214309	-0.581052711220644	0.436786528885708	-0.909446561802491	0.592175336819652	-0.365434870540656
XLOC_026495	0.416499577631526	-0.607967164002724	-0.0232823050953228	-1.91587880594315	-0.780610982292758	-1.16153129863788	1.40198084957936	1.76222827214034	1.08694164652803	-0.298139996641823	0.985227930223692	-0.865467723489293
XLOC_026496	-1.73690450285528	-0.61201281786095	-0.448951479862026	0.819727525213001	0.970198319461081	0.412229520220652	-0.32251933065027	-0.575719343346071	-0.280247841998214	0.284354783746211	0.531811589835687	0.95803357809617
XLOC_026507	1.02529516021729	0.320622970730719	0.260486415639108	0.374962897619175	0.0725580524241893	-0.107912830914887	-0.647201246227114	-0.442434744603892	-0.494295400681772	-0.141092395250475	-0.219895445853767	-0.00109343309857302
XLOC_026514	0.276071248484979	0.563659189736568	-0.0250056449828522	-1.21080770725336	0.514318843768495	-0.672901761712433	-0.40929583635087	-0.580524415924919	-0.118439946814136	0.738223753876743	0.526419319198775	0.398282957973013
XLOC_026515	3.44804784006795	0.75417837442281	2.74231458884331	-0.771615644814897	-0.771615644814897	-0.771615644814897	-0.771615644814897	-0.771615644814897	-0.771615644814897	-0.771615644814897	-0.771615644814897	-0.771615644814897
XLOC_026518	1.08990372967886	-0.725164860895226	-0.725164860895226	-0.725164860895226	-0.725164860895226	-0.725164860895226	-0.725164860895226	-0.725164860895226	-0.725164860895226	-0.725164860895226	1.6913005277831	3.74527949059507
XLOC_026532	-0.719911234535552	0.0309966076411961	0.0993881650796258	-0.174751229287805	0.456092040027738	-0.196871227196507	0.151594963949172	0.0968786592249558	0.581158978167554	0.067158775679248	-0.412485804484399	0.0207513057347768
XLOC_026548	0.23548432119658	-0.449290211839159	-0.189000427164808	-1.07817140086429	-0.498997469337855	-0.409722691645944	0.0907784176102053	-0.124084794959504	-0.0186405504616332	1.12479133134915	0.827498513178465	0.489354962938789
XLOC_026559	-0.0278719567364698	-0.550495347661355	-0.113936102693249	-0.451014075267951	-0.564222743252667	-0.220290512181762	0.99479488227317	1.04669985618076	0.995239518485698	0.0344109789827147	-0.55412073492139	-0.589193763207499
XLOC_026560	0.293449019169786	-1.49367260413332	-1.35421520312374	1.07849870341114	-0.233887252839962	0.317337618032437	0.604499604377814	0.195162209638477	0.901920593982187	-0.375922989838376	0.579507165599742	-0.512676864276174
XLOC_026562	0.0668438727857348	-0.349909254842023	0.289056748273804	-0.420768737220992	-0.194564746113591	-0.569031171952251	0.783366242379003	1.11819839262675	0.966075853069563	-0.768627381534083	-0.277365976433409	-0.643273841038509
XLOC_026567	-1.14542696839797	-0.486929998398167	0.188188807220177	0.144357664003689	0.240990498114997	0.478821976042097	-0.852849562146723	-0.380628500021226	0.029664028334242	1.13487949969879	0.244191691791706	0.404740863758388
XLOC_026585	1.31360487147007	1.51464065631156	1.32048975760006	-0.946101328012155	-0.476801542415187	-0.768630036007124	0.76135639322869	1.02445911279749	0.715589006021581	-1.68277497373699	-1.68241796594979	-1.09341395130819
XLOC_026612	-2.01682768614249	0.109388826168095	0.4443337217223	-0.82383996211848	0.412850669950489	-0.154232635522636	0.171983109580152	-0.274374384115683	0.448761687261498	-0.394944740676144	0.586326376499602	1.4905750173933
XLOC_026618	0.0893196221492421	-0.171783539995008	-0.236534792249291	0.505802929212596	0.565881074740259	0.576732644813864	-0.526954579402621	-0.51346430629589	-0.635618601840784	-0.173625349149679	0.414877211100711	0.105367686916596
XLOC_026623	0.155321409644082	-0.708271483891931	-0.560109026011659	0.744807380483619	0.5859572016495	0.825330964208948	-0.483958829229853	-0.135783328295575	-0.564386652057714	-0.308318301201398	0.170365673379701	0.279044991322285
XLOC_026641	-0.333020207220668	0.487180966082745	0.0743462331951354	-0.350076275727424	-0.567690276087281	-0.0660820439751753	-0.421547314559684	-0.561472831344767	-0.480775679783364	1.07364048452685	0.658155402089236	0.487341542804399
XLOC_026656	-0.263484342813398	1.22298003962833	1.50142815965098	0.230950567561754	0.417061724743534	1.95368691558016	2.92981901950857	2.91684798400524	3.08895656794612	-4.6660822119371	-4.6660822119371	-4.6660822119371
XLOC_026681	1.00525269106115	-0.0146984320381098	-0.979260991714428	1.20612093548148	-0.632569708225967	1.39092078021348	-1.22698039422699	-1.49946664686944	-0.266716724569523	-0.150098722575033	0.666119498834805	0.501377714628562
XLOC_026726	0.627607019255551	0.425620338727801	0.0433934652289114	-0.695889907672573	-0.469685916565172	-0.55935543240386	1.04888184684348	1.25201922070677	0.738755735206329	-1.13487835573431	-0.507344936806384	-0.769123076786543
XLOC_026785	0.187698296415933	0.441513590372836	0.590101346556401	-0.518807986262056	-0.680549593013971	-0.714435313185666	1.48827998771627	1.55583484948439	1.23474878257999	-1.19882843276747	-0.957266651352352	-1.42828887654431
XLOC_026829	1.77918699993947	1.35923149435049	2.09591857746335	-0.347482607192317	-0.134200087699786	0.512825541378618	2.16661767389064	2.29060959163431	2.04546817056012	-5.8645453177158	-3.44807992903748	-2.45555010757162
XLOC_026842	-0.1591478299895	-0.363932946554422	-0.266756412372425	0.237073839461448	0.399385688963214	0.165136301735651	-1.026541611425	-1.09389335535457	-0.0489858077026177	0.635493770586101	1.19643415921166	0.325734203440452
XLOC_026852	0.904121564599181	1.04098297041265	-0.0647134342668176	2.64623172306358	0.213789076516112	0.325230062736713	-1.68984169576196	-1.68984169576196	-1.68984169576196	1.10592692316005	-1.68984169576196	0.587797896826394
XLOC_026873	3.16830190363329	3.19248095688314	1.54822754926675	-1.67500780485325	-1.67500780485325	-1.67500780485325	0.464589288279001	0.663582565702699	1.01286456535459	-1.67500780485325	-1.67500780485325	-1.67500780485325
XLOC_026912	-0.174905808448315	-0.00116938420232593	-0.0733337006450823	0.0874794500068772	-0.133255333308088	-0.408886207940937	-0.247594604793138	-0.204112901578167	-0.461749742448861	1.35207395751817	0.0418465644958754	0.223607711343987
XLOC_026913	1.0645993338942	0.0181281365536456	-0.609506216358097	1.03823897406766	0.441997080815064	0.789834891519061	-2.61375770830323	-0.827043498015777	-0.427633622473644	-0.306830320527619	1.19479157809452	0.237181370734215
XLOC_026922	-0.0453867782968764	-0.0714236765281271	-0.210239874826021	0.397685943920386	0.369685280019352	-0.0604811318399801	-0.795999161998853	-0.598280722101727	-0.549904178158917	0.455280105809658	0.356918458259006	0.75214573574209
XLOC_026933	-0.842560124885953	-0.422936482550845	0.134702998212745	-0.392477172383519	-0.188193150646669	-0.647134640872056	0.0723072939061478	-0.252526804875385	0.586605642098737	1.05376350066864	0.176391825045162	0.722057116283004
XLOC_026938	-0.47170920474844	-0.282134816406569	-0.561561156777664	-0.449099694726236	0.123143794020958	-0.642059741772211	0.212505560291193	-0.113921411871734	0.571703736092289	0.79220279654829	0.741907277964218	0.0790228613859094
XLOC_026945	-0.632438566303492	-0.47717162745648	-0.454187067534131	0.00914151747967562	0.695308794588824	0.193941362211671	-0.0505543497332681	0.600046342941932	-1.46369614257133	0.566424297266709	1.05768570236738	-0.044500263257496
XLOC_026946	0.194314608699304	-0.982894182408087	0.42985422983342	0.963218104231441	0.313347437388076	0.242876524863312	-2.02026173020486	-1.79767445501406	-1.11731296177489	1.5551057140136	1.15176307509763	1.06766363527511
XLOC_026947	-0.887335607173557	0.0370830835075271	0.39687865579728	0.54355072487383	0.20972655854032	-0.131860249888803	-1.67949418503094	-1.58434241852045	-1.52625798909606	1.4833082181423	1.20685056647268	1.93189264237587
XLOC_026981	-0.0903987866984313	-0.255990158832859	-0.736545514106358	0.810877513202358	0.55399366840056	0.765083405274829	-0.714120136387445	-0.452174371826528	-0.229218816576594	0.022488607596209	0.374831818588824	-0.0488272286345595
XLOC_026983	0.757682271343846	1.2542024434322	0.53371095572926	-1.8362809890173	-1.8362809890173	-1.8362809890173	0.303316104114948	0.988919039782274	2.83593735854187	0.959487629904714	-1.8362809890173	-0.288131846779918
XLOC_026993	-1.30453743627584	-1.30453743627584	-1.30453743627584	0.765682049273189	1.90094987292358	0.710534322222842	-1.30453743627584	1.03405293428011	-1.30453743627584	0.685329647365172	-1.30453743627584	2.73067579159012
XLOC_027060	-0.237283265550815	-0.131423954252987	-1.62755345950367	1.30946289590261	0.78643969785244	0.756234545441171	-0.325810372889831	-0.465735889674915	-1.09918369702188	0.405082234687193	0.573146257964975	0.0566250070457128
XLOC_027068	0.17899496881154	0.102563301213037	0.123528553622113	0.801112589468569	0.579906393314169	0.523958614556044	-1.31849703408591	-0.576794550411456	-0.269107540119351	0.0674818242208293	0.337403613670659	-0.550550734260247
XLOC_027072	0.48950730288193	0.573089568178871	0.443904045748044	-0.228272875658825	-0.483823217398561	0.0327285707719751	0.00734655003544038	-0.299818234978372	-0.210155316978695	-0.636031785396626	0.083490676380773	0.228034716414047
XLOC_027112	-0.17026266237319	0.513335229982832	0.82655620232731	-2.9433528853107	-0.888482371789806	-0.746630855452953	1.13273903443263	0.621510407509396	0.630066448304509	0.496758558085526	0.310061986050434	0.217700908234009
XLOC_027166	-0.175507650005687	-0.0528812997153825	-0.092885057027277	-0.343537098729243	-0.446801745244735	-0.635858521860764	0.82959609249813	0.240883131562739	0.417905286144373	0.171792274317211	0.229133380640278	-0.141838792579644
XLOC_027170	0.0558490367982296	-1.91318400275614	-1.79382250333806	-0.0765591376487649	0.797665700303577	0.809799962210966	-0.293392648790584	-0.975387630323121	-0.295026137083959	0.910521612359796	1.37706250108336	1.39647324718471
XLOC_027174	0.332582745000994	0.902078402663737	0.487797974394915	0.609243167602823	0.181957112710484	-0.319410319666669	-0.728148029009559	-0.483825419189817	-0.876169769746359	-0.474052056861119	0.544334020489043	-0.176387828388472
XLOC_027188	-0.00368905726129576	-0.0312148117365574	-0.10601516203651	-0.00678797461731584	-0.0886998808217054	-0.0767998418224671	0.265052448163079	0.199230980691809	0.306596519984595	-0.269313279505894	-0.124662713219621	-0.0636972278181105
XLOC_027197	-0.0903311008039154	0.879379785933145	0.819889113445439	-0.459127165907135	0.307120801023221	-0.616352133857244	0.149419309360463	-0.448937705934715	-0.0854738221547402	-1.17638488096586	-0.112856593537094	0.833654393398432
XLOC_027243	-0.948233212648722	-0.948233212648722	0.676895048846425	-0.948233212648722	-0.948233212648722	-0.948233212648722	-0.948233212648722	-0.948233212648722	-0.948233212648722	1.84753540627329	3.24982102361911	1.81161422245095
XLOC_027273	-1.01459435028655	0.195445080252496	-0.148767743158448	1.18832076595932	1.61876150046072	1.11739406808356	-1.5005071063569	-1.28638370075572	-0.540243436699439	-0.124258700243784	-0.0949885476204564	0.589822170365204
XLOC_027365	-0.192944710237467	-0.249506203374043	0.0367523639700087	0.320533059921192	0.886840515043314	1.03325764475682	-0.383262794337281	-0.692959769109983	-0.543819884119656	1.18885253757359	-0.846219884437446	-0.557522875649046
XLOC_027386	0.36905425124213	-0.175118130170899	0.0995384544590525	0.537298356552805	0.911506486861597	0.370046659640611	-1.04914043823206	-1.33430285854346	-0.924010330187997	0.760010592019958	0.576679007518065	-0.141562051159798
XLOC_027423	0.340238975963195	0.478463162072482	0.779983650455441	0.248146880046687	0.280218260610412	-0.312518814263586	-0.743226400110368	-0.00278548509339416	0.0173847752943654	-0.480938991163656	-0.174252486145667	-0.430713527665915
XLOC_027439	-0.315625876249015	-0.208429575229353	-0.0166522248090244	-0.106511885855892	0.169140863150134	-0.110592376391277	-0.371450282818839	-0.44577332517766	-0.446495604281623	0.76439794419291	0.76475470916649	0.323237634303149
XLOC_027453	0.574855692607694	1.11521967979392	0.699447841482102	-1.49711326733364	-0.576400767696571	-1.40354489954049	0.281805078499697	0.558536705000934	0.274678892141057	0.11393677238369	-0.00613434198151719	-0.135287385356876
XLOC_027454	0.59512343127221	0.731984837085678	0.371152115657625	-1.99883982908893	-1.99883982908893	-1.99883982908893	2.0305055716941	1.47951135637359	1.19736204303304	1.31092019774008	-1.99883982908893	0.278799763499423
XLOC_027494	0.602032268187171	0.322304776843334	0.757640529372725	0.580555943402596	0.200802989212696	0.65155055335047	-0.8028683415925	-0.910459030177655	-1.40564207703928	-0.122458867076254	0.234660896414121	-0.108119640897421
XLOC_027509	-1.64190725341158	-0.99408197655804	-0.13045503516947	-0.449005084217455	-0.207716983615859	-0.632592940655567	0.919849166975543	0.666794923274273	0.987876006024418	0.314913540973819	0.482977564251601	0.683348072128322
XLOC_027518	-0.107724758290732	-0.353545965317186	-0.288365607662966	0.138682830590397	0.525436864282942	0.610045211149544	-1.0536901354686	-1.36876299547942	-0.290597781280985	1.19729738961971	0.906745893714127	0.084479054143161
XLOC_027519	-0.505000743553254	-0.353029306729305	-0.322359974768747	0.501923291376375	0.56831346444371	0.816079098890325	-1.15058732586419	-0.706306099987893	-0.338882617039808	0.609848593522516	0.508317970625768	0.371683649084503
XLOC_027521	0.572210265917488	-0.129561510815249	0.166752405414085	-0.188603876713902	0.511396171839655	0.303736865968442	-0.796828972267562	-0.706102826815387	-0.725653177532216	0.41822735557529	0.594281296355303	-0.0198539969259484
XLOC_027529	1.08038291974622	-0.490812440284822	0.842189566188425	-2.01660645952253	-2.01660645952253	-2.01660645952253	0.594470163675868	-0.417746370140828	-0.120605414993781	1.67135183532782	1.25798339689659	1.63260572215209
XLOC_027531	-0.599046356457353	-0.42727193513765	-0.028085251482338	-0.35542572781348	0.0043026723473325	-0.648226122157108	0.133981413191992	-0.121003866733307	0.537588959237423	0.271348265161191	0.652034571939139	0.579803377904159
XLOC_027558	-0.0778248177405594	0.238226217823595	0.233312750270262	-0.613153699863673	0.216180683407428	-0.438853475805464	-0.446715002477479	-0.59785880129381	-0.093677844772321	0.19627132754756	0.550254756635512	0.833837906268961
XLOC_027565	1.43643062905748	1.64299030538436	2.13921649478172	1.20758078622078	1.39081661922406	0.211502769715429	-1.69382606631134	-0.789902262048819	-1.23249158807602	-3.12849263260477	-1.4643276328823	0.280502577539417
XLOC_027567	0.348490389941367	0.00222187577119293	-0.159192227770749	0.726762120830871	1.15634940001587	0.379476977288173	-1.22416318882751	-0.430919299303361	-0.897880634161073	-0.297558044408603	0.431737458929057	-0.0353248283052379
XLOC_027569	0.341461049318545	-0.0718719198433257	-0.223154539790102	1.09062196506499	1.18862565658549	0.73846060760639	-1.38125217247026	-1.14296082371585	-0.901253022714555	-0.616283806742246	0.376847235222685	0.600759771478237
XLOC_027570	-0.850550362005619	0.0556673490930941	0.63330962661869	0.388533677551172	1.35190896888926	-0.228572413574665	0.224945241752585	-1.60894937071842	-0.751337869152398	-1.15177112235235	0.809035452031768	1.12778082186689
XLOC_027571	0.133447701465933	-0.806750802564305	0.391668106436678	0.969486902478008	1.08863737672238	0.71119314638513	-1.34634701701437	-0.275088164279352	-0.599553248124809	-0.389696790882539	0.188516844400628	-0.0655140550233781
XLOC_027598	0.42224699150406	0.495756858561605	0.644332915705205	0.419474057036652	0.0972946452392467	0.280569353066582	-0.766510202972635	-0.979693389872174	-1.16514271809853	0.496950825348323	0.208392044046474	-0.153671379564805
XLOC_027616	-0.449554493438018	-0.267715893223931	-0.629632806598703	0.344035278716782	0.189094858531994	0.17744770156344	-0.492818297090984	-0.477442415380144	0.0420278517340762	0.616661774741813	0.546664367733452	0.40123207271022
XLOC_027638	-0.517533608328886	-0.0485091794855972	0.176964676881324	-0.506967879959725	-0.30179729585384	-0.248584859875947	0.8163282118465	0.727453434673344	1.39432029995992	-0.331828331983632	-0.884830195440713	-0.275015272432753
XLOC_027640	-0.458766818394065	-0.179813851071629	0.37127304698952	-1.21482121644475	0.428268703135412	-0.328462116585021	0.809121595626738	0.826944069603889	0.490681044715457	0.110977808134977	-0.143868586551713	-0.711533679158814
XLOC_027641	-0.127397570482975	-0.363050278986519	-0.169171418924972	-0.0576059502162583	-0.179262429024133	0.161461208624827	0.681176789570634	0.959795682396415	0.712972117387526	-0.37691832837794	-0.333748404592592	-0.908251417374018
XLOC_027642	0.313847607616999	-0.101466364500913	-0.244432857943254	-0.277755361608804	-1.11259210138131	-0.160449264579258	0.917984232905429	1.40574495518695	0.752714654066151	-0.598523887381339	0.429302108261335	-1.32437372064199
XLOC_027654	-0.0267687067168065	-0.350490892566631	-0.279090930803205	0.348062466418295	0.388188175385309	0.594927779743108	-0.22499635595587	0.0428484585810711	0.0899879715568517	-0.367407835171155	-0.0300563853572804	-0.185203745113679
XLOC_027672	0.15241670454326	-0.0175867138139516	-0.403108780608251	1.00521765129784	0.357411351137188	0.585389763983564	0.112504056475395	-0.151104480176454	-0.142627240271969	-0.274558978609951	-0.347720887718443	-0.876232446238223
XLOC_027684	2.05881942592404	1.34829014573765	1.54844062859662	-0.885897475224263	0.22762130723841	0.681926465705162	0.768392807210689	0.857804592579311	-4.29168794459042	-0.0565698097788934	-0.725299633907553	-1.53184050949075
XLOC_027712	0.333812323311673	0.217670021795733	-0.262991090515007	-0.58605695317856	-0.164979386796974	0.164606583728861	-0.353610331233623	-0.0165416131931435	-0.540242428295889	0.837659807075712	-0.0103975259074707	0.381070593208689
XLOC_027723	-0.247875180090183	-0.152080801448685	0.049989935133615	-0.25096054549692	-0.135714186163476	0.0132436497326811	0.215610259439575	0.22372931122848	0.33596465322052	0.0164866401346568	-0.0213793301438034	-0.0470144055464594
XLOC_027725	0.0213746732180446	-0.425652312450245	-0.206524767741595	0.0657536514796107	0.130233912056061	0.303005693543579	0.222340053911189	0.556160691993238	0.253251117019415	-0.0197232091593573	-0.312563637201135	-0.587655866668808
XLOC_027727	3.12981050646661	3.36324741006048	3.58112244819123	1.57095741494842	-1.83483305441773	-1.83483305441773	-0.400166488124311	-0.235972965036033	-1.83483305441773	-1.83483305441773	-1.83483305441773	-1.83483305441773
XLOC_027734	0.166451017879135	0.263260321050665	-0.164134630238356	0.443111440480965	0.7115355692685	1.03327354410172	-1.29240133876983	-0.40885368952125	-0.529308984582214	-0.518225659676441	0.509600335966233	-0.214307925959131
XLOC_027754	0.27294950550501	0.292858329490394	-0.234733112207106	0.651221236394514	-0.0287855058408946	0.869595853842942	0.097401747137086	0.103718591536814	0.26935537808096	-0.591704473586154	-0.960046301762334	-0.741831248591231
XLOC_027756	-0.548783198520638	0.174322651702715	-0.192058286715616	0.00358177068607901	-0.129370723489403	-0.245581408049084	0.46599150982772	-0.157171572544524	0.712591166531679	0.00408415795769024	-0.241996259684727	0.154390192298106
XLOC_027781	0.287618741451331	0.102952049414168	-0.175966256590769	-0.776693885578689	-0.186027016484679	-0.137153261578391	0.210697040489938	0.0760451818907333	-0.215926300301819	0.391061156465765	0.264857330683457	0.158535220138949
XLOC_027805	-0.561360518595063	0.120940199479714	-0.00247583197347101	-0.566687591716783	-0.137100312531789	-0.290974095946188	0.262952874398398	0.164102872288932	0.265481367401595	0.656749672684705	0.0703098502042909	0.0180615143056633
XLOC_027818	-0.028558078281117	0.183565927467373	0.0302866135576707	-0.115075437344248	-0.135978252621302	-1.03027930956176	0.963499403538368	0.802266766892913	0.842380506138266	-0.150537861810392	-0.596346808862433	-0.765223469113345
XLOC_027826	0.507967984233982	0.0892046453382163	0.290285861147751	-0.012140560572365	0.807180223318223	0.339097891225907	-0.768960415642792	-0.565690272790102	-1.17707520274961	-0.328858623072606	0.518675270682636	0.300313198880754
XLOC_027833	-1.82026715079437	0.910557515380247	1.69366308286384	-1.82026715079437	-1.82026715079437	-1.82026715079437	-0.385600584500942	-0.221407061412664	1.37593472132761	0.169599932846642	1.08814379597679	2.65017720069593
XLOC_027840	-0.663178907206281	0.0791127101882934	0.15348096864846	-0.68977365425814	0.163909943492855	-0.761919644443792	-0.0767152859696472	-0.577303445326163	0.212144470716207	0.76615420367186	0.512644285407424	0.881444355078928
XLOC_027853	-0.0707789862194925	0.265091132042395	0.207541626836246	-0.460243416884553	-0.342857405309857	-0.501073502971815	-0.190982203375831	0.26951391815133	-0.0585333942127733	-0.0835311250101691	0.389718056520095	0.576135300434422
XLOC_027882	0.24142724299614	0.201378488644567	0.246022471243542	-0.130793143002929	0.22636864157818	-0.067087611413382	-0.598771052060787	-1.37802313219938	-0.509302644524849	0.78783800708867	0.64969393842858	0.331248793221647
XLOC_027889	1.18662581230439	0.569250137021888	0.158073322422263	0.267264126242217	0.0482899792512406	0.527559371983524	-1.25993674510721	-0.452363686047874	-0.295691944297231	-0.0805945180708747	-0.358420893854612	-0.310054961847715
XLOC_027898	0.401523995736801	0.365181454547427	0.311519972654425	-0.598557878549233	-0.36305215099479	-0.263451772824554	0.103831719792177	-0.19125020669688	0.15397663908527	-0.198883819716725	0.114196906446773	0.16496514051931
XLOC_027914	-0.378836038504331	-0.24935699186899	-0.0492115497141263	-0.0741516329526695	0.442039317309071	-0.291404290306501	-0.139876387247839	-0.614440906554195	0.10194588622735	0.198401576541732	0.313495824384241	0.741395192686262
XLOC_027925	0.0524925551099003	-0.165451820050755	-0.159063930472859	-0.222263868423322	-0.210493854854125	-0.135537504183382	0.595733504885766	0.328379507679465	0.186091894546772	0.324772240463155	-0.332791824213242	-0.261866900487364
XLOC_027954	-0.0231433014405056	0.103785448510097	-0.487879889249005	0.491155488570215	0.502546237068866	0.719314888129109	-1.12795330390597	-0.756981476843954	-0.349041610751409	0.20989264201233	0.240438662235048	0.477866215665182
XLOC_027960	-0.874503714432317	0.545810891012906	-0.392821017383262	-0.0499892464082956	-2.39749195695258	-0.615578776491708	0.700310894259196	0.598651156901555	0.833724563107782	-0.0198311388707504	0.377870324658561	1.29384802059891
XLOC_027969	-0.66633819736487	0.438196131910809	0.260286785687764	-0.563229004514327	-0.13356375145756	-0.81980467826107	0.231882158854178	-0.33592890236782	0.108212838712941	0.545442221881365	0.364450227869307	0.570394169049278
XLOC_027979	-0.995010704273944	-0.210842837145641	-0.365738610515088	0.498281345800761	-0.892298722272507	1.38464044566049	-0.101077485433331	-1.25038359407914	-0.0176336717792305	-0.279213937806078	1.47881700442486	0.750460767418855
XLOC_027987	-0.541055624609758	-0.0388298116598103	-0.0209598840457454	0.366911777618575	0.14815456918447	0.214419732674997	-1.63527738620007	-0.627628444293748	-0.432659247473899	0.838492109264731	0.985212282710977	0.743219926829279
XLOC_028001	1.73776858882677	1.24178247251631	0.0400404289014635	-0.30992950510815	0.162779330800861	1.11098964836034	-0.749880431903613	-2.11685988509261	-1.02784760426646	0.730804506433553	-1.29925458579598	0.479607036327517
XLOC_028007	-0.182899854579295	-0.601114397679188	-0.688702833931068	0.880118682751307	0.784768668708857	0.863214672661229	-0.905269512356094	-0.289509516322652	-0.422440714502523	-0.0426350021819717	-0.115168920097296	0.719638727528699
XLOC_028010	0.806579134430268	0.691413105354207	0.751658318068436	-0.7077559594253	-0.0782899886248369	-0.160986263937786	-1.01654973228497	-0.716210847900324	-0.320471845120713	0.199517790197843	0.131512951025679	0.419583338217499
XLOC_028014	2.01602229763693	2.53688650888615	2.14226827248818	-1.08096708163182	-1.08096708163182	-1.08096708163182	0.353699484661602	0.51789300774988	-1.08096708163182	-1.08096708163182	-1.08096708163182	-1.08096708163182
XLOC_028017	0.117818556207995	0.0639874982720698	0.192591924831978	0.0740655042492335	0.116932435254373	-0.260396625373114	0.558513966319131	-0.079887686462679	0.378179517705851	-0.445061436551288	-0.353460600400694	-0.36328305405286
XLOC_028018	0.345083572091539	-0.00385809748142307	0.370502509942485	-0.204990173460658	-0.66353660196185	0.400841753689921	1.04955024190641	1.22774918209237	1.05984746586151	-1.15819870105395	-0.943953649346049	-1.47903750228029
XLOC_028019	-0.546576057712999	-1.38667867583207	-0.202442732736342	1.94081197911806	1.74780643889929	1.18455447461954	-2.13953289385508	-3.79102567681783	-1.52109745519888	1.19664074015115	1.32609563335814	2.19144422600702
XLOC_028021	-0.585534742486644	-0.254743971693301	-0.0789733469495335	0.760162545808834	0.693430372442617	0.526059978878783	-0.0760563725122019	-0.407707354706604	-0.0341906272366739	-0.215283679226713	-0.0598321771376096	-0.267330625180941
XLOC_028023	1.7673912574162	1.55801795506164	1.21398576264395	-1.89313129802353	-2.64831747383813	-1.12226026838043	1.31497620454715	1.5793971091997	0.811323081888613	-1.03291053209813	-0.622624020635856	-0.925847777781184
XLOC_028024	2.36723906367246	2.16863318959053	1.44397576132469	-1.47609600432656	-1.67639916449331	-2.86681471519404	1.85415466935402	1.82521038921843	1.28336064556281	-1.19392817884237	-1.60729661727361	-2.12203903859305
XLOC_028027	-0.464328707688789	-0.625976501966569	-0.356326036523159	-0.102012783717907	0.148867738254717	0.271288533423704	0.259458083074216	0.347618512650458	0.254611636070722	-0.153072861356183	0.157084807177542	0.262787580601255
XLOC_028030	-0.0797863661055596	0.144108808163971	-0.102445596029408	0.337409687689911	0.684651930434831	0.336739267246088	-0.456768776812194	-1.0624129562071	-1.07448188539796	0.404499059286364	0.421470613726466	0.447016214004592
XLOC_028053	-1.20441191267617	0.015200835453193	0.0350995888857639	-0.704958568399667	-0.279993344017571	-0.549099202436116	0.888588032466618	0.26003143642761	0.74574514729111	0.269351290476077	-0.00760019111107368	0.532046887640218
XLOC_028066	-1.76704400173171	-0.743153671574882	0.0883532969974654	-1.47367478689517	0.158301989735974	0.302114252104787	0.904667646637405	-0.0933705125554063	1.3591167137066	0.713328798351556	-0.162953025825026	0.714313301048406
XLOC_028070	0.297889509996645	0.149011108857201	0.152045612787194	0.580767105603321	-0.0261044422562948	0.60489759137075	-0.693023927724836	-0.274743167545524	-0.685134809826541	-0.159052548005334	0.106919071167726	-0.0534711044243066
XLOC_028078	0.112413601806995	-0.135589916314757	-0.215761130720594	-0.123179406910721	0.232764102652086	-1.56200010853936	0.13256812658592	-0.451095386804387	-0.442578317478588	0.925840942168493	0.696352764394012	0.830264729160898
XLOC_028083	0.549530850859835	0.872307606287953	0.734848419936291	-1.30083159863429	-1.20419876452298	-1.25924716717823	0.552718262458074	0.214291683997658	0.378868170019759	0.0297295570856697	0.0544423067167106	0.377540672973555
XLOC_028111	-0.133763904143835	-0.313813467555537	-0.256403032082209	0.641368631786007	0.509199011300254	0.686455362921041	-0.942672853324837	-0.682308355129292	-0.78040301317197	0.371896850179128	0.569827819235496	0.330616949985766
XLOC_028118	0.944396517253391	0.889367795341775	0.855790860717642	0.202454364708768	-0.128532936337031	0.29667640580025	0.288039390552317	0.278515706160752	0.252589159126021	-1.5545847101061	-1.20074464337338	-1.12396790984441
XLOC_028122	0.44940025894193	0.35574331260627	0.477992990915922	-0.155038170133334	-0.293153711548639	-0.317507275363138	-0.0485213133024516	0.176629588525781	-0.23350503365506	-0.27223520504087	-0.0931529355791128	-0.0466525063673071
XLOC_028161	1.09807605284911	1.59459622493747	-1.49588720751203	-1.49588720751203	-1.49588720751203	-1.49588720751203	-0.0612206412186083	2.2237612184983	1.19198516269581	-1.49588720751203	0.168277792210431	1.26396022758764
XLOC_028162	1.088953491743	1.59390431678444	0.975854317099918	-1.34721712657633	-1.16398129357304	-2.85872355254757	1.24658402174484	1.18281587231713	0.637417380931278	-0.88897677889082	-0.283552022099229	-0.18307862693361
XLOC_028163	0.559350746524121	0.298850976792262	0.867205953593791	-0.598639350624746	-1.61717282484843	-0.668962507288946	0.650639275168765	0.252654433508916	0.775056690574411	-0.299377945372648	-0.0959336068209575	-0.123671841206538
XLOC_028168	-0.583104109635354	-0.280538609561213	-0.335468973613684	0.724583591815072	-0.186547222909408	0.395162321656939	-0.163545285603679	-0.373109039807894	-0.0749874332774016	0.453433361396298	0.58161259866823	-0.157491199127906
XLOC_028175	-0.546182062038721	0.0279948579839919	-0.37278447119882	0.261060605727771	0.742784844243523	0.315127718547783	-0.552124442777497	-0.755198273505014	-0.488187733577337	0.475753426394714	0.462962672219502	0.428792857980103
XLOC_028176	0.434825279794828	-0.121687745952657	-0.0802727739899192	0.590206839976452	0.407806102842508	0.434606464702781	-0.532329899570017	-0.518027834316616	-1.16504199589688	-0.0266003209193375	0.600980721528782	-0.0244648381999282
XLOC_028182	-0.135426912498525	-0.430332711724751	-0.0608219053320287	0.0710444912614019	-0.0580097535219783	0.135393769298794	0.319453742654989	0.436157873246203	0.0395576038012653	0.304545546328461	-0.205057119744867	-0.416504623768969
XLOC_028184	-0.372819460822463	0.0989285570993594	0.108231389974388	-0.271627821693819	-0.0660307644580289	-0.20469341911878	-0.0965535686574919	0.809318131665195	0.384808740634283	-0.531502999406724	-0.0559172508958738	0.197858465679954
XLOC_028186	-0.776391257173856	-0.867504993803427	0.670160587795594	-1.3583036460952	0.715844027095317	0.232952301530577	1.08253511347469	0.728691895035052	1.68225564113007	-0.935876094463864	-1.82917073261455	0.654807158089596
XLOC_028187	0.728288200556616	-0.381741333552906	0.010017841602231	0.133500153522887	0.199393756864791	0.431948995113928	-0.0370452386813422	0.274592402039	0.754207951687943	-1.11955020866423	-0.177980045541999	-0.81563247494692
XLOC_028189	-1.05353968462773	-1.05353968462773	-1.05353968462773	-1.05353968462773	-1.05353968462773	3.92007472566785	0.381126881665693	1.77166034417184	-1.05353968462773	-1.05353968462773	-1.05353968462773	2.35545552551645
XLOC_028190	0.0300099318901763	0.204952197730364	0.405559040523258	0.0875467400931544	0.22925169009901	0.086280303419616	-0.570990937241916	-0.383110052056916	-0.4105165732333	0.650613553320556	-0.106686173651384	-0.222909720892617
XLOC_028199	-0.200263581098558	0.246733867646844	0.479559287559443	-0.816638764758464	-0.347338979161496	-0.401820447171514	0.497086713896278	-0.0375916343543965	0.0763759222924394	0.536089886394524	-0.203434468124339	0.171242196879234
XLOC_028224	-0.374830635776549	-0.0788243343977877	-0.186633284826689	0.24728698488048	0.260395756356714	-0.312634262957845	-0.475216818273044	-0.117375612328534	-0.94141510114757	0.967017452832128	0.422486822206838	0.589743033431854
XLOC_028245	-0.134989439023832	-0.222033060070521	-0.0901512790610521	-0.0376791707689854	0.0685077974851609	-0.0235322754543663	0.0311664007422046	-0.00430463029306516	0.00556496944381557	0.052832292558195	0.193550120122628	0.161068274319819
XLOC_028257	-0.0905692215199885	-0.29535433808491	0.344291714892837	-0.677311790923795	-0.0281717184025512	-0.455508637447739	-0.168346651102362	-0.236552803675514	-0.29711987340471	0.583228585745099	0.596022752550468	0.725391981373162
XLOC_028270	-0.0164542239081813	-0.146917604893758	-0.196413804067995	-0.667024524259411	0.0861830310452163	-0.497241982634748	-0.367348207605676	0.0955541395195905	-0.369090420888074	0.791289649086636	0.59434149916393	0.693122449442466
XLOC_028286	0.179080488820855	0.280320471599433	0.0293797430084162	-0.109921301089557	-0.0189980406500716	-0.158941312499136	-0.0117380680970189	0.0183706230789831	0.162148589622152	-0.0868587355356016	-0.109687994708009	-0.173154463550436
XLOC_028290	-1.05898078190993	-1.05898078190993	-1.05898078190993	1.82835169328775	2.81951852336524	-1.05898078190993	0.375685784383496	0.539879307471774	-1.05898078190993	-1.05898078190993	1.84943016486123	-1.05898078190993
XLOC_028308	0.346384060271151	0.119120773177997	-0.13391276992651	-0.811135342610509	0.0676495571721842	-0.266105323038154	-0.10373129172894	0.123543559286932	0.124109337171385	0.476742481450617	-0.107027310280642	0.164362269054489
XLOC_028309	0.984555832693952	0.799954675409523	1.12552667544788	-2.06629888449172	-1.17046250839486	0.296369701713842	0.860113825891873	0.737748316308336	-0.375370327515742	-0.656394294394895	-0.183266451990603	-0.352476560677585
XLOC_028310	1.04413347707883	0.339691532772562	0.608817371199665	-0.0203542497635913	-0.382306231919476	-0.401410688472815	0.323546938401077	0.737251032805101	0.579106616493779	-2.26876358374844	-0.196585912096733	-0.363126302749956
XLOC_028343	-1.5793412631754	-1.5793412631754	0.0457869983197474	-1.5793412631754	-1.5793412631754	-1.5793412631754	2.11245795319159	0.0195188262063017	2.93000328736334	0.410525820465608	0.837124125502923	1.54128930482748
XLOC_028365	-0.205679959789205	-0.25671827416175	-0.420749968421333	-0.473101408006467	0.112520273851184	-0.303674853130182	0.227860621253653	-0.060648495504088	0.151405855170448	1.03821557644434	0.0492153220414027	0.141355310252001
XLOC_028371	1.19526596668732	0.43909986152398	0.585261340269994	-0.629050455093499	-0.840033874849119	-0.946306248095068	0.422955267152495	0.00920414240888778	-0.14657936334731	0.109212186525371	-0.605905238181065	0.406876414998019
XLOC_028372	1.01769753787212	0.905621463101751	0.922541091846497	-1.5149101063715	-1.33167427336821	-1.1878620109994	0.606203047005017	0.436332020661383	0.610050812294172	-0.437929190181463	-0.310106576029071	0.284036184168714
XLOC_028382	-0.0673901429101358	-0.165845036639211	-0.137218307826488	0.198920575954966	0.187741475853045	-0.0302798828829296	-0.484723892321765	-0.872328059851674	-0.18752156564587	0.0176815504267935	0.632155733788261	0.908807552055005
XLOC_028397	-1.24735614133023	1.48346852484439	-1.24735614133023	-1.24735614133023	0.656274630947849	2.09263926098997	-1.24735614133023	-1.24735614133023	-1.24735614133023	1.54841247759179	2.9506980949376	-1.24735614133023
XLOC_028405	0.408221881181793	-0.399097162276725	0.137908534460112	-0.239574352297364	-0.0811490766201031	-0.826090374334338	0.449118799207137	0.00304423471441861	0.319224315310361	0.126067324463321	0.313865945755376	-0.21154006956399
XLOC_028410	-2.09000750918786	-0.860612184161735	-0.721154783152158	0.0491704854924961	-0.558880770479086	-0.0208492553513651	-0.0491017803268861	-0.757659466129306	0.702392536918535	1.81044677148167	1.21256758557133	1.28368836932437
XLOC_028414	-0.895898616235383	-0.646012947784262	-0.404952714032924	0.472155616890172	0.686056989908915	0.458271153113454	-0.494358489740254	-0.307056719195963	-0.213942828023332	0.508583213718437	0.435225874325386	0.401929467055755
XLOC_028421	-1.14865726789535	-0.364489400767047	0.958725653675403	-1.67240104270747	-0.161733285245549	-0.918053535402201	0.429864454770458	0.525016221280953	0.583100650705338	-0.0546622334061464	0.761555988003691	1.06173379698792
XLOC_028437	0.469302314412076	0.0951124671128092	0.437811691444238	0.674625826081338	-0.271212637594581	0.602570197749075	-0.370895980644852	0.072681844153899	0.126378831381166	-0.616325018897172	-0.195426422307318	-1.02462311289068
XLOC_028444	-2.58874231959942	-1.1794984895931	-0.266908870872098	-0.449564324919064	0.116743130203059	-0.915764064553793	0.472440686468354	-1.07565993431382	1.40620783378988	0.230348755055012	1.75370641759059	2.49669118074441
XLOC_028448	0.998297241574191	1.10559251778282	1.2279200098863	-2.70666849584499	-2.23052004761099	-2.54288487531888	1.46728237255683	1.45153892679035	1.45116733336994	-0.603190547726139	0.282284487345601	0.0991810771949675
XLOC_028501	-0.339597969245874	0.160731133936771	0.428603091855965	-0.0865652993654766	-0.118636447839194	-0.703051695194973	0.409587766432145	0.0362057883063596	0.305175727155653	-0.0302183212915637	-0.0313782849374995	-0.030855489812307
XLOC_028523	0.280406916258317	0.00968399481158677	-0.0086277910704462	0.376061477647878	0.771032463052356	0.195582288637745	-1.07608817290755	-0.47734268296194	-0.673340033550968	0.227920968041023	0.167365861871005	0.207344710170989
XLOC_028547	-0.231780219793061	0.646140245006688	0.839762311023044	-1.10916847024155	0.376654748751954	-0.929482265270627	0.00392444278590709	-0.928787031139953	-0.0112129208322269	-0.961305645865876	0.591021027798579	1.71423377777713
XLOC_028550	-0.631356783351752	0.198522762679766	-0.0456151300470591	-0.698967564737242	-0.913774373485111	0.038368463316937	0.77474620803418	0.574253867029781	0.047638474928144	0.0911742646362788	-0.12396282026237	0.688972631258441
XLOC_028551	0.160052441773985	-0.102612223229726	0.0700825118658193	-0.284387933843322	0.0744040270033732	-0.735021971338124	-0.372020551322973	0.431206649366032	0.737752568931621	-0.0519983643743345	-0.168098752640137	0.240641597807786
XLOC_028563	-1.23359171259619	-0.264944362047483	-0.121987208822154	1.0029256403202	0.951017177963355	0.638652350255466	-1.45248370437076	-0.0390063052844569	-0.193492026176473	0.238271622967003	0.838040372452758	-0.363401844661269
XLOC_028584	0.661264790157637	-0.0821849372289174	-0.536916166368638	0.0654371606533504	0.104799443615363	0.774538044142726	-1.01663620956716	-0.885224039632449	-0.597657634881692	-0.240312937687228	1.16692708849447	0.58596539830255
XLOC_028589	1.0150447709975	1.45060662575188	-0.800023819576588	-0.800023819576588	-0.800023819576588	-0.800023819576588	3.07039797971744	-0.800023819576588	-0.800023819576588	-0.800023819576588	0.864141180145874	-0.800023819576588
XLOC_028593	0.376956452360423	0.547548943474411	0.407250592745957	-0.170659976360053	0.596598803056104	-0.109038530258053	-1.09164102081464	-0.66277336053553	-0.946726696552959	0.316907368329272	0.351007548961231	0.384569875593829
XLOC_028600	-0.29017085101263	-0.676923395286911	0.5257948451167	1.12265078366821	-0.849567213576945	1.05188992569229	-0.804701650431901	-0.335406096766031	-0.186266211775703	-0.0677294934648458	0.916271698939505	-0.405842341101736
XLOC_028625	-0.446537977359391	-0.838804249954384	0.244688341459542	0.276483414569147	0.626486096208274	-0.437840214648385	1.42374961791143	0.849008314433783	0.728553019372818	-1.66088922155034	-0.647674032024079	-0.117223108418412
XLOC_028637	0.248271485886119	0.188816089882761	0.581199047888636	-1.27919855778625	-0.691482228022123	-0.984938481013685	0.812107566321866	0.481274203327835	0.806182324628262	-0.0289341531989109	-0.0841612839284656	-0.0491360139860424
XLOC_028638	-0.860009420252924	-0.526221736917815	-0.200045085413922	-0.0334905599018178	0.291039050874073	-0.0525091624236111	-0.0374156097412186	-0.477596801011995	-0.0627074489677266	0.812438869389931	0.320656210339413	0.825861694027619
XLOC_028641	-0.600781540677177	-0.1323769800241	-0.0747068330279532	-0.478706173811718	0.0187038925853731	-0.414356895774326	-0.146992555407636	-0.701544743428035	0.0512295595168499	0.722917042328557	0.700642828833606	1.05597239888656
XLOC_028644	0.520190279949764	-0.0128861062887395	0.129444066013908	-0.940792310314285	-0.487456148801721	-1.17677152663157	0.0604027003857954	0.335719042946851	0.157411850007964	0.873838841771409	0.24711696293903	0.293782348021601
XLOC_028660	0.281127284706687	0.273824821148746	0.370000013888014	1.11063130063378	1.23331789413222	1.22069166896712	-2.96958787859404	-3.2690575400343	-2.13176317883396	1.38703039202042	1.09372321148645	1.40006201047886
XLOC_028673	-0.204999253846791	-0.589290944015623	-0.408697371574569	0.549623478959131	0.353465490581003	0.915567789541467	-0.514667201634258	-0.513664276580402	-0.200117722014986	0.281359882503734	0.411279316332665	-0.0798591882513708
XLOC_028695	-0.0372371328073777	0.702099450679646	0.895187187534081	-0.785061319336762	-0.259486696508666	-0.654437280459195	0.0164505515657272	-0.395843737938177	0.171390227044807	-0.210941077193723	-0.0597626255405563	0.617642452960195
XLOC_028739	0.358002017391815	0.147844420575508	0.313804211413157	0.0666732375037125	-0.0751658782498641	0.177797815791052	-0.337444474834795	-0.112214699218239	-0.227805922174083	0.0195348925927803	-0.164075561070028	-0.16695005972101
XLOC_028767	-0.358698162662396	0.151060867488409	-0.202227088497316	-0.047688850375974	0.69300496365542	-0.152184542790083	-0.662454424809483	-0.699013564162855	-0.37793248141271	0.417374950194723	0.596670862119694	0.642087471252574
XLOC_028778	-0.905705276016698	-0.905705276016698	0.719422985478449	-0.905705276016698	-0.905705276016698	-0.905705276016698	1.23389181711555	-0.905705276016698	-0.905705276016698	-0.905705276016698	2.00270567075446	3.28962173478513
XLOC_028779	0.611284674534722	0.892426422755421	-2.48570470473403	-2.48570470473403	-2.48570470473403	-2.48570470473403	0.764648167610431	0.992646480728502	0.710497167387943	0.310063914187987	2.27087048857211	3.39038150315899
XLOC_028783	0.470364400486757	-0.0529851261594398	-0.143195529157861	0.631193323322249	0.0627520772083505	0.740342064555541	-0.518737909547307	0.0560678530161622	-0.158776996248065	-0.855192907000148	-0.175525104221155	-0.0563061462550767
XLOC_028798	0.293972387408027	0.00218606831758628	-0.22145837660444	0.00963755523003851	0.338887369211144	0.131772063080662	-0.0723783104057221	0.0845224768865096	0.19631661580244	-0.242228166425011	0.152347836427166	-0.673577518928395
XLOC_028803	0.090018323200141	0.0191924226242932	0.151086795161234	-0.0151611315620155	-0.0275341355543937	0.135248486367196	0.141421261839055	0.150979408094255	0.302942789122165	-0.358514654758105	-0.377750291287615	-0.211929273246209
XLOC_028823	-1.14137355327059	-0.0148870757408108	0.155351593993255	-0.458108150281982	0.0915413138782109	-0.530106643917335	0.294137015318167	0.726709595310721	0.642429706145434	-0.286221657854401	0.296655347311845	0.223872509107483
XLOC_028825	-0.0177575701731012	0.133498727045611	0.0825998735558748	-0.638449164082163	-0.365348382374179	-0.171101902129909	0.167397446825118	0.771759733976205	0.388745894809318	-0.0784592359946554	-0.208401869751219	-0.0644835517069051
XLOC_028829	-0.0251309817418712	0.890625093858654	0.529792372430601	-1.84019957231596	-1.84019957231596	-1.84019957231596	-1.84019957231596	2.08611173110374	0.0558014722127891	1.46956045451305	1.43439028410316	0.919647862783712
XLOC_028838	-0.410962594536157	-0.465056589901213	-0.360352595367512	0.378324533874725	0.263350640232376	0.462116754925407	-0.049195694069228	-0.135357835503871	-0.129158193896691	0.234759709221002	0.228894829134859	-0.0173629641136905
XLOC_028922	0.405734641013098	0.753102990828575	0.0419450557192507	-0.107946388223653	-0.0965556397250031	-0.792595715258146	-0.0191327053430017	-0.0977569282512336	0.265706955528741	0.276944115541456	-0.230118136571551	-0.399328245258533
XLOC_028923	-3.48566749823642	-2.210252656361	-5.30073608881051	0.920148740779498	1.1706019782022	0.848322092049179	-0.316254003116583	0.501047146665052	0.561167536594799	2.68579202343044	2.23368842991499	2.39214229888834
XLOC_028924	-3.39081153471564	-5.20588012528973	-5.20588012528973	1.94161388525161	2.46565168428795	1.2233409193932	-0.571011136067606	-1.7275289398272	0.586877446306331	3.54880893641327	3.04537853425455	3.28944045528298
XLOC_028925	-1.38425699881237	-1.77062365426313	-2.16193519236856	0.613300683544692	0.693642251791095	0.348952161553893	0.174089255611319	-0.138237780916212	0.273132601346274	1.18440367757203	0.947925386638547	1.21960760830243
XLOC_028926	-4.61792480912016	-4.61792480912016	-4.61792480912016	1.72170502392497	2.30840239082037	1.70566754608577	0.112599573620373	-2.27933443856422	1.24397881628514	3.06905560823029	2.79320897820159	3.17849092875621
XLOC_028927	-2.6201814917081	-2.6201814917081	-2.6201814917081	2.27685128779075	2.67926721845552	-0.605109733209428	-2.6201814917081	0.205018537091469	0.0676908784997372	3.49576922307176	0.946206818974761	1.41503173615785
XLOC_028928	-3.57871813340091	-3.57871813340091	-3.57871813340091	0.969506750894048	1.90878401818372	0.688223382005866	-0.32836526105645	-0.10036694793838	0.747003045560926	2.47404744668642	1.82102038990173	2.55630157596485
XLOC_028929	0.590200269909682	0.471553000600755	0.0412558255801247	-0.0795938963013629	-0.0909292347535562	0.33061943042312	0.272201796856843	0.421398694308852	0.31752659766043	-1.02867393498726	-0.390896143066382	-0.854662406231242
XLOC_028930	-0.392046484991978	-0.307034054059738	-0.66230310974055	1.05311685549005	0.607058789525539	0.840544622513583	-0.772104224629715	-0.638854001377594	-0.522916213024587	-0.0929717770920453	0.788334807005807	0.0991747903812339
XLOC_028977	0.410889393884617	0.0406745096594143	-0.35852263388923	-0.485481985609599	-0.27314676233043	-0.438948579498904	-0.135348335677685	0.192633925707161	0.0193180885079567	0.411784219176948	0.27242491093098	0.343723249138764
XLOC_028981	-0.253498262459466	-0.226912977617262	-0.165043607877035	0.226006648985143	-0.063314190803176	0.205892375576683	0.268433450658945	0.257951105703869	0.114363384049463	-0.000680744630402685	-0.139989616963213	-0.223207564623548
XLOC_028986	-0.728815403142909	-0.632900336501933	-0.250021133500597	0.146258559961543	-0.503950026678306	0.55981974518283	1.20796736045587	1.25748347098274	0.540760717565739	-0.348713008722339	-0.618705163758949	-0.629184781843699
XLOC_028988	-0.364654375952231	-0.68704941546807	-0.49814836672182	0.255985259767453	-0.317344764101456	0.911525126962411	0.897575818734708	1.15383045336314	0.622761319611959	-0.799062323763401	-0.481094760634207	-0.694323971798481
XLOC_028998	-1.71577630389257	1.37470712855693	1.50745905022743	-1.71577630389257	-1.71577630389257	-1.71577630389257	0.895300319305824	-0.116916214510872	-1.71577630389257	1.59398372293644	0.700689084785749	2.62365842816137
XLOC_029001	0.42271293924245	0.00898253935578897	0.967636887630157	-1.05916777726169	0.177837333342125	-0.916652773263777	0.44284124769496	0.116952203071839	0.770005923168302	-0.454132996405014	0.447781318021786	-0.924796844596931
XLOC_029009	0.31729406593395	0.045104840579512	-0.0751639850393211	-0.19856509477952	-0.140507192787325	-0.0164244565215039	-0.171642041948237	-0.239891277963709	-0.176631190850303	0.284453748147095	0.236297978468516	0.135674606760841
XLOC_029020	0.567563618929272	0.632354821613058	0.71973016993107	-0.362321700921775	-0.333857900286078	-0.736817163660121	0.214864335932135	-0.0737879348406798	0.0753569775482115	-0.0815895261983686	-0.506774643854284	-0.114721054192437
XLOC_029025	0.474181820649997	0.842460296788493	0.437692759519683	-0.57146871568666	-0.789983961760442	-1.53635286835515	0.701403694014292	0.576428033733519	0.486384253129049	0.0329618863762988	-0.575617682713817	-0.0780895156952646
XLOC_029029	0.752181037954993	0.491903712081605	0.914501301735059	-2.34032744049801	-1.1033223298942	-1.04203205177052	1.07583475627326	1.22082764606278	1.47369663068521	-0.62363527923622	-1.00697883216831	0.187350848774352
XLOC_029030	-0.808855533094053	0.4144336042585	0.689090188888452	-0.475491502696906	-0.837443484852791	-0.178180528633093	0.79043689283349	-0.455106757488059	1.10947074754216	0.533096124483559	0.267775352872208	-1.04922510411347
XLOC_029036	-1.44112170172274	1.64936173072677	1.78211365239726	-1.44112170172274	-1.44112170172274	-1.44112170172274	2.98099680393482	-1.44112170172274	-1.44112170172274	-1.44112170172274	1.46728924504842	2.20809047995189
XLOC_029068	1.18293290586352	0.28921122900103	0.25504267877725	0.11722311866519	-0.613116564660802	0.247847157542757	-0.235261783610675	0.953999533644769	-0.623124187852612	-0.848818054503924	0.374079491743457	-1.10001552460996
XLOC_029075	0.209076394798767	-0.560454679247952	-0.286634121162686	1.52804640387598	1.36174677435595	0.675706203898795	-1.17568427268875	-0.455353107873063	-0.358138938517006	0.0736247106264711	0.000462801517978839	-1.01239816958448
XLOC_029093	0.729461126499205	0.238112751532173	0.284129194247901	0.698646813715681	0.0144865649975845	0.498922634261623	-0.264556022702074	-1.16550894029417	-0.552366888108377	0.288726610387565	-0.361718376466961	-0.408335468070154
XLOC_029108	-0.718542120822717	-0.047487283831587	0.00215634126769615	-0.185811500638532	-0.14594855961954	-0.449024173568912	0.424265458967477	0.0999700719659922	0.521400821997397	0.447936613828261	-0.114703782198232	0.165788112652696
XLOC_029137	-0.960412788808881	1.29021765651959	0.664715472686266	-0.960412788808881	-0.960412788808881	-0.960412788808881	-0.960412788808881	-0.960412788808881	-0.960412788808881	2.34934723802013	-0.960412788808881	3.37902194324506
XLOC_029173	-0.469673875414433	0.206557559352266	0.0319515716978778	0.0870618711416444	0.184038450886973	-0.23120218531465	-0.546927386325166	-1.26819378148097	-0.531669553612186	0.941110316602042	0.763801836585072	0.833145175881521
XLOC_029176	1.52541866752294	0.0111654410876807	0.130526940505769	2.30875988005417	0.457210238121792	1.47950232345891	1.78988039654224	-0.640604914859089	-0.343463959712042	-2.23946500424079	-2.23946500424079	-2.23946500424079
XLOC_029242	-0.404919074842201	-0.187289248974254	0.00482310181724799	-0.154372638946741	0.102361904582084	-0.491661869057186	0.0463346621163669	0.17562419168571	0.192445767918286	0.38237478480764	-0.0864276241835267	0.420706043076569
XLOC_029244	-0.992262665075788	1.03301063146444	0.92288610035003	-0.683461574978382	0.246371045014379	0.389336378478915	-0.601355565142779	-0.610900858882009	-0.517911751488679	-0.101927015033024	0.414924471915649	0.50129080337725
XLOC_029252	1.05006953787797	0.369865577941445	-0.0478204515472127	-0.114811504953181	-0.00469701531910705	0.143571515130597	-1.2037818924979	-0.0113812395112953	-1.51715182397145	0.337409696202682	0.494708016007645	0.504019584639816
XLOC_029253	-0.819323216111545	-0.819323216111545	-0.819323216111545	-0.819323216111545	1.87735202625104	-0.819323216111545	-0.819323216111545	-0.819323216111545	-0.819323216111545	1.97644540281047	-0.819323216111545	3.5201115159424
XLOC_029276	-0.881399816193524	-0.481415535361491	-0.248008223635689	-0.54290763211109	0.30117477141449	0.248202322693025	0.788807374862597	1.05637114258537	0.625009203513923	-0.647438243744945	0.143358323150436	-0.361753687173104
XLOC_029282	0.651038216294088	0.0905905957422419	0.974839726025055	-0.241670934368829	-0.000382833767233137	-0.68062217815022	0.000909677983119472	0.199088052879453	0.336751700881731	-0.859922821934753	-0.0476558922325836	-0.422963309352066
XLOC_029286	-1.56454650898957	-1.56454650898957	-1.56454650898957	1.32278596620811	1.13212873337302	1.26002048386473	-1.56454650898957	0.77404386156638	-1.56454650898957	2.12341178586078	-1.56454650898957	2.77488822306438
XLOC_029308	0.330298845869245	-0.300486392857389	-0.125300710377568	0.0326278714565342	-0.0523919400669728	0.129365955059968	0.226654100952815	0.252522179981017	-0.0627626411780309	-0.224686982004857	-0.00428380255797123	-0.201556484276794
XLOC_029330	0.313625418152984	0.179446255272095	0.0427488461407961	-0.62993263872352	-0.485358404226943	-0.123349271782792	-0.24624043487659	-0.17656922818175	-0.2822736147769	0.667589135918657	0.0996860828536796	0.640627854230281
XLOC_029331	0.0266012547506627	0.214330084465992	0.226477116570399	-0.0967514404671128	-0.166264963973388	-0.272023282222882	0.046758570947711	-0.000384475731069145	0.028033714841845	-0.13652670268268	-0.027238826035747	0.156988949536274
XLOC_029343	0.282437056096642	-0.081810685350467	-0.248595590289973	0.252515373266961	0.0467002285456655	0.404146196352645	0.0234931035624033	0.221747593745665	-0.186328906144633	-0.346672483711988	-0.127833403191165	-0.239798482881751
XLOC_029344	0.693489351458228	-0.435690700975114	0.229586269951153	-1.45595464787559	-0.829498891062034	0.740767381982157	1.1086948557975	0.741462616112832	0.983170417114123	0.161784161425733	0.0402141772582492	-1.97802499118724
XLOC_029391	0.457714042372021	0.351246748028269	0.222077097992451	-1.34942962870029	-0.849925078573207	-0.0368477854508393	0.68341215894757	0.281903253369564	0.497030766135151	0.0439639230105842	-0.022342227805515	-0.278803269325763
XLOC_029399	0.0536101195685341	-0.866026311094928	0.959286965544038	0.591715140750525	-3.95650974354443	-0.616514341224238	1.17540469850085	-1.13130971474486	1.11653019447577	1.88817911106569	0.402708892193543	0.382924988509513
XLOC_029438	-0.80127182038016	0.544395704148095	0.607017208083177	-0.46015764164721	-0.13352266006116	-0.2326112484975	0.374970218644045	-0.00578654254987665	0.500900528719247	0.136171419528066	-0.285524732358954	-0.244580433627767
XLOC_029439	-0.0703971834344124	-0.135642201039643	0.198011144009371	-0.0823837602614397	-0.136930985319465	-0.820200734115253	0.705076036333629	0.0880462050314534	0.5287772021127	0.154884332847821	-0.29774256495881	-0.131497491205955
XLOC_029453	-0.26695316057702	-0.49168366911691	-0.0558255791250897	0.442523621579851	0.200355847054138	0.559307428710651	-0.154139079933161	0.176171579936951	0.210347301535411	-0.195388813680528	0.0560370583714658	-0.480752534755762
XLOC_029463	-0.188007451478105	0.428296740023443	0.150067737157327	-1.75874998346281	-2.25224887613733	-0.935863216337362	1.37842695198125	1.10270983921721	1.18874063672303	0.196161733009802	0.00750100842942913	0.682964880874113
XLOC_029465	-1.94222874224413	1.43590238524532	0.42776320250243	1.84416085241	0.754446500118453	0.0728430162545479	-1.94222874224413	-1.94222874224413	-1.94222874224413	2.04509628706738	-0.278063742521667	1.46676646790005
XLOC_029479	0.205150995290709	-0.632882297698061	-0.774996047590053	0.960747674424971	0.674244569154889	0.708616688775881	-0.735977518517412	-0.957857497965244	-1.52188811436714	0.956714611791313	0.618222580364684	0.499904356335469
XLOC_029480	-0.195312660608135	0.221704901038823	0.0631848732929523	-0.226657479110262	0.0831406215428991	0.0368843177409577	-0.508866369879666	-0.703832115296326	-0.633335627621838	1.03140707406787	0.350070826005179	0.481611638827538
XLOC_029489	-0.76967993804621	1.24037905822678	0.563935837571934	-0.692544490723325	-1.19891255814823	-0.301211378335722	1.18170994937288	0.968526762473337	0.863839018005061	-0.333275320251316	-1.21341149047631	-0.309355449668876
XLOC_029505	-0.36665928761577	0.580723296261879	0.204070217164324	-4.37677915072874	0.142530101100093	-4.37677915072874	1.12411995919281	1.00106708641301	0.132565399810004	1.46790970388138	2.07890992155912	2.38832190369062
XLOC_029509	0.00494642408504653	0.235378876008275	0.0107419741208625	-0.447911866696322	-0.841814466154179	0.0188496773800138	0.604579073218392	0.501018403973815	0.229097232063956	0.0133133747133529	-0.281238830489146	-0.0469598722240638
XLOC_029516	0.550766326615517	-0.304067304416378	0.329305674149474	-0.403972160324151	-0.0670152474806605	-0.145589140240372	0.34477141460814	0.0822398729969951	0.735406418327099	0.00560866132042559	-0.955434962758915	-0.172019552797178
XLOC_029521	0.0511761068080299	0.232954853636162	0.271262107669964	-0.108637137642797	-0.273826106483106	-0.364140200018925	-0.077329864837977	-0.523894161793421	0.182497838169033	0.205419292965882	-0.224893747633816	0.629411019160968
XLOC_029528	-0.109542916801283	0.0483068034099912	0.205741745193265	-0.102131010114448	-0.104857402818237	-0.128076509510446	-0.027921783903091	0.418023971178416	0.00193649401895613	0.0774932367272996	-0.192944453393586	-0.0860281739868309
XLOC_029538	0.0145143653347262	-0.312136547562761	-0.193943075126897	0.308992666808502	0.214799362380989	0.269474524300925	0.0186792978750052	0.0595511758433043	0.109652593231487	-0.266918197280956	0.117264002210868	-0.339930168015197
XLOC_029634	-0.550606790435776	0.388044062533337	-0.0806850427694839	-0.0870797465661433	-0.881058774180831	-0.490859916328939	0.749953626129038	0.0270262556804388	0.758785211385596	-0.192076646497209	0.0139936090748298	0.344564151975143
XLOC_029672	-1.20936074791531	0.429979315763976	-0.0584477105905741	-2.90402493413002	-0.0127642712908509	0.132700028789603	0.820233673895315	0.660838358690079	0.315049605244312	-0.343369668978345	0.755395550286788	1.41377080023503
XLOC_029687	-0.00327982006125449	-0.161326057284162	0.0567941161620364	-0.595737389006828	0.11806145918081	-0.613896422844138	-0.123154826416783	-0.341323058242998	0.01911910888054	1.07740547374166	-0.160862931387726	0.728200347278842
XLOC_029713	-0.0375030473045559	-0.00586841559803908	0.320350410469107	-0.11559464077105	-0.326758695327793	-0.540237810704165	0.20129157415559	0.0798728159038209	0.123181629157816	0.0332140054392376	-0.0801917314848808	0.348243906064921
XLOC_029721	-0.0526355364691415	0.115456960219483	0.299656043898002	-0.388209406404307	-0.0129264216450498	-0.261649509774086	0.00290923567425239	0.366166340138545	0.43944151067701	-0.0143095900615009	-0.487789585505622	-0.00611004074757915
XLOC_029723	-1.56909577851672	0.313628089269329	0.543162398875317	-0.302303420108723	0.290554745957516	-0.37483826773542	0.833783905403196	0.216860658255547	0.887513634518708	-1.02652416645579	-0.174105754127712	0.361363954664739
XLOC_029754	0.250008981428495	0.325222885318086	0.394827943207078	0.168647306288896	-0.0693832278488298	-0.0335826806858321	-0.0751014252150188	0.0116305904771448	0.144435487762831	-0.498224076912035	-0.322818387972562	-0.295663395848246
XLOC_029818	0.572737090598543	0.356280696083161	0.49692219079308	-1.57670690873528	0.478163604785619	-3.6469263942843	-1.0358497710859	0.0727220317260264	-0.0755861014284429	1.66181497909168	1.75281212901834	0.943616453437486
XLOC_029825	-0.398461467285288	-0.264114491787622	-0.277825972850708	-0.303179458940256	0.590281553863115	0.565498564843414	-0.353795409546745	-0.779250111258766	-0.935901737955467	0.577584830375023	0.901689678025268	0.677474022518032
XLOC_029826	1.28313904965676	1.3705925875751	1.46527488707945	1.11322116385824	0.919538957975506	1.64874122573806	1.50445716282785	1.60423445600258	1.8271212405744	-4.20893445893527	-4.92166963182767	-3.60571664052499
XLOC_029832	1.21085917879926	0.126516997745388	0.904841317049962	-0.158132271152804	-0.1585880565038	0.419664242769091	0.147501880439267	0.343746468808132	-1.88669647381157	-0.663723000156377	0.271603203298405	-0.557593487284954
XLOC_029833	0.744009702463718	0.238853575129792	-0.721938217928455	0.969678559034102	1.07419616302204	1.14850037088888	-1.07197520865418	-0.825743709074345	-1.19928349409729	0.173736177990354	-0.542683462151658	0.0126495433770444
XLOC_029834	0.599952373851483	0.454775935236019	-0.0542053652872063	-0.289928367697838	0.721002781905005	0.578749656085831	-0.935609832932141	-0.549110861690105	-0.352051765569012	-0.151001730123131	0.0970315530613242	-0.119604376840228
XLOC_029838	-0.685416866242613	-0.451979962648737	-0.0368799339014165	0.141533348376185	0.351185078282148	-0.106870734172413	-0.589979675325845	-0.986230155696197	-0.360766402203598	0.795999182980889	1.00511797373867	0.924288146812928
XLOC_029842	-0.894711980812698	0.123819780732937	0.154133084406284	0.232593726321282	0.435070304149781	-0.0573021180234061	-0.763098962165584	-0.5612990586483	-0.353302236347453	0.767853657624674	0.452338462211885	0.463905340550598
XLOC_029848	-1.25759104257068	-1.25759104257068	-1.25759104257068	-1.25759104257068	0.6460397297074	1.56697595028362	-1.25759104257068	1.08099932798527	-1.25759104257068	0.732276041070331	2.01699881384844	1.502256392529
XLOC_029853	0.153666132587199	-0.264528610945193	-0.089500803244448	0.390514661790641	0.2795215626501	0.610293253935689	-0.140020073531751	0.0652934284298787	-0.0909555102045676	-0.393067642954131	-0.126144802838489	-0.395071595674937
XLOC_029878	-0.000742429651821475	-0.08431503749964	-0.26748699961109	-0.43351733189763	-0.782623397553044	0.108896279826896	0.873661320011531	0.599115393489532	0.709485287990947	-0.198168303326621	-0.639896416626335	0.115591634847274
XLOC_029881	-0.472315141149144	-0.52887663428572	0.320159518662579	-1.80464615083431	0.607470084131637	-0.973011298332285	0.128261462263982	0.754601097011155	0.785339525598112	-0.0611038753312902	0.375812343027957	0.868309069237331
XLOC_029885	0.616398041300332	0.507481060089918	0.973066627170713	0.35539831708648	-0.51077712323988	1.06979985799628	-1.72349926062648	-0.930090788489754	-1.72513274891985	-0.285179686544533	0.825664120155121	0.826871584021658
XLOC_029887	-0.153634168844521	-0.0791072302308002	-0.510822440923942	0.799055122330367	0.890344766683362	0.650904836116222	-0.366379725382359	-0.491162329668712	-0.42647412909144	-0.264518188685465	0.165674516632165	-0.213881028934873
XLOC_029897	-1.30108927675092	-0.42781983519909	-0.334754842748588	0.0106741879585792	0.894709884291773	-0.10808082493812	-0.304607327489971	-0.688453021698348	-0.244311280617588	1.34052645487509	0.525905046077543	0.637300836239646
XLOC_029899	0.416721071197251	-1.39834751937684	-1.39834751937684	-1.39834751937684	-1.39834751937684	-1.39834751937684	-1.39834751937684	3.14510929071213	1.289524850831	1.91141250745217	0.265817480345625	1.36149991572283
XLOC_029928	-1.31499309138278	-1.31499309138278	-1.31499309138278	-1.31499309138278	0.588637680895298	1.50957390147152	0.119673474910645	-1.31499309138278	-1.31499309138278	3.47932067512827	1.95959676503634	0.233156050854603
XLOC_029934	-0.903540560977664	-0.671456743983953	-0.432715266597248	0.221822753752483	0.00121738061192733	-0.364962588808357	0.475080048123453	0.376964907194909	0.584961729495756	0.279929054388339	0.260304357974702	0.172394928825656
XLOC_029940	-1.46041085974643	-1.46041085974643	-1.46041085974643	-1.46041085974643	0.443219912531646	-1.46041085974643	2.23138835662056	2.0179403257161	3.04893369079231	-1.46041085974643	0.203754139976032	0.817228732841928
XLOC_029942	-1.08400252085625	0.441791498381459	-1.08400252085625	1.80332995434143	0.819628251421829	-1.08400252085625	-1.08400252085625	-1.08400252085625	-1.08400252085625	0.90586456278476	-1.08400252085625	3.61740337906425
XLOC_029944	0.0785627913700893	0.189033375647023	0.156119573145219	0.317588237087312	-0.193616032945684	0.616037078678353	-0.131345664226522	0.263830871595141	0.0871954736520255	-0.287067455240636	-0.402116339884922	-0.694221908877396
XLOC_029960	-1.37830101550507	-0.520932116881647	-0.376282733923467	0.128641831905449	-0.193068996367492	-0.725299364420392	0.217117768488658	0.304397477598682	0.663024345036281	0.379659472860784	0.835699301775588	0.665344029432625
XLOC_029961	-2.03874965038945	-1.51788543914022	-0.0332824863459962	0.0419662767863729	-0.174258881270005	0.0932387679806643	-0.151256943964275	0.55707932655852	0.507899789506039	0.374591899287056	1.08838115073543	1.25227619025587
XLOC_029995	2.33363533329971	2.18660525205396	0.938743606282542	-1.43124833846402	-1.43124833846402	-1.43124833846402	1.17982828473438	0.167611750917684	-1.43124833846402	-1.43124833846402	0.232916661258445	0.116900803773364
XLOC_030003	0.935022726843926	0.516900077130436	1.05194107906776	1.45686811056968	0.697001644842912	0.672218655823211	-0.021814126612079	-0.752729047826139	0.513535856837786	-2.21426329014552	-1.54300294925789	-1.31167873727408
XLOC_030015	1.0336063818807	1.49921586723879	1.13131864394493	-2.44829311370409	-1.13901109451402	-0.992358731185405	0.841315894547631	1.10719622986433	1.06620897060576	-1.22680705076397	-0.010254035799802	-0.862137962114859
XLOC_030018	0.17932064447945	-0.44845237680954	-0.347454926156848	0.742362889150831	0.479403044294241	0.76836389792804	-0.516725924549782	-0.264423826236904	-0.646285915768248	-0.0312592366589364	0.124587217594488	-0.0394354872667861
XLOC_030021	-0.887843087148717	0.436615249815297	0.363420516011066	-0.543378815756505	0.192805395394013	-0.791587879373758	0.0611428869603845	-0.113137238030514	0.202498645980871	0.208550795059338	0.176996422128974	0.69391710895956
XLOC_030040	-0.847987890694371	-0.142678122802915	-0.538970563185395	0.0204810425770345	0.648705322556213	0.374612543538934	-0.0811363248425563	-0.806721468514973	-0.0797302552266439	0.459283396378933	0.281548568511354	0.712593751704387
XLOC_030041	0.0831070662756517	0.0121082074009475	-0.174833774558477	0.0499280140840543	0.0296534454995019	0.296493696989385	0.181944193038925	0.0539298000106836	0.0888917848563757	-0.225344075794357	-0.0722155661541617	-0.323662791648534
XLOC_030043	0.615321315038906	0.110312173411568	0.0232812206218105	0.436749552606464	0.562700939060221	0.175325837557161	-0.925030058091004	-0.973586242364053	-0.367037313862719	0.3886486722823	0.22643309683832	-0.273119193098974
XLOC_030066	-1.04673739407739	-0.700245674709679	-0.145847772481445	1.01484871559935	0.152156829715026	0.746945112497962	-0.524054107140152	-0.478826711919726	-0.175708051897923	0.814704904538238	-0.0892889276790596	0.432053077554791
XLOC_030110	0.208018326803752	0.803605886322933	1.11237850817643	-0.485238063893608	-0.271955544401076	-0.282181856247996	0.178289569574829	-0.555721051373947	-0.0744090119941472	-0.589246439401512	-0.395720078203873	0.352179754638215
XLOC_030112	-0.902145980062625	-0.866006127455033	-1.35443315380958	1.14402281202288	0.623207221873669	0.632306537545005	-0.432147419115862	-0.099975651632179	-0.342338100475109	0.738716052568432	0.614151757874825	0.24464205066558
XLOC_030164	-0.646272271929963	-0.501809589818054	-0.491600747848526	-0.0290388095953826	0.0325246015179648	0.0226419472969752	0.358426797564967	-0.156095078543256	0.259208371833475	0.444944285145722	0.296889718082461	0.410180776293606
XLOC_030178	-0.259988801958203	0.564118332559809	0.302844785736417	-0.989058903155663	0.524421939147597	-1.81831645975092	0.257194306123738	-0.562955771122692	1.09185641569531	-0.228542414074642	0.644353013518328	0.474073557280912
XLOC_030179	-0.649857728630092	-0.802806843169101	-0.659325469207912	0.253819820576744	0.0358656784861182	0.0851941887373231	-0.300590899338704	-0.948541269957129	-0.287631713119612	1.31243437960606	0.777192696733367	1.18424715928294
XLOC_030184	-0.255409691966483	-0.890429096838229	-0.405880871261914	0.866118654009517	0.584127248929265	0.822581370667994	-0.348323383979969	0.0408567293129778	-0.883500282297716	0.00673146132873637	0.201282482893126	0.261845379202691
XLOC_030217	0.528111983697824	0.00946758511479828	-0.0281404074298326	-0.185515779745838	-0.101474863170619	0.250638358737215	0.459042911761731	0.343499072424683	0.270534494913428	-0.359564555909377	-0.877259707982371	-0.309339092411636
XLOC_030245	-1.62315448971768	-1.08919226346924	-0.787722763690619	1.55412019274928	0.637945876179313	1.43523723618552	-0.55998125234066	-0.680268972654019	-0.42018100627753	0.417931575108552	0.379638170137022	0.735627697790066
XLOC_030246	-1.32625752202765	-1.46240120014613	-1.65684317014514	0.686155512688202	0.953246906175343	0.613643755207778	0.169635934353404	0.464517079763574	-0.2590799013361	0.812714349094607	0.630566648499721	0.374101607872383
XLOC_030249	0.358452443004553	0.0734284873678881	-0.223711531683049	0.0339939131213454	0.201895461410796	-0.707409091958755	0.292006561098909	-0.26229351013076	0.67828327572089	0.0969018745379699	-0.132586303236511	-0.408961579253277
XLOC_030263	0.167727131856142	-1.3067126973566	-0.0925195396600227	0.646981823100761	1.17588239962325	0.944292797164574	-0.909299650604346	-0.918844944343576	-0.0714749508442702	0.799098054944843	0.106980386454082	-0.542110810334839
XLOC_030266	-0.491123849869886	-0.31213223175823	-0.164569838333257	-0.973369362827183	0.675076703126626	-0.539960473732767	-0.21163291861683	-0.130039067279581	-0.0293977358594528	0.897003553643573	0.568397661179913	0.71174756032708
XLOC_030274	0.0343779369898289	-0.314784878751369	0.338976351693296	0.119705323581166	0.137763191261798	0.42743876558394	0.0608149761273422	0.300093329726025	-0.0279539826380786	-0.634089122216205	-0.126485493744797	-0.315856397612945
XLOC_030307	-0.0665410214142756	-0.242186402244851	-0.317304088244653	0.560752614688768	0.217644378030053	0.430945321458067	-0.0609071012131484	0.0138217899755428	-0.0926305199368418	-0.112878747917595	-0.0719312633325604	-0.258784959848514
XLOC_030319	-0.484867632731699	-0.550072796350207	-0.592476215114624	0.0170436821058066	0.341138742531453	-0.160583501006548	-0.0552321614974627	-0.196860310354054	-0.2652240727097	0.557682323877997	0.597937923687307	0.791514017561736
XLOC_030320	-0.449160775591878	0.0590691147373859	0.380461980653202	-0.138911076890335	-0.46109048868774	-0.421024720481505	-0.259128415899523	-0.471377309285105	-0.0508762874369415	0.630863044850047	0.551389945402221	0.629784988630176
XLOC_030327	0.289874915425482	0.103512679339829	0.37704429272458	0.0507668473026417	0.0933567436463463	-0.425021029621079	0.251287481651639	-0.264880468802416	0.546905555236389	-0.055274414464014	-0.433167225741637	-0.534405376697767
XLOC_030348	-0.130123301174306	0.135895662814761	-0.776960766922235	-0.746331575643879	-4.532721170298	-0.813753842598301	0.527359581503103	0.845125066843739	1.11091764886623	1.38471250507763	2.09106696085591	0.904813230675352
XLOC_030351	0.338057087181976	0.0085152681633307	0.271125652664839	0.442851511125268	-0.0970764698925857	0.0211568389933081	-0.620059457078938	0.0271469731841183	0.053230422090115	-0.0604880283586855	-0.192243870195511	-0.192215927877228
XLOC_030390	0.442166500768261	0.522589490472761	0.255670983598808	0.0096532139118839	-0.0962041326952878	0.0108205438138427	-0.298753133239795	0.104365661192944	0.183252476302377	-0.436079520389186	-0.213141986590076	-0.484340097146541
XLOC_030407	0.203863566270612	0.527486417442506	0.582998553836166	0.542702734587224	0.323728587596248	0.136573050534774	-0.078445407652203	-0.342053944304053	0.0707015092103349	-0.612302875908718	-0.65004144911363	-0.705210742499265
XLOC_030410	-0.316257723514836	0.127723577981898	0.253528233310456	-0.293313626471851	0.343159040308691	-0.315265315116354	0.474947332264059	-0.0596885750490541	0.541630802507408	-0.678582450010274	-0.170745033636218	0.0928637374260761
XLOC_030414	1.14870820814666	1.93287607527496	0.179873209280657	0.624964433334535	2.89036803714443	1.8947403501057	-1.44525505221449	-1.44525505221449	-1.44525505221449	-1.44525505221449	-1.44525505221449	-1.44525505221449
XLOC_030416	-0.294972874324476	-0.160796763943946	-0.246452231408089	-0.121565313801312	-0.214216688660532	0.415940760408603	1.10035424827845	1.16727284290259	1.37753495178969	-1.50469854512333	-0.916901563378977	-0.601498822738662
XLOC_030432	-2.3027765430951	0.0452568580770834	0.894293011025383	0.430379750625772	0.401464118159644	-0.777849731348991	1.67663295990517	1.39434826548988	1.06736572617599	-0.130520104357672	-1.70137974499086	-0.997214565666305
XLOC_030487	-0.101207008682731	0.557304353962305	1.05899954445484	0.0495051591210931	-0.222484115785501	-0.36586052692149	-0.613631935415002	0.138722416256986	-0.232762595694414	0.303068186917431	0.00397469309065901	-0.575628171304173
XLOC_030499	-0.0585894554269153	-0.516926149586189	-0.117608501143232	0.271253754427772	0.0754925467689063	0.314575276924359	-0.408921274890673	-0.55159814700003	-0.559933469694913	0.972264027952013	0.183533522857115	0.396457868811797
XLOC_030513	-0.617161398234473	0.148842743595104	-0.992375100157086	0.8575766665558	0.307524223320116	0.574004965341919	-0.561806840043703	0.159603359236269	-0.40442725716563	-0.00654667321661417	0.352400384964259	0.182364925804035
XLOC_030515	-1.29525809647986	-1.29525809647986	-1.29525809647986	0.77496138906916	1.40141714588272	3.81168635198878	0.139408469813559	1.04333227407608	0.600742948048884	-1.29525809647986	-1.29525809647986	-1.29525809647986
XLOC_030530	-0.911071437383917	0.264650628684131	0.691272688822965	-0.698009691823688	-0.145369768252244	-0.646737200629397	0.789458384777984	0.373627070788294	0.67181772793018	0.240235716511605	-0.807924029208312	0.178049909782402
XLOC_030538	0.787790907292951	0.338812817446907	0.517422611948496	-0.0895053818362044	-0.173513425617291	-0.0257998502466572	-0.190122908623954	-0.113905466095312	-0.391529726722903	0.178772628687361	-0.505073006309142	-0.333349199924255
XLOC_030543	0.194066567504585	-0.0317700239657128	0.0471388563633095	-0.0255396995778145	-0.136081119444706	-0.131600551035564	0.358767772399871	0.140817713408463	0.273125723723542	-0.0504704674274947	-0.344000152552784	-0.294454619395703
XLOC_030557	0.561094225964691	0.388886697042667	0.777574542541453	-0.745235191642904	-0.489964434386144	0.420201478198527	-0.134266878120849	0.380841066716103	-0.403049838082228	-0.848304944867554	0.0536093695592461	0.0386139070769964
XLOC_030561	-0.654132428615139	-0.736041074262361	-0.177548839528251	0.825516577744331	0.552566773245527	0.817560396078148	-0.19344583627022	0.161667885747679	-0.134015992808823	0.172464646548027	-0.0161241223134905	-0.618467985565428
XLOC_030570	0.367271658152634	0.384936241155997	0.374298810140974	0.364561083122351	-1.23225698031127	-0.150022709124577	-1.12134500695523	-0.269687413233251	0.138252452859295	0.495597150053759	0.158181998393646	0.49021271574567
XLOC_030571	-0.25375359958542	0.414811907306644	0.00130397328328336	0.375273366781082	0.937599964675175	0.622761973727589	-0.52541939472847	-0.86913261500084	-0.553268860257477	-0.277803102729581	-0.0562392442025832	0.183865630730599
XLOC_030583	-1.94302778848771	-1.94302778848771	-1.94302778848771	2.14422752194814	1.2624595207117	2.32391372691906	-1.94302778848771	-0.344167699106009	0.744844581720132	-1.94302778848771	1.3315620679314	2.25229922231411
XLOC_030599	0.920445546654318	-0.713880869291014	-0.00877153440423939	0.278994816415814	-0.0594295307106147	0.208068118540054	0.244765229631453	-0.142838937898457	-2.33303730889097	-0.390034928398109	1.39867550097682	0.597043897374935
XLOC_030605	-0.111823264245995	0.259990073860497	-0.150125298637331	-0.0598911652890006	-0.752735520895389	-0.341286845577276	0.547577180066204	-0.320731947536371	0.354340075989807	0.17821238790602	0.0194888072222579	0.376985517136585
XLOC_030607	0.582881253707263	-0.238782933489126	0.153607116225864	-0.0604458763756117	-0.00443005746973935	0.0568602206539346	0.0776376795298264	0.70980695895933	0.142615388900362	-0.946633836198396	0.0290721093141233	-0.502188023757833
XLOC_030636	0.356997529124086	-0.951271484918393	-1.29216365945848	0.346119991654754	0.521728308889593	0.383861017704042	-0.547918169699153	-0.0904218126309599	-0.516191689760275	0.636955809844205	1.17815486176758	-0.0258507025170021
XLOC_030650	-0.00790249219088501	-0.938384060168908	-0.691478084519728	1.03398980362162	0.419954103464721	0.983317695548764	-0.980507465767784	-0.683278060289248	-0.408339417296721	0.137021075847668	0.877661084695803	0.257945817054698
XLOC_030658	-1.36491000704141	-0.395450508063477	0.416216537722664	-0.456942604813076	-0.328308062516648	-0.37908196830785	-0.082752318893963	-0.754607403328738	0.131480769565465	1.05788205906849	0.820239112603358	1.33623439400518
XLOC_030694	0.732842877851546	0.281887069529812	-0.0831227422973289	-0.228281147466559	-0.104729626804081	-0.383251962769739	-0.499878422152333	-0.573379108618562	-0.231556403564849	0.213464798318883	0.60473385857698	0.271270809396228
XLOC_030696	0.617933810063266	0.869930974369148	0.349741289707445	-0.203669106972944	-0.186022531166971	0.252994394135515	-0.650850030676977	-0.717544141986758	-0.709156065858343	-0.587060646906465	0.566771966112489	0.396930089180591
XLOC_030702	-0.320504006181705	0.134123508941897	0.0656819440336154	-0.426597904331294	-0.669621181908323	-0.829859957668342	-0.254487015936252	-0.206268483790341	0.0709033943741133	0.624030847769902	1.00860514984336	0.803993704853367
XLOC_030705	1.19792101791892	-0.604363736066485	0.718851318375965	-3.98249486355593	-0.401607620544987	-3.98249486355593	-0.732141991211476	0.991833152771993	-0.113706552555278	1.78558548792288	2.82014053856173	2.3024781119386
XLOC_030706	1.08035297827644	0.67240992753469	-0.240446502202306	-1.1088744303804	-1.29953166321549	0.270734609828699	-2.56154033928465	-0.276558479567747	1.1890039542671	0.23891122923345	0.0203882763567655	2.01515043915346
XLOC_030709	-0.765158430107578	0.206353766576743	0.375383471436583	-0.165246891745481	-0.0723683924171077	-0.70096269775124	0.240054166027706	-0.666904659553461	0.0945294749740579	0.627390248259401	0.212949806463719	0.613980137836654
XLOC_030715	1.66339252572419	1.01322641237172	1.37261123063348	-0.272008540005105	-0.232646257043092	0.323114611026637	0.151794439310655	0.24252058476283	0.482517188736881	-2.19854171687131	-1.12992481841552	-1.41605566023136
XLOC_030730	0.25793241742103	0.244664164117141	-0.31965865787833	0.306431473317506	0.0148155078287733	0.345273773199967	-0.19173704068155	0.192010027691586	-0.0366848127238057	-0.624090508249861	0.0893752126418956	-0.278331556684348
XLOC_030735	-0.0335749893565374	0.870158171992499	-0.0426982577444965	-0.39266819175411	-1.10178341875768	-0.973891668265972	0.374026321906688	0.308586984526477	0.0703296498803896	-0.488698634291255	0.218136520814575	1.19207751104943
XLOC_030737	-0.187149007015354	-0.881631236444976	-0.408609659481398	0.678118311896713	0.438544646857421	0.723311156576059	-0.581352418275055	0.14172507005916	-0.235426186393974	0.0749921462798646	0.237643824735856	-0.000166648794311719
XLOC_030762	0.982473787811254	1.76914469427879	1.38984022822706	-1.14585452185283	-1.8549697488564	-0.532827365395013	1.24283310235537	0.597847545950745	1.09199382794525	-1.75587637229697	-0.353590754951155	-1.43101442321611
XLOC_030764	0.765729190706589	1.58097895325226	1.25854312484707	-0.839552616220996	-1.97013872584712	0.0533517625923245	2.10969257498011	1.81078914377767	1.41328737870391	-1.86586600821753	-1.90103617862742	-2.41577859994687
XLOC_030783	0.877663396377152	1.20317685333458	0.965498126897749	-1.36487592509168	-1.11287415819223	-1.2615019590111	1.11279949010178	1.15724259542314	1.02012073212496	-1.04261449182645	-0.711157265349297	-0.843477394788608
XLOC_030784	1.08993166699627	0.895181499137768	1.01766663302243	-1.62574704707365	-1.00046782951643	-0.925751344081698	1.38759177663399	1.01815237686565	0.857710375403715	-0.407427975952118	-1.33141482954449	-0.975425301891448
XLOC_030785	1.32588753960307	0.486484768778383	1.15104909742285	-3.95140744588935	-3.95140744588935	-1.93633568739067	2.26267007909011	2.54488995250793	2.3693004804438	-0.263449151038998	-0.676817589470232	0.639135401832441
XLOC_030786	0.766724038324306	1.57961965216986	1.48354040858679	-2.19874128334138	-1.6082719112556	-0.946715881980544	1.36308081156829	1.05938084650988	0.846525874557202	-0.919289783571982	-0.50407441320531	-0.921778358361516
XLOC_030795	-0.389052737442813	0.499204258274211	0.112247120736868	-0.701604212264806	-0.488347605863332	-0.409364285925076	0.209161724162746	0.219457914296459	-0.0119597915532381	0.0393118681434563	0.0812809608043992	0.839664786631129
XLOC_030806	0.0185467791027465	-0.00265431227551449	-0.146528996837657	0.535502769513918	0.634220862297657	0.646714502738841	-0.803312298381938	-0.255313308539601	-0.246636468184053	-0.144614432214345	-0.0894559478239803	-0.146469149396073
XLOC_030820	-0.132393971766362	0.0547358096287862	-0.0909609469452448	-0.49249426848607	-0.323886390496519	-0.554982647481166	0.18507153576928	-0.150224222922668	0.194153378345439	0.483970948249425	0.0962791657341633	0.730731610370944
XLOC_030856	-0.355591839618214	-1.20195077355849	-0.229345864766962	0.333808375767162	-0.755905976524381	1.7763965787519	-1.31298412575472	0.0257699665755653	-0.764708848679122	0.782536915924562	0.564013963047878	1.13796162883482
XLOC_030888	1.44879239145974	2.10728936145954	-0.191335526906664	1.52592783878263	1.5637625274167	-0.546255713154546	-2.56132747165322	-2.56132747165322	-2.56132747165322	-0.571460388012216	0.713262384765891	1.6339995391486
XLOC_030914	-0.294148151394172	-0.579202939839025	-0.564155442071725	0.617635632775813	0.820615009873293	1.03846854428405	-0.887126479457989	-0.107338925102378	-0.537290264474116	0.0106213135011544	0.375558142719708	0.106363559185381
XLOC_030921	-0.0448093525656557	-1.173989404999	-0.508712434072731	1.25258987307498	0.564126403340655	0.214115585374953	-2.12487574431625	-0.544824411438172	-0.395684526447845	0.529840929062548	1.05916151946166	1.17306156352486
XLOC_030950	0.956926741663241	-0.0358117166211578	0.22889167749453	-0.0632029094302071	-0.903578100456112	-0.0144797658569846	-0.152532604015515	0.358844649958058	0.0413857264929414	-0.347300836330507	0.16938152341533	-0.238524386313617
XLOC_030956	0.266343553871804	-0.35353011697966	-0.449154038145675	0.788019251587253	0.251373942543912	0.597447599401809	-1.52226518067484	-1.44456493581113	-0.262316556534521	0.564340133321987	0.83094395338241	0.733362394036657
XLOC_030977	0.581797167255876	0.561566326534693	0.432856216707033	-0.871505795559813	-0.512511397779334	-0.393712152721179	0.669105587966119	0.232113494439878	0.378919537139618	-0.00697773302784643	-0.652749046256878	-0.418902204698164
XLOC_030978	0.745976888008787	0.605765906788388	1.05412655359402	-1.62802335794344	-1.28932295352765	-1.69544562489787	1.22634446822188	0.488675076161845	0.637032271056746	0.272761656274801	0.192167743615648	-0.610058627353152
XLOC_031008	-1.16513802242575	-0.714790305437701	-0.205511814579815	0.61854868134822	0.474995460357993	-0.0320832835319624	-0.166493285507174	0.573329871866308	0.0290309144177474	0.0487284249294611	0.177887273795371	0.361496084767304
XLOC_031039	-0.246127306118169	-0.393157387363925	0.569838390011161	0.886021801616953	0.508298273946931	-0.292043650182194	0.161474005145056	0.963317038446029	0.104259628394789	-1.21524235895988	-0.444622667199032	-0.602015767737716
XLOC_031069	-0.329187072511505	-0.241821747586557	0.0319988104987088	0.184290697647153	0.279748683394805	-0.829883229694647	-0.246153288030141	-0.136720176211668	1.17127341840511	-0.561525528082837	0.422475664321515	0.255503767850068
XLOC_031127	0.112981417285326	0.00145097581981268	0.0868783151520134	0.339466316491221	0.246203288024375	0.248516952104561	-0.36229548661345	-0.215401970818879	-0.164313786829656	0.0975283831412206	-0.27591366093877	-0.115100742817779
XLOC_031146	-1.01481322028681	-1.07137471342339	-1.27166071877281	0.857005746369516	1.23686136184305	1.08911565003628	-0.249994619475733	0.071189449736484	-1.6631364123138	0.275854223775598	0.763488861920609	0.977464390590995
XLOC_031149	-0.524487972112823	-1.19888821142705	0.159988915213768	1.12319401020042	1.36448211080202	1.51168529839918	-1.03901877153209	-1.10094482611506	-0.718031351020693	0.157152837031307	0.214804872383635	0.0500630881773922
XLOC_031153	-0.490358829508239	-0.257653717537695	-0.199894061958105	0.254507752437688	0.364415016877619	0.378996149827127	-0.066152503117614	-0.134290607626882	-0.188494205940776	0.266175938416659	0.0573876351717786	0.015361432958434
XLOC_031162	-0.477538441805569	-0.344541298120345	-0.614373102818782	0.0742440820427994	-0.123252843851403	0.307459866054572	-0.524243171864481	-0.843927352691218	-0.423819231283655	1.21031069414495	0.83730004765322	0.922380752539905
XLOC_031179	0.184076273579795	0.251942813562069	-0.0476342461013495	-0.424177104111768	0.225726748720022	-0.739127673565729	0.315689292226908	0.541944240048219	0.332878102688428	-0.605416129639941	-0.375530914028494	0.33962859662184
XLOC_031182	2.59441005884608	-1.17047361291765	1.19951833182891	-1.17047361291765	-1.17047361291765	-1.17047361291765	0.969123480214603	2.9365720327291	-1.17047361291765	-1.17047361291765	0.493691386804817	-1.17047361291765
XLOC_031186	-0.564317307465783	-0.208484617651136	-0.183701359435755	-0.0423512349451158	0.454294451035214	0.0241298660497655	-0.701664074011042	-0.643572503393999	-0.368656199653175	0.668655483186702	0.792698331162169	0.772969165122149
XLOC_031188	0.331560015533329	0.334307868281886	0.200739529426366	-0.355937349597987	-0.00405405080080357	0.00937961718812552	0.14127747553186	0.350977872154987	0.271049842656462	-0.462018875395977	-0.331667643146123	-0.485614301832134
XLOC_031191	0.72909089697481	0.141060596393576	0.244714195583053	-0.104880365510843	-0.0305363001149885	0.189793326501515	0.127078480836437	0.159328419000522	-0.56206774548489	-0.401790636805286	-0.3904248458936	-0.101366021480306
XLOC_031196	-0.898208381166308	0.36780408738987	0.430346822994818	-0.481012327370837	-0.0381368289537081	-0.749411658119539	0.0347545577722776	-0.275257065309845	0.28096563977485	0.461486996416859	0.0786433828606352	0.788024773710932
XLOC_031197	0.473216661476102	-0.184757424364723	-0.370800111128598	0.578406936386804	0.769800938807217	0.74436706999756	-0.79073353920592	-0.178158631280145	-0.392513393705528	0.111818129434588	-0.589717300008415	-0.170929336408941
XLOC_031198	-0.121643819124851	0.111793084469024	0.257448258721918	0.786323583103481	-1.20778807473402	1.39298046966459	-0.451418390787071	-0.311369048519485	-0.134890703827678	-0.639762899101332	1.36940169227866	-1.05107415214323
XLOC_031216	0.058578156684634	-1.16003626210592	-3.41066670743439	0.37572288721974	1.41793253335477	1.06792171538907	0.281132508932608	-1.07207633687844	-0.722794337226544	1.03585777347347	0.948551928303589	1.1798761402874
XLOC_031230	0.371558816055576	0.303096523134104	0.0677467989354872	0.0338698004320612	-0.213483547295509	-0.752995097131023	0.110907506612795	-0.340685695132994	-0.0991011666350907	0.421985425825553	-0.163002419142011	0.260103054341053
XLOC_031233	0.360800408428131	0.802518275129055	0.290272179308928	0.806467155203769	0.163242529974158	0.734182274658981	-1.77567743554251	-1.15860299986882	-1.12288467719338	-0.463406682428434	0.628316460512608	0.734772511817513
XLOC_031234	-0.0782806211734171	-0.0733376065379723	-0.872644219785291	0.686169086099764	-0.416451738132444	0.375121195522529	-0.734429310765962	-0.77640632323519	-0.725722486988105	0.580632059658869	1.06629049028768	0.969059475049544
XLOC_031239	-1.63885786494765	-0.781488966324224	-0.546521184748411	0.373170592625544	0.223170256201204	1.01474318985618	-0.664495642366689	-0.584415029944898	-0.830433217488881	1.25647138667965	1.31276229495515	0.865894185503021
XLOC_031252	-0.078675957256757	0.579821012743043	-1.22999979465877	0.808236959129128	-0.210296515094555	-0.0699781945457509	0.33332268528784	-0.369147394359394	-1.40092345016188	1.32425851464586	0.547092635169694	-0.233710500898457
XLOC_031263	-1.7311439807408	1.64698714674865	0.638847964005763	-1.7311439807408	-1.7311439807408	-1.7311439807408	0.879932642457601	-1.7311439807408	1.46505789138117	3.06316978577025	-0.0669789810183345	1.02870345435887
XLOC_031270	0.141953859207631	0.159618442210994	0.446277279181131	0.753131753235916	-0.209862781478066	0.407403817609913	0.515708389361076	0.763321213208336	0.681661953532235	-1.35050372741687	-0.679243386529247	-1.62946681212304
XLOC_031273	0.860893476824048	0.548948831751842	0.763072671028771	-0.727662900839069	-1.89334154847077	-1.29325243092248	0.303363767027151	1.09426556397306	0.337629392021728	-0.261509924800682	0.366023494127244	-0.0984303917208491
XLOC_031275	-0.205317700836348	0.766193532743462	0.62231884818132	-1.04645825590319	-0.899911754501261	-0.960351021969814	0.36627393868003	0.193811747808998	0.344399229688324	0.59971243841856	0.266975967191127	-0.0476469695012014
XLOC_031280	-0.363290279875722	0.501490278050181	0.262490588296728	-0.0546765416440778	-0.0325152747880466	-0.378488406943065	-0.174368283907352	0.0460803299478503	0.191497401265961	-0.143036379905924	-0.0482818623946848	0.193098431898155
XLOC_031282	0.439010980657047	0.189905730153014	0.213555323000452	-0.733791083412845	-0.612047679693789	-1.43290796703396	1.11578028167474	0.518450229911458	0.717643813288518	0.0751895063625971	-0.753288449528526	0.262499314621298
XLOC_031286	-1.12494876826101	-1.12494876826101	0.500179493234134	0.945270717288012	-1.12494876826101	3.14199274714576	-1.12494876826101	-1.12494876826101	-1.12494876826101	-1.12494876826101	1.29151662041731	1.99568179974187
XLOC_031331	-0.463776470801716	-1.71697776926896	-1.09097579556591	0.0741551170603278	0.521369371941989	0.410135244961671	0.534868266116858	1.13846861910079	-0.251042329732873	-0.127282019640649	0.457629212434036	0.513428553394432
XLOC_031348	0.48472436862427	2.97668458785798	1.52845180376114	0.739875263599207	-1.33034422194982	-1.33034422194982	0.104322344343605	2.14800696351271	-1.33034422194982	-1.33034422194982	-1.33034422194982	-1.33034422194982
XLOC_031349	-0.0152897418063001	-0.268396853052153	0.072002032903276	-0.515223680393414	-0.144749329668361	-0.128064833992959	0.593655097428644	0.559434967471717	0.455183434259765	0.846184506646236	-0.864509705198167	-0.590225894598286
XLOC_031350	-0.0429153757304386	0.267945645043167	0.552230955012925	-1.12378810890741	-1.61926744460099	-0.855627575474841	1.64254728675853	1.41269285495378	1.52448699386971	-0.791162486406723	-0.760616466184005	-0.206526278333713
XLOC_031355	-0.444286209477085	0.763908084878303	0.17028819914627	-0.557737080650869	-0.222223546970823	-0.226876755195888	-0.0245622207141274	-0.147188973348178	0.274431878467508	0.179346005338735	-0.0175355728281144	0.252436191354263
XLOC_031356	-1.7615589428721	-1.7615589428721	-1.7615589428721	2.02483065178202	0.142071829405974	-1.7615589428721	2.10886285642193	-1.7615589428721	1.43464292924987	1.92639935197825	0.65490644580622	0.516080649716255
XLOC_031367	0.0695479748797272	-0.0559811804944204	0.18453213461629	0.0410776160127941	-0.00477790527418875	0.241199200566403	0.0867594351718299	0.364295396408151	0.0811343191543124	-0.604828120531899	-0.214522419600476	-0.188436450908526
XLOC_031376	0.674751141837596	0.480180476998235	0.10545098789559	0.905078006189846	-0.666310121597522	0.130981238408689	-0.182577826634073	-0.310077301104636	-0.676531375814079	-1.08791397823756	0.258523049252085	0.368445702805822
XLOC_031384	0.0468306668453398	-0.312764266854495	-0.262984791993444	0.339971267676766	0.472078859668564	0.367475174989597	-0.744775653889758	-1.03889062382972	-0.494716964348687	0.821699169157506	0.584213107920229	0.221864054658102
XLOC_031396	0.855344010135342	0.548602575606976	0.615419368398433	-0.150022694690415	-0.0515319636912688	-0.141976054648811	0.303687855438012	0.432126192832616	0.306216348441208	-1.04254113110598	-0.978081753762456	-0.697242752953655
XLOC_031436	-0.20850109770539	0.534382776188151	-0.383339539885607	0.219966133837603	0.452344193707262	0.0573936097567325	0.119742563908885	-0.607725341997457	-0.300585223352633	0.115664649496091	-0.013758559224085	0.0144158352704506
XLOC_031453	0.941407946050377	1.05821624661243	0.333690785973349	0.338633014868289	0.120117768794507	0.566792414427183	-0.124789525867286	-1.1853240110974	-0.780742413075678	-1.46563573132334	0.495185618895154	-0.297552114257592
XLOC_031469	-0.612918613016241	-0.796286579126714	-1.36506099438542	0.154477653272685	0.573047641563381	0.412860673356463	-0.228324732535128	0.143930855514412	-1.24786266574559	1.00763190322516	0.920223873043603	1.03828098483339
XLOC_031507	0.948993396466397	-0.685333019478935	0.680987744583394	0.880249133825945	-0.867271830216807	1.21725279346157	-0.357492840064607	-1.2727134032764	-0.666640650324894	-1.30440353443638	0.407376694015911	1.0189955154448
XLOC_031539	0.216723392555961	0.0358153629913236	-0.063617451083676	-0.387955023458581	-0.396963474366062	-0.421018789377369	0.265023942212247	0.264759615997312	0.172768912225475	0.359684488704223	-0.0316142730579436	-0.0136067033429175
XLOC_031574	0.316658827767737	0.201046847662484	-0.0458843620789615	0.198600609021765	0.371127644094484	0.283566536784363	-0.140052273462666	-0.470916244298089	-0.5568793283264	-0.0174674006804629	-0.036220836402844	-0.103580020081402
XLOC_031576	0.893945073428354	0.953321347472813	0.504583618110089	-0.552507782634479	-0.363413019148935	-0.157392498316248	-0.349914124974067	-0.427370509320104	-0.206166962244374	0.205346905487428	-0.287254397873974	-0.213177649986502
XLOC_031578	0.160679677083204	0.1043602201255	0.39515893708234	-0.283760698534103	-0.28422968704981	-1.00575190745207	0.593354693951119	0.963798466878147	0.452711050408954	-0.437393306780748	-0.259664785734672	-0.399262659977858
XLOC_031598	-0.476389471100401	0.0465004182461453	0.379711771871585	0.000876012698586948	-0.177125768288444	0.0128258778071686	0.48592597862644	0.736922227087194	0.672317855925855	-0.748281614501926	-0.209673122381795	-0.723610165990406
XLOC_031599	-2.01441593773643	0.100004330665457	-0.291463316402703	-0.297858020199362	0.314097885373046	0.286041167551494	0.938268437030467	0.127757663512475	0.960462984147125	-0.0381322126095274	0.106560998152561	-0.191323979484605
XLOC_031601	0.0768721434447457	0.189278045397851	0.0752642370074597	0.143038625645064	0.0453373303285627	0.0920404433221371	0.124118933996618	0.054293268692426	-0.013609314906903	-0.398835100347975	-0.123378493769346	-0.264420118810646
XLOC_031618	0.661717973838956	-1.93224528652219	0.926550739188766	0.137974199026836	1.27324202267723	0.0828264719764884	1.55565119267957	2.33539146301526	0.755627083685653	-1.93224528652219	-1.93224528652219	-1.93224528652219
XLOC_031619	0.818766220244715	1.23021497354397	-0.136287298889235	0.444025716560536	-0.311160459254058	0.37489381314177	-0.200248485898011	0.771782569165752	1.05934897391651	-3.892047702265	0.612128813995183	-0.771417134262125
XLOC_031627	0.331735684241942	0.547032204489283	0.286132427108057	-0.529314738159087	-0.57347235001076	-0.237528755874566	0.0506982016466608	-0.097510728217717	-0.0829444148965885	0.261096368671513	-0.0557756474607238	0.0998517484619823
XLOC_031628	-1.47355704169671	-1.47355704169671	0.896434903049852	3.57062091121016	1.73193026750271	-1.47355704169671	-1.47355704169671	-1.47355704169671	-1.47355704169671	0.5163100419443	0.190607958025754	1.93543816844747
XLOC_031630	1.41012492793041	0.43985875224579	0.582190501528317	-0.461379588195847	-1.96353928528393	0.399771457844771	-0.616817185217545	0.23987558808474	1.31804080228317	-0.557410030732992	-0.958759110790846	0.168043170303954
XLOC_031646	-1.11701134956551	0.58028285360588	0.606666629039178	-0.443258347528563	-0.66087234788842	-0.0826200486155289	0.31847809668179	-0.325238279682923	0.746053525755141	0.274258828092498	-0.290899030896806	0.394159471003261
XLOC_031647	0.359800689461597	0.129863572495383	0.150170233237644	0.229409112005484	-0.0586496606299427	0.215149710185013	-0.404382956021781	0.0724971194867976	0.118911609421964	-0.334733109245144	-0.120701972769108	-0.35733434762791
XLOC_031648	0.490555440052574	0.460483236580009	0.446071980516601	-0.400041083819294	-0.477255884420243	-0.331848783054634	-0.452289322867822	0.164090026853884	-0.0129434259954966	0.283278202003324	-0.0189874937700818	-0.151112892078816
XLOC_031671	0.00943920186014502	-0.0289676347622896	-0.14041595732142	-0.571627164931757	0.55452375324951	0.0789399391715202	-1.56883439108217	-0.897203644118451	-0.151407684646922	1.2025074190961	1.21058211945341	0.302464044032334
XLOC_031672	0.00653490398531797	-0.347528357478646	-0.606726830934718	0.521093934610522	1.20595751152352	1.29523228921543	-0.608761049590946	-1.21060568689045	-0.154311982521749	-0.461381623305627	0.50811857651908	-0.147621685131733
XLOC_031675	0.737845997869657	0.241762991984622	0.113150464206873	-0.8576635911266	-1.36243655391497	-0.749138895605064	0.533173744926597	0.741121197789068	0.401289356667821	0.166094364317788	0.163268697330599	-0.128467774446385
XLOC_031676	-1.10855200872667	-0.399255005041921	-0.408885802809166	-0.375964311751305	0.0664440385042564	-0.395601599442014	0.118787065016605	-0.136641240323563	0.370328821622751	1.25796896654808	0.390217966164617	0.621153110238341
XLOC_031692	0.0606775126895442	-0.762922256982358	0.036032377192492	1.12442281709601	0.268011884608577	0.91000484105628	-0.451747414042726	-0.843250134781774	-0.726952622418763	0.579401924228212	-0.291864290734653	0.0981853620891524
XLOC_031699	0.639299967595788	2.64758996240897	0.449359638516847	-1.1757686229783	-1.1757686229783	-1.1757686229783	1.4353080002201	1.16282174757765	0.720232421550448	-1.1757686229783	-1.1757686229783	-1.1757686229783
XLOC_031710	-0.884335198029431	-0.515450129164005	-0.837572508062809	0.504660708350008	0.585214917108686	0.590767942283387	-0.382240774271184	-1.5672846411428	0.275944168253025	0.889551212115117	0.112805456149509	1.2279388464105
XLOC_031712	-0.157800686351969	0.300543588323148	0.211631602912808	0.100586243776494	0.132197896340312	0.42289170444829	-0.141347305446939	-0.0314293240544465	0.0119376764358403	-0.857705967986876	0.124861536494899	-0.11636696489157
XLOC_031731	-0.130088934777665	-0.328096665622224	0.109514577313574	-0.317402628635364	0.296808199197144	-0.545108222074218	-0.527955542302441	-0.248203273570456	-0.0890170800824199	0.439788355737637	0.387282458631964	0.952478756184471
XLOC_031735	0.392957356614597	0.326299537667753	0.120811797869546	-0.323751481459979	-0.141677594695086	0.14237779815252	-0.100108145165052	0.045703595250016	-0.1103836489439	-0.025612419877362	-0.151816245659671	-0.174800549753391
XLOC_031736	0.392683984510203	-0.0210464153764578	-0.844420782926418	1.51232454580392	1.29142321581878	0.209098656733552	-0.365189399018369	0.0869232483395921	-0.915925600280738	-0.794395400118779	-0.357479181759532	-0.193996871725742
XLOC_031743	-0.684095310571314	0.076011131081831	-0.0804400170221466	-0.174356093457295	-0.0138750041910063	-0.711010325879844	-0.06497427656348	-0.384658457390217	0.0927434560652767	0.985340052343004	0.301039138972118	0.65827570661307
XLOC_031747	0.451117633089744	0.332448743067875	0.199323142581845	0.551239422239224	0.364815993377315	0.722722544238561	-0.416667833444141	-0.115766458065265	-0.713559059009171	-0.983355988366253	0.0515660365404358	-0.443884176250174
XLOC_031749	0.000762756742185289	-0.186992101624447	-0.631947097024051	-0.166913650406211	-0.152895038444528	-0.0936929479054172	0.752413917868893	0.0939382126013069	0.342253202094599	0.272646282053258	0.0177670088267394	-0.247340544782328
XLOC_031753	-0.367535398913164	-0.393373647547602	-0.409547120152766	0.496000040647703	0.21586408149804	0.583271665449837	-0.141996616150099	0.274640474627942	-0.234031501221722	0.094876939408179	0.154529083876557	-0.272698001522901
XLOC_031754	-0.0111925279867506	-0.560792973571338	-0.522929655757443	0.709129872290561	0.300173033437462	0.636379227203648	-0.227788300948291	0.0902202097729159	-0.0546895478254399	0.0374249543943908	-0.137194066707643	-0.258740224302075
XLOC_031777	-0.402964567750686	-0.157310295166321	0.117446066970883	-0.805868030464563	-0.938551718070618	0.276434298640067	1.57481518343307	1.48062898675645	0.963434512311554	-0.335145968231726	-1.03959272352625	-0.733325744901868
XLOC_031778	-0.628857025157101	-0.458583740618085	0.0198554086007459	0.0264182057793398	-0.388049113422472	0.577091806675206	1.92045210065216	1.66492546821541	1.5190384162281	-1.515992772629	-1.24028263589053	-1.49601611843378
XLOC_031779	-0.502197457356022	-0.639419765402406	-0.360728024231803	0.713227853008275	-0.240289073223043	1.14505320136338	1.4972986102412	1.54955339900933	1.38498721694063	-1.45453808213821	-1.35331898524133	-1.73962889297001
XLOC_031788	1.01672271678738	1.58274189381422	1.63825403020788	-0.945570696681893	-2.44773039376997	-2.33628940754937	1.86271635893141	1.8979809030085	0.320857181511122	-0.663402871197699	-0.334765984113208	-1.59151373094838
XLOC_031809	0.521300678966622	-0.122015166566599	0.17036836337689	-0.153811706728583	-0.373925990254957	-0.393541630918351	-0.324357098932813	0.557046594837416	-0.0556235274682111	-0.108738712635974	0.227248096884181	0.0560500994403803
XLOC_031817	-0.323725383020401	0.951689458855014	1.37513626006372	1.26699649577167	-0.235163201316412	-0.123722215095812	-2.13879397359449	-2.13879397359449	-2.13879397359449	1.17096605323452	0.277671415083834	2.05653303720733
XLOC_031824	-0.295241426266196	-0.260424783191139	-0.111195130810572	0.50587152298497	0.699241100209544	0.779447316523996	-0.6487682532237	-0.155837445144687	-0.605509030921638	-0.153566670728669	0.176192940299126	0.0697898602689726
XLOC_031837	-0.163593137541604	-0.428323029274578	0.0415585942503256	-0.00821157735997957	-0.12668466890327	-0.00233778943475826	0.69224867626729	0.528603235092577	0.292370230376841	-0.240637207501527	-0.211627821229728	-0.373365504741596
XLOC_031864	-0.141807657661577	-0.204195417953211	-0.359489780747808	0.402746083628434	0.477588100815312	0.207609651893658	-0.40962657306934	-0.684848489544008	-0.752179813621495	0.773313961128236	0.252052576821286	0.438837358310516
XLOC_031867	-1.10721312465	0.933544957216741	0.359637066411683	-1.25697457489999	-0.0900841712019442	-0.838953727654829	-0.04025444701489	0.151994676916113	0.512182038317818	0.484874347360348	0.344060142120139	0.547186817078806
XLOC_031881	0.442171020932847	-0.641270768526227	0.24049761255004	1.08564229129273	1.51542699710494	0.491169340636739	-1.82199112243723	-0.646057330208237	-0.984166422677158	-0.113593416888045	0.586650753481342	-0.154478955261736
XLOC_031889	0.00815459079992209	-0.0654244303875267	0.242862198585553	0.433743897268442	0.540113084055235	1.08494579679436	-0.275015993377963	0.204222679568876	0.282058524098276	-0.973159780869724	-0.656574145919472	-0.825926420615983
XLOC_031897	1.5962792344132	1.33204480706381	0.984863441741556	-0.312592629722346	-0.21031603573382	0.105394949573164	1.09977570651358	1.33683594111032	0.719335754227224	-2.12129786097221	-2.1061189598013	-2.42420434841317
XLOC_031937	0.102265136386412	-0.372220715532425	0.052609551731142	0.500539743678416	-0.108744859350699	-0.0380331470909816	0.341500254625206	0.371247942465018	0.32615702988882	-0.32875916042146	-0.680882149037824	-0.165679627341627
XLOC_031938	0.66102889266342	0.552227699685128	0.252537560711391	-1.14919046800287	-1.24511602631301	-0.929450893816807	1.07309518383029	1.16924458643877	0.373611839994096	-0.201306657736063	-0.11361167264102	-0.443070044813322
XLOC_031940	-0.726377763782266	0.387138964227432	0.0982612920502461	-0.440703549184586	0.027542755463509	-0.228459280635805	0.376060847270358	-0.0223538625809265	0.400248976044038	-0.379645429507899	0.0359341252316803	0.472352925404227
XLOC_031941	0.487289209341384	-0.0983032007597338	-0.134746420364779	0.747492898535324	0.30031439575205	0.408863495639359	-0.817578260388601	-0.694966561156331	-0.228844970151636	-0.161721532959033	0.0519134196366533	0.140287526875337
XLOC_031950	-1.41384470869711	0.0598435140514209	0.765455741352674	0.315811183427037	1.00594662430075	0.634218053850951	-1.94170897721296	-0.969677922149197	-1.30778701461812	0.656918137629768	1.16912720853771	1.02569815952708
XLOC_031957	0.316010671332566	0.521740207797144	0.70275908512204	-0.36875401492938	-0.230033395968833	-1.24000433266475	-0.0147988767673057	-0.463203776588846	0.0689246635406064	0.0838237423504262	0.0678249731882783	0.555711053588058
XLOC_031960	0.12832925712398	-0.262177173050182	-0.322956530603523	0.660183782224875	0.522746107228366	0.736509938363584	-0.521761214770089	-0.309345986795368	-0.543739543267158	-0.303989125346812	0.302407413758953	-0.086206924866632
XLOC_031968	-1.21523188505101	0.119758248054894	0.229334289458429	-0.444050121820987	-0.0572960881284414	0.02731225873816	0.398644978664516	0.228773952320882	0.57059860960839	-0.0718556973175311	-0.0124199264842986	0.22643138195699
XLOC_031980	0.312766531170351	0.557292697548035	0.259744137158892	0.141486623953162	0.453928737965288	-0.0787427823440705	-0.552429688566148	-0.627166276158212	-0.0624401957209102	0.0635801829510303	-0.206503170835878	-0.261516797121535
XLOC_031990	0.564353708785292	1.30819345242857	1.4224130062865	-0.312985244863582	-0.710503410546169	-0.567538077081633	-0.0616444142111634	-0.382296228474329	-0.373908152345915	-0.251812733394037	-0.289551306598949	-0.344720599984584
XLOC_031991	-0.754407314888557	0.0101414139373812	0.194317862573591	-0.0929618174817222	-0.302247256261495	-0.654486984958029	0.789874122757958	0.255602015074535	0.521788920394172	-0.238466685873574	-0.162393122906671	0.433238847632415
XLOC_032000	-0.197769108867767	-0.158148923277309	-0.100258077942748	0.275940610754013	0.140616235419769	0.177532898855329	0.147569795718953	0.0271500547221688	0.0103953398458891	-0.147613963763279	-0.0580589768466879	-0.117355884618322
XLOC_032018	-0.39661308281092	0.00752480012704027	0.548022748572093	-0.532851011378908	-0.277580254122148	-0.470084515817128	1.11215680905989	0.633309067545958	1.20265453291196	0.538921750494089	-1.37897472801794	-0.986486116563985
XLOC_032025	0.172063725715575	-0.741394166392668	-0.760647573061555	0.801266058896474	0.825849071877077	0.97320485129758	-0.482377652481374	-0.492365776956254	-1.03570784713828	0.605834770806316	-0.0365498675652125	0.170824405002325
XLOC_032027	-0.0520406012330952	-0.022542719595406	-0.11213559573444	0.49511047498488	0.668478509300605	0.661071545282458	-0.396845901193213	0.335227426503575	-0.0188819907592368	-0.466226625172525	-0.419229884629827	-0.671984637753779
XLOC_032046	0.0185434637402198	0.919040530401779	0.938327852143177	-0.684722092121734	-0.374925246981679	0.157325776495727	0.351650126413158	0.567519221202568	0.55333004326735	-0.921319198884087	-0.132787428600473	-1.391983047076
XLOC_032052	-0.0636499463410729	-0.426673277316532	-0.473590586779009	0.719599191381917	0.408057153392996	0.569149079147737	-0.123653283376937	-0.0713967033037903	-0.261878151058696	-0.117496087634683	0.192661580899042	-0.351128969010981
XLOC_032086	0.530485513430243	0.772418262528689	0.379272425409322	0.672810511820569	0.827313226838375	0.449868996501123	-0.732656902532224	-0.763249385041906	-1.04890152471556	-0.222244834859055	-0.200331201765739	-0.664785087613832
XLOC_032096	-0.413598299527666	-0.106339520607269	-0.0777127917945464	0.100700490483055	-0.0370395303415147	-0.349404358049404	0.270616465511967	0.519444746811648	-0.505682425174909	-0.277838950004504	0.691661249820203	0.185192922872937
XLOC_032106	0.724011137360981	0.3406243722876	0.382712770507211	0.469179233727889	0.491172753802533	0.95859415971553	-0.920084561409069	-0.231838749577665	0.185081806045356	-0.567110978194598	-0.656530956300015	-1.17581098796576
XLOC_032108	0.974191356515478	0.302780347483296	0.338236317750345	0.85246489768867	0.230427146437883	0.747708365725728	-0.270332613440735	-0.147274272393251	-0.463339572251714	-1.20164033196653	-0.468715404635378	-0.89450623691379
XLOC_032111	0.68915311551414	0.572546405026314	0.207733505707638	0.71917828316585	0.498134579676865	0.78019721918099	-1.06150511033681	-0.284331073661654	-0.0564511983690599	-0.640005410194696	-0.657757991911827	-0.766892323797747
XLOC_032112	1.39679068710681	1.02890585375657	1.07125117055262	-0.260685306149735	0.0481656923881877	0.582546740114278	-1.01715871810563	0.0414814681959994	-0.639194807671654	-0.974092253459912	-0.49538881835991	-0.782621708367632
XLOC_032149	0.492626031216384	0.597099299998256	0.555215555794831	-0.399323240563648	-0.0666253879622225	-0.340476654050812	-0.161805456984673	-0.327568710783632	-0.140922524715718	-0.0101007845323142	-0.227785124142162	0.0296669967257159
XLOC_032161	-0.061479328636401	0.209342657242806	-0.431669856670207	0.00968274934206903	0.199539637155466	-1.04282063221838	-0.0577209048777814	0.0885945762138416	0.707805834311426	0.314728076493445	-0.179076292062671	0.243073483706389
XLOC_032163	0.398176283737895	0.105906193038465	-0.231460961509971	-0.418519288502246	-0.228662400688849	-0.432274220270655	0.327276203830591	0.00709639520959104	0.183103636152564	-0.409574136491837	0.335163260965032	0.363769034529416
XLOC_032165	-1.01035997215071	0.249640761926925	-0.571119276173359	0.0236981176431863	-1.14198052998851	-0.0468654249680984	0.367599305807855	-0.356649563832923	0.542397400142475	0.392574499751899	0.64894219189156	0.902122489949708
XLOC_032187	-0.0286726112681617	-0.0105936016516379	-0.249799545235954	0.244890532022501	0.427352202049629	-0.125842422087033	-1.45040712045072	-1.2970100522862	-0.605350592996502	1.21467300832408	0.786840854921271	1.09391934865872
XLOC_032189	-0.750580296001231	-0.315018441246848	0.948281347082891	0.840141582790838	-2.56564888657532	-2.56564888657532	3.22882920699904	2.49891381154039	2.72364513834804	-0.575781802934311	-0.901483886852857	-2.56564888657532
XLOC_032190	1.58918625934066	-1.50780311992809	1.71543223419191	1.37952935526959	-1.50780311992809	0.507268638570586	3.02461498156795	0.830787250627855	-1.50780311992809	-1.50780311992809	-1.50780311992809	-1.50780311992809
XLOC_032191	1.44215345588943	0.703733257945027	-0.401963146734439	1.37869906113657	-2.02709140822959	-0.0120196497309086	2.00225399255345	1.45125977723294	1.54424888462627	-2.02709140822959	-2.02709140822959	-2.02709140822959
XLOC_032192	-1.51306157106361	-1.51306157106361	-1.51306157106361	1.37427090413407	0.390569201214467	-1.51306157106361	1.45277797150708	2.89906881011907	2.05827872179225	-1.51306157106361	0.903403817614713	-1.51306157106361
XLOC_032194	0.0172270792835914	0.443468298304189	-0.0614819694181259	-0.0290693262528379	-0.0809777886096796	-0.288965703411113	0.830093257633825	0.660755638157647	0.854081870462199	-0.5385373585373	-0.411197186378087	-1.3953968112343
XLOC_032197	0.564362628530997	0.905349684044486	0.574296585734684	-1.29352569524814	-1.72501692449455	-1.42028849796901	0.78593104835746	1.17058584564604	0.910346933252319	-0.283161108166066	0.087979728438274	-0.276860228126505
XLOC_032199	0.576935897233418	0.252460917474153	0.399663360682674	-0.948500887346616	0.25649813451695	-1.96267481468842	0.689104409882153	0.938855161321573	0.823291272128077	-0.887328375877071	0.105802666087861	-0.244107741414762
XLOC_032201	-0.671071314297058	0.588929419780581	0.234605531678445	-1.79385870221234	-0.802691872134857	-1.34119577508983	1.71894907336071	1.99761379634699	1.42827906835764	-0.0503164267093252	-0.483136941142194	-0.826105857938758
XLOC_032202	-1.2920898014032	-1.70394590462447	-1.27582336624441	-1.12044636339803	-0.545194023073867	-1.19183977288041	1.22361465743259	1.15450418096846	1.68839222774815	0.881430353024901	1.09141631682186	1.08998149562841
XLOC_032208	-1.27911304111436	0.246680978123348	0.346015220380788	-1.27911304111436	-1.27911304111436	-1.27911304111436	0.155553525179064	-1.27911304111436	-1.27911304111436	2.70821198819715	2.73748214082048	1.48073439398531
XLOC_032218	-0.296142735797312	-0.135473099064492	-1.16191080486342	-0.7740391431991	-0.471126738197382	-0.437035483563475	0.262927874782732	-0.436312074480042	0.3014983766863	1.16006420864935	0.800797045269984	1.18675257377686
XLOC_032255	1.62669753574491	2.59534488629362	-0.217419066878963	0.227672157174915	0.0610834439039669	1.49744807394608	-1.84254732837411	-1.84254732837411	-1.84254732837411	0.147319755266898	1.43204252804501	-1.84254732837411
XLOC_032261	0.734629427210937	0.93032399513741	0.904441025358748	-0.78676652997308	-0.51068016794839	-0.798996068085214	-0.836736372407023	-0.886141240220802	-0.280873086715443	0.35772114874017	0.37152434406096	0.801553524841715
XLOC_032264	-0.249232746567039	-0.305780941237531	-0.563009238850428	0.723669142058299	0.613055862562616	0.642023096485685	-0.581982497260043	-0.466289518473533	-0.532855468974182	0.182435143961037	0.417753830847285	0.120213335447833
XLOC_032265	0.358798066711874	-0.0491449840298728	-0.754945830745789	1.92875772944334	-0.839262511867471	1.36809203513306	-2.10668519394424	-0.610716171495895	0.100782693429092	-0.0868870664419399	0.253564404573226	0.437646829234618
XLOC_032273	0.387478534458941	0.364047506045119	0.857400282125233	0.442135362241934	0.0570265507138856	0.289643317298355	0.175063046235953	-0.0526293637289958	0.362281970725319	-2.12071557404173	-0.562529310297015	-0.199202321777004
XLOC_032274	0.585745564686591	0.221699849184563	0.435991945620416	-0.0898214166152673	-0.114015711091981	0.380301828764675	-0.109880419910739	-0.233891913547278	-0.695395260537314	-0.0188012340059514	-0.222912764435766	-0.139020468111947
XLOC_032286	-0.158476802147055	-0.227980187307972	-0.890411040374292	0.982969223479373	0.743395558440081	0.531891846689375	-0.0496075085741294	-0.733606316930477	0.0121309331407549	-0.427455760727786	0.0918712685667407	0.125278785745385
XLOC_032293	1.11928662972661	0.974826698667844	0.832393848493263	-1.14756559630639	-1.55461424931405	-1.11518944405308	0.697644650245623	0.255267624239513	0.396822524077566	-0.141923803007424	-0.312636808265269	-0.00431207450420423
XLOC_032295	0.744768306659051	0.775740689917775	0.723937700984468	-1.29203499439136	-0.995885843850432	-1.39583902064155	0.81418525775929	0.694965764689497	0.83839211721984	-0.356823837822898	-0.380800102143789	-0.170606038379896
XLOC_032296	-1.58852252548177	2.0293310650362	0.0366057360133742	1.81726794388438	-1.58852252548177	-1.58852252548177	-1.58852252548177	-1.58852252548177	-1.58852252548177	1.72123750134724	1.31988842128939	2.60680448532005
XLOC_032299	0.132274554185853	0.0274201351953156	-0.328108130525282	0.632762092416373	0.522366273916534	0.528005560453431	-0.465696004696649	-0.56828368834219	-0.953414100394777	-0.0355924732251491	0.252463922066212	0.255801858950322
XLOC_032313	0.868407821102521	-0.0727319687289345	0.103599076524336	0.00434851746189935	-0.704030752219007	-0.162903179450295	-0.00141360830462567	-0.178667612522291	-0.423219245621298	-0.0117053778894967	0.2422105916488	0.336105737998388
XLOC_032341	0.818765671161476	0.894137108854746	0.84588504454312	-1.40487779546335	-1.45853253908643	-1.04179491744642	0.970762821304646	0.728227915677584	0.704823802408137	-0.462978711880572	-0.360318356369055	-0.234100043703885
XLOC_032342	2.00378569985548	2.22201442964037	1.29805244863085	-2.21587778502736	-2.21587778502736	-2.21587778502736	0.395198838171035	0.972549032734132	0.47199458518048	-0.226010701386355	-0.5517127853049	0.061761807560996
XLOC_032451	0.448344607227508	0.17564693196796	0.324257038530789	0.0130147620239764	0.244971664921189	-0.199011529775287	0.102778039868016	0.195239703845666	0.107687233901558	-0.196098815478082	-0.327222802575601	-0.889606834457694
XLOC_032477	-0.0518661981968354	-0.565617053630329	-0.142933866230298	0.425399285602152	0.710283439076396	0.698145068752895	-0.272149786786057	0.249289228535861	-0.0914924543155937	-0.0200179066086514	-0.128807436849424	-0.810232319350114
XLOC_032482	-0.44656991432781	-0.141092878021546	-0.830364107319092	1.52638122141124	0.526926801692919	1.16322676560693	0.383264618362207	-0.0333672380704071	-0.459816799030637	-0.780338724511452	-0.0875791183019894	-0.820670627490363
XLOC_032504	0.427900132361946	0.907581746566608	0.617155035649715	-1.26804536389238	-0.617090905982803	-1.17870499199586	0.601993757988053	0.159888009214919	0.658346903254172	-0.0129271150550245	-0.304977773744918	0.00888056563557171
XLOC_032506	1.77058078999195	1.49865747978113	1.47431222889494	-1.20408395446905	-0.652263603995717	-0.938968090516397	0.410074411578131	0.641645266678042	0.161470279681495	-0.798178378814095	-1.15092709959049	-1.21231932921994
XLOC_032511	-0.397297655332935	-0.579253886073122	-0.715951295204421	0.753407516588859	0.754860125066858	0.833710705830772	-0.516659602661065	-0.198224221458918	-0.0683565645223476	-0.564598864092887	0.418211280968237	0.280152460890972
XLOC_032545	-0.285211370431624	-0.49047561401776	-0.227250889824173	0.292503524359616	0.219981283189759	0.20018674932246	-0.344064673935558	-0.211936980647924	-0.540807888475001	-0.168516182861536	0.596166006130236	0.959426037191511
XLOC_032546	0.539871519417725	0.472243718006643	0.635170543019082	-0.204420232899569	-0.177533598297007	-0.397491320492223	-0.825061643503709	-0.315069570861471	-0.68810335640389	0.540893377688735	0.212274866937268	0.207225697388422
XLOC_032568	-0.136752869000405	0.620543895817608	0.226816991236203	-0.836156596966563	-0.482207337802616	-0.258360083044668	0.292882602233832	-0.232973063721769	0.493079110664748	-0.723006757465606	0.129327151674354	0.90680695637488
XLOC_032590	-0.127670845611673	-0.693809082978814	-0.758751222270277	0.771770099303231	0.589743797367795	0.901392325546377	-0.337264959527831	0.10354682962693	-0.627863305019175	0.261171147468959	-0.0540506260820095	-0.0282141578235144
XLOC_032591	-0.462884167640838	-0.204948070148255	-0.46015940987809	0.408858948518167	0.553597019998903	0.553888370297432	-0.345724821187853	-0.119036601302253	-0.142533004640788	0.303069988981505	0.134682954044636	-0.218811207042569
XLOC_032597	0.736062490066572	1.1490272166471	1.00346690880567	-1.7995022663204	-1.08020273661663	-1.86529733336636	1.45988064735969	1.35444073066768	1.01365904781623	-1.21796770637504	-0.448717542380417	-0.304849456304082
XLOC_032600	-0.223411310128235	-0.187271457520643	0.08185438090646	-0.291590697449041	0.211489331038126	-1.87252786526396	0.246587250818529	-0.713424451763312	0.336396569459281	0.643084693180882	0.673893051191876	1.09492050553004
XLOC_032604	-1.05697790649514	-1.05697790649514	-1.05697790649514	-1.05697790649514	0.846652865782935	-1.05697790649514	2.63482130987185	1.28161246406081	-1.05697790649514	0.932889177145866	-1.05697790649514	1.70286952860453
XLOC_032608	-0.311724020587693	-0.632980870243111	-0.580557902362494	0.415551574814858	0.337733031178915	0.416716351117171	-0.27524187277675	-0.829224765591819	-0.959165886402381	1.20596268164546	0.713318481713036	0.499613197494809
XLOC_032609	0.268476813106386	-0.544268757404123	-0.397396300494312	0.489419526338808	0.350358876288533	0.498968604547874	-1.15718149954688	-1.13960340442244	-0.237650717937851	0.580135840460962	0.838488013696423	0.450253005366624
XLOC_032613	2.04998858673864	2.64297629598345	2.01202053465755	-0.981152930908924	-0.806056157264134	0.0916450225483727	1.65135105075724	2.2034933951791	1.17593383513107	-4.38694340027508	-4.38694340027508	-1.2663128322722
XLOC_032614	2.26710030482577	1.60480159995775	1.7262133206031	-0.987286619670527	-0.245942689317221	0.154435867532484	1.17225931892541	1.38896148649541	0.976903293547939	-3.08467484646537	-2.65807654142805	-2.31469449500671
XLOC_032623	0.598013319981769	0.848589661655936	0.389555879520146	-0.0693679298560506	-0.107533199278023	0.461314086365532	0.232089648466916	0.187516303048339	0.0698627392451741	-1.10091122561753	-0.95147369624185	-0.557655587290359
XLOC_032645	-0.24517088293338	-0.659272371405615	-0.395026042114945	0.425156203404882	0.345196321772806	1.04352650229673	-0.288059301457713	-0.0395636947310036	-1.61679719470116	-0.0733761651525722	0.465557904395015	1.03782872062696
XLOC_032659	0.89159194852761	0.779521051979148	0.878428167530465	-1.18635338716384	-0.660778764335748	-0.275326686034886	0.918688595188324	0.905578352363369	0.712736068206741	-1.08858811229556	-1.19918051793818	-0.67631671602743
XLOC_032661	-0.887674258654621	-0.430349068580345	-0.181592226331513	-0.25753249575068	0.211700067878836	-0.181402748167155	-0.0668675931568377	-0.485091857430537	0.152056087423233	0.592521042503125	0.718389896356713	0.815843153909783
XLOC_032706	0.0430560612022948	-0.107512078064527	-0.220108541042968	0.186432017389942	0.0792229250663148	0.10855846172343	0.100011604404992	0.113006871135442	-0.124723362884072	-0.167630634777	-0.0017143618449893	-0.00859896230885049
XLOC_032709	2.87657830005528	0.562285483721503	-1.68834496160697	2.09804463304716	0.215285810671108	2.03062236609274	0.45125213152528	-1.68834496160697	0.20765608292178	-1.68834496160697	-1.68834496160697	-1.68834496160697
XLOC_032718	0.669756003377169	0.406742677958156	0.181095758357801	-0.630814131453562	-0.411982108272202	-0.701574989429486	0.470279716835704	0.478796107960293	0.820620765247801	-0.867411238215915	0.237602229155113	-0.653110791520875
XLOC_032724	-1.34649403754733	0.596120323400873	0.892851006888299	-0.62777268149937	0.119054695285675	-0.563743981937069	-0.219150996465621	-0.867071893782772	0.433697829068072	-0.121949804678695	0.540257220682046	1.1642023205859
XLOC_032728	-0.370056342756594	-0.376969115502097	1.56130901357648	-0.0441027870440189	-2.47654543359148	0.282945308328083	2.98182881225286	2.46061693525747	2.59942805829911	-1.07041617904055	-2.7160112061471	-2.83202706363218
XLOC_032731	-0.119760887536211	-0.342608422011519	-0.482955481443204	0.364718400240312	0.4900773921803	0.55910935922115	-0.355909217661562	0.25215095315667	-0.030339690370953	-0.266620386973138	0.0775755919508647	-0.145437610752717
XLOC_032742	-0.338505298355718	-1.03797234807838	-0.519146147727952	0.939930365394831	1.04722989063253	1.52279149771677	-0.976064798450608	-0.642026483075432	-0.14371194578499	0.280096715028867	0.136433332917871	-0.269054780217788
XLOC_032746	0.510108681204984	0.119830375555089	0.592731274183394	-0.863387308955762	-0.302355412557927	0.269914607856789	-0.13713374569461	-0.0143753640705313	-0.20714995997431	0.108647725678371	0.0130326875327578	-0.0898635607582481
XLOC_032757	0.181683362108394	-0.864787835232162	-0.448827739758094	0.813073773716779	0.592959490190405	1.19096783828291	0.158207320353071	-0.758200032020937	-0.684874097039773	-0.327529399845309	0.708277529324742	-0.560950210080025
XLOC_032775	0.0862152161308112	-0.172532827290503	-0.234006633513952	0.248111957501235	0.207695575194528	0.203042366969463	-0.626764419070169	-0.610458358376304	-0.677789682453792	0.323461424265957	0.698971012888888	0.55405436775384
XLOC_032798	-1.09444911730754	0.501532831005643	0.0889000787104646	-0.922805679302365	-0.0293446664989947	-0.678096296719876	0.608703116939354	0.55195617421724	0.88997572261588	0.413290283752701	-0.246013361497489	-0.0836490859150256
XLOC_032808	0.299993656499171	-1.19522721787312	-0.390691308823916	0.26079563431234	-0.318436395956568	0.0203181742011171	-0.524246332543054	-0.470430356831649	-0.328722132618132	0.536868066423588	1.5452587006595	0.564519512550726
XLOC_032835	-0.142030722240724	-0.274169479247356	-0.474253255472592	0.370647597043515	0.183740013889991	0.643518641432742	0.705000373877686	0.781757450151082	0.629485905766703	-1.06608306611663	-0.336473907292509	-1.0211395517919
XLOC_032841	0.108261369801452	-0.196351944431857	-0.396427330118875	0.792530097852456	0.0827402075840347	0.530685553667515	-0.0153086631735846	0.136809842702331	-0.225530462128464	-0.458582534989379	-0.0516531076982112	-0.307173029067428
XLOC_032851	0.0897758977713483	-0.586336595683983	-0.333886191366355	0.529888500289145	0.34895690927898	0.325013931033524	-0.482004472370804	-0.24851390564835	-0.0538490951222652	-0.0741464140600847	0.573701532133265	-0.0886000962544298
XLOC_032869	0.901202591001558	0.849669294985766	-0.0163223129614023	0.354657425338753	0.316765712877797	-0.829359449274019	-0.248803447941302	-0.00119062409404247	-0.729933921549401	0.312976855210263	-0.262096910401629	-0.647565213192344
XLOC_032877	0.0358452453470361	-0.373087698138693	-0.132432491433249	1.07631419346219	1.13644392123175	0.7331303733087	-0.41404625338728	-2.80598026557187	-1.27578232512716	0.542603972744554	0.948151501666755	0.528839825897268
XLOC_032899	0.682791515762432	0.319900297250188	0.322866968228462	0.328423721336065	-0.288785427248289	-0.487346802817076	-0.396145047235534	-0.340009754267353	-0.432363303443682	0.180247301287862	0.343437222255426	-0.233016691108493
XLOC_032900	1.29619709206484	0.415874274110361	0.407930962185817	-0.659831437822312	-0.493445670595907	-1.39197924456214	0.173142216186021	0.25490364885197	0.517510448996401	-0.0214023600988931	0.193283263516477	-0.692183192832637
XLOC_032935	0.946027017856164	3.29406041902835	0.756086688777224	-0.869041572717923	-0.869041572717923	-0.869041572717923	-0.869041572717923	1.95615845608165	-0.869041572717923	-0.869041572717923	-0.869041572717923	-0.869041572717923
XLOC_032936	3.67528106043709	3.01766630936055	3.01531408969884	-1.28936250044725	-1.28936250044725	-1.28936250044725	-1.28936250044725	-1.28936250044725	0.606638544081501	-1.28936250044725	-1.28936250044725	-1.28936250044725
XLOC_032976	-0.363864018163283	-0.733379806219395	-0.949092483914698	0.315152638838573	0.0561488693648808	0.547226189751814	0.136466877881111	-0.158938641183034	0.387944333034276	0.132340508329804	0.412721670881771	0.217273861398181
XLOC_032989	0.459720147371323	0.435937227882546	0.00730455546694841	0.233821384404449	-0.174135804172539	-0.139763684551547	0.0926731029788863	0.0264747712930626	-0.1844977528064	-0.351073579600141	-0.075363442861665	-0.331096925404919
XLOC_033060	0.981122669215594	0.205406890357897	0.175306678580482	-0.500758047288546	0.736247063315269	-0.569889950707312	0.0678608267678591	0.137496550213841	0.236208471906113	-1.14887317126374	0.321376474214802	-0.641504455312263
XLOC_033067	-1.74558829199348	0.427542925928377	0.259878872049972	-0.294352786967272	-0.964078365987061	-0.179456157064586	0.141904414431694	-0.735532025615485	0.342633188582946	1.27337304351763	0.698299277905742	0.775375905211513
XLOC_033107	-0.437837898749313	0.357644696605204	0.171702376821556	-1.95310329267533	0.459012942290614	-0.82161814204904	-0.667950784846058	0.133892248454916	-0.331091217334272	1.27551494690685	0.559302755429627	1.25453136914525
XLOC_033130	-0.00723977431476808	-0.163983972111459	-0.27543229467059	0.214336831794456	0.372762107471717	-0.665059070824869	-0.45237758616725	-1.23162966630584	-0.286424021996091	0.968717260653688	0.767777129847196	0.75855305662381
XLOC_033152	-0.135679269418444	0.297671983038538	-0.061933763650269	0.26725142484188	0.645589825090656	0.132220447527579	-0.969151319054202	-2.02732210132842	-0.476315253118023	0.390557890010705	1.15139459384933	0.785715542210666
XLOC_033156	-4.8314904933844	-3.30569647414669	-1.97269446767344	2.41051149776719	3.27260305841776	2.51037589353007	-3.39682392709098	-4.8314904933844	-2.14361812317656	4.17737989603378	4.07012090044328	4.04082273266439
XLOC_033157	-3.25241944100126	-3.25241944100126	-3.25241944100126	1.2958054432937	2.23508271058337	1.41070207319639	-3.25241944100126	-0.913829070445309	-1.35641839647251	3.19364016910659	3.46356195855642	3.68113287618637
XLOC_033158	-3.07127056941357	-2.57475039732522	-1.52138524469734	2.24743511577448	2.53612761314341	2.37155931647466	-4.2305672634813	-4.06637374039302	-0.713837153593206	2.95427481382019	3.11350036668671	2.95528714300419
XLOC_033159	0.269089646066647	-0.783525754653021	0.0745649399852377	2.09967340640178	1.67933711427104	0.378728355545364	-3.20179346949148	-3.00280019206778	-1.77005026976787	1.66755535284275	1.21748635575047	1.37173451511687
XLOC_033165	-0.678712095672451	-2.15315192488519	-0.431076959650781	0.273427353188785	0.329443172094657	-0.580513843137056	0.3105350542936	0.268558041824371	0.319241878071456	0.443539251537673	0.754330209755566	1.14437986257937
XLOC_033169	-0.232259195948223	0.341070682288909	0.0554447500167594	-0.13792884559308	0.403223929713424	0.331298349447364	-1.07585966039901	-0.713054315899167	-0.53243599641486	0.914944295021809	0.0447443689687299	0.600811638797338
XLOC_033190	0.114599307471003	-0.176447227016117	-0.0901743346331401	1.23423986876472	0.722700585837212	0.382499024417026	-0.883114739562706	-0.473663263141777	-0.140477592452522	-0.193023898913424	-0.231317303884954	-0.26582042688532
XLOC_033210	-0.239060412226861	0.248206129741636	0.991610884709462	-1.54408386537042	-0.824784335666659	0.157070113732066	1.39087070024113	1.44571284670931	1.55505907977962	-1.64011430790757	-0.445697818476393	-1.09478901526531
XLOC_033213	-1.07979152537914	-1.07979152537914	-1.07979152537914	-1.07979152537914	3.04529847369078	0.935280233119536	1.05980556775311	-1.07979152537914	1.6080808448287	0.910075558261866	-1.07979152537914	-1.07979152537914
XLOC_033238	0.88064262790116	0.398704602519926	0.47231964406043	-1.984083519473	-0.35210674284185	0.848702923498416	-0.449297489013117	0.43425016023546	-0.756145388393992	0.324878190080269	0.858223975295152	-0.676088983868856
XLOC_033268	-0.849936217651431	-0.209111038555147	-0.172540543345836	0.781585564809782	0.498067752859374	0.739418272539388	-0.854877779235116	-0.712089862709297	0.207856213641771	0.548529489124675	0.16337170481211	-0.140273556290277
XLOC_033269	-0.974738889868599	-0.974738889868599	-0.974738889868599	-0.974738889868599	0.928891882409477	-0.974738889868599	-0.974738889868599	-0.974738889868599	0.921262154660149	1.01512819377241	3.38447974586938	0.573410252368782
XLOC_033306	-1.39487208638588	-0.785175803743256	0.238919859492654	-0.0710813645233097	-0.643216396773912	-0.0565864914759873	1.10949298384715	0.43760705809793	0.936494465617661	-0.0484337449707049	0.0396794328963557	0.237172087921304
XLOC_033308	-0.259333331534391	-0.0474675570899432	0.131490645571398	0.301652355613662	0.109191977517188	0.344987144806947	0.371580184592728	0.361115285785042	0.423938792019381	-0.535883842132421	-0.634596412555553	-0.566675242594047
XLOC_033311	0.00330726759479294	-0.836095503229894	-0.171531174585423	0.431774499137786	0.122549611728306	0.360381089655405	0.429111450514462	0.474338845734888	0.518769853698434	-0.643112967196926	-0.4060414273239	-0.28345154572793
XLOC_033351	0.57037280072227	0.759559382318878	0.529289323592986	-0.506884387213519	-0.526720323313324	-0.69819071542563	0.451681398830273	0.506647971853567	0.309413615505994	-0.331728815351712	-0.479148819250941	-0.584291432268842
XLOC_033352	0.511622466476549	0.418718630610936	0.311330013559294	-0.288959296930267	-0.630044972467044	-0.206793797638921	0.469187784586524	0.116858936993101	0.115098048572346	0.199005525865504	-0.500851472820383	-0.515171866807643
XLOC_033355	1.61200446986728	0.995120708402218	0.958710689384476	0.468045533019013	-0.10706836429437	0.0240154051707773	-1.25655783915318	-0.289548765676859	-0.802426616516072	-0.0467406303710538	-0.767450963021736	-0.788103626810488
XLOC_033356	0.981462491980811	0.796364375494057	1.06342681291228	0.383732869178516	-0.688330194040989	-1.15730649844239	0.396670016928849	0.231196025332236	0.130045990723334	-0.693815090444823	-0.841626732850547	-0.601820066771332
XLOC_033357	1.58941869848727	1.26973089414818	0.977903654366254	-0.437785820011192	-0.397841479715757	-0.64683566226623	-0.0432501481131045	-0.122919475095183	0.144764835997395	-0.492352390403776	-0.823058114855142	-1.01777499253872
XLOC_033358	-2.62498509699733	-2.62498509699733	-2.62498509699733	1.1614044976568	-2.62498509699733	1.09398223070238	1.4043603037857	2.03884517443343	1.70073608196451	0.684774929831684	1.39161008493751	1.0242270846773
XLOC_033363	-0.322151136198988	-0.0817783047826852	0.0530074723241487	-0.244959899906962	0.0425657443592797	0.664892266784588	0.594663023516012	0.340319183440275	0.157151151645387	-0.816792086879349	-0.558439913643888	0.171522499342182
XLOC_033371	-0.852439967619476	0.0673416585030999	0.717900615461537	-0.667229175908591	0.331562848137004	-1.34264015067122	0.441375307250641	-0.00869575138849754	0.728190756326538	-1.37558445996795	0.631310168277475	1.32890815159944
XLOC_033378	-0.226715899318989	-0.709640258825132	-0.595420704967196	0.686693779210422	0.464946324979655	0.382250049666706	-0.473313418680481	0.32303339707221	-0.434820008012851	0.0100788683836921	0.552492746842041	0.0204151236499213
XLOC_033383	0.731931406296827	0.131374504741956	0.414687884555166	-0.0124673578767833	0.0862024849708884	0.157975126237371	0.428352572384087	0.709576218577668	0.23331399127685	-1.07493517622342	-0.772502255118592	-1.03350939982202
XLOC_033434	0.383109903856017	-0.346757414325382	-0.131116891216064	0.6087787604264	0.82995980067251	0.95659002792655	-0.67171348019314	-0.940404874508474	-0.362494410027183	-0.289031935966361	0.0219551701404308	-0.0588746567853091
XLOC_033443	-0.01171792203015	-0.477209839062949	0.0268208006041846	-1.48889576820949	-0.283896746345923	-0.13618317097529	0.088069325186269	-0.0930164267665017	0.40710317989494	0.718742447526762	0.49394437630668	0.756239743871473
XLOC_033449	-0.483156693517607	0.648916628202637	0.272359621881174	-1.06413705111174	-0.622545106181311	-0.647328095201011	1.30528073957311	0.804574716352661	1.04766277640078	-0.352536553966962	-0.597980204866173	-0.311110777565562
XLOC_033452	-0.0910797413438482	0.941038752015169	1.31475589815216	-0.314810009802688	-1.40452436209423	-1.27663261160252	1.16447530427345	0.673718727032893	0.971840333563385	-0.413241309606464	0.258019031281161	-1.82356001186846
XLOC_033462	-0.621789834615407	-0.381926690285111	-0.0856632016605525	-0.0531300772303291	-0.58777624633186	-0.440909590363455	1.14561509143189	0.135059633915247	0.704405099281244	0.370781212191358	0.0625859499566941	-0.247251346289718
XLOC_033471	-0.477438647502058	0.170474909207292	-0.743484177339943	1.04384159769089	0.708527607077563	0.446443648291281	-0.730578987339828	-0.701235646086237	-0.544563904335594	0.413264083955693	0.250709590165812	0.164039926215127
XLOC_033476	-0.401328946059774	-0.128764357668124	0.228892920355642	0.0132513631573445	0.142804407222568	-0.0420834193705169	0.219740026137714	0.337618047447352	0.274393160096075	-0.296972116265952	-0.381538507910884	0.0339874228585497
XLOC_033478	0.881489900479775	-0.179565172547859	0.214752199576247	1.03046872816783	-0.150970892996735	0.620350466112994	0.418098310526293	0.743097582361248	-0.371323376078965	-1.17683395552664	-1.57818303558449	-0.451380754489695
XLOC_033552	-0.416029842142154	-0.158354183028488	0.0310248592494542	-1.39668010378389	0.206048037690299	0.0411067996208914	0.329333757142118	0.511899481115372	0.413483515458679	0.53973192416697	-0.357869528736193	0.256305283246942
XLOC_033560	-1.8938105213908	-1.8938105213908	-1.8938105213908	2.19344478904505	2.44181256796812	0.930756471463495	-0.459143955097377	-1.8938105213908	-1.8938105213908	0.901958097531214	1.01460042538036	2.44562421066314
XLOC_033562	-1.28564151400962	-1.37675525063919	-0.999125974752869	-0.667631067692788	0.975458851887375	0.879482429424391	-0.582401395101685	-1.03523795211831	0.631476928338904	1.53553995308108	0.851694318084579	1.07314067349813
XLOC_033563	2.26779555176214	2.3296140778083	2.75229726520833	-0.527880631182064	-3.41521310637974	-1.40014134788107	0.614132294403287	0.511098197039958	0.700057499896944	-1.42534602273874	-1.75104810665728	-0.655365671280073
XLOC_033575	-0.164470381817797	-0.181839910439832	-0.112720703614411	0.192419284150258	0.171120288200441	0.188619407542699	0.168112545883362	-0.0210084584444825	-0.0620153473367129	-0.227649888841761	0.058597712600033	-0.00916454788179699
XLOC_033576	-0.167654176913126	1.46949145242845	0.66884293582859	-0.434133567503094	0.42271302779306	-0.602759199342515	-0.494454627591352	-0.246841803744092	-1.23008052864792	-0.0619391429996377	0.370960140855982	0.305855489835657
XLOC_033598	-1.94620760253135	-1.94620760253135	-1.94620760253135	-1.94620760253135	0.75046763983123	0.0688641559673251	1.92421419676268	2.59724920755762	-0.0502065580026041	0.849561016390662	0.470257786146971	1.17442296547153
XLOC_033599	2.5763274655294	1.96440436842088	2.05770420739771	-3.72894733921049	-0.148060096199545	-1.71387558071181	-0.0371481228434987	1.24538067711744	0.139840971790164	-3.72894733921049	0.906941116328924	0.466379671591331
XLOC_033604	0.352810701643991	-0.796526600572924	0.426556207412165	-0.165238938171068	0.47299684321938	0.16922537386734	-0.0770642926141551	-0.921686623596721	-1.89380314082983	0.769436452458854	0.954441746389942	0.708852270793023
XLOC_033609	0.550490932333649	0.324204151589564	0.426287183427737	-0.309994412758087	-0.927672937521727	-0.380921110633847	0.928836962771036	1.06890606548431	0.710809018060438	-0.668790708590492	-0.451690967943819	-1.27046417621876
XLOC_033612	-1.33593578305391	-1.33593578305391	-1.33593578305391	-1.33593578305391	3.74720815362672	-1.33593578305391	0.0987307832395139	-1.33593578305391	-1.33593578305391	2.35202251179644	1.08052960562441	2.07305942709027
XLOC_033618	1.37229407911611	0.956731422697798	1.37941461009783	-0.054954506448742	-2.88446498921217	-0.309507338666792	0.817442885616448	0.0899749797101048	0.598267544977297	-0.157221010789547	-0.428877125752271	-1.37910055134606
XLOC_033626	0.259162839145073	0.161199553500251	1.25395704002703	-0.560696159395397	0.287616285935576	0.120056753948507	-0.288680955394383	0.583897312526362	-0.78319986472852	-0.478046292989656	-0.74970240795238	0.194435895377535
XLOC_033627	-0.112918130391776	0.125219813732181	-0.739685533468757	-0.0316929562121242	0.15862450269401	0.981030321956389	0.0337882084796304	0.508204035847847	-0.126451760050416	-1.21833083955103	0.142939953076132	0.279272383887917
XLOC_033629	-0.137468227856354	-0.26885065709136	0.392126126069402	-0.435050442441186	0.0607580946070634	-0.226714227348258	0.333165545760305	0.0511615908799596	0.471410865119862	-0.259910894465094	0.355164628745322	-0.335792401979659
XLOC_033636	-0.463843427101253	-0.223696008352828	-0.0150176658203094	-0.516531243413742	-0.116320785888601	-1.22829668844496	0.530163441764265	0.312252650502107	0.508288732772558	0.607020726241325	-0.0824628786871768	0.688443146428619
XLOC_033640	0.294852400401372	0.772618836774551	0.752461109580874	-0.346598329837132	-0.685022676963561	0.0736160928173417	-0.258423684280219	-1.53945717970501	0.28138893707119	0.121577526127065	0.351462741738511	0.181524226275013
XLOC_033641	-1.07945659728495	-0.582936425196593	-0.450184503526095	-0.26762938827994	-0.976744615283514	-0.333424455325903	-1.53382276451385	-0.848219828846523	0.998798489913074	1.73963447736948	1.56987106764755	1.76411454332726
XLOC_033642	-0.207850165197979	0.450646804801821	0.969473005152248	-0.43158043365682	-1.01248271911153	-2.20289826981227	0.314448073185096	0.556948303178761	-4.21797002831094	1.62671882629917	2.08754365628885	2.06700294718359
XLOC_033643	0.353159092869133	-0.577032575298564	0.252784337420193	-1.60913432060014	-3.11129401768822	0.0920196585023509	0.185423433497014	0.214766774750605	1.03652043368802	0.0594112704781162	1.5439521284079	1.55942378397359
XLOC_033645	1.21194327479846	0.30135805952739	0.889929141657372	-1.49093193558467	0.0647577434373661	-1.17775507725112	0.0877596807430958	0.332969159766074	0.0546742712306871	0.516331930064752	-0.698668168682997	-0.0923680797064081
XLOC_033656	-0.931213039561612	-0.843847714636664	-1.18806053804761	0.640717251058681	1.18012279477962	0.998181656415228	0.598632808023963	0.935701526064443	0.412000710961697	-1.16355149513294	0.172757832465704	-0.811441792390513
XLOC_033679	0.276066288725911	-0.466457378081212	0.283093440714251	1.04496978425805	0.395099117414683	1.36337665468196	-1.41645311354718	-1.71592277498745	-1.33300929989308	0.697111139944957	0.338941332544704	0.533184808224415
XLOC_033681	-0.629426663026071	0.0499856627180026	-0.126209663175631	0.37915566202502	0.18557474293676	-0.152695422036335	-0.701134878806696	-0.54998741377166	-0.311661393556953	0.686087747567195	0.554490485184964	0.615821133941401
XLOC_033689	0.0472010914824628	0.529668213409009	0.370300359845477	-0.325019294516607	-0.475019630940947	0.0820534294801698	0.562410365891743	0.518938802516232	0.46782053456687	-0.836836686257509	-0.806290666034791	-0.135226519442112
XLOC_033691	0.0940675237557116	0.220996273706314	-0.481881279804806	-0.13904950882984	0.547117768279309	-0.209613051441124	1.03085006324276	0.122438693169434	-0.511009114177535	0.503947147135666	-0.985173225468876	-0.192691289567011
XLOC_033715	-0.93266227567255	0.500534517041937	-0.553697362358897	0.199486832062572	1.47797742067811	0.409398501032367	-1.00574673106929	-0.97789752142595	0.120998563135451	0.0967678190747696	0.0590292458698576	0.605810991631611
XLOC_033719	-0.0297389359516025	0.257418656967426	-0.35569758556226	0.191837670157621	-0.541545007847757	-0.485857466477842	-0.423508512325689	-0.28072059579987	-0.739753134509027	0.512159827356765	0.881584194568552	1.01382088942368
XLOC_033727	-0.314675901668721	-0.237081106081079	-0.0116103351665737	0.941565367036942	1.31990376728572	0.740433712508969	-0.374627169671117	-1.17227381690632	-0.607101114993891	-1.29199443324155	0.668826916976941	0.33863411392068
XLOC_033728	-0.00496376190666492	0.0196461284477438	-0.0918021941113869	-0.410352243159372	0.556392208030919	0.0547831122001714	-1.52022062787214	-1.15908762580559	-0.53362387231299	1.00916389058713	1.08771345676459	0.992351529137585
XLOC_033729	0.350377993307147	-0.0173770822296069	0.221364395157098	0.421540071285617	0.421073449445876	0.846428369831626	-0.204794841484775	0.847155754997454	0.601093229577518	-0.172766499041325	-1.10336591460756	-2.21072892623907
XLOC_033747	1.81321184593771	3.02325127647675	1.57501849237991	-1.28377753333104	-1.28377753333104	-1.28377753333104	-1.28377753333104	2.19457365213149	-1.28377753333104	-1.28377753333104	0.380387466391421	-1.28377753333104
XLOC_033765	-1.14393651345812	-0.0772200209607607	0.164177666098984	-0.459403495501489	0.110444023881062	-0.161629427508441	0.308187955034246	-0.0215344130125086	0.608428623546613	-0.675122814342757	0.462506022805416	0.885102393417746
XLOC_033770	0.282809088529729	-0.514069452572568	-0.420942501479521	0.562347097118672	0.340617807911237	0.0916236253607643	-0.120721349066389	-0.134848827912606	-0.797695406669392	0.114470647435486	0.417486462628327	0.178922808716264
XLOC_033771	0.506539580587306	-1.85532755507158	-0.270656723781521	0.812412443614648	0.796127814321807	1.03747833400182	-0.0160449595870142	-0.469538008662659	-1.08931642685918	-0.0464056500995129	0.583091811936544	0.0116393395993368
XLOC_033792	0.744877261295337	0.551929681053521	0.637087934909489	-0.135455228680053	0.232287319986368	-0.165703654565292	-0.976531237954754	-1.07108144090269	-0.937960736051187	0.484107091433889	0.2696094348496	0.366833574625772
XLOC_033795	0.240405058076842	-0.329935952815934	-0.356733549918464	1.14464864909832	0.783905028679673	0.509353806529782	-0.985431957450078	-0.820421505974271	-0.680620018220646	0.374277251614829	0.122808094650572	-0.00225490427062702
XLOC_033798	0.454253356773088	-0.535891614469118	-0.927977205217569	-0.148521574408999	0.235408018202254	0.766254127833185	0.675805772553877	0.455471831533758	0.111329873742179	0.0465705463078745	0.106006317141107	-1.23870944999164
XLOC_033799	-0.972253001711453	-0.0210396032821318	-0.202382216972453	-0.0239689346948522	-0.620210827947448	-0.474073783227311	1.11431185694872	0.774874085256188	0.403389073304789	0.0291261444121274	0.0809756449223444	-0.0887484370085172
XLOC_033802	0.265424938709235	0.55187843106867	-0.213644760833719	0.129187010141248	-0.789900943695697	-0.896173316941646	1.16021367800747	1.12785800263979	0.805133033033838	-1.22703264791527	-0.898395760830777	-0.0145476633831469
XLOC_033841	1.4529798580033	-0.0612733684319555	0.0580881309861332	2.42123744128108	-0.40827304148235	-0.296832055261749	-2.31190381376043	-2.31190381376043	-2.31190381376043	0.997856213068585	2.32398464177899	0.447943621339245
XLOC_033842	-0.0501616524305346	-0.518849241851754	-0.485477758309699	0.740613233158155	1.03397181465199	0.368809257842403	-0.604656920551523	-0.305502690854567	-0.366069760583763	-0.47165272330745	0.643808069937844	0.0151683722988913
XLOC_033844	0.434548949702762	0.725515029147939	0.599818405343886	-0.828750019722864	0.0353722921752553	-0.764353002220782	0.507853555005825	-0.0708188576100017	0.50523941605152	-0.272094689793198	-0.553985760040058	-0.318345318040294
XLOC_033847	-1.23329626209105	-0.506927055972529	-1.96029369661324	-0.543896046705676	1.24279288806955	-0.611318313660098	-1.07993276901534	-0.4039743379401	0.854925218485373	2.25624086499089	0.537660649213922	1.4480188612383
XLOC_033852	-0.57463033600887	0.122610644981867	-0.249126855864552	-0.0367764691721808	-0.454065752346465	-0.204028166084375	0.617688720552283	-0.186998617360875	-0.178362601241961	0.185935766294972	0.278444007257603	0.679309658992557
XLOC_033860	-0.504420394580865	0.149306188539683	0.0362123622735453	-0.265871680102687	0.0801221351032986	-0.680376153770465	0.578006172056334	-0.0258465193800212	0.540992458202188	-0.741580605474125	-0.0139979767527549	0.847454013885866
XLOC_033861	-1.05848479585312	-0.284682404105395	-1.31873146736928	-0.210842403438392	-0.794808816726209	-0.649793647219783	0.451796563257721	0.904957604053337	0.428037166138951	0.492542657264498	1.1792273446023	0.860782199395367
XLOC_033895	-0.285481002717237	-0.959881242031463	-2.42523641298582	0.49786020981399	1.43713747710366	0.923249735814615	-0.358565458113973	-1.71177430392502	-0.479024381625107	0.743949092030082	1.10784326584792	1.50992302078835
XLOC_033897	-0.183054260811173	-0.532217076552371	-0.366415698878792	0.142235847289653	0.157468855702955	0.397781566764128	-0.406239471873053	-0.422408335020715	-0.351721818654916	1.17373808214881	0.190839025371138	0.199993284514332
XLOC_033902	0.837026870423983	0.350752889998033	0.330068678755078	-0.000481453677124932	-0.0399364172045171	0.0912207480851208	0.013946782293365	0.132206187900172	0.0614216070873415	-0.682951381264198	-0.534175544298892	-0.55909896809835
XLOC_033905	-0.680146169751036	-0.687441205640191	-1.10412085582879	0.637600420624487	0.915112992885048	0.92628386026449	-0.362993247645455	-0.194201620577667	0.0944048663267747	-0.116859220791255	0.591742697402117	-0.0193825172685234
XLOC_033920	0.737222506752595	0.417429968250793	-0.577256492342972	0.872493175337151	-0.661573173464654	0.286637144094828	-0.848273262372828	-0.820424052729493	-0.424801872463134	0.090802271960877	0.095815976799595	0.831927810177237
XLOC_033926	1.35849908479809	0.78963328504709	-0.0791031628901813	-0.112425666555731	-0.0564098476498591	0.456365475196488	-1.75906657778518	-0.751417635878864	-1.12014382654047	0.911718609709933	0.213534137029802	0.14881612551889
XLOC_033928	-0.222132575576008	-0.595883843892129	0.0939892670075206	0.381235100373249	-0.00861547421990316	0.470714477055655	-0.144976649743831	0.676335167493582	0.345652696155206	-0.558816132975438	-0.177424285029438	-0.260077746648465
XLOC_033931	3.1518984704211	3.52078353928652	1.9725359554174	-1.2506993987026	-1.2506993987026	-1.2506993987026	1.3603772244958	-1.2506993987026	-1.2506993987026	-1.2506993987026	-1.2506993987026	-1.2506993987026
XLOC_033932	2.05185815720582	1.69779489574185	2.06258693599715	0.258142605335146	-0.248225462089758	-1.00454571224641	-0.341216225898946	0.0971985983189971	-1.93311166057196	-0.519352678271693	-1.41264731642238	-0.708482137097825
XLOC_033934	-0.841477201976236	-0.841477201976236	-0.841477201976236	-0.841477201976236	1.06215357030184	1.17359455652244	-0.841477201976236	-0.841477201976236	-0.841477201976236	3.78939754872446	-0.841477201976236	0.706671940261145
XLOC_033935	2.90927039908993	2.71554865768294	2.45857475718583	-1.8172273429196	-0.139873875605126	-0.249403401990175	0.432128454143164	0.906002784198734	0.254300339344344	-0.987899677474231	-2.80655242360743	-3.67486867004838
XLOC_033942	0.93067313120005	0.950203735201091	1.29499042156043	-0.399513989122016	-0.664019445529831	-0.0279802742944835	0.341450098297168	0.123708422188538	-0.187209029544468	-0.0934993324520645	-1.18721113301254	-1.08159260449188
XLOC_033946	0.380754766609621	0.112949515164968	0.260978429818065	-0.175008366030862	-0.518349268325105	0.408890821719994	1.03404614840696	1.11109212791707	0.927475474655718	-1.66217577871913	-0.984452021256452	-0.896201849960854
XLOC_033950	-1.75426065891012	-0.343938825080905	-0.460895066256551	-0.277373376480876	0.282736900109969	-0.118711190403729	0.0736255801820587	-0.128176589436297	0.392054154964959	0.81189345032392	0.549415594893532	0.973630026094044
XLOC_033956	0.19007555994828	0.226159224533673	0.187971811249326	-0.529074673373145	-0.502074381008544	-0.661022713895608	0.727705984886651	0.502178357268329	0.52487861492358	-0.59672023914738	-0.0719816844069499	0.00190413902178044
XLOC_033974	-0.514970127558755	-0.452556894080894	-0.383110822315956	0.0273151914728089	-0.132997070546958	0.405947185626304	-0.424957137359505	-0.476769210114287	0.102858606617126	0.253898396799454	0.982792216609724	0.612549664850936
XLOC_034002	0.0483620374725007	0.32025624496514	0.805329867494939	-1.5333322507088	-2.62304660300034	-3.30465008686425	1.93374285855551	1.54638457235607	1.38665273844426	1.17469569566775	0.409918124602904	-0.164313198985671
XLOC_034025	0.46332466575877	0.593958382344359	0.711185011591788	-0.272691233039136	-2.00868339948052	-0.545693777785012	-0.184083536343605	0.32315532707604	0.222287541011971	-0.119102353276873	0.56850636753216	0.247837004610064
XLOC_034028	0.817782833728272	0.698725396864375	0.928665983336954	-2.18855756457722	-0.677889807115293	-0.539809722426536	0.645915242755706	-1.07035023236475	0.559767460445491	0.937517134624708	0.497798143179897	-0.609564868451616
XLOC_034050	0.767140987976646	1.11363270734435	0.167574474394852	0.134949990796749	0.548205254889985	0.560339516797374	-1.44743535092751	-1.58807486469863	-1.72540252329037	-0.178156758686682	1.25614713365703	0.391079431746211
XLOC_034113	0.181228455134017	-0.0229468743929306	-0.196348659626452	-0.356529973866454	-0.302875590762097	-0.394492873124049	-0.04445975475649	0.207622912752258	0.0137307707253775	0.80683233312666	0.0701309020309786	0.0381083527591723
XLOC_034116	0.821105592506463	0.731207317632277	0.582985357122738	-0.328036348174803	0.209963638569537	-0.0623481995791222	0.225725790077695	0.576768827074896	0.199617570621761	-1.61898719315331	-0.622214881929494	-0.71578747076864
XLOC_034139	-0.265071824169229	-0.448439790279702	0.53029743638487	-1.63130507703446	-0.0647066327917383	-1.23997196464685	0.820175483573437	0.410460209014184	-0.0749215683060704	0.571865943739414	0.625987915075722	0.765629869440425
XLOC_034146	-0.948893236984119	0.038335710552909	0.719238408296433	-0.277892266475185	0.0800813722062026	-0.839254527505402	0.329620741281183	-0.0630760472772156	0.323730658179626	0.309858336378632	-0.068461977469422	0.396712828816358
XLOC_034147	-0.08973844259644	-0.377518500836117	-0.473634196560232	0.66791456044823	0.620261683379434	0.595273438430047	-0.518810565597192	0.0129506069404064	-0.427959970915697	0.237928044798666	-0.0244801822986869	-0.222186475192422
XLOC_034160	1.44175808402618	1.12611539044043	0.763249558297549	-0.893773958179001	-0.782703668442826	-0.491743566214419	0.547499400864568	0.685034024326727	0.439957637323682	-1.17655723235858	-0.743386671549326	-0.915448998534981
XLOC_034163	1.52146834355613	1.44964157305872	1.59395534415806	-0.434508889732728	-1.41821059265233	0.0181540373897859	0.707504035852623	-0.496641336130834	0.249498927925451	-1.3319742812894	-1.65767636520795	-0.201210796927528
XLOC_034167	0.453044952738335	0.882737881641007	0.593931783803844	-1.3885339102653	-0.0563364263524573	-0.65119788221112	0.143377004950867	0.605418987098802	0.261966036434289	0.160492920343693	0.205344778440926	-1.21024612662289
XLOC_034171	-0.248588944002372	0.57161222930104	0.426051921459613	0.308774728506561	-0.483259012868985	0.965085665496495	1.02087985501076	0.896097250724405	0.145184039390332	-2.09474942818226	-0.714916753972665	-0.792171550862917
XLOC_034172	-0.943914519582727	-0.238717184054368	-0.496699636550406	0.3637731818677	-0.0213356296603484	-0.535223370949392	0.194261387167113	0.987459617152308	0.811870145088172	0.0926229514489254	-0.265546855951327	0.0514499140243467
XLOC_034179	-1.99754014078166	0.253090304546807	2.30713644936442	-1.99754014078166	-1.99754014078166	0.0175316177170135	3.06254061101944	2.41459024040102	3.93035162164128	-1.99754014078166	-1.99754014078166	-1.99754014078166
XLOC_034182	-0.0836058439617302	-0.61035719017834	-0.132452695757602	-0.71217598602053	-0.0867692564578784	-0.385127890648429	-0.41338041562395	-0.941203759199327	0.42906874678403	0.6389252040263	1.13338739612288	1.16369169091458
XLOC_034277	0.575607813744442	0.419506756445113	0.308554658211523	-0.771327425571906	-0.425174873646466	-0.840459328990672	0.81412994950096	1.17991470146098	0.61272313140201	0.494059888296452	-0.909346608129617	-1.45818866272282
XLOC_034280	-0.666473408849809	-0.312359687581556	-0.621788039310619	1.16418622254579	-0.0106282738989076	0.837896137326752	0.499150716253292	-0.0286726273220852	1.79217348945411	-1.33994965404681	0.0623359632990006	-1.37587083786916
XLOC_034281	0.79614039282346	0.0111997157721362	0.193273405563916	-0.862700446550699	-0.337125823722602	-0.397565091191155	0.860825141547837	0.800658149651166	0.504417396570057	-1.07897191587672	-0.182543962833099	-0.307606961754298
XLOC_034284	0.157893411069779	0.483161235865725	0.731294747680393	-1.42380087711152	0.362888057663707	-2.38562347891135	1.03661077726614	-0.332119730565299	0.955056647489884	0.300140457179604	-0.453615278459512	0.568114030832456
XLOC_034294	0.0566160040076484	-0.248068920498072	-0.690403193848403	0.194426444088712	0.357655192723106	0.972137030887873	-0.735322961155471	-0.796922351911634	-0.449016359023241	0.060841245517639	0.712113664365607	0.565944204846235
XLOC_034316	0.000787790645343733	-0.541457418251211	-0.868044926966612	-0.265691599944624	-0.392680920076555	-0.773238623192534	0.0813266788708704	1.05930745326214	0.788089568322399	0.706343434689509	0.117782495429084	0.0874760672121937
XLOC_034318	4.24474112457936	2.16938368876773	4.4646021351484	-1.20874743872172	-1.20874743872172	-1.20874743872172	-1.20874743872172	-1.20874743872172	-1.20874743872172	-1.20874743872172	-1.20874743872172	-1.20874743872172
XLOC_034319	5.07701173760239	4.36612972006816	3.91794819368305	-1.69523229954248	-1.69523229954248	-1.69523229954248	-1.69523229954248	-1.69523229954248	0.200768744986265	-1.69523229954248	-1.69523229954248	-1.69523229954248
XLOC_034320	3.58907359345328	2.98644402111013	3.19810358188919	-2.35228163229984	-2.35228163229984	-2.35228163229984	-0.91761506600642	-2.35228163229984	0.335590737907999	0.957478394529169	0.0641837563784802	-0.804132490062461
XLOC_034321	-2.44430033125243	-0.256161831459051	-1.40057289611556	1.15319673225046	0.259940330002315	-2.24429716332784	0.375500067395607	0.618701819373836	0.412849425732657	0.936925262924434	1.41005310532873	1.17816547914684
XLOC_034327	-0.159234410759975	0.365432009154529	-0.296998843911791	0.0867887331449202	0.0507289347801043	-0.514037615881966	0.756384273848513	0.350518562646704	-0.245557431997086	-0.411743635412534	-0.282872414530916	0.300591838919493
XLOC_034331	-0.930856468185751	-0.0574757960767629	-0.896263544149392	-0.0363955441716142	0.614161296172687	0.359362720939942	-0.170855489882754	-0.0041101170005744	0.444431046393461	0.326030824708893	0.14748925979324	0.204481811458622
XLOC_034332	0.0449128079110785	-0.70947780844608	-0.181945527186072	-0.128571069184143	-0.952918569148217	0.27031322874311	0.751267262794625	0.357640964137003	0.598692584223926	0.0465684787919498	-0.167819097805198	0.071336745168022
XLOC_034339	-0.833931562304679	-0.702866361192943	-0.119909754017683	0.161924421332309	0.138635288090132	0.500644420534283	0.328500996860257	0.0368949694261325	0.660728357392316	0.25378686118339	-0.557780155639926	0.133372518336412
XLOC_034353	-0.626236674294484	-0.339783181935049	0.519209679248072	1.05359403185914	0.194592949639764	0.941140832759769	0.0737549026144526	-0.360072832726194	-1.93786424476868	-0.610358371018389	0.239469111283907	0.852553797337692
XLOC_034382	0.162967144044443	-0.628106042242539	-0.879466166157202	0.616533814481413	0.381103306862856	0.284395076691125	-0.456764511533254	0.147083931181073	0.0265516981393645	-0.125989896762491	0.343872863122094	0.12781878217312
XLOC_034384	-0.180971203308001	-0.321217825668667	-0.633040316475325	0.381300305975326	0.383138033132381	0.53292674334304	-0.486244760274511	-0.69339867394504	-0.480154345677347	0.533611318691687	0.47920689459213	0.484843829614331
XLOC_034391	-0.0796022175114883	0.0101024982042635	-0.679168731093283	-0.0823127925417717	0.542966425015447	0.185847740890793	-0.957320829622132	-0.847887717803659	-1.14474749270965	1.45450412526426	0.469621870979489	1.12799712092773
XLOC_034425	0.12188590629131	-0.127888377049067	-0.0449036996662455	-0.389378754267018	-1.35165815692483	-1.20552111220469	-0.118066344460355	0.550448827104134	0.0419033745750754	0.649011240354391	0.769125625999441	1.10504147024785
XLOC_034465	0.69948437389526	0.445003334602523	0.781481653485273	-0.96375043075998	-0.964200760226603	-0.636702335387878	-0.0994756261222118	0.0780223875562234	0.420300126213936	-0.668949098884822	0.648322529944482	0.2604638456838
XLOC_034518	0.827739619892385	0.919483985527295	1.09213537923741	-0.812618786188264	-0.784361665280039	-0.755043056867751	0.196621923841335	0.235487972687023	0.165951107375685	-0.317574731376747	-0.2182010401762	-0.54962070867213
XLOC_034529	0.307843876514131	-0.111911914101005	-0.19737358903437	0.709173874131151	0.714092912104642	0.926746754585317	-1.47301639380019	-1.36920108494336	-1.29463396384567	0.545371024813201	0.745966600627367	0.496941902948787
XLOC_034569	0.275686758348026	-0.497953101638767	0.35558743052067	0.731988522667214	-0.0672569177124194	0.622600081123358	-0.28127053529476	-1.36470954462646	-1.05756942598164	0.251637255203865	0.58762406472402	0.443635412666888
XLOC_034579	1.54968480674956	1.78954795107986	1.70937673667402	-3.90380375655152	-1.20712851418893	-0.563808354231323	0.268681226475437	1.24568878061821	1.16923618146868	-1.91393667291051	-0.0948199481032392	-0.0487184370802507
XLOC_034595	0.608598676490292	-0.404883424079844	-0.459813788132315	0.600238777296441	0.95685807759546	0.7473809892458	-1.09988720278928	-1.00473543627878	-0.763027635277492	-0.478058419305183	0.95174799457739	0.34558139065751
XLOC_034597	-0.956686661131099	0.348117817741103	0.599648109884384	-0.848101543769849	-0.000240501392287484	-0.619942144210956	0.581198170075391	-0.946876963056271	0.243408784581136	0.49662370046674	-0.0159071881190691	1.11875841893078
XLOC_034598	-0.317870138088826	-0.490599780880391	-0.996094242268867	0.890172933902321	0.490150547588643	0.542020280013567	-1.07760347933308	-0.8268775840607	-0.240723887902889	0.820666072595509	0.92373009829125	0.283029180143464
XLOC_034599	-0.916340978448422	0.0555790789979929	-0.173554385087719	0.0203862079632788	-0.295288583247774	0.173366834299533	0.0318489207301234	-0.72531838479103	-0.30562166160353	0.764912329052634	0.502366555762954	0.867664066371963
XLOC_034632	-0.0990099431580092	-1.06907255633744	-0.644242289073871	0.544923010311942	0.254067747088896	0.602918359096594	-0.46073730939864	0.198902659569357	0.0115907960267121	0.333289851881403	0.348439690601151	-0.0210700166080935
XLOC_034635	-1.07416809542017	-0.349356817128812	-0.318897014229025	0.250858809209726	-0.407917086273851	-1.08179081884411	0.892890447872141	0.387784062445728	0.925166325244172	0.0135503280678986	0.246668468921495	0.515211390134816
XLOC_034636	-1.72512375805828	-1.03126663043103	-1.43860821880153	-0.297335842678452	0.925370950270095	0.954689558682382	1.29051533617643	0.892209428331597	1.12633930415584	-0.747844141269443	-0.126577653117357	0.177631666739756
XLOC_034658	0.25799041773922	0.129963411314833	0.103701254745475	0.000480114707585244	-0.136525667813789	0.224659165201819	0.149874727024873	0.240217978243185	0.412398831088653	-0.37015816689331	-0.270918983096035	-0.741683082262521
XLOC_034689	-0.970719367881812	-0.549953877439218	-0.158687352647638	-0.728077869185063	0.299609128635089	-0.0596291599667156	0.132707610619072	0.157696200727645	0.106866559794195	0.870975480760933	0.270963685812207	0.628248960771311
XLOC_034693	-0.940343634340877	0.892100528230246	0.780652205671116	0.0937144554530231	-1.07196419217868	-0.287341983256201	-1.08004169815981	-0.53833311627116	-0.624742318492008	-0.503939016545983	1.04750206963642	2.23273670025391
XLOC_034732	1.37325180833823	0.410942432210091	0.0254203654157923	0.390567274176445	0.0414612085210306	0.756051660686415	-0.916716232974094	-1.0674896062578	-1.59093616014615	-0.156263281567426	0.819442663945093	-0.0857321323476237
XLOC_034754	0.737510422988737	-0.0759466807461715	0.0390750438231251	0.583327006546916	0.931290621291321	0.766349383221914	-1.33111685364072	-0.376453245177101	-1.51163461950449	0.123495210664688	0.0622630926541419	0.0518406178776312
XLOC_034755	-0.26466751433869	0.00109929451136903	0.309385923484449	0.540556196642073	1.02682920415313	0.428102997542699	-1.1193421675231	-1.25512769287069	-1.13447953114123	0.81662862875332	0.205603997353736	0.44541066343295
XLOC_034762	-0.118214030325831	0.182643875700608	-0.161022759958599	0.363341473151326	-0.208793559099276	0.459531414593367	0.262113660931629	0.321411092148884	0.414960042787615	-0.560452780067855	-0.721952435333455	-0.23356599452841
XLOC_034766	-0.974374832569851	-0.111358344374714	-0.330493098222259	-0.281582166204082	-0.344912906246724	-0.174374138173313	0.406867450063327	0.15252360998759	0.219889312560685	0.559774149251494	0.427894724076957	0.45014623985089
XLOC_034768	-1.01867327025484	3.14442872149143	1.84012275545611	-1.01867327025484	-1.01867327025484	-1.01867327025484	-1.01867327025484	-1.01867327025484	-1.01867327025484	0.971193813386168	0.645491729467623	0.529475871982542
XLOC_034774	0.87768432485657	-0.756642091088762	0.549509592328982	-0.515446016601598	0.0194730357840758	-0.400549386698913	0.202004007833705	0.629147455320162	0.2256231240268	-1.75391087406754	0.259963456013606	0.663143372292918
XLOC_034775	-1.18154937166055	0.670637569917404	1.01472273812635	-1.63370349871777	-0.255017067082687	-1.70463019659353	0.938840958836071	0.649322201709946	1.34848748400164	-0.392401007443241	-0.159282866589645	0.704573055496006
XLOC_034839	0.665983135183704	0.0540600380751881	0.302193549889856	0.0664705474792244	0.959931560282595	1.0244292483606	-1.10687356806014	-0.192711946513042	-1.5240210632795	-1.00841691885549	0.780293510519446	-0.0213380930824441
XLOC_034851	-0.68147861134915	-0.566933424135025	-0.143246273325158	-0.143669213340072	-0.559958621219061	0.156129869069638	0.153352994972531	-0.00851806316094184	0.471096786170833	0.228087271129949	0.56975139567904	0.525385889507421
XLOC_034875	1.70323814718935	0.856879213249076	0.231377029415752	-1.39375123207939	-1.39375123207939	-1.39375123207939	0.0409153342140283	0.205108857302306	0.502249812449353	-1.39375123207939	1.88083862433972	0.154397910157987
XLOC_034979	-2.29110056754465	-1.37534449194413	-4.10616915811874	2.17531202108057	2.68384051914188	1.3396966817584	-2.67150259182532	-2.50730906873704	-1.4182967879109	2.60835306613187	3.06549554503921	2.49702483292883
XLOC_034980	-1.41029521498159	-2.86900150831813	-1.90600573094305	2.48848213616885	2.47087830433426	2.02900775884061	-2.79505588246911	-4.14826472828016	-1.53545842265459	2.71638967919101	2.37494885178211	2.58437475732981
XLOC_034981	-0.410131664500449	-1.17276750554156	-0.528294940921719	2.04307668690389	1.7077500348371	1.42441731684773	-1.91490504274766	-3.60566007297474	-2.07546213253003	1.84318564010725	1.59017407519481	1.09861760532538
XLOC_034982	3.3947523867128	2.42448621102817	4.15364349292082	-1.88254259877962	-1.88254259877962	-1.88254259877962	1.36781027356484	1.83710582723071	-1.88254259877962	-1.88254259877962	-1.88254259877962	-1.88254259877962
XLOC_035067	-0.565721525688674	0.410991924157384	0.596312242300375	-0.555155797319513	-0.600517258795126	-0.398669767815099	0.832505708103072	0.89570483718823	0.631244739738277	-0.431849332150687	-0.250746238569374	-0.564099531148866
XLOC_035072	1.74313202417135	2.38277251151964	2.68426979377877	-2.65946584495234	-2.65946584495234	-2.65946584495234	0.590887027392114	1.75266453623034	0.0284065252554981	-0.669598761311336	-0.995300845229882	0.461164723050536
XLOC_035074	-2.75951947911603	0.0940287634226502	0.237970327993802	-0.487332759254265	-0.238964980331199	0.53235637877853	-0.0421699681940746	0.574904467479614	1.64436371381266	0.366520129992101	0.181987123616021	-0.104143718199816
XLOC_035076	0.215677117123708	-0.717083083715035	-0.92354905043554	1.43282977021967	0.631992307488701	0.538025099570409	-0.779265007722901	-0.774783061408296	-0.654134899678835	-0.0712654080451909	1.01829965091393	0.0832565656893784
XLOC_035080	-0.258386076837816	-0.405190819301858	0.0840491686108376	0.328459581582867	0.409963226661795	0.338037646395735	-0.783828864950899	-0.74331456812426	-0.759901293284678	0.382189390368467	0.617373389397875	0.790549219481934
XLOC_035084	0.89206043383714	-0.923008156736947	-0.923008156736947	-0.923008156736947	0.980622615541129	-0.923008156736947	2.32734471560751	3.1840374889098	-0.923008156736947	-0.923008156736947	-0.923008156736947	-0.923008156736947
XLOC_035086	-1.92887508164075	-1.49331322688637	-0.52070831809484	0.592129746610699	-0.163056429203895	0.522997843191933	0.89092531700728	0.363101973431902	0.581777506746993	0.243381357096672	0.0650401362334359	0.846599175506947
XLOC_035096	1.28066271342875	1.37107908836886	1.45332507543513	-0.894658315753904	-0.596592925406855	-0.612434532401703	0.396878429810248	0.686860097571008	0.418249918853171	-1.14047331034406	-1.13084384816405	-1.2320523913966
XLOC_035113	3.237405959814	3.70493815850963	2.97224911901615	0.030330459870608	-2.03988902567842	-2.03988902567842	0.0997080674538315	0.29870134487753	-0.143887981149668	-2.03988902567842	-2.03988902567842	-2.03988902567842
XLOC_035124	1.97153477129288	1.79403927831344	1.75572264352814	-1.5293749152459	-0.220092896055818	-0.953508711484106	0.132879106786672	0.18515300979381	0.65409859501626	-0.8223164591707	-2.34204036926263	-0.626094053512054
XLOC_035125	1.73575030361427	1.66966972158059	1.32278045136284	-0.671966304263897	-0.957449604910435	-0.165876671255462	0.271125572396521	0.722468947444971	0.352853671922404	-1.52085621579627	-1.16017556201701	-1.59832431007851
XLOC_035126	2.06277126184769	1.59408367242647	2.20296340595358	0.290179000923944	-0.46500717489065	-1.2213274250473	-0.354095201534603	0.928433598426331	1.4314237337285	-4.0458944179016	-1.13748347113044	-1.28604698280193
XLOC_035127	-2.22319697992169	-2.22319697992169	-2.22319697992169	0.66413549527599	0.473478262440893	-2.22319697992169	1.94928800310526	0.602003048877884	0.464675390286152	1.76412804938982	1.34319133076118	1.63188833954958
XLOC_035132	-2.09832195973533	-0.572527940497623	0.27166998501123	-2.09832195973533	-2.09832195973533	-2.09832195973533	2.32379654592223	0.726878069064244	1.77046635126533	2.53255279096537	0.318143428942993	1.02230860826755
XLOC_035145	0.221350211905646	-0.531728720994996	-0.165533102186862	1.1443370642149	1.0663005939654	0.940262483899743	-0.579814653104727	-0.423096004399688	-0.383304457351553	0.0717668634287572	-1.61771755337295	0.257177273996334
XLOC_035158	-0.0333719371468777	-2.2724615896729	-3.79825560891061	0.288999701525244	0.326834390159314	0.220562016913365	-0.106456392543613	-2.19939551952891	0.0705327020900492	2.49217072229911	2.1498907706194	2.86095074419642
XLOC_035160	-0.192040580290744	-0.031164094401448	0.00696035058266009	0.149738963162901	-0.111284394626799	0.298081682105688	0.31676904706657	-0.00341076155442988	-0.294750182631925	0.00401459978502494	-0.365959321919551	0.223044692722048
XLOC_035167	-0.518187481251793	-0.333389196689408	-0.406074845770236	0.723050310527487	0.505709797840721	0.500836286132438	-0.387858894578178	-0.255648319602162	-0.257932148927202	0.134143890459312	0.178895802449553	0.116454799409473
XLOC_035190	-0.277142088238961	-0.356579409840343	-0.356798978391995	-0.978064486309641	-0.105397982008763	-0.169072800759008	-0.326685871678936	-0.246884962692691	0.174348361497995	1.0307822403675	0.813535282289185	0.797960695765656
XLOC_035191	0.349363685204575	0.0780360961636424	-0.13767658153166	-0.0194323798986442	-0.982426914612627	-0.176657347848753	0.499080193035479	0.80947114830791	0.968657341795947	-0.869917955719566	0.13712022412822	-0.655617509024526
XLOC_035193	-4.35146026634847	-0.97332913885902	0.6606778783461	-0.264204955912618	-0.770573023337521	-0.632492938648765	1.44301782722589	1.39686629728404	1.81378685290706	0.84483391840248	-0.542476457900191	1.375354006841
XLOC_035194	0.488925874497979	-0.149741794688802	0.680075118029955	-0.251560590530993	-1.38214670015712	-0.320692493949759	1.78311254291374	1.36356273292286	1.9598987168419	-2.59776692571553	-1.02124569867367	-0.552420781490576
XLOC_035195	-1.39939475991238	0.0614806687895788	-0.0470235800908112	-1.60905166398345	-2.59275336690306	-1.15638873686094	1.93255955553389	1.75295792987542	1.96465019831008	0.812357234194846	-0.298329902913302	0.57893642396013
XLOC_035200	1.09163627691624	2.03525525244769	1.80172793966993	-0.198534012284147	-0.106424301663105	-3.98492360693827	-0.114501807644241	0.282713142599176	0.340797572023562	-0.296965312087923	0.374295028799702	-1.2250761718386
XLOC_035206	-0.871623933761015	0.354789004702203	0.314717080699527	0.127357884756771	0.542363680474271	-0.00507730046575006	-0.00102914091642958	-0.0807814901324981	0.306552384008905	-0.877630147392827	-0.0601191633428186	0.25048114136967
XLOC_035212	0.335208990108877	-0.459347185472348	-0.000894129853993064	1.13444831618182	0.455298351798853	0.906742722742969	-0.884431530966921	-0.641931300973256	0.0604685191671388	-1.18173149765144	0.888664052136834	-0.612495307218544
XLOC_035216	-0.435772198942523	0.227414752827847	0.109151749445184	-1.91765291544666	-1.05837445202166	-0.104668153412518	1.31654574721694	0.946836693047036	0.981802465722528	0.332800172078485	0.128828200568083	-0.52691206108273
XLOC_035227	-0.234631723434204	-0.0939097654664875	0.0264435715384943	0.149780295698275	0.0993229830877365	-0.315485658713447	0.156493108482801	0.33091380626424	0.106796406074989	-0.150710721328393	-0.0837372708109854	0.00872496860697769
XLOC_035266	-0.611865171125814	-0.646083529639011	-0.45604508829309	0.220323042775931	0.283080784972922	0.36552832617104	0.3651551729558	0.367966849696717	0.400471942351174	-0.107877174335815	-0.0440235983731405	-0.13663155715672
XLOC_035285	-0.226777290654608	-0.458417416141552	-0.281553352751238	-0.659391494754348	0.0518476746790011	-0.37925220028222	-0.486961726924641	-0.408584532345299	0.408264038848316	0.88232867290242	0.664501428004682	0.893996199419487
XLOC_035286	-0.690763923065579	-1.39837075520784	0.0831614558730545	0.547741531431692	0.328767384440716	-0.574868222740649	-0.766708856353177	-0.0237316084335548	0.0757403060548025	0.994446531990798	0.691144292219274	0.733441863790457
XLOC_035296	-0.320288596092105	-0.49249612501413	-0.344933731589157	0.945164268134576	1.23316900866274	1.56836839397894	-0.132060095562823	-0.584217916097667	-0.451844183103788	-0.0403303153719863	-1.06421527039335	-0.31631543755126
XLOC_035298	2.07418976348178	1.04013075789266	-1.69069390828195	1.19663856691573	-1.69069390828195	3.28292050201363	-1.69069390828195	-1.69069390828195	-1.69069390828195	0.299173175359055	-0.0265289085594906	0.586945684306406
XLOC_035303	-1.07865224645605	-1.71064098207956	-0.172975400480544	0.525719362147543	0.912473395840088	-0.425650595371371	-0.453903120346892	-0.98172646392227	-0.270227598997283	1.20165422164071	1.29378242527127	1.16014700275436
XLOC_035311	0.345754349339057	0.0769782549466642	0.189260296500974	-1.86492000537292	-2.20334435249935	-1.93584670324868	1.46504993019095	1.28636547464548	1.29507433296579	0.563181302566453	0.227803991635725	0.554643128329857
XLOC_035328	0.609212959295773	0.365211508773116	0.286088248759121	-0.396907523828009	-0.407942019497959	-0.351862684574842	0.0869945033473964	0.232760685491895	0.233317371012413	-0.209171231835683	-0.252612247835083	-0.195089569108132
XLOC_035329	0.8847824909613	0.746672631869896	0.32337242484431	-0.56255414257274	-0.658942848112565	-0.723957425174185	0.383775193382328	0.6110500443982	0.56178286236693	-0.625291635247398	-0.552949489177345	-0.387740107538736
XLOC_035357	-0.818747886153382	-0.511489107232985	-0.106427675389867	-0.390280654610389	-0.442189116967231	-0.989098423177153	0.729374387770395	-0.460960093276676	0.68364062555193	0.697906952410582	0.619938527911874	0.988332463162906
XLOC_035360	-1.40168785951425	-0.789920593441246	-0.144069320231965	0.735269829914261	-0.449752581594979	0.741840957999696	3.1488414844262	2.37795115111749	2.73923469195719	-2.69165781569516	-2.66238766307183	-1.60366228186541
XLOC_035361	-4.02860066717661	-1.77797022184814	0.420759891913709	-0.622810197810455	-0.150101361901445	-0.309633339476908	3.01739059088493	3.11098854323785	2.4324336703146	-0.7188406403476	-0.754010810757497	-0.61960545703243
XLOC_035363	-0.714663225643561	-1.35333089483034	-0.0601074063731142	-0.176731637781517	-0.394685779872143	0.828546018019185	2.27703275705422	2.03038162088579	2.4395131393554	-1.80389808018656	-1.9822393010498	-1.08981720957757
XLOC_035365	0.938827345778322	0.0924684118380434	1.06507332062957	-2.15816203349043	1.04732527570899	1.18183336882977	0.45291458970797	2.8161659828375	1.03803983863154	-2.15816203349043	-2.15816203349043	-2.15816203349043
XLOC_035366	-1.19495226864302	-1.08075953013895	0.249613905866411	0.561430241224927	0.0814775953178364	0.536178263689519	2.21852575480427	2.29988603457936	1.90403796026787	-1.24394821061851	-2.76367212071045	-1.56781762563926
XLOC_035368	0.203075428362093	-0.0303249425547731	0.171772839640611	-1.06665382267263	-2.918203464605	-0.507934258498941	1.76198561171999	2.1540095768563	1.62065009302714	-0.418584522216639	0.0545433201876531	-1.0243358592458
XLOC_035370	0.561862698047626	0.192315720089489	0.142056668322997	0.444556074948265	-0.163346353117294	0.714666795713264	0.434571075212018	0.0232573936024227	0.404026326803793	-0.770300400540614	-1.14526646638677	-0.838399532695194
XLOC_035371	-0.796550332437908	0.249193084227278	0.471755726843557	-0.258724791857476	-0.203650396078788	-0.561967310083359	1.15983529224325	0.714753192529555	0.925319528643616	-0.959519796219919	-0.441897048478487	-0.29854714933132
XLOC_035375	-0.706724483677876	-1.66816095419475	0.0597476585627419	0.0343941724731938	1.15394655418172	0.652224310643715	-0.471019821098908	-0.697040028234289	-1.16202349402348	1.81502855559364	0.116076763913764	0.873550765860533
XLOC_035467	-1.78166176959168	0.468968675736795	-0.156533508096529	1.62412869977448	0.915013472770906	-1.78166176959168	-1.78166176959168	-1.78166176959168	-1.78166176959168	1.52809825723734	3.18966445212419	1.3389687984112
XLOC_035478	-0.643666334638661	-0.537807023340833	-0.286085472571045	-0.47202289663349	-0.781247784042971	0.199585745425518	0.412861678809402	1.00273895688612	0.601898383528829	0.268274496438942	-0.131663446615656	0.367133696753849
XLOC_035492	-0.957689538985395	-0.89702052350599	-1.52465487641773	0.0372587555402957	0.507019906619276	0.417350390780588	0.169578982287076	0.133279773980443	-0.191185309865014	1.34044245397137	0.279642918034888	0.685977067560192
XLOC_035493	-1.03223359831161	-1.34516071805007	-0.320949838688604	0.565865988144515	0.745834699414723	-0.262177880168561	-0.607110832679767	-0.0836288833019685	-0.284757717363516	1.474330937564	0.278261988418616	0.871725855022246
XLOC_035497	-2.34521710641842	0.572622644402395	0.584501964395192	-0.636756664092865	0.466552586822137	-0.585484172898574	0.366128373454484	-0.840133954209508	0.113429791885508	0.172223925682577	0.744414947836765	1.38771766314031
XLOC_035498	-0.0209480040140004	-0.400568954655812	0.123442312312397	0.0204485986713685	0.638378480860821	0.141567617686073	-0.562608511549648	-0.621380672560802	-0.497702238983139	0.288857734505914	0.534562236301205	0.355951401425612
XLOC_035519	-1.2195466703982	-1.2195466703982	0.405581591096942	0.850672815150819	-1.2195466703982	3.75406773989738	-1.2195466703982	-1.2195466703982	-1.2195466703982	2.46841162445214	-1.2195466703982	1.05809292219015
XLOC_035528	1.37205535267764	1.49533231762236	0.867417690218957	-1.7956350487724	-1.10208028095913	-0.964000196270372	1.23856326992833	0.891978640626935	0.502243335875098	-1.37320749714106	-0.484913287702247	-0.647754296104119
XLOC_035529	1.21281749694037	0.927848412602898	0.791439343877896	-1.07801626028949	-0.452779158100824	-1.24058878437036	0.720355898766057	0.799151718617432	0.669044506640518	-0.242571490535755	-0.996333668848922	-1.11036801529982
XLOC_035545	0.771727365449151	-0.0132039901477237	0.329495234183705	0.248098329665631	-0.545880697949057	0.905376623392025	0.395560845181334	0.327010156537403	-0.389744030369446	-1.23906908302263	0.012738817519562	-0.802109570439947
XLOC_035559	-1.38605632222975	1.99207480525969	2.91862026791633	2.0197341471364	1.81943098696966	-1.38605632222975	-1.38605632222975	0.952534048326192	-1.38605632222975	-1.38605632222975	-1.38605632222975	-1.38605632222975
XLOC_035571	0.588250557194835	-0.136828891914495	0.515985523220997	0.213496347574338	0.478342938859953	0.456302393180262	-0.904993212548916	-0.543062061993847	0.0788315565662412	-0.168814443579923	-0.294033562543139	-0.283477144016306
XLOC_035575	0.313857909271071	0.259498218913544	0.303033998626338	-0.0544351144984745	-0.0955744321970844	-0.0656577690099809	-0.272227686241004	-0.207224557022689	-0.435269933402237	0.183423134282519	0.0776289892140376	-0.00705275793603377
XLOC_035583	-0.38274845874951	0.188400368997731	0.336634803886889	-0.197537667038625	-0.0778294096903833	-0.215696700875935	0.507655601598419	0.02742974373934	0.589383701124301	-0.0986500189396775	-0.36894737957673	-0.308094584475819
XLOC_035585	0.707451172331834	0.246759986161308	0.144630724265405	-0.187514355399252	-0.179110060453282	-0.323500936956025	0.0642503996224058	0.422909110486367	0.0982714920165257	-0.493246505157235	-0.102333464163165	-0.398567562754884
XLOC_035587	0.817271602275948	0.668314520665748	0.157337715244139	-0.496014719446044	-0.873738247116066	-0.566337876110245	-0.662523116204357	-0.0873813440387554	0.327076476854562	0.451641355665223	-0.0694131420347333	0.333766774244578
XLOC_035589	-0.000894893970893484	-0.332120781462998	0.218966116598151	-0.15447896175735	-1.11876036791305	-1.1874419418652	0.759694067707491	0.347399778203586	0.655086788495691	0.147077275421927	0.152197238941246	0.513275681601402
XLOC_035590	0.0597467004241032	-0.119702269478232	-0.0027510977535794	0.26593489563021	0.209660042706059	0.650838838644779	0.156507598307201	0.329003759372364	0.171316222115932	-0.497716970160086	-0.434317389357785	-0.788520330450972
XLOC_035592	0.301503135610858	0.560234957130805	0.46697553002191	-0.446321050918526	-0.897406556607307	-0.22451789744247	1.29456765161149	0.637410693401782	0.461821221337646	-1.06457293848445	-0.791095735935554	-0.298599009726179
XLOC_035603	-1.52091508000481	-1.52091508000481	-1.52091508000481	-1.52091508000481	1.17576016235777	-1.52091508000481	1.44492446256588	0.0779450093768916	0.375085964523939	0.468952003636198	1.38749586676635	2.67441193079701
XLOC_035614	1.92001381466568	1.00037738400222	2.61124013348462	-2.09010604844728	-2.09010604844728	-2.09010604844728	2.73013403984869	2.01693959719946	0.59776632176056	-2.09010604844728	-0.42594104872482	-2.09010604844728
XLOC_035616	-0.722143469637148	-0.153412406711211	0.154874222261869	-0.316570807300634	-0.143202772984909	-0.454448917146956	0.571789165852558	-0.149886997177098	0.194070547774592	0.431247022531275	0.487537930806773	0.100146481730894
XLOC_035632	-0.528790904890029	-0.430005413891168	-0.629165660338968	0.60434475059283	0.660966954708038	0.630761802296768	-0.568703552957893	0.100873448701592	-0.419556636095355	0.279609491542791	0.368513456430082	-0.0688477360986894
XLOC_035646	3.05967987263725	2.14004344197379	3.35423659967037	-0.950439990475713	-0.950439990475713	-0.950439990475713	-0.950439990475713	-0.950439990475713	-0.950439990475713	-0.950439990475713	-0.950439990475713	-0.950439990475713
XLOC_035649	0.925506799943474	0.790546457168478	0.297303237432	-0.775300380757202	-0.498939817523021	-1.03702838489448	0.420026050883194	-0.349684697045365	-0.0463951691374191	0.25170737306127	-0.0456816591800031	0.0679401900490797
XLOC_035652	-1.32638280224122	-1.32638280224122	-1.32638280224122	-1.32638280224122	0.577247970036858	-1.32638280224122	0.81321429089103	2.78066284340553	-1.32638280224122	1.98337722458779	1.58202814452994	0.221766339996163
XLOC_035694	-0.276182433483871	0.0927026353815545	0.333357842086998	1.66084953043756	0.808721848977055	0.14792932022708	-1.19088382340581	-0.959131876597242	-1.99090793239973	0.629961070768408	0.720958220695069	0.0226255973129312
XLOC_035702	0.660711381516712	0.643605533486484	0.298414780259703	-0.583594958175369	-0.335163589898115	-0.51666055560033	0.55241605179388	0.693833113665404	0.618500203908185	-0.876382400512266	-0.334120746696509	-0.821558813747775
XLOC_035706	-0.951788125411763	-0.386519085220091	-0.287597891458138	-0.437489335401042	-0.656004581474825	0.0386431365267237	0.700791456242527	0.532988290421623	0.811444687833506	0.357443395446508	-0.332544755783846	0.610632808278821
XLOC_035731	-1.32691407010904	0.923716375219427	-1.32691407010904	-1.32691407010904	0.576716702169033	0.688157688389634	-1.32691407010904	-1.32691407010904	-1.32691407010904	2.36104422474131	1.08955131856928	2.32229811156558
XLOC_035739	0.344910639744715	0.426720449944654	0.840391085714305	-0.087753201882502	-0.0222238880901058	0.0593890100668562	0.185947240297186	0.503139251606611	0.628549248755272	-1.32948941429448	-0.892573195935229	-0.657007225927286
XLOC_035743	0.322402774978496	0.510277541326795	-0.0898724763890044	-0.0754999172474999	0.215139900529959	0.270147375707058	-0.0523147286088141	-0.178729454426268	-0.182805817615141	-0.318341904734666	-0.377977334812445	-0.0424259587084785
XLOC_035758	-0.254219924188129	-0.53940917292568	-0.332928972889846	0.545019401884817	0.92004865318057	0.568161694059111	-0.351132280331047	-1.12820780555962	-0.619915240292426	0.862953235293161	0.413306633315663	-0.0836762215465807
XLOC_035761	-0.375571078630761	0.251303013971405	0.149136748085651	-0.558960862262678	-0.114868324429023	-0.105769008757687	0.412241697392646	0.151897439303322	0.0617469359023772	-0.253522843086119	-0.0216743598398219	0.404040642350687
XLOC_035767	-0.122482873241806	-0.907227151847531	-0.769320338989735	1.81454909067963	0.436399406022688	1.68453388038279	-1.03718426316375	-1.04672955690298	-0.0157361918267647	-0.0785562614576447	-0.508485560430663	0.550239820775757
XLOC_035771	0.365947302465811	-0.0107176178818111	0.541324158844802	-0.469689274871377	0.118518202717691	-0.181108170910942	-0.349225338234156	-0.0385231830866335	-0.0138191430039836	0.0739517757683963	-0.0423059398879673	0.00564722808016782
XLOC_035775	0.239857031665812	-0.0494175396705685	-1.57521155890828	-1.57521155890828	0.328419213369801	1.24935543394602	-1.57521155890828	-1.57521155890828	-1.57521155890828	0.414655524732732	2.92896495735191	2.76422317314567
XLOC_035776	-0.62809389468457	-0.389770476080836	-1.53418154073734	0.155247317846658	0.690166370232332	-0.126036051041525	-2.95831100015488	-1.20455074868681	-0.277706960171612	1.95121372831053	2.23081056470562	2.09121269046243
XLOC_035777	-0.203366849396081	-0.595633121991074	-1.35469068679809	-1.32615423731137	0.615112528280108	0.613222910325603	-2.77882014621562	-0.493838286498719	-1.01728484038708	2.28093082852163	1.73465966702096	2.52586223444974
XLOC_035778	0.336206798922158	0.0469322275857769	0.146266469843217	-1.47886179165193	2.64622820741799	-1.47886179165193	-1.47886179165193	-1.47886179165193	-1.47886179165193	1.31690682727008	0.185303208070532	2.71646521914989
XLOC_035785	-0.77866015799105	-0.447235724028786	0.123706412724768	0.383136882611904	0.630265491946628	1.21689539724455	-0.957055979004728	-0.515146064172842	-1.16375290153893	-0.180732707124792	0.893080454339517	0.795498894993764
XLOC_035789	0.250859634859063	0.0203767655463984	-0.112832658039649	0.657200669254516	0.639201796562579	0.302718009577116	-0.575287267316109	-0.537706028429811	-0.779758597843522	0.341515247533549	-0.0830546471433236	-0.123232924560802
XLOC_035818	0.891434026514871	0.63463901256422	0.520388495537919	-0.324553779317121	-0.16460254475593	-0.22083194870941	0.904813243474051	0.791405229844662	0.574546426850599	-0.951850479956868	-1.5691134107826	-1.08627427126439
XLOC_035830	-0.150539879552588	0.629643743751115	0.558166133433193	0.590578776598481	0.281353889189001	0.5191853671161	0.0851647830263795	0.633143123195583	0.362134711193172	-0.880065305625403	-1.54879512975406	-1.07997021257097
XLOC_035837	-0.391605683272132	0.0348335408082994	-0.209304351918526	0.397941718800794	0.112458418154256	0.814750674711521	-0.699608814306451	-0.881618824907209	-1.08747121854839	-0.450948192731581	0.956291833450114	1.40428089975931
XLOC_035848	0.103415154638536	-1.02576489779481	0.46460103764875	-0.329858735590184	1.18320037991932	0.546873183953333	-1.50517170704591	-0.189937026824607	-1.42837596003647	0.678065436266739	0.387928186015878	1.11502494884943
XLOC_035865	-0.0600894789911388	0.235916822387622	0.209822137994119	-0.336181054490379	-0.286662914465614	-0.531808381413989	-0.962515967260771	-0.815878998214134	-0.824904662093633	1.00550612209957	1.09144108091908	1.27535529352927
XLOC_035868	1.97275271334555	1.25332253582385	2.58715736895099	-1.23432278659784	-3.30454227214686	0.0354531301733298	2.9095352528326	2.33054050622226	3.36373036783672	-3.30454227214686	-3.30454227214686	-3.30454227214686
XLOC_035869	1.82470009905799	1.61547034204703	2.17271039359121	1.13967708865068	0.550505380835261	1.63891765244526	2.88773143001209	2.78266010725929	2.96830011946009	-5.06714983915824	-6.19875345835779	-6.31476931584287
XLOC_035870	0.539289730101241	1.74653540489273	1.25998819219165	-0.147391935670922	0.180753861273337	0.0807674638879714	2.67216076758658	2.49538131144434	2.5430451651657	-3.94911862753305	-3.0305747644029	-4.39083656893668
XLOC_035879	-0.0619001998621478	0.0258088429699628	0.0427284717147094	0.383766546913491	0.819368580751806	0.881619351194171	-1.07564987889991	-0.779599403049432	-0.802904382905886	0.244469113120406	0.698608574326352	-0.376315616273524
XLOC_035883	-1.78650772945301	-1.24436259140894	-0.970542033323677	0.0631000704998197	0.874664012479153	0.326309608219781	-0.491310649415628	-2.07304021575421	-0.262097376293381	2.07177695457252	1.8224913434683	1.66951860640927
XLOC_035884	-0.446888162307426	-0.759815282045891	-0.92595786185038	0.712325789262851	0.548219324332112	0.640422203648625	-1.32460677441807	-2.80210401498271	-0.149985892152178	1.4467350357602	1.68883162139253	1.37282401336033
XLOC_035886	-1.53052896097482	0.0827676424010946	0.510982211512827	-0.203414473041803	0.10487185791564	-0.931394546916898	-0.231431188570691	-0.0223302899218449	0.195154797632348	0.503745006261084	0.553060067452597	0.968517876250468
XLOC_035890	-0.115544921284345	0.751756200912354	0.512272018485371	0.136728732449988	-1.69053417931026	-1.55021585876145	1.16700765846132	0.559987111899068	0.649918298917356	-0.0587025556401697	-0.0969959606117001	-0.265676545517533
XLOC_035894	1.13934470504266	1.13283875822341	-0.332516412730947	-1.95764467422609	-1.95764467422609	-1.95764467422609	0.181952418906155	-0.358784584844392	-1.95764467422609	2.67323007647461	1.31694518219302	2.07756855363986
XLOC_035897	0.169581524886938	-0.126702725454487	0.0225089435197638	0.000463130865732353	0.0880637491804759	0.128208786533749	-0.627433159958894	-0.712048403550575	-0.703355341634365	0.800942638430792	0.480569701311646	0.479201155869225
XLOC_035913	-1.141921153924	1.58890351225061	2.081314200196	-1.141921153924	-1.141921153924	-1.141921153924	2.88742424685903	2.57772727208633	-1.141921153924	-1.141921153924	-1.141921153924	-1.141921153924
XLOC_035933	-0.537115768934977	-0.415595188311273	-0.000495159563952186	0.177918122713649	0.32446462411558	0.0206931547635403	-0.553594900988381	-0.639347636461562	-0.941457305230318	1.21840613503399	1.13177252402643	0.214351398837278
XLOC_035939	-1.06573502234792	-0.0297435600553877	0.202798311842373	-0.0823110708178687	0.0700088550078632	-0.660592144052671	0.0818201410491524	-0.458206644250464	0.0118509053280853	1.09682801015222	0.068315430553807	0.764966787590815
XLOC_035969	0.675207727000503	0.556150290136605	0.610785987840559	-0.614962562199884	-0.820464913843062	-0.134410641447235	0.658728594947099	0.262478114576747	0.67168778116619	-0.166234022042484	-1.49294121008285	-0.206025146052186
XLOC_035972	2.56431583068438	2.23474238497779	2.76946756247631	-3.63360459944188	-0.742343936602714	-1.68500645916694	1.32345258654124	1.51650533956718	1.07585941220682	-0.102363352297008	-1.89484027654263	-3.42618449240255
XLOC_035973	2.30706540915535	1.79945814403137	1.77923019350598	-1.01301296962616	-0.580959028233184	-3.08519652156334	1.29987197070872	1.18704726579641	0.827623482360931	-1.790508253233	-1.8256784236429	-0.904941269260189
XLOC_035975	0.114387645337592	0.894142666235318	0.863421197099135	-0.970425234950585	-0.742086341603896	-1.22497806716864	0.912354632473926	0.339282455413325	0.665450710466454	-0.29051215497651	-0.635775520932143	0.0747380126060166
XLOC_035991	0.0862739265550223	-0.172358218866258	-0.269352557387901	0.951075297344687	0.607826118742488	1.14502519761192	-0.389148309926644	-0.602331496826182	-0.422766298035751	-0.663483451586323	-0.169021259489746	-0.101738948135317
XLOC_035992	-1.10111420330032	-1.10111420330032	-1.10111420330032	-1.10111420330032	-1.10111420330032	0.913957555198359	2.14923866904414	0.497745886081383	-1.10111420330032	0.888752880340689	3.25810443243766	-1.10111420330032
XLOC_035993	-1.47123359732213	-1.7814292897818	-1.85290690009973	0.386412471579351	0.803580324592787	0.459510239249926	0.155916385405744	0.0566737219724862	-0.0292893620558248	1.21847341965069	1.0623343277387	0.991958259069811
XLOC_035994	-1.76223227175758	-1.79425153138599	-1.93636528127798	0.29494746996244	0.789543821088556	0.567090648406222	-0.00868531909914871	0.0649688698288466	0.163651438221074	1.47132346801954	1.15289045710528	0.997118230888744
XLOC_036009	-0.869149907339913	3.13405718302755	1.98964611837104	-0.869149907339913	1.03448086493816	-0.869149907339913	-0.869149907339913	-0.869149907339913	-0.869149907339913	-0.869149907339913	0.795015092382549	-0.869149907339913
XLOC_036034	0.743487980270537	0.42493770837729	0.446515419321077	0.218723265991754	0.512468132408987	0.407095593777306	-0.459438158464327	-0.52764431103748	0.325405631444452	-1.18467476761179	0.242819178791184	-1.149695673269
XLOC_036066	-0.964191332505049	0.0862657798027113	-1.42809441401212	-1.77806434802174	-0.100710880707263	0.0451229802509676	0.737675976510513	0.391091347209118	0.536269158411563	0.660834037222224	0.712683537732441	1.10111815810664
XLOC_036072	-0.698088164654531	-0.343974443386279	0.137343561372531	0.380891855521406	0.661266212015605	0.80628138152203	-0.475533812406558	-1.34213299997398	1.01787783107162	-0.180007999462037	-0.600944718090685	0.637021296470867
XLOC_036100	0.205419707532925	0.189166916621609	0.103511449157466	0.356481775219988	-0.40177051133554	-0.513004638315858	1.08070468346247	0.676112972480702	0.718975023160897	-0.776301629061386	-0.676031429457777	-0.963264319465499
XLOC_036105	-1.52728725005079	-1.52728725005079	-1.52728725005079	-1.52728725005079	1.67820005914862	1.8127081522694	-1.52728725005079	0.0715728393309107	-1.52728725005079	3.10358750064991	1.74730260636832	0.750352342537568
XLOC_036123	-1.44261571685564	-1.44261571685564	2.86206087329045	-1.44261571685564	-1.44261571685564	-1.44261571685564	-1.44261571685564	0.89597465370031	0.453385327673112	2.54470931245588	0.221549282866826	1.67801485114724
XLOC_036125	0.403960629085438	0.515475077859407	-0.363251319967982	-0.730823144761494	-0.19590409237582	-0.452338406221801	-0.0133731203261913	0.84997256742804	1.04165989727669	-1.04392989424493	-0.0357571037628048	0.0243089100114382
XLOC_036134	0.743864627878608	0.390575091965557	0.325823839711274	-0.691845464235522	-0.402091672183817	-0.138039357918241	0.130855022528372	0.472016667619036	0.349462604790459	-0.411113289512115	-0.325263253137433	-0.444244817506183
XLOC_036135	-1.25042711055817	1.0002033347703	-1.25042711055817	-1.25042711055817	1.95506019864124	2.08956829176202	2.61999468873586	1.08816325999778	-1.25042711055817	-1.25042711055817	-1.25042711055817	-1.25042711055817
XLOC_036150	0.0208379664016336	-0.0946002330721392	0.213222838285156	0.625440738014969	0.548381512136156	0.183100590998444	-0.992420843724297	-1.01704091572274	-0.0932325754125412	0.406492445121918	-0.0925190654551251	0.292337542428559
XLOC_036153	0.123839177744656	0.626064990694603	0.575151119469284	-1.953471907942	-0.715714384069764	-2.01623739028539	1.30550702215268	0.605775339903459	0.802834436024551	0.669526545805568	0.226986585920261	-0.250261535417897
XLOC_036154	0.894995348779672	0.575202810277869	0.961436002018364	-4.38229963671275	-0.801412393701799	0.0962887861107076	1.83177788826672	1.66054930869267	1.26133918245149	0.412014129798303	-2.71813463699028	0.208243211009043
XLOC_036156	2.03301871936542	2.57516385740948	1.7820652812599	-1.73186495239831	1.84902229061263	-1.73186495239831	-1.73186495239831	1.98778347361202	0.164136092130435	-1.73186495239831	-1.73186495239831	-1.73186495239831
XLOC_036157	1.32902309352183	0.482664159581548	0.602025658999636	-1.76796628574692	-1.76796628574692	-1.76796628574692	1.71993019345484	1.71038489971561	2.34730432052976	-1.76796628574692	0.648499102931399	-1.76796628574692
XLOC_036208	-1.14398954025538	2.4738640502626	1.22600240449118	-1.14398954025538	-1.14398954025538	-1.14398954025538	-1.14398954025538	-1.14398954025538	0.752011504273372	-1.14398954025538	2.42239877042749	1.13365005233298
XLOC_036214	0.574514730253878	0.163251814825371	-0.117589225646026	0.784570241872747	0.377890918111553	0.690112950959233	-0.488999860931179	-0.169693460791337	-0.37054548242372	-0.942999964984598	-0.227963541499816	-0.272549119746103
XLOC_036222	2.04821347618658	1.89925639457638	1.72959401606359	-0.375716030380139	-1.46543038267168	-0.44313829733456	-1.55102900183587	-0.683754439571735	-1.47423325482642	0.284418855873596	-0.145510443099423	0.177329107019681
XLOC_036223	3.02305547270625	2.9232602136075	2.70363229919831	-1.33873758946125	-1.52939482229635	0.252518358164523	-0.738173585457171	-0.747718879196401	-2.33006902013018	-1.43030144573692	-0.417086256210653	-0.370984745187664
XLOC_036226	3.04512963644353	2.91809858944901	1.33900240049223	-1.51979362521872	1.17688161714386	0.495278133279956	-1.51979362521872	-1.51979362521872	-1.51979362521872	-1.51979362521872	0.144371374503741	-1.51979362521872
XLOC_036239	-0.789795391983585	-1.42846306117037	-0.678912242374904	0.529174617093631	0.512954829429168	0.343259346910201	1.63777910025286	1.29384757266597	1.44529983360946	-0.792019215393686	-1.36217875957791	-0.710946629460841
XLOC_036240	-0.190200254258889	-0.650465901081843	-0.296693077948142	0.0619505856418616	0.169250110879559	0.784098799434306	1.408522243437	1.32487874944735	1.1704698189391	-1.07423803199886	-1.42636102061523	-1.28121202187623
XLOC_036251	-1.54342525697432	-1.5999867501109	0.12861089924069	0.259059578828991	0.10905924240465	0.943280735888157	1.76786594493186	1.58849782602854	1.24729764896193	-1.31656426094931	-0.291051217883442	-1.29264439036687
XLOC_036253	-0.672224946802905	-0.0344439194470176	0.113305901246794	0.0402962879869335	0.571093594995744	0.653355701626474	0.209691195977279	0.865095819613292	-0.245763359177132	-0.844902675999541	-0.512211090835778	-0.143292509184143
XLOC_036262	-0.611660734083881	-0.273459410996016	0.271132324345475	1.26015823257245	0.565213110659204	1.11914738065117	0.0733680739152192	-0.287867408877758	-1.25998392611087	-0.0370104524556778	-0.327147702706539	-0.491889486912782
XLOC_036288	0.079067910507554	-0.0656497684331079	-0.183538469404473	-0.141157492820927	-0.059414116948167	0.252090003522806	0.224192395479067	0.392185018018738	0.237515732184896	-0.138644677979229	-0.11689387115597	-0.479752662971178
XLOC_036302	-0.38641663256144	-0.393771195913226	-0.598325783137373	0.423206795796466	0.185616877430856	0.562643643725545	0.0311467998694219	0.364386135424253	0.11367209583541	-0.277179294201702	0.142439597351091	-0.167419039619293
XLOC_036304	0.7727981959001	1.20836005065448	-1.04227039467399	-1.04227039467399	-1.04227039467399	-1.04227039467399	-1.04227039467399	-1.04227039467399	-1.04227039467399	0.94759668896702	1.37419499400434	2.99294283319197
XLOC_036312	1.84659562984359	0.962957633163416	1.22720396245409	-0.717522146016746	0.015397511157957	-0.784944412971168	0.400780552211073	-0.396866095024128	0.00543280986786776	-1.70814312174886	-0.937523429988006	0.0866311070509163
XLOC_036314	0.215641605058171	0.0606092953747277	1.14710626405798	-0.164620600935395	-0.726030291075329	-0.234943757599596	2.35889372615914	1.67319120930684	1.7877933638846	-2.26588476151223	-2.64518799175592	-1.20656806096298
XLOC_036319	-0.392570728502112	-0.954286899796896	0.144962553147842	-0.870238679728509	-1.07899468488919	-0.938676364340387	2.49145759869995	1.77735059957672	2.19766888572712	0.116842070280052	-1.39110567948149	-1.10240867069309
XLOC_036322	0.67502046174766	0.492410786619356	0.877508704858689	-0.752228123817194	0.576336347739519	-0.0395035389815632	0.0688010327696	0.149713399510425	-0.0990060723911554	-0.28907519410775	-0.514043157142833	-1.14593464680475
XLOC_036345	-0.208400040987951	-0.599293880888331	-0.626365459221678	0.588827804984324	0.52238439635808	1.32665304744486	-0.7675466033671	-0.545928201812142	-0.445049678371429	0.162702451425081	0.454143665254732	0.137872499181556
XLOC_036346	0.419279312437308	0.854841167191691	0.229338983358367	-1.39578927813678	-1.39578927813678	-1.39578927813678	-1.39578927813678	0.203070811244922	-1.39578927813678	0.594077805504228	1.87880057828234	2.79953773266504
XLOC_036362	0.0660619042682553	-1.03016466009425	-1.50524088836513	0.813424304437329	1.08978486767151	0.909313984332434	-1.16535960539777	-1.54174557134228	-0.51666019858047	1.24646534948862	1.09082004361222	0.543300469969548
XLOC_036367	-1.79515986532797	0.150089111875261	0.295293788866471	-0.159007989555219	-0.209923273845741	-1.55215384227653	-0.589451975232513	-0.48001886341404	0.49421406187082	0.795025364275649	1.49040529024356	1.56068819252025
XLOC_036382	2.28986583524877	0.530376417464276	-0.0951257663690481	-1.72025402786419	-1.72025402786419	-1.72025402786419	0.419343065268053	-1.72025402786419	-1.72025402786419	1.96770426698615	2.08872978058408	1.40037654013868
XLOC_036384	0.658150761323478	0.301349299983166	1.25170906034506	-0.550063209388144	-0.763895212600818	0.259985228524893	0.162387207261576	0.228988934729422	0.194113687200454	-1.04808632961812	-0.311878242713783	-0.382761185047176
XLOC_036385	1.71598372142993	0.977563523485526	2.69609941640123	-1.75326114268909	0.15036962958899	-1.75326114268909	-1.75326114268909	-1.75326114268909	-1.75326114268909	1.55649888413993	0.663204245989236	1.00658629241059
XLOC_036393	-0.370131050228082	-1.15487532883381	-0.468052329205698	-0.43665550052624	-0.894229614076613	-1.94816192649749	-0.743383518568749	-0.229272109262812	-0.903940608351125	2.58886819585529	2.1116527014211	2.44818108827422
XLOC_036394	-0.189506253677605	-0.461260808958014	-0.0688707592430244	-0.00839268686484473	-0.971387221578827	-1.78116883654401	-0.47181522760042	-0.353406739324839	-0.41362315590044	1.5085024706498	1.66528026556601	1.54564895347622
XLOC_036399	-1.49185743301737	-1.49185743301737	0.878134511729193	-1.49185743301737	-1.49185743301737	-1.49185743301737	1.11921919018103	2.77577931652008	2.37693087798329	-1.49185743301737	0.172307566705095	1.62877313498551
XLOC_036415	0.151752448173627	0.553686126114309	0.437019166770574	0.420451199330339	-0.186144178068977	-0.0378756476192725	-0.441938876519969	-1.13929726015131	-0.724385925696996	0.524714682797422	0.168756700258181	0.273261564612074
XLOC_036416	-0.0596182271147292	-0.435593185768813	-0.149622344698937	-0.121712606475322	0.0158705060965332	-0.0780314418374477	-0.512237909095687	-0.646109141899616	-0.464146167461593	0.829085122289611	0.864404983738348	0.757710412227656
XLOC_036418	-0.409416437129972	-0.632503703814098	-0.792015547689958	0.778238809602746	0.513971066887576	0.897373582113334	-0.677770524903893	-0.405992615273329	-0.518343757113287	0.340091712819378	0.668834614578333	0.237532799923178
XLOC_036421	0.331162169859361	0.740860820554942	0.56081053435602	1.45652548458951	1.14673737486487	1.69478034921918	-2.66824141563262	-2.45411801003144	-2.08311616670905	0.707367857388995	-0.121110098502128	0.688341100042357
XLOC_036426	-0.917794509344658	-0.39419928228254	-0.0123077336971296	-0.575410713786153	-0.0709042459596985	-0.43618516709741	0.190889442450267	-0.583315513913032	-0.0617419954055611	0.67300414564195	0.865686077381056	1.32227949601291
XLOC_036452	-0.565797527893813	0.222747761192273	-0.64450657659553	0.131488396472413	0.321598667415048	0.00573620474027869	0.671244667325842	0.332088073229905	0.187077264050544	-0.473167295855535	-0.22513401267108	0.0366243785896536
XLOC_036454	-0.175975988936222	-0.452898672118139	-0.856684002818328	-0.327026358742531	0.00378691444586021	0.635525651734635	0.195442909636935	0.191245807390505	0.0769094344211485	0.642547320775586	0.108899308653077	-0.0417723244425305
XLOC_036458	-1.40119703100133	0.251820780688626	0.0453548139681219	0.744049576596209	-0.0418426543311918	1.39728435231056	0.630457214801194	0.641751504038722	-0.198223547561176	-0.883116865808834	-0.511223259382373	-0.675114884318524
XLOC_036470	0.105632097702879	0.000770746429227032	0.295390367619136	-0.158402132326218	-0.569257197426076	0.134178190735769	0.833809181294768	0.504673383785645	0.814268689151923	-0.446515444278699	-0.63523285849748	-0.879315024190884
XLOC_036472	0.187768823568743	0.0495912985658729	0.109809485406091	1.2888341212932	-0.0311669095179177	-0.329525543708468	-0.357778068683989	0.642435720463013	0.393716248561432	-0.361772307205412	-0.794592821638281	-0.797320047104287
XLOC_036473	1.9115918535609	1.55752859209693	1.87074956444141	-3.96937900874563	-2.06574823646755	-0.629383606425433	0.665489980476495	-0.780952190984133	0.539965541793113	0.017946020565887	0.0472161731892147	0.834975316498792
XLOC_036483	0.706853558810521	0.208565374021644	0.847531377137472	-0.511708989849693	-0.324111333779689	-1.33302506254086	-0.611265261901006	0.0417111559609395	-0.425250178896772	0.584410892201782	0.532934817181714	0.283353651653949
XLOC_036486	-0.0101902738800801	-0.0715667330588419	-0.473250878819302	0.826841322005223	0.683585495545036	0.908142056760595	-0.800521489516266	-0.569008679840624	-0.497180283456944	0.227543646655458	0.290943227457759	-0.515337409852008
XLOC_036487	1.59583678151714	1.34966293138892	1.26113941381498	-2.49579733569379	-2.40368762507275	-1.61906541615028	1.44706593100492	1.3751309986446	1.14804600394041	0.0620043644109103	-0.810149406374197	-0.910186641430861
XLOC_036488	0.68698001058989	0.625470278645857	0.266466939002335	-1.58007864927583	-0.763414039941114	-0.724918055921902	1.05717893451322	0.867267767534929	1.04239364468855	-0.160562515529332	-0.573059123277175	-0.743725191029429
XLOC_036489	1.76914333773547	0.330307174503748	0.37138263419854	-1.03538529411922	-0.56267645821021	-1.61660877063108	0.690738678559906	0.864490391420762	0.744035096359798	0.189698987215322	-0.424580581550535	-1.3205451954825
XLOC_036500	-0.370117428870596	0.26582566857575	0.462221332761194	-0.725782732246523	0.145061506527753	-0.376072497863635	-0.481274560196178	-0.51387696618494	-0.629746623815486	0.659949453859895	0.653219974646467	0.910592872806296
XLOC_036523	-0.95491805690112	-0.95491805690112	-0.95491805690112	-0.95491805690112	-0.95491805690112	-0.95491805690112	2.53297842230064	3.82000027458859	2.24128381522085	-0.95491805690112	-0.95491805690112	-0.95491805690112
XLOC_036532	0.333086304086955	-0.232140027903208	0.0641234607213503	0.721027811051394	1.0329924436666	1.01326773739112	-1.02079944265264	-1.5133613543519	-0.852451797514383	-0.616750362158604	0.985139618466352	0.0858656091969499
XLOC_036539	-1.40659398489304	0.0501555258282806	0.369937698602191	0.197777623710548	0.455434136255808	-0.753592333808365	-1.54629204871198	-0.873257037917039	-0.744495500446837	1.48873526673426	1.51969814954515	1.24249250510102
XLOC_036541	1.75086622923621	1.0124460312918	-1.71837863488281	-1.71837863488281	-1.71837863488281	-1.71837863488281	-0.283712068589388	-1.71837863488281	2.39689197139388	2.72814584602505	-0.0542136351603493	1.04146880021686
XLOC_036544	-0.83366086340876	-0.32949404071104	-0.410746856361619	-0.222751175266549	-0.740031351140647	0.00708458318814564	1.68885844380293	1.34350403063099	1.1032844643453	-0.0645673978549191	-1.00701762928361	-0.534462207940223
XLOC_036550	-0.0662195220214885	-0.399226209096071	-0.787238654836592	0.953664446214217	0.329421448553908	1.08292759362055	0.0514713721681224	0.0991452376475195	-1.07422492223917	0.253933995543891	-0.0780336938664279	-0.365621091688451
XLOC_036552	1.17966319923275	-0.472791094017381	-0.018517757293524	-0.133623122489241	0.0524880346925389	0.0762885464805541	-0.125963609106146	0.275010252918047	0.154554957857083	-0.584131421080232	0.037135067071854	-0.440113054266304
XLOC_036569	0.0881101044376997	-0.392113179726276	0.222368124391545	-0.136097175916533	-0.174354628235118	0.0128011178924243	0.203098986389156	0.795831637615823	0.478673453350885	-0.640186101310131	-0.217153376782579	-0.240978962106895
XLOC_036570	-0.156290350582506	-0.181123271089533	0.232347359794152	-0.000220213525183865	-0.0704571238930427	0.181811010543869	0.392997902764771	0.660061347261283	0.49979660708759	-1.01577794654355	-0.00282139071572196	-0.540323931102133
XLOC_036571	-2.12675453868461	-0.557615807299483	0.623017839685359	-0.384644380220211	-0.0384918282947702	-0.701900173221779	0.724873872645472	1.02760876458676	0.665645507421791	0.0735959674652973	-0.0848293435063345	0.779494119422507
XLOC_036572	-0.117565651638564	-0.0658204243245333	0.101880822581567	-0.441036728257224	-0.400983210127647	-0.333591137253142	0.697646276362526	0.766437538636412	0.569277617023282	-0.631725603091802	-0.208744672639417	0.064225172728543
XLOC_036608	0.541632314861028	0.294011210839528	0.419051210941721	-0.0816050794539569	0.437903059122526	0.282555749177925	-0.879725449360157	-0.295509071913818	-0.59183632844471	-0.348244731627699	-0.238276315226214	0.460043431083822
XLOC_036612	-1.66137719349216	-1.66137719349216	-1.66137719349216	0.408842292056867	0.242253578785919	3.16533242934249	1.30446234907854	-1.66137719349216	1.53482467862981	1.64838283333685	0.00278780623030461	-1.66137719349216
XLOC_036613	-0.230931540821212	0.195102833383441	-0.327446701068878	0.363234219776874	0.97112406947807	0.805660041353367	-0.195461310583394	-0.538458109134053	0.0113263806373363	0.136899685184765	-0.866784318405862	-0.324265249800451
XLOC_036617	0.0362867840270997	0.684112060880643	-0.0395281157783636	-0.777586231489589	-2.27974592857767	-0.843381298535551	1.08229820787451	0.480453570575011	0.142344478106089	1.32695422808951	0.17584193488223	0.0119503099460783
XLOC_036640	0.276676435013012	0.185191499183119	0.14151682344426	-0.333309937565845	-0.0304476416815014	-0.0299178163703697	-0.34319875835992	-0.00728861176112261	-0.101804452049388	0.137104910952475	-0.0181677994043206	0.123645348599602
XLOC_036661	1.27761101877658	0.461284206750573	0.796662532786484	1.03933915689677	-0.454301098966001	0.757225513305599	-0.0329502328714835	-0.0215768031356696	-0.117166564317037	-2.12082982433306	-0.70841633034193	-0.876881574550834
XLOC_036672	-0.332402974307374	0.166843790907448	0.482526090212009	0.562057949706762	0.246537722344864	0.344759447803718	-1.44959260765709	-0.854770032162314	-1.75874041791738	1.30297403011502	0.799920023893663	0.489886977060667
XLOC_036675	1.63805003125874	1.49101995001298	0.24315830424157	-0.0566141549559651	-0.223202868226913	-0.111761882006312	1.74358815878904	0.211756730050957	1.44450665235087	-2.12683364050499	-2.12683364050499	-2.12683364050499
XLOC_036677	0.871434587419307	0.759711655271456	0.719714734226999	-0.816423358882011	-0.613724110953928	-0.447711615853509	0.685411160925682	0.346069278292854	0.402749644717813	-0.806528019232287	-0.696488881274975	-0.404215074657403
XLOC_036691	-0.0403353101920363	-0.642145204556908	0.752139349619687	0.784179157831985	-0.381499489799714	1.61770221436164	0.0426984742893284	0.283458015014087	0.249345755463859	-1.46423017615287	-0.0619445588070517	-1.139368227072
XLOC_036697	0.226659551920925	-0.10862047855308	-0.138357251634023	-0.338456335654636	-0.655343267678552	0.0495435203430663	0.899467592127241	1.21969425328289	0.575945631300977	-0.979356475217164	-0.0947032691676775	-0.656473471069958
XLOC_036701	-0.321681005417172	-0.241192624769976	-0.0516986630698231	-0.314026567488746	-0.490549989107246	-0.224567846147812	0.852778206805979	1.00167188477671	0.787223893916265	-0.203385150568419	-0.34089918145575	-0.453672957474003
XLOC_036713	3.02065599248198	-0.989463870630981	1.86933215507997	2.41632659873517	-0.989463870630981	-0.989463870630981	-0.989463870630981	0.609396218750719	-0.989463870630981	-0.989463870630981	-0.989463870630981	-0.989463870630981
XLOC_036725	-1.01949801225055	-1.00611720171734	-0.147124340534218	-0.315355290643274	0.547741101343141	-0.205260328120723	-0.67850848197727	-0.0430399557827554	0.443007546033154	0.914449051442611	0.538113325224884	0.971592586982338
XLOC_036726	-0.95238319298747	0.0715071371693581	0.758330136797467	-0.140555983982459	0.0345407896623318	-0.72177946049432	-0.580506910777922	-0.721146424549041	-0.350144581226644	1.64994773140233	1.0895420021908	-0.137351243204433
XLOC_036728	0.283965528644144	0.357475395701689	0.0634009474926396	1.55722005949231	1.53546704177795	1.38731296279955	-1.80622066456349	-1.98823067516425	-1.22266259720037	0.442187516653184	-0.868335849274337	0.258420333640993
XLOC_036730	-0.439999523735064	0.151390068747105	0.0790368002737276	0.236533047423884	0.616357996047998	0.531206739436242	-1.1975600385376	-1.58906275927665	-0.714934555986649	1.18449591081613	0.498782036405701	0.643754278385185
XLOC_036735	0.474184210116233	0.159041895957149	0.174815098002025	0.409100366546065	0.511420578689659	0.162840714519628	-0.277242027578072	-0.789435536512439	-0.479244264724715	0.000776189952977013	-0.363785628561931	0.0175284035934204
XLOC_036742	-0.0609968777321281	-0.566808925235421	-0.235835319912344	0.534319099888128	0.464692660777243	0.985300491981386	0.215878548403753	0.986023231807344	0.224585372181609	-0.263955802780134	-1.14023762695672	-1.14296485242272
XLOC_036747	0.227726815200557	-0.13843789789358	-0.499270619321633	1.21799274636766	-0.17258732170561	3.15049061099384	2.51881657700334	1.05704873935151	1.2460080422085	-2.86926256406819	-2.86926256406819	-2.86926256406819
XLOC_036748	-0.387025159185956	-0.234043030552654	0.304201159632977	0.151079861996035	0.285080948452059	1.23722378525411	2.88817358772773	1.92717007273297	2.61324136852017	-2.40727793865791	-1.9806796336206	-4.39714502229892
XLOC_036753	-1.52991211712916	-1.52991211712916	-1.52991211712916	3.0183127671658	1.16676312523343	0.48515964136952	-1.52991211712916	0.80867825342679	-1.52991211712916	1.26585650179286	0.886553271549166	0.0182370251082244
XLOC_036757	0.616495297620425	0.530872036367144	0.300636033223803	0.635971782480357	0.260768798270252	-0.0646357907241386	-0.483242892432448	-0.275431097675382	-0.571671850756491	-0.519273560130745	-0.0352196827794078	-0.395269073463365
XLOC_036763	0.256906476641062	0.635259838109816	0.465597459597028	-0.248396875056257	-0.342958244820196	0.0197636583763074	0.229044084928094	0.427222459824427	0.625343042153489	-1.43877715218931	-0.358311212440881	-0.270693535123571
XLOC_036768	-0.718341662132391	0.290829168775	0.633439666846048	-0.381145175908252	0.179886720489582	-1.16892702479016	0.543099223418936	0.291678898233616	0.78404684957292	-0.921300587180397	0.142227700248371	0.324506222426723
XLOC_036805	-0.572548577001579	0.214122329465958	-0.117052159775886	-0.157347979024828	0.319388057664071	-0.228966346595302	0.203438992405443	0.288919825414077	0.599707227775368	-0.419492747159447	-0.158520976501816	0.0283523533339372
XLOC_036806	-0.817223591404163	-0.0136149178767635	0.108367422481601	0.0431550497732829	0.250713983899929	0.228890935836361	0.354613195796188	0.0829836293505597	0.191070003444326	-0.298469027479085	-0.20303576755268	0.0725490837304408
XLOC_036820	0.725527978531229	-1.08954061204286	-1.08954061204286	1.79779186315482	0.814090160235218	3.38904781078059	-1.08954061204286	-1.08954061204286	-1.08954061204286	0.900326471598149	-1.08954061204286	-1.08954061204286
XLOC_036823	-0.0253546806052452	0.173573967380201	-0.419303830001462	1.41281679010753	1.00348359517003	1.2803937917679	-0.998242589797751	-2.04346436029221	-0.542943210129947	0.732796343602117	-0.509445753353807	-0.0643100638473637
XLOC_036860	0.450570325688315	0.533441824629311	1.12796599999391	-1.37352028834794	-0.331310642212907	-0.892968367595288	1.26903381171295	1.20048312306902	1.20910731745648	-0.924791748190537	-1.14331470106722	-1.12469665513611
XLOC_036866	0.890029851575001	-0.178139389548437	0.666058535960415	-1.70393340878614	-1.70393340878614	-1.70393340878614	2.46855157424081	2.22237789463356	2.16485490221451	0.285933674854863	-1.70393340878614	-1.70393340878614
XLOC_036869	0.707892700107315	0.986129067440179	0.571058039094101	-1.76021555017894	0.162897632538817	-0.357968834855994	0.404361870563823	0.65470319109314	0.574663669380231	-0.895386099458314	-0.0430521903183543	-1.005083495406
XLOC_036889	-0.981201942642801	-0.413382309740742	0.00668556501430118	-0.434050866424825	0.00754107850560182	-0.64121055171528	0.0975036220124883	0.197109076042895	0.324311970251603	0.313766963407084	0.490431628566608	1.03249576672307
XLOC_036901	-0.078653855632588	-0.708058648241999	-0.309245016811452	0.995116376373657	0.67458488483086	0.849089361018066	-0.256375864829716	-0.42686668854155	-1.03424366440127	0.0333447514271565	0.31351045419351	-0.0522020893846742
XLOC_036910	0.387378614325569	-0.255030265772289	-0.564814071239795	0.399791174249918	0.810222780299303	0.889206100237559	-0.917638930642865	-0.0518051362610992	0.0599168730795148	-0.281473021209329	-0.153015017567813	-0.322739099498675
XLOC_036917	0.833533645362651	0.490200830329976	-1.76042961499849	-1.76042961499849	-1.76042961499849	-1.76042961499849	0.850647008199903	-0.161569525616793	0.135571429530253	1.03533900392352	1.14798133177266	2.71001473649181
XLOC_036918	1.49079249649128	-1.60619688277746	-1.60619688277746	-1.60619688277746	-1.60619688277746	-1.60619688277746	-1.60619688277746	1.21900314602211	0.289804161751283	2.08176141207288	2.75302175296051	1.80279832736672
XLOC_036920	-1.98586975406474	-1.98586975406474	-1.98586975406474	0.0843497314842832	2.69635621668624	2.03294787175923	0.153727339067507	-1.98586975406474	-1.98586975406474	1.32389027276427	0.922541192706416	2.71553614585576
XLOC_036934	0.847791694052238	0.854178763363691	0.757821764144072	0.0245439296704477	-0.195095394510455	-0.0472827190598712	0.144404135058152	-0.0260866886536828	-0.334437274514252	-0.351652045309438	-1.03813295959067	-0.636053204650236
XLOC_036935	0.114696312213217	0.0910540261984671	0.311461925944347	0.551588088381974	0.203023182002105	0.704568714718229	-0.233227330567558	0.0444306869714666	-0.419685082071608	-0.346222608010787	-0.466293722375994	-0.555394193403861
XLOC_036990	0.672241731482689	0.382967160146308	-1.1428268590914	4.03487844735317	2.06266045010802	-1.1428268590914	-1.1428268590914	-1.1428268590914	-1.1428268590914	0.847040224549608	-1.1428268590914	-1.1428268590914
XLOC_037000	0.134549354971847	0.550606077110804	0.893440461179876	-1.05549032008472	-1.56185838750962	0.198743296450109	1.03784471347135	1.10659643853598	0.334572521109531	-1.15542060120906	0.463835065692648	-0.947418619718746
XLOC_037001	0.118646138729699	-0.700059255725882	-0.371885376486683	0.170581178781216	-0.369086815665561	0.298435406590049	0.313029473928714	0.772722510191137	0.446299796964292	-0.20995923144369	0.0172205277596715	-0.485944353622965
XLOC_037002	-0.756103809834138	-0.597280091827006	-0.780452053938456	0.3251568542685	-0.393842462653551	0.0854269300787323	0.805686874477142	0.163127853188859	0.619305481664723	0.669762131386816	-0.336742884193585	0.195955177381966
XLOC_037007	0.488005873981818	-1.32706271659227	-1.32706271659227	-1.32706271659227	-1.32706271659227	-1.32706271659227	0.812534376539978	1.01152765396368	1.36080965361557	-1.32706271659227	1.58134823017889	2.70815051127369
XLOC_037011	-2.19806094768399	-2.48733551902037	-1.64313759351152	-1.94291005270905	-0.807642229058664	-0.673134135937885	0.0162158625249527	0.25450721127937	1.05991039976212	2.43293007184976	3.0457001962725	2.94295673623278
XLOC_037013	-0.272694206378402	-0.516067705922543	-0.351586415749651	0.654177246341522	0.455828518267172	0.495243041898101	-0.191196482271321	-0.107167758676919	-0.218894473241662	0.217197154826763	0.0315125097610061	-0.196351428854058
XLOC_037047	-0.366335637203221	-0.732500350297358	-1.83819675497682	-1.39310553092295	1.05598423535686	0.255642311227733	-0.497485473901278	0.948805364710712	-0.26712314435	0.224633278378379	1.17256343906745	1.4371182629105
XLOC_037049	-1.20273558284211	-1.11537025791716	-0.154689940338463	-0.122494572210329	-0.0258617380990209	-0.448784657429369	0.280700100687135	0.528797674554447	1.1665143460255	0.422289786885167	0.420623446384066	0.251011394300135
XLOC_037052	-0.908671814396679	-0.460847665917012	-0.497436494714274	0.779160795909722	0.865340894210907	0.767786218926202	-1.05639230630124	-0.836702063117336	-0.165785036754785	0.340757892510297	0.695277298174299	0.477512281469903
XLOC_037054	-0.137230374498468	-0.468456261990572	-0.246983299068436	0.630165891790458	0.0631348168790229	0.677007309631358	-1.56137353701651	-1.3230821882621	-0.639322261618032	0.753472356959284	1.21191646431812	1.04075108287587
XLOC_037055	-0.188313341254196	-1.06170041292126	-0.667383040797151	0.912751956470263	0.204349306700306	0.432327719546682	-0.638204839988513	-1.1010924731916	-1.49994091172839	1.42522060132733	1.37671895408687	0.805266481749663
XLOC_037061	0.348643286541416	0.507467004548547	0.92204462315203	0.280463899220609	1.10029897615339	-0.752499080887238	-3.58477403000059	-1.09312929287431	-0.0680439201124985	0.667734012578359	1.07328154150056	0.59851298017973
XLOC_037075	0.832806208590497	0.667214836456069	0.799476606757444	0.160118674080372	0.162534545647542	-0.22760477988428	-1.56261691820243	-1.31342203463868	-1.62236981705545	0.878746450153279	0.627899125752349	0.5972171023433
XLOC_037078	-1.0908545747812	-0.113489863202149	-0.0472577292438245	-0.238550405275145	0.314326686193681	-0.186053481876124	-1.10632170170447	-1.34823818509362	-0.398081501053794	1.11261665755836	1.3310429224843	1.77086117599398
XLOC_037088	0.314231905954256	-0.476841280332726	-0.365522263794224	0.643843191151253	0.695831506132764	0.497494471353008	-0.772786087216512	-0.442537355247138	-0.766369946726235	0.0252748651473222	0.335261535526563	0.312119458051667
XLOC_037098	0.0318875734353954	0.444852300015921	0.625445872456975	-0.73176234587316	0.152238074280487	-0.935853242022149	0.519476042397287	0.219552944166761	0.309484131185049	-0.713173467566782	-0.0664451382087137	0.14429725573293
XLOC_037117	0.346796118824869	0.288105091037156	0.210034748533175	-0.0778845031619166	0.0450015918125501	0.0335582302027753	0.0149124146622945	0.0479263432510528	-0.146406651115484	-0.465399001249105	-0.0858493044304769	-0.210795078366885
XLOC_037158	-0.328742859481869	-0.344941332482858	-0.239984803723647	0.640492755236645	0.390854841561502	0.621371044912543	-0.0680201503319218	0.0671054950622558	-0.00137242903468149	-0.362251194352037	-0.102675041029064	-0.271836326336867
XLOC_037164	0.837735144815142	0.579058605309751	0.798838136225596	0.480329052772085	0.469783284552882	0.596627627454462	-0.462362744022878	-0.106632928574122	-0.213992570593122	-1.17038727711291	-0.957406755826264	-0.851589575000616
XLOC_037178	0.107929541147302	-0.206213031686126	-0.515996837153631	1.04562216363093	0.598487091236796	0.322856216603947	-0.0792053447035777	-0.771044573885084	0.164510980653549	-0.587681803586405	0.0453855284512601	-0.124649930708964
XLOC_037187	1.22403506122321	1.19431737620653	0.863142886964684	-2.23913983409357	-0.60716305746242	-1.78647690697105	-0.0663915574901406	0.251373927850495	-1.01120170301456	1.1081075768533	0.27326621401139	0.796130015922139
XLOC_037198	-0.303991763789939	-0.0300848736867767	-0.405218416356028	0.354345228811423	0.863981751576302	0.92432125799357	-0.639808342436371	0.314386476811169	0.0753609367900818	-0.735016060597811	-0.457902181067084	0.0396259859514689
XLOC_037216	-0.887486164918621	-0.533372443650368	-1.13349567491764	0.191493855257316	1.21634750039171	-0.0897895136308664	0.0653874766199216	-0.637082603027312	0.31548731852153	0.437582737473408	0.511215261536083	0.54371225034483
XLOC_037281	3.01541133440707	3.48030222701976	4.55429868472941	-1.38718653471663	-1.38718653471663	-1.38718653471663	0.0474800315767936	-1.38718653471663	-1.38718653471663	-1.38718653471663	-1.38718653471663	-1.38718653471663
XLOC_037283	0.389659020529438	0.154602391509004	-0.30678659706992	0.00939681453587138	-1.00913665968781	-0.868818339139008	0.815463203449107	0.62455743419609	0.498727341504563	-0.093322198451931	-0.131060771656843	-0.0832816397185612
XLOC_037295	1.18227881479067	1.03866797993458	-0.123524803753624	0.749503912544863	-1.73152615153712	0.234920120297936	0.703713048145576	0.721291143270023	-0.102480214937872	-0.740243099049357	-1.15361153748059	-0.778989212225083
XLOC_037307	-0.647139599378043	-0.647139599378043	-0.647139599378043	-0.647139599378043	-0.647139599378043	2.17742739347625	-0.647139599378043	-0.647139599378043	-0.647139599378043	4.29396860030417	-0.647139599378043	-0.647139599378043
XLOC_037308	-1.58483749708795	-0.0590434778502456	0.785154447658607	0.485381988461072	0.318793275190124	1.23972949576634	-1.58483749708795	-1.58483749708795	-1.58483749708795	2.1031207977624	3.05105095845146	-1.58483749708795
XLOC_037309	0.842280186468262	0.427235400148612	0.573908856428742	-0.16856473727259	-1.08765269110953	-0.945801174772681	0.825551760852861	0.785005546247593	0.430896128984781	-0.138406629735044	0.259294833794267	-1.80374748003527
XLOC_037318	-0.22666898624776	-0.98537717274531	-0.320988301946086	0.0499914363540697	0.407598301725685	0.101974774194014	-0.107229202930053	-0.66106012551114	-0.721276542086741	0.9013060669122	0.854100174461476	0.707629577819646
XLOC_037358	1.72987851293599	2.6360962240347	-1.36711086633276	1.52022160886492	1.83837644286665	-1.36711086633276	-1.36711086633276	-1.36711086633276	-1.36711086633276	-1.36711086633276	0.297054133389699	0.181038275904619
XLOC_037363	-0.577634386541753	-0.577634386541753	-0.577634386541753	-0.577634386541753	-0.577634386541753	2.24693260631254	-0.577634386541753	3.52941125910499	-0.577634386541753	-0.577634386541753	-0.577634386541753	-0.577634386541753
XLOC_037370	-1.69137570797928	-1.69137570797928	-1.69137570797928	2.09501388667484	1.51411160122013	0.323696050519395	-1.69137570797928	-1.69137570797928	-1.69137570797928	1.99658258687107	1.87501260270358	2.34383751988667
XLOC_037372	-1.67388777093593	-1.67388777093593	-1.67388777093593	0.396331714613092	-1.67388777093593	1.66610763138426	-1.67388777093593	-1.67388777093593	-1.67388777093593	2.56123036387559	3.86698917823204	3.22655550844654
XLOC_037384	0.707059626337127	0.262678080461149	-0.0786986945059063	0.281197781539284	-0.250815601168227	-0.564237345835903	0.549334300939154	0.127346707995224	0.644773697542757	-0.319475873532003	-0.742422301856341	-0.616740377916316
XLOC_037402	1.57711398904468	1.83650875369054	1.53627169992519	-4.30385687326184	-0.178766874191924	-0.963861470941651	0.896491350201464	1.64733986901755	1.41626710253761	-2.31398978962084	-0.494873064813568	-0.654644691587221
XLOC_037428	-0.887876968220733	3.550015246447	0.737251293274414	-0.887876968220733	1.01575380405734	-0.887876968220733	-0.887876968220733	-0.887876968220733	1.79999540198711	-0.887876968220733	-0.887876968220733	-0.887876968220733
XLOC_037456	-1.15757639195813	-1.15757639195813	0.467551869537016	0.912643093590893	-1.15757639195813	-1.15757639195813	2.8717690088249	2.3207747935044	1.53029597824971	-1.15757639195813	-1.15757639195813	-1.15757639195813
XLOC_037464	-1.54232786538513	-0.445609406658828	-0.381919713411604	-0.484823105583315	0.132483391611229	0.199398051475852	0.539019831792075	-0.336717215003597	0.592011072894327	0.534886753821006	0.479659623091451	0.713938581356533
XLOC_037465	0.737456267989246	0.371291554895109	0.0104588334670557	-2.3595331112795	-2.3595331112795	-2.3595331112795	1.12836336792226	1.11881807418303	-2.3595331112795	2.43478065523154	1.65706207065534	1.97990162077444
XLOC_037481	-0.000452584344432516	0.915303491256092	1.69840905873969	-1.81552117491852	-1.81552117491852	-1.81552117491852	-0.380854608625097	-1.81552117491852	0.872351195289322	0.174345908722487	1.45906868150059	2.52391355713542
XLOC_037483	0.0270378407107215	-1.28507659596347	0.0738005306773433	0.17266485588198	-0.79467278540203	0.103028394410476	0.35496435432756	0.773932508756753	-0.0498388494511426	0.820734156337971	-0.0163413926750025	-0.180233017611154
XLOC_037502	-0.020235193141243	-0.393454145976937	-0.510974767076585	0.561378453187118	0.397954632332025	0.679919303459354	-0.314798148271379	-0.132496507274416	-0.554013247904711	0.127719964884879	0.188587064474948	-0.0295874086930414
XLOC_037506	-0.692638675759873	-0.130374635801655	-1.35260564649813	0.56360259294579	0.518241131470177	-0.550337788175568	0.045816931767872	-0.210702513601071	0.971857966501719	0.260151438731419	-0.0507015404309961	0.627690738850319
XLOC_037510	0.387439599164322	0.179781968016732	0.156976602264907	0.0736368289351628	0.0909853692184495	0.00824238383292553	-0.203070901948225	-0.100881153127505	-0.0791232141373559	-0.383727861314883	0.0245243755826365	-0.154783996487177
XLOC_037513	-0.654032227616163	-0.102212774509884	-0.292846344605949	0.304009593945562	0.209448224181623	0.467793214471671	1.95172154691719	1.29655849876687	1.397033108199	-2.07792709357699	-1.96528476572785	-0.534260980445064
XLOC_037515	-1.10963846342545	-0.436629920521448	-0.425161576098859	0.303183171255391	0.698556394240176	1.21133171708652	2.17146912287237	2.3845437995419	1.67301059100926	-2.07875351626716	-1.0655383267409	-3.3263729929518
XLOC_037516	-1.68869784611012	-0.489325877116377	-0.0554861669169417	0.0197625962154273	0.329559441355483	-0.4948211960315	2.74562271701842	2.49937521876337	1.79020577276893	-1.46998441537879	-1.88335285381003	-1.30285739075788
XLOC_037517	1.051731770135	-0.763336820439088	-0.763336820439088	-0.763336820439088	-0.763336820439088	-0.763336820439088	-0.763336820439088	-0.763336820439088	-0.763336820439088	2.54642320638992	-0.763336820439088	3.27187640742687
XLOC_037552	-1.24176897980691	0.691035563442491	0.858507823403266	-0.141257323862893	0.387008020232587	0.0431688028988155	0.595113140655823	0.514720205927662	1.17656279049757	-1.73226666794963	-0.814446821877209	-0.336376553561579
XLOC_037554	1.06131169826072	1.29963511686445	0.519663380616989	-2.70357197350301	-2.70357197350301	-2.70357197350301	-0.563974880370764	2.07134635798669	-0.0156996032951704	0.606188053325999	1.80060454275717	1.33164125436294
XLOC_037564	1.69161577833676	1.41320140010043	1.267641092259	-0.392893667938267	0.142025384447407	-1.22215122453352	-0.519000046575662	0.0332094640947034	-1.07233024123257	-0.95379352292171	-0.436942035973037	0.0494176199364702
XLOC_037574	0.0735200925701545	-0.0379626070239745	-0.0970514214113276	-0.386111343055653	-0.389450155968445	-0.155035176488063	0.736000384853043	0.544258353819947	0.646634958362077	0.0171417630683539	-0.725947456292943	-0.225997392433174
XLOC_037578	-1.55138971038301	-1.55138971038301	-1.55138971038301	1.85440075898314	-1.55138971038301	0.463682048115664	2.14040950598398	1.63703710737848	2.77433146857882	0.438477373257994	-1.55138971038301	-1.55138971038301
XLOC_037592	-0.175703083955258	-0.385844827517331	-1.61041374538125	1.24571935924575	0.959216253975668	1.08620504205328	-0.871064188040799	-0.165817448398634	-0.360963335214187	0.0603160518809691	0.532619280060859	-0.314269358709069
XLOC_037593	-0.0907706529960191	-0.565256504914856	-1.11632916966068	0.74638958918183	1.18745968069507	1.33654188162928	-1.1274335858672	-0.129037849989729	-0.959085940728945	0.873323235991118	0.149510922219804	-0.305311605559671
XLOC_037623	-0.303256007337607	-0.43749644575761	-0.363847086032786	0.368469035246516	0.259168382766768	0.41385793187224	-0.193381169043906	0.20462059331766	-0.119336450093206	0.105069903858507	0.0594769047934989	0.00665440640993431
XLOC_037625	-0.626157613457104	-0.303746121834395	-0.454496552530852	1.04912262652162	0.514372430414398	0.897754638127684	-0.522580954888378	-0.0141651290179121	-0.392666525132468	0.186353902447796	-0.138598064186988	-0.195192636463407
XLOC_037626	0.242804060245339	-1.45562469611972	-1.97495979789822	0.780735648107383	1.4472587337504	0.886363094559922	-0.804410422826142	-0.566119074071724	-0.718485217332486	0.67657510533608	1.16420974348109	0.321652822768083
XLOC_037640	0.810585566854174	1.29906995564904	1.3098779422657	-2.02138296631984	-1.70364877437476	-1.29782515714633	2.53477936825156	1.99562816937231	2.39008865213673	-1.58799020059842	-1.93070962547265	-1.79847293061752
XLOC_037641	0.977902233095933	0.745105175494127	1.0597480254267	-0.0518838702291564	-0.726021667051464	-0.76797421858765	1.9088129353288	1.70468531680889	2.18328013217025	-2.15685264294898	-2.42850875791171	-2.44829266159574
XLOC_037648	-0.731971543311443	-0.404307691722935	0.479344455830018	0.282951024373217	-1.47290833780704	-0.467042500195276	-0.307632317244414	-0.173448648796832	-1.13631307960678	1.57890419982828	1.25029830736462	1.10212613128857
XLOC_037657	0.963123378275313	0.116764444335034	1.08936935312656	-0.0636465154444119	-2.13386600099344	0.690700991860858	2.3985521005026	2.27826438018925	1.06233587112853	-2.13386600099344	-2.13386600099344	-2.13386600099344
XLOC_037674	-4.57511576770331	-3.65935969210279	-2.63442395490163	1.36046963209181	1.93965244028524	1.17666486347864	-0.687085189865312	-1.24069182110767	-0.827307122871243	3.16616466578599	2.87405151060692	3.10698043630336
XLOC_037675	-0.502667443517418	-0.13295907955478	-0.224130726070056	-0.383109913503834	0.0564393273847053	-0.0656697338661019	-0.0529039420008495	-0.0320903757191999	0.381200902351589	0.450578156885184	0.109717632401789	0.395595195208978
XLOC_037694	0.106633508373118	-0.385592753253849	-0.41795212025095	0.476910015605128	0.483948241897217	0.152141395451183	-2.38269627295034	-1.49473214083171	-1.55590210091834	1.62145651787344	1.68690077698091	1.70888493202419
XLOC_037695	0.0741675137751034	0.472813958698467	0.503359949889145	-0.0518433785789405	0.199320382904643	-0.269519653569507	-0.659636572856545	-0.734278733952419	-0.472626853718378	0.0952307715479019	0.276006938271761	0.567005677588776
XLOC_037696	0.406996028638131	-0.121687521957677	-0.056433191483892	0.774487826804332	0.523870260628618	0.62901962409944	-1.21627605095401	-0.813787936888707	-0.808406350162771	0.242245377633076	0.450738338588303	-0.0107664049448495
XLOC_037704	-0.53367655127154	-0.0827947403512752	-0.470807186091796	-0.194837382954928	-1.31555751917276	-0.193685160344019	2.24311130021202	1.8481024742945	1.94955199498393	-0.633825831016665	-1.17283053824605	-1.44275086004142
XLOC_037705	-0.625850481548033	-0.0986072409676293	0.088888563276905	0.618546207352702	0.0692610028334197	0.26925178410466	1.31683835026144	1.2953368836448	1.17619470671927	-1.52909450987757	-0.760230737275633	-1.82053452852433
XLOC_037708	0.111769403853788	-0.300630340358374	-0.686152407152673	0.722174024753413	0.782303752522981	0.451760794781308	0.681879539155329	1.31631697330998	0.917046636997064	-1.05218632392873	-1.30065656856876	-1.64362548536532
XLOC_037715	0.974871564892273	0.265051298792416	-0.196337689786508	-1.37139658831341	-1.57169974848015	-0.510245542272792	0.972322274788853	0.600659179462177	0.94293691811989	-0.542068922868041	0.622551465623072	-0.186644209957779
XLOC_037717	-1.27896109150378	1.07221326296608	0.973241316608509	-0.982948915432266	-0.357762677379958	-1.67899686240034	0.263795185546733	0.230443608869493	0.714361871495782	-0.348285207454822	0.138253658517661	1.25464585016692
XLOC_037718	-1.13965853044266	-1.17450254770442	-1.06962969423251	0.373434251339194	-0.40467172982976	-0.406616860950341	-0.00711346263959278	-0.544737183394823	0.141482560207163	1.51974290389063	0.893643833145906	1.81862646061123
XLOC_037752	-0.0648395716749279	0.343674227442216	0.285778103792389	-1.14192685924095	-0.757997266629697	-1.39033094178955	1.05957056963703	-0.0674142170250933	0.496712299544242	0.428076480462987	0.362841520990245	0.445855654491108
XLOC_037755	-0.125000717820721	0.541203339547017	0.118181778190206	0.810660902789132	0.107436204741347	0.291524915530927	0.400136151996911	0.326746108644847	0.444772664631778	-1.60823741207486	-0.500936671550326	-0.806487264626254
XLOC_037757	3.34196179643872	-1.06063607268498	-1.06063607268498	-1.06063607268498	0.842994699593095	0.954435685813695	-1.06063607268498	-1.06063607268498	-1.06063607268498	0.929231010956026	1.35582931599334	-1.06063607268498
XLOC_037761	-0.590157333956303	1.34494858990047	1.02468853137498	-0.323846615091202	-0.470181468096404	-0.638797184545163	0.439636312939524	-1.04347442738129	0.609938111755931	-0.428477137488074	-0.135301644225013	0.21102426481254
XLOC_037763	0.0972291844494455	0.548559368008348	0.99092828307527	-0.335434657177771	-0.269905343385375	-0.76217978041331	0.356879180631629	0.00229241154128701	0.20771182154321	0.0823807109192769	-0.884411263380283	-0.0340499158117318
XLOC_037764	1.32881565550856	0.622234948489252	0.769358788624273	0.250235407447311	-0.30534715468798	-0.0378495054373111	-0.362135010194227	0.48149926055634	-0.448282792504442	-1.27950227376466	-0.907608667338198	-0.111418656698916
XLOC_037768	0.243448851992014	-0.0951218294951506	0.201192086734183	-0.351339195041715	-0.421373636712516	0.17341464607042	-0.159926321160329	0.296775124299725	0.510971367467778	-0.510257410770059	0.281430037920006	-0.16921372130436
XLOC_037770	-0.822442160353665	-0.00284156531597279	-0.530654922065382	0.652117200258025	0.887622927812468	0.708306216833632	-0.392003840755057	-0.745445715716083	-0.217773111804876	0.429524182636454	0.202600341947064	-0.169009553476604
XLOC_037785	-0.45626964614678	0.229592927091139	0.112636685915493	-0.92325391026518	-0.243509618755608	-0.391255330562386	0.0665722195016532	-0.354454679697232	0.571876993874245	0.117234102055157	0.640042526913622	0.63078773007588
XLOC_037826	0.275258973382988	0.515523135671287	0.906667036897032	-0.637323701685031	-1.03238014756224	-0.161191229757265	1.63933838936413	1.24282798690958	1.82772691968137	-1.48780927750595	-1.36112650812822	-1.72751157726767
XLOC_037847	0.24520988626133	-1.56985870431276	0.800133240433802	-1.56985870431276	-1.56985870431276	-1.56985870431276	-1.56985870431276	1.90849248114977	-1.56985870431276	1.73990132251625	1.70473115210636	3.02068414340903
XLOC_037924	-0.125770815657869	0.346173077504311	0.444803299818302	-0.142839286946016	0.043471292715946	-0.31005929986461	0.17920541714582	0.046550135025095	0.00445647639609881	-0.0784358109508041	-0.249088330587512	-0.15846615459877
XLOC_037936	1.13837718288256	1.27943458635417	1.12868415565771	-0.127789785556714	0.100549107789975	0.480557886372462	-1.61057816825376	-1.14128261458789	-0.992142729597561	-0.625812905786692	1.03560731452212	-0.665604029796394
XLOC_037938	0.904323460727257	1.15632062503314	1.26789332096386	-0.546759878458566	-0.266385521964367	-1.37601743505382	-0.562566661257482	0.210681392152616	0.0902260970916515	0.213756610622455	-0.896930526485693	-0.194541483371052
XLOC_037952	-1.52783471966324	-1.52783471966324	-1.52783471966324	3.20530653537826	2.35066458561193	1.29673227319105	1.08324190353516	0.0710253697184589	1.1600376505446	-1.52783471966324	-1.52783471966324	-1.52783471966324
XLOC_037957	-1.00564563059585	-1.30167235836742	-0.485549890031836	0.311191987719123	0.360710127743888	-0.33592038392716	-0.769940968016881	-0.335206413111067	-0.042397429057246	1.39130792372689	0.804035936162554	1.40908709775501
XLOC_037958	-1.48786469447694	-1.87461723875122	-1.4969879628649	1.14278152669106	1.73719162880438	0.767004808821359	-1.38232656694664	-0.477830034750966	-0.301351690059159	1.37771728499391	0.928888434728276	1.06739450381086
XLOC_037962	-2.36933103874843	-1.09391619687302	-0.221583642925669	-0.0971443188866683	1.21213770030341	-0.465432301622815	-0.69650315012076	0.08323712021493	-0.61305933646666	1.6602892252876	1.05889129597113	1.54241464386695
XLOC_037963	-1.28626370380359	-1.28626370380359	-1.28626370380359	-1.28626370380359	0.617367068474485	2.0537316985166	0.148402862489832	1.53893632499598	-1.28626370380359	0.703603379837416	0.377901295918871	0.991375888784767
XLOC_037967	-0.134950263925197	-0.0988104113176052	-1.35918556168324	-1.16696072793508	-0.820808176009644	-0.274056349121763	1.79795058954982	1.86636455980414	2.09872324798508	-1.81507585191027	0.0378428024073463	-0.131033857843566
XLOC_037970	-0.329451665243532	0.237238630841349	-0.298200927096257	-0.738762275637744	-0.483491518380984	-0.148571420991581	1.91115090297843	1.53234657301923	1.55322373875293	-2.4731802017156	-0.539649303250964	-0.22265253327529
XLOC_037971	-0.729691581420973	-0.0900510940726891	-0.120151305850104	-1.04503414010882	-1.92680214134526	-0.158675040249091	2.02116490606231	1.2976571692242	1.71715729377417	-0.897171315733146	-0.496400995005255	0.427998244724648
XLOC_037973	0.472032768968397	-1.28079350706864	-0.61551653614237	-0.284021629082289	0.310949031232841	-1.03128153719795	1.42320115405622	1.37704962411437	0.44726757105359	0.259597811182559	-0.562293131069862	-0.516191620046874
XLOC_037975	-1.97894913231435	-0.20844974984671	-0.495089143690039	0.101766794861472	0.119413370667445	-1.05712088575913	0.312140629488437	-0.532481701494129	0.109272348262077	0.841495163792535	1.37975056070475	1.40825174532763
XLOC_037977	-0.178161838598209	-0.381944171652021	-0.29311406034542	0.0715780636971068	0.166832437475444	0.0231712143859841	-0.266950755484837	-0.19950013942031	-0.243338072729617	0.410175478986492	0.470028942822069	0.421222900863322
XLOC_037978	-1.42471122064785	-0.318661285722899	0.140643003525706	-0.582978781436552	0.353357077078475	0.142666286406399	-0.120243143768977	0.209900676023861	-0.144092764631494	-0.260935807363878	0.671186758837563	1.33386920169965
XLOC_037985	-0.960174407758889	1.29045603756958	-0.960174407758889	-0.960174407758889	-0.960174407758889	-0.960174407758889	-0.960174407758889	-0.960174407758889	-0.960174407758889	1.83559421116312	3.23787982850894	1.31746518482947
XLOC_038003	-2.37752781695535	-2.37752781695535	-2.37752781695535	-2.37752781695535	0.827959492244065	0.962467585364844	1.49289398233868	1.8901089325821	0.310344553252492	1.85759031785618	0.897062039463766	1.27168436471927
XLOC_038044	-0.243783256186308	0.213573712624192	0.47217202060443	-1.37856703003324	-0.439289762743572	-1.90797428850423	1.37419282198224	1.27377111299104	1.30873688566653	-0.618050540952219	-0.139347105852217	0.0845654304033348
XLOC_038047	-0.351414854831115	0.402272323556303	0.549474766764825	-0.798689481264465	-0.0443285847213435	-1.05324231348252	1.62162362030102	0.863756445139926	1.96513637560806	-0.73751696979492	-2.25724087988685	-0.15983044738891
XLOC_038067	-0.957942495229853	0.0390354614383366	0.44229331183397	-1.67828980348943	-0.923928906946306	-2.14448954312416	0.127304812512813	0.789131968788308	-0.192479275028152	0.694084036644232	1.85005561037828	1.95522482222195
XLOC_038068	-0.105907505743757	-0.106484375787526	-0.175438170480926	-0.781784106263162	-1.30516601493307	-1.54294519164186	-0.441272856148148	0.420803147328036	0.182949409046365	0.938496458487807	1.89679051222468	1.01995869391156
XLOC_038093	-0.755253094367299	-0.431630243195405	-1.35359515836311	0.370110220362847	0.0135768022095872	0.46150530844652	-0.571255209483319	-0.195479091791804	-0.314288079403362	0.708305776484798	0.989156909624263	1.07884585947629
XLOC_038097	-0.865256201173949	0.579767212032025	0.552695633698677	-0.633106428571829	-0.315326852632788	-2.02685445682483	0.134918261343117	0.0833485138356886	0.06379816311886	0.627433948097065	0.699776094167118	1.09880611291085
XLOC_038143	-0.540445594981285	-0.594415011934513	-0.904235180275132	1.12330202603492	0.746045540543254	0.766695096801826	-0.416776705006158	-0.083648998395371	-0.42996295788752	-0.0909378336065503	0.583684319934007	-0.159304701227477
XLOC_038148	-0.153845870187954	-0.650213886012603	-0.337151316717895	0.702382935064847	0.721987117401095	0.577271090740977	-0.340016769009493	-0.145704686716018	-0.347419371065515	-0.101354908387743	0.136274155127916	-0.0622084902376159
XLOC_038180	1.11678291297226	-1.47718034738888	0.147947914106266	-1.47718034738888	2.10370689562207	2.54163727843509	-1.47718034738888	-1.47718034738888	-1.47718034738888	-1.47718034738888	2.88203828834909	0.0709687948485007
XLOC_038183	-1.16365859067402	-1.16365859067402	-1.16365859067402	-1.16365859067402	-1.16365859067402	1.66090840218027	0.975938502458225	-1.16365859067402	0.732342453854725	-1.16365859067402	1.74475235609713	3.0316684201278
XLOC_038202	0.179510177909687	0.875635024794798	0.667496993146749	-0.965830206048455	-0.388961133714012	-0.931137936273961	0.863164226644949	0.878617617406086	0.746744245622622	-0.424460551898216	-0.87792738601417	-0.622851071576086
XLOC_038211	-1.50509008242755	-1.50509008242755	-1.50509008242755	-1.50509008242755	-1.50509008242755	-1.50509008242755	1.10598654077085	0.0937700069541496	-1.50509008242755	2.94143439848031	2.99908643383264	3.39535319695492
XLOC_038212	3.04642120042871	2.3309985006299	2.26560790803774	-0.696881131319333	-0.0497541333637468	0.200759824262845	1.80088524244726	1.95545701170495	1.34380739813616	-3.25523893197328	-5.24510601561429	-3.69695687337691
XLOC_038213	2.53620585480266	2.59005024923244	2.14729777480302	-1.55971899171605	-0.250436972525971	0.303497297465998	2.05893744944545	2.2254883150808	1.71328910608935	-5.6469743021519	-3.23050891347358	-2.88712686705223
XLOC_038215	0.588297579986921	-0.00607038134270699	-0.00850583383975945	-1.51256098820126	0.271105165420601	0.171118768035235	-0.403042735335573	-0.155816050810079	-0.663423547181622	0.138051489193216	0.743065242608123	0.837781291466902
XLOC_038216	2.45662682215652	2.64311634918351	2.19058129231863	-0.926642255595535	-2.99686174114456	-0.981789982645882	2.06321901065655	3.21347629068717	1.32885943781727	-2.99686174114456	-2.99686174114456	-2.99686174114456
XLOC_038218	-0.846157382700094	-0.282739176226539	-0.249367692684483	0.813126256865919	0.831101805269068	0.604919323467619	-0.173207934086186	-0.476137543511462	-1.41337271601587	0.523342343553237	0.76318293099663	-0.094690214927839
XLOC_038220	-0.277530396135448	-0.307719457239088	-0.28862944887514	0.0471157779712232	0.479596738124176	0.13363185530933	-0.408110844618824	-0.323450669477797	-0.379635744324599	0.591128285779838	0.403557209582205	0.330046693904125
XLOC_038245	-1.13534094587585	-1.25994337357416	-1.46855577975718	-0.795663796297177	-0.163285403944909	-0.804236900345845	0.165219470688964	0.247267946113709	0.145687417958268	1.61064875918938	1.90850886941269	1.5496937364321
XLOC_038251	2.60556497982734	2.056815512459	1.91272872409661	-1.10155074277409	-0.931130547333679	-0.00859230808354372	1.91009806612186	2.12723657109871	1.9511015446975	-2.81575198496955	-3.77628026336196	-3.9302395517782
XLOC_038256	1.3252628353755	0.908509707747737	0.969636351432572	-2.22433667644054	-1.90618184243881	-1.39270182393852	0.849840598893829	0.886079084788827	0.750234473767083	0.398661777307032	-0.0438781825782755	-0.521126303916433
XLOC_038287	-1.45012628254787	1.28069838362674	-1.45012628254787	-1.45012628254787	-1.45012628254787	-1.45012628254787	-1.45012628254787	0.888464088008075	-1.45012628254787	1.34564233637414	3.18576217299154	3.4503169968346
XLOC_038291	-0.427941051626325	0.301188947890198	0.36859016838698	-0.209522203218309	0.180948555706701	-0.38216168673312	0.130071448422676	-0.0746264367972262	0.0939342160119025	-0.425115594280877	0.0665794617064801	0.378054174530913
XLOC_038303	-2.03478321911128	0.696041447063334	-0.409654957616132	-2.03478321911128	-2.03478321911128	-2.03478321911128	0.931056323459414	0.303807151444668	0.653089151096563	0.760985399810735	2.16327101715655	3.04053734402998
XLOC_038307	-0.447461730802289	-0.995173661565739	-1.19545966691516	1.23725423961972	0.713872330949807	1.66896295819219	-0.736157147654446	-1.05123000766526	-0.206878977130494	0.957675061467855	-0.0904846842520621	0.145081285755881
XLOC_038345	-2.04230687024858	0.20832357507989	1.47162336340963	-2.04230687024858	-2.04230687024858	-2.04230687024858	-2.04230687024858	-0.44344678086688	2.28341430871325	1.94501815906293	2.59358158529084	2.15302014055324
XLOC_038353	0.281607817611708	-0.097665095494408	0.0498972979305643	1.05473280823076	0.804428532757878	0.25167165293538	-1.21588418528574	-0.701018772489833	-0.632326117922609	-0.588790328214474	0.554439413463985	0.238906976476787
XLOC_038354	-0.353519281843181	0.128947840083365	-0.00211788287999326	-0.148195770173919	0.111888164459044	0.117492378421762	-0.290701416326348	-0.618867392043915	-1.02776401272895	0.639547638465833	0.69955916305335	0.743730571512957
XLOC_038360	0.208135603942981	-1.23494304369581	-0.570378715051342	0.118758517139596	0.265305018541527	0.594890989067362	-0.472487034900234	0.651479836668347	0.255056504059401	0.0952450931152757	-0.0662545621503243	0.155191793263224
XLOC_038385	1.70946633353352	1.85807505993247	0.610213414161058	-1.7597785305855	-1.7597785305855	-1.7597785305855	-0.325111964292079	-0.1609184412038	-1.7597785305855	0.230088553055506	2.59944010515247	0.517861062002857
XLOC_038416	-1.3820363422122	-1.08512739551738	-0.94279564623485	0.765475079583183	0.00438112430075943	0.558315394292729	0.162014206303128	-0.728325933894414	0.928551721007976	0.784328073943077	0.653965461728074	0.281254256699915
XLOC_038450	1.56270210030948	2.22976513986394	1.42382397096317	-4.18935652226236	-4.18935652226236	-0.84936111994217	2.05744472676942	2.13495857276953	1.86208870139195	-0.879596495433353	-0.622968211579498	-0.54014434058774
XLOC_038454	1.37131071244335	1.18197317943832	0.865507733091575	-0.764229095584309	-0.978061098796983	-1.77840302292611	1.06755445029626	1.31765742752076	-0.0200521989957112	-0.703056584114764	-1.13815171488784	-0.422049787484551
XLOC_038455	1.77557641881136	1.49624864436859	1.52828247068041	-0.902985551154845	-0.846969732248973	0.199720865838929	1.02890332718598	0.819778451385551	0.463055842175795	-2.43272323236681	-1.78415980613891	-1.34472769853707
XLOC_038456	0.685279704914783	0.697210839476978	1.08371789982767	0.377389158620521	-0.533613513306991	0.65518599553531	0.451871533646864	0.315911238023946	0.632354279382954	-1.1774382236587	-1.99666654195735	-1.19120237050598
XLOC_038457	0.692843900918149	0.89874610342554	1.01664541064912	-0.879289648780238	-1.09312165199291	-0.166565063944606	0.952493897100332	1.27855477304121	0.497039341945921	-1.16590642291388	-0.454222963492852	-1.57721767595578
XLOC_038458	2.09992123403748	0.528725874006437	-0.99706814523127	-0.99706814523127	-0.99706814523127	-0.99706814523127	0.437598421062153	-0.99706814523127	-0.99706814523127	-0.99706814523127	3.36215049050671	0.551080997006112
XLOC_038470	-0.19993602396525	-0.164788096707266	0.0179270910148102	0.203178483158851	0.102790547527947	-0.181418340585157	0.570977655813733	0.131191989785524	0.289152405396488	0.0905296242626594	-0.532431456635791	-0.327173879066544
XLOC_038474	0.464939851840828	0.286395972245948	0.255151335303305	-0.290746570924973	-0.0671751389152959	-0.182664498246679	0.377409771938185	0.638862565744994	0.294136032653972	-0.572216806759368	-0.613880290969467	-0.590212223911456
XLOC_038492	0.233546819518111	0.337240390968629	1.01235919658697	-0.244121131708286	0.350849528606845	-0.612409114444433	-1.72029981894574	0.546694299056214	-0.46258813114348	0.115148038763723	0.30451201339528	0.139067909346164
XLOC_038495	0.719444041235075	0.712938094415829	-0.00755339328711502	0.509787137164006	-0.473914565755598	1.34142198966603	-2.37754533803367	-2.37754533803367	-2.37754533803367	0.932214688795337	2.12663117822651	1.27166684364095
XLOC_038501	0.0438902081092536	0.318872466908918	0.530476874255592	0.25663934767555	-0.0113095705710871	-0.298254249300352	0.138549433847819	-0.0540449196627035	-0.0939763781008507	-0.300116392373247	0.0596352403855853	-0.59036206117448
XLOC_038523	-0.295023138343016	-0.497009818870766	-0.410397284991736	1.0206508390162	0.251100169560492	0.822855626735171	-0.330568429001	0.412873319123773	-0.468856943114332	0.295210490643509	-0.120392290696373	-0.680442540061917
XLOC_038548	0.267651372909405	-0.125496380779324	-0.168202809815392	0.828072902108667	0.693359166356769	0.842639744487983	-0.676215215731947	-0.39330214312208	-0.309272833525428	-0.102022993609242	-0.054170157606201	-0.803040651673206
XLOC_038552	-0.605675758899661	-0.412696706314964	-0.35802888335593	0.21923943275112	0.0232764315190597	0.340568692519483	-0.585242367734745	-0.584528684300938	-0.531988893324439	0.462340905435333	0.953985617444296	1.07875021426139
XLOC_038553	0.216912160123153	-0.336423717470241	-0.504220034311176	0.0178440516466942	-0.215314058262804	0.00870525112306453	-0.502624101061343	-0.454764844555921	-0.487935821823662	0.290198318741044	0.98525204023773	0.98237075561347
XLOC_038558	1.78400572745476	1.67682387356522	1.70840383671189	-3.09009008192338	-1.53440040290134	-1.38893610282089	1.63507537181321	1.69977002454617	1.25915822859368	-1.86500580058884	-0.826458524134297	-1.05834615031618
XLOC_038566	1.25791918178346	-0.0141868490927912	1.03106084668631	-0.0922715719948988	0.0589023573487779	0.205039402068914	-0.231757232019819	-0.162121508573837	-0.627104974363025	-0.901331390090239	0.021758415427124	-0.545906677179977
XLOC_038572	0.394273117568569	1.32439682053612	1.47239565878667	-0.667982206826852	-0.0208552088712661	-1.87621168880161	1.51983405192493	1.07110845473662	1.10450083521134	-3.2263400074808	-0.580318635582392	-0.514801191201308
XLOC_038574	-0.297684778046266	0.473797849646774	0.581652037549466	0.0534240051064856	0.477277681741722	-0.187594024510528	-0.129717953733619	-0.618716612721679	0.0447585894035001	-0.0971806031190603	-0.442803343559623	0.142787152242823
XLOC_038583	-0.549126154303806	0.352981932971751	0.241075631045549	-0.204521905964352	0.0469781673634042	0.0455170787996568	0.160391397239174	0.0109147846492021	0.140478050742814	-0.489834260962793	-0.149363922584081	0.394509201003487
XLOC_038594	-0.170764359970727	0.0983111781284114	-0.223786753982187	-0.157548024505171	0.202831012515841	-0.229974050073802	-0.354144642978059	-0.761643437830152	0.0898158624133876	1.13086244831341	-0.0222571219295782	0.398297889898625
XLOC_038625	-0.396571717855208	-0.110118225495773	-0.026602385141028	-0.164421945253088	-0.748388358540906	-0.0337979063755212	-0.0760884894085203	0.55203299715443	0.792029601128481	-0.50265153888565	-0.2533532424199	0.967931211092688
XLOC_038652	-0.705015138588046	-1.02480767708985	-0.0906104829826084	1.25969186707113	1.36420947105907	0.920226276362594	-0.327163857651542	-0.347227345711341	-0.504991972450362	-0.569255789064885	-0.312888096925223	0.337832745971068
XLOC_038675	-1.37796491267038	-1.37796491267038	-1.37796491267038	1.5093675625273	-1.37796491267038	0.637106845828299	0.76163218046187	0.960625457885568	-1.37796491267038	1.41780370625164	2.9812537230676	-1.37796491267038
XLOC_038678	-1.26749277755668	0.258301241681024	3.31335659033638	-1.26749277755668	0.636137994721393	-1.26749277755668	-1.26749277755668	-1.26749277755668	-1.26749277755668	2.71983225175483	0.396672222165779	0.280656364680698
XLOC_038679	1.96235171014196	1.28795147082773	2.77831740627129	2.53354145720377	-1.80253196162177	1.02203503123252	-0.367865395328348	-0.20367187224007	-1.80253196162177	-1.80253196162177	-1.80253196162177	-1.80253196162177
XLOC_038681	0.623493455012929	-0.186725619851789	1.0420611187857	-0.958200833168374	-1.16370318481155	-0.0814689136248568	0.583580806945064	0.830355736774512	0.818286807583656	-0.509472293010973	-0.108701972283082	-0.889505108351233
XLOC_038683	0.505119770441258	0.215975647524287	0.611860920014885	-0.364599501796183	-0.135353121584547	-0.0661506602051416	-0.535144894000412	-0.418356867288353	-0.225030634983801	-0.367884438626406	0.335848631794859	0.443715148709556
XLOC_038684	0.725906663435088	0.191982451746991	0.272560127907585	0.451389925331835	0.365165419684786	0.649050111425456	-1.15994660762735	-0.434861155113088	-0.696224441453428	-0.304532675602631	0.172367529621752	-0.232857349356999
XLOC_038690	-1.41596503166743	0.834665413661037	0.954026913079126	-1.41596503166743	-1.41596503166743	-1.41596503166743	1.54987451090326	-1.41596503166743	0.480036012861314	0.573902051973574	0.248199968055028	2.43912028780383
XLOC_038695	-1.5630667700779	1.16775789609671	1.6601685840421	-1.5630667700779	-1.5630667700779	-1.5630667700779	-1.5630667700779	2.15658165593243	1.12480560012994	-1.5630667700779	1.71152308634122	1.55756379792498
XLOC_038697	-1.49602990528055	-1.49602990528055	-1.49602990528055	0.574189580268475	1.70945740391887	-1.49602990528055	-0.0613633389871264	0.842560465275397	-1.49602990528055	0.493837178360458	3.13985855025887	0.781609687307809
XLOC_038698	-0.189261177421022	0.165682295114164	-0.0500303825811388	-0.206317245927778	-1.20407070462243	0.0776769858244704	-0.277788284760038	-0.0882971780821382	1.05630354074647	0.194053718924372	0.369342181343312	0.152706251441759
XLOC_038701	1.21331280534807	0.866626994717931	0.513455272810786	-1.01050601175245	-1.10643157006259	-0.265600896217745	0.661746511265878	0.846929928695305	0.371664886884997	-0.413354730546178	-0.337732946109973	-1.34011024503404
XLOC_038730	-1.13018464958334	-1.13018464958334	1.23980729516321	0.94003483596568	-1.13018464958334	-1.13018464958334	-1.13018464958334	-1.13018464958334	-1.13018464958334	1.66558396933867	2.43620366109952	1.62966278551633
XLOC_038739	-0.523845930813655	-0.386984525000188	-1.49268092967965	-3.1178091911748	0.760690114100367	0.601158136524903	-0.151969648604108	0.601839234835528	-0.429936820966959	1.67650457533625	1.24140944456317	1.22162554087914
XLOC_038741	0.195744044158407	1.21963437431523	-2.39821921620274	-2.39821921620274	-2.39821921620274	-2.39821921620274	-0.258622123070491	1.52809208721696	0.797982655919232	2.39609455030831	1.41076459224554	2.30318668371776
XLOC_038787	1.00440301835808	0.9970623422165	1.03951704890802	-0.228049942492915	-0.668697850379396	-0.00573014394912796	0.813913790995163	0.944251278609761	0.707030824236556	-1.20331910103654	-1.7243735987365	-1.6760076667296
XLOC_038788	-3.25702714402652	-2.47296010990829	-3.52218398482437	1.63262525844469	2.18596021088666	1.50670159480671	-1.11377502292555	-1.82722526660779	-0.529539290213863	2.44297192973803	2.40541669277821	2.54903513185207
XLOC_038789	-4.02707106332123	-3.28923210121346	-4.4909741448283	1.6899760415176	2.11923586653262	1.31439765924849	-0.613224285138443	-1.59679032450852	-0.241951708899	2.87031664366119	3.09746249114149	3.16785492580756
XLOC_038838	-0.470366723639287	-0.116253002371034	0.641237780134753	-0.53382111839215	-0.734124278558892	1.16733286071034	-0.689258715413848	-0.751184769996812	-0.368271294902447	0.506912893149553	0.81696360554783	0.530832763731993
XLOC_038840	0.165776135789761	-0.330209980520703	-0.4751540298274	1.26358552113347	0.650427849393752	0.798141424764386	-0.467472339215346	-1.36140112409162	-1.41892411651066	-0.0914182427603691	0.936407752882305	0.330241148962425
XLOC_038841	0.197482102604853	0.476064145479899	-0.225555072622332	1.08822143223276	0.317347123930489	0.796616516662772	-0.880580004589484	-0.638079774595819	-1.54420979508487	-0.216703921334577	0.811122074308097	-0.18172482699179
XLOC_038848	-1.48226944683888	0.0435245723988289	-1.48226944683888	-1.48226944683888	-1.48226944683888	-1.48226944683888	-0.0476028805454551	1.3429305819607	0.41373159768987	1.31349917208314	1.79232040958024	2.55294378102708
XLOC_038861	0.60066980881353	0.802797636094469	0.752277990335483	-0.588010921302779	-0.270268870663311	-0.341855510479867	-0.330756229458347	0.270097109912368	0.417232579140471	-0.239026449267511	-0.687855299533143	-0.38530184359136
XLOC_038873	-0.167364133272191	-0.210394701086012	-0.43441728880511	0.307258493494274	0.66486535886589	-0.5088838644434	-0.650024567950771	-0.876044775086152	-0.898976115232566	1.1914853886764	0.980031559136751	0.602464645702897
XLOC_038876	0.334934925337953	-0.0656148610331346	-0.0316543350348937	0.219989521175936	-0.220963196586425	0.328654135730616	0.168141535969884	-0.0118499131027772	0.283103608207485	-0.445611468229611	-0.141084622378845	-0.418045330056179
XLOC_038878	-0.39086575284137	-0.0410775136142654	0.144242804528726	-0.217104003221679	-0.334672979909445	-0.400871453176968	0.501142796671675	-0.00778064012307933	0.681903423594752	-0.0320887851514025	-0.241479015320244	0.338651118563297
XLOC_038880	-1.1274173843866	1.60340728178802	3.5739287975453	-1.1274173843866	-1.1274173843866	-1.1274173843866	-1.1274173843866	2.0610094333749	-1.1274173843866	-1.1274173843866	1.78099356238456	-1.1274173843866
XLOC_038888	-0.363477315219828	1.80725591098922	2.37603746515338	0.254533131097003	-0.627234870139433	-0.492726777018654	3.23174400586524	2.59722444043002	2.71481054685959	-3.83272217933885	-3.83272217933885	-3.83272217933885
XLOC_038890	1.01258839623418	1.73895760235271	1.42952925062364	-2.08440098303457	-2.08440098303457	-0.0693292245358896	2.21829628632964	2.98016171508115	1.1118008890874	-2.08440098303457	-2.08440098303457	-2.08440098303457
XLOC_038891	0.600890042961414	-1.99307321739973	-0.367944955904584	0.894259257797949	0.703602024962851	0.0219985410989461	2.64179577182239	2.27456353213772	1.20312865472224	-1.99307321739973	-1.99307321739973	-1.99307321739973
XLOC_038897	0.667354258620419	0.833724671379416	0.819383895523913	0.0200572872754545	0.170503306776741	-0.179784863296289	-0.0901273525259985	-0.259612147270021	-0.153396773058065	-0.767114234710355	-0.597112679932067	-0.463875368783144
XLOC_038914	-1.23463959194527	0.291154427292436	0.390488669549876	0.835579893603754	0.668991180332805	3.24394883087818	-1.23463959194527	-1.23463959194527	-1.23463959194527	-1.23463959194527	0.429525407777191	0.31350955029211
XLOC_038917	-0.799678852562717	-0.709974136846966	-1.53073417494725	0.711779870660429	-0.0419544571325012	0.767698654491536	-1.24957035129703	-0.0288979917581731	-0.417217498631416	1.2732560448376	1.43103905328419	0.594253839902311
XLOC_038924	0.880846656669896	2.19021159354614	2.45790861715615	-0.0435776711856977	-3.82996726583982	0.188850359984149	-0.86412772326913	-1.00476723704025	-0.633765393717852	0.405150868971702	0.674209250420364	-0.420972055695641
XLOC_038925	1.77577316762339	-0.167677677257926	0.676520248250926	-1.69347169649563	1.51201561270378	0.321600062003044	-1.69347169649563	-1.69347169649563	-1.69347169649563	0.296395387145374	2.5045825397722	-0.145322554258252
XLOC_038926	-0.421581982806595	-0.250552276871146	0.0275524126002455	0.235307230526578	-0.422168825013382	0.139145823851814	0.969452736634742	0.834826971324056	0.654384943826794	-0.62587043809994	-0.550248653663735	-0.590247942309436
XLOC_038929	0.1540264284464	0.203299715555634	-0.182363482223758	-0.762267915760233	-0.265737469228803	-0.62431117243575	0.212453171501005	0.471172848967779	0.32723663464826	0.271663764208826	0.12599172570682	0.06883575061382
XLOC_038934	0.155399449304088	-0.287819427321065	-0.968674375203223	1.17377275487978	0.759827620215628	0.667709768438823	-0.879648563081627	-0.7694109930292	-0.724708887602548	0.267871027145985	0.423717840540237	0.181963785713126
XLOC_038952	0.649702842749548	0.746631760798818	0.675481569134364	-0.908569308749602	-0.614824442332369	0.212144037379877	2.23608055900097	1.91551657452805	1.9327317072988	-2.19952015372811	-2.44047055804414	-2.2049045880362
XLOC_038956	0.845340534371375	-0.00101839956890393	-0.626520583402228	1.15414162446878	-2.25164884489737	2.72196556539821	1.44015037146962	1.85539680074937	1.61713946610328	-2.25164884489737	-2.25164884489737	-2.25164884489737
XLOC_038957	0.441083720131905	0.957524633824719	0.84690491096337	-0.482450206111873	-0.0182039460561505	-0.303539858224521	0.705164214777546	0.261609111370858	0.162547699694086	-0.533788804284772	-1.03495758493458	-1.00189389115058
XLOC_038958	0.88516575807306	-0.327188271120698	0.0163330404611042	1.28567607496585	0.400732225392466	1.27192114319744	2.60009612721221	2.90142340115287	2.74094167140625	-4.99580510423346	-3.331640104511	-3.44765596199608
XLOC_038968	-1.5832980076409	1.14752665853371	-1.5832980076409	-1.5832980076409	-1.5832980076409	-1.5832980076409	-0.148631441347479	-1.5832980076409	1.61290386448107	3.0475767430598	0.833167381037421	3.00724484008089
XLOC_038973	0.157597768833465	0.625129967529092	0.296258285950017	-1.33330762200483	-0.291097975869796	-1.40072988895925	0.718385227123239	1.40866844490975	0.931748006995364	-0.884579081847426	0.421179732509019	-0.649252865168652
XLOC_038984	0.841543493708074	1.4427110205047	0.965074577824436	-1.57062017225545	-2.27973539925902	-0.957593015797634	0.678735624807315	0.876913999703648	0.500907510008495	-0.741292506810081	-0.34052218608219	0.583877053647714
XLOC_038991	1.09556076061738	1.01734292418619	0.818579659431602	-0.41567935731287	-0.220101335400347	-0.183625065159749	0.208432437018924	0.493562911593967	0.177377000111489	-0.711270201251411	-0.850337795221784	-1.4298419386134
XLOC_038992	1.08835363032074	1.20127998378062	1.21928722816791	-0.977172308624849	-0.657027314518609	-0.801418191021352	0.355873114261107	0.50606643719957	0.188058706392751	-0.51501575875575	-0.914872850947065	-0.693412676255074
XLOC_038995	1.51353460600555	0.460919205285883	0.818851106403642	-0.00969029224897699	-0.891458293485413	-0.756950200364634	-0.405146386317834	0.566884668745929	0.0183250035918601	-0.787185575855816	-0.0803504207499861	-0.447733421010204
XLOC_038997	1.37453712002621	1.17608679268014	0.744899874778345	-0.826606851914392	-0.762159483025051	-0.494661833774382	-0.591725189367961	1.03843176991256	0.2042521310097	-0.649303570968832	-0.565431691084354	-0.648319068271982
XLOC_038998	0.654076138033698	1.11023026863326	0.330168964510939	-1.06487331978848	-1.0653236492551	-1.38212911279005	0.7796436053779	0.68563131189488	0.650498485040297	-0.0922053652380415	-0.765058283074603	0.159340956655301
XLOC_039000	0.739632815158291	1.4433767435779	1.23511326112788	-1.77925239492747	-1.23001890022268	-0.902520475383956	1.07511543123785	0.0694407887875244	0.599605129673934	-0.624533789899382	-0.497851020521653	-0.128107588608241
XLOC_039002	1.32394917482773	1.27898602057636	1.05243128438272	-1.41410468636244	-0.655298115267517	-1.97969421644585	0.827035970757344	0.00522077733248061	1.12311775875806	-0.471596743049294	-0.986245115295583	-0.103802110214
XLOC_039003	0.937037226569844	0.826791254654489	0.488114217278097	0.643491220124474	0.0208729397696947	-0.0886565866153548	0.138077226552372	-0.955225351264192	0.5813678222533	-0.615746516003076	-1.25328718846266	-0.722836264856991
XLOC_039006	-0.748718072774502	-0.285514579490054	-0.769660992221383	-0.478628374660186	0.177814231803359	-0.0715556506634094	-0.160031660368634	-0.176461600314452	-0.391306449578679	1.05562597188362	0.873106049338696	0.975331127045617
XLOC_039011	0.0982162942150548	-0.852249079378238	0.0113778620103329	1.2550309673794	-0.065884086436057	-0.176548148160085	-0.519389617651317	-1.30760745993194	-1.21039329057589	1.07421198294176	0.699847338961006	0.993387236625973
XLOC_039019	0.287633795757413	-0.192538414236376	-0.40816162945549	0.930388789037769	0.707828305472441	0.964854275385665	-0.219054916852677	-0.074875271318005	-0.254392745522184	-0.705277612748274	-0.50352772039415	-0.532876855126142
XLOC_039024	1.19283335566226	1.78975759069881	1.24158163274788	-1.25177609977104	-0.345824355268102	-1.32209925643524	1.0046454773371	1.49393577473439	1.235156140616	-0.952514694518942	-2.13221369733505	-1.95348186846807
XLOC_039035	-1.14076958622699	-1.14076958622699	-1.14076958622699	-1.14076958622699	-1.14076958622699	-1.14076958622699	2.55102963014	4.16489656867915	0.755231458301757	1.65499903269502	-1.14076958622699	-1.14076958622699
XLOC_039037	0.0671468813169629	-0.222127690019418	0.622070235489435	0.3222977762919	0.155709063020952	-1.74792170925712	2.98260267348341	2.91590856217363	0.148079335271623	-1.74792170925712	-1.74792170925712	-1.74792170925712
XLOC_039038	-1.48784124043652	-1.48784124043652	0.137287021058624	-1.48784124043652	0.415789531841554	0.527230518062155	2.54150416034651	2.92428914074616	2.38094707056413	-1.48784124043652	-1.48784124043652	-1.48784124043652
XLOC_039039	0.379825778089932	0.193064500364239	1.18226431266088	-1.56007459947401	-0.0494068420120866	0.388523540800938	2.44491053575005	1.14462424646667	1.55491677482214	-0.834525466101019	-1.21382869634471	-3.63029408502303
XLOC_039051	0.550544940375119	0.271760017676249	1.26650021716586	0.280101936310203	-0.0493197810861394	0.0965140798720912	-0.227771424884825	-0.0679010196510568	-0.460245370207599	-0.501588967066072	-0.496575262227354	-0.66201936627647
XLOC_039071	1.23698032319566	1.61228393799768	1.4761728569686	-1.15403980764379	-0.559069147328655	-0.267680707784055	0.413851148349285	0.887725478404855	0.551462453516423	-3.25142803443863	-0.605406662540219	-0.340851838697165
XLOC_039094	0.725425029968058	0.660415525605992	0.454619099869439	0.196321260024362	-0.119198967337536	0.688662002706706	0.285842856485127	0.440787390301337	0.138715127188833	-1.81932353586092	-0.357476148767041	-1.29478964018436
XLOC_039107	-0.655808975163783	0.0978782032236358	0.199961235061809	0.613119690299429	-0.263146327209281	0.431501390792268	-0.0867155241702164	-0.458378619496893	-0.449861550171094	-0.423170521623057	0.256497281155936	0.738123717301245
XLOC_039110	0.231432876182232	0.353530182157515	0.380713132549738	-0.0801224452708116	-0.200793342203724	-0.249520926007417	-0.0619277220354117	0.46381448755889	-0.0465583082300025	-0.0102843554474941	-0.225320634159518	-0.554962945093994
XLOC_039113	2.17644693148124	0.902359036356285	1.34851250507914	-1.03062856846215	0.104639255188237	-1.0857762955125	-1.66618148771775	-0.762257683455231	0.767940256989478	-1.11098097037017	-0.19243710724002	0.548364127663446
XLOC_039122	1.03536584461032	1.04870411960522	0.829716959141693	-0.823860042412911	-0.650632785201613	-1.16384886690051	-0.0511781517263925	0.440533960407836	-0.189784751740508	-0.0827822610078925	-0.0740573522825274	-0.318176672492715
XLOC_039124	-0.154670215509604	0.00639335659777274	0.072101411470296	0.16697127285785	0.141563717043162	0.0984479174379249	0.0910807104866382	0.151474072026641	0.121804012780505	-0.4160100527916	-0.0987712287903246	-0.180384973609261
XLOC_039125	1.82799594940768	1.34068969469186	1.48834824183783	-1.12422609844067	-0.785525694024879	-0.247494178897158	0.534975978596423	0.3190758716221	0.162424244925399	-1.60085566626579	-1.34422738241193	-0.571180961040856
XLOC_039126	1.15344857545006	1.8523751187794	1.75677952023104	-1.35493907269882	-0.142745672971048	-0.779072868937032	1.09654148790907	0.41113025819058	0.667275862632988	-2.13243435630566	-1.42559920119983	-1.10275965108073
XLOC_039145	0.959541057073694	0.431010738559401	0.326831203307457	-0.976213633351485	-0.0555011337144196	-0.602410439924342	0.08512320518137	-1.44171813885554	0.0107690874064685	0.581071442816733	0.514765292000634	0.166731319500032
XLOC_039146	1.40165436500114	0.333485123877699	-1.19230889536001	-1.19230889536001	-1.19230889536001	-1.19230889536001	-1.19230889536001	1.14628147519594	-1.19230889536001	0.797558188281	0.471856104362454	3.00301811544182
XLOC_039148	0.0472663238013364	0.475799186060248	0.624951285407642	-0.494737811311158	-0.309381075649854	-0.390292481568334	-0.0152378859680322	0.034147618119869	0.158733066368574	-0.107362277906033	-0.245798121811672	0.221912174457406
XLOC_039175	-0.211551941370162	-0.260816769228221	-0.477597471208047	0.784304042266825	0.97441431320946	1.62167905255884	-0.276961363599706	-0.600477806555527	0.386404718983075	-0.468746319920292	-1.30582186893327	-0.164828586202982
XLOC_039190	-0.341021358909187	-0.14288279118251	-0.0931033163214599	-0.447838203543252	0.338580369876378	-0.597800254058821	-0.284295155061648	-0.398886341289999	-0.106287486077046	0.920902355282847	0.403059209780969	0.749572971503725
XLOC_039195	-0.486865847019498	-0.732687054045952	-0.438994227245956	1.44678362794846	1.0384873549168	1.51371803052349	-0.589274821124666	-0.342756330695856	0.254520515912737	-1.40842524894707	0.369170450538697	-0.62367645076119
XLOC_039200	0.860412850924677	0.470134545274782	0.987104671640898	-0.513083139236069	-1.44534864020164	-0.68170877107549	1.54259474584016	1.51517004305165	1.23268879728863	-1.68105013004477	-1.05978364189268	-1.22713133157015
XLOC_039208	0.247920707615101	0.3459635465391	0.152618012994534	-0.770626615491619	-0.710542703328379	-0.63401416486629	0.912537617430282	1.04826095946561	0.831727843002017	-0.0643592913311757	-0.629978522317272	-0.729507389711912
XLOC_039211	2.3408802005475	2.28272699488162	1.86181050100455	-2.83953568092735	1.03896362434781	-0.0149686880730591	1.69288242056869	0.880112745082974	1.27573492534933	-2.83953568092735	-2.83953568092735	-2.83953568092735
XLOC_039212	2.96780736742282	2.23232407934372	2.58123017336651	-0.440685808608967	-1.15968512553102	-0.939558755929133	1.79461200081612	1.60238235491154	1.71810400575545	-2.90270532623552	-3.32364204486417	-4.13018292044736
XLOC_039238	-0.167968115629346	-0.808948900054239	-0.372697599437335	0.510210821892334	0.698453193727556	-0.453598712423677	-0.147573357652354	-0.478254804486989	-0.238646244327237	0.470407337233981	0.488520310306477	0.50009607085083
XLOC_039278	2.60086619272618	2.86503044838143	2.46310175957436	-1.63418912646469	-0.498921302814297	0.0145587156859919	0.468076371013242	1.26991940431422	0.804935938525028	-3.70440861201371	-3.70440861201371	-0.944561176914041
XLOC_039287	-0.2207049648815	-0.556908302940728	-0.527142979345883	0.461030677934048	0.631967571705029	0.442200715418796	-1.34470160368239	-0.337231249637767	-0.752897135066039	0.705796776103032	1.01768656162741	0.480903932765989
XLOC_039301	-0.151575744726496	-0.818205762020347	0.439357189101131	-0.385790028242114	0.117290000245053	-0.578750075288089	-0.625613771955627	-0.173501124597665	0.17620910164857	0.710329853809362	0.2108438313636	1.07940653066262
XLOC_039303	0.180694113374729	-0.0737869259180073	-0.0319625634978529	-0.406048456029078	-0.519165399942425	-1.3400256872826	0.0194683336761399	-0.183531331736928	0.172374179221482	0.854491920639816	0.486899574493745	0.840592243000978
XLOC_039307	1.37407566708947	1.10115395924748	1.93097087196624	0.0690522139459051	1.4918609853689	0.382229072279452	-1.90207168912683	-0.998147884864305	0.532050055580405	-3.33673825542025	-0.428327308649094	-0.216107687417372
XLOC_039328	0.475171611921796	0.271389278867984	0.208486595684226	-0.184130512651787	0.188638763881984	0.098545945140275	-0.23920660096849	-0.0325444149790428	-0.451727778715703	-0.3731801265876	0.0767648859645025	-0.038207647558135
XLOC_039340	0.424337015191833	0.351669028398138	0.302172829223902	0.0736577877646738	-0.0256391177461861	0.340177673234582	-0.369991444544167	0.461549085556333	-0.437759947607329	-0.710008210024812	-0.119401538229987	-0.290763161216979
XLOC_039348	-1.37771901006646	-0.0121113650033209	0.423746724988499	-0.0515912014682218	0.307747770347514	-0.825983936820999	0.373480820929948	0.185621077182804	0.585129322817322	-0.197315564846098	-0.109202386979037	0.698197748918054
XLOC_039359	-0.309238015093101	-0.504631140713371	0.365402850368884	-0.543452298608718	0.157888711285762	0.242497058152363	-0.515185559355777	0.00996784720191446	0.266113451644323	-0.241896061429441	0.202764872929905	0.869768283617259
XLOC_039404	-1.67051402643664	-1.23495217168225	1.21576356492117	-0.0797921476445684	1.34301662377843	-0.66101562415643	0.543762783772306	-0.660382588211151	-1.58958157248198	0.501742412300789	1.58220835204922	0.709744393791099
XLOC_039419	-0.975247369410223	-0.975247369410223	-0.975247369410223	1.0949721161388	-0.975247369410223	-0.975247369410223	0.4594191968832	1.36334300114572	-0.975247369410223	-0.975247369410223	0.688917630312239	3.2200796413916
XLOC_039449	-1.19750270006053	-1.19750270006053	-1.19750270006053	-1.19750270006053	0.706128072217542	1.62706429279376	-1.19750270006053	1.14108767049541	-1.19750270006053	0.792364383580473	0.466662299661928	2.45170948161409
XLOC_039451	-0.468885257435627	-1.21140892424275	-0.546844595598279	0.851918399407806	-1.12999188708165	1.66525409166835	-0.148402028988939	0.0990254247220319	0.621427681787527	-0.574965078466069	0.616087105245058	0.22678506898254
XLOC_039470	-1.45020310579223	2.71289888595403	0.174925155702913	-1.45020310579223	0.453427666485842	0.564868652706443	1.16087351740616	1.73822371196926	0.445797938736514	-1.45020310579223	-1.45020310579223	-1.45020310579223
XLOC_039474	0.545545221332026	0.922240446921322	1.28009525565303	-0.0617051831581525	-0.0502109738285057	-0.0521561049490868	-0.275295850167054	-0.190276427393569	-0.849232361761595	-0.99553179647901	-0.248521001454209	-0.0249512247151973
XLOC_039500	2.31945697234746	4.20745644280547	3.87511119879355	-2.52385273613907	-2.52385273613907	-2.52385273613907	0.726500136205385	0.664574081622421	1.80186844282276	-2.52385273613907	-2.52385273613907	-0.975703593901691
XLOC_039505	-0.0608987962904024	0.321480339499653	0.209219516256868	-1.19395140197925	-0.51062842260572	-1.16093521229186	1.00380786970369	0.753504756131541	0.858083009109185	0.0861575155288694	-0.362171664670367	0.0563324916078045
XLOC_039513	-0.785856472004449	-0.430844743151577	-0.617654323897154	0.601771281961012	0.765000030595407	0.955902782922911	-0.385024444714493	0.201250483338974	0.162983787512844	0.223781219981255	-0.226287777111029	-0.465021825433698
XLOC_039514	0.549292157817549	-0.518877083305889	1.91814488385325	-2.0446711025436	-2.0446711025436	-0.0295993440449189	-2.0446711025436	-2.0446711025436	-2.0446711025436	2.5862036481571	2.45950541371659	3.25868583652429
XLOC_039515	1.48620218902736	0.811801949713131	1.4770789206394	-2.27868148273637	-2.27868148273637	-2.27868148273637	-2.27868148273637	0.546518546063201	-2.27868148273637	1.95643665207515	2.69264473897949	2.42272441718413
XLOC_039542	0.394971563782137	-0.49248377334031	-0.0111657685814999	0.581190420771269	0.879509523522961	1.0256465682431	-2.17624526559533	-1.49064232992801	-1.11964048660561	0.992899014648396	0.927448566566064	0.488511966516836
XLOC_039545	-1.37737427630944	-1.37737427630944	-1.37737427630944	0.692845209239589	1.82811303288998	0.637697482189242	-1.37737427630944	-1.37737427630944	-1.37737427630944	0.612492807331572	1.53103667046172	2.96206045574451
XLOC_039560	-0.597737555284692	-0.535683759154829	-0.0621322539907672	0.263200808863008	1.015078367459	0.268334588184696	-0.716638320381683	-1.62271776243754	-0.276337852432326	0.959356888464494	0.757844433916468	0.547432416794176
XLOC_039564	1.19587177379908	1.38585574818029	1.61193437194296	-0.0988713904893377	-0.437242857273951	-0.607245042429799	0.0280000980913586	0.203360625951148	-0.0883176041146587	-0.321943862862127	-0.990344420059487	-1.88105744073547
XLOC_039565	1.53075377653521	1.57089017806406	1.33605910555405	0.0173589747435239	-0.344593007412361	-0.3636974639657	-0.0423368924694199	0.608263800205781	0.158391881681832	-0.0857107784811255	-2.11840803139218	-2.26697154306367
XLOC_039575	0.250081761368463	-0.134620849718863	0.117399421967502	-0.402009924157608	-0.318125104219391	-0.129972184238247	-0.0768619350222082	-0.135634096033362	0.247474767362744	0.320171738852476	0.16347608430431	0.0986203195341826
XLOC_039576	0.506891537926535	-1.30817705264755	1.06181489209901	0.762042432901472	-1.30817705264755	-1.30817705264755	0.831420040484695	2.79886859299919	1.88802481947442	-1.30817705264755	-1.30817705264755	-1.30817705264755
XLOC_039579	-0.37558567760787	-0.446772466847146	-0.114779259217311	0.369771051846379	0.505683103006083	0.756849819366796	-0.479556822152479	-0.337384760163403	-0.12848750148977	-0.13903250833429	0.105311057454554	0.283983964138455
XLOC_039586	0.758086280825297	-1.18536456405602	1.43269000178366	-0.640939097744698	-0.807527811015647	-0.696086824795046	0.25468095927697	-2.71115858329372	-0.815157538764975	2.36317747715069	0.563431273125392	1.4841684275081
XLOC_039588	1.52734694847155	-0.346813179963291	-1.81216835091765	0.349092982241331	0.143590630598152	1.53631779788279	0.254502603954199	0.282351813597534	-0.749424242204953	-1.44742952877179	0.579298569522047	-0.316666044409915
XLOC_039625	-1.71203782115733	-1.71203782115733	-1.71203782115733	1.17529465404035	1.49344948804208	0.303033937341346	-1.71203782115733	2.007610604853	0.97583454905051	-1.71203782115733	1.19637312561383	1.40859274684555
XLOC_039638	-0.34364129957893	-0.359894090490246	-0.613573310112986	0.626764103603676	0.678265006882409	0.808334894496338	-0.371779824226161	0.147665603458453	-0.129433141191489	-1.24445689356679	0.434909906536144	0.366839044189584
XLOC_039642	-0.259946607810422	-0.340453286062749	-0.34520363607175	0.310798764121815	0.34564925272746	0.60036359112614	-0.204103221343196	0.155052629139863	-0.126151286188042	-0.357966058155249	0.235659076667551	-0.0136992181514302
