tracking_id	E_38_0	E_38_1	E_38_2	E_51_1	E_51_2	E_51_0	C_38_0	C_38_2	C_38_1	C_51_2	C_51_0	C_51_1
XLOC_000004	2.19665	11.3923	5.37865	9.53969	5.88796	12.3986	6.01115	13.939	7.55738	5.79101	1.55503	4.26872
XLOC_000024	68.096	68.3537	60.9581	14.3095	11.7759	19.1614	38.6431	63.7209	31.4891	3.4746	16.3278	18.4978
XLOC_000029	69.1944	92.7657	90.5407	218.22	226.687	198.377	189.781	210.08	120.918	289.55	213.038	252.566
XLOC_000030	27.4581	17.0884	28.6862	72.7401	64.7676	83.4084	42.9368	63.7209	51.6421	50.9608	48.9833	42.6872
XLOC_000032	5.49162	6.50987	8.06798	0	0	0	7.72863	6.96948	5.03825	5.79101	35.7656	29.8811
XLOC_000033	4.39329	0	4.48221	0	0	0	13.7398	7.96512	8.81694	5.79101	12.4402	17.0749
XLOC_000102	0	0	0	0	0	0	0.858736	1.99128	0	2.3164	5.44259	1.42291
XLOC_000106	70.2927	66.7262	77.9905	5.96231	8.83194	3.38142	23.1859	17.9215	21.4126	2.3164	1.55503	0
XLOC_000145	14.2782	11.3923	13.4466	79.8949	52.0103	51.8485	31.7732	17.9215	27.7104	69.4921	27.2129	49.0903
XLOC_000154	1240.01	1396.37	1255.92	313.617	220.799	330.252	410.476	580.458	318.669	265.228	266.687	251.855
XLOC_000155	107.636	170.07	164.049	71.5477	58.8796	72.137	52.3829	60.734	49.1229	79.9159	67.6436	59.0507
XLOC_000157	9.88491	17.0884	19.7217	0	0	3.38142	0	0	1.25956	0	0	0
XLOC_000158	15.3765	7.32361	9.86087	0	0	0	0.858736	0	0	0	0	0
XLOC_000163	8.78659	5.69614	1.79288	9.53969	12.7573	3.38142	6.86989	5.97384	7.55738	26.6386	19.4378	37.707
XLOC_000165	63.7027	112.295	120.123	95.3969	82.4315	112.714	180.335	137.398	159.964	163.306	158.613	141.579
XLOC_000172	2.19665	0	0	1.19246	0.981327	0	0	0	0	3.4746	3.11005	3.55727
XLOC_000175	132.897	116.364	125.502	8.34723	3.92531	5.63571	82.4387	87.6163	46.6038	1.1582	1.55503	0.711454
XLOC_000183	0	0	0	0	8.83194	0	0	0	1.25956	0	0	1.42291
XLOC_000188	14.2782	17.0884	17.9288	19.0794	41.2157	32.6871	8.58736	5.97384	10.0765	16.2148	9.33015	5.69163
XLOC_000203	0	0	0	0	0	6.76285	0.858736	0.995639	0	4.6328	2.33254	2.84582
XLOC_000210	0	0	0	0	0	0	6.86989	0	2.51913	0	1.55503	0.711454
XLOC_000212	30.7531	25.2258	36.7541	71.5477	71.6369	34.9414	12.0223	12.9433	16.3743	231.64	220.036	203.476
XLOC_000213	52.7195	92.7657	53.7865	140.71	133.46	90.1713	17.1747	25.8866	25.1913	277.968	331.998	446.793
XLOC_000214	9.88491	11.3923	7.17154	15.502	25.5145	18.0343	3.43495	0	10.0765	37.0624	41.9857	43.3987
XLOC_000216	4.39329	2.4412	3.58577	42.9286	31.4025	18.0343	0	4.9782	0	103.08	55.2034	54.7819
XLOC_000217	60.4078	52.079	29.5826	428.094	424.915	284.04	28.3383	21.9041	26.4508	890.657	618.9	552.088
XLOC_000224	45.0313	37.4318	28.6862	26.2341	26.4958	22.5428	10.3048	13.939	21.4126	16.2148	27.2129	15.652
XLOC_000226	96.6524	56.1477	69.9225	52.4683	25.5145	55.2299	83.2974	94.5857	61.7186	39.3788	41.2082	39.8414
XLOC_000239	5.49162	3.25494	1.79288	11.9246	7.85062	12.3986	8.58736	12.9433	2.51913	10.4238	18.6603	3.55727
XLOC_000240	9.88491	9.76481	8.06798	9.53969	8.83194	6.76285	16.316	12.9433	12.5956	32.4296	28.768	12.0947
XLOC_000245	3.29497	17.9022	10.7573	0	0	0	0.858736	0.995639	1.25956	0	0	0
XLOC_000246	3077.5	3255.75	3135.76	219.413	297.342	268.26	2450.83	2854.5	2182.82	211.951	127.512	184.978
XLOC_000248	297.646	221.336	208.871	66.7778	56.917	101.443	166.595	208.089	137.292	136.668	89.414	121.659
XLOC_000249	107.636	142.403	105.78	54.8532	68.6929	65.3742	89.3086	65.7122	89.4289	103.08	69.9761	78.2599
XLOC_000251	5.49162	0.813734	3.58577	0	0	0	0	7.96512	0	2.3164	0	2.84582
XLOC_000255	27.4581	41.5004	51.0972	36.9663	34.3464	37.1957	43.7956	41.8169	45.3443	66.0175	64.5336	59.7621
XLOC_000263	0	0.813734	6.2751	0	0	0	4.29368	0.995639	1.25956	1.1582	1.55503	0.711454
XLOC_000273	512.917	341.768	398.917	0	0	1.12714	7.72863	6.96948	1.25956	1.1582	1.55503	3.55727
XLOC_000281	177.928	205.875	200.803	208.681	214.911	200.631	81.5799	103.546	85.6503	142.459	130.622	128.062
XLOC_000290	12.0816	4.06867	15.2395	1.19246	5.88796	3.38142	4.29368	2.98692	7.55738	0	0	0
XLOC_000296	9.88491	21.1571	9.86087	13.1171	3.92531	1.12714	45.513	32.8561	28.9699	2.3164	0	0.711454
XLOC_000297	59.3095	46.3828	58.2688	7.15477	7.85062	5.63571	17.1747	12.9433	12.5956	1.1582	1.55503	2.13436
XLOC_000298	16.4748	35.8043	32.2719	3.57738	0.981327	3.38142	6.01115	6.96948	11.3361	0	1.55503	2.84582
XLOC_000300	0	1.62747	0	33.3889	23.5518	10.1443	3.43495	2.98692	7.55738	54.4355	25.6579	34.8612
XLOC_000301	25.2614	17.9022	17.0324	0	0	0	0.858736	0	0	0	0	0
XLOC_000306	58.2111	34.9906	33.1684	0	0	0	0	0	0	0	0	0
XLOC_000307	52.7195	34.1768	38.547	0	0	0	0	0	0	0	0	0
XLOC_000309	68.096	60.2163	50.2008	25.0417	31.4025	27.0514	56.6766	81.6424	46.6038	41.6952	34.9881	43.3987
XLOC_000319	2.19665	0	0	1.19246	1.96265	1.12714	0	0	0	2.3164	7.77513	3.55727
XLOC_000322	17.5732	11.3923	12.5502	25.0417	23.5518	49.5942	18.8922	23.8953	11.3361	35.9042	38.8756	19.9207
XLOC_000326	158.159	345.837	318.237	35.7738	85.3755	45.0856	278.231	217.049	277.104	101.922	62.201	88.9317
XLOC_000350	0	1.62747	1.79288	0	0	0	4.29368	5.97384	1.25956	3.4746	0.777513	0
XLOC_000358	3.29497	1.62747	0.896442	0	1.96265	0	10.3048	4.9782	5.03825	0	0	0
XLOC_000359	102.144	157.864	109.366	57.2381	25.5145	38.3228	79.8625	68.6991	93.2076	61.3847	48.2058	45.533
XLOC_000360	873.167	840.587	816.659	231.337	289.491	224.301	670.673	680.022	613.407	271.019	218.481	246.163
XLOC_000362	258.106	297.827	269.829	33.3889	30.4211	39.4499	200.086	192.158	201.53	38.2206	56.7584	40.5529
XLOC_000379	31.8514	44.7554	43.9257	69.1628	81.4501	58.6113	84.1562	108.525	103.284	69.4921	41.9857	64.7423
XLOC_000380	9.88491	11.3923	16.136	25.0417	19.6265	16.9071	46.3718	32.8561	26.4508	11.582	20.2153	16.3634
XLOC_000382	0	4.88241	2.68933	0	0	0	5.15242	6.96948	6.29781	2.3164	10.1077	11.3833
XLOC_000395	204.288	157.051	163.153	245.647	207.06	241.208	185.487	214.062	186.415	149.408	177.273	155.097
XLOC_000403	63.7027	34.9906	43.9257	88.2421	101.077	103.697	67.8402	53.7645	65.4973	54.4355	52.0933	36.2841
XLOC_000456	16.4748	13.8335	20.6182	65.5854	38.2718	42.8314	12.881	18.9171	13.8552	9.26561	22.5479	15.652
XLOC_000467	133.995	96.0206	103.091	175.292	170.751	209.648	57.5353	32.8561	66.7568	225.849	182.715	189.958
XLOC_000468	3.29497	0.813734	1.79288	2.38492	0.981327	12.3986	0	0	0	4.6328	1.55503	0.711454
XLOC_000473	4.39329	1.62747	8.06798	0	0	0	0.858736	0	1.25956	0	0	2.13436
XLOC_000480	4.39329	8.13734	17.0324	36.9663	29.4398	28.1785	12.881	15.9302	27.7104	42.8534	30.323	21.3436
XLOC_000482	0	4.06867	2.68933	0	0	0	0.858736	1.99128	1.25956	0	5.44259	2.13436
XLOC_000492	0	0	0	4.76984	0.981327	2.25428	2.57621	4.9782	0	1.1582	0.777513	2.13436
XLOC_000494	1.09832	0	0.896442	11.9246	0	1.12714	0	0.995639	0	0	0	0
XLOC_000495	5.49162	6.50987	9.86087	16.6945	14.7199	15.78	7.72863	9.95639	2.51913	11.582	10.1077	9.2489
XLOC_000496	348.168	310.846	256.383	999.283	883.194	668.395	155.431	199.128	290.959	1602.95	1131.28	1370.26
XLOC_000499	13.1799	22.7846	10.7573	81.0874	57.8983	65.3742	4.29368	9.95639	13.8552	106.555	112.739	99.6035
XLOC_000501	1.09832	7.32361	2.68933	32.1965	29.4398	16.9071	12.0223	3.98256	18.8934	55.5937	50.5383	56.9163
XLOC_000502	6.58994	10.5785	8.06798	72.7401	51.029	18.0343	2.57621	5.97384	5.03825	105.396	101.077	109.564
XLOC_000503	8.78659	8.13734	5.37865	64.3929	44.1597	72.137	3.43495	11.9477	10.0765	83.3905	84.7489	78.2599
XLOC_000524	383.315	350.719	327.201	618.887	514.215	570.333	401.03	365.4	430.77	349.777	395.754	335.095
XLOC_000539	21.9665	13.0197	17.0324	15.502	27.4772	25.9242	28.3383	13.939	35.2678	16.2148	10.8852	14.9405
XLOC_000542	1.09832	1.62747	0	0	0	0	1.71747	0	1.25956	1.1582	2.33254	6.40308
XLOC_000554	2.19665	0	0.896442	0	0	0	0.858736	0	0	0	0.777513	1.42291
XLOC_000564	70.2927	96.8344	77.0941	121.631	159.956	153.291	137.398	125.451	137.292	208.476	132.955	48.3789
XLOC_000598	0	0	0	3.57738	0	0	3.43495	2.98692	0	4.6328	6.2201	7.11454
XLOC_000604	8.78659	8.13734	3.58577	4.76984	6.86929	3.38142	9.4461	4.9782	3.77869	13.8984	31.878	22.0551
XLOC_000605	4.39329	6.50987	3.58577	7.15477	4.90664	1.12714	12.0223	5.97384	2.51913	19.6894	20.2153	28.4582
XLOC_000606	4.39329	0.813734	0	0	0	0	1.71747	0.995639	0	5.79101	3.11005	7.82599
XLOC_000609	18.6715	13.8335	2.68933	2.38492	14.7199	11.2714	37.7844	30.8648	30.2295	1.1582	1.55503	4.26872
XLOC_000621	1.09832	0.813734	2.68933	0	0	0	6.01115	3.98256	5.03825	4.6328	0.777513	8.53745
XLOC_000625	27.4581	35.8043	47.5114	54.8532	57.8983	68.7556	22.3271	28.8735	39.0464	86.8651	61.4235	51.2247
XLOC_000628	81.2759	83.8146	82.4727	14.3095	19.6265	25.9242	90.1673	118.481	49.1229	42.8534	45.8732	32.0154
XLOC_000632	7.68826	14.6472	13.4466	17.8869	14.7199	13.5257	2.57621	2.98692	7.55738	8.10741	8.55264	7.82599
XLOC_000633	0	2.4412	2.68933	0	0	0	0.858736	1.99128	0	1.1582	15.5503	12.0947
XLOC_000639	184.518	172.512	181.081	242.07	231.593	226.555	58.3941	64.7166	75.5738	493.394	415.192	501.575
XLOC_000640	1291.63	879.647	851.62	1503.69	1289.46	1333.41	221.554	390.291	353.937	1942.3	1738.52	1688.28
XLOC_000641	1.09832	0	0	1.19246	1.96265	2.25428	0	0	0	5.79101	16.3278	19.2093
XLOC_000642	0	0	0	0	0	2.25428	0	0	0	0	4.66508	4.98018
XLOC_000643	114.226	113.109	95.0229	83.4723	99.114	107.078	23.1859	37.8343	52.9016	70.6503	109.629	93.2004
XLOC_000647	76.8826	94.3932	98.6087	72.7401	73.5995	60.8656	146.844	125.451	123.437	107.713	72.3087	90.3546
XLOC_000650	39.5396	38.2455	53.7865	38.1588	55.9356	32.6871	40.3606	61.7296	37.7869	63.7011	57.5359	53.359
XLOC_000655	12.0816	14.6472	15.2395	10.7322	7.85062	19.1614	32.632	52.7689	17.6339	1.1582	5.44259	5.69163
XLOC_000657	24.1631	18.7159	24.2039	44.1211	33.3651	42.8314	21.4684	29.8692	36.5273	47.4862	41.9857	36.2841
XLOC_000662	9.88491	19.5296	20.6182	15.502	19.6265	21.4157	19.7509	28.8735	28.9699	18.5312	21.7704	29.1696
XLOC_000691	9.88491	14.6472	13.4466	5.96231	4.90664	11.2714	9.4461	6.96948	1.25956	9.26561	13.9952	11.3833
XLOC_000692	172.437	112.295	98.6087	2734.31	3060.76	1818.08	87.5911	83.6337	152.407	6213.75	5013.4	5271.87
XLOC_000737	1.09832	0	0.896442	1.19246	6.86929	1.12714	0	0.995639	0	0	0	0
XLOC_000743	35.1463	13.0197	22.4111	33.3889	38.2718	28.1785	18.0335	25.8866	20.153	15.0566	17.8828	13.5176
XLOC_000751	51.6212	32.5494	34.0648	70.3552	52.9917	49.5942	41.2193	29.8692	46.6038	46.328	30.323	20.6322
XLOC_000760	45.0313	65.9125	69.9225	38.1588	33.3651	16.9071	62.6878	57.7471	76.8333	44.0116	41.9857	56.9163
XLOC_000764	158.159	143.217	124.605	88.2421	120.703	92.4256	140.833	169.259	165.003	115.82	139.952	125.927
XLOC_000781	239.434	174.139	161.36	132.363	159.956	139.765	324.602	231.984	214.126	457.489	244.139	334.383
XLOC_000787	21.9665	29.2944	18.8253	4.76984	7.85062	5.63571	36.0669	41.8169	34.0082	13.8984	8.55264	6.40308
XLOC_000791	39.5396	39.0592	58.2688	20.2718	23.5518	18.0343	66.1227	71.686	56.6803	23.164	25.6579	27.7467
XLOC_000818	34.048	41.5004	47.5114	46.506	41.2157	54.1028	35.2082	13.939	25.1913	39.3788	36.5431	69.011
XLOC_000824	54.9162	87.8833	51.9937	50.0834	50.0477	27.0514	85.8736	84.6293	94.4672	48.6444	48.9833	72.5683
XLOC_000827	109.832	74.0498	77.9905	67.9703	68.6929	119.477	90.1673	110.516	84.3907	24.3222	41.9857	32.0154
XLOC_000832	63.7027	72.4223	66.3367	21.4643	11.7759	13.5257	59.2528	49.782	41.5656	16.2148	31.1005	14.9405
XLOC_000835	6.58994	0	1.79288	0	7.85062	6.76285	3.43495	0.995639	0	0	0	0
XLOC_000836	2.19665	0.813734	0.896442	2.38492	8.83194	3.38142	0	0	0	0	0.777513	2.84582
XLOC_000837	57.1128	35.8043	44.8221	17.8869	12.7573	11.2714	87.5911	79.6512	65.4973	37.0624	18.6603	31.304
XLOC_000859	135.094	156.237	174.806	195.564	157.012	199.504	116.788	127.442	143.59	221.216	203.708	160.789
XLOC_000860	105.439	110.668	117.434	177.677	177.62	213.03	72.9926	96.577	115.88	164.465	160.945	160.077
XLOC_000861	174.633	186.345	204.389	180.062	221.78	194.995	139.974	138.394	197.751	258.279	241.806	228.377
XLOC_000862	47.2279	32.5494	38.547	53.6608	56.917	57.4842	22.3271	21.9041	54.1612	45.1698	67.6436	66.1652
XLOC_000864	146.077	253.885	245.625	293.345	305.193	280.658	229.283	203.11	201.53	328.929	290.79	294.542
XLOC_000866	5.49162	6.50987	7.17154	3.57738	10.7946	2.25428	5.15242	6.96948	7.55738	4.6328	16.3278	8.53745
XLOC_000868	21.9665	34.1768	24.2039	20.2718	29.4398	18.0343	41.2193	32.8561	30.2295	15.0566	12.4402	12.0947
XLOC_000869	86.7675	106.599	126.398	48.8909	86.3568	84.5356	204.379	227.006	231.76	130.877	65.3111	67.5881
XLOC_000870	171.338	137.521	130.881	121.631	97.1514	153.291	270.502	294.709	254.432	86.8651	108.852	77.5485
XLOC_000896	4.39329	4.06867	1.79288	0	0	0	0.858736	2.98692	0	0	8.55264	2.84582
XLOC_000904	7.68826	12.206	13.4466	51.2758	39.2531	61.9928	20.6097	27.8779	18.8934	33.5878	38.0981	19.9207
XLOC_000923	0	0	0	0	0	0	0	0	0	5.79101	2.33254	6.40308
XLOC_000925	10.9832	6.50987	1.79288	0	0	0	2.57621	6.96948	3.77869	4.6328	7.77513	4.26872
XLOC_000927	41.7363	44.7554	40.3399	189.601	128.554	160.054	89.3086	128.437	98.2459	239.748	212.261	165.769
XLOC_000929	1.09832	2.4412	1.79288	4.76984	5.88796	3.38142	12.0223	8.96075	6.29781	15.0566	8.55264	9.2489
XLOC_000931	34.048	60.2163	37.6506	101.359	106.965	96.9341	64.4052	54.7602	68.0164	68.3339	69.9761	56.2048
XLOC_000939	17.5732	29.2944	22.4111	60.8155	67.7116	52.9756	36.0669	43.8081	26.4508	41.6952	24.1029	27.7467
XLOC_000945	7.68826	8.95108	10.7573	0	0	0	0	1.99128	0	0	0	0
XLOC_000969	1.09832	2.4412	2.68933	0	0	0	0.858736	2.98692	0	2.3164	3.11005	6.40308
XLOC_000972	9.88491	21.1571	38.547	62.008	48.085	58.6113	89.3086	72.6817	81.8716	60.2265	45.8732	45.533
XLOC_000975	0	0	0	0	1.96265	0	2.57621	1.99128	3.77869	0	0	4.98018
XLOC_000980	12.0816	13.8335	9.86087	14.3095	16.6826	16.9071	16.316	13.939	20.153	12.7402	21.7704	18.4978
XLOC_000993	5.49162	8.95108	10.7573	14.3095	3.92531	6.76285	60.1115	42.8125	68.0164	3.4746	6.2201	16.3634
XLOC_000997	36.2447	53.7065	60.9581	31.004	36.3091	24.7971	78.145	73.6773	71.7951	28.955	34.9881	42.6872
XLOC_000998	2.19665	3.25494	8.96442	0	0	0	2.57621	0.995639	0	2.3164	3.88756	1.42291
XLOC_001000	1151.04	1131.9	1165.38	472.215	573.095	461.001	1179.9	1250.52	1199.1	631.22	624.343	697.936
XLOC_001001	5.49162	5.69614	1.79288	2.38492	1.96265	7.88999	2.57621	6.96948	1.25956	0	0	0
XLOC_001005	9.88491	11.3923	15.2395	59.6231	52.9917	60.8656	122.799	154.324	147.369	25.4804	20.2153	32.0154
XLOC_001017	258.106	653.429	646.335	527.068	878.288	615.419	1158.44	738.764	1083.22	786.419	607.237	982.518
XLOC_001019	69.1944	61.8438	67.2332	20.2718	39.2531	13.5257	72.9926	43.8081	54.1612	75.2831	38.8756	49.0903
XLOC_001020	50.5229	40.6867	45.7186	15.502	17.6639	12.3986	49.8067	42.8125	40.306	23.164	26.4354	18.4978
XLOC_001042	1.09832	0.813734	0.896442	0	0.981327	1.12714	0	0	0	4.6328	6.99761	0.711454
XLOC_001048	20.8681	21.1571	5.37865	4.76984	10.7946	6.76285	24.9034	25.8866	13.8552	8.10741	6.2201	4.26872
XLOC_001049	41.7363	39.873	34.0648	2.38492	3.92531	4.50856	53.2417	43.8081	26.4508	17.373	7.77513	11.3833
XLOC_001052	45.0313	66.7262	54.683	25.0417	21.5892	25.9242	126.234	68.6991	73.0546	25.4804	6.99761	25.6123
XLOC_001054	21.9665	13.8335	15.2395	20.2718	42.1971	30.4328	17.1747	9.95639	17.6339	23.164	21.7704	16.3634
XLOC_001055	81.2759	83.8146	82.4727	63.2004	55.9356	71.0099	57.5353	70.6904	75.5738	53.2773	49.7608	46.9559
XLOC_001091	13.1799	18.7159	24.2039	28.6191	21.5892	16.9071	13.7398	7.96512	15.1148	39.3788	29.5455	16.3634
XLOC_001105	25.2614	18.7159	14.3431	45.3135	28.4585	41.7042	28.3383	24.891	27.7104	9.26561	13.2177	19.9207
XLOC_001107	51.6212	50.4515	46.615	77.51	78.5062	101.443	42.0781	67.7035	64.2377	40.537	31.878	29.8811
XLOC_001123	28.5564	19.5296	21.5146	21.4643	29.4398	33.8142	60.9703	67.7035	69.2759	33.5878	23.3254	25.6123
XLOC_001131	1.09832	0.813734	4.48221	0	0	0	2.57621	1.99128	5.03825	0	0	0
XLOC_001134	38.4413	53.7065	43.9257	40.5437	35.3278	33.8142	36.0669	30.8648	31.4891	75.2831	87.0814	78.9714
XLOC_001143	17.5732	21.1571	15.2395	10.7322	7.85062	15.78	11.1636	14.9346	16.3743	6.94921	3.11005	3.55727
XLOC_001166	16.4748	13.8335	8.06798	59.6231	50.0477	39.4499	23.1859	19.9128	23.9317	19.6894	52.0933	26.3238
XLOC_001172	21.9665	8.95108	9.86087	15.502	13.7386	13.5257	19.7509	10.952	11.3361	12.7402	22.5479	13.5176
XLOC_001174	27.4581	27.667	14.3431	34.5814	28.4585	31.56	30.0558	36.8387	34.0082	17.373	9.33015	13.5176
XLOC_001191	14.2782	5.69614	7.17154	11.9246	16.6826	30.4328	27.4796	18.9171	27.7104	16.2148	15.5503	22.7665
XLOC_001196	10.9832	12.206	13.4466	20.2718	27.4772	24.7971	12.881	18.9171	16.3743	11.582	8.55264	9.96035
XLOC_001228	0	0	0	0	0	12.3986	0	0	0	0	0	0
XLOC_001229	2.19665	1.62747	0	0	0	0	0	0.995639	0	0	7.77513	0
XLOC_001270	1.09832	0	0	0	0	0	0	0	0	4.6328	0.777513	7.82599
XLOC_001278	6.58994	26.8532	16.136	7.15477	7.85062	6.76285	60.9703	45.7994	42.8251	23.164	24.8804	34.1498
XLOC_001279	8.78659	3.25494	9.86087	0	0	0	0	0	0	0	0	0
XLOC_001280	71.391	69.1674	71.7154	45.3135	27.4772	37.1957	183.77	169.259	170.041	26.6386	22.5479	25.6123
XLOC_001281	53.8178	108.227	149.706	52.4683	39.2531	60.8656	488.621	369.382	433.29	4.6328	1.55503	2.13436
XLOC_001283	25.2614	26.0395	22.4111	14.3095	14.7199	14.6528	53.2417	42.8125	47.8634	3.4746	1.55503	11.3833
XLOC_001285	0	0	4.48221	4.76984	0	0	1.71747	4.9782	13.8552	0	0	0
XLOC_001296	277.876	315.729	255.486	546.147	568.188	561.316	163.16	157.311	206.568	382.206	382.536	344.344
XLOC_001297	644.716	706.321	666.953	269.496	245.332	267.132	268.784	384.317	259.47	223.533	159.39	138.022
XLOC_001324	52.7195	65.0987	54.683	27.4266	12.7573	18.0343	152.855	83.6337	107.063	32.4296	27.9905	41.2643
XLOC_001328	0	1.62747	1.79288	5.96231	5.88796	7.88999	0	0	0	1.1582	4.66508	5.69163
XLOC_001356	7.68826	5.69614	8.06798	41.7361	20.6079	46.2128	16.316	28.8735	15.1148	13.8984	10.1077	13.5176
XLOC_001365	1030.23	875.578	808.591	1800.62	1694.75	1439.36	170.889	299.687	255.691	2268.92	1667.76	1864.01
XLOC_001367	0	0	0	4.76984	0.981327	0	1.71747	0	0	4.6328	1.55503	9.2489
XLOC_001385	391.003	293.758	319.134	234.915	240.425	276.15	277.372	361.417	306.074	119.295	154.725	109.564
XLOC_001389	182.322	196.924	214.25	158.597	125.61	143.147	188.063	208.089	192.713	60.2265	73.8637	98.1806
XLOC_001390	328.399	318.17	361.266	200.333	169.77	254.734	318.591	373.365	273.325	194.578	127.512	129.485
XLOC_001397	43.9329	81.3734	90.5407	46.506	53.973	41.7042	63.5465	68.6991	86.9098	47.4862	47.4283	61.185
XLOC_001399	34.048	48.0103	27.7897	19.0794	13.7386	10.1443	50.6654	75.6686	35.2678	11.582	10.8852	14.9405
XLOC_001400	142.782	163.561	129.984	69.1628	56.917	77.7727	158.866	149.346	125.956	55.5937	28.768	34.1498
XLOC_001402	307.531	266.905	243.832	42.9286	65.7489	82.2813	338.342	401.243	264.508	26.6386	16.3278	23.478
XLOC_001404	1356.43	1084.71	962.779	95.3969	72.6182	90.1713	585.658	662.1	478.634	64.8593	55.2034	81.8172
XLOC_001405	305.334	419.073	414.156	5.96231	12.7573	9.01713	79.0037	69.6948	47.8634	6.94921	0	1.42291
XLOC_001406	75.7843	98.4618	89.6442	1.19246	3.92531	5.63571	134.822	120.472	91.9481	0	0.777513	1.42291
XLOC_001408	51.6212	59.4026	40.3399	1.19246	0.981327	0	12.0223	6.96948	12.5956	0	0	0
XLOC_001409	1279.55	1138.41	1137.59	211.066	263.977	270.514	1413.48	1537.27	1139.9	142.459	84.7489	92.489
XLOC_001410	52.7195	52.079	43.0292	19.0794	18.6452	7.88999	41.2193	34.8474	34.0082	2.3164	5.44259	6.40308
XLOC_001411	24.1631	39.873	37.6506	1.19246	0.981327	1.12714	12.881	17.9215	10.0765	1.1582	1.55503	1.42291
XLOC_001419	13.1799	9.76481	7.17154	4.76984	4.90664	4.50856	17.1747	39.8256	18.8934	13.8984	15.5503	6.40308
XLOC_001449	278.974	202.62	163.153	0	0	1.12714	7.72863	8.96075	3.77869	0	0.777513	0
XLOC_001451	20.8681	20.3434	21.5146	1.19246	0	0	0	0	0	0	0	0
XLOC_001452	25.2614	26.8532	21.5146	0	0.981327	0	0	2.98692	0	0	0	0
XLOC_001471	20.8681	25.2258	20.6182	19.0794	14.7199	24.7971	46.3718	23.8953	46.6038	46.328	24.1029	36.2841
XLOC_001473	18.6715	30.9219	25.9968	5.96231	9.81327	2.25428	54.9591	22.8997	27.7104	13.8984	7.77513	15.652
XLOC_001490	41.7363	40.6867	34.9613	52.4683	40.2344	49.5942	15.4573	17.9215	25.1913	28.955	14.7727	16.3634
XLOC_001500	32.9497	35.8043	30.479	22.6568	32.3838	28.1785	16.316	20.9084	10.0765	33.5878	27.9905	22.7665
XLOC_001504	507.425	1265.36	1360.8	673.741	1106.94	707.845	1417.77	968.757	1647.51	798.001	928.35	1368.84
XLOC_001508	1.09832	0.813734	1.79288	0	0	0	0.858736	0	0	0	2.33254	4.98018
XLOC_001509	0	4.88241	1.79288	0	0	0	2.57621	3.98256	0	3.4746	4.66508	6.40308
XLOC_001529	0	0	0	0	2.94398	0	5.15242	2.98692	1.25956	1.1582	3.11005	4.98018
XLOC_001599	218.566	200.179	190.942	89.4346	105.983	107.078	218.978	243.932	231.76	57.9101	51.3158	68.2996
XLOC_001611	9.88491	6.50987	9.86087	4.76984	1.96265	5.63571	14.5985	2.98692	12.5956	3.4746	6.99761	4.26872
XLOC_001626	0	0	0.896442	4.76984	3.92531	3.38142	0	0	0	11.582	3.88756	10.6718
XLOC_001635	12.0816	20.3434	20.6182	54.8532	42.1971	23.67	22.3271	33.8517	20.153	17.373	20.2153	17.0749
XLOC_001642	28.5564	9.76481	9.86087	60.8155	58.8796	68.7556	24.9034	30.8648	37.7869	82.2323	47.4283	39.8414
XLOC_001653	19.7698	20.3434	22.4111	2.38492	5.88796	5.63571	24.0446	26.8823	16.3743	28.955	7.77513	16.3634
XLOC_001659	19.7698	17.9022	17.0324	4.76984	9.81327	5.63571	47.2305	28.8735	21.4126	24.3222	31.1005	25.6123
XLOC_001668	0	0	0	0	8.83194	0	0	0	1.25956	0	0	0
XLOC_001678	14.2782	4.06867	7.17154	2.38492	0.981327	4.50856	11.1636	12.9433	16.3743	0	0	0
XLOC_001682	2.19665	4.88241	2.68933	0	1.96265	2.25428	0	0	0	11.582	5.44259	9.96035
XLOC_001685	3.29497	2.4412	2.68933	1.19246	3.92531	5.63571	2.57621	0.995639	8.81694	0	0	0
XLOC_001686	0	1.62747	0.896442	0	0	0	1.71747	0.995639	0	1.1582	1.55503	9.96035
XLOC_001690	2.19665	0	0	0	0	0	2.57621	0.995639	0	0	4.66508	7.11454
XLOC_001700	355.857	327.935	278.794	279.036	257.108	277.277	51.5242	87.6163	75.5738	315.031	234.809	221.262
XLOC_001705	1.09832	13.0197	5.37865	3.57738	9.81327	7.88999	8.58736	5.97384	5.03825	3.4746	3.11005	7.82599
XLOC_001706	0	0	0	0	0	0	0	0	0	1.1582	6.99761	0
XLOC_001708	2.19665	0	0	0	0.981327	0	0	0	0	4.6328	4.66508	0
XLOC_001713	0	0	0	0	0	0	0	0	0	0	6.99761	0
XLOC_001723	10.9832	7.32361	6.2751	19.0794	14.7199	9.01713	5.15242	2.98692	5.03825	6.94921	10.1077	10.6718
XLOC_001732	82.3742	79.7459	88.7478	83.4723	89.3008	90.1713	85.8736	68.6991	108.322	165.623	122.069	125.216
XLOC_001734	675.469	511.025	410.571	530.645	406.269	449.729	69.5576	142.376	81.8716	412.32	268.242	269.641
XLOC_001742	38.4413	37.4318	32.2719	95.3969	55.9356	66.5013	41.2193	47.7907	45.3443	147.092	147.727	149.405
XLOC_001743	18.6715	10.5785	14.3431	38.1588	19.6265	13.5257	16.316	39.8256	30.2295	82.2323	59.091	54.7819
XLOC_001752	66.9977	70.7949	71.7154	10.7322	11.7759	5.63571	98.7547	63.7209	99.5054	6.94921	1.55503	4.26872
XLOC_001781	16.4748	6.50987	7.17154	25.0417	12.7573	36.0685	8.58736	9.95639	7.55738	17.373	29.5455	19.9207
XLOC_001783	56.0145	74.0498	56.4759	59.6231	85.3755	64.247	43.7956	40.8212	71.7951	134.351	134.51	144.425
XLOC_001784	28.5564	33.3631	24.2039	39.3512	56.917	51.8485	30.0558	32.8561	36.5273	101.922	81.6388	106.007
XLOC_001785	50.5229	63.4713	54.683	95.3969	147.199	122.858	72.1338	43.8081	89.4289	188.787	203.708	192.093
XLOC_001787	0	0	0	1.19246	0.981327	0	0.858736	0	0	2.3164	2.33254	5.69163
XLOC_001788	68.096	31.7356	37.6506	73.9326	59.8609	47.3399	46.3718	52.7689	44.0847	113.504	93.3015	93.9119
XLOC_001790	4.39329	4.06867	4.48221	2.38492	0	1.12714	6.86989	2.98692	2.51913	0	0	0
XLOC_001792	6.58994	3.25494	1.79288	0	0	0	10.3048	11.9477	5.03825	1.1582	0	0
XLOC_001795	143.88	104.972	108.47	200.333	163.882	196.123	129.669	169.259	122.178	125.086	124.402	106.007
XLOC_001809	16.4748	8.95108	10.7573	7.15477	14.7199	19.1614	18.8922	15.9302	8.81694	34.746	24.8804	29.1696
XLOC_001813	51.6212	110.668	92.3336	38.1588	41.2157	27.0514	76.4275	48.7863	80.612	37.0624	27.2129	30.5925
XLOC_001830	160.355	117.178	128.191	175.292	206.079	192.741	144.268	138.394	129.735	290.708	191.268	192.804
XLOC_001842	30.7531	88.697	84.2656	46.506	69.6742	51.8485	66.1227	50.7776	80.612	113.504	92.524	103.872
XLOC_001855	20.8681	19.5296	26.8933	2.38492	2.94398	5.63571	26.6208	18.9171	8.81694	3.4746	3.88756	7.11454
XLOC_001864	52.7195	33.3631	51.0972	70.3552	101.077	87.917	48.0892	35.843	52.9016	23.164	20.9928	22.7665
XLOC_001896	8.78659	3.25494	1.79288	13.1171	5.88796	3.38142	4.29368	0.995639	3.77869	15.0566	6.99761	2.13436
XLOC_001902	3.29497	10.5785	1.79288	0	0	0	0	0	0	0	0	0
XLOC_001910	14.2782	18.7159	24.2039	44.1211	47.1037	22.5428	45.513	17.9215	18.8934	22.0058	20.2153	14.9405
XLOC_001935	7.68826	4.06867	8.06798	26.2341	14.7199	10.1443	4.29368	6.96948	15.1148	3.4746	10.1077	7.11454
XLOC_001949	20.8681	28.4807	23.3075	33.3889	28.4585	39.4499	47.2305	46.7951	31.4891	22.0058	9.33015	10.6718
XLOC_001965	1.09832	2.4412	1.79288	1.19246	1.96265	10.1443	0	0	0	0	0.777513	2.84582
XLOC_001981	5.49162	5.69614	9.86087	16.6945	10.7946	16.9071	8.58736	16.9259	5.03825	22.0058	14.7727	24.1894
XLOC_001993	0	0	0	0	0.981327	1.12714	0.858736	0	1.25956	4.6328	0.777513	2.13436
XLOC_002010	7.68826	4.06867	2.68933	8.34723	9.81327	5.63571	11.1636	8.96075	10.0765	12.7402	11.6627	19.9207
XLOC_002024	160.355	420.701	384.574	101.359	144.255	76.6456	429.368	283.757	464.779	200.369	219.259	335.806
XLOC_002036	310.825	373.504	356.784	125.208	165.844	178.088	352.941	343.496	340.082	293.025	234.031	262.526
XLOC_002038	42.8346	77.3047	69.0261	17.8869	13.7386	21.4157	75.5688	62.7253	78.0929	23.164	26.4354	27.7467
XLOC_002042	47.2279	52.8927	62.751	56.0457	63.7863	66.5013	85.8736	99.5639	120.918	57.9101	38.8756	58.3392
XLOC_002044	32.9497	35.8043	44.8221	31.004	21.5892	40.5771	78.145	51.7732	75.5738	66.0175	46.6508	54.7819
XLOC_002045	74.686	98.4618	84.2656	73.9326	57.8983	66.5013	158.866	166.272	171.301	125.086	67.6436	83.9515
XLOC_002047	81.2759	63.4713	54.683	39.3512	49.0664	67.6285	66.1227	72.6817	56.6803	38.2206	33.433	33.4383
XLOC_002053	220.763	174.953	179.288	231.337	177.62	178.088	234.435	262.849	134.773	133.193	103.409	83.9515
XLOC_002055	621.651	731.547	622.131	113.284	217.855	190.487	852.725	836.337	721.729	149.408	181.938	202.053
XLOC_002067	14.2782	26.0395	16.136	38.1588	28.4585	46.2128	34.3495	19.9128	20.153	18.5312	10.1077	15.652
XLOC_002069	36.2447	27.667	29.5826	22.6568	25.5145	32.6871	11.1636	21.9041	16.3743	12.7402	10.8852	7.82599
XLOC_002083	28.5564	33.3631	32.2719	14.3095	1.96265	5.63571	37.7844	40.8212	27.7104	19.6894	10.1077	9.2489
XLOC_002107	24.1631	30.9219	36.7541	64.3929	73.5995	63.1199	41.2193	56.7514	35.2678	56.7519	38.0981	31.304
XLOC_002111	7.68826	18.7159	9.86087	8.34723	26.4958	14.6528	10.3048	19.9128	8.81694	24.3222	34.2106	31.304
XLOC_002112	41.7363	56.1477	43.9257	45.3135	66.7302	64.247	25.7621	28.8735	46.6038	66.0175	53.6484	58.3392
XLOC_002113	60.4078	34.9906	54.683	35.7738	48.085	37.1957	25.7621	10.952	31.4891	24.3222	27.9905	30.5925
XLOC_002118	20.8681	26.8532	30.479	9.53969	3.92531	7.88999	11.1636	17.9215	13.8552	11.582	10.1077	16.3634
XLOC_002119	74.686	131.825	116.538	75.1251	83.4128	94.6799	149.42	141.381	124.697	185.312	208.373	256.123
XLOC_002138	0	0.813734	0.896442	0	0	0	4.29368	0.995639	0	8.10741	6.99761	3.55727
XLOC_002157	40.638	40.6867	35.8577	84.6647	87.3381	77.7727	60.9703	80.6468	73.0546	44.0116	34.2106	36.9956
XLOC_002198	0	0	0.896442	0	2.94398	1.12714	0.858736	4.9782	1.25956	0	0	0
XLOC_002202	8.78659	7.32361	5.37865	1.19246	11.7759	5.63571	12.881	19.9128	16.3743	24.3222	10.1077	18.4978
XLOC_002203	6.58994	12.206	12.5502	4.76984	6.86929	3.38142	22.3271	24.891	16.3743	2.3164	2.33254	5.69163
XLOC_002219	32.9497	19.5296	22.4111	15.502	8.83194	10.1443	23.1859	13.939	17.6339	28.955	27.9905	32.0154
XLOC_002224	51.6212	67.5399	44.8221	71.5477	64.7676	69.8827	57.5353	90.6032	49.1229	83.3905	66.8661	73.9912
XLOC_002236	41.7363	65.9125	49.3043	26.2341	19.6265	40.5771	170.03	140.385	165.003	56.7519	46.6508	54.7819
XLOC_002238	26.3598	20.3434	21.5146	29.8115	19.6265	16.9071	80.7212	78.6555	55.4208	30.1132	21.7704	19.2093
XLOC_002241	37.343	69.1674	69.0261	40.5437	59.8609	45.0856	85.0149	66.7078	83.1311	50.9608	42.7632	53.359
XLOC_002253	98.8491	93.5794	126.398	120.439	124.629	91.2984	161.442	167.267	163.743	243.222	157.835	159.366
XLOC_002260	2.19665	15.4609	15.2395	10.7322	6.86929	7.88999	29.197	15.9302	20.153	24.3222	17.8828	44.1101
XLOC_002267	82.3742	74.0498	85.162	72.7401	74.5809	95.807	99.6134	111.512	55.4208	35.9042	62.201	39.13
XLOC_002273	0	2.4412	0.896442	0	0	0	0	0	0	0	4.66508	4.26872
XLOC_002277	57.1128	48.0103	38.547	20.2718	24.5332	29.3057	18.8922	24.891	37.7869	44.0116	33.433	29.8811
XLOC_002282	16.4748	20.3434	17.9288	9.53969	5.88796	15.78	27.4796	34.8474	21.4126	22.0058	14.7727	11.3833
XLOC_002302	0	1.62747	2.68933	0	2.94398	1.12714	0	0	0	1.1582	2.33254	5.69163
XLOC_002306	430.543	655.056	708.19	590.268	791.931	553.426	797.766	728.808	792.265	1278.65	781.4	892.874
XLOC_002325	0	5.69614	2.68933	2.38492	0	4.50856	0	0	0	1.1582	1.55503	0.711454
XLOC_002327	12.0816	39.0592	43.9257	10.7322	14.7199	9.01713	42.0781	11.9477	46.6038	10.4238	20.9928	56.9163
XLOC_002328	5.49162	0.813734	3.58577	0	0	0	7.72863	3.98256	8.81694	0	3.11005	2.84582
XLOC_002339	1903.39	1367.07	1800.06	2612.68	1362.08	2086.34	1614.42	1670.68	2002.7	2139.2	2488.82	2048.28
XLOC_002357	54.9162	52.079	60.0616	83.4723	63.7863	72.137	63.5465	60.734	54.1612	53.2773	45.8732	51.2247
XLOC_002358	36.2447	17.9022	21.5146	13.1171	20.6079	15.78	24.9034	17.9215	15.1148	17.373	24.8804	18.4978
XLOC_002363	48.3262	47.1966	52.8901	17.8869	8.83194	15.78	38.6431	51.7732	62.9781	18.5312	13.2177	22.0551
XLOC_002377	12.0816	8.13734	12.5502	31.004	18.6452	39.4499	28.3383	20.9084	13.8552	13.8984	10.1077	17.7863
XLOC_002379	10.9832	0.813734	5.37865	14.3095	22.5705	6.76285	6.01115	11.9477	6.29781	38.2206	22.5479	23.478
XLOC_002386	4.39329	8.13734	6.2751	9.53969	12.7573	18.0343	11.1636	8.96075	16.3743	34.746	20.9928	19.2093
XLOC_002389	24.1631	24.412	28.6862	8.34723	14.7199	13.5257	63.5465	83.6337	37.7869	2.3164	3.88756	8.53745
XLOC_002411	25.2614	35.8043	24.2039	51.2758	48.085	45.0856	193.216	238.953	210.347	106.555	99.5216	135.176
XLOC_002417	74.686	61.0301	63.6474	23.8492	30.4211	38.3228	63.5465	61.7296	64.2377	34.746	34.2106	34.1498
XLOC_002437	49.4245	39.0592	35.8577	22.6568	22.5705	22.5428	46.3718	52.7689	37.7869	60.2265	36.5431	30.5925
XLOC_002448	28.5564	71.6086	67.2332	29.8115	43.1784	37.1957	96.1785	74.673	107.063	18.5312	24.1029	40.5529
XLOC_002449	74.686	54.5202	61.8545	34.5814	51.029	74.3913	102.19	117.485	83.1311	39.3788	51.3158	49.0903
XLOC_002452	56.0145	76.491	59.1652	33.3889	29.4398	23.67	91.8848	80.6468	88.1694	70.6503	81.6388	71.1454
XLOC_002466	270.188	284.807	230.386	162.175	154.068	174.707	322.026	337.522	265.768	229.324	151.615	187.824
XLOC_002471	112.029	97.6481	121.02	162.175	136.404	137.511	110.777	120.472	96.9863	94.9725	111.962	91.0661
XLOC_002472	0	0	0	0	2.94398	0	0	0	0	8.10741	0	0.711454
XLOC_002485	13.1799	7.32361	13.4466	2.38492	4.90664	12.3986	19.7509	19.9128	17.6339	3.4746	4.66508	5.69163
XLOC_002488	30.7531	14.6472	13.4466	4.76984	1.96265	7.88999	23.1859	33.8517	12.5956	17.373	13.2177	12.8062
XLOC_002490	57.1128	52.079	33.1684	9.53969	8.83194	19.1614	37.7844	49.782	49.1229	26.6386	51.3158	31.304
XLOC_002497	2.19665	5.69614	9.86087	2.38492	0.981327	0	0	0	0	1.1582	1.55503	0
XLOC_002505	687.55	615.183	557.587	586.691	471.037	632.326	383.855	542.623	395.503	401.896	429.187	377.782
XLOC_002527	57.1128	34.1768	36.7541	13.1171	23.5518	34.9414	38.6431	30.8648	35.2678	15.0566	27.2129	27.7467
XLOC_002530	16.4748	21.9708	32.2719	40.5437	56.917	19.1614	32.632	12.9433	39.0464	57.9101	47.4283	46.2445
XLOC_002534	260.303	260.395	333.477	51.2758	63.7863	90.1713	363.245	260.858	326.227	69.4921	45.0957	69.011
XLOC_002536	21.9665	17.0884	6.2751	5.96231	5.88796	11.2714	16.316	16.9259	22.6721	3.4746	4.66508	13.5176
XLOC_002545	30.7531	26.8532	30.479	14.3095	15.7012	11.2714	36.0669	17.9215	31.4891	32.4296	28.768	27.7467
XLOC_002560	48.3262	79.7459	51.9937	41.7361	53.973	38.3228	32.632	54.7602	66.7568	48.6444	41.9857	59.0507
XLOC_002569	10.9832	7.32361	17.0324	20.2718	8.83194	25.9242	6.86989	10.952	7.55738	9.26561	8.55264	9.2489
XLOC_002570	12.0816	3.25494	11.6538	7.15477	8.83194	3.38142	12.0223	8.96075	5.03825	2.3164	4.66508	4.26872
XLOC_002575	577.718	571.241	511.869	453.135	299.305	424.932	488.621	520.719	405.579	313.873	300.12	282.447
XLOC_002593	12.0816	7.32361	1.79288	23.8492	22.5705	23.67	13.7398	13.939	10.0765	17.373	11.6627	14.9405
XLOC_002595	114.226	118.805	92.3336	189.601	173.695	162.308	77.2863	98.5683	79.3524	130.877	150.06	91.7775
XLOC_002630	4.39329	3.25494	2.68933	13.1171	1.96265	4.50856	1.71747	4.9782	2.51913	11.582	3.11005	2.84582
XLOC_002642	10.9832	12.206	23.3075	8.34723	7.85062	5.63571	12.881	7.96512	13.8552	10.4238	7.77513	9.96035
XLOC_002644	45.0313	31.7356	31.3755	41.7361	37.2904	36.0685	20.6097	11.9477	16.3743	53.2773	54.4259	70.4339
XLOC_002645	31.8514	23.5983	22.4111	34.5814	48.085	28.1785	12.0223	9.95639	8.81694	26.6386	30.323	31.304
XLOC_002672	35.1463	44.7554	25.1004	14.3095	23.5518	16.9071	33.4907	39.8256	55.4208	16.2148	23.3254	25.6123
XLOC_002688	97.7508	149.727	195.424	203.911	262.014	201.758	240.446	195.145	229.24	249.013	195.156	248.297
XLOC_002701	23.0648	27.667	25.1004	33.3889	47.1037	32.6871	14.5985	24.891	28.9699	18.5312	38.0981	29.1696
XLOC_002717	18.6715	22.7846	19.7217	11.9246	18.6452	11.2714	32.632	16.9259	23.9317	50.9608	45.8732	39.8414
XLOC_002744	50.5229	63.4713	57.3723	72.7401	89.3008	75.5185	57.5353	57.7471	55.4208	104.238	67.6436	87.5088
XLOC_002747	77.9809	68.3537	63.6474	125.208	128.554	165.69	89.3086	98.5683	89.4289	85.7069	103.409	80.3943
XLOC_002789	254.811	165.188	172.117	249.224	170.751	129.621	86.7324	92.5945	130.995	240.906	157.835	130.907
XLOC_002791	56.0145	84.6284	77.0941	45.3135	49.0664	63.1199	145.985	136.403	173.82	93.8143	71.5312	129.485
XLOC_002827	16.4748	20.3434	20.6182	3.57738	2.94398	11.2714	62.6878	45.7994	27.7104	5.79101	3.11005	2.84582
XLOC_002829	27.4581	30.9219	17.9288	13.1171	13.7386	12.3986	23.1859	26.8823	16.3743	3.4746	5.44259	13.5176
XLOC_002836	9.88491	24.412	12.5502	25.0417	18.6452	10.1443	30.0558	22.8997	30.2295	38.2206	17.8828	32.7269
XLOC_002839	40.638	27.667	36.7541	10.7322	13.7386	22.5428	37.7844	29.8692	18.8934	26.6386	24.1029	20.6322
XLOC_002840	35.1463	45.5691	38.547	56.0457	67.7116	50.7213	46.3718	26.8823	25.1913	27.7968	36.5431	38.4185
XLOC_002851	15.3765	12.206	11.6538	27.4266	26.4958	12.3986	8.58736	10.952	5.03825	34.746	38.0981	35.5727
XLOC_002870	1293.82	1171.78	1290.88	1739.8	1716.34	1859.78	1826.53	2279.02	1735.68	1219.59	1376.2	1358.17
XLOC_002895	41.7363	26.8532	31.3755	8.34723	11.7759	19.1614	46.3718	43.8081	35.2678	10.4238	10.1077	10.6718
XLOC_002902	2.19665	5.69614	4.48221	2.38492	0	7.88999	0.858736	0	0	0	0	0
XLOC_002908	1.09832	2.4412	1.79288	0	0	1.12714	0	0	0	2.3164	0.777513	4.26872
XLOC_002912	31.8514	48.8241	53.7865	42.9286	41.2157	39.4499	63.5465	25.8866	74.3142	81.0741	59.091	81.1057
XLOC_002945	8.78659	0.813734	7.17154	0	0	0	5.15242	0	0	0	0	0
XLOC_002949	447.018	384.083	373.816	599.808	362.11	465.509	342.636	338.517	340.082	383.365	454.845	389.877
XLOC_002952	17.5732	19.5296	8.96442	1.19246	0.981327	7.88999	11.1636	12.9433	16.3743	4.6328	3.11005	12.8062
XLOC_002955	79.0793	90.3245	72.6118	44.1211	34.3464	39.4499	90.1673	75.6686	61.7186	31.2714	47.4283	44.8216
XLOC_002957	180.125	209.943	234.868	127.593	130.516	118.35	164.019	154.324	171.301	156.357	132.955	159.366
XLOC_002959	30.7531	21.9708	31.3755	48.8909	33.3651	37.1957	31.7732	24.891	26.4508	70.6503	61.4235	59.7621
XLOC_002960	104.341	78.9322	78.8869	143.095	108.927	147.655	84.1562	101.555	79.3524	118.137	101.854	83.2401
XLOC_002963	1.09832	0.813734	4.48221	2.38492	0.981327	10.1443	0.858736	0.995639	0	0	0	0
XLOC_002971	6.58994	12.206	11.6538	25.0417	10.7946	14.6528	18.0335	17.9215	7.55738	9.26561	6.2201	9.2489
XLOC_002978	43.9329	31.7356	34.0648	7.15477	6.86929	10.1443	44.6543	43.8081	34.0082	12.7402	8.55264	14.2291
XLOC_002987	328.399	283.993	261.761	184.831	140.33	167.944	219.836	226.01	165.003	107.713	97.1891	114.544
XLOC_002999	0	0	0	4.76984	0.981327	1.12714	0	0	0	5.79101	0	4.26872
XLOC_003007	168.043	178.208	174.806	176.484	168.788	171.325	255.045	207.093	193.973	180.679	127.512	144.425
XLOC_003012	242.729	308.405	282.379	152.635	151.124	146.528	329.755	297.696	314.891	230.482	150.837	180.709
XLOC_003027	84.5709	64.285	74.4047	57.2381	52.0103	54.1028	60.1115	42.8125	47.8634	39.3788	30.323	32.7269
XLOC_003030	0	0	1.79288	2.38492	3.92531	0	0	0	0	1.1582	3.88756	6.40308
XLOC_003035	51.6212	104.972	116.538	39.3512	34.3464	41.7042	119.364	107.529	89.4289	81.0741	35.7656	49.8018
XLOC_003041	26.3598	20.3434	25.9968	4.76984	11.7759	7.88999	24.9034	25.8866	31.4891	1.1582	9.33015	12.0947
XLOC_003051	51.6212	46.3828	24.2039	26.2341	20.6079	15.78	26.6208	30.8648	12.5956	24.3222	27.9905	19.2093
XLOC_003057	0	0	0	0	0	2.25428	0	0	0	10.4238	0	0
XLOC_003066	32.9497	68.3537	62.751	28.6191	38.2718	21.4157	78.145	43.8081	73.0546	99.6053	83.1939	131.619
XLOC_003074	50.5229	38.2455	25.9968	46.506	30.4211	42.8314	30.9145	37.8343	46.6038	23.164	44.3182	44.1101
XLOC_003086	29.6547	36.618	46.615	33.3889	33.3651	25.9242	62.6878	45.7994	73.0546	74.1249	51.3158	69.7225
XLOC_003091	57.1128	89.5108	82.4727	46.506	44.1597	54.1028	86.7324	85.625	102.025	28.955	47.4283	49.8018
XLOC_003105	59.3095	56.9614	46.615	8.34723	15.7012	14.6528	84.1562	100.56	61.7186	20.8476	38.8756	37.707
XLOC_003106	15.3765	14.6472	17.9288	5.96231	4.90664	2.25428	25.7621	16.9259	30.2295	13.8984	12.4402	10.6718
XLOC_003107	23.0648	30.1082	26.8933	15.502	25.5145	19.1614	44.6543	37.8343	41.5656	32.4296	25.6579	29.8811
XLOC_003113	355.857	271.787	253.693	175.292	176.639	163.435	267.926	281.766	249.393	162.148	167.943	181.421
XLOC_003132	86.7675	71.6086	72.6118	109.706	83.4128	94.6799	56.6766	78.6555	50.3825	47.4862	63.756	51.2247
XLOC_003147	37.343	16.2747	26.8933	8.34723	8.83194	14.6528	13.7398	4.9782	8.81694	15.0566	13.2177	13.5176
XLOC_003151	8.78659	4.88241	5.37865	10.7322	5.88796	9.01713	13.7398	13.939	6.29781	11.582	6.99761	3.55727
XLOC_003163	4.39329	8.13734	4.48221	4.76984	7.85062	14.6528	6.86989	12.9433	8.81694	10.4238	4.66508	9.2489
XLOC_003183	13.1799	9.76481	17.9288	4.76984	4.90664	5.63571	11.1636	11.9477	13.8552	13.8984	8.55264	9.96035
XLOC_003195	142.782	140.776	131.777	102.552	119.722	116.096	216.402	181.206	153.667	191.103	148.505	142.291
XLOC_003231	14.2782	7.32361	13.4466	13.1171	3.92531	4.50856	13.7398	8.96075	20.153	20.8476	4.66508	14.2291
XLOC_003241	0	0	0	0	0.981327	0	7.72863	0	0	3.4746	1.55503	0.711454
XLOC_003252	4.39329	5.69614	0.896442	13.1171	8.83194	4.50856	2.57621	2.98692	5.03825	13.8984	7.77513	4.98018
XLOC_003253	123.012	123.688	106.677	218.22	236.5	152.164	156.29	195.145	185.156	135.51	193.601	206.322
XLOC_003254	294.351	262.022	266.243	412.592	400.381	379.847	339.201	343.496	376.609	382.206	333.553	347.901
XLOC_003260	484.361	468.711	462.564	137.133	162.9	144.274	355.517	361.417	277.104	210.793	224.701	258.258
XLOC_003262	13.1799	18.7159	17.9288	8.34723	11.7759	11.2714	16.316	16.9259	16.3743	19.6894	18.6603	18.4978
XLOC_003276	8.78659	7.32361	8.06798	22.6568	41.2157	14.6528	14.5985	19.9128	28.9699	17.373	24.8804	19.9207
XLOC_003290	26.3598	33.3631	31.3755	25.0417	47.1037	38.3228	14.5985	27.8779	30.2295	52.1191	38.0981	51.9361
XLOC_003293	2918.24	2349.25	2358.54	2243.02	1972.47	2392.92	2911.12	3097.43	2481.34	1973.57	2334.87	2241.79
XLOC_003294	54.9162	67.5399	53.7865	113.284	69.6742	104.824	79.0037	61.7296	74.3142	57.9101	74.6412	65.4537
XLOC_003295	328.399	401.985	319.134	63.2004	56.917	56.3571	367.539	451.025	424.473	66.0175	114.294	101.026
XLOC_003297	1916.57	1738.14	1598.36	1453.61	1487.69	1411.18	2045.51	2016.17	1803.69	1199.9	1126.62	1119.83
XLOC_003299	7.68826	11.3923	3.58577	4.76984	6.86929	5.63571	3.43495	4.9782	2.51913	18.5312	9.33015	15.652
XLOC_003306	24.1631	25.2258	24.2039	20.2718	30.4211	28.1785	24.0446	13.939	13.8552	66.0175	35.7656	40.5529
XLOC_003357	862.184	704.694	533.383	46.506	58.8796	60.8656	552.167	527.689	404.32	25.4804	24.8804	33.4383
XLOC_003358	444.821	413.377	300.308	42.9286	52.9917	43.9585	334.907	279.775	240.576	53.2773	36.5431	43.3987
XLOC_003359	616.159	578.565	588.066	67.9703	46.1224	54.1028	589.952	603.357	452.183	32.4296	29.5455	24.1894
XLOC_003360	278.974	253.885	211.56	59.6231	31.4025	58.6113	176.9	201.119	182.637	64.8593	38.0981	46.2445
XLOC_003388	0	7.32361	6.2751	1.19246	0.981327	0	6.01115	7.96512	0	0	0	0
XLOC_003397	46.1296	38.2455	43.0292	87.0497	67.7116	65.3742	73.8513	70.6904	45.3443	46.328	50.5383	74.7026
XLOC_003408	53.8178	25.2258	25.9968	23.8492	21.5892	29.3057	23.1859	21.9041	20.153	10.4238	20.9928	19.2093
XLOC_003410	83.4726	63.4713	65.4403	65.5854	39.2531	77.7727	42.9368	48.7863	57.9399	42.8534	69.9761	46.9559
XLOC_003432	49.4245	58.5889	75.3012	59.6231	31.4025	59.7385	49.8067	62.7253	61.7186	26.6386	38.0981	17.0749
XLOC_003437	57.1128	61.8438	52.8901	23.8492	35.3278	49.5942	67.8402	54.7602	73.0546	48.6444	56.7584	75.4141
XLOC_003465	2.19665	1.62747	3.58577	8.34723	6.86929	6.76285	49.8067	46.7951	34.0082	3.4746	0	0
XLOC_003466	21.9665	16.2747	23.3075	65.5854	55.9356	95.807	179.476	161.294	119.658	2.3164	8.55264	6.40308
XLOC_003471	2.19665	0.813734	0	0	0	0	0.858736	0.995639	1.25956	5.79101	3.88756	3.55727
XLOC_003473	58.2111	57.7751	51.9937	81.0874	57.8983	68.7556	35.2082	78.6555	42.8251	61.3847	40.4307	39.13
XLOC_003493	7.68826	12.206	3.58577	5.96231	6.86929	1.12714	21.4684	29.8692	27.7104	6.94921	4.66508	7.82599
XLOC_003498	16.4748	17.9022	16.136	3.57738	2.94398	0	46.3718	38.8299	32.7486	5.79101	9.33015	7.82599
XLOC_003502	7.68826	4.06867	1.79288	17.8869	13.7386	12.3986	12.881	5.97384	8.81694	46.328	20.2153	41.2643
XLOC_003503	2.19665	2.4412	2.68933	1.19246	10.7946	9.01713	0	3.98256	5.03825	19.6894	10.8852	13.5176
XLOC_003504	24.1631	26.0395	17.9288	7.15477	7.85062	16.9071	41.2193	46.7951	60.459	17.373	11.6627	13.5176
XLOC_003544	53.8178	45.5691	54.683	8.34723	8.83194	14.6528	87.5911	80.6468	64.2377	15.0566	9.33015	10.6718
XLOC_003562	560.145	537.065	476.011	609.348	584.871	678.539	419.063	491.846	421.953	551.304	667.883	557.78
XLOC_003563	19.7698	39.873	43.9257	36.9663	52.0103	34.9414	45.513	45.7994	41.5656	59.0683	89.414	102.449
XLOC_003564	26.3598	31.7356	27.7897	35.7738	20.6079	20.2885	31.7732	21.9041	21.4126	33.5878	38.8756	66.1652
XLOC_003565	99.9474	69.1674	95.0229	102.552	75.5622	125.113	79.0037	93.5901	68.0164	142.459	145.395	167.192
XLOC_003584	0	0	0	1.19246	4.90664	7.88999	0	0	0	0	0	2.13436
XLOC_003585	0	0	0	11.9246	2.94398	7.88999	1.71747	2.98692	5.03825	3.4746	0.777513	2.13436
XLOC_003586	9.88491	14.6472	19.7217	38.1588	24.5332	33.8142	34.3495	28.8735	34.0082	30.1132	23.3254	15.652
XLOC_003587	3.29497	4.06867	3.58577	27.4266	34.3464	20.2885	19.7509	3.98256	18.8934	41.6952	24.8804	34.8612
XLOC_003596	46.1296	44.7554	27.7897	31.004	13.7386	10.1443	63.5465	55.7558	61.7186	24.3222	20.9928	19.9207
XLOC_003598	69.1944	111.482	77.9905	32.1965	52.0103	55.2299	86.7324	83.6337	120.918	54.4355	44.3182	40.5529
XLOC_003621	6.58994	5.69614	5.37865	0	0	0	0	0.995639	0	0	0.777513	0.711454
XLOC_003629	23.0648	73.2361	52.8901	27.4266	28.4585	24.7971	60.1115	33.8517	79.3524	44.0116	30.323	60.4736
XLOC_003633	2624.99	2088.86	2216.9	876.459	632.956	1199.28	3226.27	3350.33	2424.66	243.222	218.481	219.128
XLOC_003639	26.3598	27.667	26.8933	9.53969	8.83194	22.5428	88.4498	68.6991	76.8333	2.3164	5.44259	5.69163
XLOC_003640	24.1631	19.5296	28.6862	16.6945	7.85062	14.6528	72.1338	70.6904	66.7568	1.1582	3.11005	1.42291
XLOC_003651	9.88491	28.4807	40.3399	17.8869	29.4398	13.5257	49.8067	28.8735	41.5656	24.3222	28.768	24.9009
XLOC_003657	1.09832	6.50987	0	0	0	0	1.71747	0.995639	0	0	0	1.42291
XLOC_003663	101.046	78.9322	85.162	40.5437	39.2531	42.8314	89.3086	100.56	96.9863	41.6952	59.8685	39.8414
XLOC_003666	19.7698	21.9708	20.6182	8.34723	1.96265	7.88999	36.0669	30.8648	23.9317	10.4238	6.2201	2.13436
XLOC_003670	28.5564	47.1966	48.4079	10.7322	19.6265	18.0343	63.5465	37.8343	66.7568	24.3222	20.9928	25.6123
XLOC_003682	1163.12	884.529	822.038	944.429	648.657	795.762	780.591	643.183	768.333	605.739	509.271	540.705
XLOC_003712	16.4748	42.3142	34.9613	13.1171	24.5332	20.2885	21.4684	26.8823	36.5273	35.9042	39.6531	49.8018
XLOC_003713	3.29497	0.813734	0.896442	1.19246	0	3.38142	0	0	0	2.3164	6.2201	1.42291
XLOC_003714	82.3742	65.0987	51.9937	95.3969	56.917	71.0099	47.2305	35.843	39.0464	46.328	75.4187	54.7819
XLOC_003715	97.7508	74.0498	85.162	134.748	125.61	129.621	69.5576	70.6904	83.1311	88.0233	119.737	86.0859
XLOC_003716	401.986	306.778	354.095	523.49	413.139	517.358	277.372	348.474	293.478	326.613	373.984	341.498
XLOC_003720	64.8011	67.5399	76.1976	40.5437	63.7863	56.3571	46.3718	44.8038	71.7951	27.7968	29.5455	52.6476
XLOC_003790	27.4581	28.4807	34.9613	21.4643	13.7386	13.5257	22.3271	15.9302	23.9317	11.582	14.7727	9.2489
XLOC_003791	49.4245	30.9219	22.4111	16.6945	21.5892	24.7971	29.197	30.8648	20.153	13.8984	18.6603	9.2489
XLOC_003792	69.1944	43.1279	53.7865	28.6191	16.6826	27.0514	44.6543	71.686	35.2678	12.7402	31.878	17.7863
XLOC_003793	3.29497	0	2.68933	0	0	0	0.858736	0.995639	2.51913	1.1582	6.99761	0.711454
XLOC_003794	51.6212	65.9125	71.7154	48.8909	44.1597	64.247	97.0372	85.625	78.0929	60.2265	64.5336	60.4736
XLOC_003798	48.3262	42.3142	43.0292	52.4683	58.8796	82.2813	40.3606	37.8343	45.3443	49.8026	44.3182	46.2445
XLOC_003818	14.2782	37.4318	41.2364	22.6568	24.5332	32.6871	68.6989	43.8081	41.5656	50.9608	41.9857	40.5529
XLOC_003851	40.638	60.2163	66.3367	29.8115	33.3651	37.1957	68.6989	51.7732	81.8716	70.6503	50.5383	69.011
XLOC_003860	95.5541	82.1872	67.2332	118.054	106.965	118.35	92.7435	107.529	70.5355	86.8651	80.8613	93.9119
XLOC_003864	5.49162	8.13734	13.4466	11.9246	23.5518	27.0514	8.58736	3.98256	3.77869	32.4296	26.4354	23.478
XLOC_003868	3.29497	8.13734	1.79288	10.7322	17.6639	18.0343	6.01115	9.95639	3.77869	35.9042	52.0933	32.0154
XLOC_003877	608.471	485.799	502.904	423.324	395.475	433.949	395.877	410.203	351.418	325.455	337.441	257.546
XLOC_003904	1.09832	1.62747	1.79288	0	1.96265	10.1443	0	0	0	0	0.777513	0.711454
XLOC_003932	6.58994	10.5785	8.06798	3.57738	1.96265	2.25428	3.43495	5.97384	0	10.4238	3.11005	4.26872
XLOC_003934	103.242	99.2756	146.12	168.137	197.247	149.91	104.766	84.6293	105.803	332.404	248.027	266.084
XLOC_003935	95.5541	83.0009	60.9581	129.978	127.573	137.511	57.5353	68.6991	60.459	176.047	199.821	167.903
XLOC_003946	21.9665	25.2258	31.3755	23.8492	28.4585	12.3986	27.4796	8.96075	25.1913	42.8534	34.9881	54.0705
XLOC_003955	84.5709	85.4421	92.3336	67.9703	61.8236	93.5527	92.7435	95.5814	76.8333	54.4355	48.2058	53.359
XLOC_003961	757.843	743.753	669.643	329.119	310.099	450.856	561.614	496.824	453.443	389.156	349.881	350.747
XLOC_003963	8.78659	7.32361	10.7573	3.57738	5.88796	9.01713	12.0223	5.97384	11.3361	2.3164	1.55503	4.98018
XLOC_003969	43.9329	25.2258	42.1328	54.8532	56.917	38.3228	50.6654	81.6424	45.3443	42.8534	92.524	76.837
XLOC_003984	7.68826	17.9022	9.86087	13.1171	6.86929	12.3986	9.4461	7.96512	25.1913	2.3164	12.4402	17.7863
XLOC_004013	46.1296	44.7554	40.3399	41.7361	62.8049	48.4671	55.8179	48.7863	65.4973	81.0741	82.4163	91.7775
XLOC_004049	43.9329	22.7846	26.8933	59.6231	58.8796	64.247	23.1859	33.8517	21.4126	62.5429	27.9905	41.2643
XLOC_004077	69.1944	65.9125	65.4403	121.631	91.2634	102.57	68.6989	96.577	84.3907	56.7519	71.5312	53.359
XLOC_004108	0	0	0	2.38492	9.81327	1.12714	8.58736	3.98256	11.3361	9.26561	6.2201	7.82599
XLOC_004109	87.8659	96.8344	82.4727	17.8869	18.6452	21.4157	57.5353	60.734	59.1994	20.8476	27.9905	14.2291
XLOC_004110	328.399	280.738	313.755	93.012	93.2261	89.0441	328.896	333.539	307.333	55.5937	68.4211	52.6476
XLOC_004113	112.029	99.2756	104.884	17.8869	24.5332	21.4157	133.963	155.32	108.322	34.746	22.5479	12.8062
XLOC_004116	109.832	89.5108	50.2008	7.15477	4.90664	6.76285	43.7956	36.8387	50.3825	6.94921	8.55264	8.53745
XLOC_004120	62.6044	85.4421	101.298	21.4643	11.7759	24.7971	54.9591	35.843	65.4973	12.7402	17.8828	14.2291
XLOC_004121	85.6692	67.5399	54.683	28.6191	20.6079	42.8314	52.3829	61.7296	49.1229	9.26561	16.3278	7.82599
XLOC_004122	296.547	183.904	154.188	103.744	90.2821	142.02	149.42	107.529	110.842	55.5937	55.2034	35.5727
XLOC_004129	70.2927	85.4421	90.5407	104.937	73.5995	78.8999	189.781	125.451	191.454	50.9608	71.5312	60.4736
XLOC_004141	66.9977	70.7949	52.8901	59.6231	38.2718	49.5942	72.9926	89.6075	105.803	31.2714	34.2106	32.0154
XLOC_004142	50.5229	46.3828	39.4435	36.9663	38.2718	47.3399	68.6989	72.6817	57.9399	34.746	18.6603	13.5176
XLOC_004144	175.732	167.629	158.67	174.099	193.321	211.903	246.457	218.045	227.981	268.703	183.493	186.401
XLOC_004153	23.0648	28.4807	18.8253	8.34723	4.90664	11.2714	11.1636	8.96075	7.55738	3.4746	5.44259	5.69163
XLOC_004154	2.19665	7.32361	2.68933	1.19246	6.86929	4.50856	1.71747	0.995639	0	0	0	0
XLOC_004168	136.192	164.374	164.049	16.6945	24.5332	19.1614	103.907	132.42	136.033	33.5878	50.5383	58.3392
XLOC_004169	88.9642	71.6086	87.8514	10.7322	19.6265	13.5257	70.4164	103.546	71.7951	10.4238	10.8852	15.652
XLOC_004204	17.5732	7.32361	12.5502	14.3095	5.88796	18.0343	8.58736	3.98256	13.8552	30.1132	22.5479	20.6322
XLOC_004205	0	0	0	0	0	1.12714	6.86989	0.995639	2.51913	3.4746	0	0.711454
XLOC_004206	221.861	144.031	167.635	103.744	80.4688	108.206	177.758	226.01	168.781	89.1815	83.9714	91.7775
XLOC_004231	35.1463	36.618	24.2039	15.502	12.7573	9.01713	34.3495	32.8561	22.6721	13.8984	12.4402	17.7863
XLOC_004232	1352.04	1234.43	1224.54	1439.3	1274.74	1372.86	1643.62	1647.78	1466.13	1126.93	1023.98	1017.38
XLOC_004272	415.166	443.485	454.496	352.969	365.054	297.565	473.164	531.671	489.97	268.703	255.024	323.711
XLOC_004273	137.29	164.374	161.36	134.748	157.012	142.02	187.205	194.15	199.011	105.396	151.615	147.982
XLOC_004274	61.5061	43.9416	36.7541	56.0457	52.0103	54.1028	58.3941	74.673	64.2377	22.0058	33.433	43.3987
XLOC_004275	15.3765	13.8335	16.136	2.38492	12.7573	14.6528	12.0223	24.891	26.4508	11.582	11.6627	9.2489
XLOC_004280	193.305	253.071	295.826	535.415	589.778	552.299	416.487	298.692	419.434	1421.11	1009.99	1382.35
XLOC_004287	62.6044	32.5494	54.683	81.0874	45.141	67.6285	38.6431	37.8343	22.6721	85.7069	55.2034	54.0705
XLOC_004302	0	0.813734	8.06798	0	0	0	0	0	1.25956	1.1582	0	0
XLOC_004308	119.717	153.796	138.052	77.51	51.029	40.5771	42.0781	57.7471	42.8251	163.306	103.409	115.967
XLOC_004309	4.39329	0	1.79288	2.38492	0.981327	0	0	0	0	3.4746	3.11005	7.11454
XLOC_004315	1.09832	0.813734	1.79288	0	0	0	6.86989	2.98692	2.51913	2.3164	2.33254	1.42291
XLOC_004316	4.39329	2.4412	4.48221	11.9246	12.7573	15.78	2.57621	6.96948	6.29781	4.6328	8.55264	7.11454
XLOC_004331	135.094	105.785	95.0229	128.786	103.039	84.5356	121.082	98.5683	115.88	155.199	187.381	189.958
XLOC_004347	43.9329	79.7459	65.4403	59.6231	97.1514	89.0441	56.6766	38.8299	57.9399	86.8651	80.0838	83.2401
XLOC_004348	95.5541	53.7065	43.9257	77.51	93.2261	89.0441	56.6766	60.734	56.6803	41.6952	72.3087	55.4934
XLOC_004356	31.8514	56.9614	55.5794	21.4643	34.3464	3.38142	12.881	17.9215	15.1148	31.2714	19.4378	41.2643
XLOC_004362	26.3598	15.4609	25.9968	9.53969	7.85062	2.25428	27.4796	20.9084	18.8934	10.4238	17.1053	10.6718
XLOC_004367	151.569	226.218	216.043	128.786	135.423	133.003	340.06	324.578	405.579	133.193	124.402	160.077
XLOC_004390	24.1631	15.4609	11.6538	1.19246	0.981327	1.12714	6.01115	11.9477	5.03825	5.79101	1.55503	3.55727
XLOC_004391	2.19665	5.69614	0	0	0	0	7.72863	6.96948	0	0	0	0
XLOC_004392	1.09832	2.4412	7.17154	0	0.981327	0	0.858736	5.97384	2.51913	0	0	0
XLOC_004393	118.619	119.619	103.987	29.8115	26.4958	18.0343	58.3941	42.8125	64.2377	20.8476	20.9928	17.0749
XLOC_004394	16.4748	13.0197	20.6182	5.96231	9.81327	2.25428	29.197	28.8735	18.8934	9.26561	15.5503	20.6322
XLOC_004402	25.2614	20.3434	23.3075	52.4683	44.1597	42.8314	18.0335	18.9171	18.8934	24.3222	40.4307	36.2841
XLOC_004437	0	0	0	0	2.94398	3.38142	0.858736	0	0	1.1582	4.66508	4.26872
XLOC_004438	7.68826	9.76481	4.48221	17.8869	17.6639	14.6528	2.57621	2.98692	3.77869	19.6894	19.4378	17.0749
XLOC_004442	0	0	0	0	0	0	0	0	0	0	0	7.11454
XLOC_004444	75.7843	83.0009	70.819	75.1251	75.5622	78.8999	38.6431	29.8692	44.0847	46.328	46.6508	51.2247
XLOC_004456	56.0145	58.5889	38.547	20.2718	23.5518	27.0514	51.5242	29.8692	35.2678	11.582	15.5503	10.6718
XLOC_004457	35.1463	46.3828	27.7897	38.1588	60.8423	33.8142	40.3606	31.8605	23.9317	69.4921	72.3087	64.7423
XLOC_004478	72.4893	120.433	130.881	42.9286	56.917	37.1957	139.974	108.525	102.025	71.8085	56.7584	56.2048
XLOC_004480	18.6715	5.69614	7.17154	8.34723	8.83194	7.88999	8.58736	23.8953	10.0765	6.94921	6.99761	3.55727
XLOC_004492	389.905	451.622	458.979	327.927	345.427	287.421	370.115	339.513	367.792	274.494	225.479	329.403
XLOC_004508	0	0	0	5.96231	0.981327	3.38142	0.858736	1.99128	2.51913	6.94921	2.33254	7.11454
XLOC_004510	61.5061	83.0009	83.3691	75.1251	71.6369	77.7727	79.8625	65.7122	75.5738	114.662	114.294	120.236
XLOC_004548	995.081	864.999	825.623	598.616	571.132	631.199	780.591	805.472	685.202	725.034	597.907	579.835
XLOC_004559	0	0	0	1.19246	7.85062	0	0	0	0	0	0	1.42291
XLOC_004563	23.0648	23.5983	21.5146	28.6191	29.4398	40.5771	11.1636	15.9302	13.8552	16.2148	22.5479	19.2093
XLOC_004569	20.8681	12.206	22.4111	2.38492	3.92531	7.88999	20.6097	19.9128	25.1913	10.4238	11.6627	15.652
XLOC_004589	27.4581	28.4807	43.9257	13.1171	24.5332	25.9242	43.7956	22.8997	52.9016	15.0566	38.8756	30.5925
XLOC_004608	107.636	124.501	133.57	46.506	66.7302	45.0856	91.026	95.5814	61.7186	75.2831	51.3158	71.1454
XLOC_004609	37.343	28.4807	16.136	13.1171	8.83194	18.0343	18.8922	19.9128	18.8934	10.4238	6.99761	6.40308
XLOC_004619	45.0313	60.2163	56.4759	20.2718	34.3464	21.4157	33.4907	41.8169	35.2678	20.8476	26.4354	35.5727
XLOC_004626	54.9162	42.3142	49.3043	54.8532	70.6555	45.0856	55.8179	69.6948	56.6803	33.5878	38.0981	25.6123
XLOC_004641	9.88491	16.2747	14.3431	7.15477	7.85062	2.25428	18.8922	32.8561	27.7104	5.79101	6.2201	12.8062
XLOC_004644	36.2447	27.667	32.2719	15.502	7.85062	9.01713	28.3383	28.8735	23.9317	18.5312	22.5479	22.7665
XLOC_004649	7770.64	7676.77	7502.33	5412.58	5207.9	4820.78	6906.82	6677.75	6192.01	6297.14	4280.21	4751.09
XLOC_004652	215.271	214.012	205.285	287.383	343.464	323.489	233.576	237.958	238.057	240.906	273.684	279.601
XLOC_004665	62.6044	41.5004	33.1684	3.57738	11.7759	3.38142	53.2417	48.7863	30.2295	32.4296	22.5479	20.6322
XLOC_004676	30.7531	20.3434	32.2719	7.15477	11.7759	6.76285	27.4796	14.9346	15.1148	20.8476	24.8804	19.9207
XLOC_004683	0	0	0	1.19246	2.94398	3.38142	6.86989	6.96948	11.3361	5.79101	3.11005	2.13436
XLOC_004685	114.226	102.531	139.845	52.4683	48.085	32.6871	85.8736	95.5814	94.4672	70.6503	50.5383	77.5485
XLOC_004698	12.0816	21.1571	23.3075	11.9246	16.6826	11.2714	35.2082	40.8212	54.1612	24.3222	22.5479	24.9009
XLOC_004728	51.6212	50.4515	43.0292	41.7361	45.141	41.7042	24.0446	32.8561	57.9399	23.164	24.8804	31.304
XLOC_004750	43.9329	36.618	31.3755	20.2718	17.6639	19.1614	29.197	35.843	13.8552	9.26561	32.6555	13.5176
XLOC_004756	1.09832	1.62747	0	0	0	0	6.01115	3.98256	1.25956	0	1.55503	0
XLOC_004763	12.0816	10.5785	9.86087	5.96231	2.94398	6.76285	5.15242	7.96512	11.3361	3.4746	3.88756	4.26872
XLOC_004800	341.579	324.68	328.098	245.647	285.566	296.438	433.662	468.946	389.205	458.648	290.012	325.846
XLOC_004802	72.4893	62.6575	49.3043	69.1628	76.5435	68.7556	72.1338	91.5988	98.2459	53.2773	58.3135	54.0705
XLOC_004803	188.912	122.874	130.881	155.02	152.106	184.851	237.87	236.962	204.049	127.402	129.845	101.026
XLOC_004816	3.29497	4.88241	7.17154	9.53969	19.6265	20.2885	10.3048	4.9782	3.77869	6.94921	5.44259	8.53745
XLOC_004820	97.7508	52.8927	57.3723	51.2758	53.973	49.5942	48.948	32.8561	35.2678	35.9042	41.2082	30.5925
XLOC_004822	39.5396	44.7554	32.2719	31.004	52.0103	32.6871	23.1859	12.9433	18.8934	26.6386	33.433	33.4383
XLOC_004826	3.29497	1.62747	7.17154	0	0	0	5.15242	0	0	5.79101	1.55503	4.98018
XLOC_004828	228.451	245.748	198.114	187.216	159.956	136.384	127.952	112.507	141.071	202.685	104.187	155.097
XLOC_004833	16.4748	14.6472	14.3431	42.9286	60.8423	23.67	37.7844	44.8038	39.0464	35.9042	23.3254	31.304
XLOC_004834	789.694	931.726	939.472	564.034	457.298	458.746	732.502	921.962	729.287	426.218	482.835	482.366
XLOC_004843	1.09832	5.69614	0.896442	0	0	0	1.71747	2.98692	0	3.4746	2.33254	0
XLOC_004845	71.391	61.0301	60.9581	88.2421	70.6555	96.9341	54.1004	46.7951	47.8634	53.2773	47.4283	57.6278
XLOC_004847	199.895	147.286	169.428	180.062	221.78	208.521	198.368	193.154	190.194	319.664	213.816	204.187
XLOC_004848	32.9497	33.3631	58.2688	71.5477	89.3008	58.6113	40.3606	47.7907	32.7486	78.7577	41.9857	39.13
XLOC_004849	271.286	245.748	223.214	449.558	380.755	503.832	323.744	436.09	303.555	295.341	294.677	269.641
XLOC_004867	19.7698	25.2258	16.136	22.6568	33.3651	41.7042	17.1747	8.96075	15.1148	16.2148	18.6603	19.2093
XLOC_004884	95.5541	131.011	112.055	116.861	183.508	136.384	97.0372	81.6424	124.697	249.013	214.593	313.04
XLOC_004895	63.7027	99.2756	100.402	58.4306	60.8423	39.4499	109.06	99.5639	81.8716	78.7577	67.6436	84.663
XLOC_004899	32.9497	48.8241	51.0972	57.2381	68.6929	41.7042	24.9034	20.9084	40.306	82.2323	59.091	54.7819
XLOC_004902	70.2927	100.903	103.987	101.359	122.666	81.1542	74.7101	45.7994	76.8333	127.402	124.402	178.575
XLOC_004909	75.7843	49.6378	57.3723	119.246	85.3755	101.443	35.2082	44.8038	57.9399	107.713	139.952	139.445
XLOC_004912	69.1944	71.6086	75.3012	29.8115	36.3091	13.5257	17.1747	33.8517	23.9317	26.6386	21.7704	19.9207
XLOC_004915	45.0313	48.0103	60.0616	22.6568	13.7386	15.78	15.4573	16.9259	17.6339	12.7402	15.5503	12.0947
XLOC_004916	4.39329	2.4412	7.17154	2.38492	0.981327	1.12714	0.858736	0.995639	1.25956	0	0	0
XLOC_004925	6.58994	12.206	11.6538	5.96231	7.85062	7.88999	36.0669	43.8081	26.4508	1.1582	8.55264	2.84582
XLOC_004955	337.185	350.719	373.816	531.838	433.747	464.382	432.803	447.042	506.344	385.681	409.749	377.07
XLOC_004974	80.1776	106.599	72.6118	19.0794	10.7946	15.78	109.918	106.533	88.1694	72.9667	55.9809	46.9559
XLOC_004982	17.5732	28.4807	35.8577	22.6568	28.4585	12.3986	47.2305	27.8779	47.8634	20.8476	21.7704	32.0154
XLOC_005001	40.638	27.667	41.2364	26.2341	16.6826	23.67	35.2082	28.8735	55.4208	22.0058	22.5479	14.9405
XLOC_005006	93.3575	109.854	108.47	54.8532	68.6929	68.7556	76.4275	84.6293	94.4672	111.187	122.847	124.504
XLOC_005007	20.8681	17.0884	14.3431	7.15477	16.6826	12.3986	6.01115	6.96948	13.8552	39.3788	14.7727	19.2093
XLOC_005027	220.763	244.934	245.625	112.091	111.871	103.697	212.967	175.233	157.445	137.826	121.292	110.987
XLOC_005034	61.5061	44.7554	44.8221	36.9663	22.5705	32.6871	36.9257	44.8038	66.7568	20.8476	34.2106	24.9009
XLOC_005037	185.617	143.217	171.221	193.179	156.031	213.03	133.963	195.145	148.628	98.4471	139.175	99.6035
XLOC_005039	231.746	229.473	259.072	248.032	200.191	259.242	206.097	259.862	227.981	138.984	169.498	140.868
XLOC_005054	36.2447	32.5494	18.8253	10.7322	5.88796	12.3986	33.4907	33.8517	46.6038	9.26561	13.9952	14.9405
XLOC_005062	39.5396	41.5004	43.0292	94.2044	60.8423	85.6627	46.3718	70.6904	50.3825	41.6952	41.9857	36.2841
XLOC_005066	66.9977	132.639	138.949	58.4306	70.6555	42.8314	91.026	61.7296	110.842	89.1815	68.4211	81.8172
XLOC_005071	51.6212	38.2455	53.7865	44.1211	38.2718	43.9585	87.5911	110.516	83.1311	44.0116	63.756	44.1101
XLOC_005072	174.633	152.168	165.842	200.333	161.919	194.995	227.565	312.631	279.623	169.097	153.17	137.311
XLOC_005075	14.2782	8.13734	4.48221	0	0	0	2.57621	1.99128	2.51913	0	0	0
XLOC_005077	28.5564	29.2944	32.2719	52.4683	48.085	64.247	27.4796	33.8517	27.7104	57.9101	50.5383	49.0903
XLOC_005081	146.077	153.796	154.188	90.6271	99.114	104.824	96.1785	93.5901	79.3524	120.453	79.3063	125.216
XLOC_005104	13.1799	4.06867	8.06798	7.15477	9.81327	5.63571	9.4461	5.97384	17.6339	6.94921	2.33254	2.13436
XLOC_005105	9.88491	32.5494	25.1004	5.96231	3.92531	4.50856	24.0446	33.8517	21.4126	5.79101	10.8852	4.98018
XLOC_005112	184.518	205.061	223.214	281.421	275.753	267.132	315.156	261.853	227.981	579.101	403.529	448.927
XLOC_005143	34.048	30.9219	19.7217	17.8869	8.83194	9.01713	32.632	29.8692	26.4508	16.2148	3.88756	13.5176
XLOC_005167	118.619	95.2069	79.7834	34.5814	21.5892	10.1443	86.7324	82.6381	60.459	18.5312	25.6579	13.5176
XLOC_005182	136.192	128.57	121.916	42.9286	28.4585	41.7042	75.5688	84.6293	56.6803	54.4355	24.8804	46.2445
XLOC_005203	6.58994	5.69614	4.48221	13.1171	20.6079	13.5257	6.01115	1.99128	3.77869	10.4238	14.7727	7.82599
XLOC_005225	26.3598	20.3434	20.6182	29.8115	21.5892	24.7971	66.1227	51.7732	52.9016	38.2206	50.5383	36.9956
XLOC_005232	24.1631	56.1477	53.7865	5.96231	5.88796	7.88999	65.264	39.8256	37.7869	6.94921	11.6627	10.6718
XLOC_005236	4.39329	1.62747	2.68933	48.8909	30.4211	58.6113	7.72863	2.98692	10.0765	0	4.66508	1.42291
XLOC_005237	1.09832	1.62747	0.896442	34.5814	6.86929	27.0514	0.858736	0.995639	6.29781	1.1582	0	0.711454
XLOC_005250	10.9832	1.62747	2.68933	0	0	0	0	0	0	0	0	0
XLOC_005255	34.048	45.5691	53.7865	45.3135	74.5809	57.4842	30.9145	32.8561	37.7869	72.9667	60.646	58.3392
XLOC_005265	4.39329	1.62747	5.37865	14.3095	27.4772	3.38142	6.86989	9.95639	8.81694	17.373	15.5503	23.478
XLOC_005368	141.684	88.697	76.1976	221.798	150.143	175.834	121.941	104.542	134.773	147.092	149.282	93.2004
XLOC_005387	70.2927	61.8438	75.3012	132.363	124.629	134.13	83.2974	102.551	88.1694	160.99	122.847	121.659
XLOC_005388	408.576	326.307	283.276	286.191	259.07	224.301	291.97	339.513	239.317	441.275	401.197	369.245
XLOC_005389	3.29497	5.69614	5.37865	25.0417	16.6826	10.1443	8.58736	5.97384	15.1148	13.8984	24.1029	12.0947
XLOC_005390	16.4748	134.266	155.085	85.8572	161.919	51.8485	129.669	115.494	178.858	133.193	150.06	280.313
XLOC_005393	0	0	0	0	0.981327	1.12714	0.858736	0	0	0	6.99761	1.42291
XLOC_005400	9.88491	14.6472	9.86087	10.7322	7.85062	6.76285	12.0223	7.96512	16.3743	22.0058	14.7727	16.3634
XLOC_005404	14.2782	17.9022	17.9288	33.3889	41.2157	38.3228	24.9034	12.9433	13.8552	24.3222	33.433	27.0352
XLOC_005408	90.0625	223.777	198.114	90.6271	121.685	67.6285	137.398	144.368	151.148	115.82	153.948	177.863
XLOC_005423	28.5564	19.5296	30.479	1.19246	13.7386	10.1443	15.4573	23.8953	10.0765	10.4238	8.55264	19.2093
XLOC_005451	24.1631	43.1279	45.7186	26.2341	13.7386	23.67	96.1785	117.485	66.7568	17.373	15.5503	14.9405
XLOC_005452	66.9977	43.1279	42.1328	69.1628	65.7489	74.3913	256.762	180.211	185.156	60.2265	41.9857	46.9559
XLOC_005479	29.6547	34.1768	30.479	44.1211	53.973	45.0856	34.3495	22.8997	31.4891	53.2773	48.2058	40.5529
XLOC_005480	17.5732	18.7159	11.6538	33.3889	32.3838	40.5771	11.1636	16.9259	10.0765	32.4296	26.4354	27.0352
XLOC_005481	51.6212	52.079	47.5114	45.3135	58.8796	42.8314	41.2193	27.8779	26.4508	93.8143	45.8732	56.9163
XLOC_005497	10.9832	16.2747	16.136	15.502	11.7759	9.01713	37.7844	30.8648	27.7104	27.7968	22.5479	27.0352
XLOC_005508	121.914	104.158	110.262	29.8115	25.5145	19.1614	75.5688	107.529	55.4208	23.164	14.7727	12.0947
XLOC_005524	1045.6	932.539	968.158	1460.76	1192.31	1647.88	1209.96	1371	1063.07	947.409	1087.74	931.293
XLOC_005531	70.2927	55.3339	53.7865	107.322	74.5809	63.1199	42.9368	49.782	39.0464	61.3847	48.9833	44.1101
XLOC_005544	425.051	435.348	391.745	172.907	198.228	137.511	468.87	363.408	360.235	343.986	311.005	325.134
XLOC_005556	59.3095	51.2653	48.4079	28.6191	41.2157	60.8656	47.2305	52.7689	39.0464	26.6386	34.2106	14.9405
XLOC_005560	40.638	41.5004	35.8577	26.2341	19.6265	19.1614	42.0781	47.7907	50.3825	42.8534	20.9928	17.7863
XLOC_005586	1606.85	2507.12	2316.41	1198.42	1391.52	1141.79	3052.81	2818.66	3088.45	2894.34	2422.73	2795.3
XLOC_005595	135.094	145.658	138.052	202.718	242.388	229.937	161.442	194.15	157.445	93.8143	132.955	147.982
XLOC_005621	0	3.25494	1.79288	0	0	0	0	3.98256	3.77869	1.1582	1.55503	3.55727
XLOC_005629	562.341	420.701	469.736	946.814	725.201	937.781	679.26	818.416	563.024	891.815	856.819	667.344
XLOC_005643	37.343	17.0884	17.9288	7.15477	5.88796	12.3986	12.881	17.9215	10.0765	5.79101	2.33254	4.26872
XLOC_005648	57.1128	52.8927	76.1976	36.9663	50.0477	34.9414	36.9257	38.8299	62.9781	39.3788	62.9785	71.8568
XLOC_005659	46.1296	34.1768	43.0292	14.3095	13.7386	12.3986	111.636	105.538	141.071	34.746	29.5455	21.3436
XLOC_005661	5.49162	4.88241	4.48221	2.38492	4.90664	5.63571	27.4796	14.9346	15.1148	1.1582	3.11005	4.26872
XLOC_005662	24.1631	46.3828	69.0261	9.53969	23.5518	16.9071	123.658	95.5814	115.88	33.5878	13.2177	20.6322
XLOC_005663	6.58994	7.32361	7.17154	2.38492	2.94398	2.25428	28.3383	13.939	16.3743	5.79101	4.66508	12.0947
XLOC_005669	13.1799	20.3434	26.8933	10.7322	8.83194	14.6528	43.7956	34.8474	35.2678	15.0566	5.44259	9.2489
XLOC_005707	30.7531	17.0884	23.3075	8.34723	9.81327	9.01713	36.0669	34.8474	16.3743	34.746	15.5503	17.0749
XLOC_005754	36.2447	83.0009	75.3012	20.2718	20.6079	14.6528	31.7732	32.8561	42.8251	27.7968	30.323	67.5881
XLOC_005755	116.422	119.619	83.3691	35.7738	52.9917	28.1785	94.461	111.512	85.6503	22.0058	30.323	34.8612
XLOC_005769	41.7363	48.8241	58.2688	107.322	81.4501	105.951	48.948	73.6773	45.3443	84.5487	69.1986	64.0308
XLOC_005772	3.29497	5.69614	6.2751	19.0794	15.7012	7.88999	6.01115	16.9259	15.1148	9.26561	6.2201	16.3634
XLOC_005793	339.382	320.611	354.991	474.6	384.68	545.536	310.863	435.094	297.257	362.517	385.646	285.293
XLOC_005799	50.5229	57.7751	48.4079	11.9246	7.85062	9.01713	70.4164	61.7296	41.5656	28.955	9.33015	14.9405
XLOC_005805	51.6212	102.531	100.402	56.0457	105.983	50.7213	87.5911	62.7253	95.7268	110.029	105.742	145.848
XLOC_005829	113.127	100.089	88.7478	114.476	75.5622	112.714	143.409	153.328	119.658	37.0624	60.646	60.4736
XLOC_005838	7.68826	16.2747	17.0324	14.3095	26.4958	36.0685	11.1636	5.97384	3.77869	5.79101	20.9928	10.6718
XLOC_005840	48.3262	43.1279	23.3075	40.5437	49.0664	50.7213	18.8922	34.8474	39.0464	40.537	41.9857	47.6674
XLOC_005844	38.4413	48.0103	59.1652	47.6984	45.141	37.1957	81.5799	58.7427	74.3142	50.9608	38.0981	54.0705
XLOC_005848	23.0648	17.9022	23.3075	29.8115	19.6265	24.7971	23.1859	27.8779	25.1913	16.2148	5.44259	7.11454
XLOC_005851	20.8681	12.206	12.5502	17.8869	18.6452	30.4328	12.0223	14.9346	7.55738	15.0566	0.777513	2.84582
XLOC_005856	63.7027	67.5399	62.751	46.506	28.4585	43.9585	76.4275	57.7471	40.306	45.1698	30.323	27.7467
XLOC_005875	8.78659	13.0197	14.3431	3.57738	0.981327	2.25428	28.3383	13.939	10.0765	1.1582	6.2201	4.26872
XLOC_005887	26.3598	26.0395	22.4111	4.76984	3.92531	6.76285	32.632	28.8735	30.2295	9.26561	10.8852	9.2489
XLOC_005891	30.7531	14.6472	23.3075	2.38492	0.981327	6.76285	17.1747	8.96075	15.1148	0	1.55503	2.13436
XLOC_005896	27.4581	18.7159	17.0324	8.34723	6.86929	9.01713	36.9257	24.891	25.1913	2.3164	5.44259	11.3833
XLOC_005898	87.8659	54.5202	60.9581	91.8195	74.5809	95.807	72.9926	86.6206	83.1311	45.1698	42.7632	52.6476
XLOC_005900	12.0816	8.13734	8.96442	11.9246	9.81327	12.3986	5.15242	14.9346	3.77869	15.0566	15.5503	7.82599
XLOC_005917	0	10.5785	8.06798	11.9246	6.86929	5.63571	6.86989	2.98692	8.81694	32.4296	10.1077	22.0551
XLOC_005954	104.341	96.8344	102.194	150.25	159.956	137.511	97.8959	85.625	71.7951	178.363	103.409	108.141
XLOC_005968	39.5396	43.1279	34.9613	4.76984	1.96265	6.76285	16.316	17.9215	7.55738	0	0	0.711454
XLOC_005970	112.029	195.296	203.492	132.363	147.199	120.604	353.799	317.609	375.35	185.312	160.168	239.76
XLOC_005974	73.5877	153.796	167.635	128.786	255.145	135.257	170.03	116.49	195.232	288.392	283.792	316.597
XLOC_005983	26.3598	40.6867	47.5114	26.2341	13.7386	16.9071	51.5242	50.7776	45.3443	32.4296	24.1029	31.304
XLOC_005987	36.2447	26.0395	28.6862	59.6231	46.1224	23.67	17.1747	24.891	21.4126	90.3397	45.8732	54.0705
XLOC_005990	40.638	71.6086	54.683	88.2421	79.4875	57.4842	66.9814	46.7951	71.7951	98.4471	101.077	106.007
XLOC_006031	8.78659	4.88241	15.2395	9.53969	10.7946	10.1443	2.57621	8.96075	3.77869	9.26561	0.777513	8.53745
XLOC_006059	16.4748	19.5296	7.17154	13.1171	16.6826	12.3986	20.6097	22.8997	16.3743	20.8476	18.6603	17.0749
XLOC_006076	1398.17	1455.77	1558.02	1683.76	1516.15	1443.87	1945.9	1967.38	1718.04	1532.3	1420.52	1356.03
XLOC_006079	5.49162	4.06867	5.37865	2.38492	0.981327	10.1443	7.72863	12.9433	6.29781	13.8984	13.9952	7.11454
XLOC_006081	8.78659	7.32361	4.48221	10.7322	16.6826	3.38142	13.7398	25.8866	11.3361	11.582	26.4354	30.5925
XLOC_006116	0	0	0.896442	0	8.83194	1.12714	0	0	0	0	0	0.711454
XLOC_006125	1120.29	928.471	1013.88	1039.83	1080.44	1110.23	1527.69	1424.76	1482.51	806.108	637.56	671.612
XLOC_006142	17.5732	39.0592	27.7897	10.7322	16.6826	10.1443	38.6431	31.8605	35.2678	42.8534	21.7704	24.1894
XLOC_006150	1.09832	1.62747	10.7573	0	0	0	0	0	2.51913	2.3164	1.55503	0.711454
XLOC_006151	7.68826	12.206	24.2039	58.4306	32.3838	78.8999	98.7547	67.7035	73.0546	5.79101	12.4402	9.2489
XLOC_006152	7.68826	17.0884	11.6538	23.8492	21.5892	33.8142	95.3197	63.7209	56.6803	12.7402	3.11005	7.82599
XLOC_006155	13.1799	4.06867	3.58577	34.5814	2.94398	9.01713	4.29368	7.96512	6.29781	3.4746	3.88756	2.84582
XLOC_006165	20.8681	17.0884	14.3431	16.6945	25.5145	41.7042	71.2751	34.8474	44.0847	23.164	19.4378	23.478
XLOC_006166	4.39329	5.69614	7.17154	1.19246	9.81327	7.88999	42.9368	20.9084	27.7104	0	12.4402	12.0947
XLOC_006179	16.4748	10.5785	10.7573	5.96231	10.7946	15.78	5.15242	6.96948	10.0765	5.79101	8.55264	19.9207
XLOC_006189	0	0	0	2.38492	2.94398	2.25428	2.57621	0.995639	1.25956	2.3164	4.66508	5.69163
XLOC_006192	1053.29	1114.82	932.3	274.266	220.799	250.225	1131.81	1082.26	867.839	472.546	384.091	431.852
XLOC_006193	418.461	314.101	295.826	56.0457	52.0103	51.8485	284.242	320.596	216.645	68.3339	66.0886	63.3194
XLOC_006194	129.602	87.0696	80.6798	133.556	148.18	176.961	101.331	95.5814	104.544	108.871	118.182	113.121
XLOC_006206	694.14	519.976	544.141	273.074	202.153	254.734	247.316	277.783	205.309	349.777	275.239	268.93
XLOC_006210	4.39329	3.25494	14.3431	5.96231	1.96265	10.1443	5.15242	2.98692	2.51913	3.4746	8.55264	5.69163
XLOC_006245	107.636	117.178	119.227	32.1965	29.4398	25.9242	43.7956	40.8212	51.6421	20.8476	8.55264	19.9207
XLOC_006248	2.19665	1.62747	0	3.57738	0	1.12714	0	0	0	8.10741	0	0
XLOC_006250	6.58994	12.206	4.48221	36.9663	12.7573	22.5428	6.86989	9.95639	7.55738	9.26561	6.99761	18.4978
XLOC_006265	51.6212	66.7262	61.8545	102.552	76.5435	80.027	95.3197	46.7951	45.3443	59.0683	38.8756	30.5925
XLOC_006273	74.686	48.0103	58.2688	35.7738	17.6639	34.9414	60.9703	62.7253	70.5355	27.7968	41.9857	25.6123
XLOC_006276	96.6524	87.0696	83.3691	63.2004	51.029	72.137	229.283	175.233	183.896	46.328	32.6555	39.13
XLOC_006321	38.4413	37.4318	42.1328	32.1965	34.3464	23.67	12.881	18.9171	31.4891	28.955	52.0933	55.4934
XLOC_006323	2.19665	14.6472	10.7573	17.8869	22.5705	19.1614	7.72863	7.96512	16.3743	38.2206	21.7704	44.8216
XLOC_006325	4.39329	5.69614	5.37865	2.38492	10.7946	11.2714	10.3048	4.9782	11.3361	11.582	9.33015	9.2489
XLOC_006327	69.1944	53.7065	48.4079	31.004	16.6826	14.6528	67.8402	48.7863	47.8634	25.4804	20.9928	18.4978
XLOC_006340	34.048	39.873	40.3399	8.34723	12.7573	10.1443	22.3271	26.8823	23.9317	3.4746	0.777513	1.42291
XLOC_006341	30.7531	15.4609	32.2719	50.0834	39.2531	46.2128	15.4573	18.9171	23.9317	23.164	21.7704	25.6123
XLOC_006409	87.8659	76.491	79.7834	65.5854	62.8049	78.8999	29.197	39.8256	44.0847	63.7011	65.3111	64.7423
XLOC_006410	37.343	51.2653	55.5794	19.0794	28.4585	30.4328	17.1747	24.891	28.9699	42.8534	35.7656	33.4383
XLOC_006426	13.1799	7.32361	17.0324	19.0794	14.7199	7.88999	26.6208	14.9346	12.5956	6.94921	7.77513	4.98018
XLOC_006435	1173.01	1161.2	848.931	106.129	83.4128	129.621	884.498	1120.09	668.828	90.3397	96.4116	84.663
XLOC_006437	2.19665	4.88241	2.68933	0	0	0	1.71747	0.995639	0	0	0	0
XLOC_006451	98.8491	106.599	115.641	139.518	138.367	147.655	155.431	126.446	144.85	196.894	180.383	173.595
XLOC_006471	362.447	290.503	250.107	175.292	182.527	306.582	536.71	655.131	497.527	136.668	123.625	91.0661
XLOC_006474	92.2592	196.11	213.353	83.4723	110.89	143.147	741.948	484.876	676.385	84.5487	98.7441	118.813
XLOC_006507	350.365	249.816	253.693	401.859	317.95	307.71	167.454	195.145	183.896	310.398	325	305.925
XLOC_006513	35.1463	26.0395	32.2719	27.4266	31.4025	18.0343	77.2863	51.7732	57.9399	40.537	54.4259	66.1652
XLOC_006523	114.226	107.413	126.398	70.3552	73.5995	67.6285	91.026	80.6468	74.3142	89.1815	90.1915	106.007
XLOC_006549	42.8346	30.1082	38.547	75.1251	69.6742	69.8827	44.6543	68.6991	46.6038	82.2323	101.077	81.1057
XLOC_006550	0	0.813734	0.896442	9.53969	1.96265	0	0	0	0	5.79101	0.777513	0
XLOC_006555	25.2614	13.0197	12.5502	23.8492	25.5145	36.0685	12.0223	16.9259	7.55738	10.4238	17.1053	26.3238
XLOC_006559	16.4748	8.13734	10.7573	22.6568	18.6452	22.5428	9.4461	12.9433	5.03825	8.10741	8.55264	4.98018
XLOC_006570	29.6547	21.9708	21.5146	44.1211	29.4398	27.0514	19.7509	15.9302	17.6339	52.1191	37.3206	33.4383
XLOC_006583	94.4558	56.1477	62.751	93.012	52.9917	71.0099	42.9368	61.7296	47.8634	23.164	36.5431	41.2643
XLOC_006628	77.9809	53.7065	54.683	82.2798	58.8796	72.137	40.3606	34.8474	22.6721	22.0058	67.6436	39.13
XLOC_006629	173.535	131.825	129.088	115.669	111.871	162.308	96.1785	105.538	76.8333	40.537	86.3039	71.8568
XLOC_006631	107.636	99.2756	106.677	82.2798	76.5435	78.8999	67.8402	55.7558	71.7951	82.2323	59.091	67.5881
XLOC_006648	995.081	1017.98	1000.43	944.429	932.261	808.16	1201.37	1225.63	1257.04	1031.96	966.448	1020.94
XLOC_006664	28.5564	33.3631	24.2039	13.1171	7.85062	5.63571	12.0223	17.9215	16.3743	17.373	26.4354	19.9207
XLOC_006665	42.8346	34.1768	51.0972	46.506	37.2904	43.9585	42.9368	54.7602	50.3825	119.295	60.646	80.3943
XLOC_006668	1.09832	0	0	1.19246	2.94398	1.12714	0	0	0	4.6328	2.33254	8.53745
XLOC_006677	26.3598	19.5296	23.3075	21.4643	14.7199	20.2885	24.9034	26.8823	30.2295	10.4238	14.7727	9.2489
XLOC_006733	10.9832	0.813734	8.06798	13.1171	10.7946	10.1443	2.57621	1.99128	6.29781	6.94921	4.66508	3.55727
XLOC_006748	56.0145	32.5494	34.9613	90.6271	109.909	84.5356	65.264	54.7602	62.9781	30.1132	66.8661	51.2247
XLOC_006801	24.1631	13.0197	19.7217	25.0417	23.5518	20.2885	27.4796	22.8997	27.7104	17.373	23.3254	13.5176
XLOC_006803	39.5396	38.2455	38.547	19.0794	20.6079	16.9071	13.7398	4.9782	13.8552	37.0624	21.7704	19.2093
XLOC_006810	406.38	287.248	343.337	349.391	306.174	347.159	272.219	309.644	251.913	296.499	318.003	270.352
XLOC_006816	0	1.62747	0	0	0	0	0	0	0	1.1582	2.33254	6.40308
XLOC_006829	49.4245	101.717	103.987	48.8909	67.7116	40.5771	156.29	131.424	152.407	94.9725	78.5288	83.9515
XLOC_006831	87.8659	61.8438	74.4047	78.7024	85.3755	96.9341	45.513	52.7689	51.6421	74.1249	73.8637	75.4141
XLOC_006858	238.336	350.719	352.302	175.292	220.799	175.834	289.394	287.74	294.738	216.584	165.61	197.073
XLOC_006860	1.09832	4.88241	10.7573	8.34723	6.86929	6.76285	25.7621	16.9259	26.4508	24.3222	16.3278	13.5176
XLOC_006885	73.5877	90.3245	69.0261	63.2004	73.5995	76.6456	116.788	154.324	103.284	99.6053	76.1962	73.2797
XLOC_006887	19.7698	30.9219	34.0648	7.15477	16.6826	6.76285	42.0781	32.8561	31.4891	16.2148	17.1053	18.4978
XLOC_006889	930.28	909.755	681.296	218.22	262.014	223.174	845.855	782.573	699.057	271.019	254.247	281.024
XLOC_006890	120.816	104.972	55.5794	1.19246	6.86929	0	92.7435	52.7689	40.306	2.3164	11.6627	2.84582
XLOC_006922	14.2782	12.206	6.2751	25.0417	23.5518	25.9242	12.0223	32.8561	15.1148	24.3222	26.4354	29.8811
XLOC_006924	522.802	394.661	323.616	135.941	105.983	162.308	362.387	433.103	327.486	387.997	279.905	229.8
XLOC_006927	85.6692	113.109	84.2656	11.9246	23.5518	22.5428	79.0037	105.538	83.1311	24.3222	28.768	39.13
XLOC_006937	61.5061	60.2163	59.1652	41.7361	59.8609	31.56	66.1227	52.7689	80.612	67.1757	59.8685	48.3789
XLOC_006942	15.3765	26.0395	38.547	23.8492	40.2344	31.56	58.3941	34.8474	44.0847	31.2714	34.9881	34.1498
XLOC_006977	37.343	46.3828	56.4759	78.7024	96.17	76.6456	66.9814	86.6206	55.4208	94.9725	79.3063	75.4141
XLOC_006979	64.8011	57.7751	60.9581	35.7738	41.2157	21.4157	47.2305	66.7078	44.0847	11.582	31.1005	23.478
XLOC_007002	52.7195	113.109	135.363	52.4683	90.2821	30.4328	116.788	95.5814	83.1311	71.8085	83.9714	110.987
XLOC_007013	1341.05	1032.63	973.536	937.275	727.163	857.754	1616.14	1333.16	1138.64	901.08	830.384	793.982
XLOC_007030	10.9832	22.7846	28.6862	22.6568	15.7012	14.6528	52.3829	19.9128	32.7486	108.871	83.9714	77.5485
XLOC_007035	5.49162	7.32361	7.17154	0	0	2.25428	3.43495	4.9782	0	0	0	0
XLOC_007069	1802.35	1454.96	1552.64	1986.64	1748.72	1853.02	1831.68	2024.13	1667.66	1365.52	1418.96	1388.76
XLOC_007073	1.09832	2.4412	0	4.76984	0.981327	1.12714	11.1636	2.98692	3.77869	0	0	0
XLOC_007112	28.5564	27.667	16.136	8.34723	9.81327	13.5257	40.3606	28.8735	61.7186	16.2148	6.2201	17.0749
XLOC_007121	99.9474	122.874	121.916	81.0874	110.89	74.3913	121.941	144.368	168.781	127.402	116.627	122.37
XLOC_007150	14.2782	11.3923	11.6538	19.0794	27.4772	15.78	5.15242	11.9477	5.03825	2.3164	6.99761	14.9405
XLOC_007151	26.3598	45.5691	36.7541	45.3135	85.3755	67.6285	42.0781	49.782	45.3443	66.0175	49.7608	52.6476
XLOC_007155	24.1631	22.7846	35.8577	54.8532	38.2718	50.7213	19.7509	7.96512	12.5956	27.7968	45.8732	22.0551
XLOC_007156	4.39329	5.69614	8.06798	11.9246	4.90664	4.50856	4.29368	4.9782	3.77869	23.164	13.2177	14.9405
XLOC_007180	104.341	100.903	88.7478	21.4643	26.4958	6.76285	59.2528	48.7863	46.6038	31.2714	13.9952	12.8062
XLOC_007183	74.686	162.747	148.809	63.2004	84.3941	81.1542	115.071	118.481	156.186	185.312	159.39	230.511
XLOC_007278	117.521	136.707	148.809	139.518	136.404	152.164	173.465	156.315	162.484	216.584	199.821	189.247
XLOC_007279	12.0816	21.1571	43.0292	31.004	22.5705	36.0685	42.9368	56.7514	54.1612	28.955	31.1005	30.5925
XLOC_007300	27.4581	36.618	47.5114	21.4643	35.3278	24.7971	35.2082	34.8474	65.4973	66.0175	34.9881	66.8767
XLOC_007333	49.4245	69.1674	75.3012	67.9703	105.002	84.5356	53.2417	46.7951	75.5738	118.137	71.5312	87.5088
XLOC_007337	393.2	324.68	273.415	164.56	183.508	151.037	310.004	329.557	284.661	235.115	256.579	282.447
XLOC_007344	39.5396	32.5494	33.1684	14.3095	17.6639	12.3986	9.4461	13.939	16.3743	23.164	17.1053	19.2093
XLOC_007346	6.58994	14.6472	22.4111	15.502	14.7199	15.78	16.316	17.9215	26.4508	9.26561	2.33254	4.98018
XLOC_007399	12.0816	40.6867	51.0972	19.0794	20.6079	13.5257	194.074	121.468	196.492	17.373	16.3278	24.1894
XLOC_007436	115.324	89.5108	84.2656	129.978	124.629	127.367	129.669	117.485	115.88	70.6503	112.739	85.3745
XLOC_007449	76.8826	46.3828	48.4079	124.016	80.4688	90.1713	79.8625	93.5901	81.8716	52.1191	73.8637	51.2247
XLOC_007455	126.307	157.864	160.463	81.0874	113.834	107.078	127.093	152.333	128.475	199.211	115.072	113.833
XLOC_007472	1.09832	1.62747	4.48221	7.15477	1.96265	0	2.57621	0	1.25956	0	0	0
XLOC_007496	213.075	157.864	138.052	84.6647	62.8049	48.4671	109.06	155.32	138.552	53.2773	83.1939	73.2797
XLOC_007497	109.832	137.521	132.673	45.3135	62.8049	37.1957	109.918	118.481	109.582	61.3847	42.7632	66.8767
XLOC_007507	1.09832	0	0	3.57738	2.94398	1.12714	0	0	0	0	1.55503	0
XLOC_007513	91.1608	85.4421	87.8514	47.6984	42.1971	67.6285	133.963	110.516	110.842	99.6053	64.5336	84.663
XLOC_007516	5.49162	13.0197	16.136	15.502	11.7759	13.5257	33.4907	20.9084	23.9317	31.2714	25.6579	24.1894
XLOC_007519	21.9665	29.2944	38.547	31.004	14.7199	18.0343	40.3606	36.8387	51.6421	28.955	38.0981	21.3436
XLOC_007585	306.432	397.916	367.541	535.415	376.83	525.248	490.338	553.576	420.694	383.365	369.319	406.952
XLOC_007589	704.025	703.88	792.455	889.576	801.744	803.652	1130.96	1003.6	930.817	642.802	548.146	608.293
XLOC_007598	210.878	168.443	151.499	144.288	132.479	116.096	144.268	166.272	146.109	134.351	97.9666	106.007
XLOC_007626	2.19665	7.32361	1.79288	1.19246	10.7946	0	17.1747	5.97384	3.77869	22.0058	13.9952	31.304
XLOC_007689	0	0	0	7.15477	13.7386	5.63571	5.15242	0	2.51913	8.10741	2.33254	3.55727
XLOC_007701	283.367	269.346	274.311	460.29	477.906	418.169	326.32	337.522	340.082	444.749	309.45	345.055
XLOC_007708	53.8178	78.1185	61.8545	56.0457	62.8049	56.3571	93.6023	76.6642	107.063	86.8651	66.8661	93.9119
XLOC_007720	188.912	183.904	187.356	273.074	243.369	296.438	156.29	167.267	180.117	254.804	293.122	268.218
XLOC_007721	79.0793	102.531	109.366	63.2004	54.9543	46.2128	109.06	93.5901	103.284	99.6053	106.519	103.161
XLOC_007724	17.5732	20.3434	16.136	39.3512	30.4211	29.3057	21.4684	31.8605	41.5656	8.10741	15.5503	21.3436
XLOC_007752	269.089	366.994	311.962	277.843	267.902	206.267	345.212	289.731	385.426	176.047	203.708	224.108
XLOC_007756	400.888	300.268	268.036	308.847	262.996	337.015	354.658	441.068	314.891	189.945	171.83	156.52
XLOC_007765	27.4581	17.0884	20.6182	13.1171	25.5145	15.78	49.8067	36.8387	27.7104	12.7402	16.3278	14.2291
XLOC_007774	51.6212	48.0103	41.2364	76.3175	77.5248	61.9928	56.6766	68.6991	65.4973	45.1698	45.0957	49.0903
XLOC_007778	30.7531	48.8241	35.8577	47.6984	72.6182	37.1957	42.9368	59.7384	81.8716	78.7577	55.9809	72.5683
XLOC_007779	48.3262	55.3339	56.4759	59.6231	75.5622	51.8485	81.5799	60.734	83.1311	112.346	73.8637	74.7026
XLOC_007793	2.19665	1.62747	0	0	0	0	1.71747	0	5.03825	2.3164	2.33254	4.98018
XLOC_007794	0	0	0	7.15477	0	6.76285	0.858736	0	1.25956	3.4746	3.88756	4.26872
XLOC_007795	48.3262	30.9219	37.6506	54.8532	42.1971	23.67	36.0669	34.8474	34.0082	26.6386	25.6579	23.478
XLOC_007809	101.046	241.679	172.117	46.506	55.9356	40.5771	193.216	206.097	246.874	104.238	75.4187	140.156
XLOC_007815	282.269	276.67	289.551	169.329	160.938	187.105	250.751	218.045	234.279	217.742	221.591	243.317
XLOC_007831	0	0	0	1.19246	8.83194	0	0	0	0	2.3164	0.777513	0
XLOC_007834	58.2111	121.246	100.402	70.3552	52.0103	66.5013	143.409	96.577	117.139	170.256	114.294	186.401
XLOC_007848	412.97	330.376	368.438	349.391	308.137	414.788	583.082	679.026	488.71	247.855	228.589	246.874
XLOC_007850	21.9665	12.206	18.8253	26.2341	12.7573	21.4157	26.6208	30.8648	18.8934	9.26561	7.77513	9.2489
XLOC_007851	43.9329	52.079	50.2008	35.7738	22.5705	37.1957	64.4052	61.7296	46.6038	10.4238	24.1029	29.1696
XLOC_007852	150.47	179.022	160.463	107.322	101.077	133.003	235.294	257.871	188.934	101.922	101.077	103.161
XLOC_007862	354.758	388.151	370.231	178.869	180.564	167.944	387.29	464.964	387.945	214.267	189.713	197.784
XLOC_007869	1.09832	1.62747	0	0	0.981327	0	0	0.995639	11.3361	0	0	0
XLOC_007873	2.19665	1.62747	1.79288	0	0	0	8.58736	0	1.25956	0	0	1.42291
XLOC_007876	160.355	105.785	95.9193	21.4643	16.6826	23.67	82.4387	86.6206	54.1612	34.746	37.3206	32.7269
XLOC_007887	15.3765	18.7159	23.3075	19.0794	12.7573	22.5428	24.9034	19.9128	22.6721	57.9101	36.5431	27.7467
XLOC_007899	15.3765	10.5785	5.37865	0	0	0	0	0	0	0	0	0
XLOC_007949	2.19665	4.06867	0.896442	8.34723	9.81327	9.01713	2.57621	1.99128	3.77869	3.4746	3.11005	6.40308
XLOC_007950	66.9977	52.8927	51.0972	17.8869	34.3464	36.0685	86.7324	77.6599	59.1994	61.3847	45.8732	35.5727
XLOC_007959	275.679	218.081	266.243	177.677	133.46	208.521	406.182	348.474	340.082	123.928	169.498	130.196
XLOC_007963	160.355	190.414	211.56	147.865	128.554	182.597	434.521	339.513	284.661	152.883	111.184	133.753
XLOC_008001	19.7698	13.0197	6.2751	39.3512	16.6826	15.78	6.86989	6.96948	17.6339	2.3164	8.55264	7.82599
XLOC_008013	238.336	184.718	182.874	295.73	253.182	306.582	262.773	279.775	202.79	199.211	248.804	163.634
XLOC_008020	0	0	0	0	0	10.1443	0	0	0	0	0	0
XLOC_008024	18.6715	20.3434	18.8253	28.6191	28.4585	54.1028	19.7509	18.9171	25.1913	136.668	155.503	119.524
XLOC_008038	160.355	120.433	121.02	121.631	121.685	143.147	145.985	162.289	141.071	97.2889	97.9666	95.3348
XLOC_008045	13.1799	21.1571	11.6538	64.3929	42.1971	48.4671	13.7398	14.9346	31.4891	37.0624	24.8804	15.652
XLOC_008060	84.5709	70.7949	83.3691	73.9326	77.5248	72.137	93.6023	74.673	76.8333	156.357	107.297	113.833
XLOC_008064	1.09832	6.50987	0	0	0	0	0	0	0	0	0	1.42291
XLOC_008067	2.19665	1.62747	0	0	1.96265	1.12714	0	0	0	0	0	0
XLOC_008071	248.221	244.934	268.036	674.933	556.412	645.852	305.71	379.339	259.47	451.698	375.539	373.513
XLOC_008101	16.4748	13.0197	16.136	14.3095	19.6265	12.3986	22.3271	25.8866	26.4508	42.8534	23.3254	31.304
XLOC_008106	102.144	94.3932	121.02	103.744	111.871	116.096	83.2974	61.7296	69.2759	110.029	96.4116	111.698
XLOC_008124	6.58994	5.69614	8.96442	7.15477	7.85062	11.2714	4.29368	4.9782	11.3361	20.8476	7.77513	15.652
XLOC_008129	0	0	1.79288	0	1.96265	0	0	0	0	0	1.55503	6.40308
XLOC_008133	1.09832	8.95108	3.58577	1.19246	1.96265	1.12714	0	0	0	1.1582	1.55503	2.13436
XLOC_008142	21.9665	13.0197	10.7573	23.8492	34.3464	36.0685	12.881	14.9346	31.4891	26.6386	28.768	17.0749
XLOC_008153	17.5732	26.8532	37.6506	22.6568	24.5332	12.3986	42.9368	27.8779	47.8634	25.4804	17.1053	14.2291
XLOC_008162	38.4413	40.6867	30.479	19.0794	14.7199	14.6528	24.9034	20.9084	36.5273	62.5429	20.9928	20.6322
XLOC_008167	39.5396	19.5296	18.8253	14.3095	5.88796	12.3986	22.3271	33.8517	31.4891	5.79101	10.1077	6.40308
XLOC_008169	10.9832	0.813734	4.48221	0	0.981327	0	4.29368	5.97384	3.77869	0	0	0
XLOC_008172	0	2.4412	14.3431	3.57738	9.81327	1.12714	24.9034	16.9259	32.7486	2.3164	4.66508	11.3833
XLOC_008173	18.6715	9.76481	17.9288	5.96231	7.85062	11.2714	52.3829	32.8561	51.6421	0	4.66508	4.26872
XLOC_008178	21.9665	59.4026	47.5114	34.5814	36.3091	50.7213	56.6766	45.7994	57.9399	83.3905	76.1962	109.564
XLOC_008183	26.3598	8.95108	10.7573	44.1211	45.141	37.1957	24.0446	18.9171	22.6721	39.3788	20.2153	17.7863
XLOC_008194	36.2447	49.6378	24.2039	27.4266	24.5332	19.1614	58.3941	74.673	54.1612	20.8476	19.4378	20.6322
XLOC_008210	17.5732	5.69614	9.86087	38.1588	19.6265	41.7042	11.1636	12.9433	16.3743	13.8984	23.3254	14.2291
XLOC_008211	84.5709	41.5004	66.3367	133.556	127.573	126.24	85.0149	86.6206	76.8333	76.4413	83.1939	64.7423
XLOC_008261	58.2111	52.8927	62.751	17.8869	12.7573	5.63571	65.264	56.7514	60.459	34.746	30.323	38.4185
XLOC_008262	79.0793	61.8438	56.4759	32.1965	34.3464	32.6871	58.3941	54.7602	57.9399	49.8026	41.2082	27.0352
XLOC_008266	6.58994	1.62747	5.37865	22.6568	39.2531	29.3057	29.197	8.96075	27.7104	53.2773	40.4307	56.2048
XLOC_008271	20.8681	13.0197	11.6538	35.7738	31.4025	52.9756	11.1636	18.9171	16.3743	16.2148	7.77513	14.9405
XLOC_008295	12.0816	13.0197	25.1004	10.7322	16.6826	13.5257	53.2417	16.9259	22.6721	47.4862	24.8804	32.7269
XLOC_008324	26.3598	35.8043	34.0648	10.7322	7.85062	4.50856	18.8922	27.8779	27.7104	10.4238	3.88756	5.69163
XLOC_008327	34.048	19.5296	19.7217	44.1211	32.3838	40.5771	40.3606	50.7776	40.306	34.746	24.1029	29.8811
XLOC_008329	23.0648	52.8927	49.3043	17.8869	40.2344	12.3986	51.5242	54.7602	60.459	35.9042	36.5431	55.4934
XLOC_008347	4.39329	4.88241	4.48221	11.9246	6.86929	16.9071	7.72863	7.96512	6.29781	38.2206	34.2106	32.0154
XLOC_008348	1.09832	0	0	0	0	0	0	0	3.77869	2.3164	8.55264	1.42291
XLOC_008350	59.3095	99.2756	86.9549	25.0417	41.2157	38.3228	213.825	144.368	152.407	84.5487	61.4235	66.1652
XLOC_008351	186.715	172.512	199.01	145.48	188.415	173.58	339.201	414.186	304.814	157.515	113.517	150.828
XLOC_008352	102.144	74.0498	87.8514	103.744	82.4315	90.1713	159.725	160.298	127.216	60.2265	59.091	54.7819
XLOC_008357	20.8681	15.4609	20.6182	5.96231	10.7946	3.38142	33.4907	42.8125	37.7869	8.10741	16.3278	19.2093
XLOC_008360	83.4726	57.7751	43.0292	9.53969	6.86929	15.78	111.636	80.6468	51.6421	17.373	13.9952	14.9405
XLOC_008367	217.468	196.924	356.784	370.855	194.303	542.155	1750.96	1668.69	1186.51	113.504	126.735	100.315
XLOC_008368	676.567	726.665	785.284	745.288	576.039	704.463	1162.73	827.376	1032.84	638.169	600.24	657.383
XLOC_008373	898.428	789.322	748.529	637.967	637.863	518.485	1317.3	1070.31	996.314	1792.9	870.037	943.388
XLOC_008379	16.4748	17.0884	24.2039	42.9286	26.4958	16.9071	18.8922	9.95639	10.0765	54.4355	43.5407	56.2048
XLOC_008380	4.39329	8.13734	4.48221	8.34723	11.7759	4.50856	2.57621	2.98692	3.77869	11.582	16.3278	14.2291
XLOC_008381	19.7698	11.3923	17.0324	5.96231	18.6452	11.2714	2.57621	9.95639	5.03825	13.8984	17.1053	18.4978
XLOC_008382	3.29497	8.13734	3.58577	9.53969	6.86929	11.2714	19.7509	15.9302	11.3361	4.6328	7.77513	8.53745
XLOC_008395	35.1463	34.1768	20.6182	32.1965	41.2157	34.9414	16.316	17.9215	15.1148	49.8026	49.7608	31.304
XLOC_008417	13.1799	16.2747	7.17154	4.76984	2.94398	5.63571	36.0669	34.8474	17.6339	8.10741	7.77513	7.11454
XLOC_008428	34.048	31.7356	34.0648	126.401	91.2634	149.91	101.331	140.385	79.3524	119.295	136.065	109.564
XLOC_008436	12.0816	15.4609	9.86087	10.7322	23.5518	13.5257	12.0223	9.95639	11.3361	27.7968	23.3254	28.4582
XLOC_008443	12.0816	11.3923	6.2751	4.76984	3.92531	5.63571	3.43495	1.99128	5.03825	2.3164	3.11005	4.26872
XLOC_008454	237.238	270.16	253.693	153.827	168.788	126.24	288.535	303.67	270.806	340.511	233.254	246.874
XLOC_008470	62.6044	61.0301	52.8901	9.53969	5.88796	2.25428	84.1562	107.529	37.7869	18.5312	14.7727	12.8062
XLOC_008471	18.6715	33.3631	32.2719	4.76984	3.92531	9.01713	31.7732	24.891	25.1913	4.6328	14.7727	12.8062
XLOC_008473	18.6715	19.5296	17.9288	15.502	27.4772	46.2128	15.4573	12.9433	11.3361	8.10741	13.2177	13.5176
XLOC_008474	36.2447	28.4807	32.2719	59.6231	60.8423	65.3742	51.5242	60.734	57.9399	62.5429	76.9738	100.315
XLOC_008483	81.2759	102.531	112.055	36.9663	81.4501	48.4671	73.8513	53.7645	112.101	63.7011	40.4307	60.4736
XLOC_008491	220.763	233.542	215.146	269.496	254.164	271.641	182.052	169.259	238.057	295.341	309.45	278.89
XLOC_008518	163.65	183.09	145.224	66.7778	59.8609	57.4842	188.922	152.333	163.743	79.9159	91.7465	80.3943
XLOC_008522	21.9665	30.1082	25.1004	7.15477	14.7199	9.01713	22.3271	38.8299	23.9317	23.164	13.2177	19.2093
XLOC_008526	12.0816	2.4412	8.06798	13.1171	12.7573	12.3986	3.43495	10.952	6.29781	10.4238	9.33015	2.13436
XLOC_008548	1.09832	1.62747	6.2751	0	0	0	0	0	0	0	0	0
XLOC_008566	5.49162	1.62747	8.06798	0	0	0	2.57621	7.96512	5.03825	0	2.33254	0
XLOC_008579	37.343	59.4026	43.9257	27.4266	42.1971	22.5428	45.513	43.8081	46.6038	60.2265	55.9809	44.8216
XLOC_008611	21.9665	32.5494	19.7217	0	0	0	1.71747	0	0	1.1582	0.777513	0.711454
XLOC_008612	15.3765	3.25494	5.37865	0	0	2.25428	0	0	0	0	0	0
XLOC_008617	422.854	452.436	467.943	321.965	378.792	356.177	464.576	390.291	424.473	487.603	433.852	397.703
XLOC_008650	124.111	145.658	112.952	53.6608	39.2531	34.9414	115.929	75.6686	73.0546	17.373	8.55264	14.9405
XLOC_008655	38.4413	34.1768	25.9968	26.2341	34.3464	20.2885	42.0781	50.7776	39.0464	52.1191	33.433	36.9956
XLOC_008659	24.1631	14.6472	18.8253	9.53969	11.7759	15.78	9.4461	4.9782	10.0765	1.1582	10.1077	12.0947
XLOC_008660	16.4748	25.2258	22.4111	8.34723	5.88796	3.38142	18.8922	29.8692	25.1913	4.6328	10.1077	5.69163
XLOC_008668	39.5396	50.4515	46.615	79.8949	95.1887	75.5185	23.1859	46.7951	34.0082	50.9608	77.7513	38.4185
XLOC_008669	45.0313	38.2455	31.3755	78.7024	62.8049	52.9756	32.632	32.8561	32.7486	37.0624	46.6508	41.2643
XLOC_008691	84.5709	244.12	210.664	34.5814	55.9356	40.5771	311.721	169.259	273.325	143.617	187.381	263.238
XLOC_008695	34.048	29.2944	35.8577	27.4266	32.3838	25.9242	47.2305	45.7994	35.2678	62.5429	75.4187	51.2247
XLOC_008696	599.684	644.477	617.649	182.447	153.087	193.868	502.361	551.584	459.74	216.584	244.139	254.7
XLOC_008700	104.341	91.952	69.9225	35.7738	32.3838	39.4499	83.2974	73.6773	60.459	23.164	29.5455	26.3238
XLOC_008713	14.2782	13.0197	1.79288	14.3095	12.7573	3.38142	10.3048	4.9782	6.29781	13.8984	38.8756	18.4978
XLOC_008715	1.09832	8.95108	8.06798	33.3889	8.83194	24.7971	36.9257	33.8517	30.2295	4.6328	0	4.98018
XLOC_008718	95.5541	83.0009	86.0585	82.2798	67.7116	98.0613	212.108	268.823	222.943	52.1191	45.0957	58.3392
XLOC_008740	5.49162	2.4412	2.68933	22.6568	13.7386	7.88999	1.71747	1.99128	2.51913	2.3164	3.11005	2.84582
XLOC_008751	106.537	128.57	101.298	21.4643	42.1971	37.1957	79.0037	69.6948	68.0164	47.4862	49.7608	55.4934
XLOC_008752	433.838	901.617	978.915	370.855	495.57	388.864	1468.44	1318.23	1337.66	371.783	312.56	363.553
XLOC_008766	60.4078	38.2455	39.4435	41.7361	45.141	43.9585	86.7324	69.6948	84.3907	49.8026	35.7656	37.707
XLOC_008787	42.8346	39.0592	34.9613	29.8115	20.6079	14.6528	40.3606	45.7994	31.4891	22.0058	17.8828	27.0352
XLOC_008792	0	0.813734	2.68933	0	0	0	7.72863	0.995639	2.51913	0	1.55503	1.42291
XLOC_008804	27.4581	35.8043	34.9613	51.2758	38.2718	49.5942	31.7732	17.9215	27.7104	44.0116	54.4259	64.7423
XLOC_008817	6.58994	12.206	15.2395	16.6945	15.7012	29.3057	6.86989	3.98256	16.3743	11.582	14.7727	19.2093
XLOC_008819	50.5229	52.8927	37.6506	71.5477	76.5435	58.6113	42.9368	29.8692	23.9317	50.9608	59.091	66.8767
XLOC_008822	259.204	257.14	213.353	362.508	310.099	358.431	219.836	257.871	253.172	247.855	312.56	286.004
XLOC_008824	21.9665	13.8335	16.136	56.0457	55.9356	54.1028	18.8922	21.9041	15.1148	30.1132	27.9905	30.5925
XLOC_008837	1062.08	1100.98	1153.72	1007.63	880.25	909.603	1643.62	1339.14	1323.8	976.364	844.379	962.597
XLOC_008847	8.78659	13.0197	11.6538	7.15477	9.81327	12.3986	8.58736	31.8605	15.1148	1.1582	1.55503	7.11454
XLOC_008848	362.447	371.877	382.781	205.103	246.313	269.387	396.736	352.456	314.891	229.324	175.718	255.412
XLOC_008867	6.58994	18.7159	7.17154	14.3095	6.86929	18.0343	6.86989	7.96512	6.29781	22.0058	17.8828	26.3238
XLOC_008875	14.2782	4.88241	1.79288	23.8492	23.5518	24.7971	13.7398	17.9215	3.77869	11.582	14.7727	29.1696
XLOC_008877	5.49162	10.5785	14.3431	15.502	28.4585	20.2885	36.0669	19.9128	35.2678	42.8534	61.4235	73.9912
XLOC_008878	62.6044	77.3047	69.9225	180.062	231.593	207.394	94.461	121.468	129.735	173.73	213.038	199.207
XLOC_008879	4.39329	7.32361	7.17154	28.6191	30.4211	30.4328	12.881	9.95639	12.5956	25.4804	30.323	39.13
XLOC_008882	0	0	0	0	0.981327	0	0.858736	2.98692	2.51913	0	6.99761	1.42291
XLOC_008891	8.78659	22.7846	18.8253	29.8115	10.7946	25.9242	14.5985	23.8953	28.9699	8.10741	6.2201	14.2291
XLOC_008900	35.1463	44.7554	60.0616	45.3135	50.0477	41.7042	35.2082	17.9215	31.4891	59.0683	52.0933	49.0903
XLOC_008901	64.8011	70.7949	82.4727	102.552	105.983	103.697	73.8513	84.6293	60.459	99.6053	153.948	109.564
XLOC_008903	895.133	980.55	921.543	274.266	321.875	330.252	732.502	776.599	845.167	379.89	317.225	384.185
XLOC_008917	34.048	34.1768	21.5146	26.2341	15.7012	33.8142	28.3383	13.939	28.9699	12.7402	31.878	22.0551
XLOC_008923	42.8346	45.5691	42.1328	45.3135	39.2531	66.5013	30.0558	45.7994	44.0847	31.2714	20.2153	23.478
XLOC_008927	21.9665	51.2653	39.4435	14.3095	18.6452	23.67	85.8736	61.7296	64.2377	63.7011	41.9857	55.4934
XLOC_008979	17.5732	13.0197	22.4111	5.96231	6.86929	2.25428	14.5985	18.9171	13.8552	3.4746	5.44259	12.8062
XLOC_008982	18.6715	17.9022	13.4466	11.9246	3.92531	27.0514	13.7398	28.8735	11.3361	6.94921	12.4402	4.26872
XLOC_008983	17.5732	26.0395	19.7217	4.76984	7.85062	4.50856	12.0223	18.9171	31.4891	13.8984	19.4378	18.4978
XLOC_008991	65.8994	69.9811	67.2332	82.2798	80.4688	118.35	56.6766	48.7863	51.6421	138.984	91.7465	64.7423
XLOC_009003	887.445	987.873	946.643	943.237	808.613	936.654	1675.39	1439.69	1219.26	872.125	821.053	803.943
XLOC_009005	10.9832	13.8335	15.2395	8.34723	17.6639	10.1443	15.4573	13.939	23.9317	17.373	13.2177	11.3833
XLOC_009012	77.9809	70.7949	54.683	58.4306	47.1037	86.7899	121.082	95.5814	90.6885	106.555	101.077	64.0308
XLOC_009015	12.0816	14.6472	20.6182	21.4643	13.7386	30.4328	18.0335	18.9171	22.6721	31.2714	53.6484	41.9758
XLOC_009018	79.0793	134.266	131.777	128.786	102.058	93.5527	89.3086	76.6642	91.9481	136.668	125.18	151.54
XLOC_009066	37.343	68.3537	40.3399	26.2341	27.4772	34.9414	17.1747	28.8735	20.153	24.3222	17.8828	41.9758
XLOC_009069	9.88491	17.0884	12.5502	26.2341	9.81327	24.7971	13.7398	14.9346	11.3361	12.7402	18.6603	17.0749
XLOC_009094	1609.04	1530.63	1497.96	574.766	549.543	578.223	1102.62	1036.46	992.535	653.225	451.735	498.018
XLOC_009105	29.6547	41.5004	49.3043	72.7401	79.4875	60.8656	48.0892	41.8169	36.5273	74.1249	48.9833	61.8965
XLOC_009156	0	0.813734	8.06798	0	0.981327	0	0	0	0	4.6328	0.777513	0
XLOC_009170	3.29497	8.95108	0.896442	8.34723	8.83194	3.38142	8.58736	18.9171	6.29781	4.6328	6.99761	13.5176
XLOC_009174	10.9832	11.3923	8.06798	1.19246	0.981327	2.25428	6.01115	12.9433	16.3743	0	0	0
XLOC_009261	6.58994	12.206	10.7573	5.96231	8.83194	9.01713	8.58736	2.98692	5.03825	22.0058	25.6579	29.8811
XLOC_009268	337.185	297.013	280.586	90.6271	75.5622	93.5527	344.353	425.138	254.432	68.3339	77.7513	81.8172
XLOC_009272	41.7363	40.6867	57.3723	35.7738	50.0477	48.4671	25.7621	51.7732	50.3825	107.713	55.9809	69.011
XLOC_009273	6.58994	17.9022	13.4466	17.8869	14.7199	22.5428	13.7398	12.9433	15.1148	59.0683	22.5479	17.7863
XLOC_009331	27.4581	56.9614	66.3367	31.004	59.8609	28.1785	73.8513	62.7253	69.2759	45.1698	18.6603	35.5727
XLOC_009368	23.0648	39.873	45.7186	19.0794	23.5518	23.67	76.4275	66.7078	93.2076	60.2265	31.878	82.5286
XLOC_009370	447.018	830.823	735.979	184.831	275.753	189.36	1039.93	711.882	842.647	653.225	396.531	653.115
XLOC_009398	71.391	91.1382	82.4727	28.6191	41.2157	27.0514	80.7212	101.555	66.7568	34.746	19.4378	24.9009
XLOC_009421	273.482	279.925	216.939	52.4683	79.4875	63.1199	170.03	134.411	156.186	198.052	153.17	172.172
XLOC_009441	32.9497	39.0592	39.4435	32.1965	35.3278	36.0685	47.2305	43.8081	42.8251	55.5937	38.0981	51.2247
XLOC_009456	2.19665	2.4412	2.68933	0	0	0	0.858736	5.97384	3.77869	3.4746	0.777513	1.42291
XLOC_009465	25.2614	24.412	53.7865	22.6568	11.7759	12.3986	67.8402	40.8212	42.8251	13.8984	17.1053	12.0947
XLOC_009466	118.619	74.8635	100.402	87.0497	67.7116	90.1713	124.517	149.346	104.544	34.746	67.6436	25.6123
XLOC_009473	98.8491	128.57	103.091	20.2718	40.2344	39.4499	147.703	145.363	104.544	45.1698	49.7608	34.8612
XLOC_009488	40.638	43.1279	47.5114	31.004	47.1037	27.0514	72.9926	67.7035	62.9781	31.2714	47.4283	33.4383
XLOC_009489	10.9832	21.1571	32.2719	19.0794	7.85062	14.6528	37.7844	33.8517	45.3443	22.0058	15.5503	17.0749
XLOC_009520	210.878	237.61	243.832	194.371	235.518	182.597	274.796	278.779	265.768	266.386	213.038	261.104
XLOC_009541	32.9497	21.9708	16.136	20.2718	17.6639	22.5428	25.7621	40.8212	23.9317	13.8984	8.55264	14.2291
XLOC_009568	13.1799	22.7846	13.4466	13.1171	31.4025	18.0343	28.3383	23.8953	22.6721	61.3847	46.6508	44.8216
XLOC_009583	348.168	443.485	385.47	411.399	433.747	415.915	553.885	467.951	545.391	558.253	475.06	553.511
XLOC_009584	276.777	164.374	214.25	337.467	348.371	335.888	267.067	328.561	328.746	319.664	333.553	294.542
XLOC_009585	40.638	28.4807	32.2719	131.171	102.058	112.714	28.3383	21.9041	28.9699	25.4804	48.9833	25.6123
XLOC_009586	10.9832	4.88241	3.58577	0	0	0	6.01115	10.952	2.51913	1.1582	2.33254	2.13436
XLOC_009634	26.3598	30.9219	25.1004	15.502	18.6452	16.9071	53.2417	43.8081	36.5273	17.373	17.1053	18.4978
XLOC_009636	24.1631	13.0197	6.2751	32.1965	22.5705	16.9071	3.43495	11.9477	12.5956	3.4746	13.9952	16.3634
XLOC_009653	93.3575	185.531	219.628	70.3552	119.722	84.5356	188.063	156.315	178.858	90.3397	90.1915	97.4692
XLOC_009664	13.1799	34.9906	35.8577	19.0794	7.85062	27.0514	66.9814	63.7209	75.5738	19.6894	36.5431	44.1101
XLOC_009676	42.8346	61.8438	59.1652	71.5477	104.021	76.6456	70.4164	59.7384	86.9098	135.51	96.4116	105.295
XLOC_009677	3.29497	4.88241	8.96442	5.96231	12.7573	12.3986	5.15242	5.97384	3.77869	19.6894	10.1077	19.9207
XLOC_009678	16.4748	19.5296	31.3755	9.53969	24.5332	21.4157	24.9034	24.891	36.5273	33.5878	45.0957	45.533
XLOC_009711	6.58994	30.9219	23.3075	2.38492	7.85062	2.25428	19.7509	18.9171	20.153	2.3164	1.55503	1.42291
XLOC_009750	68.096	160.306	166.738	48.8909	63.7863	51.8485	194.074	160.298	146.109	64.8593	107.297	135.888
XLOC_009768	445.919	391.406	351.405	481.754	437.672	361.812	759.982	554.571	588.216	405.37	299.342	292.407
XLOC_009771	6.58994	32.5494	30.479	21.4643	19.6265	21.4157	28.3383	20.9084	34.0082	50.9608	40.4307	59.0507
XLOC_009779	9.88491	8.13734	9.86087	13.1171	26.4958	21.4157	12.0223	19.9128	17.6339	6.94921	2.33254	6.40308
XLOC_009811	16.4748	20.3434	25.1004	32.1965	24.5332	10.1443	18.8922	14.9346	13.8552	57.9101	31.1005	49.0903
XLOC_009813	400.888	464.642	481.39	103.744	94.2074	90.1713	313.439	271.81	234.279	39.3788	41.9857	34.8612
XLOC_009815	57.1128	66.7262	81.5763	29.8115	40.2344	16.9071	36.0669	28.8735	13.8552	11.582	11.6627	12.0947
XLOC_009817	60.4078	62.6575	58.2688	38.1588	45.141	39.4499	89.3086	66.7078	79.3524	55.5937	45.0957	53.359
XLOC_009832	172.437	135.08	148.809	231.337	168.788	200.631	143.409	164.281	128.475	126.244	152.392	100.315
XLOC_009845	7.68826	0.813734	3.58577	1.19246	0.981327	7.88999	12.881	20.9084	6.29781	1.1582	2.33254	0.711454
XLOC_009856	28.5564	26.0395	27.7897	21.4643	24.5332	30.4328	53.2417	46.7951	39.0464	37.0624	11.6627	21.3436
XLOC_009861	106.537	67.5399	62.751	17.8869	17.6639	15.78	90.1673	96.577	68.0164	39.3788	25.6579	34.1498
XLOC_009872	0	1.62747	0	20.2718	13.7386	15.78	18.0335	3.98256	11.3361	31.2714	27.9905	18.4978
XLOC_009880	255.909	227.846	236.661	29.8115	39.2531	37.1957	251.61	276.788	193.973	52.1191	46.6508	33.4383
XLOC_009881	52.7195	79.7459	62.751	13.1171	25.5145	20.2885	86.7324	76.6642	49.1229	20.8476	18.6603	30.5925
XLOC_009904	68.096	45.5691	60.9581	98.9743	102.058	77.7727	71.2751	85.625	49.1229	47.4862	59.091	32.0154
XLOC_009923	76.8826	76.491	67.2332	58.4306	51.029	46.2128	112.494	86.6206	89.4289	76.4413	61.4235	52.6476
XLOC_009924	36.2447	31.7356	9.86087	8.34723	15.7012	15.78	40.3606	21.9041	28.9699	10.4238	13.9952	18.4978
XLOC_009932	27.4581	34.9906	39.4435	10.7322	18.6452	16.9071	42.0781	65.7122	46.6038	44.0116	20.9928	28.4582
XLOC_009944	160.355	113.109	171.221	128.786	149.162	125.113	113.353	100.56	119.658	264.07	196.711	187.112
XLOC_009949	7.68826	8.13734	7.17154	22.6568	21.5892	23.67	6.01115	11.9477	6.29781	13.8984	17.1053	14.9405
XLOC_009961	191.108	166.002	200.803	156.212	165.844	105.951	351.223	347.478	404.32	149.408	108.074	123.082
XLOC_009967	28.5564	25.2258	17.9288	40.5437	34.3464	27.0514	24.9034	3.98256	21.4126	47.4862	38.8756	36.2841
XLOC_009968	0	1.62747	0	0	0.981327	0	0	0	0	4.6328	3.11005	7.11454
XLOC_009994	25.2614	17.9022	17.9288	40.5437	29.4398	20.2885	9.4461	17.9215	13.8552	9.26561	10.1077	11.3833
XLOC_010030	0	5.69614	0.896442	0	2.94398	2.25428	0	0	0	2.3164	1.55503	7.11454
XLOC_010037	30.7531	20.3434	25.1004	8.34723	7.85062	10.1443	13.7398	5.97384	16.3743	10.4238	15.5503	10.6718
XLOC_010038	18.6715	42.3142	56.4759	46.506	41.2157	18.0343	71.2751	50.7776	60.459	50.9608	46.6508	86.7974
XLOC_010040	2.19665	6.50987	10.7573	0	0	0	6.86989	0	0	12.7402	5.44259	2.13436
XLOC_010054	20.8681	29.2944	34.0648	17.8869	17.6639	15.78	37.7844	49.782	36.5273	15.0566	22.5479	35.5727
XLOC_010057	70.2927	64.285	69.0261	50.0834	52.9917	46.2128	94.461	91.5988	95.7268	45.1698	36.5431	59.0507
XLOC_010097	16.4748	18.7159	19.7217	16.6945	11.7759	13.5257	7.72863	3.98256	7.55738	13.8984	6.99761	14.9405
XLOC_010098	62.6044	49.6378	52.8901	35.7738	39.2531	39.4499	25.7621	35.843	12.5956	42.8534	40.4307	38.4185
XLOC_010121	20.8681	12.206	15.2395	26.2341	11.7759	34.9414	29.197	42.8125	31.4891	44.0116	29.5455	17.7863
XLOC_010136	130.7	148.1	158.67	115.669	151.124	130.748	107.342	86.6206	108.322	157.515	148.505	150.117
XLOC_010137	10.9832	19.5296	18.8253	25.0417	35.3278	20.2885	13.7398	15.9302	20.153	35.9042	34.9881	76.1256
XLOC_010141	51.6212	52.079	53.7865	33.3889	27.4772	37.1957	44.6543	71.686	75.5738	33.5878	52.0933	50.5132
XLOC_010144	1.09832	3.25494	8.06798	4.76984	18.6452	5.63571	12.0223	1.99128	13.8552	8.10741	3.88756	11.3833
XLOC_010147	10.9832	54.5202	60.9581	31.004	54.9543	24.7971	62.6878	30.8648	61.7186	40.537	56.7584	113.833
XLOC_010148	278.974	244.934	209.768	367.278	295.379	353.922	192.357	237.958	214.126	251.33	243.361	242.606
XLOC_010149	140.585	100.089	77.9905	155.02	108.927	153.291	90.1673	89.6075	100.765	86.8651	156.28	107.43
XLOC_010154	8.78659	2.4412	1.79288	14.3095	19.6265	13.5257	7.72863	4.9782	7.55738	5.79101	9.33015	12.0947
XLOC_010157	0	0	0	0	0	0	0	2.98692	0	1.1582	0.777513	7.11454
XLOC_010164	54.9162	56.1477	35.8577	25.0417	33.3651	21.4157	49.8067	35.843	37.7869	26.6386	48.9833	36.9956
XLOC_010246	508.524	489.868	445.532	491.294	492.626	429.441	440.532	334.535	410.617	689.13	496.831	586.949
XLOC_010247	9.88491	10.5785	2.68933	3.57738	4.90664	12.3986	2.57621	6.96948	15.1148	10.4238	13.9952	14.2291
XLOC_010248	250.418	179.835	173.91	218.22	243.369	247.971	148.561	197.137	147.369	213.109	256.579	252.566
XLOC_010251	1068.67	859.303	824.727	1379.68	1281.61	1330.03	724.773	800.494	758.257	956.674	1217.58	1120.54
XLOC_010256	43.9329	41.5004	41.2364	4.76984	6.86929	7.88999	40.3606	63.7209	70.5355	8.10741	6.2201	8.53745
XLOC_010258	5.49162	5.69614	8.06798	0	0	0	2.57621	1.99128	1.25956	0	0.777513	0
XLOC_010264	50.5229	26.0395	40.3399	71.5477	58.8796	67.6285	41.2193	45.7994	44.0847	77.5995	72.3087	51.9361
XLOC_010283	838.021	815.362	905.407	583.114	557.394	739.405	1823.1	1798.12	1633.65	1015.74	789.953	808.923
XLOC_010284	164.748	226.218	303.894	113.284	55.9356	89.0441	1097.46	757.682	944.672	221.216	142.285	98.1806
XLOC_010299	70.2927	70.7949	65.4403	91.8195	105.002	74.3913	66.9814	57.7471	66.7568	155.199	116.627	101.026
XLOC_010314	76.8826	51.2653	54.683	202.718	177.62	193.868	111.636	92.5945	125.956	164.465	209.151	179.998
XLOC_010333	65.8994	51.2653	57.3723	108.514	79.4875	116.096	66.1227	59.7384	66.7568	70.6503	72.3087	59.7621
XLOC_010338	14.2782	27.667	26.8933	27.4266	24.5332	37.1957	12.881	15.9302	12.5956	41.6952	38.0981	30.5925
XLOC_010354	645.814	493.123	444.635	350.584	355.24	368.575	316.015	479.898	409.358	392.63	493.721	394.145
XLOC_010380	8.78659	20.3434	16.136	15.502	21.5892	19.1614	25.7621	31.8605	40.306	23.164	20.9928	20.6322
XLOC_010389	71.391	83.0009	69.9225	8.34723	12.7573	19.1614	101.331	69.6948	59.1994	32.4296	26.4354	30.5925
XLOC_010394	23.0648	24.412	27.7897	23.8492	17.6639	12.3986	17.1747	20.9084	10.0765	3.4746	24.8804	20.6322
XLOC_010399	18.6715	39.873	21.5146	17.8869	17.6639	15.78	36.0669	14.9346	32.7486	15.0566	32.6555	32.0154
XLOC_010420	242.729	193.669	174.806	58.4306	51.029	52.9756	238.729	237.958	196.492	60.2265	84.7489	88.9317
XLOC_010428	1.09832	0.813734	0.896442	9.53969	2.94398	1.12714	0	1.99128	0	0	0	0
XLOC_010433	9.88491	0	0	0	0	0	0	0	3.77869	0	0.777513	0.711454
XLOC_010441	183.42	113.923	112.952	116.861	92.2447	143.147	84.1562	117.485	84.3907	47.4862	94.8565	82.5286
XLOC_010457	48.3262	61.0301	56.4759	28.6191	28.4585	34.9414	139.974	107.529	125.956	90.3397	22.5479	31.304
XLOC_010494	237.238	205.061	185.564	23.8492	28.4585	25.9242	217.26	169.259	118.399	62.5429	47.4283	40.5529
XLOC_010502	40.638	43.1279	35.8577	44.1211	38.2718	39.4499	70.4164	53.7645	50.3825	67.1757	54.4259	62.6079
XLOC_010535	430.543	432.093	470.632	581.921	393.512	755.185	1288.96	1096.2	1073.15	339.353	357.656	319.443
XLOC_010557	34.048	38.2455	34.0648	26.2341	24.5332	27.0514	48.948	57.7471	61.7186	37.0624	32.6555	33.4383
XLOC_010571	3.29497	0	1.79288	0	0	0	7.72863	0	0	2.3164	0.777513	1.42291
XLOC_010572	56.0145	120.433	119.227	103.744	114.815	92.4256	167.454	141.381	188.934	195.736	188.158	234.068
XLOC_010576	71.391	34.9906	49.3043	82.2798	86.3568	123.986	98.7547	81.6424	57.9399	174.888	152.392	113.833
XLOC_010583	64.8011	46.3828	71.7154	94.2044	81.4501	113.841	65.264	65.7122	74.3142	69.4921	71.5312	69.7225
XLOC_010584	339.382	309.219	308.376	478.177	417.064	475.654	358.952	481.889	342.601	304.607	359.211	300.233
XLOC_010595	18.6715	11.3923	11.6538	11.9246	8.83194	15.78	18.0335	30.8648	20.153	10.4238	10.8852	7.82599
XLOC_010599	21.9665	7.32361	14.3431	7.15477	13.7386	10.1443	36.0669	21.9041	20.153	24.3222	10.1077	8.53745
XLOC_010609	51.6212	48.0103	47.5114	39.3512	25.5145	43.9585	53.2417	64.7166	59.1994	99.6053	82.4163	73.2797
XLOC_010641	1.09832	0.813734	1.79288	1.19246	2.94398	1.12714	0	0	0	2.3164	1.55503	4.98018
XLOC_010644	43.9329	32.5494	28.6862	32.1965	44.1597	39.4499	21.4684	19.9128	10.0765	44.0116	49.7608	37.707
XLOC_010648	5.49162	11.3923	6.2751	9.53969	9.81327	11.2714	6.86989	4.9782	11.3361	13.8984	13.2177	14.9405
XLOC_010660	40.638	43.9416	38.547	5.96231	2.94398	7.88999	39.5019	39.8256	22.6721	4.6328	17.1053	9.2489
XLOC_010663	3.29497	6.50987	0.896442	31.004	19.6265	9.01713	7.72863	6.96948	6.29781	24.3222	6.99761	22.7665
XLOC_010668	0	2.4412	1.79288	0	0	0	0	0.995639	2.51913	5.79101	6.2201	3.55727
XLOC_010669	6.58994	24.412	16.136	5.96231	6.86929	9.01713	27.4796	31.8605	22.6721	4.6328	1.55503	2.84582
XLOC_010674	91.1608	112.295	99.5051	53.6608	58.8796	72.137	70.4164	62.7253	57.9399	62.5429	64.5336	59.7621
XLOC_010700	6.58994	9.76481	16.136	9.53969	4.90664	6.76285	19.7509	13.939	8.81694	2.3164	6.2201	3.55727
XLOC_010716	60.4078	85.4421	72.6118	39.3512	31.4025	41.7042	61.829	46.7951	70.5355	27.7968	15.5503	21.3436
XLOC_010718	15.3765	12.206	16.136	44.1211	23.5518	22.5428	13.7398	19.9128	21.4126	20.8476	34.9881	22.0551
XLOC_010777	7.68826	11.3923	12.5502	14.3095	11.7759	10.1443	5.15242	3.98256	6.29781	3.4746	15.5503	11.3833
XLOC_010809	38.4413	42.3142	35.8577	26.2341	38.2718	32.6871	67.8402	53.7645	49.1229	61.3847	59.091	60.4736
XLOC_010815	54.9162	28.4807	29.5826	32.1965	22.5705	18.0343	9.4461	13.939	6.29781	16.2148	26.4354	17.7863
XLOC_010822	73.5877	79.7459	81.5763	52.4683	41.2157	64.247	81.5799	62.7253	66.7568	60.2265	59.8685	50.5132
XLOC_010832	12.0816	20.3434	14.3431	2.38492	1.96265	5.63571	36.9257	24.891	22.6721	13.8984	7.77513	8.53745
XLOC_010833	45.0313	43.9416	46.615	11.9246	5.88796	10.1443	86.7324	61.7296	52.9016	31.2714	22.5479	30.5925
XLOC_010851	98.8491	80.5597	64.5439	9.53969	10.7946	5.63571	54.9591	57.7471	64.2377	11.582	5.44259	9.96035
XLOC_010865	1.09832	0	2.68933	2.38492	8.83194	1.12714	0	0	0	2.3164	0.777513	1.42291
XLOC_010866	115.324	115.55	115.641	83.4723	62.8049	71.0099	20.6097	14.9346	11.3361	66.0175	76.1962	79.6828
XLOC_010867	28.5564	21.1571	21.5146	20.2718	25.5145	36.0685	3.43495	4.9782	5.03825	24.3222	24.8804	27.0352
XLOC_010868	63.7027	50.4515	64.5439	8.34723	15.7012	1.12714	2.57621	4.9782	10.0765	33.5878	21.7704	34.8612
XLOC_010870	19.7698	13.8335	11.6538	11.9246	11.7759	18.0343	24.0446	27.8779	23.9317	5.79101	2.33254	4.26872
XLOC_010874	41.7363	36.618	43.0292	9.53969	19.6265	16.9071	24.0446	18.9171	34.0082	37.0624	43.5407	37.707
XLOC_010880	36.2447	46.3828	51.0972	45.3135	62.8049	56.3571	87.5911	69.6948	81.8716	59.0683	59.091	74.7026
XLOC_010898	53.8178	43.9416	42.1328	58.4306	59.8609	52.9756	30.9145	40.8212	34.0082	31.2714	44.3182	43.3987
XLOC_010920	0	3.25494	3.58577	0	0.981327	0	0	0	0	0	0	0
XLOC_010922	52.7195	35.8043	55.5794	54.8532	42.1971	41.7042	40.3606	36.8387	18.8934	28.955	26.4354	21.3436
XLOC_010962	107.636	95.2069	91.4371	66.7778	70.6555	67.6285	64.4052	73.6773	70.5355	74.1249	59.8685	47.6674
XLOC_010964	53.8178	53.7065	64.5439	50.0834	52.0103	57.4842	121.082	92.5945	84.3907	60.2265	62.9785	70.4339
XLOC_010971	109.832	151.355	140.741	90.6271	112.853	107.078	212.967	153.328	171.301	208.476	164.833	203.476
XLOC_010976	908.313	949.628	799.627	366.086	365.054	427.186	1375.7	1296.32	1105.9	312.714	301.675	358.573
XLOC_010984	25.2614	43.9416	32.2719	13.1171	20.6079	24.7971	50.6654	28.8735	41.5656	31.2714	38.8756	40.5529
XLOC_010999	9.88491	10.5785	6.2751	7.15477	13.7386	21.4157	11.1636	10.952	12.5956	16.2148	8.55264	4.26872
XLOC_011002	3.29497	4.88241	2.68933	5.96231	4.90664	4.50856	3.43495	7.96512	1.25956	13.8984	5.44259	4.26872
XLOC_011015	63.7027	54.5202	52.8901	39.3512	37.2904	23.67	50.6654	51.7732	36.5273	55.5937	40.4307	34.8612
XLOC_011018	38.4413	35.8043	49.3043	25.0417	37.2904	39.4499	64.4052	62.7253	57.9399	59.0683	38.0981	32.7269
XLOC_011022	154.864	165.188	173.013	20.2718	25.5145	20.2885	168.312	177.224	136.033	63.7011	50.5383	54.0705
XLOC_011042	459.099	390.592	398.917	141.903	177.62	173.58	560.755	752.703	501.306	138.984	135.287	133.042
XLOC_011047	96.6524	63.4713	51.0972	45.3135	34.3464	49.5942	44.6543	61.7296	52.9016	50.9608	52.8709	65.4537
XLOC_011064	217.468	259.581	311.962	336.274	332.67	305.455	239.587	234.971	235.538	385.681	286.125	293.83
XLOC_011075	20.8681	30.9219	22.4111	4.76984	17.6639	4.50856	19.7509	21.9041	17.6339	25.4804	21.7704	27.7467
XLOC_011086	24.1631	37.4318	49.3043	60.8155	77.5248	48.4671	54.9591	41.8169	61.7186	82.2323	48.9833	74.7026
XLOC_011091	30.7531	31.7356	35.8577	20.2718	41.2157	29.3057	22.3271	20.9084	22.6721	67.1757	42.7632	41.2643
XLOC_011107	13.1799	8.13734	17.9288	3.57738	0.981327	7.88999	25.7621	29.8692	27.7104	15.0566	7.77513	3.55727
XLOC_011145	51.6212	73.2361	76.1976	50.0834	46.1224	50.7213	112.494	106.533	104.544	77.5995	60.646	62.6079
XLOC_011146	8.78659	9.76481	8.06798	29.8115	25.5145	25.9242	7.72863	4.9782	5.03825	33.5878	27.2129	11.3833
XLOC_011175	20.8681	21.9708	6.2751	1.19246	7.85062	1.12714	12.881	15.9302	5.03825	4.6328	3.88756	4.98018
XLOC_011190	177.928	194.482	183.771	82.2798	90.2821	85.6627	209.532	232.98	209.087	53.2773	67.6436	93.9119
XLOC_011194	23.0648	27.667	37.6506	39.3512	38.2718	39.4499	30.0558	18.9171	23.9317	44.0116	44.3182	61.8965
XLOC_011202	109.832	89.5108	89.6442	52.4683	46.1224	66.5013	64.4052	76.6642	42.8251	53.2773	58.3135	68.2996
XLOC_011206	65.8994	86.2558	97.7122	2.38492	0	5.63571	18.0335	27.8779	13.8552	0	2.33254	0.711454
XLOC_011220	15.3765	19.5296	13.4466	25.0417	39.2531	21.4157	84.1562	95.5814	66.7568	32.4296	35.7656	29.1696
XLOC_011221	1.09832	0	6.2751	0	9.81327	0	29.197	13.939	34.0082	2.3164	16.3278	22.7665
XLOC_011231	2.19665	8.13734	5.37865	0	0	0	0	0	0	0	0	0
XLOC_011232	3.29497	8.95108	17.0324	0	0	0	0	0	0	0	0	0
XLOC_011240	218.566	144.031	138.949	76.3175	56.917	61.9928	178.617	175.233	148.628	97.2889	90.1915	56.9163
XLOC_011278	455.804	406.867	407.881	424.516	521.085	413.661	207.814	301.679	255.691	574.468	526.376	424.026
XLOC_011285	136.192	134.266	129.088	150.25	159.956	119.477	54.9591	70.6904	57.9399	193.42	108.074	101.026
XLOC_011293	92.2592	81.3734	95.9193	98.9743	91.2634	63.1199	37.7844	28.8735	36.5273	57.9101	48.9833	58.3392
XLOC_011328	16.4748	6.50987	19.7217	15.502	12.7573	37.1957	11.1636	8.96075	10.0765	16.2148	19.4378	5.69163
XLOC_011334	1.09832	0	0	0	2.94398	0	0	0	0	2.3164	0.777513	7.82599
XLOC_011338	0	7.32361	2.68933	0	0	0	0	0	0	0	0.777513	0.711454
XLOC_011348	48.3262	94.3932	61.8545	47.6984	39.2531	50.7213	57.5353	50.7776	47.8634	96.1307	90.1915	88.9317
XLOC_011353	49.4245	61.0301	63.6474	42.9286	41.2157	21.4157	76.4275	57.7471	62.9781	91.4979	59.8685	67.5881
XLOC_011354	0	0	0	1.19246	3.92531	1.12714	1.71747	0	2.51913	11.582	10.8852	8.53745
XLOC_011374	327.3	361.298	328.098	251.609	258.089	253.607	243.881	181.206	238.057	445.907	312.56	347.901
XLOC_011382	1.09832	7.32361	6.2751	5.96231	11.7759	18.0343	4.29368	16.9259	7.55738	4.6328	6.99761	7.11454
XLOC_011383	20.8681	20.3434	13.4466	15.502	17.6639	25.9242	30.0558	22.8997	31.4891	12.7402	19.4378	4.98018
XLOC_011389	39.5396	55.3339	60.9581	36.9663	13.7386	33.8142	52.3829	80.6468	70.5355	17.373	13.9952	11.3833
XLOC_011392	221.861	320.611	386.367	121.631	116.778	96.9341	326.32	330.552	285.921	127.402	103.409	131.619
XLOC_011400	9.88491	13.0197	16.136	26.2341	28.4585	39.4499	6.86989	12.9433	18.8934	39.3788	28.768	17.0749
XLOC_011432	0	0	0	0	3.92531	2.25428	0	3.98256	2.51913	1.1582	9.33015	8.53745
XLOC_011434	0	0	0	4.76984	10.7946	5.63571	2.57621	2.98692	2.51913	2.3164	13.2177	9.2489
XLOC_011446	1164.22	1366.26	1251.43	451.943	517.159	473.399	1478.74	1287.36	1351.51	647.434	734.749	903.546
XLOC_011450	84.5709	69.1674	68.1296	21.4643	14.7199	29.3057	4.29368	6.96948	5.03825	20.8476	10.1077	9.2489
XLOC_011451	0	0	0	7.15477	0	1.12714	0	0	0	0	0.777513	2.13436
XLOC_011452	0	0.813734	0	0	0	0	0.858736	0	0	3.4746	0.777513	7.11454
XLOC_011453	4.39329	7.32361	5.37865	5.96231	5.88796	9.01713	38.6431	35.843	42.8251	0	2.33254	4.26872
XLOC_011482	2.19665	2.4412	3.58577	11.9246	15.7012	11.2714	5.15242	9.95639	5.03825	9.26561	16.3278	4.98018
XLOC_011499	53.8178	58.5889	78.8869	75.1251	64.7676	64.247	24.0446	38.8299	36.5273	44.0116	59.8685	46.9559
XLOC_011517	66.9977	80.5597	49.3043	57.2381	62.8049	64.247	72.9926	90.6032	91.9481	46.328	55.9809	49.0903
XLOC_011530	12.0816	11.3923	14.3431	2.38492	3.92531	5.63571	4.29368	8.96075	8.81694	16.2148	5.44259	4.98018
XLOC_011533	0	0	0	0	4.90664	0	0	0	0	2.3164	2.33254	8.53745
XLOC_011537	177.928	181.463	173.013	166.945	276.734	147.655	255.045	137.398	181.377	382.206	225.479	272.487
XLOC_011538	1343.25	1417.52	1345.56	293.345	368.979	267.132	1369.68	1325.2	928.298	217.742	105.742	186.401
XLOC_011539	2.19665	8.95108	4.48221	15.502	23.5518	16.9071	12.881	7.96512	10.0765	30.1132	27.9905	54.7819
XLOC_011553	7.68826	8.13734	12.5502	13.1171	16.6826	10.1443	16.316	15.9302	7.55738	12.7402	13.9952	4.98018
XLOC_011564	3.29497	2.4412	1.79288	0	0	0	1.71747	1.99128	5.03825	3.4746	3.11005	4.98018
XLOC_011580	195.502	185.531	194.528	312.425	224.724	305.455	173.465	206.097	200.27	162.148	207.596	155.808
XLOC_011586	18.6715	9.76481	15.2395	38.1588	30.4211	43.9585	10.3048	25.8866	28.9699	10.4238	3.88756	7.82599
XLOC_011588	17.5732	11.3923	21.5146	23.8492	27.4772	33.8142	12.0223	21.9041	23.9317	3.4746	7.77513	2.13436
XLOC_011590	7.68826	2.4412	15.2395	5.96231	1.96265	2.25428	4.29368	5.97384	6.29781	0	0	0
XLOC_011599	18.6715	26.0395	18.8253	4.76984	0.981327	7.88999	25.7621	26.8823	18.8934	16.2148	2.33254	6.40308
XLOC_011601	31.8514	15.4609	21.5146	29.8115	33.3651	36.0685	11.1636	19.9128	23.9317	16.2148	17.1053	14.2291
XLOC_011607	29.6547	30.1082	37.6506	40.5437	31.4025	36.0685	24.9034	25.8866	37.7869	37.0624	30.323	30.5925
XLOC_011626	163.65	271.787	290.447	90.6271	102.058	113.841	188.922	177.224	177.598	136.668	143.062	179.998
XLOC_011635	12.0816	13.8335	16.136	7.15477	6.86929	6.76285	12.0223	3.98256	12.5956	22.0058	22.5479	24.1894
XLOC_011643	398.691	266.905	315.548	482.947	320.894	453.111	444.825	616.301	507.604	252.488	327.333	271.775
XLOC_011648	10.9832	12.206	10.7573	40.5437	30.4211	51.8485	50.6654	45.7994	60.459	26.6386	27.2129	15.652
XLOC_011692	110.931	59.4026	65.4403	114.476	74.5809	98.0613	85.8736	93.5901	51.6421	79.9159	75.4187	76.1256
XLOC_011699	381.118	298.64	341.545	307.655	293.417	334.761	340.918	348.474	355.197	264.07	227.034	224.108
XLOC_011701	29.6547	29.2944	21.5146	7.15477	20.6079	5.63571	26.6208	32.8561	25.1913	20.8476	22.5479	20.6322
XLOC_011702	270.188	216.453	215.146	152.635	149.162	108.206	296.264	233.975	209.087	392.63	258.912	327.269
XLOC_011715	24.1631	38.2455	30.479	15.502	25.5145	18.0343	47.2305	52.7689	40.306	17.373	23.3254	24.9009
XLOC_011760	18.6715	7.32361	10.7573	5.96231	4.90664	16.9071	36.0669	14.9346	18.8934	17.373	10.1077	14.9405
XLOC_011778	155.962	146.472	138.949	114.476	114.815	136.384	96.1785	96.577	80.612	57.9101	95.6341	89.6432
XLOC_011792	10.9832	7.32361	4.48221	1.19246	5.88796	3.38142	0	0	0	3.4746	2.33254	1.42291
XLOC_011794	34.048	48.8241	38.547	97.7818	91.2634	91.2984	47.2305	32.8561	46.6038	48.6444	90.969	64.7423
XLOC_011799	444.821	458.132	462.564	717.862	773.286	786.744	485.186	537.645	503.825	565.202	643.78	600.467
XLOC_011835	14.2782	5.69614	6.2751	17.8869	17.6639	29.3057	4.29368	4.9782	8.81694	25.4804	8.55264	12.8062
XLOC_011949	1.09832	0	1.79288	8.34723	0	0	0	1.99128	0	0	0	0
XLOC_011951	62.6044	74.8635	58.2688	50.0834	31.4025	67.6285	24.0446	37.8343	27.7104	15.0566	45.0957	41.9758
XLOC_011953	2.19665	1.62747	5.37865	0	0	0	2.57621	0	2.51913	1.1582	0.777513	7.82599
XLOC_011955	32.9497	22.7846	42.1328	5.96231	3.92531	4.50856	21.4684	21.9041	11.3361	4.6328	1.55503	3.55727
XLOC_011966	42.8346	26.0395	41.2364	23.8492	17.6639	30.4328	7.72863	29.8692	20.153	13.8984	31.878	24.9009
XLOC_011971	99.9474	154.609	155.981	133.556	157.012	180.343	71.2751	80.6468	108.322	48.6444	73.8637	59.7621
XLOC_011975	15.3765	19.5296	22.4111	13.1171	20.6079	15.78	92.7435	56.7514	79.3524	17.373	23.3254	25.6123
XLOC_011984	2.19665	5.69614	2.68933	0	0	0	0	0	0	0	0	0
XLOC_012000	35.1463	42.3142	47.5114	5.96231	12.7573	16.9071	37.7844	32.8561	26.4508	9.26561	9.33015	3.55727
XLOC_012001	27.4581	17.0884	9.86087	0	2.94398	10.1443	26.6208	20.9084	25.1913	3.4746	3.88756	7.11454
XLOC_012016	144.979	120.433	183.771	132.363	155.05	157.8	249.034	368.387	298.516	107.713	81.6388	86.0859
XLOC_012041	117.521	95.2069	95.9193	71.5477	61.8236	86.7899	71.2751	78.6555	65.4973	27.7968	69.1986	52.6476
XLOC_012042	188.912	129.384	86.0585	77.51	81.4501	101.443	103.048	134.411	94.4672	113.504	78.5288	73.9912
XLOC_012043	61.5061	69.1674	89.6442	29.8115	54.9543	39.4499	87.5911	49.782	68.0164	75.2831	62.9785	66.8767
XLOC_012045	13.1799	22.7846	17.9288	62.008	57.8983	92.4256	45.513	51.7732	51.6421	38.2206	28.768	27.0352
XLOC_012046	29.6547	32.5494	14.3431	20.2718	9.81327	27.0514	24.0446	17.9215	16.3743	26.6386	26.4354	17.7863
XLOC_012068	32.9497	23.5983	14.3431	32.1965	34.3464	37.1957	24.0446	18.9171	12.5956	19.6894	8.55264	19.2093
XLOC_012109	8.78659	12.206	8.96442	33.3889	46.1224	20.2885	12.881	18.9171	10.0765	16.2148	20.9928	19.9207
XLOC_012113	9.88491	5.69614	1.79288	0	0	0	0.858736	1.99128	0	0	3.88756	2.84582
XLOC_012120	1.09832	3.25494	4.48221	0	0	0	0.858736	3.98256	3.77869	2.3164	1.55503	6.40308
XLOC_012130	9.88491	3.25494	1.79288	7.15477	13.7386	18.0343	7.72863	2.98692	2.51913	9.26561	7.77513	8.53745
XLOC_012172	37.343	36.618	29.5826	27.4266	26.4958	29.3057	47.2305	50.7776	22.6721	17.373	20.2153	23.478
XLOC_012189	10.9832	4.88241	4.48221	7.15477	6.86929	4.50856	7.72863	7.96512	2.51913	5.79101	9.33015	11.3833
XLOC_012208	29.6547	31.7356	40.3399	4.76984	9.81327	5.63571	12.881	12.9433	15.1148	23.164	13.2177	14.9405
XLOC_012216	18.6715	13.8335	10.7573	17.8869	17.6639	14.6528	7.72863	11.9477	15.1148	28.955	18.6603	11.3833
XLOC_012218	23.0648	28.4807	19.7217	52.4683	46.1224	31.56	30.9145	13.939	42.8251	127.402	122.847	108.852
XLOC_012234	151.569	139.149	145.224	100.167	85.3755	101.443	99.6134	93.5901	114.62	44.0116	24.1029	40.5529
XLOC_012235	442.624	393.034	369.334	116.861	76.5435	100.316	428.509	598.379	409.358	89.1815	108.852	113.833
XLOC_012254	0	0	0.896442	1.19246	0	10.1443	0	0	1.25956	0	0	0
XLOC_012287	77.9809	79.7459	69.9225	77.51	61.8236	83.4084	43.7956	43.8081	59.1994	105.396	92.524	63.3194
XLOC_012291	42.8346	50.4515	47.5114	33.3889	32.3838	29.3057	20.6097	15.9302	10.0765	22.0058	17.1053	13.5176
XLOC_012324	307.531	297.827	329.891	500.834	460.242	524.121	381.279	417.173	392.984	362.517	390.311	348.612
XLOC_012337	23.0648	17.0884	20.6182	56.0457	32.3838	48.4671	16.316	14.9346	10.0765	20.8476	20.9928	18.4978
XLOC_012341	21.9665	6.50987	8.06798	32.1965	25.5145	24.7971	6.01115	9.95639	5.03825	19.6894	21.7704	16.3634
XLOC_012342	13.1799	15.4609	14.3431	4.76984	18.6452	13.5257	5.15242	7.96512	13.8552	20.8476	17.1053	16.3634
XLOC_012349	39.5396	46.3828	21.5146	26.2341	25.5145	11.2714	25.7621	20.9084	30.2295	12.7402	20.2153	17.7863
XLOC_012368	8.78659	0.813734	0.896442	2.38492	1.96265	2.25428	0	0	0	0	3.11005	0
XLOC_012376	109.832	117.991	87.8514	58.4306	68.6929	81.1542	54.9591	51.7732	59.1994	55.5937	67.6436	66.8767
XLOC_012379	126.307	78.1185	82.4727	84.6647	64.7676	101.443	68.6989	94.5857	90.6885	39.3788	32.6555	49.8018
XLOC_012384	39.5396	59.4026	34.0648	14.3095	12.7573	21.4157	18.8922	27.8779	16.3743	20.8476	13.9952	18.4978
XLOC_012431	25.2614	15.4609	27.7897	4.76984	5.88796	7.88999	18.8922	28.8735	16.3743	3.4746	3.11005	4.98018
XLOC_012437	10.9832	7.32361	20.6182	14.3095	11.7759	4.50856	7.72863	6.96948	5.03825	40.537	29.5455	34.1498
XLOC_012439	1.09832	1.62747	2.68933	1.19246	1.96265	2.25428	2.57621	1.99128	12.5956	13.8984	3.11005	12.8062
XLOC_012479	87.8659	94.3932	91.4371	88.2421	99.114	73.2642	141.691	227.006	143.59	130.877	151.615	174.306
XLOC_012504	128.504	104.158	106.677	118.054	124.629	176.961	73.8513	116.49	123.437	97.2889	107.297	96.7577
XLOC_012513	121.914	108.227	99.5051	147.865	157.994	151.037	72.9926	131.424	81.8716	81.0741	155.503	101.026
XLOC_012526	230.648	195.296	209.768	300.5	265.94	291.93	180.335	158.307	146.109	170.256	293.9	210.59
XLOC_012536	5.49162	1.62747	7.17154	0	1.96265	0	0.858736	0	0	0	0	0
XLOC_012542	49.4245	43.9416	35.8577	19.0794	8.83194	7.88999	55.8179	41.8169	26.4508	31.2714	13.9952	34.1498
XLOC_012548	105.439	176.58	152.395	48.8909	36.3091	29.3057	181.193	158.307	158.705	47.4862	62.9785	81.1057
XLOC_012549	31.8514	17.0884	34.9613	67.9703	45.141	117.223	195.792	196.141	122.178	8.10741	23.3254	15.652
XLOC_012553	38.4413	34.1768	62.751	46.506	50.0477	87.917	306.569	314.622	205.309	38.2206	33.433	19.2093
XLOC_012561	8.78659	17.9022	13.4466	17.8869	6.86929	16.9071	42.0781	31.8605	57.9399	11.582	21.7704	25.6123
XLOC_012572	3.29497	4.88241	9.86087	20.2718	18.6452	20.2885	8.58736	11.9477	12.5956	12.7402	9.33015	16.3634
XLOC_012577	73.5877	87.8833	68.1296	5.96231	5.88796	3.38142	53.2417	50.7776	45.3443	8.10741	6.99761	6.40308
XLOC_012578	66.9977	77.3047	70.819	5.96231	3.92531	4.50856	42.0781	50.7776	23.9317	8.10741	12.4402	10.6718
XLOC_012580	76.8826	87.0696	86.9549	42.9286	50.0477	54.1028	121.082	105.538	114.62	81.0741	51.3158	61.185
XLOC_012608	97.7508	100.089	77.9905	23.8492	32.3838	33.8142	127.093	110.516	71.7951	30.1132	20.2153	24.1894
XLOC_012634	30.7531	38.2455	33.1684	54.8532	62.8049	65.3742	31.7732	35.843	22.6721	56.7519	51.3158	29.1696
XLOC_012636	127.405	92.7657	95.0229	132.363	150.143	125.113	52.3829	64.7166	35.2678	189.945	178.828	151.54
XLOC_012648	7.68826	12.206	18.8253	25.0417	13.7386	2.25428	26.6208	31.8605	39.0464	6.94921	9.33015	17.0749
XLOC_012650	10.9832	25.2258	40.3399	13.1171	12.7573	15.78	38.6431	26.8823	41.5656	24.3222	18.6603	34.8612
XLOC_012673	19.7698	20.3434	16.136	22.6568	31.4025	22.5428	13.7398	9.95639	7.55738	13.8984	9.33015	9.96035
XLOC_012679	61.5061	57.7751	39.4435	73.9326	54.9543	45.0856	48.948	74.673	57.9399	35.9042	41.2082	34.1498
XLOC_012681	5.49162	7.32361	12.5502	7.15477	12.7573	9.01713	10.3048	10.952	11.3361	4.6328	10.1077	7.11454
XLOC_012683	6.58994	13.8335	14.3431	13.1171	15.7012	18.0343	40.3606	45.7994	22.6721	26.6386	29.5455	24.9009
XLOC_012688	66.9977	59.4026	65.4403	110.899	106.965	99.1884	86.7324	75.6686	78.0929	64.8593	83.1939	64.7423
XLOC_012694	18.6715	33.3631	40.3399	38.1588	23.5518	31.56	64.4052	40.8212	84.3907	63.7011	46.6508	58.3392
XLOC_012714	12.0816	9.76481	9.86087	23.8492	31.4025	22.5428	18.8922	13.939	10.0765	17.373	24.1029	29.8811
XLOC_012747	101.046	67.5399	79.7834	83.4723	48.085	80.027	56.6766	58.7427	41.5656	25.4804	20.9928	23.478
XLOC_012748	109.832	96.8344	112.055	120.439	73.5995	77.7727	64.4052	70.6904	85.6503	45.1698	32.6555	51.9361
XLOC_012758	42.8346	36.618	41.2364	10.7322	1.96265	7.88999	64.4052	61.7296	36.5273	34.746	13.2177	15.652
XLOC_012804	324.005	264.464	285.965	364.893	379.774	320.108	389.866	240.945	289.699	715.768	439.295	443.236
XLOC_012807	175.732	132.639	98.6087	261.149	267.902	225.428	17.1747	14.9346	35.2678	205.002	230.921	163.634
XLOC_012811	32.9497	33.3631	37.6506	14.3095	11.7759	21.4157	26.6208	32.8561	16.3743	24.3222	13.2177	20.6322
XLOC_012814	8.78659	8.13734	6.2751	16.6945	19.6265	28.1785	7.72863	10.952	5.03825	10.4238	9.33015	33.4383
XLOC_012816	7.68826	4.06867	4.48221	0	0.981327	0	2.57621	3.98256	0	0	0	0
XLOC_012819	1.09832	9.76481	0	0	0	1.12714	0	1.99128	0	0	0	0
XLOC_012828	21.9665	37.4318	23.3075	29.8115	21.5892	20.2885	55.8179	76.6642	50.3825	22.0058	15.5503	37.707
XLOC_012857	676.567	834.078	783.491	327.927	402.344	352.795	776.298	852.267	841.388	775.995	541.149	589.795
XLOC_012873	1.09832	1.62747	1.79288	44.1211	38.2718	23.67	12.881	2.98692	23.9317	101.922	60.646	88.2203
XLOC_012908	251.516	181.463	211.56	159.79	154.068	216.411	136.539	151.337	122.178	122.769	148.505	120.947
XLOC_012927	6.58994	8.95108	2.68933	33.3889	27.4772	20.2885	29.197	19.9128	42.8251	32.4296	20.9928	24.1894
XLOC_012949	158.159	131.825	147.017	194.371	177.62	184.851	126.234	128.437	144.85	277.968	139.952	169.326
XLOC_012960	72.4893	129.384	114.745	25.0417	34.3464	27.0514	431.086	362.413	418.175	35.9042	44.3182	33.4383
XLOC_012973	97.7508	108.227	129.984	75.1251	94.2074	72.137	130.528	118.481	113.361	155.199	104.187	116.678
XLOC_012975	53.8178	39.873	62.751	46.506	53.973	59.7385	103.048	105.538	95.7268	45.1698	44.3182	41.9758
XLOC_012982	550.26	625.762	603.306	565.227	547.58	481.289	644.911	546.606	583.177	925.403	733.194	786.868
XLOC_012992	36.2447	109.854	87.8514	32.1965	66.7302	31.56	81.5799	41.8169	74.3142	44.0116	44.3182	76.1256
XLOC_012998	175.732	179.022	156.877	208.681	175.658	182.597	179.476	165.276	138.552	274.494	227.811	215.57
XLOC_013004	29.6547	28.4807	28.6862	27.4266	17.6639	20.2885	39.5019	54.7602	36.5273	15.0566	9.33015	24.1894
XLOC_013009	4.39329	0.813734	0	13.1171	2.94398	1.12714	0	0	0	3.4746	0.777513	2.13436
XLOC_013019	40.638	19.5296	22.4111	22.6568	16.6826	25.9242	12.0223	14.9346	12.5956	8.10741	17.8828	9.2489
XLOC_013047	56.0145	136.707	129.088	135.941	158.975	116.096	65.264	62.7253	105.803	110.029	164.055	199.919
XLOC_013048	0	0.813734	0	2.38492	0	0	0	0	0	12.7402	13.9952	16.3634
XLOC_013051	121.914	121.246	129.984	94.2044	89.3008	82.2813	147.703	103.546	100.765	75.2831	48.2058	51.2247
XLOC_013072	2.19665	3.25494	6.2751	1.19246	11.7759	7.88999	23.1859	14.9346	23.9317	13.8984	16.3278	12.0947
XLOC_013081	0	0	1.79288	2.38492	0.981327	0	0	0	0	4.6328	0.777513	9.2489
XLOC_013084	0	0	0	0	0	0	0	0	0	0	2.33254	5.69163
XLOC_013085	1.09832	1.62747	0.896442	0	0.981327	1.12714	0	0	0	1.1582	2.33254	7.11454
XLOC_013092	15.3765	18.7159	12.5502	10.7322	22.5705	25.9242	7.72863	2.98692	2.51913	11.582	25.6579	16.3634
XLOC_013093	8.78659	2.4412	0.896442	4.76984	3.92531	2.25428	0	0	0	3.4746	8.55264	7.82599
XLOC_013095	21.9665	21.1571	32.2719	42.9286	42.1971	20.2885	22.3271	14.9346	26.4508	57.9101	66.8661	99.6035
XLOC_013116	30.7531	29.2944	29.5826	62.008	41.2157	51.8485	26.6208	22.8997	42.8251	41.6952	44.3182	29.8811
XLOC_013117	10.9832	1.62747	9.86087	5.96231	7.85062	3.38142	0.858736	1.99128	2.51913	12.7402	10.8852	11.3833
XLOC_013128	93.3575	123.688	147.017	87.0497	105.002	89.0441	151.996	106.533	162.484	88.0233	97.9666	111.698
XLOC_013142	84.5709	100.089	112.952	52.4683	57.8983	61.9928	99.6134	80.6468	75.5738	133.193	77.7513	98.8921
XLOC_013146	15.3765	15.4609	11.6538	4.76984	0.981327	4.50856	5.15242	3.98256	3.77869	9.26561	2.33254	7.11454
XLOC_013147	0	1.62747	0	0	1.96265	1.12714	0	0	0	1.1582	3.11005	0
XLOC_013157	9.88491	34.9906	23.3075	21.4643	21.5892	21.4157	50.6654	42.8125	34.0082	47.4862	53.6484	49.8018
XLOC_013160	46.1296	59.4026	76.1976	16.6945	29.4398	19.1614	103.048	84.6293	117.139	50.9608	32.6555	35.5727
XLOC_013168	19.7698	12.206	9.86087	19.0794	25.5145	43.9585	22.3271	21.9041	10.0765	13.8984	15.5503	12.8062
XLOC_013174	45.0313	45.5691	27.7897	28.6191	4.90664	9.01713	33.4907	37.8343	15.1148	11.582	9.33015	11.3833
XLOC_013193	182.322	149.727	130.881	252.802	236.5	233.318	91.8848	66.7078	96.9863	200.369	199.043	168.615
XLOC_013194	30.7531	30.9219	20.6182	36.9663	52.9917	34.9414	15.4573	7.96512	17.6339	22.0058	39.6531	46.9559
XLOC_013212	104.341	148.913	147.017	133.556	92.2447	126.24	201.803	224.019	215.385	86.8651	113.517	135.176
XLOC_013225	19.7698	13.0197	11.6538	1.19246	5.88796	13.5257	9.4461	6.96948	5.03825	6.94921	7.77513	7.82599
XLOC_013233	452.509	435.348	342.441	221.798	183.508	192.741	316.874	362.413	330.005	345.144	236.364	285.293
XLOC_013249	4.39329	0	3.58577	0	0	0	1.71747	0	1.25956	11.582	0	2.84582
XLOC_013271	0	0	0	0	0.981327	10.1443	1.71747	0.995639	2.51913	0	2.33254	2.84582
XLOC_013278	23.0648	40.6867	38.547	16.6945	22.5705	14.6528	61.829	44.8038	50.3825	28.955	19.4378	31.304
XLOC_013294	14.2782	19.5296	11.6538	2.38492	1.96265	1.12714	0	2.98692	1.25956	0	0	0
XLOC_013301	46.1296	40.6867	53.7865	34.5814	28.4585	75.5185	107.342	137.398	119.658	1.1582	3.11005	3.55727
XLOC_013303	497.54	415.004	622.131	337.467	268.884	490.306	1888.36	1734.4	1495.1	218.9	146.95	145.848
XLOC_013309	124.111	203.434	178.392	98.9743	116.778	108.206	303.993	295.705	292.219	170.256	126.735	140.156
XLOC_013331	7.68826	8.13734	8.06798	28.6191	40.2344	25.9242	16.316	9.95639	15.1148	24.3222	14.7727	33.4383
XLOC_013356	0	3.25494	0.896442	1.19246	3.92531	2.25428	0	0	0	1.1582	6.99761	3.55727
XLOC_013358	23.0648	28.4807	25.9968	25.0417	33.3651	27.0514	12.0223	13.939	11.3361	20.8476	20.9928	15.652
XLOC_013368	4.39329	10.5785	11.6538	8.34723	17.6639	6.76285	13.7398	6.96948	23.9317	10.4238	13.9952	34.8612
XLOC_013387	857.79	790.95	832.795	863.342	866.512	942.29	901.673	1179.83	950.97	650.909	652.333	635.328
XLOC_013389	147.175	82.1872	94.1265	150.25	100.095	157.8	131.387	157.311	109.582	64.8593	102.632	81.1057
XLOC_013395	170.24	143.217	127.295	209.873	203.135	209.648	109.918	147.355	96.9863	210.793	182.715	140.156
XLOC_013399	19.7698	6.50987	17.9288	17.8869	24.5332	14.6528	14.5985	6.96948	15.1148	22.0058	26.4354	22.0551
XLOC_013403	18.6715	23.5983	34.9613	11.9246	11.7759	10.1443	32.632	20.9084	17.6339	25.4804	23.3254	29.1696
XLOC_013417	18.6715	35.8043	14.3431	0	30.4211	12.3986	51.5242	35.843	40.306	4.6328	0.777513	3.55727
XLOC_013423	3.29497	8.13734	5.37865	4.76984	4.90664	7.88999	9.4461	6.96948	10.0765	18.5312	13.9952	20.6322
XLOC_013430	772.121	829.195	812.177	611.733	663.377	650.36	1080.29	816.424	867.839	801.475	849.821	811.057
XLOC_013445	61.5061	54.5202	51.0972	36.9663	32.3838	39.4499	81.5799	51.7732	57.9399	19.6894	42.7632	49.8018
XLOC_013448	38.4413	57.7751	36.7541	22.6568	35.3278	22.5428	27.4796	44.8038	31.4891	42.8534	39.6531	60.4736
XLOC_013468	0	0	0	0	0	0	0	0.995639	0	0	0.777513	8.53745
XLOC_013503	61.5061	154.609	159.567	106.129	248.276	105.951	228.424	173.241	274.585	235.115	245.694	335.806
XLOC_013507	65.8994	47.1966	75.3012	22.6568	21.5892	29.3057	74.7101	75.6686	61.7186	37.0624	19.4378	37.707
XLOC_013512	299.842	306.778	282.379	245.647	300.286	241.208	442.249	555.567	408.098	333.562	293.122	245.452
XLOC_013517	8.78659	9.76481	5.37865	13.1171	7.85062	11.2714	7.72863	9.95639	12.5956	4.6328	5.44259	8.53745
XLOC_013532	35.1463	39.0592	43.0292	50.0834	48.085	56.3571	37.7844	32.8561	36.5273	44.0116	33.433	54.0705
XLOC_013535	83.4726	178.208	197.217	101.359	162.9	99.1884	183.77	172.246	227.981	140.142	143.062	196.361
XLOC_013536	464.591	367.808	361.266	494.871	393.512	497.069	535.851	531.671	416.915	301.132	345.993	266.795
XLOC_013552	105.439	137.521	138.949	104.937	99.114	130.748	171.747	161.294	156.186	138.984	97.1891	84.663
XLOC_013562	92.2592	154.609	167.635	79.8949	103.039	82.2813	106.483	118.481	152.407	62.5429	98.7441	83.9515
XLOC_013574	117.521	87.8833	87.8514	143.095	153.087	145.401	77.2863	111.512	78.0929	115.82	120.514	100.315
XLOC_013582	2.19665	4.06867	6.2751	5.96231	9.81327	9.01713	2.57621	9.95639	6.29781	28.955	15.5503	19.9207
XLOC_013585	7.68826	39.0592	43.9257	16.6945	43.1784	16.9071	51.5242	39.8256	78.0929	77.5995	41.9857	69.011
XLOC_013589	0	2.4412	0	0	0	0	1.71747	0	0	2.3164	1.55503	8.53745
XLOC_013596	4.39329	10.5785	2.68933	14.3095	24.5332	22.5428	29.197	24.891	8.81694	20.8476	20.9928	22.7665
XLOC_013597	32.9497	21.1571	26.8933	29.8115	18.6452	33.8142	83.2974	60.734	44.0847	40.537	29.5455	17.0749
XLOC_013598	66.9977	69.9811	44.8221	70.3552	34.3464	65.3742	175.182	93.5901	98.2459	28.955	27.2129	46.2445
XLOC_013616	2.19665	3.25494	1.79288	0	0	0	8.58736	1.99128	7.55738	0	3.88756	4.98018
XLOC_013617	0	0	0	4.76984	1.96265	0	0.858736	1.99128	0	1.1582	7.77513	0.711454
XLOC_013624	49.4245	37.4318	42.1328	48.8909	56.917	59.7385	44.6543	20.9084	46.6038	74.1249	67.6436	48.3789
XLOC_013656	141.684	123.688	123.709	96.5894	110.89	100.316	113.353	104.542	109.582	70.6503	66.0886	60.4736
XLOC_013679	40.638	73.2361	61.8545	53.6608	61.8236	38.3228	96.1785	52.7689	88.1694	66.0175	53.6484	90.3546
XLOC_013681	162.552	135.08	131.777	244.455	193.321	194.995	116.788	105.538	109.582	208.476	170.275	162.211
XLOC_013683	140.585	150.541	142.534	184.831	212.948	211.903	104.766	104.542	118.399	253.646	228.589	184.267
XLOC_013693	30.7531	31.7356	21.5146	19.0794	18.6452	16.9071	5.15242	14.9346	18.8934	13.8984	9.33015	11.3833
XLOC_013706	0	0	0	0	0.981327	1.12714	0.858736	0.995639	3.77869	1.1582	3.11005	6.40308
XLOC_013715	1.09832	0	0	0	0	0	0	0	0	10.4238	0	0
XLOC_013726	20.8681	33.3631	42.1328	3.57738	9.81327	16.9071	48.0892	41.8169	42.8251	13.8984	6.2201	15.652
XLOC_013727	23.0648	34.9906	23.3075	2.38492	0.981327	4.50856	29.197	36.8387	25.1913	6.94921	13.9952	7.82599
XLOC_013780	307.531	340.141	359.473	72.7401	46.1224	112.714	398.454	429.121	324.967	26.6386	36.5431	49.0903
XLOC_013789	1.09832	1.62747	0	0	0	0	7.72863	0.995639	1.25956	0	0	0.711454
XLOC_013798	42.8346	39.0592	32.2719	26.2341	22.5705	21.4157	50.6654	45.7994	35.2678	28.955	17.1053	19.9207
XLOC_013810	116.422	108.227	100.402	38.1588	28.4585	47.3399	121.941	150.342	103.284	19.6894	30.323	27.0352
XLOC_013814	24.1631	87.8833	65.4403	58.4306	57.8983	33.8142	40.3606	46.7951	39.0464	98.4471	69.1986	112.41
XLOC_013838	60.4078	56.9614	45.7186	31.004	31.4025	36.0685	42.9368	41.8169	51.6421	22.0058	22.5479	20.6322
XLOC_013848	5.49162	15.4609	11.6538	25.0417	19.6265	20.2885	10.3048	16.9259	7.55738	12.7402	23.3254	7.11454
XLOC_013869	205.386	290.503	267.14	134.748	140.33	123.986	160.584	144.368	151.148	137.826	132.955	168.615
XLOC_013905	123.012	152.168	128.191	82.2798	79.4875	73.2642	79.0037	82.6381	100.765	97.2889	76.9738	78.9714
XLOC_013910	0	0	0	3.57738	0.981327	3.38142	2.57621	1.99128	0	1.1582	0.777513	0
XLOC_013914	48.3262	64.285	35.8577	73.9326	59.8609	65.3742	72.1338	102.551	65.4973	33.5878	51.3158	47.6674
XLOC_013926	43.9329	45.5691	34.9613	100.167	66.7302	89.0441	48.948	50.7776	51.6421	26.6386	48.9833	28.4582
XLOC_013937	191.108	147.286	99.5051	52.4683	37.2904	41.7042	316.874	214.062	166.262	155.199	154.725	131.619
XLOC_013939	818.251	711.204	836.381	490.102	513.234	524.121	1136.97	1229.61	962.306	514.241	436.962	513.67
XLOC_013967	0	4.06867	3.58577	0	0	0	5.15242	1.99128	2.51913	1.1582	1.55503	6.40308
XLOC_013969	28.5564	27.667	17.9288	13.1171	15.7012	20.2885	32.632	35.843	40.306	18.5312	17.8828	22.0551
XLOC_013980	65.8994	38.2455	51.9937	73.9326	89.3008	96.9341	46.3718	30.8648	47.8634	39.3788	65.3111	46.9559
XLOC_013983	101.046	99.2756	81.5763	17.8869	14.7199	24.7971	24.0446	34.8474	20.153	19.6894	33.433	24.9009
XLOC_013994	610.668	581.006	561.173	375.625	564.263	435.076	693.859	538.641	726.768	583.733	528.709	559.203
XLOC_013996	10.9832	17.0884	12.5502	4.76984	0.981327	4.50856	24.9034	23.8953	42.8251	1.1582	3.88756	0.711454
XLOC_014008	1.09832	0	0	0	1.96265	3.38142	0	0	0	2.3164	2.33254	5.69163
XLOC_014020	18.6715	30.9219	27.7897	32.1965	29.4398	21.4157	24.9034	28.8735	32.7486	57.9101	41.9857	41.2643
XLOC_014026	96.6524	69.1674	54.683	129.978	103.039	120.604	64.4052	66.7078	66.7568	96.1307	98.7441	96.7577
XLOC_014032	2.19665	4.88241	1.79288	3.57738	2.94398	2.25428	18.8922	12.9433	30.2295	0	0.777513	3.55727
XLOC_014034	1.09832	5.69614	11.6538	9.53969	3.92531	10.1443	11.1636	2.98692	8.81694	3.4746	0.777513	1.42291
XLOC_014036	8.78659	0	0	0	0	0	0	0.995639	1.25956	2.3164	0	0
XLOC_014044	154.864	146.472	104.884	88.2421	101.077	95.807	69.5576	98.5683	69.2759	50.9608	58.3135	66.1652
XLOC_014046	137.29	113.923	116.538	115.669	101.077	87.917	70.4164	108.525	80.612	54.4355	58.3135	54.0705
XLOC_014061	4.39329	0.813734	4.48221	10.7322	2.94398	1.12714	2.57621	0.995639	2.51913	0	0	0
XLOC_014077	29.6547	20.3434	19.7217	3.57738	9.81327	10.1443	6.86989	8.96075	10.0765	2.3164	1.55503	4.26872
XLOC_014078	53.8178	39.873	42.1328	16.6945	24.5332	28.1785	32.632	29.8692	26.4508	10.4238	17.8828	14.9405
XLOC_014088	81.2759	85.4421	86.0585	47.6984	50.0477	66.5013	141.691	137.398	98.2459	92.6561	61.4235	69.7225
XLOC_014089	71.391	61.0301	61.8545	51.2758	40.2344	48.4671	92.7435	101.555	88.1694	28.955	43.5407	34.1498
XLOC_014092	69.1944	39.873	53.7865	11.9246	15.7012	6.76285	31.7732	32.8561	18.8934	11.582	4.66508	7.82599
XLOC_014116	7.68826	6.50987	16.136	23.8492	20.6079	18.0343	18.8922	13.939	20.153	44.0116	17.8828	27.0352
XLOC_014119	12.0816	12.206	10.7573	32.1965	20.6079	21.4157	32.632	30.8648	28.9699	13.8984	25.6579	17.0749
XLOC_014120	114.226	117.991	110.262	28.6191	46.1224	37.1957	77.2863	74.673	79.3524	62.5429	91.7465	95.3348
XLOC_014121	1296.02	1461.47	1421.76	493.679	506.365	486.925	620.008	776.599	758.257	726.192	604.905	828.132
XLOC_014122	5.49162	2.4412	1.79288	17.8869	17.6639	21.4157	18.0335	25.8866	18.8934	38.2206	26.4354	23.478
XLOC_014145	8.78659	6.50987	8.96442	3.57738	2.94398	4.50856	12.881	1.99128	6.29781	13.8984	8.55264	12.0947
XLOC_014146	9.88491	6.50987	13.4466	7.15477	6.86929	1.12714	11.1636	18.9171	5.03825	20.8476	27.2129	20.6322
XLOC_014162	13.1799	6.50987	12.5502	8.34723	9.81327	9.01713	38.6431	23.8953	28.9699	30.1132	11.6627	7.82599
XLOC_014199	0	0	0	0	3.92531	10.1443	22.3271	3.98256	15.1148	41.6952	12.4402	27.0352
XLOC_014211	15.3765	30.9219	30.479	42.9286	39.2531	29.3057	24.9034	23.8953	17.6339	53.2773	33.433	46.2445
XLOC_014212	16.4748	31.7356	30.479	32.1965	18.6452	23.67	28.3383	27.8779	32.7486	64.8593	48.2058	70.4339
XLOC_014234	0	0	0	0	1.96265	1.12714	8.58736	0	0	1.1582	0.777513	0
XLOC_014249	227.353	333.631	301.205	239.685	268.884	225.428	498.926	390.291	424.473	272.177	177.273	249.72
XLOC_014252	76.8826	61.0301	45.7186	5.96231	7.85062	9.01713	60.9703	67.7035	30.2295	8.10741	3.11005	4.26872
XLOC_014253	84.5709	98.4618	66.3367	8.34723	11.7759	12.3986	49.8067	53.7645	46.6038	8.10741	4.66508	9.96035
XLOC_014274	2.19665	3.25494	8.06798	3.57738	0	3.38142	0	0	0	1.1582	0.777513	0
XLOC_014280	31.8514	24.412	35.8577	11.9246	10.7946	21.4157	37.7844	38.8299	26.4508	13.8984	10.8852	15.652
XLOC_014292	37.343	41.5004	51.0972	42.9286	19.6265	37.1957	53.2417	27.8779	60.459	47.4862	42.7632	54.7819
XLOC_014310	7.68826	1.62747	0.896442	0	0	0	1.71747	0	1.25956	3.4746	2.33254	7.82599
XLOC_014314	180.125	164.374	166.738	323.157	235.518	316.727	232.718	288.735	227.981	185.312	186.603	160.789
XLOC_014321	0	1.62747	0	0	0	0	0	0	0	0	0	7.11454
XLOC_014333	3.29497	11.3923	10.7573	0	0	0	0	1.99128	1.25956	0	0	0
XLOC_014334	13.1799	12.206	31.3755	0	0	0	0	0	1.25956	0	0	0
XLOC_014364	50.5229	34.1768	22.4111	29.8115	10.7946	45.0856	24.0446	15.9302	10.0765	44.0116	35.7656	35.5727
XLOC_014383	273.482	179.835	203.492	295.73	182.527	267.132	162.301	149.346	159.964	462.122	349.103	382.051
XLOC_014431	1.09832	4.88241	0.896442	0	0	0	0	3.98256	1.25956	0	0	0.711454
XLOC_014455	7.68826	1.62747	8.06798	11.9246	4.90664	19.1614	42.0781	31.8605	28.9699	0	0	0
XLOC_014457	1.09832	4.06867	2.68933	5.96231	5.88796	12.3986	30.0558	18.9171	13.8552	1.1582	0.777513	0
XLOC_014458	17.5732	11.3923	26.8933	52.4683	58.8796	80.027	125.376	97.5727	117.139	0	3.88756	0
XLOC_014461	31.8514	28.4807	29.5826	27.4266	12.7573	27.0514	39.5019	40.8212	32.7486	10.4238	7.77513	9.2489
XLOC_014467	0	7.32361	3.58577	0	0	0	0.858736	0.995639	1.25956	0	0	0.711454
XLOC_014484	146.077	111.482	144.327	75.1251	41.2157	101.443	93.6023	105.538	117.139	24.3222	17.8828	22.0551
XLOC_014485	127.405	87.8833	79.7834	73.9326	32.3838	77.7727	73.8513	87.6163	94.4672	24.3222	13.9952	17.0749
XLOC_014487	74.686	73.2361	81.5763	5.96231	24.5332	11.2714	56.6766	60.734	64.2377	27.7968	33.433	27.0352
XLOC_014492	75.7843	108.227	105.78	69.1628	54.9543	49.5942	123.658	114.499	109.582	82.2323	74.6412	93.9119
XLOC_014501	28.5564	52.079	44.8221	20.2718	35.3278	15.78	24.0446	20.9084	34.0082	69.4921	36.5431	42.6872
XLOC_014511	37.343	34.9906	43.9257	31.004	17.6639	29.3057	53.2417	37.8343	51.6421	59.0683	39.6531	44.1101
XLOC_014531	7.68826	13.0197	14.3431	9.53969	14.7199	7.88999	11.1636	13.939	11.3361	33.5878	18.6603	26.3238
XLOC_014534	50.5229	30.9219	40.3399	56.0457	65.7489	45.0856	29.197	17.9215	30.2295	50.9608	43.5407	36.9956
XLOC_014536	48.3262	42.3142	40.3399	41.7361	36.3091	33.8142	34.3495	41.8169	40.306	28.955	26.4354	22.0551
XLOC_014537	120.816	107.413	102.194	47.6984	53.973	28.1785	154.573	138.394	132.254	54.4355	80.0838	66.8767
XLOC_014539	104.341	70.7949	78.8869	46.506	34.3464	22.5428	131.387	137.398	129.735	28.955	89.414	54.0705
XLOC_014594	31.8514	26.0395	43.0292	9.53969	12.7573	22.5428	55.8179	41.8169	39.0464	28.955	34.2106	29.1696
XLOC_014595	0	0	0	0	1.96265	1.12714	0	0	0	0	0	0.711454
XLOC_014604	0	0.813734	2.68933	0	0	0	2.57621	0	6.29781	1.1582	1.55503	4.26872
XLOC_014623	63.7027	61.0301	60.9581	51.2758	65.7489	68.7556	97.0372	116.49	114.62	77.5995	54.4259	54.7819
XLOC_014632	52.7195	34.9906	40.3399	65.5854	46.1224	40.5771	28.3383	37.8343	17.6339	24.3222	30.323	20.6322
XLOC_014633	49.4245	39.0592	64.5439	17.8869	21.5892	12.3986	100.472	99.5639	88.1694	22.0058	17.8828	19.9207
XLOC_014634	45.0313	43.1279	51.0972	31.004	31.4025	33.8142	81.5799	72.6817	99.5054	45.1698	20.2153	31.304
XLOC_014653	0	0	0	0	0	0	0.858736	0.995639	0	1.1582	1.55503	7.11454
XLOC_014666	42.8346	54.5202	47.5114	14.3095	24.5332	14.6528	21.4684	20.9084	26.4508	17.373	20.9928	39.8414
XLOC_014681	13.1799	11.3923	7.17154	25.0417	16.6826	18.0343	9.4461	20.9084	15.1148	4.6328	4.66508	8.53745
XLOC_014689	20.8681	21.9708	17.9288	15.502	11.7759	10.1443	26.6208	17.9215	23.9317	8.10741	4.66508	4.26872
XLOC_014690	14.2782	17.9022	33.1684	9.53969	16.6826	21.4157	23.1859	27.8779	20.153	4.6328	5.44259	4.98018
XLOC_014691	40.638	17.9022	17.0324	23.8492	16.6826	15.78	21.4684	28.8735	12.5956	2.3164	10.8852	7.11454
XLOC_014715	40.638	35.8043	43.0292	28.6191	35.3278	29.3057	18.0335	20.9084	20.153	28.955	16.3278	20.6322
XLOC_014722	229.55	167.629	190.046	155.02	123.647	211.903	174.323	202.115	166.262	105.396	124.402	115.967
XLOC_014729	926.985	978.108	802.316	187.216	204.116	262.624	457.706	503.794	484.932	273.335	166.388	177.152
XLOC_014739	0	0	0	1.19246	0	1.12714	1.71747	1.99128	3.77869	3.4746	4.66508	1.42291
XLOC_014742	170.24	175.767	139.845	0	0	0	4.29368	0	2.51913	0	0	0
XLOC_014743	2083.52	1870.77	1755.23	800.141	713.425	898.331	2064.4	2167.51	1850.3	464.439	417.524	331.537
XLOC_014745	313.022	195.296	222.318	184.831	107.946	208.521	231.859	331.548	304.814	94.9725	113.517	68.2996
XLOC_014761	71.391	69.9811	86.0585	70.3552	53.973	76.6456	152.855	128.437	128.475	32.4296	52.8709	52.6476
XLOC_014763	27.4581	26.8532	21.5146	22.6568	32.3838	30.4328	43.7956	36.8387	45.3443	24.3222	19.4378	16.3634
XLOC_014766	0	0	1.79288	0	0	0	1.71747	0	0	2.3164	6.99761	0
XLOC_014794	48.3262	50.4515	35.8577	10.7322	4.90664	10.1443	42.0781	46.7951	27.7104	4.6328	10.1077	12.0947
XLOC_014797	74.686	68.3537	70.819	46.506	40.2344	36.0685	105.625	116.49	95.7268	37.0624	38.0981	35.5727
XLOC_014798	29.6547	34.1768	28.6862	23.8492	27.4772	47.3399	34.3495	41.8169	42.8251	20.8476	17.8828	9.2489
XLOC_014807	12.0816	40.6867	34.0648	13.1171	49.0664	20.2885	42.0781	21.9041	37.7869	63.7011	22.5479	44.8216
XLOC_014813	61.5061	44.7554	35.8577	11.9246	14.7199	15.78	16.316	22.8997	15.1148	30.1132	18.6603	35.5727
XLOC_014814	3.29497	4.88241	13.4466	15.502	14.7199	21.4157	9.4461	7.96512	11.3361	28.955	33.433	34.8612
XLOC_014815	19.7698	10.5785	17.0324	60.8155	70.6555	59.7385	12.881	11.9477	30.2295	122.769	70.7537	78.9714
XLOC_014816	23.0648	13.8335	22.4111	14.3095	6.86929	14.6528	84.1562	61.7296	81.8716	11.582	6.99761	7.82599
XLOC_014817	21.9665	7.32361	8.96442	7.15477	7.85062	7.88999	29.197	27.8779	32.7486	2.3164	3.88756	2.13436
XLOC_014821	48.3262	52.8927	67.2332	0	0.981327	0	0	0.995639	0	0	0	0
XLOC_014825	5.49162	8.95108	15.2395	25.0417	27.4772	28.1785	7.72863	35.843	11.3361	24.3222	27.2129	14.2291
XLOC_014827	5.49162	2.4412	0.896442	0	0	0	0	10.952	0	1.1582	1.55503	1.42291
XLOC_014839	250.418	233.542	217.836	374.433	322.857	397.881	262.773	364.404	277.104	206.16	223.146	204.899
XLOC_014858	48.3262	94.3932	77.0941	48.8909	75.5622	47.3399	101.331	103.546	108.322	84.5487	81.6388	78.2599
XLOC_014859	160.355	130.197	109.366	219.413	140.33	196.123	177.758	205.102	132.254	129.719	135.287	131.619
XLOC_014866	19.7698	16.2747	22.4111	28.6191	33.3651	30.4328	39.5019	33.8517	57.9399	27.7968	18.6603	20.6322
XLOC_014868	5.49162	16.2747	13.4466	17.8869	27.4772	15.78	28.3383	11.9477	12.5956	26.6386	15.5503	15.652
XLOC_014869	65.8994	175.767	133.57	95.3969	98.1327	103.697	228.424	143.372	175.079	92.6561	67.6436	102.449
XLOC_014870	6.58994	2.4412	4.48221	1.19246	2.94398	4.50856	4.29368	10.952	2.51913	0	0	0
XLOC_014876	26.3598	8.95108	7.17154	21.4643	9.81327	37.1957	13.7398	9.95639	6.29781	11.582	23.3254	17.7863
XLOC_014938	87.8659	89.5108	139.845	85.8572	95.1887	90.1713	113.353	125.451	117.139	57.9101	57.5359	49.8018
XLOC_014941	97.7508	83.0009	63.6474	98.9743	54.9543	71.0099	112.494	132.42	113.361	46.328	44.3182	54.7819
XLOC_014945	3.29497	2.4412	3.58577	0	0	0	10.3048	4.9782	1.25956	2.3164	4.66508	4.26872
XLOC_014954	2.19665	21.9708	21.5146	14.3095	17.6639	16.9071	40.3606	13.939	51.6421	19.6894	15.5503	32.7269
XLOC_014956	8.78659	8.95108	17.9288	32.1965	11.7759	16.9071	4.29368	6.96948	6.29781	3.4746	6.2201	5.69163
XLOC_014961	41.7363	20.3434	31.3755	48.8909	36.3091	40.5771	25.7621	22.8997	15.1148	26.6386	20.2153	32.7269
XLOC_014966	5.49162	7.32361	2.68933	17.8869	27.4772	29.3057	19.7509	8.96075	25.1913	30.1132	14.7727	24.9009
XLOC_014993	96.6524	61.8438	65.4403	45.3135	75.5622	66.5013	139.974	117.485	118.399	106.555	87.0814	68.2996
XLOC_015001	2.19665	0	1.79288	7.15477	0	0	0	0	0	0	0	0.711454
XLOC_015002	0	4.06867	2.68933	0	0	0	0	0	1.25956	0	0	1.42291
XLOC_015013	3.29497	4.06867	3.58577	10.7322	19.6265	12.3986	7.72863	2.98692	0	45.1698	41.9857	32.0154
XLOC_015016	15.3765	14.6472	18.8253	10.7322	10.7946	20.2885	37.7844	45.7994	44.0847	11.582	6.2201	2.13436
XLOC_015024	6.58994	17.0884	26.8933	8.34723	13.7386	4.50856	29.197	22.8997	34.0082	8.10741	10.1077	9.2489
XLOC_015030	36.2447	46.3828	27.7897	21.4643	36.3091	22.5428	52.3829	68.6991	54.1612	8.10741	21.7704	19.2093
XLOC_015053	20.8681	11.3923	17.0324	25.0417	33.3651	36.0685	31.7732	29.8692	20.153	40.537	20.9928	26.3238
XLOC_015064	76.8826	38.2455	82.4727	51.2758	27.4772	57.4842	15.4573	85.625	7.55738	5.79101	6.2201	2.84582
XLOC_015065	0	0.813734	2.68933	0	0	0	2.57621	0.995639	5.03825	2.3164	4.66508	2.84582
XLOC_015069	30.7531	51.2653	37.6506	21.4643	38.2718	24.7971	62.6878	73.6773	62.9781	30.1132	20.9928	24.9009
XLOC_015072	76.8826	83.8146	77.9905	124.016	133.46	119.477	84.1562	112.507	114.62	149.408	143.062	149.405
XLOC_015081	2.19665	4.06867	0	0	0	0	0.858736	1.99128	3.77869	3.4746	1.55503	0.711454
XLOC_015095	12.0816	0.813734	10.7573	0	0.981327	0	0	0	0	0	0	0
XLOC_015096	74.686	48.8241	44.8221	88.2421	78.5062	91.2984	59.2528	52.7689	37.7869	104.238	94.079	65.4537
XLOC_015097	0	0	0.896442	3.57738	2.94398	10.1443	0	0	0	4.6328	1.55503	0
XLOC_015102	2.19665	25.2258	25.9968	14.3095	16.6826	13.5257	66.9814	27.8779	44.0847	9.26561	3.88756	19.2093
XLOC_015113	3156.58	3306.2	3462.06	4276.17	4306.06	4147.88	4346.06	3865.07	3972.66	4860.97	3764.72	4075.92
XLOC_015120	1874.84	1603.87	1515.88	1184.11	1073.57	1238.73	1612.71	1628.87	1457.31	1059.75	1204.37	1138.33
XLOC_015124	73.5877	69.1674	47.5114	16.6945	21.5892	13.5257	68.6989	100.56	56.6803	45.1698	45.0957	54.0705
XLOC_015134	7.68826	21.9708	23.3075	10.7322	20.6079	9.01713	40.3606	33.8517	30.2295	18.5312	19.4378	23.478
XLOC_015160	56.0145	63.4713	55.5794	20.2718	37.2904	23.67	70.4164	60.734	51.6421	35.9042	38.8756	30.5925
XLOC_015163	2.19665	4.06867	3.58577	14.3095	21.5892	7.88999	2.57621	5.97384	8.81694	24.3222	17.8828	22.7665
XLOC_015168	4.39329	4.88241	4.48221	8.34723	10.7946	6.76285	11.1636	6.96948	2.51913	24.3222	16.3278	15.652
XLOC_015171	52.7195	38.2455	24.2039	53.6608	69.6742	47.3399	87.5911	52.7689	60.459	149.408	74.6412	77.5485
XLOC_015183	9.88491	4.06867	8.96442	4.76984	5.88796	11.2714	2.57621	4.9782	7.55738	26.6386	23.3254	23.478
XLOC_015193	3.29497	17.0884	17.9288	15.502	8.83194	5.63571	45.513	14.9346	57.9399	12.7402	8.55264	19.9207
XLOC_015206	105.439	87.0696	83.3691	89.4346	68.6929	50.7213	74.7101	61.7296	40.306	69.4921	66.8661	72.5683
XLOC_015208	18.6715	13.8335	13.4466	13.1171	22.5705	20.2885	12.881	8.96075	10.0765	26.6386	33.433	24.9009
XLOC_015212	0	1.62747	0	1.19246	8.83194	9.01713	0	0	0	1.1582	0.777513	0
XLOC_015245	16.4748	4.88241	8.06798	0	0.981327	0	0	0	0	0	0	0
XLOC_015246	43.9329	34.9906	34.0648	0	0	0	0	1.99128	0	0	0	0
XLOC_015247	56.0145	29.2944	36.7541	42.9286	44.1597	64.247	32.632	24.891	21.4126	26.6386	31.1005	14.2291
XLOC_015279	34.048	17.0884	10.7573	38.1588	22.5705	24.7971	18.0335	39.8256	23.9317	16.2148	20.2153	21.3436
XLOC_015281	42.8346	70.7949	84.2656	38.1588	63.7863	46.2128	75.5688	73.6773	96.9863	93.8143	78.5288	76.837
XLOC_015285	1.09832	1.62747	8.06798	0	0	0	4.29368	0	1.25956	4.6328	0	1.42291
XLOC_015291	68.096	39.873	49.3043	59.6231	51.029	34.9414	81.5799	71.686	65.4973	44.0116	31.878	36.9956
XLOC_015296	71.391	64.285	54.683	106.129	79.4875	74.3913	53.2417	59.7384	56.6803	135.51	63.756	72.5683
XLOC_015307	5.49162	8.95108	4.48221	7.15477	14.7199	12.3986	24.0446	5.97384	5.03825	22.0058	27.9905	21.3436
XLOC_015309	14.2782	35.8043	38.547	13.1171	25.5145	16.9071	75.5688	60.734	44.0847	8.10741	10.8852	25.6123
XLOC_015314	0	0	0	1.19246	0	0	0	7.96512	0	0	6.99761	1.42291
XLOC_015315	0	0	0	0	0	0	0	0	0	0	0.777513	6.40308
XLOC_015317	13.1799	2.4412	1.79288	0	0	0	0	0	2.51913	2.3164	0.777513	0.711454
XLOC_015321	75.7843	84.6284	77.9905	174.099	136.404	157.8	68.6989	95.5814	79.3524	66.0175	99.5216	71.1454
XLOC_015333	7.68826	12.206	6.2751	3.57738	3.92531	4.50856	23.1859	17.9215	32.7486	1.1582	1.55503	0.711454
XLOC_015378	28.5564	25.2258	21.5146	0	0	1.12714	3.43495	1.99128	0	0	0	0
XLOC_015379	5.49162	6.50987	3.58577	0	0	0	3.43495	0.995639	0	0	0	0
XLOC_015416	129.602	133.452	98.6087	26.2341	23.5518	14.6528	131.387	142.376	129.735	45.1698	36.5431	29.1696
XLOC_015442	29.6547	41.5004	44.8221	32.1965	31.4025	29.3057	49.8067	36.8387	26.4508	31.2714	33.433	32.0154
XLOC_015443	1246.6	1180.73	1096.35	628.427	636.881	509.468	729.926	626.257	682.683	1221.9	880.144	1003.86
XLOC_015451	9.88491	2.4412	4.48221	1.19246	5.88796	2.25428	3.43495	1.99128	8.81694	8.10741	1.55503	8.53745
XLOC_015468	0	0	0	2.38492	8.83194	2.25428	2.57621	0	0	1.1582	8.55264	2.84582
XLOC_015470	2.19665	1.62747	0	0	0	0	0.858736	5.97384	1.25956	0	3.11005	7.11454
XLOC_015477	12.0816	26.8532	21.5146	17.8869	18.6452	18.0343	21.4684	20.9084	37.7869	66.0175	37.3206	36.2841
XLOC_015478	1.09832	0.813734	0	7.15477	0	6.76285	0	0	0	0	4.66508	0
XLOC_015481	59.3095	56.9614	57.3723	22.6568	51.029	14.6528	23.1859	22.8997	16.3743	31.2714	32.6555	29.1696
XLOC_015511	3.29497	14.6472	4.48221	11.9246	12.7573	14.6528	7.72863	3.98256	5.03825	6.94921	12.4402	5.69163
XLOC_015518	141.684	120.433	102.194	184.831	191.359	147.655	124.517	123.459	124.697	129.719	148.505	143.714
XLOC_015534	71.391	54.5202	33.1684	19.0794	29.4398	24.7971	10.3048	15.9302	17.6339	22.0058	23.3254	18.4978
XLOC_015535	53.8178	79.7459	64.5439	26.2341	33.3651	12.3986	16.316	27.8779	28.9699	31.2714	34.2106	31.304
XLOC_015542	68.096	52.079	39.4435	66.7778	39.2531	45.0856	54.9591	75.6686	85.6503	17.373	25.6579	9.96035
XLOC_015544	26.3598	48.8241	34.0648	16.6945	30.4211	15.78	47.2305	72.6817	79.3524	23.164	38.8756	26.3238
XLOC_015546	4.39329	7.32361	4.48221	17.8869	20.6079	24.7971	13.7398	7.96512	12.5956	13.8984	13.2177	16.3634
XLOC_015557	219.665	131.011	154.188	332.697	234.537	303.201	218.978	270.814	224.202	199.211	180.383	172.172
XLOC_015567	0	0	0	2.38492	0.981327	2.25428	4.29368	0.995639	11.3361	1.1582	3.88756	3.55727
XLOC_015592	18.6715	17.9022	17.9288	22.6568	23.5518	10.1443	24.9034	8.96075	20.153	54.4355	31.878	27.7467
XLOC_015631	0	0	0	0	2.94398	1.12714	0	0.995639	0	5.79101	0.777513	4.98018
XLOC_015651	5.49162	8.13734	7.17154	21.4643	26.4958	21.4157	12.0223	8.96075	13.8552	13.8984	13.9952	14.9405
XLOC_015656	46.1296	47.1966	42.1328	31.004	37.2904	19.1614	34.3495	40.8212	40.306	18.5312	18.6603	25.6123
XLOC_015663	29.6547	18.7159	29.5826	45.3135	37.2904	32.6871	37.7844	34.8474	36.5273	64.8593	40.4307	74.7026
XLOC_015695	13.1799	8.13734	8.96442	25.0417	19.6265	25.9242	11.1636	10.952	7.55738	23.164	20.9928	29.1696
XLOC_015698	62.6044	61.8438	40.3399	23.8492	27.4772	28.1785	20.6097	7.96512	16.3743	30.1132	6.99761	10.6718
XLOC_015705	0	0	0	9.53969	0	1.12714	0.858736	0.995639	0	1.1582	0.777513	0.711454
XLOC_015708	4.39329	7.32361	2.68933	0	0	0	3.43495	4.9782	2.51913	2.3164	3.88756	0.711454
XLOC_015711	96.6524	132.639	144.327	71.5477	59.8609	99.1884	145.985	143.372	127.216	110.029	96.4116	105.295
XLOC_015726	0	0.813734	0	2.38492	0.981327	0	0	0	0	5.79101	6.2201	0
XLOC_015728	35.1463	33.3631	38.547	0	3.92531	0	21.4684	15.9302	13.8552	8.10741	8.55264	12.0947
XLOC_015762	12.0816	11.3923	11.6538	22.6568	16.6826	4.50856	25.7621	6.96948	7.55738	39.3788	39.6531	22.0551
XLOC_015791	674.37	558.222	586.273	498.449	373.886	659.378	1188.49	1165.89	1037.88	403.054	429.187	378.493
XLOC_015792	906.117	1154.69	1406.52	1120.91	1140.3	1148.56	2705.88	2005.22	2073.24	1572.84	1188.82	1204.49
XLOC_015793	10.9832	11.3923	8.06798	11.9246	7.85062	19.1614	29.197	18.9171	18.8934	8.10741	6.2201	4.98018
XLOC_015809	15.3765	4.88241	7.17154	9.53969	12.7573	10.1443	10.3048	10.952	15.1148	18.5312	13.2177	15.652
XLOC_015821	0	1.62747	0	0	8.83194	1.12714	0	0	0	3.4746	0	0
XLOC_015933	21.9665	20.3434	18.8253	29.8115	31.4025	38.3228	6.86989	23.8953	35.2678	11.582	22.5479	11.3833
XLOC_015974	7.68826	8.13734	11.6538	5.96231	2.94398	11.2714	36.0669	27.8779	28.9699	2.3164	2.33254	0
XLOC_015976	109.832	82.1872	143.431	31.004	44.1597	42.8314	390.725	307.653	355.197	23.164	27.2129	37.707
XLOC_015981	31.8514	50.4515	31.3755	63.2004	36.3091	48.4671	90.1673	141.381	119.658	28.955	36.5431	41.9758
XLOC_015982	87.8659	114.737	105.78	72.7401	87.3381	56.3571	316.015	357.435	278.363	120.453	104.187	115.256
XLOC_015994	15.3765	21.9708	34.9613	41.7361	32.3838	48.4671	121.082	110.516	114.62	6.94921	6.99761	2.13436
XLOC_015996	12.0816	19.5296	31.3755	50.0834	50.0477	75.5185	123.658	97.5727	93.2076	3.4746	6.99761	7.82599
XLOC_015998	10.9832	15.4609	24.2039	2.38492	12.7573	16.9071	66.1227	90.6032	59.1994	6.94921	4.66508	7.82599
XLOC_016001	6.58994	4.06867	4.48221	3.57738	0.981327	9.01713	33.4907	22.8997	26.4508	3.4746	0	0
XLOC_016007	28.5564	17.9022	20.6182	42.9286	28.4585	36.0685	26.6208	12.9433	13.8552	30.1132	24.1029	25.6123
XLOC_016012	7.68826	15.4609	7.17154	16.6945	5.88796	18.0343	5.15242	6.96948	15.1148	12.7402	10.1077	9.2489
XLOC_016030	0	0	0	1.19246	1.96265	1.12714	0	0.995639	3.77869	1.1582	5.44259	0.711454
XLOC_016034	1.09832	9.76481	7.17154	4.76984	3.92531	4.50856	12.0223	2.98692	7.55738	6.94921	5.44259	14.2291
XLOC_016035	4.39329	8.95108	4.48221	21.4643	23.5518	20.2885	1.71747	9.95639	1.25956	6.94921	6.2201	4.98018
XLOC_016039	53.8178	88.697	65.4403	53.6608	57.8983	33.8142	60.1115	47.7907	47.8634	99.6053	61.4235	73.9912
XLOC_016040	45.0313	42.3142	47.5114	76.3175	94.2074	83.4084	45.513	70.6904	42.8251	55.5937	50.5383	46.2445
XLOC_016086	12.0816	11.3923	15.2395	4.76984	9.81327	5.63571	37.7844	16.9259	16.3743	22.0058	12.4402	12.8062
XLOC_016107	12.0816	8.95108	10.7573	28.6191	18.6452	18.0343	6.86989	16.9259	6.29781	8.10741	13.9952	17.0749
XLOC_016118	1.09832	0.813734	6.2751	0	0	0	0.858736	0	0	1.1582	0.777513	0
XLOC_016120	19.7698	14.6472	17.9288	1.19246	4.90664	5.63571	12.881	31.8605	28.9699	0	6.2201	5.69163
XLOC_016121	41.7363	43.9416	48.4079	27.4266	43.1784	18.0343	79.0037	59.7384	56.6803	23.164	27.9905	32.0154
XLOC_016125	0	0	0	1.19246	0.981327	1.12714	0	0	0	0	6.2201	0
XLOC_016147	0	1.62747	0.896442	14.3095	0.981327	4.50856	0	0	0	2.3164	0.777513	0
XLOC_016157	4.39329	10.5785	3.58577	10.7322	1.96265	1.12714	3.43495	8.96075	7.55738	18.5312	10.1077	24.9009
XLOC_016170	74.686	51.2653	55.5794	78.7024	65.7489	96.9341	50.6654	53.7645	44.0847	39.3788	54.4259	51.2247
XLOC_016184	65.8994	57.7751	77.9905	66.7778	49.0664	52.9756	36.0669	42.8125	57.9399	86.8651	61.4235	54.0705
XLOC_016194	2.19665	0	0.896442	0	0	0	1.71747	0	0	0	1.55503	0
XLOC_016198	23.0648	48.0103	39.4435	38.1588	49.0664	55.2299	64.4052	46.7951	39.0464	61.3847	66.0886	61.8965
XLOC_016200	0	6.50987	5.37865	0	0	0	0.858736	0	1.25956	2.3164	0.777513	0.711454
XLOC_016217	1.09832	2.4412	1.79288	0	0	0	34.3495	53.7645	23.9317	0	0	0
XLOC_016218	8.78659	17.0884	8.06798	21.4643	24.5332	30.4328	9.4461	7.96512	10.0765	6.94921	9.33015	16.3634
XLOC_016222	36.2447	48.8241	45.7186	144.288	89.3008	117.223	60.1115	71.686	62.9781	46.328	53.6484	53.359
XLOC_016226	0	0.813734	0	0	0.981327	0	0	0	0	9.26561	0	2.13436
XLOC_016229	7.68826	6.50987	4.48221	7.15477	0.981327	2.25428	28.3383	24.891	11.3361	3.4746	6.99761	5.69163
XLOC_016230	7.68826	11.3923	8.96442	11.9246	5.88796	10.1443	43.7956	26.8823	39.0464	5.79101	3.88756	4.26872
XLOC_016231	14.2782	21.1571	4.48221	2.38492	4.90664	2.25428	21.4684	21.9041	10.0765	2.3164	1.55503	7.11454
XLOC_016233	18.6715	33.3631	31.3755	14.3095	7.85062	15.78	15.4573	21.9041	16.3743	13.8984	20.2153	12.0947
XLOC_016234	8.78659	15.4609	17.9288	2.38492	1.96265	7.88999	35.2082	23.8953	21.4126	3.4746	3.88756	1.42291
XLOC_016251	14.2782	17.0884	28.6862	23.8492	36.3091	30.4328	58.3941	72.6817	60.459	40.537	41.9857	26.3238
XLOC_016268	296.547	193.669	277.897	253.994	268.884	249.098	323.744	259.862	311.112	152.883	114.294	180.709
XLOC_016270	42.8346	48.8241	52.8901	25.0417	42.1971	22.5428	65.264	83.6337	65.4973	45.1698	42.7632	44.1101
XLOC_016273	25.2614	30.1082	32.2719	32.1965	28.4585	22.5428	18.0335	12.9433	23.9317	24.3222	37.3206	48.3789
XLOC_016277	82.3742	63.4713	62.751	44.1211	43.1784	37.1957	77.2863	81.6424	57.9399	23.164	34.2106	23.478
XLOC_016304	4.39329	8.13734	2.68933	38.1588	37.2904	30.4328	44.6543	17.9215	17.6339	91.4979	94.079	86.0859
XLOC_016317	0	0	0	0	0	1.12714	0	9.95639	0	5.79101	3.88756	1.42291
XLOC_016342	13.1799	12.206	14.3431	5.96231	4.90664	10.1443	9.4461	6.96948	3.77869	4.6328	3.88756	7.11454
XLOC_016344	18.6715	26.8532	18.8253	1.19246	6.86929	10.1443	2.57621	2.98692	11.3361	3.4746	6.2201	2.13436
XLOC_016393	98.8491	110.668	114.745	186.024	151.124	181.47	116.788	108.525	156.186	66.0175	107.297	106.007
XLOC_016404	3.29497	15.4609	8.96442	0	0	0	0	0.995639	0	0	0	0
XLOC_016406	29.6547	12.206	13.4466	38.1588	35.3278	45.0856	21.4684	42.8125	34.0082	34.746	28.768	37.707
XLOC_016438	475.574	733.988	644.542	183.639	193.321	207.394	182.911	184.193	163.743	215.425	206.041	164.346
XLOC_016462	0	0	0	0	0	0	2.57621	1.99128	0	5.79101	1.55503	2.13436
XLOC_016475	5.49162	24.412	19.7217	3.57738	21.5892	4.50856	30.9145	22.8997	27.7104	13.8984	11.6627	17.0749
XLOC_016495	24.1631	19.5296	25.9968	34.5814	37.2904	31.56	10.3048	10.952	12.5956	28.955	20.9928	14.9405
XLOC_016498	297.646	225.404	228.593	27.4266	34.3464	27.0514	203.521	173.241	123.437	18.5312	15.5503	31.304
XLOC_016499	110.931	123.688	88.7478	7.15477	8.83194	4.50856	54.1004	90.6032	50.3825	6.94921	4.66508	4.98018
XLOC_016523	4.39329	0	0	2.38492	6.86929	0	0	0	0	1.1582	0.777513	0
XLOC_016535	30.7531	48.8241	34.0648	34.5814	25.5145	32.6871	14.5985	32.8561	27.7104	6.94921	14.7727	28.4582
XLOC_016565	42.8346	38.2455	60.0616	59.6231	53.973	39.4499	49.8067	23.8953	39.0464	77.5995	86.3039	94.6234
XLOC_016566	2.19665	0.813734	0.896442	0	0	0	7.72863	1.99128	0	0	0.777513	4.26872
XLOC_016569	95.5541	123.688	112.952	131.171	159.956	163.435	138.257	137.398	152.407	206.16	149.282	159.366
XLOC_016580	40.638	27.667	16.136	8.34723	17.6639	9.01713	28.3383	26.8823	20.153	19.6894	13.2177	24.9009
XLOC_016581	47.2279	21.9708	28.6862	41.7361	47.1037	37.1957	37.7844	28.8735	18.8934	48.6444	52.8709	43.3987
XLOC_016589	2.19665	4.06867	4.48221	0	0	0	2.57621	0.995639	0	9.26561	9.33015	4.98018
XLOC_016592	0	0	0	0	0	0	0	0	0	9.26561	0	0.711454
XLOC_016596	21.9665	13.8335	17.0324	54.8532	31.4025	57.4842	18.0335	19.9128	28.9699	30.1132	31.878	29.1696
XLOC_016602	8.78659	11.3923	22.4111	2.38492	10.7946	9.01713	25.7621	17.9215	23.9317	20.8476	18.6603	17.0749
XLOC_016606	72.4893	70.7949	75.3012	39.3512	48.085	36.0685	79.0037	78.6555	75.5738	53.2773	45.8732	43.3987
XLOC_016627	10.9832	21.1571	23.3075	33.3889	23.5518	19.1614	50.6654	25.8866	49.1229	34.746	23.3254	19.9207
XLOC_016639	41.7363	34.1768	40.3399	10.7322	20.6079	12.3986	60.1115	58.7427	35.2678	39.3788	20.2153	37.707
XLOC_016677	687.55	614.369	535.176	265.919	225.705	209.648	151.138	151.337	149.888	229.324	202.153	222.685
XLOC_016678	334.989	227.846	277.001	100.167	131.498	104.824	63.5465	56.7514	81.8716	173.73	88.6364	115.256
XLOC_016697	0	0	0	2.38492	0	1.12714	2.57621	0.995639	1.25956	0	0	7.11454
XLOC_016717	15.3765	42.3142	48.4079	20.2718	28.4585	27.0514	68.6989	43.8081	61.7186	46.328	56.7584	83.9515
XLOC_016725	38.4413	21.9708	29.5826	3.57738	8.83194	5.63571	13.7398	12.9433	7.55738	11.582	8.55264	20.6322
XLOC_016750	4.39329	4.88241	8.06798	17.8869	9.81327	28.1785	9.4461	3.98256	5.03825	5.79101	4.66508	6.40308
XLOC_016759	8.78659	10.5785	10.7573	2.38492	0.981327	5.63571	12.0223	15.9302	15.1148	2.3164	2.33254	3.55727
XLOC_016761	16.4748	12.206	17.0324	3.57738	0.981327	10.1443	17.1747	14.9346	11.3361	2.3164	3.11005	4.98018
XLOC_016769	28.5564	61.8438	48.4079	53.6608	60.8423	39.4499	85.8736	56.7514	98.2459	67.1757	53.6484	77.5485
XLOC_016771	14.2782	18.7159	12.5502	15.502	4.90664	5.63571	1.71747	4.9782	6.29781	1.1582	8.55264	17.0749
XLOC_016772	1.09832	0.813734	0	7.15477	2.94398	21.4157	0	5.97384	0	0	0	0
XLOC_016777	13.1799	51.2653	57.3723	13.1171	58.8796	18.0343	41.2193	29.8692	59.1994	33.5878	55.2034	73.9912
XLOC_016786	1.09832	0	0	0	0.981327	0	0	0	0	2.3164	6.2201	2.13436
XLOC_016787	2.19665	1.62747	2.68933	11.9246	16.6826	7.88999	22.3271	20.9084	22.6721	5.79101	8.55264	7.11454
XLOC_016790	2.19665	3.25494	2.68933	9.53969	12.7573	16.9071	20.6097	22.8997	20.153	10.4238	18.6603	14.2291
XLOC_016795	2.19665	1.62747	1.79288	10.7322	7.85062	5.63571	26.6208	18.9171	40.306	13.8984	13.9952	14.9405
XLOC_016802	24.1631	17.0884	24.2039	5.96231	13.7386	19.1614	35.2082	20.9084	44.0847	37.0624	31.1005	51.2247
XLOC_016804	2.19665	0.813734	0	0	1.96265	10.1443	0.858736	0	1.25956	0	0	0
XLOC_016806	190.01	244.934	240.247	146.673	155.05	204.013	354.658	347.478	289.699	222.375	143.062	143.002
XLOC_016814	12.0816	21.1571	34.0648	5.96231	11.7759	22.5428	22.3271	24.891	22.6721	8.10741	10.1077	7.11454
XLOC_016821	237.238	265.277	236.661	75.1251	62.8049	66.5013	187.205	208.089	185.156	110.029	131.4	137.311
XLOC_016829	7.68826	11.3923	5.37865	2.38492	0.981327	5.63571	0.858736	1.99128	7.55738	11.582	7.77513	7.82599
XLOC_016832	27.4581	22.7846	25.9968	5.96231	2.94398	6.76285	23.1859	22.8997	17.6339	1.1582	6.2201	8.53745
XLOC_016838	459.099	419.887	278.794	19.0794	33.3651	32.6871	127.952	141.381	107.063	38.2206	29.5455	39.8414
XLOC_016839	5.49162	14.6472	8.06798	3.57738	1.96265	1.12714	1.71747	0	1.25956	0	0	0
XLOC_016846	7.68826	13.8335	12.5502	2.38492	6.86929	10.1443	19.7509	8.96075	27.7104	4.6328	17.8828	15.652
XLOC_016849	20.8681	26.0395	27.7897	19.0794	26.4958	12.3986	36.9257	40.8212	47.8634	48.6444	47.4283	39.8414
XLOC_016858	92.2592	69.1674	76.1976	9.53969	16.6826	24.7971	68.6989	74.673	37.7869	17.373	24.8804	14.9405
XLOC_016869	35.1463	35.8043	38.547	79.8949	65.7489	65.3742	60.9703	34.8474	37.7869	28.955	58.3135	48.3789
XLOC_016893	97.7508	52.079	42.1328	51.2758	47.1037	42.8314	27.4796	40.8212	34.0082	44.0116	35.7656	28.4582
XLOC_016896	9.88491	17.0884	12.5502	8.34723	15.7012	3.38142	25.7621	31.8605	17.6339	25.4804	31.878	36.2841
XLOC_016897	32.9497	33.3631	17.0324	4.76984	2.94398	2.25428	39.5019	26.8823	20.153	13.8984	13.9952	7.82599
XLOC_016918	98.8491	64.285	76.1976	70.3552	59.8609	87.917	117.647	131.424	81.8716	55.5937	61.4235	44.8216
XLOC_016954	214.173	241.679	237.557	113.284	84.3941	77.7727	170.03	202.115	204.049	138.984	122.069	177.152
XLOC_016966	1.09832	0	0	0	0	0	13.7398	24.891	12.5956	0	0	0
XLOC_016967	5.49162	4.06867	4.48221	0	0	0	8.58736	9.95639	2.51913	0	0	0
XLOC_016968	3.29497	1.62747	2.68933	0	1.96265	0	9.4461	7.96512	7.55738	0	0	0
XLOC_016972	4.39329	9.76481	5.37865	17.8869	22.5705	24.7971	6.01115	3.98256	11.3361	8.10741	10.8852	22.0551
XLOC_017026	5.49162	3.25494	3.58577	0	0	0	8.58736	0	2.51913	0	0	2.13436
XLOC_017053	2496.49	2498.98	2721.6	3608.39	3515.11	3348.74	3644.48	3474.78	3461.28	3131.78	2657.54	2680.05
XLOC_017058	135.094	148.913	125.502	13.1171	21.5892	31.56	126.234	119.477	99.5054	18.5312	13.2177	18.4978
XLOC_017070	36.2447	13.0197	15.2395	8.34723	3.92531	3.38142	12.881	15.9302	15.1148	8.10741	5.44259	7.11454
XLOC_017072	19.7698	57.7751	60.0616	28.6191	40.2344	33.8142	79.0037	54.7602	68.0164	33.5878	40.4307	74.7026
XLOC_017074	195.502	137.521	164.049	144.288	118.741	138.638	229.283	213.067	141.071	98.4471	107.297	103.161
XLOC_017109	74.686	33.3631	42.1328	41.7361	33.3651	25.9242	47.2305	47.7907	44.0847	78.7577	48.2058	51.2247
XLOC_017112	18.6715	15.4609	13.4466	19.0794	15.7012	22.5428	25.7621	24.891	16.3743	57.9101	48.2058	37.707
XLOC_017114	36.2447	44.7554	43.9257	44.1211	38.2718	45.0856	37.7844	41.8169	35.2678	104.238	58.3135	79.6828
XLOC_017129	68.096	45.5691	54.683	54.8532	22.5705	36.0685	63.5465	58.7427	62.9781	35.9042	23.3254	27.7467
XLOC_017149	8.78659	18.7159	26.8933	15.502	14.7199	9.01713	32.632	34.8474	32.7486	26.6386	14.7727	14.9405
XLOC_017150	35.1463	22.7846	35.8577	31.004	27.4772	20.2885	47.2305	51.7732	59.1994	17.373	29.5455	22.7665
XLOC_017194	13.1799	11.3923	15.2395	13.1171	11.7759	5.63571	15.4573	14.9346	15.1148	3.4746	9.33015	5.69163
XLOC_017195	775.416	842.215	865.963	843.07	645.713	582.732	1317.3	997.631	1041.66	552.462	543.481	558.491
XLOC_017196	86.7675	56.1477	61.8545	90.6271	106.965	99.1884	65.264	50.7776	61.7186	86.8651	71.5312	60.4736
XLOC_017200	35.1463	33.3631	49.3043	25.0417	22.5705	25.9242	30.9145	23.8953	32.7486	53.2773	45.8732	41.2643
XLOC_017201	12.0816	25.2258	25.9968	32.1965	42.1971	40.5771	24.9034	20.9084	20.153	53.2773	38.0981	32.7269
XLOC_017241	10.9832	11.3923	15.2395	2.38492	1.96265	2.25428	26.6208	20.9084	13.8552	4.6328	2.33254	0.711454
XLOC_017242	25.2614	35.8043	38.547	20.2718	23.5518	18.0343	90.1673	45.7994	66.7568	24.3222	14.7727	22.7665
XLOC_017246	63.7027	52.079	42.1328	10.7322	9.81327	12.3986	30.0558	49.782	23.9317	12.7402	16.3278	11.3833
XLOC_017248	3.29497	1.62747	16.136	0	0	0	8.58736	6.96948	12.5956	1.1582	2.33254	0.711454
XLOC_017258	15.3765	13.8335	9.86087	16.6945	18.6452	22.5428	15.4573	13.939	6.29781	11.582	16.3278	28.4582
XLOC_017274	176.83	323.052	305.687	213.451	247.294	185.978	258.48	234.971	292.219	368.308	291.567	349.324
XLOC_017277	32.9497	50.4515	52.8901	38.1588	44.1597	38.3228	65.264	31.8605	47.8634	90.3397	47.4283	71.8568
XLOC_017288	296.547	324.68	426.707	261.149	222.761	264.878	937.74	1022.52	782.188	544.355	297.01	318.02
XLOC_017312	99.9474	96.0206	105.78	78.7024	96.17	77.7727	242.164	227.006	209.087	130.877	102.632	121.659
XLOC_017313	56.0145	37.4318	32.2719	25.0417	26.4958	25.9242	42.9368	57.7471	41.5656	26.6386	21.7704	27.7467
XLOC_017318	37.343	64.285	50.2008	20.2718	27.4772	29.3057	116.788	51.7732	80.612	22.0058	17.1053	32.0154
XLOC_017324	235.041	200.179	195.424	141.903	119.722	107.078	255.903	251.897	248.134	186.47	114.294	119.524
XLOC_017327	1.09832	1.62747	2.68933	0	0	0	1.71747	0	12.5956	0	0	0
XLOC_017331	35.1463	14.6472	9.86087	17.8869	11.7759	15.78	40.3606	27.8779	18.8934	10.4238	10.8852	9.96035
XLOC_017344	123.012	95.2069	94.1265	125.208	105.002	112.714	68.6989	95.5814	60.459	84.5487	92.524	96.7577
XLOC_017361	149.372	161.933	133.57	95.3969	136.404	101.443	145.985	115.494	146.109	167.939	165.61	179.286
XLOC_017376	36.2447	36.618	33.1684	16.6945	24.5332	27.0514	11.1636	12.9433	8.81694	35.9042	19.4378	19.9207
XLOC_017384	6.58994	5.69614	6.2751	14.3095	11.7759	6.76285	18.8922	20.9084	8.81694	6.94921	3.88756	6.40308
XLOC_017386	52.7195	34.1768	41.2364	34.5814	52.0103	43.9585	46.3718	61.7296	55.4208	28.955	25.6579	16.3634
XLOC_017396	66.9977	65.9125	53.7865	29.8115	39.2531	31.56	36.0669	36.8387	50.3825	75.2831	44.3182	46.2445
XLOC_017399	1469.56	1659.2	1670.97	1487	1691.81	1281.56	2658.65	1889.72	2065.68	1999.06	1592.35	1762.98
XLOC_017401	73.5877	93.5794	121.02	41.7361	55.9356	25.9242	112.494	101.555	78.0929	46.328	34.2106	49.8018
XLOC_017418	168.043	146.472	131.777	98.9743	109.909	98.0613	119.364	173.241	167.522	155.199	147.727	143.002
XLOC_017423	14.2782	21.9708	17.0324	28.6191	21.5892	16.9071	18.0335	9.95639	13.8552	23.164	30.323	27.7467
XLOC_017445	24.1631	40.6867	55.5794	38.1588	48.085	30.4328	63.5465	53.7645	70.5355	82.2323	84.7489	98.1806
XLOC_017464	31.8514	23.5983	17.9288	42.9286	34.3464	34.9414	25.7621	36.8387	30.2295	24.3222	50.5383	46.2445
XLOC_017467	23.0648	47.1966	62.751	41.7361	57.8983	34.9414	72.1338	73.6773	74.3142	104.238	44.3182	73.2797
XLOC_017468	107.636	82.1872	68.1296	147.865	93.2261	151.037	106.483	90.6032	80.612	82.2323	95.6341	72.5683
XLOC_017471	247.123	213.198	198.114	348.199	346.408	473.399	275.654	381.33	255.691	302.29	306.34	244.029
XLOC_017473	107.636	153.796	168.531	108.514	107.946	103.697	193.216	199.128	181.377	147.092	131.4	147.271
XLOC_017480	49.4245	32.5494	44.8221	16.6945	10.7946	12.3986	60.1115	73.6773	59.1994	20.8476	10.1077	9.96035
XLOC_017483	25.2614	26.0395	25.9968	53.6608	39.2531	50.7213	17.1747	33.8517	16.3743	41.6952	19.4378	32.0154
XLOC_017486	303.137	232.728	294.93	313.617	355.24	337.015	283.383	255.879	292.219	564.044	455.622	472.405
XLOC_017487	179.027	142.403	145.224	238.492	255.145	222.047	197.509	169.259	172.56	465.597	348.326	337.941
XLOC_017489	1.09832	33.3631	28.6862	13.1171	30.4211	16.9071	33.4907	10.952	22.6721	25.4804	40.4307	83.9515
XLOC_017490	6.58994	7.32361	4.48221	5.96231	6.86929	9.01713	8.58736	2.98692	12.5956	11.582	12.4402	9.96035
XLOC_017492	62.6044	66.7262	61.8545	91.8195	94.2074	105.951	64.4052	39.8256	85.6503	97.2889	106.519	108.852
XLOC_017493	32.9497	19.5296	17.0324	31.004	33.3651	29.3057	14.5985	11.9477	10.0765	37.0624	37.3206	32.0154
XLOC_017514	34.048	33.3631	35.8577	28.6191	37.2904	25.9242	87.5911	38.8299	65.4973	13.8984	18.6603	19.2093
XLOC_017516	79.0793	57.7751	59.1652	50.0834	35.3278	58.6113	40.3606	57.7471	50.3825	32.4296	34.2106	31.304
XLOC_017519	42.8346	30.1082	15.2395	122.824	94.2074	123.986	80.7212	65.7122	51.6421	93.8143	94.8565	96.0463
XLOC_017520	45.0313	21.1571	30.479	19.0794	31.4025	16.9071	25.7621	37.8343	35.2678	5.79101	12.4402	7.82599
XLOC_017526	29.6547	33.3631	35.8577	33.3889	13.7386	32.6871	21.4684	22.8997	25.1913	25.4804	47.4283	46.2445
XLOC_017527	975.311	919.52	824.727	490.102	457.298	525.248	893.944	956.809	799.822	765.571	572.249	715.722
XLOC_017543	127.405	97.6481	99.5051	169.329	127.573	163.435	134.822	146.359	83.1311	91.4979	101.854	78.2599
XLOC_017586	0	0.813734	1.79288	1.19246	1.96265	1.12714	0	0	0	2.3164	4.66508	2.84582
XLOC_017594	26.3598	68.3537	36.7541	36.9663	30.4211	31.56	51.5242	37.8343	57.9399	23.164	23.3254	32.0154
XLOC_017608	218.566	199.365	206.182	222.99	225.705	250.225	143.409	205.102	168.781	172.572	187.381	169.326
XLOC_017650	37.343	34.1768	31.3755	60.8155	81.4501	45.0856	36.9257	42.8125	26.4508	32.4296	38.8756	39.13
XLOC_017657	0	0	0	0	0	0	1.71747	1.99128	2.51913	4.6328	6.99761	4.26872
XLOC_017661	14.2782	5.69614	11.6538	25.0417	21.5892	38.3228	14.5985	11.9477	11.3361	15.0566	6.2201	12.8062
XLOC_017671	2.19665	4.88241	3.58577	9.53969	6.86929	5.63571	1.71747	0	0	2.3164	4.66508	6.40308
XLOC_017673	42.8346	26.0395	31.3755	35.7738	49.0664	39.4499	19.7509	15.9302	27.7104	49.8026	41.9857	32.7269
XLOC_017681	0	0	0	10.7322	0	3.38142	0	0	1.25956	2.3164	0.777513	0
XLOC_017684	1259.78	1103.42	855.206	162.175	155.05	146.528	1311.29	1293.34	1054.25	255.962	231.699	281.736
XLOC_017709	38.4413	60.2163	51.0972	29.8115	33.3651	36.0685	36.9257	33.8517	47.8634	20.8476	34.2106	25.6123
XLOC_017712	0	0	0	0	0.981327	2.25428	0	0	0	0	0	5.69163
XLOC_017744	75.7843	48.0103	42.1328	202.718	199.209	240.081	155.431	199.128	147.369	289.55	207.596	193.515
XLOC_017776	20.8681	33.3631	39.4435	29.8115	36.3091	21.4157	27.4796	12.9433	25.1913	49.8026	45.0957	64.0308
XLOC_017779	197.698	138.335	122.813	8.34723	10.7946	13.5257	21.4684	41.8169	16.3743	12.7402	5.44259	4.98018
XLOC_017802	2.19665	0.813734	0.896442	1.19246	1.96265	0	6.86989	1.99128	0	0	0	0
XLOC_017815	2.19665	0.813734	0	1.19246	0	1.12714	0	0	0	0	2.33254	0.711454
XLOC_017820	23.0648	18.7159	15.2395	13.1171	13.7386	5.63571	16.316	19.9128	15.1148	13.8984	13.2177	12.8062
XLOC_017855	99.9474	135.894	112.055	141.903	109.909	113.841	219.836	182.202	193.973	191.103	118.959	115.967
XLOC_017857	1088.44	1251.52	1280.12	1543.04	1471.01	1406.67	1436.67	1342.12	1405.67	1763.94	1675.54	1630.65
XLOC_017860	23.0648	30.9219	39.4435	9.53969	20.6079	24.7971	33.4907	40.8212	40.306	16.2148	41.2082	47.6674
XLOC_017864	277.876	334.445	298.515	190.794	210.004	164.563	564.19	330.552	429.511	399.579	426.077	373.513
XLOC_017895	71.391	70.7949	77.0941	67.9703	57.8983	74.3913	39.5019	47.7907	39.0464	52.1191	66.8661	91.7775
XLOC_017897	211.976	191.228	140.741	5.96231	4.90664	5.63571	90.1673	85.625	45.3443	0	1.55503	0.711454
XLOC_017929	1.09832	0	0.896442	0	0.981327	2.25428	8.58736	0	0	0	0	0
XLOC_017939	10.9832	12.206	20.6182	27.4266	17.6639	28.1785	11.1636	14.9346	17.6339	5.79101	10.1077	9.2489
XLOC_017954	45.0313	50.4515	55.5794	38.1588	47.1037	43.9585	70.4164	67.7035	64.2377	68.3339	84.7489	91.0661
XLOC_017961	638.126	549.271	561.173	779.87	632.956	734.896	682.695	823.394	692.759	371.783	570.694	489.48
XLOC_017968	12.0816	18.7159	19.7217	2.38492	5.88796	9.01713	14.5985	13.939	17.6339	18.5312	18.6603	8.53745
XLOC_017979	0	0	0	0	0	1.12714	0	0	0	10.4238	3.11005	0
XLOC_017983	1060.98	850.352	756.597	739.326	563.282	810.414	943.751	883.132	707.874	447.066	576.914	475.251
XLOC_017996	12.0816	21.1571	25.1004	29.8115	42.1971	19.1614	18.8922	21.9041	55.4208	27.7968	27.2129	64.7423
XLOC_018005	71.391	100.903	76.1976	21.4643	15.7012	15.78	90.1673	96.577	55.4208	31.2714	32.6555	25.6123
XLOC_018014	21.9665	18.7159	25.9968	10.7322	9.81327	7.88999	11.1636	13.939	8.81694	3.4746	7.77513	2.84582
XLOC_018015	30.7531	44.7554	33.1684	29.8115	25.5145	14.6528	27.4796	23.8953	18.8934	11.582	10.1077	9.96035
XLOC_018036	1451.98	1618.52	1684.42	1711.18	1975.41	1876.69	2194.07	2176.47	2070.72	1952.73	1818.6	1869.7
XLOC_018039	253.713	318.17	326.305	175.292	227.668	157.8	265.35	257.871	312.372	229.324	156.28	229.8
XLOC_018098	17.5732	29.2944	15.2395	135.941	137.386	113.841	85.0149	57.7471	91.9481	177.205	159.39	157.231
XLOC_018100	84.5709	133.452	129.088	51.2758	61.8236	56.3571	221.554	128.437	191.454	66.0175	115.072	168.615
XLOC_018118	10.9832	1.62747	0.896442	10.7322	2.94398	5.63571	12.881	8.96075	3.77869	2.3164	3.11005	2.13436
XLOC_018120	8.78659	7.32361	0.896442	16.6945	0.981327	9.01713	6.01115	6.96948	1.25956	5.79101	3.88756	7.82599
XLOC_018162	99.9474	118.805	106.677	27.4266	24.5332	34.9414	139.974	135.407	100.765	41.6952	52.0933	36.9956
XLOC_018163	60.4078	103.344	83.3691	50.0834	52.0103	39.4499	108.201	101.555	120.918	69.4921	61.4235	56.2048
XLOC_018164	91.1608	91.1382	86.0585	23.8492	17.6639	33.8142	153.714	153.328	146.109	32.4296	18.6603	16.3634
XLOC_018166	3.29497	5.69614	2.68933	0	0	0	0	0.995639	0	0	0	0.711454
XLOC_018179	2.19665	1.62747	1.79288	0	0	0	4.29368	0	8.81694	1.1582	1.55503	0
XLOC_018185	3.29497	0	7.17154	4.76984	0.981327	6.76285	0	0	0	1.1582	0	0
XLOC_018186	53.8178	145.658	114.745	64.3929	111.871	58.6113	97.8959	55.7558	117.139	170.256	131.4	209.167
XLOC_018187	40.638	44.7554	34.0648	98.9743	104.021	109.333	46.3718	26.8823	34.0082	127.402	87.0814	106.007
XLOC_018194	23.0648	37.4318	37.6506	22.6568	19.6265	20.2885	100.472	97.5727	91.9481	39.3788	18.6603	22.7665
XLOC_018197	7.68826	19.5296	15.2395	11.9246	12.7573	3.38142	21.4684	18.9171	25.1913	5.79101	7.77513	4.26872
XLOC_018201	787.498	645.291	604.202	1094.68	888.101	1057.26	832.974	994.644	836.35	795.684	733.972	660.229
XLOC_018241	109.832	88.697	60.0616	3.57738	2.94398	4.50856	61.829	66.7078	32.7486	8.10741	2.33254	4.26872
XLOC_018247	162.552	125.315	144.327	177.677	131.498	208.521	115.929	130.429	115.88	127.402	126.735	94.6234
XLOC_018260	36.2447	25.2258	26.8933	3.57738	10.7946	4.50856	17.1747	10.952	15.1148	20.8476	15.5503	23.478
XLOC_018273	93.3575	91.952	74.4047	11.9246	24.5332	36.0685	88.4498	92.5945	76.8333	33.5878	52.0933	41.2643
XLOC_018278	59.3095	27.667	41.2364	32.1965	31.4025	40.5771	22.3271	27.8779	35.2678	25.4804	16.3278	24.9009
XLOC_018284	23.0648	31.7356	24.2039	7.15477	5.88796	3.38142	20.6097	27.8779	11.3361	0	0.777513	2.13436
XLOC_018285	41.7363	48.8241	28.6862	2.38492	3.92531	0	21.4684	13.939	7.55738	1.1582	7.77513	2.13436
XLOC_018287	46.1296	39.0592	33.1684	14.3095	9.81327	7.88999	42.9368	43.8081	20.153	3.4746	3.88756	2.84582
XLOC_018290	3.29497	0	2.68933	2.38492	0.981327	1.12714	9.4461	6.96948	7.55738	0	0	0
XLOC_018291	6.58994	19.5296	13.4466	5.96231	1.96265	6.76285	52.3829	41.8169	59.1994	0	3.11005	2.13436
XLOC_018292	140.585	127.756	216.043	140.71	96.17	201.758	752.253	847.289	673.866	60.2265	48.2058	46.9559
XLOC_018312	124.111	107.413	117.434	79.8949	126.591	121.731	188.063	162.289	168.781	85.7069	128.29	106.007
XLOC_018313	53.8178	65.9125	43.9257	69.1628	82.4315	52.9756	40.3606	17.9215	25.1913	112.346	84.7489	76.1256
XLOC_018323	27.4581	18.7159	36.7541	32.1965	23.5518	32.6871	18.0335	18.9171	32.7486	28.955	41.9857	55.4934
XLOC_018325	6.58994	8.95108	1.79288	4.76984	10.7946	2.25428	0	0.995639	2.51913	31.2714	13.9952	24.1894
XLOC_018331	75.7843	69.1674	69.9225	54.8532	61.8236	58.6113	48.0892	37.8343	54.1612	32.4296	36.5431	51.9361
XLOC_018357	18.6715	13.8335	25.1004	10.7322	6.86929	37.1957	58.3941	33.8517	27.7104	0	6.2201	1.42291
XLOC_018358	5.49162	4.88241	9.86087	5.96231	0.981327	4.50856	8.58736	10.952	6.29781	0	0	0
XLOC_018360	4.39329	0.813734	1.79288	0	0.981327	0	8.58736	0.995639	1.25956	0	0	0
XLOC_018371	0	0.813734	2.68933	0	0	0	1.71747	6.96948	7.55738	1.1582	2.33254	1.42291
XLOC_018372	16.4748	19.5296	18.8253	14.3095	11.7759	14.6528	102.19	84.6293	68.0164	12.7402	3.88756	4.98018
XLOC_018374	187.813	266.091	207.975	222.99	247.294	267.132	186.346	188.176	182.637	356.726	262.799	325.134
XLOC_018382	26.3598	27.667	31.3755	28.6191	28.4585	38.3228	62.6878	71.686	42.8251	30.1132	32.6555	18.4978
XLOC_018389	21.9665	37.4318	33.1684	10.7322	20.6079	23.67	59.2528	53.7645	47.8634	10.4238	8.55264	21.3436
XLOC_018392	104.341	101.717	162.256	118.054	112.853	77.7727	96.1785	65.7122	76.8333	133.193	118.182	166.48
XLOC_018410	64.8011	56.1477	40.3399	17.8869	18.6452	14.6528	70.4164	85.625	61.7186	26.6386	34.9881	24.1894
XLOC_018411	963.229	814.548	810.384	326.734	332.67	412.534	597.68	586.432	605.85	800.317	536.484	670.901
XLOC_018419	102.144	102.531	121.02	195.564	190.377	229.937	143.409	195.145	130.995	181.838	113.517	93.9119
XLOC_018420	150.47	121.246	133.57	181.254	180.564	192.741	156.29	179.215	152.407	115.82	124.402	91.7775
XLOC_018421	283.367	205.875	217.836	367.278	294.398	395.627	290.253	321.592	284.661	207.318	245.694	216.993
XLOC_018434	36.2447	54.5202	63.6474	20.2718	37.2904	25.9242	50.6654	65.7122	78.0929	32.4296	27.9905	23.478
XLOC_018441	182.322	166.002	154.188	146.673	140.33	145.401	170.03	152.333	156.186	217.742	231.699	251.143
XLOC_018449	88.9642	77.3047	72.6118	82.2798	59.8609	51.8485	45.513	63.7209	61.7186	53.2773	51.3158	45.533
XLOC_018459	90.0625	48.0103	71.7154	145.48	79.4875	151.037	62.6878	81.6424	119.658	60.2265	83.9714	73.2797
XLOC_018469	62.6044	47.1966	37.6506	22.6568	37.2904	40.5771	25.7621	45.7994	28.9699	63.7011	55.9809	51.9361
XLOC_018474	13.1799	12.206	17.9288	17.8869	25.5145	20.2885	8.58736	11.9477	16.3743	11.582	9.33015	14.9405
XLOC_018487	9.88491	21.1571	43.9257	3.57738	10.7946	13.5257	24.0446	5.97384	21.4126	27.7968	15.5503	36.2841
XLOC_018488	104.341	77.3047	69.0261	29.8115	38.2718	34.9414	82.4387	61.7296	86.9098	47.4862	48.2058	51.9361
XLOC_018491	230.648	204.247	195.424	0	0.981327	1.12714	6.01115	4.9782	0	0	0	0
XLOC_018492	107.636	69.1674	81.5763	0	0.981327	0	1.71747	0	0	0	0	0
XLOC_018493	98.8491	95.2069	79.7834	0	0	0	0	0.995639	0	0	0	0
XLOC_018504	453.607	336.072	364.852	231.337	150.143	300.947	533.275	574.484	508.863	173.73	181.16	179.286
XLOC_018515	85.6692	133.452	113.848	88.2421	101.077	83.4084	194.074	110.516	133.514	207.318	87.0814	119.524
XLOC_018523	7.68826	8.95108	9.86087	11.9246	1.96265	11.2714	30.9145	25.8866	45.3443	5.79101	3.88756	9.2489
XLOC_018524	86.7675	57.7751	77.9905	73.9326	45.141	90.1713	169.171	138.394	152.407	63.7011	45.8732	47.6674
XLOC_018547	48.3262	64.285	53.7865	84.6647	75.5622	120.604	58.3941	99.5639	79.3524	55.5937	57.5359	61.8965
XLOC_018556	5.49162	9.76481	12.5502	8.34723	15.7012	13.5257	13.7398	14.9346	8.81694	32.4296	12.4402	41.9758
XLOC_018561	1215.84	1313.37	1147.45	393.512	378.792	440.712	2340.92	1930.54	1861.63	774.837	729.307	681.573
XLOC_018568	24.1631	23.5983	13.4466	28.6191	17.6639	19.1614	10.3048	6.96948	5.03825	25.4804	27.2129	22.0551
XLOC_018569	2.19665	8.13734	8.96442	3.57738	3.92531	3.38142	0	0	0	1.1582	3.88756	2.84582
XLOC_018570	4.39329	4.06867	2.68933	0	1.96265	1.12714	18.8922	16.9259	5.03825	3.4746	4.66508	3.55727
XLOC_018590	35.1463	45.5691	51.0972	33.3889	22.5705	49.5942	79.8625	53.7645	81.8716	33.5878	29.5455	32.7269
XLOC_018599	129.602	122.06	111.159	299.308	185.471	306.582	167.454	194.15	170.041	98.4471	126.735	131.619
XLOC_018608	0	9.76481	0.896442	14.3095	8.83194	16.9071	6.86989	6.96948	8.81694	3.4746	3.88756	1.42291
XLOC_018609	7.68826	20.3434	15.2395	1.19246	6.86929	5.63571	52.3829	26.8823	30.2295	4.6328	4.66508	5.69163
XLOC_018611	36.2447	46.3828	35.8577	93.012	74.5809	87.917	54.1004	84.6293	57.9399	41.6952	54.4259	56.9163
XLOC_018618	12.0816	13.8335	25.1004	15.502	13.7386	21.4157	16.316	18.9171	20.153	48.6444	34.2106	57.6278
XLOC_018626	6.58994	38.2455	33.1684	14.3095	17.6639	14.6528	36.9257	29.8692	56.6803	40.537	14.7727	23.478
XLOC_018665	27.4581	43.1279	33.1684	32.1965	35.3278	40.5771	50.6654	46.7951	49.1229	98.4471	53.6484	70.4339
XLOC_018682	1131.27	1071.69	975.329	548.532	543.655	500.451	519.535	465.959	580.658	858.227	643.003	796.117
XLOC_018683	139.487	192.855	161.36	59.6231	54.9543	46.2128	83.2974	104.542	76.8333	115.82	44.3182	61.8965
XLOC_018684	13.1799	11.3923	8.96442	5.96231	6.86929	12.3986	14.5985	9.95639	18.8934	25.4804	20.2153	35.5727
XLOC_018686	51.6212	27.667	25.1004	28.6191	10.7946	21.4157	122.799	94.5857	134.773	24.3222	20.2153	13.5176
XLOC_018695	51.6212	67.5399	74.4047	44.1211	39.2531	24.7971	119.364	101.555	96.9863	42.8534	22.5479	33.4383
XLOC_018696	0	0	1.79288	1.19246	0	2.25428	7.72863	0	2.51913	0	0	0
XLOC_018697	120.816	142.403	169.428	107.322	84.3941	90.1713	328.037	259.862	268.287	91.4979	118.182	123.082
XLOC_018698	30.7531	25.2258	20.6182	25.0417	23.5518	28.1785	33.4907	51.7732	51.6421	11.582	15.5503	11.3833
XLOC_018702	21.9665	13.8335	32.2719	22.6568	15.7012	13.5257	31.7732	49.782	47.8634	8.10741	9.33015	12.0947
XLOC_018706	172.437	144.845	146.12	174.099	151.124	200.631	329.755	503.794	366.533	92.6561	117.404	76.837
XLOC_018707	38.4413	40.6867	30.479	40.5437	35.3278	64.247	68.6989	97.5727	88.1694	17.373	20.2153	24.9009
XLOC_018717	25.2614	24.412	19.7217	9.53969	6.86929	12.3986	23.1859	26.8823	15.1148	12.7402	10.8852	2.84582
XLOC_018724	19.7698	19.5296	31.3755	27.4266	8.83194	40.5771	60.1115	38.8299	51.6421	27.7968	37.3206	36.9956
XLOC_018734	3.29497	5.69614	0.896442	1.19246	0	3.38142	13.7398	15.9302	13.8552	8.10741	0.777513	7.11454
XLOC_018735	361.348	338.513	233.971	44.1211	37.2904	69.8827	267.067	306.657	215.385	17.373	24.8804	17.0749
XLOC_018747	12.0816	13.0197	2.68933	1.19246	2.94398	3.38142	6.86989	7.96512	3.77869	8.10741	2.33254	5.69163
XLOC_018753	65.8994	51.2653	39.4435	33.3889	41.2157	39.4499	36.9257	45.7994	35.2678	16.2148	38.0981	26.3238
XLOC_018765	5.49162	13.8335	10.7573	9.53969	12.7573	13.5257	10.3048	5.97384	17.6339	53.2773	29.5455	38.4185
XLOC_018766	1.09832	0	0.896442	4.76984	2.94398	2.25428	0	0	0	0	4.66508	1.42291
XLOC_018789	106.537	94.3932	111.159	90.6271	97.1514	102.57	159.725	206.097	180.117	170.256	136.065	150.117
XLOC_018813	2.19665	1.62747	2.68933	1.19246	0.981327	3.38142	0	0	0	2.3164	9.33015	2.13436
XLOC_018820	87.8659	69.9811	67.2332	57.2381	66.7302	56.3571	44.6543	54.7602	49.1229	46.328	31.878	44.1101
XLOC_018834	6.58994	17.9022	13.4466	26.2341	29.4398	27.0514	25.7621	17.9215	18.8934	32.4296	41.2082	29.1696
XLOC_018837	19.7698	17.9022	9.86087	2.38492	8.83194	10.1443	17.1747	19.9128	13.8552	3.4746	17.1053	16.3634
XLOC_018839	8.78659	4.06867	3.58577	17.8869	4.90664	6.76285	5.15242	2.98692	6.29781	10.4238	10.8852	7.82599
XLOC_018845	378.922	313.288	288.654	246.839	242.388	294.184	366.68	319.6	324.967	222.375	187.381	179.286
XLOC_018867	63.7027	103.344	109.366	72.7401	110.89	81.1542	158.866	154.324	142.331	128.56	113.517	124.504
XLOC_018880	10.9832	15.4609	13.4466	21.4643	17.6639	23.67	10.3048	5.97384	7.55738	17.373	23.3254	10.6718
XLOC_018883	218.566	174.953	147.017	114.476	96.17	121.731	300.558	243.932	248.134	163.306	94.8565	101.026
XLOC_018885	4.39329	0.813734	0	0	0	0	6.86989	0	0	0	0	0
XLOC_018886	1.09832	4.06867	3.58577	0	0	0	5.15242	0.995639	6.29781	1.1582	1.55503	1.42291
XLOC_018903	25.2614	19.5296	36.7541	39.3512	23.5518	39.4499	72.9926	32.8561	47.8634	44.0116	26.4354	30.5925
XLOC_018926	71.391	39.0592	41.2364	0	0	0	1.71747	0.995639	0	0	0	0
XLOC_018942	26.3598	25.2258	33.1684	36.9663	20.6079	10.1443	91.8848	42.8125	47.8634	75.2831	36.5431	43.3987
XLOC_018944	2.19665	1.62747	1.79288	0	0	0	2.57621	0.995639	2.51913	1.1582	1.55503	3.55727
XLOC_018945	63.7027	73.2361	71.7154	64.3929	57.8983	46.2128	121.082	94.5857	109.582	72.9667	73.8637	83.9515
XLOC_018953	514.015	406.867	313.755	146.673	121.685	189.36	349.506	324.578	231.76	240.906	244.916	244.74
XLOC_018955	30.7531	30.1082	25.1004	3.57738	2.94398	15.78	31.7732	55.7558	36.5273	24.3222	9.33015	9.96035
XLOC_018956	0	0	0	2.38492	1.96265	4.50856	6.01115	2.98692	0	1.1582	0.777513	7.11454
XLOC_018958	13.1799	10.5785	30.479	32.1965	29.4398	30.4328	42.0781	45.7994	60.459	31.2714	34.9881	49.8018
XLOC_018963	38.4413	33.3631	38.547	1.19246	11.7759	9.01713	36.0669	15.9302	31.4891	19.6894	22.5479	21.3436
XLOC_018968	1771.6	1431.36	1312.39	1744.57	1416.05	1726.78	1823.1	1875.78	1715.52	1150.09	1534.81	1316.9
XLOC_018969	43.9329	57.7751	62.751	102.552	76.5435	145.401	267.067	228.997	211.607	32.4296	32.6555	21.3436
XLOC_018982	4.39329	8.95108	8.06798	0	0	0	3.43495	0.995639	0	1.1582	0	0
XLOC_018985	35.1463	18.7159	17.9288	34.5814	24.5332	66.5013	29.197	33.8517	22.6721	18.5312	27.9905	14.9405
XLOC_019002	50.5229	42.3142	33.1684	201.526	171.732	214.157	127.093	134.411	113.361	144.775	189.713	153.674
XLOC_019003	40.638	30.1082	44.8221	103.744	86.3568	142.02	83.2974	96.577	88.1694	120.453	177.273	119.524
XLOC_019007	24.1631	30.1082	18.8253	62.008	63.7863	68.7556	119.364	97.5727	50.3825	96.1307	128.29	110.987
XLOC_019008	51.6212	42.3142	25.1004	21.4643	24.5332	19.1614	66.1227	73.6773	49.1229	16.2148	4.66508	4.26872
XLOC_019010	31.8514	17.0884	18.8253	22.6568	22.5705	32.6871	32.632	33.8517	22.6721	11.582	19.4378	17.7863
XLOC_019046	0	1.62747	7.17154	0	0	0	0	0	0	0	0.777513	0
XLOC_019052	47.2279	39.0592	42.1328	53.6608	58.8796	39.4499	53.2417	29.8692	39.0464	92.6561	58.3135	67.5881
XLOC_019058	18.6715	23.5983	28.6862	8.34723	14.7199	5.63571	8.58736	5.97384	8.81694	13.8984	8.55264	7.82599
XLOC_019062	52.7195	61.0301	76.1976	59.6231	58.8796	66.5013	118.506	102.551	102.025	86.8651	69.9761	85.3745
XLOC_019064	8.78659	26.8532	34.0648	7.15477	24.5332	4.50856	36.0669	22.8997	50.3825	8.10741	20.2153	35.5727
XLOC_019074	98.8491	135.08	97.7122	48.8909	45.141	63.1199	151.138	137.398	98.2459	31.2714	50.5383	38.4185
XLOC_019076	12.0816	11.3923	12.5502	4.76984	3.92531	9.01713	14.5985	15.9302	17.6339	8.10741	5.44259	9.96035
XLOC_019084	70.2927	152.168	160.463	127.593	124.629	101.443	153.714	115.494	163.743	163.306	150.06	204.899
XLOC_019098	124.111	116.364	109.366	104.937	72.6182	78.8999	95.3197	78.6555	78.0929	88.0233	55.9809	64.7423
XLOC_019110	133.995	120.433	110.262	259.957	203.135	236.7	116.788	136.403	130.995	158.674	153.17	115.967
XLOC_019113	138.389	94.3932	113.848	107.322	90.2821	100.316	193.216	170.254	162.484	86.8651	92.524	85.3745
XLOC_019133	58.2111	78.1185	73.5083	54.8532	61.8236	37.1957	89.3086	61.7296	59.1994	129.719	63.756	72.5683
XLOC_019136	53.8178	34.1768	42.1328	65.5854	66.7302	65.3742	38.6431	52.7689	46.6038	42.8534	36.5431	32.7269
XLOC_019145	127.405	157.051	124.605	39.3512	45.141	54.1028	186.346	188.176	204.049	86.8651	124.402	97.4692
XLOC_019173	26.3598	24.412	29.5826	19.0794	18.6452	25.9242	60.9703	49.782	36.5273	20.8476	15.5503	14.9405
XLOC_019175	0	0	0	2.38492	0	5.63571	0	0	0	0	6.99761	3.55727
XLOC_019201	5.49162	7.32361	10.7573	32.1965	21.5892	27.0514	16.316	9.95639	17.6339	32.4296	32.6555	27.0352
XLOC_019210	1.09832	1.62747	0	0	0	0	3.43495	4.9782	2.51913	4.6328	0	3.55727
XLOC_019211	94.4558	53.7065	67.2332	25.0417	25.5145	25.9242	48.948	50.7776	41.5656	11.582	18.6603	12.8062
XLOC_019216	31.8514	73.2361	79.7834	28.6191	29.4398	13.5257	50.6654	46.7951	64.2377	28.955	31.878	49.8018
XLOC_019263	0	0	0	0	0	0	5.15242	0	1.25956	13.8984	6.2201	11.3833
XLOC_019264	3.29497	2.4412	1.79288	17.8869	18.6452	19.1614	7.72863	0.995639	6.29781	32.4296	18.6603	25.6123
XLOC_019312	85.6692	61.8438	61.8545	124.016	93.2261	95.807	96.1785	117.485	75.5738	39.3788	60.646	54.0705
XLOC_019314	14.2782	13.0197	8.06798	25.0417	14.7199	18.0343	6.01115	5.97384	5.03825	6.94921	21.7704	9.96035
XLOC_019342	15.3765	10.5785	9.86087	4.76984	7.85062	15.78	9.4461	5.97384	13.8552	6.94921	9.33015	7.82599
XLOC_019343	43.9329	26.8532	19.7217	17.8869	42.1971	30.4328	3.43495	4.9782	15.1148	105.396	44.3182	51.2247
XLOC_019344	99.9474	72.4223	51.0972	212.258	154.068	163.435	83.2974	68.6991	73.0546	60.2265	49.7608	27.7467
XLOC_019362	6.58994	15.4609	7.17154	16.6945	11.7759	34.9414	48.0892	42.8125	47.8634	16.2148	6.2201	12.8062
XLOC_019363	2.19665	10.5785	10.7573	11.9246	11.7759	11.2714	33.4907	27.8779	44.0847	10.4238	18.6603	15.652
XLOC_019369	106.537	111.482	151.499	65.5854	83.4128	74.3913	162.301	132.42	156.186	107.713	138.397	173.595
XLOC_019370	198.797	157.051	131.777	44.1211	73.5995	74.3913	161.442	165.276	138.552	149.408	66.0886	92.489
XLOC_019376	1.09832	2.4412	1.79288	0	0.981327	1.12714	10.3048	7.96512	5.03825	0	0	0
XLOC_019377	1.09832	0.813734	0	0	0	0	8.58736	11.9477	5.03825	0	0	0
XLOC_019378	4.39329	0.813734	0.896442	1.19246	0	4.50856	26.6208	45.7994	16.3743	0	0	0
XLOC_019379	0	2.4412	4.48221	0	0	0	10.3048	7.96512	3.77869	0	0	0
XLOC_019388	123.012	104.972	109.366	85.8572	62.8049	91.2984	166.595	213.067	162.484	54.4355	59.091	39.8414
XLOC_019394	37.343	30.1082	44.8221	77.51	84.3941	80.027	34.3495	44.8038	41.5656	60.2265	80.0838	64.7423
XLOC_019398	10.9832	12.206	15.2395	20.2718	16.6826	34.9414	19.7509	10.952	31.4891	50.9608	26.4354	45.533
XLOC_019429	3.29497	4.88241	7.17154	2.38492	4.90664	6.76285	24.9034	20.9084	17.6339	3.4746	0	1.42291
XLOC_019463	85.6692	56.9614	42.1328	97.7818	103.039	83.4084	48.0892	70.6904	50.3825	83.3905	79.3063	88.2203
XLOC_019468	10.9832	24.412	25.9968	0	1.96265	2.25428	24.9034	13.939	16.3743	2.3164	8.55264	2.84582
XLOC_019469	2.19665	7.32361	16.136	4.76984	1.96265	5.63571	30.9145	34.8474	52.9016	0	0	3.55727
XLOC_019472	96.6524	64.285	76.1976	106.129	105.002	149.91	54.1004	60.734	75.5738	63.7011	88.6364	71.8568
XLOC_019519	71.391	104.158	97.7122	52.4683	76.5435	64.247	158.007	113.503	127.216	48.6444	51.3158	66.8767
XLOC_019520	503.032	490.682	431.189	473.407	394.493	419.296	608.844	542.623	512.642	359.042	388.756	403.394
XLOC_019573	23.0648	19.5296	15.2395	27.4266	33.3651	18.0343	14.5985	0.995639	13.8552	19.6894	21.7704	14.9405
XLOC_019597	51.6212	34.9906	40.3399	29.8115	21.5892	12.3986	24.0446	46.7951	35.2678	37.0624	54.4259	57.6278
XLOC_019602	7.68826	9.76481	14.3431	7.15477	11.7759	4.50856	20.6097	7.96512	20.153	17.373	16.3278	17.0749
XLOC_019605	141.684	205.875	164.049	101.359	122.666	108.206	189.781	193.154	146.109	218.9	157.058	221.262
XLOC_019611	43.9329	21.1571	16.136	26.2341	37.2904	28.1785	23.1859	28.8735	27.7104	24.3222	30.323	22.0551
XLOC_019616	93.3575	54.5202	66.3367	133.556	125.61	107.078	60.1115	91.5988	65.4973	148.25	110.407	118.813
XLOC_019617	38.4413	48.0103	43.9257	29.8115	62.8049	34.9414	54.1004	46.7951	36.5273	100.763	91.7465	112.41
XLOC_019622	63.7027	61.8438	46.615	28.6191	24.5332	43.9585	113.353	85.625	95.7268	23.164	38.0981	52.6476
XLOC_019626	29.6547	30.9219	27.7897	36.9663	21.5892	50.7213	48.0892	52.7689	46.6038	8.10741	19.4378	19.9207
XLOC_019628	39.5396	38.2455	46.615	44.1211	38.2718	48.4671	32.632	81.6424	54.1612	20.8476	30.323	29.1696
XLOC_019629	59.3095	44.7554	43.9257	27.4266	39.2531	33.8142	85.0149	55.7558	65.4973	49.8026	33.433	42.6872
XLOC_019665	352.562	391.406	361.266	304.078	255.145	251.352	601.115	439.077	539.093	283.759	270.574	413.355
XLOC_019667	3.29497	3.25494	1.79288	64.3929	109.909	46.2128	48.0892	21.9041	51.6421	138.984	158.613	114.544
XLOC_019670	0	3.25494	1.79288	4.76984	17.6639	3.38142	60.1115	20.9084	40.306	22.0058	8.55264	15.652
XLOC_019682	19.7698	22.7846	18.8253	56.0457	46.1224	43.9585	29.197	31.8605	27.7104	13.8984	20.2153	21.3436
XLOC_019687	35.1463	32.5494	32.2719	8.34723	15.7012	16.9071	18.8922	34.8474	37.7869	10.4238	17.8828	15.652
XLOC_019690	7.68826	4.06867	6.2751	3.57738	5.88796	3.38142	12.0223	6.96948	26.4508	9.26561	3.11005	7.11454
XLOC_019693	18.6715	17.9022	22.4111	25.0417	14.7199	28.1785	58.3941	38.8299	42.8251	23.164	14.7727	24.9009
XLOC_019709	3.29497	4.88241	1.79288	0	0	0	0	5.97384	1.25956	2.3164	1.55503	0.711454
XLOC_019724	32.9497	52.079	44.8221	39.3512	45.141	51.8485	45.513	22.8997	41.5656	68.3339	51.3158	49.0903
XLOC_019738	38.4413	42.3142	32.2719	14.3095	6.86929	9.01713	27.4796	37.8343	25.1913	6.94921	6.2201	13.5176
XLOC_019748	23.0648	29.2944	16.136	33.3889	20.6079	38.3228	16.316	17.9215	10.0765	4.6328	11.6627	13.5176
XLOC_019759	5.49162	10.5785	11.6538	7.15477	8.83194	6.76285	15.4573	14.9346	12.5956	3.4746	3.11005	7.82599
XLOC_019777	90.0625	78.1185	41.2364	53.6608	37.2904	56.3571	56.6766	64.7166	44.0847	45.1698	40.4307	31.304
XLOC_019796	7.68826	14.6472	29.5826	9.53969	11.7759	5.63571	10.3048	9.95639	10.0765	28.955	14.7727	31.304
XLOC_019812	23.0648	24.412	12.5502	8.34723	4.90664	4.50856	21.4684	23.8953	11.3361	4.6328	6.2201	2.84582
XLOC_019819	21.9665	18.7159	21.5146	3.57738	6.86929	4.50856	12.0223	12.9433	8.81694	12.7402	8.55264	17.0749
XLOC_019820	4.39329	12.206	12.5502	22.6568	16.6826	21.4157	6.01115	2.98692	6.29781	12.7402	10.8852	12.0947
XLOC_019827	1513.49	1349.17	1337.49	1787.5	1690.83	1863.16	1135.25	1220.65	1085.74	1672.44	1259.57	1183.86
XLOC_019828	49.4245	46.3828	55.5794	46.506	52.0103	61.9928	122.799	84.6293	102.025	39.3788	38.0981	39.13
XLOC_019830	49.4245	44.7554	29.5826	26.2341	26.4958	28.1785	55.8179	65.7122	57.9399	17.373	20.2153	19.9207
XLOC_019846	45.0313	34.1768	32.2719	67.9703	37.2904	40.5771	50.6654	41.8169	40.306	10.4238	29.5455	29.1696
XLOC_019849	45.0313	38.2455	27.7897	25.0417	22.5705	29.3057	53.2417	49.782	31.4891	16.2148	13.2177	9.2489
XLOC_019856	0	1.62747	5.37865	0	0	0	5.15242	2.98692	10.0765	2.3164	7.77513	5.69163
XLOC_019864	5.49162	8.95108	8.96442	7.15477	10.7946	12.3986	7.72863	9.95639	5.03825	12.7402	15.5503	14.9405
XLOC_019865	0	0	0.896442	0	0	0	0	0	0	0	2.33254	6.40308
XLOC_019886	13.1799	17.0884	9.86087	44.1211	15.7012	22.5428	8.58736	9.95639	5.03825	16.2148	15.5503	9.96035
XLOC_019889	0	0	0	0	6.86929	2.25428	2.57621	0	0	1.1582	0	5.69163
XLOC_019912	48.3262	52.8927	43.0292	93.012	56.917	89.0441	42.0781	42.8125	41.5656	84.5487	63.756	54.7819
XLOC_019924	1047.8	1000.89	964.572	927.735	716.369	879.17	1298.41	1258.49	1012.69	799.159	787.62	785.445
XLOC_019927	0	0	0	2.38492	0.981327	0	0.858736	0	3.77869	3.4746	1.55503	5.69163
XLOC_019958	28.5564	80.5597	68.1296	95.3969	133.46	100.316	72.9926	73.6773	105.803	535.089	332.775	546.396
XLOC_019959	39.5396	24.412	28.6862	2.38492	0.981327	2.25428	28.3383	30.8648	23.9317	19.6894	5.44259	2.84582
XLOC_019962	82.3742	96.8344	98.6087	72.7401	56.917	65.3742	127.952	116.49	128.475	37.0624	55.9809	48.3789
XLOC_019964	5.49162	6.50987	11.6538	2.38492	11.7759	1.12714	12.881	16.9259	10.0765	1.1582	6.99761	7.11454
XLOC_019967	29.6547	38.2455	33.1684	26.2341	36.3091	33.8142	65.264	64.7166	70.5355	37.0624	34.9881	39.13
XLOC_019985	911.608	698.998	639.163	320.772	305.193	313.345	523.829	573.488	478.634	598.79	501.496	534.302
XLOC_019987	1419.03	1239.32	1182.41	810.874	744.827	674.03	729.067	803.481	744.402	1223.06	1313.22	1475.56
XLOC_019992	236.139	183.904	216.043	267.111	286.547	307.71	224.13	183.198	173.82	293.025	207.596	162.923
XLOC_019993	1446.49	1247.45	1126.83	733.364	704.593	698.827	1101.76	1070.31	1032.84	701.87	693.541	805.366
XLOC_019998	23.0648	22.7846	23.3075	17.8869	15.7012	22.5428	46.3718	24.891	27.7104	55.5937	35.7656	34.1498
XLOC_020005	49.4245	65.9125	79.7834	25.0417	60.8423	50.7213	88.4498	69.6948	85.6503	76.4413	66.8661	84.663
XLOC_020031	43.9329	41.5004	37.6506	17.8869	26.4958	21.4157	39.5019	23.8953	10.0765	12.7402	20.2153	34.1498
XLOC_020077	25.2614	20.3434	31.3755	35.7738	22.5705	47.3399	64.4052	51.7732	47.8634	3.4746	7.77513	11.3833
XLOC_020079	125.209	83.8146	75.3012	82.2798	40.2344	89.0441	168.312	176.228	109.582	39.3788	24.1029	19.9207
XLOC_020080	8.78659	7.32361	6.2751	8.34723	6.86929	16.9071	24.9034	18.9171	20.153	4.6328	3.11005	2.84582
XLOC_020083	9.88491	32.5494	42.1328	20.2718	25.5145	28.1785	108.201	50.7776	83.1311	17.373	21.7704	16.3634
XLOC_020097	52.7195	49.6378	72.6118	89.4346	93.2261	101.443	69.5576	103.546	79.3524	100.763	92.524	108.141
XLOC_020101	14.2782	5.69614	12.5502	21.4643	27.4772	40.5771	30.0558	35.843	28.9699	8.10741	14.7727	14.2291
XLOC_020102	31.8514	30.9219	44.8221	33.3889	22.5705	24.7971	62.6878	54.7602	45.3443	39.3788	32.6555	47.6674
XLOC_020159	294.351	283.993	262.658	419.746	358.184	411.406	220.695	281.766	246.874	325.455	329.665	266.084
XLOC_020160	36.2447	19.5296	34.9613	52.4683	52.0103	78.8999	24.0446	19.9128	40.306	61.3847	59.8685	55.4934
XLOC_020161	63.7027	118.805	109.366	126.401	163.882	99.1884	95.3197	75.6686	89.4289	149.408	129.067	175.018
XLOC_020173	137.29	89.5108	86.9549	7.15477	9.81327	7.88999	112.494	118.481	57.9399	30.1132	15.5503	34.1498
XLOC_020176	15.3765	40.6867	39.4435	31.004	46.1224	49.5942	63.5465	46.7951	71.7951	39.3788	43.5407	37.707
XLOC_020178	103.242	74.0498	71.7154	8.34723	16.6826	5.63571	14.5985	25.8866	22.6721	9.26561	11.6627	10.6718
XLOC_020195	94.4558	58.5889	49.3043	51.2758	36.3091	39.4499	79.8625	92.5945	60.459	35.9042	39.6531	41.2643
XLOC_020196	15.3765	18.7159	26.8933	8.34723	10.7946	7.88999	34.3495	18.9171	31.4891	2.3164	6.99761	7.11454
XLOC_020198	0	0	0	0	0	0	0	0	0	1.1582	7.77513	4.26872
XLOC_020214	14.2782	30.1082	40.3399	16.6945	45.141	29.3057	55.8179	56.7514	59.1994	18.5312	31.1005	50.5132
XLOC_020215	24.1631	9.76481	25.1004	13.1171	9.81327	13.5257	9.4461	11.9477	11.3361	5.79101	12.4402	12.8062
XLOC_020216	1.09832	12.206	14.3431	23.8492	40.2344	10.1443	44.6543	49.782	70.5355	9.26561	21.7704	20.6322
XLOC_020217	4.39329	7.32361	11.6538	20.2718	23.5518	24.7971	49.8067	50.7776	54.1612	33.5878	22.5479	39.8414
XLOC_020218	46.1296	46.3828	34.9613	25.0417	26.4958	33.8142	27.4796	34.8474	46.6038	19.6894	11.6627	20.6322
XLOC_020222	60.4078	57.7751	62.751	13.1171	9.81327	11.2714	115.929	59.7384	78.0929	19.6894	7.77513	12.0947
XLOC_020225	50.5229	54.5202	69.0261	33.3889	47.1037	54.1028	75.5688	83.6337	65.4973	89.1815	62.9785	61.185
XLOC_020226	86.7675	73.2361	67.2332	82.2798	104.021	136.384	90.1673	81.6424	73.0546	78.7577	108.074	91.0661
XLOC_020239	57.1128	84.6284	86.0585	56.0457	43.1784	38.3228	108.201	102.551	123.437	79.9159	58.3135	71.1454
XLOC_020240	57.1128	114.737	132.673	28.6191	57.8983	23.67	66.1227	50.7776	80.612	53.2773	85.5264	93.9119
XLOC_020262	24.1631	8.95108	8.96442	11.9246	4.90664	3.38142	18.0335	21.9041	22.6721	9.26561	3.11005	12.0947
XLOC_020266	3.29497	0.813734	0.896442	0	0	0	0.858736	1.99128	0	4.6328	2.33254	7.11454
XLOC_020281	295.449	292.944	379.195	325.542	385.662	332.507	540.145	469.942	462.259	501.501	376.316	395.568
XLOC_020327	66.9977	65.0987	71.7154	53.6608	38.2718	42.8314	96.1785	81.6424	112.101	70.6503	67.6436	64.0308
XLOC_020331	10.9832	21.9708	29.5826	2.38492	4.90664	6.76285	30.0558	16.9259	18.8934	16.2148	13.2177	12.0947
XLOC_020349	30.7531	48.0103	34.9613	41.7361	31.4025	30.4328	68.6989	48.7863	39.0464	20.8476	20.2153	28.4582
XLOC_020384	3.29497	9.76481	14.3431	8.34723	7.85062	5.63571	10.3048	2.98692	7.55738	26.6386	11.6627	19.2093
XLOC_020385	27.4581	22.7846	15.2395	7.15477	7.85062	9.01713	54.1004	39.8256	50.3825	4.6328	12.4402	14.9405
XLOC_020388	92.2592	109.04	74.4047	134.748	131.498	118.35	63.5465	93.5901	80.612	94.9725	126.735	98.1806
XLOC_020403	21.9665	21.9708	25.1004	28.6191	24.5332	19.1614	70.4164	49.782	34.0082	38.2206	28.768	32.0154
XLOC_020422	8.78659	26.8532	21.5146	21.4643	21.5892	15.78	19.7509	8.96075	39.0464	54.4355	57.5359	43.3987
XLOC_020423	0	8.13734	1.79288	1.19246	0	4.50856	0.858736	2.98692	1.25956	0	0	0
XLOC_020438	35.1463	42.3142	49.3043	26.2341	38.2718	32.6871	29.197	31.8605	25.1913	38.2206	16.3278	22.7665
XLOC_020446	9.88491	7.32361	11.6538	3.57738	7.85062	10.1443	24.9034	10.952	18.8934	24.3222	27.2129	16.3634
XLOC_020459	12.0816	20.3434	23.3075	39.3512	26.4958	24.7971	18.8922	11.9477	10.0765	41.6952	40.4307	79.6828
XLOC_020465	13.1799	46.3828	51.0972	22.6568	24.5332	14.6528	49.8067	17.9215	60.459	20.8476	35.7656	85.3745
XLOC_020469	6.58994	17.9022	25.1004	1.19246	1.96265	2.25428	0	5.97384	5.03825	5.79101	3.88756	17.0749
XLOC_020470	2.19665	11.3923	4.48221	0	0	0	3.43495	2.98692	5.03825	0	0.777513	0.711454
XLOC_020476	51.6212	41.5004	49.3043	34.5814	46.1224	24.7971	18.8922	21.9041	22.6721	40.537	50.5383	55.4934
XLOC_020500	79.0793	78.1185	84.2656	25.0417	26.4958	27.0514	171.747	120.472	136.033	20.8476	16.3278	17.7863
XLOC_020502	24.1631	13.8335	25.9968	29.8115	26.4958	25.9242	41.2193	16.9259	46.6038	9.26561	10.1077	12.8062
XLOC_020517	20.8681	54.5202	58.2688	52.4683	50.0477	33.8142	50.6654	41.8169	30.2295	78.7577	65.3111	95.3348
XLOC_020536	31.8514	57.7751	43.0292	35.7738	34.3464	27.0514	71.2751	44.8038	49.1229	32.4296	21.7704	23.478
XLOC_020574	29.6547	25.2258	32.2719	14.3095	16.6826	28.1785	48.948	51.7732	51.6421	13.8984	24.1029	29.1696
XLOC_020589	86.7675	71.6086	98.6087	52.4683	34.3464	37.1957	53.2417	39.8256	45.3443	71.8085	43.5407	56.9163
XLOC_020599	4.39329	26.8532	31.3755	9.53969	39.2531	19.1614	9.4461	12.9433	15.1148	44.0116	38.8756	41.9758
XLOC_020602	71.391	127.756	147.017	40.5437	34.3464	31.56	233.576	173.241	151.148	40.537	48.2058	71.1454
XLOC_020605	0	5.69614	1.79288	1.19246	0	0	0	0	0	0	0	0
XLOC_020617	0	1.62747	2.68933	4.76984	5.88796	5.63571	0	0	0	8.10741	8.55264	13.5176
XLOC_020619	0	0	0.896442	2.38492	4.90664	3.38142	0	0	0	11.582	12.4402	12.0947
XLOC_020628	125.209	176.58	148.809	120.439	101.077	120.604	107.342	114.499	107.063	177.205	153.948	177.152
XLOC_020629	19.7698	16.2747	17.9288	52.4683	29.4398	42.8314	17.1747	20.9084	17.6339	40.537	32.6555	29.8811
XLOC_020631	1.09832	0	0	3.57738	3.92531	1.12714	0	0	0	3.4746	2.33254	4.98018
XLOC_020648	65.8994	66.7262	57.3723	0	0	0	0	0	0	0	0	0
XLOC_020649	15.3765	10.5785	11.6538	0	0	0	0.858736	0	0	0	0	0
XLOC_020650	47.2279	30.9219	28.6862	0	0	0	0	0	0	0	0	0
XLOC_020651	104.341	74.8635	69.9225	0	0	0	1.71747	3.98256	1.25956	0	0	0
XLOC_020655	43.9329	47.1966	59.1652	50.0834	71.6369	43.9585	54.1004	46.7951	47.8634	137.826	83.9714	85.3745
XLOC_020656	25.2614	21.1571	25.9968	9.53969	1.96265	7.88999	15.4573	9.95639	11.3361	10.4238	3.11005	1.42291
XLOC_020662	87.8659	109.04	135.363	164.56	126.591	116.096	257.621	199.128	243.096	179.521	141.507	209.167
XLOC_020667	27.4581	22.7846	11.6538	19.0794	13.7386	19.1614	8.58736	7.96512	5.03825	17.373	10.1077	15.652
XLOC_020673	4.39329	13.0197	11.6538	2.38492	10.7946	11.2714	29.197	26.8823	21.4126	9.26561	13.2177	19.9207
XLOC_020675	43.9329	37.4318	34.0648	16.6945	17.6639	18.0343	18.0335	13.939	11.3361	6.94921	4.66508	12.8062
XLOC_020677	10.9832	20.3434	18.8253	14.3095	9.81327	9.01713	13.7398	20.9084	5.03825	19.6894	12.4402	8.53745
XLOC_020687	30.7531	24.412	12.5502	47.6984	40.2344	65.3742	34.3495	46.7951	22.6721	27.7968	36.5431	32.0154
XLOC_020714	13.1799	25.2258	15.2395	3.57738	7.85062	4.50856	27.4796	26.8823	25.1913	8.10741	5.44259	7.82599
XLOC_020726	9.88491	7.32361	10.7573	17.8869	22.5705	19.1614	9.4461	7.96512	10.0765	8.10741	2.33254	4.98018
XLOC_020744	13.1799	24.412	15.2395	16.6945	14.7199	19.1614	18.8922	9.95639	11.3361	20.8476	31.878	41.9758
XLOC_020752	53.8178	65.9125	60.0616	13.1171	10.7946	16.9071	32.632	39.8256	25.1913	3.4746	6.99761	10.6718
XLOC_020777	5.49162	6.50987	2.68933	3.57738	15.7012	11.2714	2.57621	11.9477	0	9.26561	6.2201	8.53745
XLOC_020785	23.0648	43.1279	51.9937	10.7322	17.6639	23.67	29.197	25.8866	22.6721	26.6386	24.8804	26.3238
XLOC_020807	49.4245	43.9416	60.9581	56.0457	35.3278	45.0856	91.026	93.5901	79.3524	40.537	43.5407	37.707
XLOC_020808	36.2447	51.2653	39.4435	14.3095	12.7573	18.0343	72.9926	68.6991	57.9399	15.0566	20.2153	15.652
XLOC_020831	21.9665	34.9906	15.2395	22.6568	16.6826	13.5257	37.7844	38.8299	34.0082	11.582	21.7704	14.2291
XLOC_020842	47.2279	45.5691	51.9937	25.0417	27.4772	23.67	40.3606	26.8823	55.4208	39.3788	31.1005	26.3238
XLOC_020844	32.9497	27.667	25.9968	94.2044	87.3381	86.7899	42.9368	58.7427	57.9399	85.7069	94.8565	85.3745
XLOC_020851	9.88491	19.5296	17.0324	16.6945	49.0664	13.5257	20.6097	27.8779	34.0082	38.2206	25.6579	36.2841
XLOC_020915	27.4581	38.2455	50.2008	62.008	70.6555	76.6456	31.7732	24.891	28.9699	94.9725	69.1986	64.0308
XLOC_020916	79.0793	68.3537	60.9581	78.7024	79.4875	78.8999	69.5576	94.5857	65.4973	48.6444	50.5383	42.6872
XLOC_020921	303.137	231.101	207.078	17.8869	8.83194	13.5257	276.513	249.905	148.628	11.582	13.9952	13.5176
XLOC_020934	19.7698	16.2747	17.9288	17.8869	5.88796	14.6528	45.513	22.8997	36.5273	22.0058	19.4378	34.1498
XLOC_020969	12.0816	5.69614	3.58577	17.8869	5.88796	19.1614	9.4461	1.99128	3.77869	17.373	8.55264	4.98018
XLOC_020974	6.58994	2.4412	0.896442	0	2.94398	0	3.43495	0	0	0	0	0
XLOC_020984	14.2782	14.6472	21.5146	11.9246	3.92531	4.50856	19.7509	19.9128	18.8934	9.26561	5.44259	10.6718
XLOC_020988	28.5564	24.412	21.5146	9.53969	2.94398	4.50856	28.3383	28.8735	36.5273	12.7402	6.2201	4.98018
XLOC_020992	32.9497	35.8043	19.7217	53.6608	42.1971	39.4499	15.4573	14.9346	22.6721	30.1132	34.2106	39.13
XLOC_020997	39.5396	54.5202	45.7186	34.5814	41.2157	22.5428	81.5799	63.7209	71.7951	61.3847	33.433	39.13
XLOC_020999	496.442	578.565	596.134	382.78	411.176	405.771	601.974	646.17	661.27	345.144	351.436	422.604
XLOC_021007	127.405	81.3734	95.9193	118.054	80.4688	90.1713	65.264	88.6119	64.2377	170.256	76.9738	106.718
XLOC_021012	61.5061	73.2361	63.6474	14.3095	2.94398	6.76285	54.9591	64.7166	42.8251	6.94921	8.55264	11.3833
XLOC_021013	0	0	0	3.57738	2.94398	0	0	0	1.25956	2.3164	4.66508	10.6718
XLOC_021017	28.5564	26.8532	37.6506	17.8869	22.5705	24.7971	36.9257	35.843	51.6421	22.0058	26.4354	19.9207
XLOC_021064	30.7531	22.7846	16.136	20.2718	16.6826	42.8314	78.145	77.6599	61.7186	32.4296	24.8804	40.5529
XLOC_021074	8.78659	20.3434	25.9968	4.76984	8.83194	6.76285	33.4907	31.8605	25.1913	15.0566	13.9952	13.5176
XLOC_021096	168.043	188.786	144.327	33.3889	32.3838	48.4671	148.561	177.224	110.842	34.746	31.1005	32.0154
XLOC_021097	372.332	323.866	306.583	44.1211	56.917	45.0856	356.376	376.352	319.929	130.877	80.0838	118.101
XLOC_021107	49.4245	44.7554	47.5114	35.7738	28.4585	25.9242	48.0892	46.7951	61.7186	89.1815	47.4283	66.1652
XLOC_021111	23.0648	34.1768	29.5826	51.2758	54.9543	63.1199	42.0781	35.843	25.1913	42.8534	46.6508	33.4383
XLOC_021118	51.6212	34.9906	41.2364	14.3095	9.81327	12.3986	16.316	15.9302	15.1148	10.4238	13.9952	15.652
XLOC_021120	20.8681	14.6472	26.8933	15.502	32.3838	29.3057	23.1859	26.8823	44.0847	42.8534	27.9905	30.5925
XLOC_021142	16.4748	18.7159	15.2395	5.96231	6.86929	9.01713	20.6097	39.8256	16.3743	15.0566	13.9952	9.2489
XLOC_021147	59.3095	83.8146	75.3012	48.8909	38.2718	30.4328	164.019	90.6032	93.2076	31.2714	23.3254	22.0551
XLOC_021149	19.7698	26.0395	19.7217	28.6191	20.6079	14.6528	38.6431	23.8953	56.6803	27.7968	24.8804	31.304
XLOC_021167	64.8011	52.8927	80.6798	33.3889	55.9356	42.8314	131.387	88.6119	123.437	98.4471	58.3135	85.3745
XLOC_021183	23.0648	55.3339	58.2688	46.506	30.4211	37.1957	37.7844	32.8561	46.6038	56.7519	59.8685	84.663
XLOC_021201	16.4748	16.2747	17.0324	34.5814	24.5332	30.4328	11.1636	34.8474	17.6339	13.8984	24.1029	24.1894
XLOC_021205	16.4748	21.9708	29.5826	15.502	7.85062	7.88999	36.9257	30.8648	36.5273	18.5312	17.1053	17.7863
XLOC_021206	56.0145	61.8438	100.402	56.0457	35.3278	84.5356	90.1673	73.6773	95.7268	0	1.55503	2.13436
XLOC_021210	43.9329	26.8532	28.6862	11.9246	17.6639	13.5257	20.6097	31.8605	25.1913	19.6894	21.7704	23.478
XLOC_021215	28.5564	17.0884	26.8933	56.0457	28.4585	48.4671	33.4907	13.939	27.7104	17.373	30.323	29.1696
XLOC_021217	10.9832	29.2944	37.6506	16.6945	25.5145	24.7971	47.2305	46.7951	20.153	40.537	36.5431	54.7819
XLOC_021233	26.3598	32.5494	21.5146	23.8492	50.0477	25.9242	39.5019	36.8387	73.0546	38.2206	43.5407	32.7269
XLOC_021241	47.2279	65.0987	56.4759	47.6984	39.2531	39.4499	60.1115	67.7035	66.7568	41.6952	37.3206	46.9559
XLOC_021252	24.1631	44.7554	28.6862	56.0457	62.8049	43.9585	57.5353	33.8517	37.7869	68.3339	62.9785	61.8965
XLOC_021259	64.8011	61.0301	52.8901	22.6568	26.4958	33.8142	30.0558	37.8343	26.4508	42.8534	41.9857	33.4383
XLOC_021266	41.7363	23.5983	43.9257	21.4643	10.7946	4.50856	3.43495	1.99128	1.25956	4.6328	2.33254	2.13436
XLOC_021267	9.88491	12.206	20.6182	3.57738	0.981327	0	0	0	0	0	1.55503	0
XLOC_021269	88.9642	71.6086	116.538	31.004	17.6639	21.4157	6.86989	10.952	10.0765	22.0058	12.4402	16.3634
XLOC_021270	184.518	141.59	123.709	10.7322	10.7946	7.88999	8.58736	5.97384	1.25956	6.94921	3.11005	3.55727
XLOC_021271	13.1799	13.8335	10.7573	0	0	0	0	0	0	0	0	0
XLOC_021272	5.49162	13.8335	7.17154	1.19246	0	1.12714	0	0	0	0	0	0
XLOC_021273	54.9162	48.0103	47.5114	114.476	83.4128	60.8656	171.747	178.219	113.361	47.4862	62.201	45.533
XLOC_021302	58.2111	65.0987	89.6442	51.2758	27.4772	51.8485	24.9034	38.8299	36.5273	18.5312	34.2106	32.7269
XLOC_021304	124.111	212.385	276.104	157.405	212.948	143.147	292.829	259.862	301.035	251.33	229.366	261.815
XLOC_021310	35.1463	45.5691	42.1328	66.7778	58.8796	50.7213	31.7732	31.8605	27.7104	88.0233	46.6508	37.707
XLOC_021315	1.09832	4.88241	0.896442	3.57738	0.981327	0	0	0	0	0	0.777513	0
XLOC_021339	64.8011	59.4026	37.6506	42.9286	19.6265	22.5428	55.8179	42.8125	68.0164	46.328	47.4283	36.9956
XLOC_021351	29.6547	38.2455	25.9968	13.1171	21.5892	11.2714	21.4684	42.8125	13.8552	12.7402	15.5503	13.5176
XLOC_021355	53.8178	42.3142	46.615	31.004	41.2157	37.1957	77.2863	67.7035	46.6038	53.2773	47.4283	48.3789
XLOC_021365	32.9497	80.5597	67.2332	38.1588	35.3278	32.6871	64.4052	95.5814	61.7186	56.7519	48.2058	44.8216
XLOC_021376	20.8681	20.3434	22.4111	20.2718	28.4585	13.5257	18.0335	12.9433	12.5956	39.3788	34.9881	25.6123
XLOC_021377	88.9642	101.717	87.8514	25.0417	47.1037	23.67	92.7435	98.5683	79.3524	110.029	84.7489	118.813
XLOC_021378	76.8826	80.5597	41.2364	32.1965	18.6452	19.1614	56.6766	60.734	68.0164	40.537	62.201	46.2445
XLOC_021380	142.782	153.796	147.913	224.183	192.34	193.868	121.082	156.315	132.254	249.013	216.926	169.326
XLOC_021417	128.504	116.364	122.813	164.56	144.255	113.841	119.364	86.6206	120.918	240.906	192.823	176.441
XLOC_021418	48.3262	52.8927	27.7897	56.0457	66.7302	66.5013	43.7956	42.8125	27.7104	54.4355	71.5312	60.4736
XLOC_021419	522.802	387.337	510.972	280.228	265.94	288.548	1070.84	1170.87	1052.99	296.499	268.242	179.998
XLOC_021439	205.386	359.671	406.088	330.312	490.664	351.668	491.197	520.719	540.352	485.286	500.718	569.874
XLOC_021450	5.49162	13.0197	2.68933	8.34723	6.86929	4.50856	4.29368	10.952	1.25956	11.582	17.8828	10.6718
XLOC_021452	8.78659	8.95108	1.79288	14.3095	13.7386	7.88999	3.43495	6.96948	2.51913	6.94921	18.6603	7.11454
XLOC_021460	9.88491	10.5785	5.37865	2.38492	3.92531	2.25428	1.71747	7.96512	1.25956	4.6328	10.1077	6.40308
XLOC_021467	57.1128	37.4318	44.8221	64.3929	49.0664	42.8314	36.9257	44.8038	30.2295	19.6894	27.2129	28.4582
XLOC_021470	5.49162	6.50987	5.37865	9.53969	2.94398	11.2714	6.86989	11.9477	11.3361	15.0566	6.99761	13.5176
XLOC_021471	0	0	0	0	0	1.12714	6.86989	0	0	0	2.33254	4.98018
XLOC_021504	16.4748	31.7356	25.1004	0	0	1.12714	5.15242	4.9782	2.51913	0	0	0
XLOC_021506	10.9832	45.5691	44.8221	35.7738	73.5995	21.4157	48.0892	13.939	45.3443	82.2323	59.8685	104.584
XLOC_021522	30.7531	26.8532	31.3755	31.004	21.5892	30.4328	56.6766	78.6555	45.3443	35.9042	19.4378	26.3238
XLOC_021536	20.8681	45.5691	42.1328	20.2718	21.5892	25.9242	42.0781	48.7863	50.3825	22.0058	26.4354	40.5529
XLOC_021544	71.391	133.452	114.745	67.9703	70.6555	40.5771	181.193	152.333	147.369	98.4471	70.7537	67.5881
XLOC_021553	56.0145	53.7065	40.3399	21.4643	46.1224	39.4499	23.1859	24.891	13.8552	34.746	26.4354	47.6674
XLOC_021562	1.09832	4.06867	0.896442	2.38492	9.81327	2.25428	0	0	0	1.1582	0	0
XLOC_021567	665.584	569.614	564.759	281.421	331.689	327.998	705.023	701.926	626.003	357.884	326.555	369.245
XLOC_021588	10.9832	2.4412	3.58577	5.96231	0.981327	0	0	0	0	3.4746	0	0
XLOC_021595	37.343	31.7356	35.8577	45.3135	38.2718	36.0685	20.6097	11.9477	23.9317	23.164	20.9928	24.1894
XLOC_021610	591.996	609.487	530.694	363.701	377.811	374.211	450.837	443.06	442.106	362.517	302.452	416.912
XLOC_021622	14.2782	20.3434	9.86087	33.3889	25.5145	27.0514	16.316	9.95639	8.81694	15.0566	17.1053	12.0947
XLOC_021633	26.3598	6.50987	15.2395	4.76984	2.94398	5.63571	9.4461	11.9477	10.0765	8.10741	13.9952	12.0947
XLOC_021634	37.343	41.5004	31.3755	20.2718	24.5332	19.1614	54.9591	43.8081	35.2678	25.4804	39.6531	22.7665
XLOC_021658	475.574	467.083	442.843	139.518	139.348	181.47	401.889	478.903	293.478	172.572	166.388	108.141
XLOC_021659	4.39329	6.50987	6.2751	23.8492	11.7759	28.1785	12.0223	5.97384	11.3361	9.26561	6.99761	4.98018
XLOC_021665	190.01	156.237	144.327	100.167	105.983	95.807	110.777	109.52	109.582	104.238	104.964	103.872
XLOC_021667	9.88491	35.8043	34.0648	15.502	22.5705	13.5257	36.9257	26.8823	22.6721	19.6894	39.6531	54.7819
XLOC_021673	87.8659	84.6284	105.78	134.748	148.18	169.071	120.223	157.311	107.063	126.244	121.292	117.39
XLOC_021679	271.286	196.924	210.664	376.818	304.211	466.636	243.881	313.626	264.508	224.691	256.579	223.396
XLOC_021688	46.1296	45.5691	36.7541	19.0794	21.5892	21.4157	34.3495	34.8474	20.153	26.6386	17.8828	22.0551
XLOC_021700	148.274	174.953	127.295	158.597	157.994	218.665	133.963	160.298	130.995	94.9725	146.172	103.161
XLOC_021717	32.9497	32.5494	31.3755	39.3512	52.0103	52.9756	25.7621	32.8561	28.9699	49.8026	54.4259	61.185
XLOC_021727	13.1799	17.0884	22.4111	44.1211	59.8609	42.8314	9.4461	11.9477	21.4126	44.0116	31.878	24.9009
XLOC_021732	31.8514	28.4807	36.7541	16.6945	20.6079	13.5257	15.4573	19.9128	15.1148	11.582	20.9928	34.8612
XLOC_021740	108.734	76.491	88.7478	125.208	105.983	134.13	70.4164	87.6163	55.4208	134.351	84.7489	88.9317
XLOC_021742	116.422	96.0206	120.123	100.167	46.1224	64.247	126.234	135.407	85.6503	78.7577	69.1986	65.4537
XLOC_021746	25.2614	16.2747	17.0324	10.7322	11.7759	7.88999	14.5985	8.96075	13.8552	25.4804	19.4378	8.53745
XLOC_021757	0	0	0	0	8.83194	0	0.858736	0	0	0	0	0
XLOC_021764	220.763	197.737	190.942	183.639	187.433	215.284	316.874	381.33	302.295	134.351	145.395	133.753
XLOC_021779	0	0	2.68933	0	0	0	0	0	1.25956	8.10741	3.11005	0
XLOC_021785	6.58994	6.50987	6.2751	0	0	0	0	1.99128	1.25956	0	0.777513	0
XLOC_021787	28.5564	36.618	22.4111	26.2341	24.5332	36.0685	8.58736	14.9346	12.5956	13.8984	26.4354	22.7665
XLOC_021789	51.6212	63.4713	67.2332	138.326	143.274	82.2813	60.9703	46.7951	69.2759	156.357	156.28	151.54
XLOC_021790	99.9474	119.619	109.366	51.2758	58.8796	60.8656	13.7398	13.939	13.8552	106.555	86.3039	106.718
XLOC_021791	24.1631	23.5983	12.5502	4.76984	0	5.63571	8.58736	8.96075	5.03825	8.10741	4.66508	4.98018
XLOC_021800	13.1799	14.6472	18.8253	19.0794	27.4772	20.2885	19.7509	7.96512	12.5956	15.0566	17.8828	9.96035
XLOC_021854	81.2759	63.4713	75.3012	133.556	149.162	133.003	73.8513	58.7427	79.3524	147.092	125.18	125.927
XLOC_021859	23.0648	34.1768	40.3399	16.6945	17.6639	20.2885	80.7212	29.8692	70.5355	16.2148	27.2129	22.7665
XLOC_021870	0	0	0	3.57738	5.88796	0	0	0.995639	0	4.6328	0	0
XLOC_021873	60.4078	63.4713	65.4403	42.9286	43.1784	54.1028	105.625	87.6163	96.9863	79.9159	45.8732	68.2996
XLOC_021884	19.7698	25.2258	26.8933	38.1588	21.5892	25.9242	60.1115	32.8561	42.8251	33.5878	20.9928	19.2093
XLOC_021890	19.7698	22.7846	15.2395	19.0794	8.83194	22.5428	14.5985	12.9433	5.03825	12.7402	15.5503	15.652
XLOC_021898	1896.8	1658.39	1775.85	2418.31	1996.02	2179.89	2529.84	2312.87	2160.15	1601.79	1622.67	1555.95
XLOC_021925	10.9832	4.06867	2.68933	21.4643	12.7573	18.0343	11.1636	11.9477	16.3743	4.6328	11.6627	14.2291
XLOC_021928	8.78659	26.8532	8.06798	76.3175	125.61	73.2642	33.4907	33.8517	56.6803	205.002	194.378	198.496
XLOC_021957	23.0648	44.7554	47.5114	19.0794	32.3838	24.7971	47.2305	52.7689	49.1229	57.9101	48.2058	38.4185
XLOC_021986	63.7027	57.7751	78.8869	124.016	68.6929	109.333	37.7844	43.8081	59.1994	81.0741	75.4187	67.5881
XLOC_022000	119.717	116.364	95.9193	72.7401	74.5809	85.6627	65.264	79.6512	74.3142	38.2206	43.5407	46.9559
XLOC_022010	1869.35	1602.24	1620.77	2068.92	1690.83	1944.32	2172.6	2023.14	1677.74	1379.42	1610.23	1411.52
XLOC_022043	64.8011	46.3828	55.5794	58.4306	71.6369	63.1199	33.4907	46.7951	37.7869	59.0683	69.9761	87.5088
XLOC_022045	47.2279	35.8043	51.9937	59.6231	71.6369	56.3571	56.6766	52.7689	51.6421	86.8651	62.9785	75.4141
XLOC_022053	8.78659	5.69614	12.5502	21.4643	9.81327	16.9071	2.57621	2.98692	3.77869	3.4746	5.44259	8.53745
XLOC_022060	41.7363	30.9219	32.2719	25.0417	30.4211	33.8142	30.0558	42.8125	23.9317	66.0175	51.3158	46.9559
XLOC_022062	26.3598	32.5494	45.7186	9.53969	7.85062	12.3986	24.9034	32.8561	27.7104	20.8476	22.5479	30.5925
XLOC_022064	4.39329	4.06867	10.7573	2.38492	9.81327	6.76285	4.29368	4.9782	1.25956	2.3164	6.99761	2.13436
XLOC_022097	87.8659	71.6086	93.23	36.9663	43.1784	29.3057	102.19	123.459	124.697	35.9042	26.4354	39.13
XLOC_022099	328.399	301.082	282.379	156.212	163.882	193.868	424.216	418.169	500.046	135.51	156.28	172.172
XLOC_022115	204.288	218.894	194.528	81.0874	54.9543	46.2128	231.859	228.997	220.423	108.871	116.627	119.524
XLOC_022121	0	0	1.79288	0	0	0	0	0	1.25956	0	0	7.82599
XLOC_022122	0	0	0	1.19246	1.96265	2.25428	1.71747	1.99128	2.51913	9.26561	1.55503	1.42291
XLOC_022136	25.2614	20.3434	18.8253	16.6945	18.6452	12.3986	26.6208	24.891	32.7486	4.6328	7.77513	12.8062
XLOC_022151	14.2782	13.0197	29.5826	8.34723	10.7946	7.88999	26.6208	23.8953	25.1913	19.6894	10.8852	7.82599
XLOC_022152	63.7027	91.1382	90.5407	76.3175	92.2447	91.2984	64.4052	46.7951	56.6803	184.154	157.835	178.575
XLOC_022155	237.238	171.698	159.567	208.681	216.873	238.954	115.071	155.32	114.62	318.505	290.79	308.771
XLOC_022178	59.3095	56.1477	58.2688	168.137	145.236	126.24	20.6097	22.8997	18.8934	38.2206	31.1005	17.7863
XLOC_022179	394.298	392.22	314.651	424.516	382.718	382.101	213.825	195.145	191.454	53.2773	65.3111	48.3789
XLOC_022187	125.209	128.57	119.227	38.1588	31.4025	46.2128	26.6208	31.8605	17.6339	33.5878	41.2082	29.1696
XLOC_022230	9.88491	7.32361	4.48221	11.9246	20.6079	4.50856	6.01115	16.9259	7.55738	16.2148	7.77513	7.11454
XLOC_022245	0	6.50987	0.896442	1.19246	0	0	0	0	0	0	1.55503	0
XLOC_022257	15.3765	18.7159	11.6538	133.556	169.77	114.968	97.8959	50.7776	90.6885	165.623	167.165	148.694
XLOC_022258	119.717	128.57	102.194	63.2004	50.0477	65.3742	77.2863	97.5727	76.8333	46.328	56.7584	29.1696
XLOC_022269	6.58994	9.76481	12.5502	2.38492	7.85062	1.12714	18.8922	12.9433	15.1148	10.4238	13.2177	8.53745
XLOC_022274	32.9497	26.0395	21.5146	47.6984	29.4398	55.2299	27.4796	22.8997	21.4126	45.1698	20.9928	29.8811
XLOC_022285	13.1799	4.88241	9.86087	20.2718	9.81327	9.01713	7.72863	3.98256	2.51913	17.373	12.4402	6.40308
XLOC_022287	1.09832	0	4.48221	2.38492	3.92531	0	0	0	0	1.1582	8.55264	1.42291
XLOC_022292	30.7531	57.7751	45.7186	149.058	175.658	94.6799	63.5465	40.8212	90.6885	105.396	61.4235	100.315
XLOC_022303	66.9977	60.2163	52.8901	57.2381	56.917	68.7556	51.5242	52.7689	37.7869	46.328	54.4259	44.1101
XLOC_022310	54.9162	39.0592	43.9257	17.8869	23.5518	34.9414	133.104	105.538	69.2759	27.7968	13.2177	26.3238
XLOC_022313	13.1799	2.4412	22.4111	9.53969	4.90664	9.01713	54.9591	50.7776	28.9699	2.3164	3.88756	3.55727
XLOC_022342	527.195	489.868	420.432	567.612	503.421	526.375	311.721	320.596	308.593	570.993	547.369	500.152
XLOC_022347	14.2782	15.4609	3.58577	21.4643	21.5892	18.0343	16.316	5.97384	6.29781	19.6894	19.4378	16.3634
XLOC_022383	70.2927	32.5494	53.7865	45.3135	76.5435	85.6627	110.777	98.5683	94.4672	115.82	64.5336	80.3943
XLOC_022390	25.2614	39.873	48.4079	21.4643	25.5145	28.1785	55.8179	45.7994	61.7186	11.582	13.9952	20.6322
XLOC_022392	101.046	89.5108	76.1976	35.7738	23.5518	39.4499	90.1673	103.546	81.8716	26.6386	23.3254	15.652
XLOC_022401	17.5732	32.5494	25.9968	33.3889	20.6079	21.4157	14.5985	18.9171	17.6339	10.4238	14.7727	27.7467
XLOC_022409	36.2447	37.4318	45.7186	40.5437	52.9917	46.2128	19.7509	24.891	21.4126	17.373	32.6555	28.4582
XLOC_022415	215.271	214.012	244.729	205.103	211.967	241.208	142.55	211.076	206.568	128.56	172.608	150.828
XLOC_022417	175.732	144.845	152.395	219.413	231.593	232.191	100.472	140.385	119.658	137.826	137.62	127.35
XLOC_022451	25.2614	21.9708	17.9288	25.0417	29.4398	20.2885	12.0223	11.9477	10.0765	30.1132	34.2106	20.6322
XLOC_022470	23.0648	38.2455	21.5146	51.2758	28.4585	56.3571	21.4684	27.8779	26.4508	9.26561	11.6627	13.5176
XLOC_022498	43.9329	51.2653	34.9613	22.6568	16.6826	16.9071	50.6654	59.7384	27.7104	26.6386	27.2129	14.2291
XLOC_022499	59.3095	31.7356	34.0648	10.7322	12.7573	5.63571	37.7844	25.8866	20.153	6.94921	6.2201	7.11454
XLOC_022522	62.6044	40.6867	60.9581	23.8492	21.5892	29.3057	20.6097	21.9041	16.3743	39.3788	31.1005	22.0551
XLOC_022523	65.8994	72.4223	81.5763	47.6984	45.141	33.8142	28.3383	24.891	41.5656	48.6444	46.6508	45.533
XLOC_022528	73.5877	61.0301	53.7865	77.51	67.7116	85.6627	50.6654	60.734	50.3825	171.414	329.665	212.013
XLOC_022529	82.3742	60.2163	51.0972	108.514	91.2634	101.443	60.9703	54.7602	47.8634	132.035	290.012	179.998
XLOC_022530	15.3765	4.06867	11.6538	27.4266	23.5518	18.0343	5.15242	12.9433	1.25956	33.5878	35.7656	34.8612
XLOC_022531	5.49162	0.813734	8.96442	14.3095	0	3.38142	3.43495	1.99128	1.25956	11.582	23.3254	12.0947
XLOC_022536	375.627	303.523	268.036	257.572	203.135	226.555	382.138	476.911	326.227	289.55	276.017	278.89
XLOC_022538	18.6715	45.5691	53.7865	33.3889	46.1224	28.1785	53.2417	15.9302	47.8634	79.9159	43.5407	70.4339
XLOC_022550	10.9832	19.5296	23.3075	25.0417	45.141	20.2885	34.3495	25.8866	35.2678	39.3788	29.5455	41.9758
XLOC_022554	54.9162	38.2455	47.5114	53.6608	32.3838	66.5013	31.7732	65.7122	18.8934	15.0566	38.8756	27.7467
XLOC_022555	155.962	87.0696	104.884	133.556	90.2821	107.078	79.8625	140.385	80.612	77.5995	87.8589	62.6079
XLOC_022605	8.78659	7.32361	7.17154	20.2718	16.6826	9.01713	5.15242	2.98692	3.77869	5.79101	3.88756	0.711454
XLOC_022616	43.9329	45.5691	41.2364	20.2718	9.81327	27.0514	24.9034	29.8692	13.8552	11.582	22.5479	10.6718
XLOC_022632	12.0816	19.5296	17.9288	2.38492	8.83194	5.63571	38.6431	29.8692	42.8251	15.0566	10.1077	14.9405
XLOC_022635	1007.16	942.304	790.662	85.8572	121.685	109.333	589.952	789.542	526.497	98.4471	134.51	145.848
XLOC_022636	26.3598	21.1571	25.1004	3.57738	3.92531	2.25428	25.7621	21.9041	21.4126	1.1582	6.99761	5.69163
XLOC_022648	21.9665	29.2944	18.8253	11.9246	13.7386	12.3986	26.6208	20.9084	30.2295	23.164	17.8828	28.4582
XLOC_022655	31.8514	47.1966	26.8933	25.0417	15.7012	15.78	51.5242	51.7732	51.6421	12.7402	15.5503	10.6718
XLOC_022667	53.8178	51.2653	50.2008	34.5814	37.2904	45.0856	24.9034	30.8648	27.7104	44.0116	31.878	32.7269
XLOC_022692	12.0816	0	0.896442	0	0	0	0	0	0	0	0.777513	0
XLOC_022711	1.09832	0.813734	0	0	8.83194	2.25428	0	0	0	3.4746	2.33254	0
XLOC_022731	421.756	764.096	760.183	733.364	686.929	636.835	993.558	873.176	913.183	807.266	662.441	787.579
XLOC_022732	14.2782	16.2747	25.1004	11.9246	12.7573	12.3986	30.0558	23.8953	41.5656	31.2714	25.6579	27.7467
XLOC_022746	127.405	122.06	119.227	27.4266	22.5705	19.1614	127.093	125.451	91.9481	45.1698	45.8732	41.2643
XLOC_022756	0	1.62747	0.896442	0	0	0	0.858736	0.995639	0	4.6328	5.44259	1.42291
XLOC_022757	62.6044	51.2653	54.683	38.1588	31.4025	30.4328	68.6989	48.7863	68.0164	55.5937	27.9905	24.1894
XLOC_022761	4.39329	1.62747	0	1.19246	0.981327	11.2714	0	0.995639	3.77869	0	0	0
XLOC_022773	40.638	21.9708	31.3755	9.53969	13.7386	7.88999	36.9257	54.7602	30.2295	1.1582	16.3278	13.5176
XLOC_022774	101.046	111.482	80.6798	63.2004	80.4688	84.5356	170.889	127.442	123.437	106.555	61.4235	77.5485
XLOC_022791	92.2592	82.1872	85.162	52.4683	59.8609	51.8485	69.5576	100.56	44.0847	72.9667	50.5383	73.2797
XLOC_022843	63.7027	90.3245	89.6442	101.359	123.647	73.2642	135.68	111.512	163.743	122.769	129.067	158.654
XLOC_022872	13.1799	14.6472	15.2395	16.6945	23.5518	22.5428	15.4573	22.8997	21.4126	28.955	9.33015	25.6123
XLOC_022890	0	0	0	0	0.981327	6.76285	0.858736	0.995639	0	2.3164	6.2201	2.13436
XLOC_022897	53.8178	39.0592	23.3075	67.9703	64.7676	87.917	32.632	29.8692	41.5656	42.8534	67.6436	64.7423
XLOC_022898	87.8659	91.1382	56.4759	47.6984	50.0477	68.7556	113.353	114.499	125.956	89.1815	94.8565	96.0463
XLOC_022908	232.845	234.355	216.939	115.669	126.591	105.951	191.498	177.224	185.156	192.261	132.955	185.689
XLOC_022909	36.2447	50.4515	71.7154	93.012	105.002	123.986	70.4164	48.7863	90.6885	94.9725	119.737	138.733
XLOC_022910	90.0625	108.227	64.5439	193.179	167.807	171.325	97.8959	129.433	99.5054	154.041	174.94	122.37
XLOC_022956	144.979	135.08	125.502	81.0874	93.2261	67.6285	92.7435	105.538	94.4672	111.187	122.847	113.121
XLOC_022983	1288.33	1126.21	1175.24	1440.49	1210.96	1412.31	1429.8	1698.56	1472.43	796.842	900.36	946.945
XLOC_023008	203.19	196.924	264.451	176.484	162.9	236.7	364.963	431.112	317.41	177.205	169.498	139.445
XLOC_023013	9.88491	12.206	8.06798	5.96231	12.7573	10.1443	15.4573	3.98256	3.77869	8.10741	3.11005	11.3833
XLOC_023017	1.09832	0	0	5.96231	1.96265	2.25428	0	0	0	2.3164	4.66508	1.42291
XLOC_023022	9.88491	18.7159	22.4111	2.38492	6.86929	4.50856	24.0446	25.8866	31.4891	18.5312	12.4402	31.304
XLOC_023040	311.924	339.327	377.402	234.915	344.446	324.617	420.781	485.872	442.106	201.527	267.464	231.222
XLOC_023043	1299.32	1100.17	1200.34	1513.23	1451.38	1510.37	1726.92	2291.96	1764.65	962.465	1098.63	824.575
XLOC_023051	71.391	61.0301	86.0585	102.552	72.6182	120.604	70.4164	65.7122	68.0164	61.3847	68.4211	43.3987
XLOC_023061	60.4078	45.5691	44.8221	54.8532	57.8983	42.8314	22.3271	49.782	23.9317	30.1132	46.6508	39.8414
XLOC_023065	3.29497	9.76481	0	0	0	0	0.858736	0	5.03825	2.3164	3.88756	0
XLOC_023087	693.042	620.879	575.516	823.991	643.751	777.727	451.695	684.004	641.117	545.513	546.591	542.839
XLOC_023112	47.2279	52.079	59.1652	31.004	44.1597	25.9242	36.9257	44.8038	65.4973	66.0175	52.0933	78.2599
XLOC_023116	56.0145	79.7459	94.1265	84.6647	66.7302	75.5185	64.4052	79.6512	55.4208	28.955	53.6484	55.4934
XLOC_023135	97.7508	126.129	105.78	36.9663	39.2531	31.56	121.082	128.437	123.437	27.7968	24.8804	20.6322
XLOC_023138	27.4581	13.0197	15.2395	4.76984	5.88796	4.50856	35.2082	16.9259	18.8934	8.10741	5.44259	6.40308
XLOC_023152	18.6715	20.3434	22.4111	19.0794	17.6639	21.4157	12.881	9.95639	15.1148	6.94921	10.1077	16.3634
XLOC_023153	0	0	0	9.53969	0	0	0	0	0	0	0	0
XLOC_023156	3.29497	2.4412	0.896442	2.38492	0	3.38142	0	0	0	0	5.44259	2.13436
XLOC_023157	17.5732	11.3923	10.7573	53.6608	22.5705	54.1028	44.6543	21.9041	34.0082	10.4238	26.4354	10.6718
XLOC_023162	13.1799	4.88241	6.2751	4.76984	11.7759	5.63571	5.15242	1.99128	8.81694	8.10741	6.2201	2.84582
XLOC_023179	50.5229	34.9906	23.3075	73.9326	63.7863	75.5185	37.7844	36.8387	39.0464	56.7519	47.4283	36.2841
XLOC_023192	51.6212	47.1966	43.0292	23.8492	16.6826	36.0685	36.9257	53.7645	51.6421	17.373	17.1053	17.7863
XLOC_023206	26.3598	39.0592	36.7541	15.502	14.7199	10.1443	51.5242	48.7863	34.0082	18.5312	19.4378	20.6322
XLOC_023220	7.68826	0	0	0	0	0	0.858736	0	0	0	0	0.711454
XLOC_023224	3.29497	0.813734	3.58577	13.1171	2.94398	5.63571	9.4461	3.98256	2.51913	1.1582	8.55264	3.55727
XLOC_023237	28.5564	47.1966	60.9581	56.0457	53.973	48.4671	60.9703	34.8474	54.1612	68.3339	66.8661	88.9317
XLOC_023255	8.78659	5.69614	7.17154	25.0417	7.85062	13.5257	7.72863	4.9782	2.51913	15.0566	9.33015	14.9405
XLOC_023263	349.267	442.671	424.914	510.373	567.207	445.221	376.985	294.709	415.656	660.175	549.701	588.372
XLOC_023274	7.68826	6.50987	1.79288	4.76984	3.92531	2.25428	12.881	12.9433	11.3361	10.4238	10.8852	10.6718
XLOC_023291	20.8681	20.3434	21.5146	16.6945	13.7386	24.7971	2.57621	9.95639	10.0765	5.79101	15.5503	11.3833
XLOC_023297	488.754	463.828	550.416	138.326	199.209	175.834	321.167	324.578	312.372	115.82	203.708	131.619
XLOC_023306	35.1463	27.667	27.7897	25.0417	21.5892	30.4328	20.6097	13.939	23.9317	17.373	20.9928	14.2291
XLOC_023310	3.29497	34.9906	42.1328	14.3095	44.1597	15.78	18.0335	11.9477	17.6339	32.4296	29.5455	43.3987
XLOC_023318	104.341	80.5597	80.6798	58.4306	44.1597	59.7385	68.6989	56.7514	64.2377	31.2714	58.3135	59.7621
XLOC_023327	77.9809	78.1185	95.0229	41.7361	47.1037	57.4842	122.799	123.459	105.803	92.6561	83.9714	71.1454
XLOC_023332	35.1463	42.3142	54.683	23.8492	24.5332	19.1614	64.4052	42.8125	46.6038	11.582	20.2153	29.8811
XLOC_023333	16.4748	16.2747	9.86087	14.3095	11.7759	6.76285	22.3271	26.8823	20.153	8.10741	14.7727	4.26872
XLOC_023339	35.1463	39.0592	39.4435	16.6945	13.7386	10.1443	21.4684	30.8648	35.2678	40.537	25.6579	21.3436
XLOC_023353	17.5732	16.2747	21.5146	1.19246	6.86929	10.1443	11.1636	20.9084	21.4126	23.164	29.5455	13.5176
XLOC_023363	68.096	78.1185	68.1296	84.6647	71.6369	89.0441	172.606	101.555	157.445	144.775	86.3039	88.9317
XLOC_023383	41.7363	26.0395	65.4403	14.3095	28.4585	19.1614	59.2528	63.7209	34.0082	34.746	24.8804	22.7665
XLOC_023386	58.2111	34.9906	50.2008	71.5477	49.0664	61.9928	62.6878	54.7602	30.2295	16.2148	45.8732	41.9758
XLOC_023389	173.535	111.482	137.156	183.639	188.415	241.208	249.892	292.718	225.462	200.369	157.058	133.042
XLOC_023392	18.6715	27.667	17.9288	17.8869	21.5892	27.0514	25.7621	25.8866	37.7869	49.8026	45.8732	49.0903
XLOC_023417	39.5396	31.7356	22.4111	20.2718	14.7199	22.5428	23.1859	33.8517	26.4508	8.10741	17.1053	9.2489
XLOC_023420	4.39329	8.13734	2.68933	11.9246	5.88796	3.38142	5.15242	6.96948	8.81694	4.6328	5.44259	4.98018
XLOC_023441	387.708	288.062	343.337	478.177	389.587	480.162	350.364	476.911	367.792	288.392	303.23	273.91
XLOC_023450	17.5732	38.2455	34.0648	13.1171	37.2904	23.67	40.3606	26.8823	32.7486	8.10741	15.5503	22.0551
XLOC_023451	2488.8	1979.82	1852.05	2555.44	2106.91	2257.66	2370.97	2398.5	2282.33	1569.36	2000.54	1818.48
XLOC_023457	51.6212	39.873	49.3043	17.8869	32.3838	33.8142	37.7844	38.8299	41.5656	54.4355	55.2034	51.2247
XLOC_023484	121.914	89.5108	70.819	97.7818	60.8423	92.4256	72.1338	82.6381	68.0164	62.5429	58.3135	47.6674
XLOC_023499	0	0	0	9.53969	0.981327	2.25428	0.858736	1.99128	3.77869	0	0.777513	0.711454
XLOC_023500	104.341	105.785	91.4371	20.2718	26.4958	19.1614	173.465	128.437	156.186	11.582	2.33254	6.40308
XLOC_023501	154.864	137.521	108.47	22.6568	21.5892	24.7971	173.465	173.241	112.101	9.26561	3.88756	10.6718
XLOC_023502	90.0625	65.9125	55.5794	7.15477	10.7946	13.5257	84.1562	81.6424	57.9399	2.3164	3.11005	0.711454
XLOC_023503	20.8681	16.2747	9.86087	0	0	0	0	0	0	0	0	0
XLOC_023507	25.2614	30.1082	28.6862	10.7322	1.96265	11.2714	30.0558	32.8561	36.5273	5.79101	4.66508	2.84582
XLOC_023508	60.4078	58.5889	31.3755	63.2004	49.0664	48.4671	74.7101	96.577	69.2759	23.164	34.2106	35.5727
XLOC_023510	12.0816	17.9022	13.4466	1.19246	0	4.50856	30.9145	26.8823	26.4508	12.7402	8.55264	11.3833
XLOC_023514	21.9665	13.0197	18.8253	17.8869	30.4211	18.0343	8.58736	4.9782	10.0765	13.8984	20.9928	14.2291
XLOC_023523	14.2782	37.4318	34.0648	13.1171	35.3278	23.67	22.3271	14.9346	18.8934	50.9608	31.1005	39.8414
XLOC_023544	7.68826	7.32361	5.37865	15.502	12.7573	22.5428	8.58736	3.98256	5.03825	6.94921	14.7727	6.40308
XLOC_023551	9.88491	7.32361	11.6538	3.57738	8.83194	4.50856	30.0558	26.8823	45.3443	28.955	16.3278	39.13
XLOC_023563	41.7363	30.9219	28.6862	22.6568	15.7012	19.1614	40.3606	35.843	31.4891	27.7968	10.8852	9.96035
XLOC_023582	40.638	27.667	34.9613	29.8115	47.1037	42.8314	44.6543	32.8561	44.0847	151.724	79.3063	89.6432
XLOC_023583	47.2279	49.6378	47.5114	13.1171	4.90664	2.25428	20.6097	29.8692	26.4508	40.537	27.2129	24.9009
XLOC_023584	222.96	319.798	310.169	72.7401	77.5248	73.2642	69.5576	103.546	104.544	170.256	155.503	171.46
XLOC_023585	26.3598	25.2258	14.3431	7.15477	5.88796	7.88999	27.4796	27.8779	41.5656	6.94921	15.5503	17.0749
XLOC_023587	353.66	345.023	334.373	104.937	111.871	93.5527	392.442	320.596	389.205	125.086	87.8589	106.007
XLOC_023589	285.564	342.582	389.952	108.514	109.909	71.0099	371.833	338.517	421.953	112.346	146.172	128.773
XLOC_023591	152.667	164.374	126.398	304.078	208.041	183.724	229.283	164.281	290.959	715.768	660.886	901.412
XLOC_023592	1.09832	2.4412	3.58577	31.004	20.6079	23.67	6.01115	0	7.55738	52.1191	55.2034	67.5881
XLOC_023593	527.195	607.859	494.836	171.714	132.479	179.215	507.513	386.308	511.382	440.116	362.321	485.211
XLOC_023594	642.519	1185.61	1050.63	326.734	386.643	463.255	640.617	600.371	643.637	472.546	308.673	284.582
XLOC_023597	158.159	147.286	126.398	246.839	233.556	226.555	92.7435	101.555	91.9481	180.679	194.378	196.361
XLOC_023624	14.2782	12.206	12.5502	3.57738	18.6452	11.2714	17.1747	18.9171	3.77869	8.10741	8.55264	5.69163
XLOC_023626	4.39329	0.813734	2.68933	0	0	0	0	0.995639	1.25956	0	3.88756	12.0947
XLOC_023630	73.5877	61.0301	70.819	54.8532	38.2718	47.3399	126.234	105.538	85.6503	47.4862	60.646	44.1101
XLOC_023647	24.1631	30.9219	35.8577	5.96231	5.88796	11.2714	15.4573	28.8735	16.3743	8.10741	12.4402	12.0947
XLOC_023648	40.638	30.1082	27.7897	34.5814	52.9917	52.9756	19.7509	21.9041	26.4508	28.955	27.9905	23.478
XLOC_023658	83.4726	87.8833	95.0229	16.6945	16.6826	34.9414	433.662	454.012	353.937	6.94921	18.6603	6.40308
XLOC_023678	3.29497	5.69614	2.68933	0	0.981327	0	6.86989	10.952	1.25956	0	0	0
XLOC_023681	16.4748	8.95108	12.5502	32.1965	42.1971	34.9414	13.7398	10.952	18.8934	42.8534	24.1029	24.9009
XLOC_023721	10.9832	21.1571	18.8253	7.15477	18.6452	11.2714	13.7398	6.96948	6.29781	30.1132	23.3254	38.4185
XLOC_023722	406.38	284.807	280.586	66.7778	76.5435	74.3913	400.171	406.221	324.967	89.1815	76.9738	69.011
XLOC_023724	472.279	507.77	576.412	488.909	466.13	506.086	645.77	648.161	614.667	401.896	434.63	464.579
XLOC_023727	21.9665	4.88241	15.2395	13.1171	19.6265	4.50856	17.1747	18.9171	6.29781	10.4238	13.9952	12.8062
XLOC_023731	10.9832	8.13734	15.2395	9.53969	8.83194	5.63571	6.86989	4.9782	10.0765	3.4746	6.99761	4.98018
XLOC_023733	2.19665	6.50987	1.79288	0	0	0	0	0.995639	5.03825	0	3.11005	0.711454
XLOC_023734	32.9497	54.5202	68.1296	27.4266	60.8423	29.3057	48.0892	53.7645	51.6421	93.8143	59.091	73.9912
XLOC_023736	69.1944	51.2653	51.0972	63.2004	45.141	48.4671	48.948	70.6904	49.1229	23.164	38.8756	25.6123
XLOC_023740	129.602	103.344	104.884	120.439	168.788	133.003	117.647	77.6599	98.2459	189.945	136.065	164.346
XLOC_023742	84.5709	113.923	71.7154	146.673	108.927	119.477	112.494	106.533	68.0164	83.3905	96.4116	76.837
XLOC_023778	51.6212	65.0987	60.9581	69.1628	76.5435	107.078	32.632	46.7951	39.0464	93.8143	51.3158	50.5132
XLOC_023780	15.3765	12.206	11.6538	26.2341	22.5705	24.7971	11.1636	7.96512	30.2295	30.1132	24.1029	19.9207
XLOC_023799	45.0313	63.4713	40.3399	35.7738	26.4958	49.5942	64.4052	74.673	55.4208	28.955	29.5455	40.5529
XLOC_023802	40.638	156.237	174.806	149.058	184.489	140.893	287.677	250.901	259.47	199.211	170.275	249.72
XLOC_023803	124.111	124.501	129.984	87.0497	102.058	98.0613	202.662	176.228	162.484	160.99	120.514	144.425
XLOC_023804	77.9809	115.55	95.0229	87.0497	63.7863	100.316	176.041	163.285	142.331	110.029	89.414	107.43
XLOC_023818	47.2279	40.6867	63.6474	91.8195	68.6929	80.027	59.2528	61.7296	50.3825	45.1698	70.7537	51.9361
XLOC_023821	39.5396	25.2258	38.547	57.2381	40.2344	38.3228	19.7509	20.9084	27.7104	39.3788	31.878	34.8612
XLOC_023844	31.8514	40.6867	40.3399	15.502	27.4772	9.01713	41.2193	24.891	35.2678	31.2714	39.6531	46.9559
XLOC_023850	1.09832	0.813734	0.896442	3.57738	6.86929	0	0	0	0	0	0.777513	0.711454
XLOC_023881	176.83	168.443	167.635	101.359	93.2261	119.477	145.985	147.355	120.918	108.871	80.0838	63.3194
XLOC_023889	29.6547	22.7846	15.2395	4.76984	1.96265	2.25428	30.0558	18.9171	8.81694	0	0	0
XLOC_023939	34.048	23.5983	26.8933	33.3889	37.2904	30.4328	20.6097	29.8692	28.9699	56.7519	45.0957	46.9559
XLOC_023941	84.5709	100.089	102.194	115.669	150.143	122.858	49.8067	59.7384	88.1694	86.8651	77.7513	114.544
XLOC_023943	4.39329	17.9022	15.2395	10.7322	17.6639	5.63571	9.4461	10.952	10.0765	19.6894	13.2177	21.3436
XLOC_023958	6.58994	23.5983	24.2039	19.0794	29.4398	15.78	46.3718	25.8866	37.7869	31.2714	55.2034	69.7225
XLOC_023965	37.343	67.5399	65.4403	9.53969	6.86929	2.25428	19.7509	20.9084	13.8552	3.4746	0	2.84582
XLOC_023987	36.2447	23.5983	26.8933	51.2758	52.0103	42.8314	24.0446	16.9259	18.8934	57.9101	50.5383	43.3987
XLOC_024013	43.9329	43.1279	55.5794	67.9703	56.917	74.3913	96.1785	89.6075	54.1612	62.5429	63.756	81.8172
XLOC_024020	0	0	0.896442	0	7.85062	0	0	0	0	2.3164	1.55503	0.711454
XLOC_024054	12.0816	8.13734	17.9288	3.57738	7.85062	12.3986	19.7509	30.8648	25.1913	4.6328	4.66508	9.2489
XLOC_024057	56.0145	48.8241	36.7541	60.8155	34.3464	47.3399	29.197	41.8169	37.7869	25.4804	22.5479	30.5925
XLOC_024058	64.8011	82.1872	103.987	47.6984	56.917	33.8142	80.7212	74.673	83.1311	86.8651	55.2034	59.7621
XLOC_024065	93.3575	125.315	136.259	28.6191	35.3278	40.5771	308.286	197.137	288.44	17.373	5.44259	21.3436
XLOC_024067	332.792	277.483	303.894	255.187	143.274	245.717	599.398	540.632	508.863	42.8534	38.8756	39.13
XLOC_024073	15.3765	12.206	17.0324	13.1171	4.90664	13.5257	95.3197	84.6293	40.306	2.3164	4.66508	9.2489
XLOC_024076	28.5564	56.1477	56.4759	9.53969	11.7759	6.76285	37.7844	40.8212	23.9317	10.4238	4.66508	9.96035
XLOC_024077	23.0648	21.1571	16.136	9.53969	29.4398	13.5257	35.2082	46.7951	36.5273	19.6894	20.2153	17.7863
XLOC_024105	0	2.4412	0.896442	28.6191	17.6639	11.2714	5.15242	0.995639	3.77869	19.6894	12.4402	12.8062
XLOC_024106	0	0	0	0	0.981327	0	0	0	0	1.1582	10.1077	7.82599
XLOC_024108	21.9665	13.0197	5.37865	29.8115	38.2718	28.1785	9.4461	2.98692	17.6339	34.746	19.4378	21.3436
XLOC_024147	48.3262	39.0592	35.8577	47.6984	39.2531	46.2128	32.632	56.7514	46.6038	41.6952	42.7632	37.707
XLOC_024160	214.173	138.335	166.738	183.639	162.9	180.343	115.929	138.394	84.3907	115.82	142.285	109.564
XLOC_024165	3.29497	5.69614	7.17154	4.76984	4.90664	9.01713	37.7844	39.8256	22.6721	1.1582	2.33254	0.711454
XLOC_024169	40.638	25.2258	34.9613	9.53969	14.7199	11.2714	22.3271	12.9433	8.81694	18.5312	13.2177	15.652
XLOC_024204	13.1799	13.0197	18.8253	4.76984	11.7759	7.88999	27.4796	23.8953	18.8934	28.955	20.9928	32.0154
XLOC_024229	84.5709	76.491	74.4047	47.6984	47.1037	49.5942	60.1115	74.673	73.0546	86.8651	62.201	68.2996
XLOC_024256	36.2447	26.0395	31.3755	28.6191	40.2344	31.56	20.6097	12.9433	12.5956	20.8476	27.9905	29.8811
XLOC_024261	319.612	261.209	256.383	243.262	273.79	240.081	197.509	202.115	191.454	471.388	284.57	337.941
XLOC_024267	246.024	300.268	308.376	257.572	255.145	271.641	544.439	418.169	457.221	377.574	307.895	359.996
XLOC_024268	333.89	276.67	278.794	182.447	155.05	201.758	366.68	399.251	385.426	211.951	250.359	216.993
XLOC_024275	16.4748	7.32361	5.37865	20.2718	24.5332	27.0514	9.4461	4.9782	6.29781	9.26561	3.88756	4.98018
XLOC_024279	21.9665	13.0197	23.3075	28.6191	20.6079	42.8314	13.7398	15.9302	21.4126	17.373	20.9928	19.2093
XLOC_024288	1.09832	3.25494	0.896442	13.1171	4.90664	1.12714	0	0	0	0	1.55503	2.13436
XLOC_024300	14.2782	27.667	20.6182	17.8869	15.7012	13.5257	41.2193	29.8692	27.7104	31.2714	22.5479	33.4383
XLOC_024304	31.8514	33.3631	28.6862	23.8492	19.6265	18.0343	39.5019	34.8474	55.4208	57.9101	34.9881	60.4736
XLOC_024315	17.5732	38.2455	45.7186	22.6568	36.3091	16.9071	52.3829	43.8081	55.4208	18.5312	37.3206	71.1454
XLOC_024321	124.111	128.57	100.402	147.865	162.9	185.978	119.364	125.451	109.582	106.555	118.959	103.872
XLOC_024329	41.7363	43.1279	29.5826	51.2758	44.1597	56.3571	34.3495	20.9084	22.6721	50.9608	42.7632	48.3789
XLOC_024330	65.8994	140.776	162.256	124.016	97.1514	75.5185	119.364	87.6163	134.773	152.883	155.503	220.551
XLOC_024331	0	0	0	2.38492	0	0	0	0	0	10.4238	9.33015	13.5176
XLOC_024332	1.09832	1.62747	5.37865	15.502	10.7946	6.76285	61.829	41.8169	25.1913	2.3164	3.11005	3.55727
XLOC_024356	59.3095	114.737	106.677	13.1171	18.6452	19.1614	34.3495	48.7863	62.9781	37.0624	50.5383	68.2996
XLOC_024379	0	0	0	4.76984	2.94398	0	0.858736	0	1.25956	2.3164	6.2201	2.84582
XLOC_024381	1084.05	828.381	771.837	943.237	775.248	1228.58	1051.09	1018.54	692.759	470.23	499.941	402.683
XLOC_024382	119.717	145.658	159.567	94.2044	102.058	89.0441	158.007	176.228	146.109	67.1757	55.9809	68.2996
XLOC_024396	48.3262	68.3537	45.7186	44.1211	44.1597	46.2128	72.9926	75.6686	50.3825	82.2323	57.5359	81.8172
XLOC_024400	27.4581	38.2455	37.6506	35.7738	66.7302	52.9756	36.0669	45.7994	65.4973	61.3847	72.3087	76.1256
XLOC_024415	47.2279	23.5983	21.5146	4.76984	9.81327	4.50856	18.8922	29.8692	25.1913	15.0566	18.6603	24.1894
XLOC_024427	37.343	27.667	38.547	65.5854	45.141	77.7727	31.7732	63.7209	55.4208	30.1132	41.9857	30.5925
XLOC_024440	27.4581	30.1082	29.5826	9.53969	12.7573	7.88999	43.7956	28.8735	25.1913	24.3222	13.2177	21.3436
XLOC_024452	1.09832	1.62747	1.79288	0	0	0	6.86989	1.99128	0	1.1582	1.55503	3.55727
XLOC_024470	10.9832	12.206	18.8253	32.1965	25.5145	47.3399	25.7621	11.9477	18.8934	27.7968	27.2129	27.0352
XLOC_024475	94.4558	87.8833	86.9549	93.012	82.4315	103.697	139.115	151.337	133.514	70.6503	99.5216	64.7423
XLOC_024476	1361.92	1017.17	908.993	323.157	373.886	346.032	736.796	807.464	828.792	595.315	579.247	554.222
XLOC_024478	10.9832	7.32361	8.06798	14.3095	11.7759	19.1614	12.881	2.98692	3.77869	9.26561	16.3278	13.5176
XLOC_024505	3.29497	19.5296	21.5146	16.6945	26.4958	12.3986	30.0558	21.9041	28.9699	26.6386	41.2082	53.359
XLOC_024512	170.24	163.561	123.709	70.3552	51.029	47.3399	102.19	100.56	105.803	118.137	101.854	69.011
XLOC_024516	246.024	200.992	190.046	16.6945	15.7012	34.9414	223.271	241.94	173.82	64.8593	74.6412	55.4934
XLOC_024534	246.024	239.238	245.625	237.3	266.921	260.37	206.097	186.185	251.913	345.144	335.885	346.478
XLOC_024543	86.7675	107.413	128.191	94.2044	76.5435	131.876	77.2863	89.6075	91.9481	69.4921	74.6412	59.7621
XLOC_024548	0	0	0	0	0	0	0.858736	0.995639	5.03825	0	0	0
XLOC_024553	30.7531	19.5296	25.1004	28.6191	21.5892	37.1957	12.0223	13.939	10.0765	18.5312	16.3278	15.652
XLOC_024555	9.88491	8.13734	8.06798	15.502	11.7759	18.0343	20.6097	8.96075	22.6721	6.94921	4.66508	3.55727
XLOC_024576	0	0	0	4.76984	5.88796	2.25428	0.858736	1.99128	1.25956	3.4746	6.2201	2.13436
XLOC_024578	32.9497	91.952	69.9225	48.8909	63.7863	51.8485	105.625	75.6686	85.6503	55.5937	76.9738	83.2401
XLOC_024582	79.0793	120.433	132.673	113.284	129.535	103.697	176.9	149.346	196.492	122.769	104.187	114.544
XLOC_024583	348.168	616.811	581.791	318.387	546.599	422.678	660.368	594.397	914.442	462.122	496.053	613.273
XLOC_024584	56.0145	41.5004	42.1328	34.5814	25.5145	31.56	34.3495	33.8517	49.1229	28.955	23.3254	27.0352
XLOC_024598	3.29497	7.32361	8.96442	7.15477	0.981327	4.50856	13.7398	11.9477	10.0765	6.94921	1.55503	9.96035
XLOC_024602	4.39329	4.88241	3.58577	0	0	0	1.71747	0	1.25956	16.2148	0.777513	2.13436
XLOC_024640	8.78659	19.5296	15.2395	4.76984	8.83194	10.1443	31.7732	14.9346	26.4508	11.582	8.55264	11.3833
XLOC_024642	14.2782	20.3434	22.4111	16.6945	8.83194	9.01713	3.43495	3.98256	7.55738	1.1582	9.33015	7.11454
XLOC_024649	532.687	427.21	499.318	770.33	712.443	902.84	582.223	731.795	550.429	638.169	547.369	478.097
XLOC_024659	84.5709	95.2069	83.3691	188.409	155.05	156.673	103.907	139.39	90.6885	207.318	284.57	249.009
XLOC_024662	79.0793	72.4223	75.3012	4.76984	8.83194	1.12714	57.5353	42.8125	32.7486	16.2148	11.6627	22.0551
XLOC_024679	125.209	109.854	156.877	205.103	135.423	266.005	632.889	625.262	477.374	2.3164	3.88756	1.42291
XLOC_024680	177.928	173.325	267.14	292.153	181.545	368.575	864.747	972.74	794.784	1.1582	8.55264	5.69163
XLOC_024681	4.39329	3.25494	7.17154	13.1171	19.6265	18.0343	9.4461	0.995639	6.29781	5.79101	5.44259	9.96035
XLOC_024685	138.389	126.129	121.916	215.835	181.545	272.768	118.506	117.485	127.216	176.047	214.593	182.132
XLOC_024687	36.2447	27.667	25.9968	39.3512	38.2718	47.3399	17.1747	19.9128	22.6721	44.0116	38.0981	34.8612
XLOC_024689	56.0145	45.5691	39.4435	62.008	67.7116	82.2813	23.1859	32.8561	50.3825	69.4921	89.414	64.7423
XLOC_024719	19.7698	49.6378	35.8577	40.5437	57.8983	45.0856	32.632	37.8343	49.1229	62.5429	55.9809	76.1256
XLOC_024732	193.305	228.659	227.696	277.843	294.398	294.184	253.327	235.967	290.959	339.353	324.223	357.861
XLOC_024734	2.19665	3.25494	4.48221	4.76984	2.94398	10.1443	3.43495	0.995639	3.77869	15.0566	18.6603	14.2291
XLOC_024742	34.048	30.9219	13.4466	5.96231	2.94398	9.01713	13.7398	17.9215	11.3361	9.26561	3.11005	0
XLOC_024747	0	0.813734	0	0	0	0	0	0	0	0	0	8.53745
XLOC_024752	4.39329	8.13734	4.48221	9.53969	18.6452	10.1443	2.57621	9.95639	20.153	10.4238	13.2177	9.96035
XLOC_024755	382.216	495.564	400.71	134.748	141.311	123.986	699.87	623.27	575.62	282.601	169.498	189.247
XLOC_024763	60.4078	41.5004	40.3399	50.0834	68.6929	42.8314	40.3606	27.8779	41.5656	126.244	90.1915	51.9361
XLOC_024766	50.5229	53.7065	61.8545	52.4683	75.5622	76.6456	98.7547	69.6948	103.284	92.6561	94.8565	108.852
XLOC_024800	27.4581	45.5691	31.3755	64.3929	52.9917	65.3742	44.6543	51.7732	50.3825	22.0058	29.5455	32.0154
XLOC_024801	14.2782	3.25494	5.37865	14.3095	5.88796	23.67	16.316	11.9477	15.1148	11.582	8.55264	7.82599
XLOC_024803	6.58994	6.50987	5.37865	1.19246	6.86929	11.2714	1.71747	4.9782	8.81694	11.582	5.44259	4.26872
XLOC_024807	94.4558	48.8241	56.4759	34.5814	25.5145	19.1614	48.948	99.5639	64.2377	32.4296	18.6603	22.0551
XLOC_024824	0	0.813734	2.68933	0	0	0	2.57621	3.98256	1.25956	0	2.33254	6.40308
XLOC_024871	9.88491	3.25494	2.68933	7.15477	14.7199	16.9071	6.86989	3.98256	10.0765	9.26561	11.6627	16.3634
XLOC_024897	8.78659	7.32361	16.136	3.57738	8.83194	5.63571	5.15242	6.96948	16.3743	12.7402	13.9952	22.0551
XLOC_024905	66.9977	76.491	72.6118	46.506	44.1597	38.3228	80.7212	71.686	62.9781	55.5937	46.6508	54.0705
XLOC_024906	24.1631	39.873	23.3075	5.96231	8.83194	1.12714	37.7844	35.843	26.4508	11.582	12.4402	17.7863
XLOC_024913	23.0648	12.206	12.5502	20.2718	17.6639	23.67	45.513	29.8692	31.4891	4.6328	6.2201	4.98018
XLOC_024917	115.324	172.512	124.605	90.6271	86.3568	66.5013	249.892	188.176	216.645	112.346	90.969	100.315
XLOC_024931	1628.81	1393.93	1268.47	1430.95	1206.05	1583.63	1650.49	1713.5	1479.99	1008.79	1208.25	1088.52
XLOC_024935	23.0648	13.0197	9.86087	42.9286	18.6452	34.9414	16.316	11.9477	27.7104	4.6328	24.8804	5.69163
XLOC_024948	51.6212	50.4515	55.5794	23.8492	21.5892	39.4499	43.7956	48.7863	54.1612	24.3222	44.3182	27.0352
XLOC_024962	12.0816	13.8335	18.8253	27.4266	21.5892	6.76285	13.7398	12.9433	7.55738	11.582	17.8828	18.4978
XLOC_024967	20.8681	9.76481	12.5502	3.57738	9.81327	11.2714	11.1636	10.952	8.81694	5.79101	3.88756	4.26872
XLOC_025000	25.2614	42.3142	47.5114	2.38492	6.86929	5.63571	32.632	36.8387	23.9317	2.3164	0.777513	3.55727
XLOC_025032	19.7698	31.7356	21.5146	11.9246	20.6079	11.2714	36.9257	35.843	27.7104	31.2714	22.5479	24.1894
XLOC_025055	70.2927	77.3047	72.6118	122.824	123.647	138.638	124.517	153.328	81.8716	72.9667	76.1962	56.2048
XLOC_025074	1445.39	1276.75	1132.21	159.79	188.415	208.521	846.714	920.966	749.44	165.623	115.849	135.176
XLOC_025075	487.656	731.547	642.749	113.284	95.1887	92.4256	461.141	394.273	410.617	83.3905	67.6436	91.7775
XLOC_025076	749.056	603.791	586.273	224.183	178.602	215.284	391.584	304.666	356.456	170.256	127.512	113.121
XLOC_025077	875.364	775.489	806.798	94.2044	72.6182	96.9341	360.669	302.674	290.959	122.769	73.8637	51.9361
XLOC_025083	15.3765	12.206	12.5502	5.96231	0.981327	12.3986	22.3271	15.9302	22.6721	6.94921	20.2153	7.82599
XLOC_025086	14.2782	12.206	13.4466	16.6945	7.85062	9.01713	30.9145	21.9041	37.7869	6.94921	8.55264	4.98018
XLOC_025087	13.1799	33.3631	22.4111	8.34723	14.7199	3.38142	38.6431	34.8474	49.1229	8.10741	8.55264	7.11454
XLOC_025097	57.1128	42.3142	36.7541	7.15477	5.88796	19.1614	64.4052	63.7209	46.6038	39.3788	34.2106	29.1696
XLOC_025111	63.7027	74.8635	55.5794	56.0457	51.029	45.0856	24.0446	27.8779	35.2678	25.4804	48.2058	35.5727
XLOC_025113	13.1799	10.5785	13.4466	10.7322	6.86929	14.6528	15.4573	21.9041	27.7104	8.10741	2.33254	3.55727
XLOC_025132	101.046	110.668	109.366	171.714	142.292	146.528	106.483	104.542	86.9098	245.539	181.938	165.769
XLOC_025134	36.2447	27.667	26.8933	41.7361	54.9543	76.6456	28.3383	20.9084	26.4508	56.7519	60.646	59.0507
XLOC_025137	174.633	70.7949	138.052	314.81	157.994	377.592	139.974	109.52	130.995	159.832	195.933	132.33
XLOC_025141	28.5564	28.4807	18.8253	69.1628	47.1037	37.1957	28.3383	16.9259	13.8552	53.2773	56.7584	39.8414
XLOC_025142	10.9832	12.206	8.96442	15.502	15.7012	13.5257	14.5985	17.9215	12.5956	25.4804	40.4307	36.9956
XLOC_025171	1159.83	1504.59	1613.6	2266.87	2147.14	1906	1959.64	1892.71	2005.22	1979.37	2001.32	2169.22
XLOC_025187	5.49162	31.7356	23.3075	20.2718	38.2718	23.67	24.0446	12.9433	7.55738	48.6444	20.9928	32.7269
XLOC_025189	69.1944	43.1279	31.3755	48.8909	55.9356	61.9928	42.0781	50.7776	42.8251	47.4862	51.3158	29.8811
XLOC_025226	15.3765	15.4609	19.7217	34.5814	30.4211	29.3057	48.0892	24.891	39.0464	47.4862	33.433	49.0903
XLOC_025236	53.8178	37.4318	38.547	109.706	145.236	64.247	74.7101	35.843	60.459	104.238	94.8565	155.808
XLOC_025237	72.4893	88.697	70.819	13.1171	28.4585	27.0514	130.528	101.555	122.178	53.2773	32.6555	54.0705
XLOC_025253	0	4.06867	0.896442	0	0	1.12714	0.858736	7.96512	0	0	0	0
XLOC_025275	172.437	170.884	148.809	166.945	167.807	175.834	169.171	171.25	176.339	85.7069	149.282	130.907
XLOC_025281	8.78659	10.5785	14.3431	26.2341	27.4772	33.8142	11.1636	8.96075	7.55738	13.8984	7.77513	8.53745
XLOC_025288	0	0	0	3.57738	4.90664	9.01713	0.858736	2.98692	1.25956	3.4746	4.66508	2.84582
XLOC_025310	13.1799	8.95108	11.6538	48.8909	29.4398	41.7042	17.1747	17.9215	23.9317	12.7402	20.9928	17.0749
XLOC_025331	62.6044	41.5004	54.683	87.0497	77.5248	92.4256	47.2305	54.7602	30.2295	64.8593	67.6436	46.9559
XLOC_025340	1.09832	0.813734	0	10.7322	0.981327	3.38142	0	0	0	1.1582	0.777513	0
XLOC_025347	47.2279	74.0498	79.7834	27.4266	36.3091	49.5942	68.6989	65.7122	83.1311	60.2265	49.7608	49.0903
XLOC_025374	56.0145	53.7065	51.0972	97.7818	65.7489	64.247	36.0669	50.7776	27.7104	42.8534	37.3206	56.9163
XLOC_025384	12.0816	24.412	17.0324	17.8869	17.6639	13.5257	29.197	25.8866	44.0847	46.328	32.6555	33.4383
XLOC_025404	300.941	265.277	259.968	294.538	261.033	324.617	400.171	452.02	367.792	182.996	214.593	198.496
XLOC_025418	1.09832	4.06867	4.48221	3.57738	1.96265	15.78	5.15242	1.99128	5.03825	5.79101	4.66508	6.40308
XLOC_025431	0	0	0	10.7322	15.7012	10.1443	6.01115	5.97384	2.51913	41.6952	20.9928	26.3238
XLOC_025456	2104.39	1602.24	1627.04	2629.38	2256.07	2887.74	1764.7	1825.01	1619.8	1697.92	2138.94	1710.33
XLOC_025479	17.5732	1.62747	4.48221	0	1.96265	1.12714	1.71747	0	0	0	0	0
XLOC_025485	50.5229	43.9416	48.4079	42.9286	46.1224	40.5771	54.9591	75.6686	68.0164	38.2206	51.3158	31.304
XLOC_025490	63.7027	78.1185	85.162	126.401	142.292	91.2984	85.8736	69.6948	64.2377	164.465	124.402	91.7775
XLOC_025500	54.9162	45.5691	41.2364	57.2381	27.4772	52.9756	37.7844	30.8648	39.0464	20.8476	28.768	22.0551
XLOC_025501	16.4748	6.50987	7.17154	0	0	0	2.57621	1.99128	0	0	3.11005	0
XLOC_025515	1.09832	7.32361	0	0	0	0	0.858736	1.99128	0	0	0	0.711454
XLOC_025531	1.09832	0.813734	3.58577	0	6.86929	0	0	0	0	1.1582	1.55503	0.711454
XLOC_025550	5.49162	7.32361	13.4466	2.38492	1.96265	0	1.71747	2.98692	1.25956	5.79101	0.777513	5.69163
XLOC_025555	370.135	287.248	302.101	614.118	482.813	598.512	236.152	236.962	290.959	619.638	662.441	624.656
XLOC_025581	87.8659	78.1185	86.0585	153.827	155.05	175.834	57.5353	63.7209	83.1311	210.793	192.823	160.789
XLOC_025584	23.0648	13.0197	12.5502	25.0417	17.6639	21.4157	21.4684	8.96075	17.6339	2.3164	17.1053	14.9405
XLOC_025598	71.391	48.8241	44.8221	45.3135	51.029	37.1957	49.8067	28.8735	40.306	44.0116	52.8709	60.4736
XLOC_025600	7.68826	14.6472	6.2751	2.38492	12.7573	4.50856	24.9034	16.9259	16.3743	9.26561	6.2201	19.9207
XLOC_025604	57.1128	40.6867	44.8221	13.1171	7.85062	22.5428	27.4796	49.782	34.0082	11.582	17.1053	14.9405
XLOC_025605	46.1296	51.2653	51.9937	21.4643	28.4585	33.8142	49.8067	72.6817	34.0082	38.2206	41.2082	32.0154
XLOC_025606	14.2782	6.50987	12.5502	13.1171	19.6265	20.2885	8.58736	19.9128	20.153	6.94921	9.33015	13.5176
XLOC_025647	20.8681	20.3434	12.5502	34.5814	28.4585	28.1785	23.1859	22.8997	28.9699	11.582	22.5479	19.2093
XLOC_025662	16.4748	21.1571	21.5146	5.96231	5.88796	7.88999	6.86989	24.891	15.1148	2.3164	3.88756	12.0947
XLOC_025671	15.3765	52.079	34.0648	14.3095	24.5332	11.2714	36.9257	27.8779	26.4508	44.0116	29.5455	27.7467
XLOC_025687	5.49162	5.69614	0	3.57738	4.90664	4.50856	11.1636	6.96948	8.81694	5.79101	3.88756	8.53745
XLOC_025696	106.537	120.433	133.57	113.284	82.4315	119.477	164.877	186.185	141.071	92.6561	76.1962	44.1101
XLOC_025752	4.39329	14.6472	19.7217	13.1171	4.90664	12.3986	12.881	28.8735	21.4126	16.2148	13.2177	11.3833
XLOC_025754	18.6715	43.1279	48.4079	50.0834	54.9543	34.9414	58.3941	46.7951	62.9781	67.1757	67.6436	99.6035
XLOC_025769	969.819	982.177	849.827	230.145	247.294	229.937	1032.2	890.102	843.907	457.489	339.773	413.355
XLOC_025779	10.9832	43.9416	55.5794	32.1965	27.4772	18.0343	66.1227	39.8256	75.5738	24.3222	24.8804	42.6872
XLOC_025782	0	0	0	1.19246	2.94398	0	0	0	1.25956	2.3164	0.777513	5.69163
XLOC_025793	18.6715	22.7846	17.9288	45.3135	16.6826	19.1614	52.3829	68.6991	65.4973	45.1698	37.3206	39.8414
XLOC_025801	36.2447	41.5004	51.0972	15.502	4.90664	24.7971	119.364	87.6163	99.5054	9.26561	6.2201	6.40308
XLOC_025822	0	0	0	4.76984	0.981327	0	3.43495	1.99128	0	1.1582	6.99761	0
XLOC_025830	34.048	44.7554	32.2719	7.15477	6.86929	10.1443	51.5242	71.686	62.9781	4.6328	0.777513	4.98018
XLOC_025850	26.3598	29.2944	22.4111	21.4643	15.7012	24.7971	47.2305	29.8692	30.2295	28.955	24.1029	20.6322
XLOC_025851	296.547	271.787	233.971	75.1251	82.4315	99.1884	264.491	240.945	182.637	103.08	214.593	187.112
XLOC_025853	203.19	183.904	207.975	401.859	334.633	275.022	196.651	206.097	193.973	244.38	234.031	234.068
XLOC_025856	82.3742	95.2069	76.1976	56.0457	59.8609	47.3399	107.342	67.7035	51.6421	123.928	68.4211	90.3546
XLOC_025862	26.3598	16.2747	22.4111	13.1171	14.7199	18.0343	11.1636	1.99128	11.3361	15.0566	16.3278	10.6718
XLOC_025866	74.686	93.5794	75.3012	150.25	211.967	147.655	101.331	85.625	122.178	324.296	200.598	221.974
XLOC_025874	3.29497	2.4412	3.58577	2.38492	9.81327	1.12714	15.4573	3.98256	12.5956	28.955	23.3254	19.9207
XLOC_025912	26.3598	37.4318	25.9968	16.6945	26.4958	15.78	40.3606	41.8169	47.8634	20.8476	31.878	45.533
XLOC_025914	0	6.50987	1.79288	0	0	1.12714	0	0	0	2.3164	0.777513	0
XLOC_025928	198.797	174.953	129.088	1.19246	0.981327	2.25428	24.0446	21.9041	13.8552	8.10741	0	4.26872
XLOC_025930	61.5061	63.4713	57.3723	38.1588	38.2718	32.6871	85.0149	71.686	50.3825	52.1191	37.3206	44.1101
XLOC_025932	102.144	96.8344	97.7122	73.9326	73.5995	68.7556	176.9	183.198	130.995	72.9667	55.9809	47.6674
XLOC_025944	188.912	270.16	267.14	137.133	119.722	80.027	42.9368	66.7078	86.9098	303.449	204.486	200.63
XLOC_025953	74.686	76.491	68.1296	95.3969	66.7302	87.917	89.3086	113.503	64.2377	50.9608	73.8637	47.6674
XLOC_025957	165.847	148.913	157.774	206.296	240.425	149.91	84.1562	104.542	93.2076	295.341	297.01	355.727
XLOC_025975	21.9665	13.0197	17.9288	23.8492	13.7386	30.4328	1.71747	6.96948	10.0765	45.1698	23.3254	25.6123
XLOC_025983	61.5061	78.9322	83.3691	63.2004	125.61	69.8827	86.7324	104.542	153.667	143.617	112.739	132.33
XLOC_025999	2.19665	9.76481	4.48221	10.7322	14.7199	15.78	0.858736	0	2.51913	4.6328	1.55503	10.6718
XLOC_026002	3.29497	13.8335	17.9288	0	3.92531	1.12714	57.5353	23.8953	22.6721	8.10741	3.11005	11.3833
XLOC_026008	5.49162	17.0884	17.0324	7.15477	3.92531	3.38142	48.0892	51.7732	27.7104	5.79101	7.77513	6.40308
XLOC_026009	0	0.813734	0	0	0	0	7.72863	0	0	0	0	0.711454
XLOC_026010	57.1128	61.8438	67.2332	35.7738	21.5892	25.9242	151.996	91.5988	118.399	22.0058	38.8756	43.3987
XLOC_026012	2.19665	2.4412	0.896442	0	0	0	7.72863	10.952	2.51913	0	1.55503	0
XLOC_026019	1818.82	2285.78	2164.01	1470.3	1734.99	1360.46	2411.33	2127.68	2750.88	1883.24	1890.91	2211.91
XLOC_026060	20.8681	17.9022	8.96442	11.9246	33.3651	42.8314	9.4461	11.9477	6.29781	5.79101	11.6627	19.9207
XLOC_026069	10.9832	5.69614	14.3431	10.7322	15.7012	18.0343	12.881	9.95639	10.0765	8.10741	30.323	11.3833
XLOC_026080	106.537	110.668	119.227	97.7818	113.834	89.0441	130.528	124.455	103.284	215.425	143.062	138.022
XLOC_026115	42.8346	44.7554	45.7186	73.9326	93.2261	71.0099	42.0781	29.8692	42.8251	55.5937	62.201	46.9559
XLOC_026121	43.9329	32.5494	49.3043	69.1628	73.5995	52.9756	36.0669	30.8648	25.1913	64.8593	63.756	35.5727
XLOC_026129	280.072	166.002	155.981	234.915	210.004	249.098	169.171	194.15	157.445	140.142	153.17	132.33
XLOC_026132	50.5229	43.1279	46.615	33.3889	28.4585	36.0685	48.948	80.6468	49.1229	25.4804	24.8804	35.5727
XLOC_026139	1447.59	1427.29	1265.78	164.56	198.228	243.462	1495.06	1306.28	1061.81	432.009	352.991	352.881
XLOC_026140	52.7195	43.1279	40.3399	5.96231	11.7759	18.0343	76.4275	69.6948	80.612	30.1132	31.878	32.0154
XLOC_026148	39.5396	41.5004	64.5439	63.2004	49.0664	89.0441	212.967	191.163	154.926	61.3847	64.5336	62.6079
XLOC_026169	19.7698	6.50987	15.2395	1.19246	2.94398	2.25428	44.6543	34.8474	34.0082	5.79101	6.2201	2.13436
XLOC_026207	18.6715	43.1279	40.3399	10.7322	26.4958	19.1614	40.3606	43.8081	46.6038	27.7968	18.6603	24.1894
XLOC_026229	56.0145	80.5597	91.4371	45.3135	64.7676	48.4671	87.5911	88.6119	112.101	77.5995	66.8661	102.449
XLOC_026240	41.7363	45.5691	56.4759	47.6984	54.9543	56.3571	23.1859	32.8561	26.4508	35.9042	45.8732	41.9758
XLOC_026251	98.8491	67.5399	66.3367	95.3969	86.3568	112.714	72.9926	71.686	65.4973	77.5995	80.0838	67.5881
XLOC_026279	181.223	189.6	181.978	149.058	88.3194	102.57	186.346	161.294	173.82	134.351	149.282	139.445
XLOC_026285	8.78659	14.6472	32.2719	5.96231	11.7759	12.3986	54.9591	32.8561	36.5273	2.3164	13.2177	12.8062
XLOC_026301	244.926	207.502	224.111	112.091	180.564	127.367	145.985	124.455	117.139	158.674	135.287	181.421
XLOC_026309	87.8659	82.1872	103.987	118.054	65.7489	116.096	96.1785	114.499	81.8716	54.4355	58.3135	51.9361
XLOC_026314	81.2759	87.8833	80.6798	34.5814	34.3464	60.8656	78.145	88.6119	41.5656	37.0624	44.3182	41.9758
XLOC_026315	57.1128	56.1477	64.5439	83.4723	43.1784	58.6113	60.1115	99.5639	70.5355	32.4296	47.4283	44.1101
XLOC_026336	25.2614	21.9708	22.4111	34.5814	39.2531	34.9414	16.316	8.96075	17.6339	30.1132	26.4354	21.3436
XLOC_026340	2.19665	6.50987	14.3431	1.19246	0	0	4.29368	2.98692	6.29781	0	0	0
XLOC_026343	1459.67	1298.72	1199.44	1149.53	845.904	1005.41	1507.94	1444.67	1223.04	748.198	782.178	759.121
XLOC_026374	7.68826	13.0197	8.06798	21.4643	12.7573	25.9242	12.0223	13.939	13.8552	15.0566	10.1077	12.8062
XLOC_026376	6.58994	5.69614	11.6538	4.76984	6.86929	3.38142	6.86989	8.96075	5.03825	8.10741	17.1053	15.652
XLOC_026383	41.7363	44.7554	45.7186	75.1251	60.8423	63.1199	32.632	42.8125	36.5273	39.3788	52.8709	46.9559
XLOC_026399	20.8681	18.7159	21.5146	40.5437	41.2157	42.8314	17.1747	20.9084	22.6721	39.3788	29.5455	26.3238
XLOC_026402	35.1463	42.3142	49.3043	17.8869	27.4772	16.9071	55.8179	41.8169	46.6038	27.7968	21.7704	25.6123
XLOC_026403	12.0816	30.1082	42.1328	3.57738	6.86929	10.1443	41.2193	35.843	35.2678	12.7402	25.6579	24.1894
XLOC_026440	1.09832	11.3923	9.86087	3.57738	0	3.38142	1.71747	14.9346	1.25956	13.8984	9.33015	7.11454
XLOC_026452	198.797	197.737	219.628	253.994	190.377	233.318	200.086	182.202	187.675	169.097	176.495	149.405
XLOC_026459	43.9329	23.5983	23.3075	39.3512	23.5518	37.1957	6.86989	17.9215	23.9317	22.0058	25.6579	21.3436
XLOC_026461	34.048	22.7846	19.7217	10.7322	8.83194	12.3986	28.3383	21.9041	17.6339	11.582	13.2177	16.3634
XLOC_026469	137.29	121.246	97.7122	145.48	135.423	148.783	123.658	109.52	91.9481	196.894	146.95	183.555
XLOC_026473	45.0313	34.1768	34.0648	67.9703	54.9543	84.5356	36.0669	40.8212	35.2678	60.2265	53.6484	32.7269
XLOC_026489	20.8681	11.3923	13.4466	25.0417	27.4772	23.67	11.1636	12.9433	25.1913	8.10741	21.7704	11.3833
XLOC_026495	8.78659	4.06867	6.2751	1.19246	2.94398	2.25428	20.6097	25.8866	15.1148	4.6328	10.8852	2.84582
XLOC_026496	37.343	81.3734	90.5407	189.601	202.153	142.02	115.929	94.5857	109.582	136.668	149.282	207.033
XLOC_026507	79.0793	48.0103	45.7186	42.9286	33.3651	30.4328	28.3383	31.8605	28.9699	31.2714	27.2129	32.7269
XLOC_026514	51.6212	62.6575	41.2364	15.502	50.0477	22.5428	36.9257	31.8605	41.5656	63.7011	50.5383	47.6674
XLOC_026515	7.68826	0.813734	4.48221	0	0	0	0	0	0	0	0	0
XLOC_026518	1.09832	0	0	0	0	0	0	0	0	0	1.55503	7.82599
XLOC_026532	80.1776	134.266	139.845	100.167	149.162	98.0613	170.03	159.302	210.347	123.928	81.6388	113.833
XLOC_026548	97.7508	60.2163	71.7154	33.3889	48.085	52.9756	102.19	85.625	86.9098	162.148	121.292	98.8921
XLOC_026559	95.5541	65.9125	88.7478	60.8155	53.973	71.0099	224.989	227.006	206.568	89.1815	54.4259	54.7819
XLOC_026560	20.8681	5.69614	6.2751	31.004	11.7759	18.0343	30.0558	21.9041	34.0082	11.582	20.9928	9.96035
XLOC_026562	37.343	27.667	43.0292	22.6568	25.5145	20.2885	71.2751	87.6163	74.3142	18.5312	24.1029	19.2093
XLOC_026567	6.58994	10.5785	17.0324	14.3095	14.7199	18.0343	9.4461	12.9433	16.3743	30.1132	14.7727	17.0749
XLOC_026585	282.269	322.239	279.69	50.0834	66.7302	56.3571	222.413	259.862	197.751	31.2714	28.768	44.8216
XLOC_026612	13.1799	58.5889	73.5083	26.2341	59.8609	41.7042	71.2751	50.7776	79.3524	37.0624	67.6436	130.907
XLOC_026618	149.372	123.688	117.434	170.522	170.751	178.088	112.494	110.516	95.7268	111.187	153.948	128.062
XLOC_026623	82.3742	44.7554	49.3043	106.129	91.2634	111.587	60.9703	75.6686	52.9016	53.2773	68.4211	76.1256
XLOC_026641	19.7698	34.9906	25.9968	16.6945	13.7386	20.2885	21.4684	18.9171	18.8934	47.4862	32.6555	29.8811
XLOC_026656	8.78659	25.2258	30.479	10.7322	11.7759	36.0685	97.0372	93.5901	99.5054	0	0	0
XLOC_026681	12.0816	5.69614	2.68933	11.9246	2.94398	13.5257	2.57621	1.99128	5.03825	4.6328	7.77513	7.11454
XLOC_026726	66.9977	57.7751	43.9257	22.6568	25.5145	24.7971	103.907	116.49	76.8333	17.373	24.8804	21.3436
XLOC_026785	54.9162	65.0987	71.7154	28.6191	24.5332	24.7971	157.149	160.298	120.918	18.5312	20.2153	14.9405
XLOC_026829	86.7675	64.285	106.677	16.6945	18.6452	30.4328	131.387	139.39	110.842	0	1.55503	3.55727
XLOC_026842	27.4581	23.5983	25.1004	31.004	33.3651	29.3057	17.1747	15.9302	31.4891	42.8534	58.3135	32.7269
XLOC_026852	2.19665	2.4412	0.896442	7.15477	0.981327	1.12714	0	0	0	2.3164	0	1.42291
XLOC_026873	12.0816	12.206	3.58577	0	0	0	1.71747	1.99128	2.51913	0	0	0
XLOC_026912	40.638	45.5691	43.0292	41.7361	34.3464	29.3057	44.6543	44.8038	35.2678	105.396	38.8756	45.533
XLOC_026913	24.1631	11.3923	7.17154	20.2718	12.7573	16.9071	1.71747	6.96948	8.81694	8.10741	21.7704	11.3833
XLOC_026922	170.24	166.002	149.706	197.949	186.452	143.147	116.788	130.429	127.216	215.425	185.048	251.143
XLOC_026933	85.6692	113.923	166.738	100.167	110.89	83.4084	187.205	145.363	245.615	286.076	143.062	215.57
XLOC_026938	16.4748	18.7159	15.2395	14.3095	20.6079	12.3986	30.9145	23.8953	36.5273	35.9042	31.878	20.6322
XLOC_026945	8.78659	9.76481	9.86087	11.9246	18.6452	13.5257	15.4573	23.8953	5.03825	18.5312	24.1029	11.3833
XLOC_026946	15.3765	6.50987	17.9288	22.6568	13.7386	13.5257	3.43495	3.98256	6.29781	35.9042	24.8804	24.1894
XLOC_026947	13.1799	25.2258	32.2719	31.004	23.5518	19.1614	8.58736	8.96075	8.81694	62.5429	47.4283	81.1057
XLOC_026981	158.159	139.962	99.5051	252.802	203.135	243.462	118.506	138.394	152.407	152.883	179.605	138.022
XLOC_026983	2.19665	3.25494	1.79288	0	0	0	1.71747	2.98692	11.3361	2.3164	0	0.711454
XLOC_026993	0	0	0	1.19246	2.94398	1.12714	0	1.99128	0	1.1582	0	5.69163
XLOC_027060	19.7698	21.1571	7.17154	50.0834	33.3651	33.8142	21.4684	18.9171	11.3361	27.7968	28.768	20.6322
XLOC_027068	40.638	38.2455	38.547	53.6608	44.1597	43.9585	16.316	26.8823	31.4891	33.5878	37.3206	20.6322
XLOC_027072	96.6524	101.717	92.3336	50.0834	40.2344	59.7385	79.8625	62.7253	62.9781	39.3788	59.8685	68.2996
XLOC_027112	12.0816	19.5296	24.2039	1.19246	5.88796	6.76285	35.2082	23.8953	22.6721	17.373	13.9952	13.5176
XLOC_027166	54.9162	59.4026	57.3723	41.7361	37.2904	33.8142	127.952	82.6381	88.1694	62.5429	59.8685	47.6674
XLOC_027170	7.68826	1.62747	1.79288	5.96231	10.7946	11.2714	6.86989	3.98256	6.29781	12.7402	16.3278	17.0749
XLOC_027174	25.2614	37.4318	27.7897	26.2341	18.6452	13.5257	13.7398	15.9302	11.3361	12.7402	24.1029	14.9405
XLOC_027188	1444.3	1406.95	1326.73	1231.81	1117.73	1166.59	2012.02	1870.81	1900.68	1073.65	1091.63	1174.61
XLOC_027197	30.7531	60.2163	57.3723	20.2718	33.3651	18.0343	42.0781	26.8823	32.7486	12.7402	24.8804	49.8018
XLOC_027243	0	0	0.896442	0	0	0	0	0	0	2.3164	6.2201	2.13436
XLOC_027273	3.29497	8.13734	6.2751	14.3095	18.6452	13.5257	2.57621	2.98692	5.03825	5.79101	5.44259	9.2489
XLOC_027365	7.68826	7.32361	8.96442	9.53969	13.7386	15.78	7.72863	5.97384	6.29781	18.5312	3.88756	4.98018
XLOC_027386	38.4413	26.0395	31.3755	36.9663	46.1224	32.6871	16.316	12.9433	16.3743	45.1698	36.5431	22.7665
XLOC_027423	46.1296	50.4515	61.8545	36.9663	36.3091	24.7971	24.9034	40.8212	39.0464	23.164	26.4354	22.7665
XLOC_027439	49.4245	52.8927	60.0616	48.8909	56.917	48.4671	54.9591	50.7776	47.8634	93.8143	86.3039	65.4537
XLOC_027453	48.3262	69.9811	51.9937	9.53969	17.6639	10.1443	45.513	53.7645	41.5656	31.2714	26.4354	24.9009
XLOC_027454	2.19665	2.4412	1.79288	0	0	0	7.72863	4.9782	3.77869	3.4746	0	1.42291
XLOC_027494	53.8178	43.9416	59.1652	45.3135	33.3651	47.3399	23.1859	20.9084	13.8552	28.955	34.2106	27.7467
XLOC_027509	7.68826	12.206	22.4111	15.502	17.6639	13.5257	54.9591	44.8038	52.9016	27.7968	28.768	34.1498
XLOC_027518	17.5732	14.6472	15.2395	17.8869	22.5705	24.7971	10.3048	7.96512	16.3743	39.3788	29.5455	17.0749
XLOC_027519	56.0145	61.8438	62.751	96.5894	97.1514	119.477	41.2193	54.7602	66.7568	108.871	93.3015	87.5088
XLOC_027521	73.5877	44.7554	54.683	36.9663	57.8983	51.8485	32.632	33.8517	31.4891	59.0683	61.4235	41.2643
XLOC_027529	3.29497	0.813734	2.68933	0	0	0	2.57621	0.995639	1.25956	4.6328	3.11005	4.26872
XLOC_027531	49.4245	55.3339	72.6118	50.0834	61.8236	40.5771	95.3197	77.6599	115.88	81.0741	97.1891	95.3348
XLOC_027558	129.602	160.306	158.67	76.3175	130.516	85.6627	115.929	101.555	136.033	140.142	164.833	207.033
XLOC_027565	9.88491	11.3923	16.136	7.15477	7.85062	3.38142	0.858736	1.99128	1.25956	0	0.777513	3.55727
XLOC_027567	42.8346	33.3631	29.5826	47.6984	61.8236	37.1957	16.316	27.8779	18.8934	24.3222	37.3206	27.7467
XLOC_027569	23.0648	17.0884	15.2395	33.3889	34.3464	25.9242	7.72863	8.96075	10.0765	10.4238	19.4378	23.478
XLOC_027570	3.29497	6.50987	9.86087	7.15477	13.7386	4.50856	8.58736	1.99128	3.77869	2.3164	9.33015	12.0947
XLOC_027571	31.8514	16.2747	37.6506	48.8909	51.029	40.5771	12.881	26.8823	20.153	19.6894	27.2129	23.478
XLOC_027598	61.5061	64.285	70.819	52.4683	40.2344	47.3399	30.9145	25.8866	21.4126	57.9101	43.5407	34.8612
XLOC_027616	50.5229	56.9614	43.9257	75.1251	64.7676	66.5013	56.6766	55.7558	75.5738	94.9725	83.1939	77.5485
XLOC_027638	31.8514	43.9416	51.0972	27.4266	30.4211	32.6871	93.6023	85.625	128.475	32.4296	20.2153	32.0154
XLOC_027640	12.0816	14.6472	21.5146	5.96231	18.6452	11.2714	34.3495	33.8517	25.1913	16.2148	12.4402	8.53745
XLOC_027641	183.42	154.609	175.703	164.56	145.236	190.487	371.833	439.077	348.899	137.826	130.622	90.3546
XLOC_027642	29.6547	21.9708	19.7217	16.6945	8.83194	18.0343	52.3829	71.686	42.8251	13.8984	26.4354	7.82599
XLOC_027654	311.924	247.375	258.175	345.814	341.502	408.025	314.297	368.387	358.975	220.058	255.802	236.914
XLOC_027672	17.5732	15.4609	11.6538	27.4266	16.6826	20.2885	19.7509	15.9302	15.1148	11.582	10.1077	7.11454
XLOC_027684	35.1463	21.1571	24.2039	3.57738	7.85062	11.2714	16.316	16.9259	0	6.94921	3.88756	2.13436
XLOC_027712	37.343	34.1768	24.2039	16.6945	21.5892	28.1785	26.6208	32.8561	21.4126	47.4862	24.1029	32.7269
XLOC_027723	2996.23	3179.26	3632.38	2555.44	2658.41	3051.17	4777.15	4675.52	4766.18	3216.32	2881.46	2919.81
XLOC_027725	834.726	607.859	702.811	735.749	738.939	862.263	1109.49	1361.04	1040.4	725.034	544.259	463.868
XLOC_027727	13.1799	15.4609	17.9288	3.57738	0	0	0.858736	0.995639	0	0	0	0
XLOC_027734	25.2614	26.8532	19.7217	26.2341	30.4211	39.4499	10.3048	18.9171	16.3743	13.8984	26.4354	16.3634
XLOC_027754	42.8346	43.1279	29.5826	47.6984	28.4585	55.2299	43.7956	42.8125	45.3443	20.8476	14.7727	17.7863
XLOC_027756	148.274	243.307	187.356	186.024	162.9	155.545	346.929	219.041	377.869	194.578	150.837	204.899
XLOC_027781	123.012	107.413	87.8514	50.0834	72.6182	77.7727	134.822	119.477	91.9481	118.137	99.5216	95.3348
XLOC_027805	56.0145	89.5108	81.5763	47.6984	61.8236	57.4842	115.071	104.542	105.803	116.978	71.5312	71.1454
XLOC_027818	29.6547	34.1768	30.479	23.8492	22.5705	12.3986	68.6989	59.7384	57.9399	24.3222	16.3278	14.9405
XLOC_027826	58.2111	43.1279	49.3043	34.5814	58.8796	43.9585	27.4796	30.8648	18.8934	28.955	48.2058	42.6872
XLOC_027833	0	2.4412	4.48221	0	0	0	0.858736	0.995639	3.77869	1.1582	2.33254	7.82599
XLOC_027840	48.3262	80.5597	84.2656	40.5437	70.6555	38.3228	84.1562	57.7471	94.4672	116.978	90.1915	120.236
XLOC_027853	82.3742	103.344	98.6087	53.6608	55.9356	51.8485	87.5911	117.485	88.1694	72.9667	93.3015	109.564
XLOC_027882	36.2447	34.9906	35.8577	23.8492	29.4398	24.7971	23.1859	12.9433	22.6721	47.4862	39.6531	32.7269
XLOC_027889	50.5229	32.5494	24.2039	22.6568	18.6452	27.0514	10.3048	17.9215	18.8934	18.5312	13.9952	14.9405
XLOC_027898	179.027	173.325	165.842	76.3175	86.3568	95.807	168.312	133.416	159.964	105.396	120.514	128.773
XLOC_027914	82.3742	89.5108	102.194	87.0497	119.722	74.3913	112.494	78.6555	122.178	110.029	109.629	152.251
XLOC_027925	1443.2	1231.99	1229.02	1019.55	987.215	1076.42	2431.94	1966.39	1680.26	1557.78	908.135	983.941
XLOC_027954	16.4748	17.9022	11.6538	20.2718	19.6265	23.67	8.58736	10.952	13.8552	17.373	16.3278	19.9207
XLOC_027960	7.68826	21.1571	10.7573	11.9246	1.96265	7.88999	27.4796	24.891	27.7104	12.7402	15.5503	30.5925
XLOC_027969	42.8346	91.952	80.6798	39.3512	51.029	32.6871	92.7435	60.734	78.0929	89.1815	72.3087	86.0859
XLOC_027979	2.19665	4.06867	3.58577	5.96231	1.96265	11.2714	5.15242	1.99128	5.03825	3.4746	11.6627	7.11454
XLOC_027987	13.1799	18.7159	18.8253	21.4643	17.6639	19.1614	6.86989	13.939	15.1148	31.2714	31.878	27.7467
XLOC_028001	18.6715	13.0197	5.37865	3.57738	4.90664	10.1443	3.43495	0.995639	2.51913	8.10741	1.55503	6.40308
XLOC_028007	50.5229	37.4318	34.9613	90.6271	81.4501	89.0441	35.2082	52.7689	45.3443	49.8026	43.5407	80.3943
XLOC_028010	148.274	135.894	140.741	44.1211	65.7489	64.247	48.0892	57.7471	71.7951	86.8651	76.1962	96.0463
XLOC_028014	3.29497	4.88241	3.58577	0	0	0	0.858736	0.995639	0	0	0	0
XLOC_028017	120.816	115.55	125.502	100.167	99.114	78.8999	189.781	118.481	153.667	72.9667	71.5312	73.2797
XLOC_028018	717.205	559.035	719.843	418.554	292.435	633.453	1351.65	1488.48	1249.49	225.849	241.029	171.46
XLOC_028019	12.0816	6.50987	15.2395	59.6231	50.0477	34.9414	4.29368	0.995639	6.29781	37.0624	37.3206	70.4339
XLOC_028021	2127.45	2656.84	2980.67	4621.98	4238.35	3906.67	3501.93	2708.14	3308.87	2457.7	2517.59	2248.91
XLOC_028023	110.931	95.2069	74.4047	7.15477	3.92531	12.3986	93.6023	109.52	60.459	13.8984	17.1053	14.2291
XLOC_028024	65.8994	56.9614	34.0648	3.57738	2.94398	1.12714	53.2417	50.7776	32.7486	4.6328	3.11005	2.13436
XLOC_028027	83.4726	74.0498	88.7478	91.8195	105.002	118.35	159.725	165.276	146.109	92.6561	105.742	117.39
XLOC_028030	40.638	47.1966	39.4435	46.506	56.917	46.2128	36.0669	22.8997	21.4126	50.9608	47.4283	49.8018
XLOC_028053	57.1128	132.639	133.57	69.1628	89.3008	76.6456	283.383	178.219	235.538	142.459	108.074	162.211
XLOC_028066	2.19665	4.88241	8.96442	2.38492	7.85062	9.01713	18.8922	8.96075	23.9317	12.7402	6.2201	12.0947
XLOC_028070	131.799	117.991	117.434	137.133	86.3568	138.638	76.4275	99.5639	70.5355	85.7069	94.8565	87.5088
XLOC_028078	26.3598	21.9708	20.6182	19.0794	23.5518	6.76285	30.9145	19.9128	18.8934	41.6952	32.6555	36.9956
XLOC_028083	61.5061	76.491	69.0261	14.3095	14.7199	14.6528	71.2751	54.7602	57.9399	38.2206	35.7656	46.2445
XLOC_028111	2852.35	2499.79	2583.55	4172.42	3656.42	4279.75	1882.35	2194.39	1933.43	3619.38	3818.36	3336.72
XLOC_028118	1064.28	1017.17	986.983	543.762	415.101	577.096	780.591	754.695	699.057	167.939	197.488	214.859
XLOC_028122	562.341	523.231	565.655	316.002	275.753	280.658	460.283	523.706	371.571	304.607	317.225	337.941
XLOC_028161	2.19665	3.25494	0	0	0	0	0.858736	5.97384	2.51913	0	0.777513	2.13436
XLOC_028162	47.2279	66.7262	43.0292	7.15477	7.85062	2.25428	60.9703	56.7514	36.5273	10.4238	14.7727	16.3634
XLOC_028163	28.5564	23.5983	34.9613	10.7322	4.90664	10.1443	35.2082	25.8866	35.2678	13.8984	14.7727	14.9405
XLOC_028168	9.88491	12.206	11.6538	21.4643	10.7946	16.9071	15.4573	12.9433	15.1148	18.5312	18.6603	11.3833
XLOC_028175	60.4078	89.5108	67.2332	90.6271	121.685	93.5527	69.5576	58.7427	66.7568	110.029	100.299	101.026
XLOC_028176	133.995	90.3245	92.3336	127.593	107.946	113.841	79.0037	77.6599	46.6038	86.8651	123.625	82.5286
XLOC_028182	72.4893	58.5889	75.3012	71.5477	62.8049	74.3913	115.071	121.468	86.9098	88.0233	56.7584	50.5132
XLOC_028184	63.7027	87.8833	87.8514	58.4306	64.7676	60.8656	89.3086	163.285	114.62	50.9608	65.3111	80.3943
XLOC_028186	4.39329	4.06867	12.5502	2.38492	10.7946	7.88999	19.7509	14.9346	27.7104	3.4746	1.55503	10.6718
XLOC_028187	57.1128	26.0395	34.0648	32.1965	32.3838	39.4499	38.6431	46.7951	61.7186	13.8984	24.8804	16.3634
XLOC_028189	0	0	0	0	0	11.2714	0.858736	2.98692	0	0	0	3.55727
XLOC_028190	79.0793	88.697	101.298	70.3552	74.5809	69.8827	60.1115	66.7078	61.7186	108.871	59.091	56.2048
XLOC_028199	90.0625	122.06	142.534	50.0834	66.7302	66.5013	169.171	113.503	115.88	134.351	73.8637	98.8921
XLOC_028224	40.638	49.6378	45.7186	53.6608	52.0103	36.0685	43.7956	54.7602	28.9699	92.6561	58.3135	67.5881
XLOC_028245	1364.12	1275.12	1387.69	1247.31	1289.46	1252.25	1769.86	1680.64	1595.87	1388.68	1408.08	1420.06
XLOC_028257	27.4581	23.5983	36.7541	15.502	23.5518	18.0343	30.0558	27.8779	25.1913	39.3788	36.5431	41.2643
XLOC_028270	83.4726	75.6773	72.6118	45.3135	73.5995	50.7213	75.5688	101.555	69.2759	130.877	104.964	115.967
XLOC_028286	308.629	328.749	274.311	215.835	220.799	207.394	312.58	310.639	323.708	229.324	207.596	204.899
XLOC_028290	0	0	0	2.38492	4.90664	0	0.858736	0.995639	0	0	2.33254	0
XLOC_028308	121.914	103.344	86.0585	46.506	82.4315	67.6285	103.048	117.485	110.842	119.295	73.0862	91.0661
XLOC_028309	49.4245	43.1279	53.7865	4.76984	8.83194	25.9242	52.3829	46.7951	20.153	13.8984	17.8828	16.3634
XLOC_028310	29.6547	17.9022	21.5146	11.9246	8.83194	9.01713	20.6097	26.8823	22.6721	2.3164	10.1077	9.2489
XLOC_028343	0	0	0.896442	0	0	0	6.01115	0.995639	10.0765	1.1582	1.55503	2.84582
XLOC_028365	82.3742	78.9322	69.9225	58.4306	84.3941	65.3742	128.81	102.551	112.101	174.888	80.8613	88.9317
XLOC_028371	30.7531	17.9022	19.7217	7.15477	5.88796	5.63571	20.6097	14.9346	12.5956	12.7402	6.99761	14.9405
XLOC_028372	50.5229	46.3828	46.615	7.15477	7.85062	9.01713	43.7956	37.8343	40.306	16.2148	16.3278	25.6123
XLOC_028382	21.9665	20.3434	20.6182	22.6568	21.5892	19.1614	18.8922	13.939	21.4126	20.8476	29.5455	36.9956
XLOC_028397	0	2.4412	0	0	0.981327	3.38142	0	0	0	2.3164	6.2201	0
XLOC_028405	50.5229	28.4807	41.2364	27.4266	29.4398	18.0343	60.1115	42.8125	50.3825	37.0624	38.8756	27.7467
XLOC_028410	2.19665	5.69614	6.2751	9.53969	5.88796	9.01713	12.0223	6.96948	18.8934	34.746	20.9928	22.7665
XLOC_028414	51.6212	61.0301	71.7154	114.476	127.573	112.714	79.0037	87.6163	88.1694	122.769	107.297	108.141
XLOC_028421	2.19665	4.06867	10.7573	1.19246	3.92531	2.25428	8.58736	8.96075	8.81694	4.6328	7.77513	9.96035
XLOC_028437	36.2447	27.667	34.9613	35.7738	17.6639	33.8142	23.1859	30.8648	30.2295	15.0566	18.6603	10.6718
XLOC_028444	2.19665	6.50987	12.5502	9.53969	13.7386	6.76285	24.9034	7.96512	44.0847	16.2148	43.5407	75.4141
XLOC_028448	205.386	219.708	237.557	13.1171	17.6639	14.6528	328.896	316.613	298.516	60.2265	102.632	93.2004
XLOC_028501	107.636	151.355	181.081	109.706	103.039	71.0099	209.532	157.311	178.858	119.295	109.629	113.121
XLOC_028523	90.0625	74.0498	72.6118	82.2798	104.021	72.137	40.3606	59.7384	49.1229	77.5995	68.4211	72.5683
XLOC_028547	13.1799	24.412	27.7897	5.96231	16.6826	6.76285	18.0335	8.96075	16.3743	6.94921	19.4378	44.1101
XLOC_028550	13.1799	23.5983	19.7217	10.7322	8.83194	18.0343	41.2193	34.8474	22.6721	19.6894	15.5503	28.4582
XLOC_028551	57.1128	47.1966	52.8901	35.7738	44.1597	25.9242	45.513	77.6599	90.6885	44.0116	37.3206	51.2247
XLOC_028563	4.39329	8.95108	9.86087	19.0794	17.6639	14.6528	4.29368	11.9477	10.0765	11.582	16.3278	7.11454
XLOC_028584	31.8514	18.7159	13.4466	17.8869	17.6639	29.3057	11.1636	11.9477	13.8552	15.0566	37.3206	25.6123
XLOC_028589	1.09832	1.62747	0	0	0	0	6.86989	0	0	0	0.777513	0
XLOC_028593	187.813	209.943	189.149	109.706	179.583	113.841	78.145	102.551	79.3524	160.99	151.615	160.077
XLOC_028600	5.49162	4.06867	9.86087	13.1171	2.94398	12.3986	4.29368	5.97384	6.29781	5.79101	10.8852	4.26872
XLOC_028625	6.58994	4.88241	10.7573	9.53969	11.7759	5.63571	29.197	18.9171	16.3743	2.3164	4.66508	7.11454
XLOC_028637	69.1944	65.9125	86.0585	20.2718	29.4398	24.7971	118.506	91.5988	108.322	50.9608	45.0957	47.6674
XLOC_028638	124.111	155.423	193.632	188.409	226.687	184.851	254.186	182.202	229.24	354.41	231.699	339.363
XLOC_028641	76.8826	105.785	109.366	71.5477	97.1514	74.3913	121.941	80.6468	128.475	172.572	156.28	206.322
XLOC_028644	250.418	171.698	188.253	77.51	102.058	65.3742	210.39	247.914	206.568	286.076	170.275	181.421
XLOC_028660	46.1296	45.5691	48.4079	70.3552	73.5995	75.5185	5.15242	3.98256	8.81694	89.1815	66.8661	85.3745
XLOC_028673	46.1296	34.9906	39.4435	66.7778	55.9356	85.6627	42.9368	41.8169	49.1229	57.9101	58.3135	42.6872
XLOC_028695	30.7531	51.2653	58.2688	15.502	21.5892	16.9071	36.9257	26.8823	37.7869	24.3222	24.8804	41.2643
XLOC_028739	326.202	279.925	311.962	227.76	198.228	244.59	232.718	264.84	230.5	230.482	186.603	192.093
XLOC_028767	50.5229	71.6086	55.5794	53.6608	86.3568	49.5942	47.2305	44.8038	52.9016	77.5995	80.8613	86.0859
XLOC_028778	0	0	0.896442	0	0	0	1.71747	0	0	0	2.33254	6.40308
XLOC_028779	3.29497	4.06867	0	0	0	0	4.29368	4.9782	3.77869	2.3164	9.33015	21.3436
XLOC_028783	46.1296	31.7356	29.5826	44.1211	28.4585	47.3399	26.6208	38.8299	31.4891	16.2148	24.1029	27.0352
XLOC_028798	105.439	85.4421	72.6118	73.9326	89.3008	80.027	94.461	102.551	104.544	64.8593	78.5288	45.533
XLOC_028803	286.662	270.973	294.93	227.76	216.873	251.352	343.495	336.526	352.678	187.629	170.275	197.073
XLOC_028823	24.1631	52.8927	59.1652	33.3889	47.1037	31.56	76.4275	100.56	89.4289	39.3788	54.4259	53.359
XLOC_028825	193.305	213.198	204.389	107.322	124.629	147.655	254.186	376.352	272.066	165.623	139.175	158.654
XLOC_028829	1.09832	2.4412	1.79288	0	0	0	0	6.96948	1.25956	3.4746	3.11005	2.13436
XLOC_028838	1808.94	1730	1847.57	2672.31	2369.9	2815.6	2687.84	2464.21	2333.97	2529.51	2316.99	2014.84
XLOC_028922	34.048	43.1279	25.9968	20.2718	19.6265	12.3986	29.197	26.8823	32.7486	27.7968	17.8828	16.3634
XLOC_028923	1.09832	3.25494	0	27.4266	31.4025	25.9242	15.4573	26.8823	26.4508	98.4471	66.0886	76.1256
XLOC_028924	1.09832	0	0	52.4683	72.6182	31.56	12.0223	4.9782	25.1913	167.939	108.852	133.042
XLOC_028925	92.2592	69.9811	52.8901	316.002	320.894	261.497	315.156	246.919	309.852	491.077	383.314	477.385
XLOC_028926	0	0	0	29.8115	43.1784	29.3057	12.881	1.99128	26.4508	79.9159	60.646	81.8172
XLOC_028927	0	0	0	10.7322	13.7386	1.12714	0	2.98692	2.51913	26.6386	3.88756	5.69163
XLOC_028928	0	0	0	8.34723	15.7012	6.76285	4.29368	4.9782	8.81694	25.4804	14.7727	25.6123
XLOC_028929	295.449	270.16	199.01	158.597	151.124	209.648	273.937	295.705	259.47	85.7069	122.847	91.7775
XLOC_028930	49.4245	52.079	40.3399	115.669	81.4501	99.1884	43.7956	46.7951	47.8634	54.4355	92.524	59.0507
XLOC_028977	361.348	277.483	208.871	165.752	184.489	170.198	285.959	349.469	292.219	323.138	269.797	292.407
XLOC_028981	887.445	897.549	930.507	1057.71	831.184	1036.97	1473.59	1423.76	1215.48	945.092	789.175	768.37
XLOC_028986	73.5877	78.1185	101.298	115.669	70.6555	153.291	327.179	329.557	188.934	85.7069	65.3111	66.8767
XLOC_028988	108.734	86.2558	97.7122	143.095	92.2447	224.301	302.275	351.461	229.24	71.8085	82.4163	73.2797
XLOC_028998	0	3.25494	3.58577	0	0	0	2.57621	0.995639	0	3.4746	1.55503	7.11454
XLOC_029001	24.1631	17.9022	34.9613	7.15477	16.6826	7.88999	28.3383	21.9041	32.7486	11.582	20.2153	7.82599
XLOC_029009	371.233	305.15	278.794	221.798	221.78	250.225	305.71	283.757	279.623	324.296	288.457	277.467
XLOC_029020	112.029	116.364	122.813	50.0834	49.0664	38.3228	101.331	80.6468	84.3907	63.7011	43.5407	59.0507
XLOC_029025	49.4245	63.4713	47.5114	20.2718	16.6826	10.1443	66.9814	59.7384	52.9016	32.4296	19.4378	28.4582
XLOC_029029	74.686	61.8438	82.4727	7.15477	16.6826	18.0343	108.201	116.49	130.995	25.4804	17.8828	42.6872
XLOC_029030	10.9832	26.0395	31.3755	11.9246	8.83194	14.6528	39.5019	15.9302	45.3443	25.4804	19.4378	7.82599
XLOC_029036	0	3.25494	3.58577	0	0	0	10.3048	0	0	0	2.33254	4.26872
XLOC_029068	38.4413	20.3434	19.7217	15.502	8.83194	16.9071	16.316	36.8387	11.3361	8.10741	17.8828	6.40308
XLOC_029075	14.2782	8.13734	9.86087	31.004	26.4958	16.9071	6.01115	9.95639	10.0765	11.582	10.1077	4.98018
XLOC_029093	66.9977	47.1966	48.4079	56.0457	33.3651	48.4671	38.6431	19.9128	28.9699	44.0116	25.6579	25.6123
XLOC_029108	38.4413	61.0301	62.751	47.6984	47.1037	39.4499	98.7547	76.6642	96.9863	77.5995	48.2058	60.4736
XLOC_029137	0	1.62747	0.896442	0	0	0	0	0	0	3.4746	0	7.11454
XLOC_029173	144.979	230.287	202.596	182.447	187.433	145.401	158.866	93.5901	147.369	345.144	280.682	303.791
XLOC_029176	5.49162	1.62747	1.79288	8.34723	1.96265	4.50856	7.72863	0.995639	1.25956	0	0	0
XLOC_029242	139.487	161.119	182.874	141.903	162.9	111.587	220.695	234.971	224.202	215.425	143.062	209.879
XLOC_029244	3.29497	14.6472	13.4466	3.57738	6.86929	7.88999	5.15242	4.9782	5.03825	5.79101	7.77513	8.53745
XLOC_029252	72.4893	44.7554	33.1684	27.4266	28.4585	32.6871	17.1747	38.8299	12.5956	39.3788	40.4307	41.9758
XLOC_029253	0	0	0	0	1.96265	0	0	0	0	2.3164	0	7.11454
XLOC_029276	19.7698	26.0395	30.479	21.4643	37.2904	37.1957	73.8513	86.6206	60.459	20.8476	33.433	24.1894
XLOC_029282	34.048	22.7846	42.1328	15.502	17.6639	11.2714	24.9034	27.8779	28.9699	10.4238	17.1053	13.5176
XLOC_029286	0	0	0	2.38492	1.96265	2.25428	0	1.99128	0	4.6328	0	7.11454
XLOC_029308	137.29	87.8833	98.6087	95.3969	86.3568	101.443	147.703	146.359	110.842	83.3905	89.414	80.3943
XLOC_029330	64.8011	58.5889	52.8901	28.6191	30.4211	40.5771	50.6654	51.7732	45.3443	74.1249	45.8732	69.011
XLOC_029331	1639.8	1854.5	1857.43	1286.67	1177.59	1132.78	1922.71	1811.07	1741.98	1308.77	1298.45	1521.8
XLOC_029343	964.328	743.753	657.989	807.296	672.209	891.569	931.729	1040.44	739.363	557.095	596.352	569.163
XLOC_029344	7.68826	3.25494	5.37865	1.19246	1.96265	6.76285	12.0223	8.96075	10.0765	4.6328	3.88756	0.711454
XLOC_029391	45.0313	41.5004	37.6506	10.7322	14.7199	27.0514	60.9703	44.8038	49.1229	30.1132	26.4354	22.7665
XLOC_029399	6.58994	3.25494	12.5502	8.34723	0	3.38142	17.1747	2.98692	15.1148	22.0058	6.99761	7.11454
XLOC_029438	32.9497	83.8146	86.9549	35.7738	43.1784	41.7042	86.7324	64.7166	86.9098	56.7519	38.8756	41.2643
XLOC_029439	125.209	118.805	148.809	106.129	98.1327	63.1199	248.175	157.311	201.53	130.877	87.8589	101.738
XLOC_029453	60.4078	51.2653	69.0261	84.6647	68.6929	91.2984	75.5688	92.5945	89.4289	56.7519	62.201	44.1101
XLOC_029463	216.37	329.562	269.829	62.008	42.1971	109.333	741.948	596.388	597.033	252.488	203.708	335.806
XLOC_029465	0	4.06867	1.79288	4.76984	1.96265	1.12714	0	0	0	5.79101	0.777513	3.55727
XLOC_029479	56.0145	30.9219	27.7897	81.0874	63.7863	67.6285	33.4907	27.8779	17.6339	84.5487	61.4235	58.3392
XLOC_029480	162.552	215.64	191.839	135.941	161.919	162.308	151.138	128.437	127.216	340.511	195.156	220.551
XLOC_029489	6.58994	27.667	17.0324	5.96231	3.92531	7.88999	30.9145	25.8866	22.6721	8.10741	3.88756	7.82599
XLOC_029505	6.58994	13.0197	9.86087	0	7.85062	0	22.3271	19.9128	10.0765	22.0058	31.1005	39.8414
XLOC_029509	66.9977	78.1185	66.3367	41.7361	30.4211	57.4842	117.647	106.533	83.1311	60.2265	45.0957	54.7819
XLOC_029516	62.6044	34.1768	52.8901	27.4266	33.3651	32.6871	62.6878	50.7776	75.5738	38.2206	17.8828	32.0154
XLOC_029521	77.9809	87.8833	89.6442	59.6231	51.029	49.5942	82.4387	58.7427	90.6885	77.5995	52.8709	98.8921
XLOC_029528	126.307	139.962	155.085	108.514	104.021	105.951	154.573	205.102	144.85	128.56	97.9666	108.852
XLOC_029538	97.7508	77.3047	83.3691	102.552	92.2447	99.1884	113.353	113.503	110.842	71.8085	86.3039	64.7423
XLOC_029634	24.1631	46.3828	33.1684	28.6191	15.7012	21.4157	69.5576	40.8212	64.2377	27.7968	29.5455	38.4185
XLOC_029672	5.49162	17.9022	12.5502	1.19246	10.7946	12.3986	27.4796	23.8953	17.6339	9.26561	18.6603	30.5925
XLOC_029687	54.9162	48.8241	56.4759	31.004	49.0664	30.4328	58.3941	48.7863	59.1994	104.238	40.4307	77.5485
XLOC_029713	190.01	192.855	240.247	153.827	127.573	113.841	259.338	231.984	225.462	178.363	151.615	210.59
XLOC_029721	177.928	198.551	224.111	120.439	150.143	130.748	213.825	267.827	265.768	163.306	108.074	155.808
XLOC_029723	46.1296	170.07	198.114	95.3969	138.367	90.1713	284.242	180.211	270.806	60.2265	100.299	150.117
XLOC_029754	274.581	287.248	299.412	221.798	180.564	191.614	253.327	261.853	270.806	145.933	151.615	159.366
XLOC_029818	7.68826	6.50987	7.17154	1.19246	5.88796	0	2.57621	5.97384	5.03825	15.0566	14.7727	8.53745
XLOC_029825	20.8681	22.7846	22.4111	19.0794	34.3464	34.9414	24.9034	17.9215	15.1148	37.0624	42.7632	37.707
XLOC_029826	310.825	327.935	347.82	236.107	198.228	340.397	419.063	437.086	481.153	5.79101	3.11005	8.53745
XLOC_029832	43.9329	20.3434	34.9613	14.3095	13.7386	21.4157	24.0446	26.8823	5.03825	10.4238	18.6603	10.6718
XLOC_029833	56.0145	39.0592	19.7217	56.0457	57.8983	63.1199	18.0335	20.9084	15.1148	33.5878	18.6603	28.4582
XLOC_029834	41.7363	37.4318	25.9968	19.0794	37.2904	34.9414	16.316	20.9084	22.6721	22.0058	24.1029	21.3436
XLOC_029838	13.1799	15.4609	20.6182	20.2718	22.5705	16.9071	16.316	11.9477	17.6339	33.5878	35.7656	34.8612
XLOC_029842	40.638	82.1872	83.3691	76.3175	84.3941	61.9928	51.5242	57.7471	62.9781	115.82	85.5264	88.9317
XLOC_029848	0	0	0	0	0.981327	2.25428	0	1.99128	0	1.1582	3.11005	2.13436
XLOC_029853	426.149	316.543	354.991	429.286	381.736	497.069	401.889	451.025	381.647	260.595	288.457	246.874
XLOC_029878	20.8681	19.5296	17.0324	13.1171	9.81327	19.1614	44.6543	35.843	36.5273	16.2148	10.8852	19.2093
XLOC_029881	7.68826	7.32361	13.4466	2.38492	13.7386	4.50856	13.7398	20.9084	20.153	9.26561	11.6627	17.0749
XLOC_029885	31.8514	29.2944	40.3399	22.6568	11.7759	37.1957	6.86989	11.9477	6.29781	15.0566	30.323	31.304
XLOC_029887	56.0145	58.5889	43.0292	93.012	95.1887	83.4084	55.8179	49.782	49.1229	46.328	57.5359	45.533
XLOC_029897	35.1463	64.285	68.1296	75.1251	133.46	68.7556	81.5799	60.734	78.0929	198.052	103.409	115.256
XLOC_029899	1.09832	0	0	0	0	0	0	10.952	2.51913	3.4746	0.777513	2.13436
XLOC_029928	0	0	0	0	0.981327	2.25428	0.858736	0	0	10.4238	3.11005	0.711454
XLOC_029934	20.8681	24.412	28.6862	39.3512	32.3838	25.9242	63.5465	57.7471	62.9781	42.8534	38.8756	37.707
XLOC_029940	0	0	0	0	0.981327	0	6.01115	4.9782	10.0765	0	0.777513	1.42291
XLOC_029942	0	0.813734	0	2.38492	0.981327	0	0	0	0	1.1582	0	9.2489
XLOC_029944	31.8514	34.1768	33.1684	32.1965	21.5892	39.4499	31.7732	40.8212	34.0082	22.0058	18.6603	15.652
XLOC_029960	6.58994	12.206	13.4466	16.6945	12.7573	9.01713	24.0446	24.891	30.2295	20.8476	26.4354	24.1894
XLOC_029961	3.29497	4.88241	14.3431	13.1171	10.7946	13.5257	15.4573	24.891	22.6721	17.373	26.4354	30.5925
XLOC_029995	5.49162	4.88241	1.79288	0	0	0	2.57621	0.995639	0	0	0.777513	0.711454
XLOC_030003	49.4245	36.618	52.8901	60.8155	34.3464	34.9414	29.197	16.9259	39.0464	4.6328	6.99761	8.53745
XLOC_030015	82.3742	113.109	86.9549	5.96231	14.7199	16.9071	83.2974	97.5727	89.4289	15.0566	32.6555	18.4978
XLOC_030018	652.404	419.073	446.428	823.991	659.452	834.084	465.435	539.637	390.464	503.817	516.268	475.251
XLOC_030021	200.993	500.447	472.425	218.22	349.352	182.597	449.119	387.304	454.702	384.523	345.993	510.824
XLOC_030040	39.5396	64.285	48.4079	62.008	92.2447	78.8999	78.145	45.7994	71.7951	88.0233	71.5312	99.6035
XLOC_030041	852.299	805.597	702.811	711.899	674.172	839.72	1055.39	939.884	908.145	615.005	629.008	544.974
XLOC_030043	115.324	80.5597	75.3012	87.0497	91.2634	72.137	45.513	42.8125	61.7186	88.0233	72.3087	52.6476
XLOC_030066	15.3765	19.5296	28.6862	56.0457	29.4398	46.2128	25.7621	25.8866	30.2295	50.9608	24.8804	36.9956
XLOC_030110	31.8514	48.0103	59.1652	16.6945	18.6452	19.1614	36.0669	20.9084	27.7104	16.2148	17.1053	29.8811
XLOC_030112	17.5732	17.9022	12.5502	63.2004	42.1971	43.9585	28.3383	34.8474	27.7104	49.8026	41.9857	33.4383
XLOC_030164	120.816	132.639	132.673	158.597	158.975	163.435	280.807	191.163	240.576	230.482	191.268	213.436
XLOC_030178	16.4748	29.2944	24.2039	8.34723	23.5518	4.50856	27.4796	14.9346	45.3443	15.0566	25.6579	23.478
XLOC_030179	10.9832	9.76481	10.7573	17.8869	14.7199	15.78	16.316	9.95639	15.1148	39.3788	24.8804	34.1498
XLOC_030184	62.6044	39.873	55.5794	116.861	92.2447	112.714	67.8402	86.6206	42.8251	67.1757	70.7537	76.1256
XLOC_030217	48.3262	33.3631	32.2719	25.0417	25.5145	33.8142	53.2417	47.7907	42.8251	23.164	14.7727	22.7665
XLOC_030245	4.39329	6.50987	8.06798	36.9663	18.6452	33.8142	11.1636	9.95639	11.3361	17.373	15.5503	20.6322
XLOC_030246	25.2614	22.7846	19.7217	88.2421	102.058	83.4084	83.2974	99.5639	56.6803	100.763	81.6388	70.4339
XLOC_030249	56.0145	45.5691	36.7541	38.1588	41.2157	22.5428	61.829	40.8212	74.3142	41.6952	32.6555	27.7467
XLOC_030263	9.88491	3.25494	8.06798	11.9246	16.6826	14.6528	5.15242	4.9782	8.81694	13.8984	7.77513	4.98018
XLOC_030266	27.4581	30.9219	34.0648	16.6945	51.029	22.5428	38.6431	39.8256	40.306	64.8593	47.4283	54.0705
XLOC_030274	86.7675	67.5399	105.78	78.7024	76.5435	96.9341	102.19	117.485	88.1694	48.6444	63.756	57.6278
XLOC_030307	1071.96	942.304	888.374	1415.45	1071.61	1286.07	1244.31	1275.41	1117.23	927.719	877.812	795.405
XLOC_030319	27.4581	26.0395	25.1004	33.3889	40.2344	29.3057	42.9368	37.8343	34.0082	50.9608	48.2058	56.9163
XLOC_030320	49.4245	69.9811	86.9549	52.4683	40.2344	42.8314	65.264	54.7602	69.2759	93.8143	81.6388	88.9317
XLOC_030327	154.864	135.08	162.256	112.091	110.89	80.027	174.323	118.481	196.492	108.871	76.9738	73.9912
XLOC_030348	8.78659	10.5785	5.37865	4.76984	0	4.50856	16.316	19.9128	22.6721	23.164	34.9881	15.652
XLOC_030351	150.47	118.805	141.638	138.326	91.2634	102.57	89.3086	136.403	130.995	101.922	85.5264	88.2203
XLOC_030390	179.027	187.973	155.085	113.284	101.077	112.714	123.658	159.302	158.705	86.8651	93.3015	79.6828
XLOC_030407	20.8681	26.0395	26.8933	22.6568	18.6452	16.9071	19.7509	15.9302	20.153	10.4238	9.33015	9.2489
XLOC_030410	38.4413	52.079	56.4759	33.3889	50.0477	32.6871	77.2863	51.7732	74.3142	26.6386	34.9881	43.3987
XLOC_030414	2.19665	4.06867	0.896442	1.19246	6.86929	3.38142	0	0	0	0	0	0
XLOC_030416	39.5396	43.1279	40.3399	38.1588	34.3464	55.2299	121.082	123.459	134.773	15.0566	20.9928	27.0352
XLOC_030432	1.09832	7.32361	13.4466	8.34723	7.85062	3.38142	27.4796	21.9041	16.3743	5.79101	1.55503	2.84582
XLOC_030487	35.1463	55.3339	77.9905	33.3889	26.4958	24.7971	28.3383	46.7951	34.0082	41.6952	31.1005	21.3436
XLOC_030499	529.392	382.455	501.111	568.804	476.925	582.732	480.034	423.147	396.762	967.098	514.713	615.408
XLOC_030513	14.2782	24.412	10.7573	34.5814	22.5705	28.1785	17.1747	27.8779	17.6339	19.6894	23.3254	21.3436
XLOC_030515	0	0	0	1.19246	1.96265	12.3986	0.858736	1.99128	1.25956	0	0	0
XLOC_030530	13.1799	30.1082	40.3399	13.1171	18.6452	13.5257	50.6654	36.8387	42.8251	26.6386	11.6627	24.1894
XLOC_030538	51.6212	37.4318	42.1328	23.8492	21.5892	24.7971	30.0558	30.8648	23.9317	30.1132	17.1053	19.9207
XLOC_030543	783.104	664.821	697.432	574.766	511.271	530.883	1015.03	849.28	877.915	590.683	443.182	473.117
XLOC_030557	35.1463	30.9219	40.3399	11.9246	13.7386	27.0514	24.9034	34.8474	18.8934	11.582	20.2153	20.6322
XLOC_030561	86.7675	81.3734	119.227	207.488	164.863	205.14	138.257	172.246	132.254	137.826	111.184	75.4141
XLOC_030570	15.3765	15.4609	15.2395	13.1171	3.92531	9.01713	6.01115	10.952	13.8552	15.0566	10.8852	14.2291
XLOC_030571	39.5396	62.6575	46.615	52.4683	74.5809	61.9928	37.7844	28.8735	34.0082	34.746	37.3206	45.533
XLOC_030583	0	0	0	5.96231	2.94398	6.76285	0	0.995639	2.51913	0	3.11005	6.40308
XLOC_030599	26.3598	8.13734	13.4466	14.3095	10.7946	13.5257	18.8922	13.939	2.51913	9.26561	30.323	17.7863
XLOC_030605	149.372	192.041	143.431	132.363	78.5062	108.206	273.078	145.363	219.164	163.306	134.51	177.863
XLOC_030607	30.7531	17.0884	22.4111	16.6945	16.6826	18.0343	24.9034	37.8343	23.9317	9.26561	17.1053	12.0947
XLOC_030636	35.1463	13.8335	10.7573	29.8115	32.3838	30.4328	21.4684	28.8735	20.153	38.2206	51.3158	22.7665
XLOC_030644	0	0	0	0	0	6.76285	0	0	0	0	0	0.711454
XLOC_030650	87.8659	45.5691	53.7865	155.02	97.1514	148.783	51.5242	61.7296	70.5355	86.8651	133.732	89.6432
XLOC_030658	13.1799	26.0395	45.7186	21.4643	22.5705	22.5428	37.7844	22.8997	40.306	64.8593	50.5383	74.7026
XLOC_030694	440.428	319.798	246.522	193.179	202.153	172.453	216.402	200.124	239.317	274.494	331.22	271.064
XLOC_030696	27.4581	32.5494	22.4111	13.1171	12.7573	18.0343	12.881	11.9477	11.3361	10.4238	21.7704	19.9207
XLOC_030702	102.144	139.149	131.777	81.0874	65.7489	60.8656	123.658	124.455	142.331	176.047	211.483	189.247
XLOC_030705	15.3765	4.06867	10.7573	0	3.92531	0	4.29368	14.9346	6.29781	20.8476	39.6531	28.4582
XLOC_030706	14.2782	10.5785	5.37865	2.38492	1.96265	6.76285	0.858736	5.97384	16.3743	6.94921	5.44259	23.478
XLOC_030709	90.0625	175.767	196.321	116.861	119.722	80.027	209.532	108.525	173.82	211.951	146.172	199.207
XLOC_030715	81.2759	51.2653	65.4403	17.8869	17.6639	27.0514	32.632	33.8517	37.7869	4.6328	9.33015	7.82599
XLOC_030730	200.993	197.737	132.673	177.677	139.348	181.47	170.03	216.054	173.82	97.2889	146.95	117.39
XLOC_030735	5.49162	10.5785	5.37865	3.57738	1.96265	2.25428	8.58736	7.96512	6.29781	3.4746	5.44259	11.3833
XLOC_030737	62.6044	38.2455	52.8901	97.7818	79.4875	100.316	54.9591	88.6119	64.2377	67.1757	69.1986	60.4736
XLOC_030762	19.7698	34.1768	25.9968	3.57738	1.96265	5.63571	27.4796	16.9259	22.6721	2.3164	6.2201	2.84582
XLOC_030764	26.3598	46.3828	36.7541	7.15477	2.94398	13.5257	78.145	61.7296	44.0847	3.4746	3.11005	2.13436
XLOC_030783	305.334	380.014	320.03	54.8532	62.8049	58.6113	415.628	417.173	357.716	71.8085	83.1939	78.2599
XLOC_030784	103.242	89.5108	96.8158	13.1171	19.6265	21.4157	146.844	110.516	93.2076	32.4296	15.5503	20.6322
XLOC_030785	16.4748	8.95108	14.3431	0	0	1.12714	36.9257	43.8081	36.5273	4.6328	3.11005	8.53745
XLOC_030786	101.046	176.58	164.049	10.7322	15.7012	25.9242	176.9	139.39	113.361	27.7968	34.2106	26.3238
XLOC_030795	53.8178	99.2756	75.3012	36.9663	41.2157	45.0856	94.461	92.5945	74.3142	64.8593	61.4235	107.43
XLOC_030806	85.6692	83.8146	75.3012	104.937	107.946	112.714	55.8179	79.6512	75.5738	68.3339	65.3111	64.7423
XLOC_030820	252.614	285.621	256.383	168.137	181.545	160.054	364.104	280.77	336.303	346.302	243.361	389.877
XLOC_030856	3.29497	1.62747	3.58577	4.76984	1.96265	13.5257	1.71747	4.9782	2.51913	6.94921	5.44259	8.53745
XLOC_030888	6.58994	10.5785	1.79288	5.96231	5.88796	1.12714	0	0	0	1.1582	3.11005	6.40308
XLOC_030914	45.0313	36.618	36.7541	72.7401	80.4688	96.9341	34.3495	57.7471	40.306	49.8026	59.091	50.5132
XLOC_030921	7.68826	3.25494	5.37865	16.6945	9.81327	7.88999	1.71747	5.97384	6.29781	10.4238	13.9952	15.652
XLOC_030950	96.6524	48.0103	57.3723	40.5437	21.5892	41.7042	51.5242	71.686	54.1612	34.746	45.8732	35.5727
XLOC_030956	24.1631	15.4609	14.3431	29.8115	19.6265	25.9242	7.72863	7.96512	17.6339	26.6386	29.5455	28.4582
XLOC_030977	123.012	120.433	109.366	38.1588	47.1037	52.9756	151.138	108.525	113.361	72.9667	42.7632	51.9361
XLOC_030978	30.7531	27.667	37.6506	4.76984	5.88796	4.50856	49.8067	28.8735	30.2295	19.6894	17.1053	9.96035
XLOC_031008	14.2782	19.5296	27.7897	42.9286	37.2904	27.0514	33.4907	54.7602	35.2678	30.1132	30.323	35.5727
XLOC_031039	5.49162	4.88241	9.86087	10.7322	7.85062	4.50856	8.58736	14.9346	7.55738	2.3164	3.88756	3.55727
XLOC_031069	7.68826	8.13734	9.86087	9.53969	9.81327	4.50856	9.4461	9.95639	23.9317	5.79101	10.8852	9.96035
XLOC_031127	571.128	524.859	553.105	571.189	514.215	533.138	474.881	511.759	500.046	504.976	358.433	413.355
XLOC_031146	7.68826	7.32361	6.2751	25.0417	31.4025	29.3057	15.4573	18.9171	5.03825	17.373	22.5479	27.0352
XLOC_031149	5.49162	3.25494	8.96442	15.502	17.6639	20.2885	4.29368	3.98256	5.03825	8.10741	7.77513	7.11454
XLOC_031153	1629.91	1901.7	1965.9	2334.84	2419.95	2530.43	2528.98	2347.72	2132.44	2461.18	1958.55	1962.19
XLOC_031162	56.0145	61.0301	50.2008	70.3552	58.8796	82.2813	62.6878	48.7863	61.7186	162.148	115.072	125.927
XLOC_031179	40.638	42.3142	34.0648	22.6568	34.3464	18.0343	51.5242	58.7427	47.8634	20.8476	22.5479	38.4185
XLOC_031182	5.49162	0	1.79288	0	0	0	1.71747	7.96512	0	0	0.777513	0
XLOC_031186	200.993	255.513	258.175	246.839	334.633	256.988	211.249	214.062	244.355	422.743	423.744	431.141
XLOC_031188	233.943	232.728	210.664	124.016	152.106	158.927	237.011	266.831	238.057	120.453	121.292	112.41
XLOC_031191	119.717	78.9322	84.2656	57.2381	57.8983	69.8827	91.026	90.6032	51.6421	48.6444	45.0957	56.9163
XLOC_031196	40.638	97.6481	101.298	46.506	60.8423	38.3228	90.1673	70.6904	98.2459	93.8143	66.0886	111.698
XLOC_031197	93.3575	58.5889	51.0972	85.8572	94.2074	95.807	44.6543	66.7078	54.1612	64.8593	36.5431	50.5132
XLOC_031198	13.1799	15.4609	17.0324	21.4643	4.90664	32.6871	12.0223	12.9433	13.8552	8.10741	31.1005	5.69163
XLOC_031216	4.39329	1.62747	0	4.76984	9.81327	7.88999	6.01115	1.99128	2.51913	8.10741	6.99761	8.53745
XLOC_031230	98.8491	93.5794	78.8869	66.7778	53.973	38.3228	95.3197	67.7035	75.5738	91.4979	55.9809	77.5485
XLOC_031233	43.9329	59.4026	41.2364	51.2758	31.4025	48.4671	11.1636	16.9259	16.3743	22.0058	43.5407	48.3789
XLOC_031234	31.8514	31.7356	17.9288	46.506	20.6079	37.1957	23.1859	21.9041	21.4126	45.1698	58.3135	56.2048
XLOC_031239	6.58994	12.206	14.3431	23.8492	20.6079	37.1957	15.4573	15.9302	12.5956	46.328	44.3182	33.4383
XLOC_031252	6.58994	10.5785	2.68933	10.7322	4.90664	5.63571	10.3048	5.97384	2.51913	16.2148	8.55264	4.98018
XLOC_031263	0	4.06867	1.79288	0	0	0	2.57621	0	3.77869	10.4238	0.777513	2.13436
XLOC_031270	15.3765	15.4609	18.8253	20.2718	9.81327	15.78	23.1859	26.8823	23.9317	4.6328	6.99761	3.55727
XLOC_031273	42.8346	34.1768	39.4435	11.9246	4.90664	7.88999	33.4907	56.7514	31.4891	17.373	24.8804	18.4978
XLOC_031275	42.8346	83.8146	75.3012	20.2718	21.5892	21.4157	73.8513	63.7209	66.7568	67.1757	48.9833	40.5529
XLOC_031280	91.1608	165.188	138.949	96.5894	94.2074	76.6456	120.223	136.403	142.331	94.9725	93.3015	113.833
XLOC_031282	35.1463	29.2944	29.5826	13.1171	13.7386	7.88999	65.264	41.8169	45.3443	24.3222	12.4402	26.3238
XLOC_031286	0	0	0.896442	1.19246	0	6.76285	0	0	0	0	1.55503	2.84582
XLOC_031331	14.2782	5.69614	8.96442	17.8869	23.5518	22.5428	33.4907	49.782	17.6339	16.2148	22.5479	24.1894
XLOC_031348	1.09832	8.13734	2.68933	1.19246	0	0	0.858736	4.9782	0	0	0	0
XLOC_031349	88.9642	74.0498	93.23	53.6608	66.7302	69.8827	157.149	149.346	130.995	144.775	40.4307	50.5132
XLOC_031350	32.9497	40.6867	49.3043	13.1171	8.83194	15.78	123.658	102.551	104.544	17.373	16.3278	24.9009
XLOC_031355	60.4078	139.149	91.4371	47.6984	57.8983	59.7385	93.6023	83.6337	105.803	83.3905	66.8661	83.2401
XLOC_031356	0	0	0	4.76984	0.981327	0	6.86989	0	3.77869	4.6328	1.55503	1.42291
XLOC_031367	163.65	148.913	174.806	137.133	127.573	156.673	191.498	226.01	175.079	91.4979	110.407	115.967
XLOC_031376	58.2111	50.4515	38.547	58.4306	18.6452	33.8142	36.9257	32.8561	23.9317	15.0566	35.7656	39.8414
XLOC_031384	126.307	97.6481	100.402	132.363	139.348	134.13	84.1562	66.7078	91.9481	193.42	150.837	120.947
XLOC_031396	146.077	117.178	121.916	62.008	63.7863	61.9928	115.071	122.464	105.803	34.746	33.433	41.9758
XLOC_031436	16.4748	27.667	14.3431	19.0794	21.5892	16.9071	24.0446	13.939	16.3743	18.5312	15.5503	16.3634
XLOC_031453	36.2447	39.0592	23.3075	20.2718	16.6826	23.67	19.7509	8.96075	11.3361	5.79101	21.7704	12.8062
XLOC_031466	0	0	0	1.19246	0.981327	1.12714	0	0	0	0	0.777513	1.42291
XLOC_031469	18.6715	16.2747	10.7573	27.4266	35.3278	32.6871	28.3383	35.843	12.5956	52.1191	45.0957	50.5132
XLOC_031507	26.3598	8.13734	21.5146	21.4643	5.88796	27.0514	12.0223	5.97384	8.81694	4.6328	14.7727	23.478
XLOC_031539	1899	1663.27	1541.88	1067.25	1018.62	1036.97	2270.5	2209.32	1954.84	1873.97	1314	1372.39
XLOC_031574	143.88	131.825	110.262	113.284	122.666	119.477	121.082	93.5901	83.1311	101.922	92.524	91.0661
XLOC_031576	69.1944	71.6086	51.9937	21.4643	23.5518	28.1785	33.4907	30.8648	34.0082	38.2206	24.8804	27.0352
XLOC_031578	57.1128	54.5202	66.3367	35.7738	34.3464	21.4157	89.3086	112.507	74.3142	33.5878	34.9881	32.7269
XLOC_031598	32.9497	47.1966	59.1652	39.3512	33.3651	39.4499	74.7101	86.6206	78.0929	24.3222	32.6555	23.478
XLOC_031599	9.88491	43.9416	33.1684	28.6191	42.1971	42.8314	91.8848	50.7776	85.6503	35.9042	36.5431	30.5925
XLOC_031601	1661.76	1783.71	1636.9	1487	1334.6	1426.96	1985.4	1840.94	1656.32	1067.86	1188.82	1112
XLOC_031618	2.19665	0	2.68933	1.19246	2.94398	1.12714	5.15242	8.96075	2.51913	0	0	0
XLOC_031619	10.9832	14.6472	5.37865	7.15477	3.92531	6.76285	6.01115	11.9477	13.8552	0	7.77513	2.84582
XLOC_031627	96.6524	111.482	92.3336	45.3135	42.1971	55.2299	91.8848	80.6468	76.8333	82.2323	60.646	69.7225
XLOC_031628	0	0	1.79288	11.9246	2.94398	0	0	0	0	1.1582	0.777513	3.55727
XLOC_031630	16.4748	8.13734	8.96442	3.57738	0.981327	6.76285	4.29368	7.96512	16.3743	3.4746	2.33254	5.69163
XLOC_031646	12.0816	39.873	40.3399	16.6945	13.7386	21.4157	38.6431	23.8953	47.8634	28.955	17.8828	29.8811
XLOC_031647	516.212	436.975	440.153	403.052	316.969	396.754	351.223	475.916	463.519	284.917	304.007	266.084
XLOC_031648	755.646	734.802	722.533	348.199	316.969	362.939	454.272	678.03	565.544	584.892	436.185	410.509
XLOC_031671	25.2614	24.412	22.4111	14.3095	30.4211	22.5428	9.4461	14.9346	23.9317	52.1191	48.2058	26.3238
XLOC_031672	25.2614	19.5296	16.136	31.004	48.085	52.9756	18.8922	11.9477	23.9317	16.2148	29.5455	19.2093
XLOC_031675	283.367	199.365	181.081	79.8949	53.973	85.6627	284.242	319.6	238.057	170.256	156.28	131.619
XLOC_031676	66.9977	109.04	107.573	95.3969	124.629	93.5527	182.052	148.35	199.011	310.398	156.28	189.247
XLOC_031692	35.1463	19.5296	34.0648	63.2004	33.3651	54.1028	28.3383	20.9084	21.4126	45.1698	22.5479	30.5925
XLOC_031699	1.09832	5.69614	0.896442	0	0	0	2.57621	1.99128	1.25956	0	0	0
XLOC_031710	8.78659	11.3923	8.96442	20.2718	20.6079	21.4157	14.5985	5.97384	21.4126	27.7968	14.7727	33.4383
XLOC_031712	132.897	181.463	169.428	135.941	133.46	169.071	155.431	163.285	158.705	72.9667	132.955	115.967
XLOC_031731	46.1296	39.873	53.7865	34.5814	51.029	29.3057	40.3606	47.7907	50.3825	61.3847	54.4259	83.2401
XLOC_031735	176.83	167.629	144.327	91.8195	100.095	126.24	145.126	156.315	132.254	118.137	99.5216	101.026
XLOC_031736	24.1631	17.9022	9.86087	45.3135	37.2904	18.0343	16.316	21.9041	10.0765	9.26561	11.6627	13.5176
XLOC_031743	35.1463	59.4026	52.8901	42.9286	46.1224	29.3057	62.6878	48.7863	64.2377	100.763	57.5359	76.1256
XLOC_031747	154.864	141.59	128.191	141.903	119.722	158.927	97.8959	117.485	73.0546	50.9608	96.4116	70.4339
XLOC_031749	43.9329	38.2455	27.7897	33.3889	32.3838	34.9414	85.8736	52.7689	59.1994	47.4862	36.5431	31.304
XLOC_031753	215.271	209.943	206.182	335.082	264.958	353.922	291.112	378.343	250.653	265.228	254.247	194.938
XLOC_031754	258.106	174.953	178.392	363.701	262.996	343.778	256.762	311.635	265.768	238.589	194.378	184.267
XLOC_031777	29.6547	34.9906	42.1328	19.0794	16.6826	40.5771	136.539	124.455	81.8716	27.7968	15.5503	19.9207
XLOC_031778	127.405	142.403	197.217	171.714	123.647	250.225	864.747	704.913	600.811	61.3847	68.4211	59.0507
XLOC_031779	85.6692	77.3047	93.23	170.522	84.3941	228.81	397.595	401.243	337.563	39.3788	38.8756	30.5925
XLOC_031788	17.5732	26.0395	26.8933	3.57738	0.981327	1.12714	36.9257	36.8387	11.3361	4.6328	5.44259	2.13436
XLOC_031809	60.4078	38.2455	46.615	32.1965	26.4958	27.0514	38.6431	69.6948	42.8251	34.746	40.4307	36.9956
XLOC_031817	1.09832	3.25494	4.48221	3.57738	0.981327	1.12714	0	0	0	3.4746	1.55503	6.40308
XLOC_031824	203.19	206.688	227.696	302.885	332.67	364.067	183.77	251.897	173.82	200.369	231.699	221.974
XLOC_031837	133.995	110.668	152.395	127.593	112.853	127.367	280.807	243.932	195.232	113.504	106.519	98.1806
XLOC_031864	58.2111	55.3339	49.3043	72.7401	73.5995	63.1199	55.8179	44.8038	40.306	98.4471	62.9785	73.9912
XLOC_031867	26.3598	109.04	72.6118	20.2718	44.1597	27.0514	64.4052	71.686	86.9098	71.8085	59.8685	71.1454
XLOC_031881	23.0648	10.5785	19.7217	31.004	40.2344	20.2885	5.15242	11.9477	8.81694	13.8984	20.9928	12.8062
XLOC_031889	36.2447	34.1768	42.1328	41.7361	43.1784	65.3742	34.3495	46.7951	46.6038	16.2148	18.6603	17.0749
XLOC_031897	891.838	737.243	575.516	202.718	209.023	269.387	730.785	838.328	515.161	60.2265	55.9809	46.2445
XLOC_031937	26.3598	18.7159	25.1004	29.8115	18.6452	20.2885	36.0669	35.843	32.7486	17.373	12.4402	18.4978
XLOC_031938	108.734	100.089	80.6798	26.2341	23.5518	30.4328	167.454	174.237	94.4672	53.2773	52.0933	42.6872
XLOC_031940	83.4726	179.835	146.12	87.0497	115.797	100.316	207.814	153.328	193.973	94.9725	116.627	162.923
XLOC_031941	193.305	127.756	123.709	197.949	139.348	155.545	90.1673	95.5814	124.697	110.029	117.404	128.773
XLOC_031950	7.68826	21.9708	35.8577	22.6568	35.3278	28.1785	6.01115	11.9477	8.81694	30.1132	39.6531	36.9956
XLOC_031957	94.4558	108.227	121.916	50.0834	52.9917	27.0514	86.7324	61.7296	84.3907	71.8085	65.3111	94.6234
XLOC_031960	300.941	227.846	216.939	372.048	324.819	389.991	221.554	249.905	200.27	199.211	279.127	219.839
XLOC_031968	12.0816	30.9219	33.1684	17.8869	22.5705	24.7971	43.7956	37.8343	45.3443	24.3222	23.3254	28.4582
XLOC_031980	80.1776	94.3932	76.1976	60.8155	72.6182	51.8485	50.6654	46.7951	65.4973	60.2265	45.8732	45.533
XLOC_031990	20.8681	34.9906	37.6506	9.53969	6.86929	7.88999	15.4573	11.9477	11.3361	10.4238	9.33015	9.2489
XLOC_031991	97.7508	165.188	186.46	132.363	109.909	89.0441	330.613	222.028	251.913	125.086	121.292	189.247
XLOC_032000	1542.05	1573.76	1627.04	1830.43	1600.54	1699.73	2265.35	2028.12	1890.6	1426.9	1396.41	1382.35
XLOC_032018	15.3765	20.3434	29.5826	11.9246	13.7386	12.3986	51.5242	35.843	50.3825	26.6386	6.2201	8.53745
XLOC_032025	14.2782	7.32361	7.17154	19.0794	18.6452	21.4157	10.3048	9.95639	6.29781	17.373	10.1077	12.0947
XLOC_032027	20.8681	21.1571	19.7217	26.2341	28.4585	29.3057	18.8922	30.8648	22.6721	13.8984	13.2177	11.3833
XLOC_032046	25.2614	47.1966	47.5114	13.1171	15.7012	23.67	36.9257	41.8169	39.0464	11.582	18.6603	7.82599
XLOC_032052	107.636	83.0009	79.7834	158.597	122.666	142.02	119.364	120.472	99.5054	92.6561	105.742	74.7026
XLOC_032086	50.5229	59.4026	44.8221	47.6984	51.029	40.5771	24.0446	22.8997	17.6339	26.6386	24.8804	18.4978
XLOC_032096	16.4748	20.3434	20.6182	20.2718	17.6639	14.6528	30.9145	35.843	16.3743	16.2148	29.5455	21.3436
XLOC_032106	45.0313	34.1768	34.9613	32.1965	31.4025	45.0856	16.316	25.8866	32.7486	16.2148	13.9952	9.96035
XLOC_032108	206.485	128.57	130.881	162.175	101.077	149.91	100.472	106.533	80.612	40.537	62.201	47.6674
XLOC_032111	56.0145	51.2653	39.4435	48.8909	40.2344	50.7213	18.8922	31.8605	35.2678	19.6894	17.8828	17.0749
XLOC_032112	88.9642	68.3537	69.9225	23.8492	28.4585	42.8314	18.8922	38.8299	22.6721	15.0566	19.4378	16.3634
XLOC_032149	650.207	694.115	669.643	299.308	362.11	309.964	477.457	414.186	444.626	410.003	324.223	399.837
XLOC_032161	31.8514	38.2455	24.2039	28.6191	31.4025	13.5257	36.9257	39.8256	57.9399	37.0624	24.1029	33.4383
XLOC_032163	59.3095	48.0103	37.6506	28.6191	31.4025	28.1785	65.264	50.7776	54.1612	30.1132	46.6508	49.0903
XLOC_032165	6.58994	16.2747	8.96442	11.9246	4.90664	11.2714	20.6097	11.9477	21.4126	16.2148	17.8828	22.0551
XLOC_032187	92.2592	92.7657	77.9905	95.3969	104.021	73.2642	39.5019	42.8125	65.4973	195.736	133.732	170.749
XLOC_032189	1.09832	1.62747	4.48221	3.57738	0	0	27.4796	15.9302	17.6339	1.1582	0.777513	0
XLOC_032190	3.29497	0	3.58577	2.38492	0	1.12714	11.1636	1.99128	0	0	0	0
XLOC_032191	4.39329	2.4412	0.896442	3.57738	0	1.12714	7.72863	4.9782	5.03825	0	0	0
XLOC_032192	0	0	0	2.38492	0.981327	0	3.43495	9.95639	5.03825	0	1.55503	0
XLOC_032194	23.0648	30.9219	21.5146	19.0794	17.6639	15.78	47.2305	40.8212	44.0847	13.8984	13.9952	7.11454
XLOC_032197	410.773	516.721	407.881	96.5894	68.6929	87.917	553.885	703.917	554.208	203.843	242.584	194.227
XLOC_032199	32.9497	26.0395	28.6862	9.53969	21.5892	4.50856	41.2193	47.7907	41.5656	10.4238	19.4378	15.652
XLOC_032201	6.58994	16.2747	12.5502	2.38492	4.90664	3.38142	42.0781	49.782	31.4891	9.26561	6.2201	4.98018
XLOC_032202	19.7698	14.6472	19.7217	19.0794	27.4772	18.0343	133.104	123.459	168.781	81.0741	86.3039	88.9317
XLOC_032208	0	0.813734	0.896442	0	0	0	0.858736	0	0	5.79101	5.44259	2.13436
XLOC_032218	35.1463	39.0592	18.8253	21.4643	25.5145	27.0514	60.1115	35.843	56.6803	86.8651	62.201	83.9515
XLOC_032255	4.39329	8.95108	0.896442	1.19246	0.981327	3.38142	0	0	0	1.1582	3.11005	0
XLOC_032261	281.171	319.798	311.962	83.4723	97.1514	82.2813	109.06	102.551	147.369	193.42	179.605	249.72
XLOC_032264	114.226	109.04	90.5407	191.986	170.751	180.343	104.766	110.516	99.5054	137.826	149.282	125.216
XLOC_032265	14.2782	10.5785	6.2751	36.9663	4.90664	24.7971	2.57621	7.96512	12.5956	9.26561	10.8852	12.8062
XLOC_032273	24.1631	23.5983	33.1684	21.4643	15.7012	19.1614	24.0446	19.9128	25.1913	3.4746	10.1077	13.5176
XLOC_032274	136.192	104.972	121.02	72.7401	68.6929	100.316	97.0372	86.6206	59.1994	79.9159	63.756	69.7225
XLOC_032286	51.6212	48.8241	30.479	97.7818	79.4875	71.0099	64.4052	38.8299	61.7186	38.2206	50.5383	53.359
XLOC_032293	444.821	399.543	359.473	78.7024	56.917	80.027	383.855	274.796	285.921	165.623	135.287	172.883
XLOC_032295	264.696	268.532	257.279	54.8532	64.7676	50.7213	321.167	287.74	299.776	110.029	99.5216	118.813
XLOC_032296	0	4.88241	0.896442	3.57738	0	0	0	0	0	3.4746	2.33254	6.40308
XLOC_032299	133.995	123.688	95.9193	162.175	144.255	149.91	102.19	92.5945	66.7568	106.555	119.737	123.793
XLOC_032313	79.0793	40.6867	45.7186	36.9663	21.5892	32.6871	49.8067	42.8125	34.0082	38.2206	41.9857	46.2445
XLOC_032341	1311.4	1371.96	1317.77	239.685	221.78	306.582	1684.84	1385.93	1286.01	481.812	475.838	535.725
XLOC_032342	7.68826	8.95108	4.48221	0	0	0	2.57621	3.98256	2.51913	1.1582	0.777513	1.42291
XLOC_032451	81.2759	66.7262	73.5083	51.2758	57.8983	43.9585	73.8513	76.6642	68.0164	46.328	38.8756	27.0352
XLOC_032477	32.9497	22.7846	30.479	39.3512	46.1224	47.3399	32.632	45.7994	34.0082	30.1132	25.6579	16.3634
XLOC_032482	13.1799	16.2747	9.86087	45.3135	21.5892	34.9414	27.4796	19.9128	13.8552	9.26561	13.9952	8.53745
XLOC_032504	1140.06	1578.64	1281.91	300.5	453.373	317.854	1487.33	1065.33	1419.53	750.514	563.697	722.837
XLOC_032506	540.375	444.299	433.878	58.4306	82.4315	69.8827	243.022	277.783	187.675	81.0741	58.3135	57.6278
XLOC_032511	66.9977	58.5889	52.8901	127.593	122.666	134.13	71.2751	86.6206	89.4289	53.2773	97.1891	91.0661
XLOC_032545	68.096	58.5889	69.9225	87.0497	79.4875	81.1542	75.5688	80.6468	60.459	66.0175	103.409	137.311
XLOC_032546	86.7675	82.1872	91.4371	44.1211	43.1784	38.3228	38.6431	53.7645	39.0464	77.5995	56.7584	58.3392
XLOC_032568	27.4581	46.3828	34.9613	14.3095	17.6639	21.4157	42.9368	28.8735	45.3443	16.2148	27.2129	48.3789
XLOC_032590	79.0793	52.8927	50.2008	126.401	106.965	137.511	79.0037	104.542	59.1994	92.6561	68.4211	71.8568
XLOC_032591	41.7363	49.6378	41.2364	65.5854	69.6742	72.137	52.3829	59.7384	55.4208	63.7011	52.0933	41.9758
XLOC_032597	26.3598	34.9906	31.3755	3.57738	5.88796	3.38142	50.6654	45.7994	34.0082	5.79101	9.33015	10.6718
XLOC_032600	17.5732	17.9022	21.5146	14.3095	19.6265	4.50856	28.3383	13.939	27.7104	28.955	27.2129	37.707
XLOC_032604	0	0	0	0	0.981327	0	6.01115	1.99128	0	1.1582	0	2.13436
XLOC_032608	31.8514	25.2258	25.9968	45.3135	41.2157	45.0856	37.7844	24.891	21.4126	82.2323	53.6484	47.6674
XLOC_032609	40.638	22.7846	25.1004	40.5437	35.3278	40.5771	17.1747	16.9259	30.2295	45.1698	49.7608	39.13
XLOC_032613	37.343	56.1477	35.8577	3.57738	3.92531	7.88999	32.632	46.7951	21.4126	0	0	2.84582
XLOC_032614	70.2927	43.9416	47.5114	5.96231	9.81327	13.5257	37.7844	42.8125	30.2295	1.1582	1.55503	2.13436
XLOC_032623	97.7508	115.55	83.3691	52.4683	49.0664	75.5185	87.5911	82.6381	71.7951	26.6386	27.2129	36.9956
XLOC_032645	25.2614	18.7159	22.4111	34.5814	31.4025	52.9756	28.3383	32.8561	10.0765	25.4804	34.2106	52.6476
XLOC_032659	77.9809	71.6086	76.1976	15.502	21.5892	29.3057	91.8848	88.6119	73.0546	17.373	14.7727	22.0551
XLOC_032661	49.4245	67.5399	79.7834	65.5854	87.3381	68.7556	101.331	73.6773	108.322	123.928	124.402	137.311
XLOC_032706	1801.25	1611.19	1480.03	1700.45	1516.15	1601.67	2166.59	2127.68	1701.67	1391	1435.29	1473.42
XLOC_032709	9.88491	1.62747	0	4.76984	0.981327	4.50856	1.71747	0	1.25956	0	0	0
XLOC_032718	38.4413	31.7356	26.8933	13.1171	14.7199	12.3986	38.6431	37.8343	45.3443	11.582	23.3254	12.8062
XLOC_032724	25.2614	97.6481	119.227	35.7738	57.8983	37.1957	64.4052	39.8256	93.2076	53.2773	77.7513	123.793
XLOC_032728	6.58994	6.50987	25.9968	7.15477	0.981327	9.01713	82.4387	55.7558	57.9399	3.4746	0.777513	0.711454
XLOC_032731	215.271	183.09	164.945	257.572	269.865	293.057	211.249	313.626	243.096	173.73	202.931	179.286
XLOC_032742	17.5732	10.5785	15.2395	36.9663	38.2718	55.2299	12.881	15.9302	21.4126	24.3222	20.2153	15.652
XLOC_032746	54.9162	41.5004	57.3723	17.8869	25.5145	39.4499	40.3606	42.8125	35.2678	37.0624	31.878	30.5925
XLOC_032757	24.1631	11.3923	15.2395	32.1965	26.4958	41.7042	27.4796	13.939	13.8552	15.0566	28.768	12.0947
XLOC_032775	64.8011	53.7065	51.0972	62.008	57.8983	59.7385	45.513	44.8038	40.306	68.3339	81.6388	76.1256
XLOC_032798	19.7698	60.2163	44.8221	19.0794	34.3464	22.5428	75.5688	70.6904	84.3907	50.9608	29.5455	34.1498
XLOC_032808	51.6212	17.9022	31.3755	42.9286	27.4772	36.0685	33.4907	33.8517	35.2678	54.4355	101.077	52.6476
XLOC_032835	79.0793	71.6086	61.8545	96.5894	81.4501	116.096	164.877	169.259	143.59	37.0624	56.7584	36.2841
XLOC_032841	169.142	135.894	117.434	232.53	136.404	192.741	179.476	194.15	142.331	101.922	124.402	107.43
XLOC_032851	175.732	109.04	129.088	203.911	172.714	175.834	136.539	156.315	168.781	140.142	202.153	131.619
XLOC_032869	45.0313	43.1279	23.3075	26.2341	24.5332	11.2714	23.1859	26.8823	15.1148	26.6386	16.3278	12.8062
XLOC_032877	15.3765	11.3923	13.4466	27.4266	27.4772	21.4157	12.881	1.99128	6.29781	19.6894	24.1029	18.4978
XLOC_032899	185.617	143.217	142.534	124.016	77.5248	69.8827	101.331	102.551	90.6885	116.978	120.514	83.2401
XLOC_032900	87.8659	47.1966	46.615	19.0794	20.6079	11.2714	46.3718	47.7907	54.1612	31.2714	33.433	18.4978
XLOC_032935	1.09832	7.32361	0.896442	0	0	0	0	2.98692	0	0	0	0
XLOC_032936	13.1799	8.13734	8.06798	0	0	0	0	0	1.25956	0	0	0
XLOC_032976	32.9497	25.2258	21.5146	45.3135	36.3091	52.9756	54.1004	42.8125	59.1994	41.6952	46.6508	41.9758
XLOC_032989	120.816	117.991	86.9549	88.2421	63.7863	67.6285	108.201	100.56	81.8716	61.3847	68.4211	59.0507
XLOC_033060	24.1631	13.8335	13.4466	7.15477	16.6826	6.76285	14.5985	14.9346	15.1148	4.6328	12.4402	6.40308
XLOC_033067	3.29497	16.2747	14.3431	8.34723	4.90664	9.01713	15.4573	7.96512	16.3743	26.6386	16.3278	17.7863
XLOC_033107	8.78659	15.4609	13.4466	2.38492	13.7386	5.63571	8.58736	14.9346	10.0765	26.6386	14.7727	24.9009
XLOC_033130	27.4581	24.412	22.4111	27.4266	29.4398	14.6528	23.1859	12.9433	23.9317	48.6444	38.8756	39.8414
XLOC_033152	24.1631	32.5494	25.1004	27.4266	34.3464	24.7971	15.4573	6.96948	20.153	31.2714	48.9833	39.13
XLOC_033156	0	0.813734	2.68933	56.0457	98.1327	59.7385	0.858736	0	2.51913	200.369	171.053	172.883
XLOC_033157	0	0	0	8.34723	15.7012	9.01713	0	1.99128	1.25956	33.5878	37.3206	44.8216
XLOC_033158	2.19665	3.25494	7.17154	89.4346	105.002	96.9341	0.858736	0.995639	13.8552	152.883	157.058	145.137
XLOC_033159	20.8681	9.76481	17.9288	64.3929	46.1224	19.1614	1.71747	1.99128	5.03825	49.8026	33.433	38.4185
XLOC_033165	9.88491	3.25494	11.6538	16.6945	16.6826	9.01713	23.1859	21.9041	21.4126	19.6894	22.5479	30.5925
XLOC_033169	48.3262	71.6086	58.2688	44.1211	61.8236	60.8656	30.9145	38.8299	41.5656	96.1307	48.2058	73.2797
XLOC_033190	24.1631	19.5296	20.6182	45.3135	30.4211	24.7971	13.7398	17.9215	21.4126	17.373	15.5503	15.652
XLOC_033210	10.9832	15.4609	25.9968	3.57738	5.88796	12.3986	40.3606	40.8212	41.5656	3.4746	7.77513	4.98018
XLOC_033213	0	0	0	0	5.88796	1.12714	1.71747	0	2.51913	1.1582	0	0
XLOC_033238	23.0648	16.2747	17.0324	2.38492	7.85062	19.1614	10.3048	18.9171	7.55738	13.8984	18.6603	6.40308
XLOC_033268	20.8681	32.5494	33.1684	56.0457	44.1597	54.1028	24.0446	25.8866	46.6038	49.8026	34.9881	29.1696
XLOC_033269	0	0	0	0	0.981327	0	0	0	1.25956	1.1582	6.99761	0.711454
XLOC_033306	17.5732	26.8532	54.683	38.1588	24.5332	38.3228	117.647	71.686	95.7268	40.537	39.6531	46.9559
XLOC_033308	135.094	155.423	174.806	170.522	143.274	174.707	242.164	233.975	230.5	99.6053	85.5264	92.489
XLOC_033311	16.4748	8.95108	14.3431	19.0794	14.7199	18.0343	25.7621	25.8866	25.1913	9.26561	10.1077	11.3833
XLOC_033351	409.675	463.828	392.642	165.752	157.012	144.274	436.238	441.068	362.754	195.736	162.5	155.808
XLOC_033352	214.173	199.365	183.771	104.937	79.4875	110.46	240.446	183.198	172.56	154.041	87.0814	88.9317
XLOC_033355	311.924	201.806	195.424	120.439	77.5248	87.917	48.948	93.5901	61.7186	88.0233	48.9833	49.8018
XLOC_033356	141.684	123.688	147.913	79.8949	36.3091	27.0514	109.06	94.5857	83.1311	39.3788	32.6555	39.8414
XLOC_033357	314.12	249.816	202.596	65.5854	64.7676	56.3571	116.788	107.529	122.178	66.0175	48.2058	43.3987
XLOC_033358	0	0	0	4.76984	0	4.50856	7.72863	11.9477	8.81694	3.4746	5.44259	4.26872
XLOC_033363	71.391	83.8146	91.4371	64.3929	75.5622	120.604	156.29	127.442	105.803	45.1698	49.7608	85.3745
XLOC_033371	31.8514	60.2163	94.1265	31.004	59.8609	19.1614	91.026	64.7166	102.025	19.6894	73.8637	123.793
XLOC_033378	49.4245	34.9906	37.6506	79.8949	65.7489	64.247	48.0892	81.6424	45.3443	52.1191	69.9761	49.8018
XLOC_033383	177.928	116.364	140.741	90.6271	93.2261	101.443	166.595	197.137	133.514	45.1698	51.3158	44.1101
XLOC_033434	56.0145	33.3631	38.547	56.0457	62.8049	71.0099	30.9145	24.891	35.2678	31.2714	35.7656	34.8612
XLOC_033443	31.8514	22.7846	32.2719	9.53969	21.5892	24.7971	39.5019	33.8517	45.3443	47.4862	37.3206	46.2445
XLOC_033449	46.1296	100.903	77.0941	26.2341	34.3464	34.9414	185.487	127.442	142.331	45.1698	34.9881	44.1101
XLOC_033452	6.58994	13.8335	17.9288	4.76984	1.96265	2.25428	18.8922	12.9433	15.1148	4.6328	6.99761	1.42291
XLOC_033462	18.6715	21.9708	26.8933	23.8492	15.7012	18.0343	74.7101	35.843	50.3825	33.5878	24.8804	20.6322
XLOC_033471	18.6715	29.2944	15.2395	46.506	35.3278	30.4328	18.0335	17.9215	18.8934	31.2714	25.6579	24.9009
XLOC_033476	86.7675	104.158	132.673	98.9743	104.021	94.6799	154.573	163.285	147.369	83.3905	72.3087	99.6035
XLOC_033478	17.5732	8.13734	10.7573	16.6945	6.86929	12.3986	14.5985	17.9215	7.55738	3.4746	2.33254	5.69163
XLOC_033552	47.2279	56.1477	63.6474	20.2718	59.8609	55.2299	91.8848	101.555	89.4289	82.2323	40.4307	64.0308
XLOC_033560	0	0	0	5.96231	6.86929	2.25428	0.858736	0	0	2.3164	2.33254	7.11454
XLOC_033562	4.39329	4.06867	5.37865	5.96231	18.6452	18.0343	8.58736	5.97384	18.8934	30.1132	17.1053	20.6322
XLOC_033563	21.9665	22.7846	30.479	2.38492	0	1.12714	7.72863	6.96948	7.55738	1.1582	0.777513	2.13436
XLOC_033570	0	0	0	0	0	0	0	0.995639	0	0	0.777513	7.11454
XLOC_033575	1867.15	1831.72	1908.53	2043.88	1934.2	2026.6	2718.76	2320.84	2127.4	1597.16	1791.39	1762.98
XLOC_033576	25.2614	78.9322	44.8221	17.8869	31.4025	15.78	23.1859	26.8823	12.5956	24.3222	30.323	29.8811
XLOC_033598	0	0	0	0	1.96265	1.12714	6.86989	10.952	1.25956	2.3164	1.55503	2.84582
XLOC_033599	34.048	21.9708	23.3075	0	3.92531	1.12714	6.01115	14.9346	6.29781	0	8.55264	6.40308
XLOC_033604	24.1631	10.5785	25.1004	14.3095	21.5892	18.0343	20.6097	10.952	5.03825	28.955	30.323	26.3238
XLOC_033609	30.7531	26.0395	27.7897	14.3095	8.83194	13.5257	46.3718	49.782	36.5273	11.582	12.4402	7.11454
XLOC_033612	0	0	0	0	11.7759	0	0.858736	0	0	4.6328	1.55503	3.55727
XLOC_033618	30.7531	22.7846	30.479	9.53969	0.981327	7.88999	24.0446	13.939	18.8934	9.26561	6.99761	3.55727
XLOC_033626	17.5732	16.2747	34.9613	8.34723	14.7199	13.5257	13.7398	24.891	8.81694	9.26561	6.99761	14.2291
XLOC_033627	39.5396	46.3828	25.1004	35.7738	39.2531	72.137	50.6654	68.6991	41.5656	16.2148	38.8756	44.1101
XLOC_033629	39.5396	35.8043	56.4759	27.4266	37.2904	31.56	63.5465	50.7776	64.2377	32.4296	45.8732	29.1696
XLOC_033636	31.8514	37.4318	43.0292	26.2341	33.3651	15.78	73.8513	61.7296	66.7568	60.2265	34.2106	60.4736
XLOC_033640	26.3598	36.618	35.8577	14.3095	10.7946	19.1614	20.6097	7.96512	27.7104	20.8476	22.5479	20.6322
XLOC_033641	2.19665	3.25494	3.58577	3.57738	1.96265	3.38142	1.71747	2.98692	11.3361	16.2148	13.2177	15.652
XLOC_033642	6.58994	10.5785	15.2395	4.76984	2.94398	1.12714	11.1636	12.9433	0	22.0058	27.9905	28.4582
XLOC_033643	17.5732	8.95108	16.136	3.57738	0.981327	12.3986	18.0335	17.9215	30.2295	12.7402	33.433	34.8612
XLOC_033645	29.6547	15.4609	23.3075	3.57738	10.7946	4.50856	15.4573	17.9215	13.8552	16.2148	6.2201	9.96035
XLOC_033656	7.68826	8.13734	6.2751	20.2718	28.4585	25.9242	26.6208	32.8561	21.4126	5.79101	13.9952	7.11454
XLOC_033679	15.3765	8.95108	15.2395	22.6568	13.7386	28.1785	5.15242	3.98256	5.03825	18.5312	13.2177	15.652
XLOC_033681	35.1463	56.1477	49.3043	60.8155	51.029	41.7042	38.6431	41.8169	46.6038	78.7577	66.0886	71.1454
XLOC_033689	36.2447	50.4515	44.8221	23.8492	20.6079	31.56	60.1115	56.7514	51.6421	17.373	16.3278	27.0352
XLOC_033691	16.4748	17.9022	10.7573	11.9246	18.6452	11.2714	36.9257	18.9171	11.3361	19.6894	6.2201	11.3833
XLOC_033715	5.49162	15.4609	7.17154	10.7322	25.5145	12.3986	6.01115	5.97384	12.5956	10.4238	9.33015	14.2291
XLOC_033719	27.4581	33.3631	21.5146	27.4266	15.7012	16.9071	24.0446	25.8866	17.6339	35.9042	42.7632	48.3789
XLOC_033727	13.1799	13.8335	16.136	27.4266	34.3464	23.67	14.5985	7.96512	11.3361	5.79101	21.7704	17.7863
XLOC_033728	24.1631	24.412	22.4111	15.502	29.4398	21.4157	9.4461	11.9477	17.6339	44.0116	42.7632	41.2643
XLOC_033729	31.8514	24.412	28.6862	28.6191	27.4772	38.3228	24.9034	50.7776	40.306	19.6894	9.33015	4.26872
XLOC_033747	3.29497	8.13734	2.68933	0	0	0	0	4.9782	0	0	0.777513	0
XLOC_033765	94.4558	196.924	231.282	129.978	185.471	158.927	299.699	231.984	338.822	116.978	237.141	327.98
XLOC_033770	75.7843	43.1279	45.7186	78.7024	64.7676	56.3571	66.1227	63.7209	37.7869	60.2265	68.4211	59.7621
XLOC_033771	43.9329	8.13734	25.1004	46.506	44.1597	54.1028	35.2082	24.891	15.1148	26.6386	38.0981	26.3238
XLOC_033792	172.437	149.727	157.774	79.8949	99.114	77.7727	60.1115	54.7602	56.6803	128.56	101.854	112.41
XLOC_033795	31.8514	21.1571	20.6182	51.2758	38.2718	32.6871	15.4573	16.9259	17.6339	31.2714	24.1029	22.7665
XLOC_033798	36.2447	17.9022	13.4466	20.2718	25.5145	38.3228	48.948	40.8212	30.2295	24.3222	23.3254	9.2489
XLOC_033799	12.0816	23.5983	20.6182	20.2718	12.7573	14.6528	60.9703	46.7951	34.0082	22.0058	20.9928	19.2093
XLOC_033802	15.3765	18.7159	10.7573	11.9246	5.88796	5.63571	33.4907	31.8605	23.9317	4.6328	5.44259	10.6718
XLOC_033841	5.49162	1.62747	1.79288	9.53969	0.981327	1.12714	0	0	0	3.4746	8.55264	2.13436
XLOC_033842	29.6547	21.1571	21.5146	44.1211	52.0103	33.8142	23.1859	27.8779	25.1913	19.6894	39.6531	26.3238
XLOC_033844	235.041	285.621	259.968	83.4723	146.218	86.7899	285.959	186.185	261.989	128.56	97.1891	118.101
XLOC_033847	3.29497	5.69614	1.79288	4.76984	16.6826	4.50856	4.29368	6.96948	16.3743	37.0624	10.1077	19.9207
XLOC_033852	29.6547	48.0103	36.7541	36.9663	26.4958	32.6871	79.0037	43.8081	41.5656	45.1698	44.3182	60.4736
XLOC_033860	77.9809	122.06	112.055	78.7024	96.17	58.6113	191.498	122.464	171.301	59.0683	90.1915	169.326
XLOC_033861	9.88491	17.0884	8.06798	15.502	9.81327	11.2714	33.4907	44.8038	30.2295	26.6386	39.6531	32.7269
XLOC_033895	5.49162	3.25494	0.896442	8.34723	15.7012	11.2714	6.01115	1.99128	5.03825	10.4238	12.4402	17.0749
XLOC_033897	86.7675	67.5399	75.3012	93.012	90.2821	110.46	85.8736	82.6381	81.8716	199.211	92.524	96.0463
XLOC_033902	680.96	482.544	472.425	325.542	304.211	344.905	444.825	469.942	421.953	211.951	216.149	219.128
XLOC_033905	42.8346	42.3142	31.3755	91.8195	106.965	111.587	61.829	67.7035	78.0929	56.7519	85.5264	57.6278
XLOC_033920	16.4748	13.0197	6.2751	15.502	4.90664	10.1443	6.01115	5.97384	7.55738	9.26561	8.55264	14.9405
XLOC_033926	54.9162	36.618	19.7217	16.6945	16.6826	24.7971	6.86989	13.939	10.0765	35.9042	20.2153	19.9207
XLOC_033928	99.9474	76.491	122.813	129.978	95.1887	137.511	121.941	210.08	157.445	70.6503	84.7489	82.5286
XLOC_033931	8.78659	11.3923	3.58577	0	0	0	2.57621	0	0	0	0	0
XLOC_033932	25.2614	19.5296	25.1004	5.96231	3.92531	2.25428	5.15242	6.96948	1.25956	3.4746	1.55503	2.84582
XLOC_033934	0	0	0	0	0.981327	1.12714	0	0	0	9.26561	0	0.711454
XLOC_033935	121.914	105.785	87.8514	3.57738	11.7759	11.2714	24.9034	33.8517	20.153	6.94921	1.55503	0.711454
XLOC_033942	116.422	117.178	147.913	39.3512	31.4025	50.7213	89.3086	74.673	56.6803	50.9608	21.7704	24.1894
XLOC_033946	49.4245	40.6867	44.8221	28.6191	21.5892	42.8314	90.1673	92.5945	76.8333	10.4238	15.5503	17.0749
XLOC_033950	19.7698	52.8927	48.4079	47.6984	67.7116	52.9756	82.4387	69.6948	94.4672	106.555	81.6388	113.121
XLOC_033956	170.24	173.325	167.635	88.2421	86.3568	80.027	285.959	237.958	227.981	88.0233	116.627	126.639
XLOC_033974	43.9329	45.5691	47.5114	54.8532	47.1037	71.0099	54.1004	50.7776	71.7951	67.1757	102.632	81.8172
XLOC_034002	17.5732	21.1571	29.5826	4.76984	1.96265	1.12714	76.4275	56.7514	47.8634	34.746	18.6603	12.8062
XLOC_034025	35.1463	38.2455	41.2364	17.8869	4.90664	14.6528	25.7621	35.843	31.4891	20.8476	31.1005	25.6123
XLOC_034028	14.2782	13.0197	15.2395	1.19246	3.92531	4.50856	14.5985	3.98256	12.5956	13.8984	9.33015	4.26872
XLOC_034050	15.3765	19.5296	9.86087	8.34723	10.7946	11.2714	3.43495	2.98692	2.51913	6.94921	17.8828	9.96035
XLOC_034113	249.319	214.826	189.149	146.673	146.218	142.02	246.457	285.749	235.538	343.986	189.713	191.381
XLOC_034116	93.3575	87.0696	77.9905	35.7738	50.0477	42.8314	71.2751	88.6119	64.2377	15.0566	27.9905	27.0352
XLOC_034139	18.6715	16.2747	32.2719	5.96231	17.6639	7.88999	46.3718	33.8517	22.6721	30.1132	28.768	32.7269
XLOC_034146	20.8681	41.5004	66.3367	28.6191	35.3278	19.1614	59.2528	43.8081	54.1612	45.1698	31.878	45.533
XLOC_034147	102.144	83.0009	77.0941	147.865	137.386	139.765	87.5911	123.459	85.6503	114.662	87.8589	78.9714
XLOC_034160	487.656	388.965	300.308	82.2798	85.3755	108.206	303.134	324.578	258.21	70.6503	87.8589	80.3943
XLOC_034163	12.0816	11.3923	12.5502	2.38492	0.981327	3.38142	7.72863	2.98692	5.03825	1.1582	0.777513	2.84582
XLOC_034167	46.1296	61.8438	50.2008	10.7322	26.4958	18.0343	42.9368	57.7471	42.8251	33.5878	31.878	12.0947
XLOC_034171	19.7698	34.9906	31.3755	25.0417	13.7386	39.4499	55.8179	49.782	27.7104	4.6328	11.6627	11.3833
XLOC_034172	9.88491	16.2747	13.4466	21.4643	15.7012	11.2714	25.7621	43.8081	36.5273	18.5312	13.2177	17.0749
XLOC_034179	0	1.62747	8.06798	0	0	1.12714	16.316	9.95639	27.7104	0	0	0
XLOC_034182	13.1799	8.95108	12.5502	7.15477	10.7946	9.01713	12.0223	7.96512	20.153	19.6894	25.6579	27.0352
XLOC_034277	21.9665	19.5296	17.9288	7.15477	8.83194	6.76285	30.0558	37.8343	23.9317	18.5312	6.2201	4.26872
XLOC_034280	4.39329	5.69614	4.48221	14.3095	5.88796	11.2714	12.0223	7.96512	27.7104	2.3164	6.2201	2.13436
XLOC_034281	58.2111	33.3631	37.6506	15.502	21.5892	21.4157	70.4164	65.7122	50.3825	13.8984	24.1029	22.7665
XLOC_034284	17.5732	21.9708	25.9968	4.76984	16.6826	2.25428	37.7844	13.939	32.7486	17.373	9.33015	19.9207
XLOC_034294	65.8994	52.8927	38.547	62.008	66.7302	105.951	43.7956	40.8212	49.1229	59.0683	85.5264	79.6828
XLOC_034316	25.2614	17.0884	13.4466	17.8869	15.7012	12.3986	30.9145	59.7384	46.6038	37.0624	22.5479	22.7665
XLOC_034318	18.6715	4.06867	21.5146	0	0	0	0	0	0	0	0	0
XLOC_034319	47.2279	28.4807	20.6182	0	0	0	0	0	1.25956	0	0	0
XLOC_034320	26.3598	17.0884	19.7217	0	0	0	0.858736	0	2.51913	3.4746	1.55503	0.711454
XLOC_034321	1.09832	6.50987	2.68933	15.502	7.85062	1.12714	12.0223	13.939	11.3361	13.8984	17.8828	15.652
XLOC_034327	34.048	48.8241	30.479	34.5814	32.3838	22.5428	74.7101	54.7602	34.0082	25.4804	25.6579	39.8414
XLOC_034331	23.0648	42.3142	23.3075	36.9663	55.9356	48.4671	45.513	49.782	64.2377	49.8026	40.4307	43.3987
XLOC_034332	36.2447	21.1571	30.479	27.4266	14.7199	36.0685	68.6989	50.7776	56.6803	32.4296	25.6579	31.304
XLOC_034339	18.6715	20.3434	30.479	32.1965	30.4211	40.5771	48.948	38.8299	56.6803	35.9042	18.6603	31.304
XLOC_034353	15.3765	18.7159	34.0648	42.9286	22.5705	39.4499	29.197	20.9084	6.29781	13.8984	23.3254	36.9956
XLOC_034382	110.931	63.4713	52.8901	129.978	105.983	102.57	83.2974	123.459	107.063	81.0741	103.409	91.7775
XLOC_034384	168.043	151.355	121.02	212.258	204.116	234.445	157.149	132.42	144.85	246.697	218.481	226.242
XLOC_034391	15.3765	16.2747	9.86087	13.1171	19.6265	15.78	9.4461	9.95639	7.55738	40.537	18.6603	30.5925
XLOC_034425	43.9329	36.618	38.547	26.2341	12.7573	14.6528	42.9368	66.7078	44.0847	56.7519	56.7584	73.9912
XLOC_034465	27.4581	22.7846	28.6862	7.15477	6.86929	9.01713	18.0335	19.9128	23.9317	9.26561	21.7704	17.0749
XLOC_034518	92.2592	97.6481	109.366	25.0417	24.5332	25.9242	68.6989	68.6991	61.7186	37.0624	36.5431	29.8811
XLOC_034529	80.1776	59.4026	55.5794	90.6271	87.3381	104.824	26.6208	27.8779	27.7104	84.5487	89.414	77.5485
XLOC_034569	39.5396	22.7846	41.2364	46.506	25.5145	42.8314	30.9145	13.939	16.3743	34.746	40.4307	37.707
XLOC_034579	18.6715	21.9708	20.6182	0	1.96265	3.38142	8.58736	16.9259	15.1148	1.1582	4.66508	4.98018
XLOC_034595	25.2614	12.206	11.6538	21.4643	26.4958	23.67	8.58736	8.96075	10.0765	10.4238	26.4354	17.7863
XLOC_034597	21.9665	54.5202	64.5439	20.2718	35.3278	23.67	74.7101	24.891	54.1612	54.4355	34.9881	79.6828
XLOC_034598	93.3575	82.1872	57.3723	184.831	134.442	144.274	63.5465	73.6773	104.544	184.154	181.938	120.236
XLOC_034599	34.048	66.7262	56.4759	56.0457	43.1784	61.9928	76.4275	43.8081	55.4208	98.4471	75.4187	100.315
XLOC_034632	37.343	18.7159	25.1004	50.0834	39.2531	51.8485	33.4907	51.7732	42.8251	45.1698	41.9857	33.4383
XLOC_034635	18.6715	30.9219	31.3755	40.5437	24.5332	15.78	85.8736	58.7427	80.612	35.9042	38.8756	48.3789
XLOC_034636	4.39329	7.32361	5.37865	10.7322	24.5332	25.9242	44.6543	32.8561	36.5273	8.10741	11.6627	14.9405
XLOC_034658	218.566	198.551	193.632	156.212	136.404	181.47	234.435	242.936	258.21	126.244	124.402	92.489
XLOC_034689	32.9497	43.9416	57.3723	33.3889	65.7489	52.9756	82.4387	81.6424	74.3142	106.555	64.5336	85.3745
XLOC_034693	6.58994	24.412	22.4111	11.9246	4.90664	9.01713	6.86989	9.95639	8.81694	8.10741	22.5479	53.359
XLOC_034732	30.7531	15.4609	11.6538	13.1171	9.81327	16.9071	6.86989	5.97384	3.77869	9.26561	17.1053	9.2489
XLOC_034754	63.7027	35.8043	38.547	48.8909	59.8609	55.2299	17.1747	32.8561	13.8552	37.0624	32.6555	33.4383
XLOC_034755	28.5564	34.1768	42.1328	42.9286	57.8983	39.4499	18.0335	15.9302	16.3743	54.4355	32.6555	39.8414
XLOC_034762	31.8514	39.0592	30.479	38.1588	24.5332	40.5771	48.0892	48.7863	49.1229	20.8476	17.1053	24.9009
XLOC_034766	51.6212	93.5794	79.7834	71.5477	65.7489	76.6456	156.29	127.442	125.956	134.351	112.739	118.101
XLOC_034768	0	7.32361	2.68933	0	0	0	0	0	0	1.1582	0.777513	0.711454
XLOC_034774	26.3598	8.13734	20.6182	8.34723	11.7759	9.01713	18.8922	24.891	17.6339	3.4746	13.9952	19.2093
XLOC_034775	23.0648	83.8146	105.78	14.3095	36.3091	13.5257	117.647	93.5901	143.59	35.9042	38.8756	73.2797
XLOC_034839	34.048	21.9708	25.9968	19.0794	34.3464	37.1957	11.1636	20.9084	7.55738	9.26561	30.323	17.7863
XLOC_034851	68.096	73.2361	97.7122	84.6647	60.8423	103.697	140.833	122.464	161.224	114.662	133.732	133.753
XLOC_034875	3.29497	1.62747	0.896442	0	0	0	0.858736	0.995639	1.25956	0	3.11005	0.711454
XLOC_034979	1.09832	2.4412	0	28.6191	39.2531	15.78	0.858736	0.995639	2.51913	40.537	51.3158	35.5727
XLOC_034980	14.2782	4.88241	9.86087	187.216	177.62	135.257	6.01115	1.99128	13.8552	229.324	166.388	198.496
XLOC_034981	19.7698	11.3923	17.9288	94.2044	71.6369	60.8656	7.72863	1.99128	6.29781	85.7069	66.0886	48.3789
XLOC_034982	16.4748	8.13734	27.7897	0	0	0	4.29368	5.97384	0	0	0	0
XLOC_035067	31.8514	62.6575	70.819	27.4266	25.5145	30.4328	97.8959	99.5639	78.0929	31.2714	32.6555	27.0352
XLOC_035072	8.78659	13.8335	17.0324	0	0	0	4.29368	9.95639	2.51913	1.1582	0.777513	2.84582
XLOC_035074	1.09832	10.5785	11.6538	5.96231	6.86929	12.3986	11.1636	16.9259	34.0082	11.582	9.33015	7.82599
XLOC_035076	28.5564	14.6472	12.5502	57.2381	31.4025	30.4328	16.316	15.9302	16.3743	20.8476	41.2082	22.0551
XLOC_035080	47.2279	42.3142	59.1652	60.8155	61.8236	60.8656	37.7844	37.8343	35.2678	66.0175	71.5312	83.2401
XLOC_035084	1.09832	0	0	0	0.981327	0	4.29368	7.96512	0	0	0	0
XLOC_035086	1.09832	1.62747	3.58577	7.15477	3.92531	6.76285	12.0223	7.96512	8.81694	5.79101	4.66508	8.53745
XLOC_035096	203.19	214.826	225.903	38.1588	45.141	46.2128	127.093	151.337	118.399	33.5878	31.1005	29.8811
XLOC_035113	16.4748	22.7846	13.4466	1.19246	0	0	1.71747	1.99128	1.25956	0	0	0
XLOC_035124	83.4726	73.2361	70.819	5.96231	14.7199	9.01713	26.6208	26.8823	35.2678	10.4238	3.11005	11.3833
XLOC_035125	164.748	156.237	121.916	26.2341	20.6079	37.1957	68.6989	91.5988	66.7568	15.0566	17.8828	13.5176
XLOC_035126	29.6547	21.1571	32.2719	7.15477	3.92531	2.25428	6.01115	14.9346	20.153	0	2.33254	2.13436
XLOC_035127	0	0	0	2.38492	1.96265	0	8.58736	2.98692	2.51913	5.79101	3.88756	4.98018
XLOC_035132	0	0.813734	1.79288	0	0	0	10.3048	2.98692	6.29781	9.26561	1.55503	2.84582
XLOC_035145	41.7363	24.412	31.3755	67.9703	61.8236	58.6113	27.4796	29.8692	28.9699	33.5878	9.33015	36.2841
XLOC_035158	5.49162	0.813734	0	5.96231	5.88796	5.63571	6.01115	0.995639	6.29781	30.1132	21.7704	36.9956
XLOC_035160	39.5396	43.9416	44.8221	42.9286	34.3464	47.3399	65.264	50.7776	39.0464	40.537	28.768	44.8216
XLOC_035167	161.454	182.276	172.117	326.734	269.865	278.404	204.379	218.045	205.309	227.007	215.371	212.725
XLOC_035190	61.5061	57.7751	57.3723	32.1965	56.917	56.3571	68.6989	70.6904	89.4289	136.668	108.074	110.275
XLOC_035191	30.7531	25.2258	21.5146	20.2718	9.81327	18.0343	39.5019	47.7907	50.3825	11.582	21.7704	12.8062
XLOC_035193	0	4.06867	13.4466	5.96231	3.92531	4.50856	27.4796	25.8866	32.7486	13.8984	4.66508	19.2093
XLOC_035194	14.2782	8.95108	16.136	7.15477	2.94398	6.76285	41.2193	29.8692	42.8251	1.1582	3.88756	5.69163
XLOC_035195	3.29497	9.76481	8.96442	2.38492	0.981327	3.38142	42.9368	36.8387	40.306	15.0566	6.2201	12.0947
XLOC_035200	14.2782	27.667	23.3075	4.76984	4.90664	0	6.86989	8.96075	8.81694	4.6328	6.99761	2.13436
XLOC_035206	309.727	720.155	695.639	529.453	678.097	480.162	655.216	603.357	744.402	275.652	447.07	572.009
XLOC_035212	23.0648	13.0197	17.9288	34.5814	20.6079	29.3057	11.1636	12.9433	20.153	6.94921	27.9905	9.96035
XLOC_035216	24.1631	38.2455	34.9613	7.15477	12.7573	25.9242	95.3197	71.686	69.2759	37.0624	29.5455	19.2093
XLOC_035227	75.7843	83.0009	89.6442	84.6647	78.5062	60.8656	115.071	126.446	102.025	71.8085	69.1986	76.1256
XLOC_035266	8160.54	7912.75	8965.32	12418.3	12457	13653.1	18573.6	18111.7	17470.1	10342.7	9942.83	9618.14
XLOC_035285	47.2279	39.873	44.8221	29.8115	47.1037	36.0685	45.513	46.7951	78.0929	91.4979	72.3087	87.5088
XLOC_035286	10.9832	6.50987	18.8253	22.6568	18.6452	10.1443	12.0223	19.9128	20.153	32.4296	24.1029	25.6123
XLOC_035296	35.1463	30.9219	34.0648	72.7401	85.3755	111.587	46.3718	32.8561	34.0082	38.2206	17.1053	29.8811
XLOC_035298	5.49162	2.4412	0	2.38492	0	11.2714	0	0	0	1.1582	0.777513	1.42291
XLOC_035303	6.58994	4.06867	12.5502	17.8869	22.5705	9.01713	12.0223	7.96512	12.5956	30.1132	29.5455	27.7467
XLOC_035311	79.0793	65.0987	69.9225	14.3095	10.7946	13.5257	199.227	171.25	162.484	82.2323	59.8685	77.5485
XLOC_035328	1152.14	965.902	908.096	490.102	467.112	502.705	927.435	998.626	942.153	583.733	520.933	559.203
XLOC_035329	126.307	113.923	84.2656	39.3512	35.3278	34.9414	103.048	117.485	107.063	39.3788	38.0981	44.1101
XLOC_035357	16.4748	20.3434	26.8933	19.0794	17.6639	12.3986	56.6766	23.8953	50.3825	42.8534	37.3206	49.8018
XLOC_035360	16.4748	25.2258	39.4435	63.2004	26.4958	63.1199	457.706	260.858	316.15	5.79101	5.44259	12.0947
XLOC_035361	0	1.62747	8.96442	3.57738	4.90664	4.50856	66.1227	68.6991	40.306	3.4746	3.11005	3.55727
XLOC_035363	14.2782	8.95108	22.4111	17.8869	14.7199	36.0685	134.822	110.516	138.552	5.79101	4.66508	9.2489
XLOC_035365	3.29497	1.62747	3.58577	0	2.94398	3.38142	2.57621	14.9346	3.77869	0	0	0
XLOC_035366	12.0816	13.0197	33.1684	35.7738	24.5332	34.9414	153.714	158.307	113.361	10.4238	3.11005	7.82599
XLOC_035368	24.1631	20.3434	23.3075	8.34723	1.96265	12.3986	83.2974	106.533	69.2759	13.8984	17.8828	8.53745
XLOC_035370	180.125	138.335	132.673	141.903	89.3008	170.198	190.639	139.39	171.301	63.7011	45.0957	57.6278
XLOC_035371	45.0313	92.7657	107.573	56.0457	55.9356	45.0856	203.521	145.363	158.705	35.9042	47.4283	54.0705
XLOC_035373	0	0.813734	0	0	1.96265	4.50856	0	0	0	0	0.777513	0.711454
XLOC_035375	13.1799	6.50987	22.4111	19.0794	40.2344	29.3057	18.0335	14.9346	10.0765	69.4921	19.4378	34.1498
XLOC_035467	0	1.62747	0.896442	3.57738	1.96265	0	0	0	0	3.4746	10.8852	2.84582
XLOC_035478	19.7698	21.1571	25.1004	19.0794	14.7199	30.4328	48.0892	70.6904	50.3825	33.5878	23.3254	34.1498
XLOC_035492	10.9832	11.3923	7.17154	19.0794	25.5145	24.7971	28.3383	26.8823	20.153	49.8026	21.7704	29.8811
XLOC_035493	15.3765	12.206	25.1004	40.5437	44.1597	22.5428	24.0446	33.8517	27.7104	79.9159	31.878	49.8018
XLOC_035497	4.39329	35.8043	35.8577	13.1171	27.4772	13.5257	36.0669	14.9346	27.7104	24.3222	33.433	54.0705
XLOC_035498	150.47	114.737	164.049	132.363	195.284	143.147	119.364	111.512	114.62	166.781	181.938	165.769
XLOC_035519	0	0	0.896442	1.19246	0	11.2714	0	0	0	4.6328	0	1.42291
XLOC_035528	28.5564	30.9219	19.7217	2.38492	3.92531	4.50856	30.0558	22.8997	16.3743	3.4746	6.2201	5.69163
XLOC_035529	110.931	90.3245	81.5763	19.0794	28.4585	16.9071	91.026	93.5901	80.612	35.9042	19.4378	18.4978
XLOC_035545	48.3262	27.667	34.9613	28.6191	15.7012	45.0856	42.9368	39.8256	22.6721	10.4238	23.3254	13.5176
XLOC_035559	0	4.06867	8.06798	3.57738	2.94398	0	0	1.99128	0	0	0	0
XLOC_035571	103.242	61.8438	96.8158	67.9703	78.5062	80.027	42.0781	52.7689	76.8333	54.4355	45.8732	47.6674
XLOC_035575	1610.14	1539.59	1575.95	1066.06	995.066	1051.62	1240.02	1262.47	1016.47	1314.56	1123.51	1092.79
XLOC_035583	31.8514	47.1966	51.9937	31.004	32.3838	30.4328	68.6989	47.7907	66.7568	34.746	26.4354	28.4582
XLOC_035585	119.717	86.2558	79.7834	54.8532	52.9917	49.5942	88.4498	110.516	83.1311	46.328	55.9809	46.9559
XLOC_035587	31.8514	28.4807	19.7217	10.7322	7.85062	10.1443	12.881	18.9171	23.9317	22.0058	13.9952	19.2093
XLOC_035589	18.6715	14.6472	21.5146	14.3095	6.86929	6.76285	36.9257	26.8823	31.4891	18.5312	17.1053	22.7665
XLOC_035590	168.043	147.286	158.67	165.752	153.087	215.284	207.814	228.001	192.713	101.922	97.9666	78.9714
XLOC_035592	30.7531	36.618	34.0648	15.502	10.7946	18.0343	71.2751	43.8081	36.5273	10.4238	11.6627	17.0749
XLOC_035603	0	0	0	0	1.96265	0	3.43495	0.995639	1.25956	1.1582	2.33254	6.40308
XLOC_035614	6.58994	3.25494	10.7573	0	0	0	13.7398	7.96512	2.51913	0	0.777513	0
XLOC_035616	23.0648	34.1768	42.1328	26.2341	28.4585	23.67	66.1227	38.8299	46.6038	46.328	44.3182	34.8612
XLOC_035632	17.5732	18.7159	16.136	33.3889	33.3651	33.8142	19.7509	30.8648	20.153	27.7968	27.2129	20.6322
XLOC_035646	6.58994	3.25494	8.06798	0	0	0	0	0	0	0	0	0
XLOC_035649	109.832	99.2756	69.9225	28.6191	33.3651	23.67	89.3086	50.7776	59.1994	61.3847	45.8732	51.2247
XLOC_035652	0	0	0	0	0.981327	0	1.71747	7.96512	0	3.4746	2.33254	0.711454
XLOC_035694	8.78659	11.3923	13.4466	29.8115	15.7012	10.1443	5.15242	5.97384	2.51913	15.0566	14.7727	9.2489
XLOC_035702	162.552	159.492	124.605	58.4306	66.7302	60.8656	174.323	187.18	167.522	49.8026	66.8661	49.0903
XLOC_035706	16.4748	24.412	25.9968	20.2718	16.6826	28.1785	60.9703	52.7689	60.459	37.0624	20.9928	41.9758
XLOC_035731	0	1.62747	0	0	0.981327	1.12714	0	0	0	4.6328	1.55503	4.26872
XLOC_035739	34.048	35.8043	47.5114	21.4643	21.5892	23.67	35.2082	42.8125	44.0847	9.26561	11.6627	14.2291
XLOC_035743	141.684	160.306	104.884	91.8195	107.946	116.096	126.234	112.507	105.803	81.0741	71.5312	93.2004
XLOC_035758	23.0648	18.7159	21.5146	34.5814	43.1784	34.9414	24.9034	13.939	18.8934	45.1698	30.323	22.0551
XLOC_035761	42.8346	65.9125	60.9581	32.1965	42.1971	43.9585	85.8736	69.6948	61.7186	41.6952	45.0957	62.6079
XLOC_035767	8.78659	4.88241	5.37865	29.8115	10.7946	27.0514	5.15242	4.9782	10.0765	8.10741	5.44259	12.0947
XLOC_035771	174.633	133.452	194.528	83.4723	120.703	101.443	122.799	148.35	142.331	127.402	108.074	115.256
XLOC_035775	1.09832	0.813734	0	0	0.981327	2.25428	0	0	0	1.1582	7.77513	7.11454
XLOC_035776	5.49162	6.50987	2.68933	8.34723	11.7759	6.76285	0.858736	3.98256	7.55738	31.2714	34.9881	32.7269
XLOC_035777	6.58994	4.88241	2.68933	2.38492	9.81327	10.1443	0.858736	5.97384	3.77869	34.746	21.7704	39.13
XLOC_035778	1.09832	0.813734	0.896442	0	5.88796	0	0	0	0	2.3164	0.777513	6.40308
XLOC_035785	10.9832	13.8335	20.6182	21.4643	24.5332	38.3228	11.1636	14.9346	8.81694	15.0566	29.5455	28.4582
XLOC_035789	124.111	104.972	95.0229	140.71	133.46	109.333	80.7212	80.6468	64.2377	118.137	80.8613	81.1057
XLOC_035818	298.744	248.189	227.696	109.706	117.759	117.223	348.647	313.626	254.432	74.1249	44.3182	64.0308
XLOC_035830	13.1799	22.7846	21.5146	19.0794	14.7199	18.0343	18.0335	25.8866	20.153	6.94921	3.88756	5.69163
XLOC_035837	17.5732	23.5983	19.7217	26.2341	20.6079	34.9414	16.316	13.939	11.3361	15.0566	37.3206	52.6476
XLOC_035848	7.68826	3.25494	9.86087	4.76984	13.7386	9.01713	2.57621	6.96948	2.51913	10.4238	7.77513	13.5176
XLOC_035865	40.638	49.6378	48.4079	28.6191	28.4585	24.7971	24.9034	26.8823	25.1913	76.4413	74.6412	87.5088
XLOC_035868	16.4748	9.76481	25.1004	1.19246	0	3.38142	36.9257	23.8953	46.6038	0	0	0
XLOC_035869	359.152	308.405	450.911	190.794	121.685	268.26	868.182	785.559	842.647	2.3164	0.777513	0.711454
XLOC_035870	38.4413	88.697	62.751	20.2718	24.5332	23.67	196.651	169.259	165.003	1.1582	2.33254	0.711454
XLOC_035879	43.9329	46.3828	46.615	51.2758	66.7302	72.137	24.9034	29.8692	27.7104	48.6444	61.4235	29.8811
XLOC_035883	5.49162	8.13734	9.86087	17.8869	30.4211	21.4157	16.316	4.9782	17.6339	76.4413	59.091	54.7819
XLOC_035884	15.3765	12.206	10.7573	29.8115	25.5145	28.1785	9.4461	2.98692	20.153	52.1191	56.7584	46.9559
XLOC_035886	20.8681	64.285	86.0585	45.3135	53.973	27.0514	60.1115	67.7035	74.3142	77.5995	73.8637	101.738
XLOC_035890	18.6715	34.1768	28.6862	19.0794	4.90664	5.63571	53.2417	33.8517	34.0082	17.373	15.5503	14.2291
XLOC_035894	3.29497	3.25494	0.896442	0	0	0	1.71747	0.995639	0	9.26561	3.11005	5.69163
XLOC_035897	241.631	195.296	215.146	183.639	187.433	199.504	160.584	147.355	139.811	334.72	246.472	253.989
XLOC_035913	0	2.4412	3.58577	0	0	0	7.72863	5.97384	0	0	0	0
XLOC_035933	14.2782	15.4609	20.6182	20.2718	21.5892	18.0343	16.316	14.9346	11.3361	44.0116	38.0981	20.6322
XLOC_035939	32.9497	67.5399	78.8869	56.0457	59.8609	37.1957	85.0149	56.7514	74.3142	133.193	59.8685	100.315
XLOC_035969	14.2782	13.0197	13.4466	4.76984	3.92531	6.76285	16.316	11.9477	15.1148	6.94921	2.33254	6.40308
XLOC_035972	133.995	105.785	152.395	1.19246	10.7946	5.63571	65.264	72.6817	50.3825	18.5312	4.66508	1.42291
XLOC_035973	73.5877	51.2653	50.2008	5.96231	7.85062	1.12714	42.0781	37.8343	27.7104	3.4746	3.11005	6.40308
XLOC_035975	24.1631	41.5004	40.3399	9.53969	10.7946	7.88999	48.948	31.8605	37.7869	16.2148	11.6627	19.9207
XLOC_035991	37.343	30.9219	28.6862	58.4306	44.1597	66.5013	30.9145	25.8866	27.7104	19.6894	25.6579	27.7467
XLOC_035992	0	0	0	0	0	1.12714	4.29368	0.995639	0	1.1582	6.99761	0
XLOC_035993	28.5564	22.7846	21.5146	89.4346	114.815	93.5527	103.048	93.5901	83.1311	166.781	137.62	135.176
XLOC_035994	31.8514	30.9219	27.7897	114.476	155.05	137.511	125.376	128.437	129.735	271.019	199.821	184.978
XLOC_036009	0	6.50987	2.68933	0	0.981327	0	0	0	0	0	0.777513	0
XLOC_036034	60.4078	48.0103	48.4079	35.7738	42.1971	40.5771	30.0558	27.8779	47.8634	13.8984	34.9881	13.5176
XLOC_036066	7.68826	16.2747	5.37865	3.57738	11.7759	13.5257	30.0558	22.8997	23.9317	22.0058	20.9928	28.4582
XLOC_036072	4.39329	5.69614	8.06798	8.34723	9.81327	11.2714	6.01115	2.98692	16.3743	5.79101	3.88756	9.96035
XLOC_036100	43.9329	43.1279	40.3399	41.7361	23.5518	22.5428	93.6023	68.6991	66.7568	19.6894	19.4378	16.3634
XLOC_036105	0	0	0	0	2.94398	3.38142	0	0.995639	0	9.26561	3.11005	1.42291
XLOC_036123	0	0	8.06798	0	0	0	0	1.99128	1.25956	5.79101	0.777513	2.84582
XLOC_036125	21.9665	23.5983	12.5502	8.34723	11.7759	10.1443	18.8922	33.8517	36.5273	6.94921	13.2177	14.2291
XLOC_036134	159.257	123.688	117.434	50.0834	58.8796	73.2642	120.223	148.35	128.475	63.7011	62.201	59.0507
XLOC_036135	0	1.62747	0	0	2.94398	3.38142	6.86989	1.99128	0	0	0	0
XLOC_036150	60.4078	55.3339	68.1296	78.7024	71.6369	57.4842	34.3495	32.8561	59.1994	70.6503	45.8732	61.8965
XLOC_036153	13.1799	18.7159	17.9288	2.38492	5.88796	2.25428	35.2082	20.9084	22.6721	17.373	11.6627	8.53745
XLOC_036154	16.4748	13.0197	17.0324	0	3.92531	7.88999	36.9257	31.8605	22.6721	10.4238	0.777513	8.53745
XLOC_036156	5.49162	8.13734	4.48221	0	3.92531	0	0	5.97384	1.25956	0	0	0
XLOC_036157	3.29497	1.62747	1.79288	0	0	0	5.15242	4.9782	7.55738	0	1.55503	0
XLOC_036208	0	4.88241	1.79288	0	0	0	0	0	1.25956	0	3.88756	1.42291
XLOC_036214	160.355	119.619	97.7122	158.597	114.815	147.655	88.4498	107.529	88.1694	49.8026	75.4187	75.4141
XLOC_036222	31.8514	28.4807	25.1004	4.76984	1.96265	4.50856	2.57621	4.9782	2.51913	8.10741	5.44259	7.11454
XLOC_036223	65.8994	61.0301	51.9937	2.38492	1.96265	7.88999	5.15242	4.9782	1.25956	2.3164	4.66508	4.98018
XLOC_036226	9.88491	8.95108	2.68933	0	1.96265	1.12714	0	0	0	0	0.777513	0
XLOC_036239	14.2782	8.95108	15.2395	31.004	29.4398	27.0514	91.026	69.6948	73.0546	12.7402	7.77513	12.8062
XLOC_036240	36.2447	26.0395	33.1684	36.9663	38.2718	60.8656	127.952	117.485	99.5054	17.373	12.4402	14.2291
XLOC_036251	7.68826	7.32361	25.1004	23.8492	20.6079	38.3228	92.7435	79.6512	59.1994	8.10741	15.5503	7.82599
XLOC_036253	21.9665	34.1768	37.6506	31.004	43.1784	47.3399	47.2305	72.6817	31.4891	17.373	20.2153	27.0352
XLOC_036262	7.68826	9.76481	14.3431	25.0417	14.7199	22.5428	14.5985	10.952	5.03825	10.4238	7.77513	7.11454
XLOC_036288	165.847	148.913	136.259	121.631	123.647	158.927	212.108	231.984	196.492	127.402	118.959	95.3348
XLOC_036302	230.648	227.846	196.321	345.814	281.641	378.719	356.376	437.086	346.38	222.375	273.684	227.665
XLOC_036304	1.09832	1.62747	0	0	0	0	0	0	0	1.1582	1.55503	5.69163
XLOC_036312	35.1463	18.7159	22.4111	4.76984	7.85062	4.50856	14.5985	7.96512	10.0765	2.3164	3.88756	8.53745
XLOC_036314	16.4748	14.6472	31.3755	10.7322	6.86929	10.1443	85.8736	51.7732	52.9016	2.3164	1.55503	4.98018
XLOC_036319	9.88491	6.50987	14.3431	5.96231	4.90664	5.63571	87.5911	51.7732	65.4973	12.7402	3.88756	4.98018
XLOC_036322	30.7531	26.8532	34.9613	9.53969	23.5518	15.78	23.1859	23.8953	18.8934	13.8984	10.8852	7.11454
XLOC_036345	56.0145	42.3142	41.2364	83.4723	76.5435	138.638	43.7956	49.782	50.3825	64.8593	73.0862	60.4736
XLOC_036346	1.09832	1.62747	0.896442	0	0	0	0	0.995639	0	1.1582	3.11005	6.40308
XLOC_036362	19.7698	8.95108	6.2751	28.6191	33.3651	30.4328	9.4461	6.96948	13.8552	40.537	33.433	23.478
XLOC_036367	3.29497	13.8335	15.2395	9.53969	8.83194	3.38142	9.4461	9.95639	18.8934	19.6894	29.5455	32.0154
XLOC_036382	6.58994	1.62747	0.896442	0	0	0	1.71747	0	0	4.6328	4.66508	2.84582
XLOC_036384	26.3598	20.3434	39.4435	9.53969	7.85062	16.9071	21.4684	21.9041	20.153	6.94921	10.8852	10.6718
XLOC_036385	4.39329	2.4412	8.96442	0	0.981327	0	0	0	0	3.4746	1.55503	2.13436
XLOC_036393	8.78659	4.88241	8.06798	7.15477	4.90664	2.25428	7.72863	10.952	6.29781	63.7011	41.9857	54.7819
XLOC_036394	20.8681	17.0884	22.4111	20.2718	9.81327	5.63571	19.7509	20.9084	18.8934	61.3847	62.9785	59.7621
XLOC_036399	0	0	1.79288	0	0	0	2.57621	8.96075	6.29781	0	0.777513	2.84582
XLOC_036415	43.9329	57.7751	52.8901	45.3135	28.4585	32.6871	33.4907	19.9128	25.1913	50.9608	36.5431	40.5529
XLOC_036416	138.389	105.785	128.191	113.284	119.722	116.096	116.788	103.546	110.842	229.324	216.149	207.033
XLOC_036418	193.305	164.374	146.12	376.818	301.267	406.898	185.487	218.045	190.194	290.708	335.885	256.835
XLOC_036421	20.8681	27.667	24.2039	39.3512	30.4211	46.2128	2.57621	2.98692	3.77869	24.3222	12.4402	22.7665
XLOC_036426	48.3262	69.1674	89.6442	52.4683	71.6369	57.4842	121.082	68.6991	93.2076	130.877	137.62	194.938
XLOC_036452	23.0648	39.873	21.5146	32.1965	35.3278	29.3057	63.5465	48.7863	41.5656	22.0058	24.1029	29.8811
XLOC_036454	52.7195	43.1279	32.2719	40.5437	49.0664	78.8999	79.0037	76.6642	66.7568	83.3905	52.8709	49.0903
XLOC_036458	4.39329	14.6472	12.5502	17.8869	9.81327	28.1785	22.3271	21.9041	11.3361	5.79101	6.99761	6.40308
XLOC_036470	423.953	391.406	476.907	301.693	217.855	367.448	812.365	629.244	735.585	258.279	208.373	181.421
XLOC_036472	15.3765	13.8335	14.3431	28.6191	10.7946	9.01713	12.0223	23.8953	18.8934	9.26561	6.2201	6.40308
XLOC_036473	25.2614	19.5296	24.2039	0	0.981327	3.38142	12.0223	3.98256	10.0765	5.79101	5.44259	9.96035
XLOC_036483	39.5396	27.667	43.0292	14.3095	15.7012	7.88999	18.0335	27.8779	18.8934	32.4296	28.768	24.9009
XLOC_036486	96.6524	91.952	69.0261	147.865	128.554	155.545	64.4052	73.6773	73.0546	101.922	97.9666	57.6278
XLOC_036487	102.144	85.4421	79.7834	4.76984	4.90664	9.01713	106.483	98.5683	79.3524	31.2714	15.5503	14.9405
XLOC_036488	88.9642	84.6284	65.4403	15.502	26.4958	28.1785	133.104	113.503	120.918	44.0116	30.323	27.7467
XLOC_036489	31.8514	11.3923	11.6538	3.57738	4.90664	2.25428	17.1747	18.9171	16.3743	9.26561	5.44259	2.84582
XLOC_036500	62.6044	96.8344	110.262	41.7361	73.5995	52.9756	66.9814	63.7209	55.4208	114.662	104.964	129.485
XLOC_036523	0	0	0	0	0	0	5.15242	12.9433	3.77869	0	0	0
XLOC_036532	32.9497	21.9708	26.8933	36.9663	44.1597	45.0856	14.5985	9.95639	15.1148	15.0566	42.7632	23.478
XLOC_036539	6.58994	18.7159	23.3075	17.8869	20.6079	9.01713	6.86989	10.952	11.3361	46.328	43.5407	36.9956
XLOC_036541	4.39329	2.4412	0	0	0	0	0.858736	0	7.55738	8.10741	0.777513	2.13436
XLOC_036544	113.127	159.492	149.706	147.865	99.114	172.453	753.97	577.471	461	172.572	82.4163	118.101
XLOC_036550	36.2447	28.4807	21.5146	63.2004	39.2531	68.7556	45.513	45.7994	18.8934	40.537	29.5455	24.9009
XLOC_036552	31.8514	9.76481	13.4466	10.7322	11.7759	12.3986	14.5985	18.9171	16.3743	8.10741	11.6627	8.53745
XLOC_036569	107.636	76.491	116.538	78.7024	73.5995	86.7899	134.822	198.132	149.888	57.9101	71.5312	72.5683
XLOC_036570	45.0313	43.9416	58.2688	42.9286	39.2531	48.4671	76.4275	89.6075	75.5738	22.0058	41.2082	29.1696
XLOC_036571	2.19665	7.32361	17.0324	7.15477	8.83194	5.63571	21.4684	25.8866	18.8934	10.4238	8.55264	16.3634
XLOC_036572	183.42	188.786	210.664	125.208	123.647	134.13	373.55	381.33	313.631	114.662	141.507	176.441
XLOC_036608	60.4078	50.4515	54.683	33.3889	46.1224	42.8314	25.7621	37.8343	28.9699	28.955	28.768	48.3789
XLOC_036612	0	0	0	1.19246	0.981327	10.1443	3.43495	0	3.77869	3.4746	0.777513	0
XLOC_036613	34.048	45.5691	31.3755	44.1211	64.7676	59.7385	40.3606	30.8648	42.8251	39.3788	17.8828	27.0352
XLOC_036617	7.68826	12.206	7.17154	3.57738	0.981327	3.38142	18.8922	11.9477	8.81694	17.373	6.99761	6.40308
XLOC_036640	285.564	266.091	256.383	159.79	189.396	196.123	214.684	263.844	233.019	231.64	191.268	217.705
XLOC_036661	72.4893	40.6867	51.0972	52.4683	17.6639	42.8314	33.4907	32.8561	28.9699	5.79101	14.7727	13.5176
XLOC_036672	23.0648	32.5494	40.3399	36.9663	28.4585	31.56	12.0223	17.9215	8.81694	64.8593	41.9857	34.8612
XLOC_036675	5.49162	4.88241	1.79288	1.19246	0.981327	1.12714	6.86989	1.99128	5.03825	0	0	0
XLOC_036677	589.8	541.947	523.522	156.212	172.714	200.631	599.398	460.981	452.183	164.465	163.278	206.322
XLOC_036691	7.68826	4.88241	13.4466	11.9246	4.90664	21.4157	9.4461	10.952	10.0765	2.3164	6.2201	2.84582
XLOC_036697	619.454	487.427	474.218	357.738	275.753	465.509	1142.12	1387.92	837.609	239.748	407.417	284.582
XLOC_036701	384.413	403.612	457.186	330.312	280.66	349.414	1003.86	1083.26	880.434	372.941	311.783	297.388
XLOC_036713	6.58994	0	2.68933	3.57738	0	0	0	0.995639	0	0	0	0
XLOC_036725	18.6715	18.7159	34.0648	26.2341	46.1224	28.1785	27.4796	41.8169	55.4208	64.8593	45.8732	64.0308
XLOC_036726	2.19665	4.88241	8.06798	3.57738	3.92531	2.25428	3.43495	2.98692	3.77869	13.8984	8.55264	3.55727
XLOC_036728	61.5061	64.285	51.9937	127.593	120.703	112.714	16.316	13.939	22.6721	61.3847	22.5479	51.2247
XLOC_036730	41.7363	62.6575	59.1652	57.2381	71.6369	69.8827	28.3383	20.9084	36.5273	115.82	66.0886	75.4141
XLOC_036735	115.324	91.952	92.3336	94.2044	97.1514	78.8999	79.0037	53.7645	62.9781	74.1249	52.8709	71.1454
XLOC_036742	16.4748	11.3923	14.3431	21.4643	19.6265	29.3057	23.1859	38.8299	21.4126	12.7402	6.2201	6.40308
XLOC_036747	3.29497	2.4412	1.79288	5.96231	1.96265	23.67	20.6097	6.96948	7.55738	0	0	0
XLOC_036748	6.58994	7.32361	10.7573	8.34723	8.83194	18.0343	78.145	38.8299	59.1994	1.1582	1.55503	0
XLOC_036753	0	0	0	8.34723	1.96265	1.12714	0	1.99128	0	2.3164	1.55503	0.711454
XLOC_036757	108.734	101.717	86.0585	94.2044	69.6742	57.4842	58.3941	65.7122	50.3825	44.0116	56.7584	45.533
XLOC_036763	21.9665	28.4807	25.1004	13.1171	11.7759	15.78	24.9034	27.8779	30.2295	5.79101	11.6627	12.8062
XLOC_036768	16.4748	33.3631	42.1328	17.8869	25.5145	10.1443	46.3718	37.8343	50.3825	12.7402	24.8804	29.1696
XLOC_036805	19.7698	34.1768	26.8933	22.6568	30.4211	21.4157	39.5019	40.8212	47.8634	19.6894	21.7704	25.6123
XLOC_036806	50.5229	87.8833	95.0229	78.7024	87.3381	89.0441	132.245	106.533	108.322	64.8593	63.756	79.6828
XLOC_036820	1.09832	0	0	2.38492	0.981327	7.88999	0	0	0	1.1582	0	0
XLOC_036823	12.0816	13.8335	8.96442	28.6191	20.6079	25.9242	6.86989	2.98692	8.81694	18.5312	6.99761	9.96035
XLOC_036860	20.8681	21.9708	33.1684	4.76984	9.81327	6.76285	42.9368	39.8256	37.7869	6.94921	5.44259	5.69163
XLOC_036866	2.19665	0.813734	1.79288	0	0	0	8.58736	6.96948	6.29781	1.1582	0	0
XLOC_036869	56.0145	67.5399	50.2008	8.34723	31.4025	22.5428	52.3829	60.734	54.1612	16.2148	27.2129	14.2291
XLOC_036889	20.8681	30.9219	41.2364	26.2341	34.3464	22.5428	51.5242	53.7645	55.4208	46.328	48.2058	72.5683
XLOC_036901	39.5396	25.2258	33.1684	71.5477	54.9543	64.247	40.3606	34.8474	21.4126	38.2206	42.7632	34.1498
XLOC_036910	37.343	23.5983	18.8253	32.1965	41.2157	45.0856	17.1747	30.8648	31.4891	20.8476	20.9928	19.2093
XLOC_036917	2.19665	1.62747	0	0	0	0	2.57621	0.995639	1.25956	2.3164	2.33254	7.82599
XLOC_036918	3.29497	0	0	0	0	0	0	2.98692	1.25956	4.6328	6.99761	3.55727
XLOC_036920	0	0	0	1.19246	8.83194	5.63571	1.71747	0	0	3.4746	2.33254	9.2489
XLOC_036934	57.1128	56.9614	52.8901	27.4266	22.5705	25.9242	40.3606	34.8474	26.4508	22.0058	12.4402	17.0749
XLOC_036935	48.3262	47.1966	54.683	56.0457	42.1971	61.9928	43.7956	51.7732	35.2678	31.2714	26.4354	25.6123
XLOC_036990	1.09832	0.813734	0	13.1171	2.94398	0	0	0	0	1.1582	0	0
XLOC_037000	16.4748	21.9708	27.7897	5.96231	3.92531	14.6528	36.0669	36.8387	20.153	5.79101	17.1053	6.40308
XLOC_037001	53.8178	30.1082	37.6506	47.6984	31.4025	51.8485	71.2751	95.5814	71.7951	38.2206	41.2082	29.8811
XLOC_037002	17.5732	19.5296	17.0324	32.1965	18.6452	27.0514	60.9703	37.8343	49.1229	42.8534	19.4378	29.1696
XLOC_037007	1.09832	0	0	0	0	0	1.71747	1.99128	2.51913	0	2.33254	5.69163
XLOC_037011	1.09832	0.813734	1.79288	1.19246	2.94398	3.38142	7.72863	8.96075	15.1148	33.5878	47.4283	45.533
XLOC_037013	2228.5	1869.15	2080.64	3621.5	3031.32	3224.75	2726.49	2812.68	2454.89	2797.06	2261.78	1992.07
XLOC_037047	3.29497	2.4412	0.896442	1.19246	7.85062	4.50856	3.43495	9.95639	3.77869	4.6328	8.55264	10.6718
XLOC_037049	7.68826	8.13734	16.136	14.3095	14.7199	11.2714	25.7621	29.8692	44.0847	22.0058	20.2153	18.4978
XLOC_037052	39.5396	53.7065	51.9937	109.706	111.871	108.206	41.2193	46.7951	70.5355	84.5487	99.5216	88.2203
XLOC_037054	18.6715	14.6472	17.0324	27.4266	17.6639	28.1785	7.72863	8.96075	13.8552	31.2714	39.6531	36.2841
XLOC_037055	15.3765	8.13734	10.7573	28.6191	16.6826	20.2885	12.881	8.96075	6.29781	42.8534	38.0981	26.3238
XLOC_037061	17.5732	19.5296	25.9968	14.3095	24.5332	6.76285	0.858736	6.96948	13.8552	19.6894	24.1029	17.7863
XLOC_037075	158.159	139.962	152.395	84.6647	81.4501	64.247	34.3495	39.8256	30.2295	145.933	112.739	113.833
XLOC_037078	59.3095	116.364	121.02	91.8195	129.535	94.6799	67.8402	55.7558	102.025	245.539	262.799	367.822
XLOC_037088	110.931	63.4713	68.1296	119.246	118.741	107.078	60.1115	73.6773	55.4208	81.0741	92.524	93.9119
XLOC_037098	26.3598	34.9906	39.4435	13.1171	23.5518	11.2714	42.9368	33.8517	34.0082	13.8984	20.2153	24.1894
XLOC_037117	1099.42	1048.09	986.087	699.975	732.07	751.803	1009.87	1005.6	828.792	559.411	669.438	633.194
XLOC_037158	1935.25	1900.07	2029.55	3238.72	2616.22	3177.41	2680.97	2865.45	2577.07	1689.82	1860.59	1706.78
XLOC_037164	293.252	243.307	281.483	195.564	186.452	210.775	137.398	171.25	149.888	64.8593	69.1986	76.837
XLOC_037178	29.6547	23.5983	18.8253	48.8909	34.3464	29.3057	30.0558	17.9215	32.7486	16.2148	23.3254	21.3436
XLOC_037187	35.1463	34.1768	26.8933	2.38492	7.85062	3.38142	16.316	19.9128	7.55738	28.955	14.7727	22.0551
XLOC_037198	26.3598	31.7356	24.2039	35.7738	49.0664	52.9756	24.0446	45.7994	36.5273	17.373	19.4378	28.4582
XLOC_037216	4.39329	5.69614	3.58577	8.34723	16.6826	6.76285	10.3048	5.97384	11.3361	10.4238	10.1077	10.6718
XLOC_037281	8.78659	12.206	25.9968	0	0	0	0.858736	0	0	0	0	0
XLOC_037283	16.4748	13.8335	9.86087	10.7322	4.90664	5.63571	25.7621	21.9041	18.8934	10.4238	9.33015	9.96035
XLOC_037295	20.8681	18.7159	8.06798	13.1171	1.96265	9.01713	17.1747	16.9259	8.81694	4.6328	3.11005	4.26872
XLOC_037307	0	0	0	0	0	2.25428	0	0	0	11.582	0	0
XLOC_037308	0	0.813734	1.79288	1.19246	0.981327	2.25428	0	0	0	4.6328	8.55264	0
XLOC_037309	28.5564	21.1571	23.3075	11.9246	5.88796	6.76285	32.632	30.8648	22.6721	12.7402	15.5503	3.55727
XLOC_037318	25.2614	14.6472	23.3075	26.2341	32.3838	27.0514	31.7732	20.9084	18.8934	49.8026	44.3182	41.2643
XLOC_037358	3.29497	6.50987	0	2.38492	2.94398	0	0	0	0	0	0.777513	0.711454
XLOC_037363	0	0	0	0	0	2.25428	0	7.96512	0	0	0	0
XLOC_037370	0	0	0	4.76984	2.94398	1.12714	0	0	0	4.6328	3.88756	5.69163
XLOC_037372	0	0	0	1.19246	0	3.38142	0	0	0	6.94921	16.3278	10.6718
XLOC_037384	135.094	98.4618	77.0941	85.8572	56.917	47.3399	139.974	101.555	137.292	59.0683	40.4307	45.533
XLOC_037395	0	0	0.896442	0	0.981327	0	0	0	0	0	0.777513	6.40308
XLOC_037402	25.2614	30.1082	24.2039	0	5.88796	3.38142	18.0335	29.8692	23.9317	1.1582	4.66508	4.26872
XLOC_037428	0	8.95108	0.896442	0	0.981327	0	0	0	2.51913	0	0	0
XLOC_037456	0	0	0.896442	1.19246	0	0	7.72863	4.9782	2.51913	0	0	0
XLOC_037464	13.1799	28.4807	29.5826	23.8492	35.3278	38.3228	66.1227	34.8474	62.9781	50.9608	45.0957	54.7819
XLOC_037465	3.29497	2.4412	1.79288	0	0	0	5.15242	4.9782	0	10.4238	5.44259	7.11454
XLOC_037481	1.09832	2.4412	4.48221	0	0	0	0.858736	0	2.51913	1.1582	3.11005	7.11454
XLOC_037483	8.78659	3.25494	8.96442	8.34723	3.92531	7.88999	12.881	16.9259	8.81694	13.8984	6.99761	6.40308
XLOC_037502	288.859	221.336	202.596	369.663	316.969	399.008	272.219	300.683	211.607	286.076	274.462	243.317
XLOC_037506	13.1799	19.5296	8.06798	27.4266	25.5145	12.3986	25.7621	20.9084	45.3443	23.164	17.1053	28.4582
XLOC_037510	2689.79	2312.63	2260.83	1849.51	1797.79	1757.21	2065.26	2157.55	2065.68	1408.37	1719.08	1565.91
XLOC_037513	7.68826	11.3923	9.86087	13.1171	11.7759	14.6528	56.6766	34.8474	35.2678	2.3164	2.33254	7.11454
XLOC_037515	5.49162	8.95108	8.96442	13.1171	16.6826	24.7971	66.1227	74.673	42.8251	2.3164	4.66508	0.711454
XLOC_037516	4.39329	10.5785	14.3431	13.1171	15.7012	9.01713	120.223	98.5683	56.6803	4.6328	3.11005	4.98018
XLOC_037517	1.09832	0	0	0	0	0	0	0	0	3.4746	0	5.69163
XLOC_037552	32.9497	126.129	140.741	60.8155	84.3941	68.7556	137.398	126.446	188.934	20.8476	36.5431	52.6476
XLOC_037554	5.49162	6.50987	3.58577	0	0	0	1.71747	12.9433	2.51913	3.4746	7.77513	5.69163
XLOC_037564	42.8346	34.9906	31.3755	8.34723	11.7759	4.50856	10.3048	14.9346	6.29781	5.79101	7.77513	11.3833
XLOC_037574	2078.03	1909.83	1820.67	1291.44	1237.45	1506.99	3803.34	3240.81	3281.16	1785.95	981.221	1431.44
XLOC_037578	0	0	0	3.57738	0	1.12714	6.01115	3.98256	8.81694	1.1582	0	0
XLOC_037584	0	0.813734	6.2751	0	0	0	0	0	0	1.1582	0.777513	0.711454
XLOC_037592	35.1463	30.1082	12.5502	81.0874	63.7863	72.137	24.9034	39.8256	32.7486	37.0624	47.4283	27.0352
XLOC_037593	26.3598	18.7159	12.5502	40.5437	52.9917	60.8656	14.5985	28.8735	15.1148	46.328	25.6579	19.2093
XLOC_037623	492.049	445.113	465.254	670.163	596.647	687.556	613.996	787.551	593.254	583.733	520.156	517.227
XLOC_037625	24.1631	30.1082	26.8933	66.7778	44.1597	59.7385	30.0558	41.8169	30.2295	38.2206	27.9905	27.7467
XLOC_037626	14.2782	4.06867	2.68933	17.8869	27.4772	19.1614	7.72863	8.96075	7.55738	17.373	22.5479	12.8062
XLOC_037640	350.365	488.241	488.561	41.7361	50.0477	68.7556	1339.63	897.071	1112.19	59.0683	42.7632	48.3789
XLOC_037641	94.4558	79.7459	98.6087	39.3512	23.5518	23.67	208.673	176.228	231.76	9.26561	6.99761	7.11454
XLOC_037648	14.2782	17.9022	33.1684	25.0417	6.86929	14.6528	22.3271	23.8953	11.3361	64.8593	47.4283	44.1101
XLOC_037657	3.29497	1.62747	3.58577	1.19246	0	2.25428	11.1636	9.95639	3.77869	0	0	0
XLOC_037674	1.09832	2.4412	5.37865	79.8949	114.815	69.8827	25.7621	16.9259	21.4126	293.025	220.036	266.795
XLOC_037675	98.8491	126.943	118.33	91.8195	119.722	113.841	156.29	154.324	193.973	171.414	124.402	156.52
XLOC_037694	3367.46	2376.92	2308.34	3720.48	3590.68	2953.11	693	1248.53	1128.57	8600.8	8277.4	8669.06
XLOC_037695	6007.83	7863.93	7977.44	4705.45	5378.65	4022.77	4176.89	3860.09	4364.38	5448.18	5679.73	7167.9
XLOC_037696	1188.39	817.803	849.827	1310.51	1057.87	1177.86	445.684	573.488	542.871	947.409	1006.88	754.141
XLOC_037704	20.8681	28.4807	21.5146	22.6568	9.81327	22.5428	168.312	124.455	125.956	17.373	10.8852	9.2489
XLOC_037705	19.7698	28.4807	32.2719	40.5437	26.4958	31.56	89.3086	85.625	74.3142	9.26561	14.7727	7.11454
XLOC_037708	20.8681	15.4609	11.6538	27.4266	27.4772	22.5428	36.0669	54.7602	39.0464	8.10741	6.2201	4.98018
XLOC_037715	23.0648	13.8335	9.86087	3.57738	2.94398	6.76285	26.6208	19.9128	23.9317	6.94921	14.7727	8.53745
XLOC_037717	35.1463	179.835	166.738	36.9663	54.9543	22.5428	119.364	113.503	149.888	60.2265	77.7513	174.306
XLOC_037718	28.5564	27.667	29.5826	70.3552	39.2531	40.5771	72.9926	48.7863	74.3142	163.306	97.1891	190.67
XLOC_037752	50.5229	66.7262	63.6474	20.2718	25.5145	16.9071	127.952	56.7514	79.3524	63.7011	55.9809	61.185
XLOC_037755	40.638	64.285	47.5114	66.7778	39.2531	46.2128	67.8402	62.7253	64.2377	12.7402	25.6579	21.3436
XLOC_037757	8.78659	0	0	0	0.981327	1.12714	0	0	0	1.1582	1.55503	0
XLOC_037761	21.9665	84.6284	67.2332	22.6568	19.6265	18.0343	52.3829	17.9215	54.1612	22.0058	24.8804	32.7269
XLOC_037763	34.048	46.3828	62.751	21.4643	21.5892	15.78	47.2305	35.843	39.0464	30.1132	13.9952	26.3238
XLOC_037764	41.7363	25.2258	27.7897	16.6945	10.7946	13.5257	14.5985	25.8866	12.5956	5.79101	6.99761	12.8062
XLOC_037768	57.1128	44.7554	54.683	32.1965	29.4398	46.2128	49.8067	66.7078	73.0546	30.1132	48.2058	36.2841
XLOC_037770	31.8514	56.1477	38.547	76.3175	86.3568	78.8999	49.8067	37.8343	51.6421	68.3339	53.6484	42.6872
XLOC_037785	32.9497	52.8927	48.4079	20.2718	31.4025	29.3057	54.9591	39.8256	71.7951	44.0116	58.3135	59.7621
XLOC_037826	45.0313	52.8927	69.0261	20.2718	14.7199	28.1785	134.822	99.5639	141.071	11.582	11.6627	9.2489
XLOC_037847	1.09832	0	1.79288	0	0	0	0	4.9782	0	3.4746	3.11005	8.53745
XLOC_037924	4279.07	5893.06	6267.03	3614.35	3949.84	3199.95	6112.49	5426.23	4970.23	3951.78	3229.01	3546.6
XLOC_037936	27.4581	30.1082	26.8933	9.53969	10.7946	14.6528	4.29368	5.97384	6.29781	6.94921	20.9928	6.40308
XLOC_037938	27.4581	32.5494	34.9613	8.34723	9.81327	4.50856	11.1636	18.9171	16.3743	15.0566	6.2201	10.6718
XLOC_037952	0	0	0	9.53969	4.90664	2.25428	2.57621	0.995639	2.51913	0	0	0
XLOC_037957	13.1799	10.5785	18.8253	28.6191	28.4585	18.0343	18.0335	23.8953	27.7104	63.7011	38.8756	61.185
XLOC_037958	5.49162	4.06867	5.37865	31.004	45.141	23.67	6.86989	12.9433	13.8552	38.2206	25.6579	29.1696
XLOC_037962	1.09832	3.25494	6.2751	5.96231	14.7199	4.50856	5.15242	8.96075	5.03825	22.0058	13.2177	19.2093
XLOC_037963	0	0	0	0	0.981327	3.38142	0.858736	2.98692	0	1.1582	0.777513	1.42291
XLOC_037967	17.5732	17.9022	7.17154	7.15477	8.83194	13.5257	79.0037	80.6468	89.4289	4.6328	16.3278	14.9405
XLOC_037970	18.6715	27.667	18.8253	11.9246	13.7386	18.0343	103.907	77.6599	74.3142	3.4746	13.2177	17.0749
XLOC_037971	8.78659	13.8335	13.4466	5.96231	2.94398	11.2714	71.2751	41.8169	52.9016	6.94921	8.55264	17.0749
XLOC_037973	12.0816	3.25494	5.37865	5.96231	8.83194	3.38142	27.4796	25.8866	12.5956	9.26561	4.66508	4.98018
XLOC_037975	3.29497	12.206	9.86087	13.1171	12.7573	5.63571	20.6097	10.952	16.3743	23.164	31.1005	32.7269
XLOC_037977	275.679	237.61	251.004	280.228	287.529	269.387	299.699	305.661	279.623	370.624	355.323	354.304
XLOC_037978	15.3765	33.3631	45.7186	23.8492	44.1597	39.4499	44.6543	54.7602	40.306	31.2714	55.2034	90.3546
XLOC_037985	0	1.62747	0	0	0	0	0	0	0	2.3164	6.2201	1.42291
XLOC_038003	0	0	0	0	2.94398	3.38142	6.86989	8.96075	2.51913	6.94921	3.11005	4.26872
XLOC_038044	21.9665	30.1082	35.8577	8.34723	15.7012	5.63571	79.0037	71.686	69.2759	15.0566	19.4378	23.478
XLOC_038047	15.3765	26.0395	28.6862	9.53969	15.7012	7.88999	71.2751	40.8212	83.1311	10.4238	3.11005	14.9405
XLOC_038067	18.6715	37.4318	49.3043	9.53969	15.7012	6.76285	46.3718	71.686	34.0082	53.2773	109.629	121.659
XLOC_038068	58.2111	57.7751	54.683	31.004	20.6079	18.0343	53.2417	94.5857	75.5738	107.713	192.823	108.141
XLOC_038093	20.8681	26.0395	13.4466	39.3512	29.4398	41.7042	27.4796	34.8474	30.2295	52.1191	58.3135	64.0308
XLOC_038097	15.3765	42.3142	41.2364	15.502	18.6452	5.63571	36.0669	33.8517	31.4891	39.3788	38.0981	51.9361
XLOC_038143	34.048	32.5494	25.9968	93.012	68.6929	72.137	42.9368	52.7689	39.0464	41.6952	61.4235	37.707
XLOC_038148	172.437	121.246	149.706	267.111	260.052	243.462	175.182	195.145	159.964	159.832	173.385	155.808
XLOC_038180	2.19665	0	0.896442	0	3.92531	5.63571	0	0	0	0	6.99761	0.711454
XLOC_038183	0	0	0	0	0	2.25428	1.71747	0	1.25956	0	2.33254	6.40308
XLOC_038202	478.869	770.606	662.471	184.831	264.958	188.233	889.651	875.167	753.218	281.443	188.936	232.645
XLOC_038211	0	0	0	0	0	0	2.57621	0.995639	0	8.10741	7.77513	10.6718
XLOC_038212	136.192	82.1872	77.9905	8.34723	12.7573	15.78	66.1227	71.686	44.0847	1.1582	0	0.711454
XLOC_038213	126.307	130.197	95.0229	5.96231	14.7199	22.5428	104.766	114.499	75.5738	0	1.55503	2.13436
XLOC_038215	37.343	24.412	24.2039	7.15477	24.5332	23.67	21.4684	24.891	16.3743	24.3222	34.2106	37.707
XLOC_038216	18.6715	21.1571	15.2395	1.19246	0	1.12714	16.316	35.843	8.81694	0	0	0
XLOC_038218	14.2782	21.1571	21.5146	39.3512	38.2718	33.8142	26.6208	20.9084	10.0765	33.5878	36.5431	20.6322
XLOC_038220	629.339	611.928	615.856	673.741	873.381	711.226	664.662	685.996	622.224	1027.32	829.606	813.192
XLOC_038245	24.1631	21.9708	18.8253	26.2341	39.2531	25.9242	69.5576	71.686	62.9781	147.092	166.388	133.753
XLOC_038251	351.463	238.424	214.25	22.6568	24.5332	48.4671	250.751	283.757	236.798	6.94921	3.11005	2.84582
XLOC_038256	37.343	27.667	28.6862	2.38492	2.94398	4.50856	30.9145	30.8648	26.4508	17.373	11.6627	8.53745
XLOC_038287	0	2.4412	0	0	0	0	0	1.99128	0	2.3164	8.55264	10.6718
XLOC_038291	196.6	323.866	337.062	195.564	246.313	172.453	334.907	282.762	299.776	176.047	227.811	291.696
XLOC_038303	0	2.4412	0.896442	0	0	0	3.43495	1.99128	2.51913	2.3164	6.2201	12.0947
XLOC_038307	10.9832	7.32361	6.2751	31.004	20.6079	41.7042	10.3048	7.96512	13.8552	26.6386	11.6627	14.2291
XLOC_038345	0	1.62747	4.48221	0	0	0	0	0.995639	8.81694	5.79101	8.55264	6.40308
XLOC_038353	40.638	30.9219	34.0648	59.6231	48.085	33.8142	16.316	22.8997	22.6721	19.6894	40.4307	33.4383
XLOC_038354	36.2447	50.4515	45.7186	35.7738	41.2157	42.8314	43.7956	33.8517	23.9317	64.8593	62.201	66.1652
XLOC_038360	25.2614	8.95108	14.3431	20.2718	21.5892	28.1785	18.0335	38.8299	27.7104	20.8476	17.1053	20.6322
XLOC_038385	4.39329	4.88241	1.79288	0	0	0	0.858736	0.995639	0	1.1582	6.99761	1.42291
XLOC_038416	6.58994	8.13734	8.96442	26.2341	14.7199	22.5428	23.1859	11.9477	36.5273	27.7968	23.3254	18.4978
XLOC_038450	23.0648	36.618	20.6182	0	0	3.38142	37.7844	38.8299	30.2295	3.4746	3.88756	4.26872
XLOC_038454	50.5229	43.9416	34.9613	9.53969	7.85062	4.50856	47.2305	54.7602	20.153	10.4238	6.99761	12.0947
XLOC_038455	127.405	104.158	105.78	16.6945	16.6826	36.0685	87.5911	73.6773	54.1612	5.79101	8.55264	12.0947
XLOC_038456	81.2759	81.3734	105.78	56.0457	28.4585	67.6285	79.8625	70.6904	83.1311	19.6894	10.1077	18.4978
XLOC_038457	34.048	39.0592	42.1328	9.53969	7.85062	15.78	47.2305	57.7471	31.4891	8.10741	12.4402	5.69163
XLOC_038458	3.29497	0.813734	0	0	0	0	0.858736	0	0	0	6.99761	0.711454
XLOC_038470	238.336	242.493	273.415	269.496	241.406	205.14	470.587	337.522	355.197	260.595	155.503	184.978
XLOC_038474	370.135	324.68	315.548	187.216	210.004	200.631	402.747	469.942	348.899	160.99	143.84	150.828
XLOC_038492	9.88491	10.5785	17.0324	5.96231	8.83194	4.50856	2.57621	13.939	6.29781	8.10741	8.55264	7.82599
XLOC_038495	3.29497	3.25494	1.79288	2.38492	0.981327	4.50856	0	0	0	3.4746	7.77513	4.26872
XLOC_038501	75.7843	91.1382	104.884	75.1251	59.8609	50.7213	93.6023	79.6512	73.0546	53.2773	62.9785	41.2643
XLOC_038523	66.9977	57.7751	60.9581	143.095	80.4688	123.986	75.5688	123.459	62.9781	90.3397	62.201	43.3987
XLOC_038548	60.4078	45.5691	43.9257	76.3175	66.7302	76.6456	36.0669	42.8125	42.8251	41.6952	39.6531	24.1894
XLOC_038552	169.142	192.041	198.114	256.379	214.911	277.277	198.368	193.154	188.934	317.347	410.527	461.733
XLOC_038553	213.075	144.031	127.295	158.597	129.535	156.673	149.42	150.342	138.552	200.369	298.565	307.348
XLOC_038558	135.094	124.501	126.398	3.57738	10.7946	12.3986	140.833	143.372	99.5054	9.26561	17.8828	15.652
XLOC_038566	36.2447	14.6472	30.479	11.9246	12.7573	14.6528	14.5985	14.9346	10.0765	6.94921	12.4402	8.53745
XLOC_038572	20.8681	39.873	43.9257	8.34723	12.7573	3.38142	53.2417	37.8343	36.5273	1.1582	8.55264	9.2489
XLOC_038574	506.327	858.49	918.854	552.11	711.462	464.382	657.792	456.003	681.423	520.032	376.316	582.681
XLOC_038583	253.713	471.152	432.982	275.459	315.006	325.744	480.034	421.155	434.549	236.273	275.239	414.066
XLOC_038594	80.1776	96.0206	76.1976	69.1628	85.3755	65.3742	81.5799	59.7384	102.025	177.205	73.0862	101.026
XLOC_038625	15.3765	18.7159	19.7217	15.502	9.81327	16.9071	22.3271	33.8517	37.7869	12.7402	13.9952	34.1498
XLOC_038652	16.4748	13.0197	25.1004	56.0457	57.8983	43.9585	24.9034	23.8953	20.153	16.2148	17.8828	29.1696
XLOC_038675	0	0	0	2.38492	0	1.12714	1.71747	1.99128	0	2.3164	6.99761	0
XLOC_038678	0	0.813734	9.86087	0	0.981327	0	0	0	0	5.79101	0.777513	0.711454
XLOC_038679	5.49162	3.25494	9.86087	7.15477	0	2.25428	0.858736	0.995639	0	0	0	0
XLOC_038681	17.5732	9.76481	23.3075	4.76984	3.92531	9.01713	19.7509	22.8997	21.4126	6.94921	8.55264	4.98018
XLOC_038683	69.1944	56.1477	73.5083	32.1965	36.3091	39.4499	38.6431	40.8212	44.0847	33.5878	50.5383	56.2048
XLOC_038684	204.288	139.962	147.017	144.288	130.516	164.563	63.5465	102.551	80.612	89.1815	114.294	88.9317
XLOC_038690	0	1.62747	1.79288	0	0	0	3.43495	0	1.25956	1.1582	0.777513	4.98018
XLOC_038695	0	2.4412	3.58577	0	0	0	0	5.97384	2.51913	0	3.11005	2.84582
XLOC_038697	0	0	0	1.19246	2.94398	0	0.858736	1.99128	0	1.1582	8.55264	1.42291
XLOC_038698	19.7698	25.2258	21.5146	16.6945	7.85062	20.2885	21.4684	23.8953	50.3825	23.164	24.1029	21.3436
XLOC_038701	144.979	113.109	87.8514	26.2341	23.5518	43.9585	114.212	126.446	85.6503	41.6952	40.4307	20.6322
XLOC_038707	0	0	0	0	0	0	4.29368	0	2.51913	0	0	0.711454
XLOC_038730	0	0	1.79288	1.19246	0	0	0	0	0	2.3164	3.88756	2.13436
XLOC_038739	2.19665	2.4412	0.896442	0	4.90664	4.50856	3.43495	5.97384	2.51913	10.4238	6.99761	7.11454
XLOC_038741	2.19665	4.88241	0	0	0	0	1.71747	6.96948	3.77869	10.4238	4.66508	9.2489
XLOC_038787	115.324	113.923	116.538	41.7361	29.4398	48.4671	116.788	124.455	99.5054	22.0058	13.9952	14.9405
XLOC_038788	16.4748	28.4807	13.4466	428.094	603.516	389.991	85.8736	50.7776	118.399	785.26	703.649	801.808
XLOC_038789	7.68826	13.0197	5.37865	364.893	472.018	279.531	99.6134	48.7863	118.399	865.176	931.46	1008.84
XLOC_038838	4.39329	5.69614	9.86087	3.57738	2.94398	12.3986	4.29368	3.98256	5.03825	8.10741	9.33015	7.82599
XLOC_038840	18.6715	13.0197	11.6538	34.5814	21.5892	24.7971	13.7398	6.96948	6.29781	13.8984	26.4354	17.7863
XLOC_038841	20.8681	25.2258	15.2395	33.3889	18.6452	27.0514	11.1636	12.9433	6.29781	13.8984	26.4354	13.5176
XLOC_038848	0	0.813734	0	0	0	0	0.858736	2.98692	1.25956	2.3164	3.11005	5.69163
XLOC_038861	76.8826	87.8833	84.2656	28.6191	34.3464	33.8142	46.3718	68.6991	71.7951	38.2206	25.6579	32.7269
XLOC_038873	21.9665	21.1571	17.9288	26.2341	32.3838	14.6528	18.0335	14.9346	13.8552	50.9608	40.4307	32.0154
XLOC_038876	225.156	169.257	172.117	177.677	125.61	190.487	231.859	199.128	230.5	116.978	132.955	113.121
XLOC_038878	49.4245	62.6575	70.819	47.6984	42.1971	41.7042	106.483	72.6817	110.842	56.7519	45.0957	69.7225
XLOC_038880	0	2.4412	10.7573	0	0	0	0	3.98256	0	0	2.33254	0
XLOC_038888	4.39329	21.1571	31.3755	5.96231	2.94398	3.38142	66.9814	41.8169	42.8251	0	0	0
XLOC_038890	3.29497	5.69614	4.48221	0	0	1.12714	9.4461	15.9302	3.77869	0	0	0
XLOC_038891	2.19665	0	0.896442	2.38492	1.96265	1.12714	12.0223	8.96075	3.77869	0	0	0
XLOC_038897	673.272	750.263	737.772	367.278	391.549	317.854	460.283	398.256	404.32	222.375	230.144	260.392
XLOC_038914	0	0.813734	0.896442	1.19246	0.981327	7.88999	0	0	0	0	0.777513	0.711454
XLOC_038917	15.3765	16.2747	8.96442	38.1588	21.5892	39.4499	12.881	29.8692	21.4126	59.0683	60.646	34.8612
XLOC_038924	10.9832	27.667	33.1684	4.76984	0	5.63571	3.43495	2.98692	3.77869	6.94921	7.77513	3.55727
XLOC_038925	4.39329	0.813734	1.79288	0	2.94398	1.12714	0	0	0	1.1582	6.2201	0.711454
XLOC_038926	53.8178	60.2163	72.6118	72.7401	44.1597	67.6285	164.019	145.363	120.918	41.6952	40.4307	40.5529
XLOC_038929	150.47	154.609	117.434	67.9703	92.2447	74.3913	181.193	211.076	180.117	145.933	121.292	120.236
XLOC_038934	65.8994	48.0103	29.5826	114.476	82.4315	80.027	36.9257	38.8299	37.7869	63.7011	65.3111	56.9163
XLOC_038952	124.111	131.825	124.605	35.7738	42.1971	77.7727	431.944	336.526	321.188	15.0566	11.6627	14.2291
XLOC_038956	3.29497	1.62747	0.896442	3.57738	0	11.2714	6.01115	7.96512	6.29781	0	0	0
XLOC_038957	69.1944	98.4618	90.5407	31.004	41.2157	34.9414	96.1785	68.6991	60.459	31.2714	20.2153	21.3436
XLOC_038958	25.2614	10.5785	13.4466	28.6191	14.7199	28.1785	97.0372	116.49	98.2459	0	0.777513	0.711454
XLOC_038968	0	2.4412	0	0	0	0	0.858736	0	3.77869	9.26561	1.55503	8.53745
XLOC_038973	16.4748	22.7846	17.9288	4.76984	9.81327	4.50856	28.3383	44.8038	30.2295	6.94921	16.3278	7.82599
XLOC_038984	24.1631	36.618	25.9968	3.57738	1.96265	5.63571	24.9034	27.8779	20.153	6.94921	8.55264	17.0749
XLOC_038991	354.758	333.631	288.654	106.129	116.778	123.986	221.554	262.849	199.011	90.3397	75.4187	51.9361
XLOC_038992	217.468	233.542	234.868	44.1211	52.9917	49.5942	151.138	163.285	123.437	63.7011	44.3182	53.359
XLOC_038995	20.8681	9.76481	12.5502	5.96231	2.94398	3.38142	6.01115	11.9477	7.55738	3.4746	5.44259	4.26872
XLOC_038997	59.3095	51.2653	37.6506	10.7322	10.7946	13.5257	17.1747	52.7689	27.7104	12.7402	12.4402	12.0947
XLOC_038998	28.5564	39.0592	22.4111	7.15477	6.86929	5.63571	36.0669	32.8561	30.2295	15.0566	8.55264	17.0749
XLOC_039000	34.048	55.3339	47.5114	4.76984	6.86929	9.01713	49.8067	23.8953	32.7486	11.582	11.6627	15.652
XLOC_039002	95.5541	91.952	77.9905	11.9246	19.6265	7.88999	78.145	42.8125	88.1694	24.3222	15.5503	29.8811
XLOC_039003	27.4581	25.2258	19.7217	19.0794	11.7759	11.2714	18.0335	7.96512	22.6721	8.10741	4.66508	7.11454
XLOC_039006	23.0648	31.7356	22.4111	23.8492	36.3091	31.56	40.3606	38.8299	31.4891	72.9667	59.091	65.4537
XLOC_039011	24.1631	12.206	22.4111	46.506	17.6639	16.9071	18.0335	9.95639	10.0765	42.8534	30.323	38.4185
XLOC_039019	219.665	156.237	133.57	293.345	241.406	298.692	178.617	192.158	159.964	98.4471	104.187	105.295
XLOC_039024	70.2927	105.785	71.7154	10.7322	19.6265	10.1443	71.2751	97.5727	76.8333	13.8984	5.44259	6.40308
XLOC_039035	0	0	0	0	0	0	6.01115	18.9171	1.25956	2.3164	0	0
XLOC_039037	1.09832	0.813734	1.79288	1.19246	0.981327	0	12.881	11.9477	1.25956	0	0	0
XLOC_039038	0	0	0.896442	0	0.981327	1.12714	7.72863	9.95639	6.29781	0	0	0
XLOC_039039	6.58994	5.69614	11.6538	1.19246	3.92531	5.63571	33.4907	12.9433	16.3743	2.3164	1.55503	0
XLOC_039051	21.9665	17.9022	35.8577	15.502	11.7759	13.5257	14.5985	15.9302	11.3361	9.26561	8.55264	7.82599
XLOC_039071	38.4413	49.6378	44.8221	5.96231	8.83194	11.2714	24.9034	33.8517	25.1913	1.1582	8.55264	10.6718
XLOC_039094	62.6044	59.4026	51.0972	36.9663	28.4585	51.8485	53.2417	57.7471	44.0847	9.26561	24.1029	12.8062
XLOC_039107	15.3765	26.0395	27.7897	32.1965	16.6826	28.1785	26.6208	19.9128	18.8934	16.2148	24.1029	34.8612
XLOC_039110	213.075	230.287	233.075	146.673	129.535	129.621	200.944	281.766	186.415	160.99	127.512	104.584
XLOC_039113	16.4748	6.50987	8.96442	1.19246	2.94398	1.12714	0.858736	1.99128	6.29781	1.1582	2.33254	4.26872
XLOC_039122	208.681	209.13	178.392	48.8909	52.9917	38.3228	113.353	155.32	94.4672	85.7069	79.3063	69.011
XLOC_039124	753.45	836.519	869.549	804.911	759.547	763.075	1033.06	1048.41	968.604	561.728	643.78	627.502
XLOC_039125	46.1296	32.5494	35.8577	4.76984	5.88796	9.01713	21.4684	17.9215	15.1148	3.4746	3.88756	7.11454
XLOC_039126	41.7363	67.5399	62.751	5.96231	13.7386	9.01713	46.3718	27.8779	31.4891	3.4746	5.44259	7.11454
XLOC_039145	43.9329	30.1082	27.7897	9.53969	17.6639	12.3986	27.4796	8.96075	23.9317	30.1132	26.4354	21.3436
XLOC_039146	2.19665	0.813734	0	0	0	0	0	1.99128	0	1.1582	0.777513	6.40308
XLOC_039148	124.111	166.002	182.874	72.7401	79.4875	77.7727	137.398	138.394	142.331	99.6053	83.1939	118.813
XLOC_039175	18.6715	17.9022	15.2395	32.1965	35.3278	57.4842	20.6097	15.9302	30.2295	13.8984	6.99761	16.3634
XLOC_039190	85.6692	97.6481	100.402	67.9703	112.853	60.8656	103.048	92.5945	107.063	184.154	118.182	155.097
XLOC_039195	17.5732	14.6472	17.9288	58.4306	42.1971	60.8656	18.8922	21.9041	31.4891	8.10741	26.4354	13.5176
XLOC_039200	54.9162	41.5004	59.1652	17.8869	8.83194	15.78	102.19	97.5727	75.5738	8.10741	11.6627	10.6718
XLOC_039208	235.041	249.816	216.939	98.9743	99.114	108.206	431.086	460.981	374.09	169.097	104.964	101.026
XLOC_039211	15.3765	14.6472	10.7573	0	4.90664	2.25428	11.1636	5.97384	7.55738	0	0	0
XLOC_039212	404.183	240.865	304.79	32.1965	18.6452	22.5428	206.955	176.228	180.117	5.79101	3.88756	2.13436
XLOC_039238	92.2592	58.5889	78.8869	126.401	138.367	64.247	108.201	83.6337	93.2076	128.56	119.737	124.504
XLOC_039278	34.048	40.6867	30.479	1.19246	2.94398	4.50856	8.58736	14.9346	10.0765	0	0	2.13436
XLOC_039287	91.1608	71.6086	72.6118	125.208	135.423	122.858	48.0892	94.5857	66.7568	155.199	177.273	125.927
XLOC_039301	19.7698	12.206	29.5826	14.3095	19.6265	12.3986	16.316	21.9041	26.4508	32.4296	20.9928	39.8414
XLOC_039303	27.4581	22.7846	23.3075	15.502	13.7386	7.88999	28.3383	23.8953	28.9699	39.3788	27.9905	36.9956
XLOC_039307	10.9832	8.95108	16.136	3.57738	9.81327	4.50856	0.858736	1.99128	6.29781	0	2.33254	2.84582
XLOC_039328	275.679	237.61	225.903	149.058	185.471	180.343	194.074	218.045	153.667	136.668	171.83	163.634
XLOC_039340	80.1776	75.6773	72.6118	53.6608	48.085	64.247	53.2417	92.5945	46.6038	32.4296	45.0957	41.2643
XLOC_039348	19.7698	51.2653	69.0261	42.9286	52.9917	24.7971	78.145	66.7078	83.1311	40.537	39.6531	71.8568
XLOC_039359	19.7698	17.0884	31.3755	14.3095	22.5705	24.7971	19.7509	27.8779	31.4891	18.5312	23.3254	38.4185
XLOC_039404	1.09832	1.62747	10.7573	3.57738	9.81327	2.25428	7.72863	2.98692	1.25956	5.79101	11.6627	6.40308
XLOC_039419	0	0	0	1.19246	0	0	0.858736	1.99128	0	0	0.777513	6.40308
XLOC_039449	0	0	0	0	0.981327	2.25428	0	1.99128	0	1.1582	0.777513	4.26872
XLOC_039451	15.3765	8.95108	14.3431	33.3889	7.85062	58.6113	22.3271	25.8866	35.2678	12.7402	27.2129	21.3436
XLOC_039452	1.09832	5.69614	0.896442	1.19246	0	0	0	0	0	0	0.777513	0
XLOC_039470	0	7.32361	0.896442	0	0.981327	1.12714	2.57621	3.98256	1.25956	0	0	0
XLOC_039474	72.4893	93.5794	119.227	40.5437	39.2531	40.5771	47.2305	48.7863	28.9699	22.0058	34.2106	41.2643
XLOC_039500	12.0816	45.5691	35.8577	0	0	0	4.29368	3.98256	8.81694	0	0	0.711454
XLOC_039505	321.809	416.632	382.781	125.208	193.321	127.367	778.874	637.209	646.156	318.505	214.593	295.965
XLOC_039513	27.4581	34.9906	30.479	62.008	66.7302	78.8999	42.0781	61.7296	56.6803	49.8026	33.433	29.1696
XLOC_039514	2.19665	0.813734	6.2751	0	0	1.12714	0	0	0	9.26561	7.77513	14.2291
XLOC_039515	5.49162	3.25494	5.37865	0	0	0	0	2.98692	0	6.94921	10.8852	9.2489
XLOC_039542	10.9832	5.69614	8.06798	10.7322	12.7573	14.6528	1.71747	2.98692	3.77869	15.0566	13.2177	9.96035
XLOC_039545	0	0	0	1.19246	2.94398	1.12714	0	0	0	1.1582	2.33254	7.11454
XLOC_039560	27.4581	28.4807	39.4435	42.9286	69.6742	42.8314	29.197	14.9346	36.5273	72.9667	58.3135	51.9361
XLOC_039564	130.7	148.1	172.117	45.3135	34.3464	31.56	66.9814	73.6773	56.6803	40.537	23.3254	12.8062
XLOC_039565	40.638	41.5004	34.9613	11.9246	8.83194	9.01713	15.4573	23.8953	16.3743	11.582	2.33254	2.13436
XLOC_039575	129.602	98.4618	116.538	70.3552	71.6369	84.5356	119.364	111.512	137.292	121.611	100.299	98.8921
XLOC_039576	1.09832	0	1.79288	1.19246	0	0	1.71747	7.96512	3.77869	0	0	0
XLOC_039579	43.9329	41.5004	51.9937	63.2004	66.7302	82.2813	47.2305	50.7776	55.4208	46.328	50.5383	59.0507
XLOC_039586	4.39329	0.813734	7.17154	1.19246	0.981327	1.12714	3.43495	0	1.25956	12.7402	3.11005	6.40308
XLOC_039588	13.1799	3.25494	0.896442	4.76984	3.92531	11.2714	6.01115	5.97384	2.51913	1.1582	5.44259	2.84582
XLOC_039625	0	0	0	2.38492	2.94398	1.12714	0	5.97384	2.51913	0	2.33254	2.84582
XLOC_039638	43.9329	43.1279	35.8577	73.9326	73.5995	83.4084	49.8067	69.6948	54.1612	20.8476	62.201	61.185
XLOC_039642	427.248	401.171	397.124	542.57	533.842	659.378	513.524	641.192	497.527	356.726	495.276	429.718