E_38_0	E_38_1	E_38_2	E_51_1	E_51_2	E_51_0	C_38_0	C_38_2	C_38_1	C_51_2	C_51_0	C_51_1
XLOC_000004	-1.39141386195673	0.786105815671214	-0.229616718942114	0.747764132723629	0.139712876752033	1.12156732615077	-0.293577905950894	0.892693618882471	0.12989348395881	0.0019479069936299	-1.56891173363956	-0.33616494064326
XLOC_000024	1.31173648988415	1.3273516536955	1.17305433038946	-0.6844833313823	-0.901243890216304	-0.264268908727829	0.294411327836901	1.0474759523184	0.125082418870736	-2.67462780006792	-0.44351087772896	-0.310977364871845
XLOC_000029	-1.33771705824979	-0.906861010188994	-0.931895867418339	0.539228653336957	0.652231963555321	0.410368877734705	-0.0968028073249272	0.0884818343972711	-0.621742929383943	0.882379883345425	0.56090326608825	0.761425194108076
XLOC_000030	-0.804853083166673	-1.46543565323753	-0.722855803576675	0.811798928093685	0.7031691083917	1.01671083289449	-0.375217611932455	0.227702472567866	0.0108268431221701	0.237696873443008	0.30086669194999	0.0595904014504356
XLOC_000032	0.381821312716385	0.620144731320078	0.921614231098723	-3.38306235904736	-3.38306235904736	-3.38306235904736	0.646283041735669	0.543248944372348	0.188277933808505	0.604262670264155	3.27211604181826	2.97141817000795
XLOC_000033	0.55741130781974	-2.91183355629929	0.602096677358916	-2.91183355629929	-2.91183355629929	-2.91183355629929	1.90840653199667	1.19521208934745	1.41388762266254	1.07549147301222	2.24637438402959	2.64845413897003
XLOC_000102	-1.07193836085788	-1.07193836085788	-1.07193836085788	-1.07193836085788	-1.07193836085788	-1.07193836085788	0.362728205435538	1.26665200969807	-1.07193836085788	1.72383025806413	2.94465682107696	1.20570123173048
XLOC_000106	2.69180882462973	2.62736145188384	2.8608805133496	-0.562578099866573	0.0323925604485442	-1.30983800798223	0.904337001325861	0.579858154414471	0.913043825103728	-1.85406479138042	-2.23336802162411	-4.64983341030243
XLOC_000145	-1.16644367550497	-1.4715206213704	-1.23086541466493	1.50765043100972	0.949795587472313	0.895856729908828	-0.242592913735272	-1.01331199464259	-0.31511179693655	1.24339304079636	0.0223846847960392	0.820765942871477
XLOC_000154	1.38145567651643	1.56299044124649	1.41997264417352	-0.374123333643775	-0.82149940071039	-0.291206996084385	-0.421721231570507	0.116763928702634	-0.662954543669347	-0.679845712351558	-0.551371557028316	-0.678459915580817
XLOC_000155	0.392277717552123	1.06034624323977	1.01832520437829	0.0312480091323586	-0.190370534513363	0.0514262294742753	-0.848186962011019	-0.597845641481695	-0.817496092714438	0.125991150301726	0.00680835647770284	-0.232523679835725
XLOC_000157	2.84075404698641	3.61455643873409	3.82621599951318	-1.72416921467585	-1.72416921467585	1.61582618764435	-1.72416921467585	-1.72416921467585	0.171831829852902	-1.72416921467585	-1.72416921467585	-1.72416921467585
XLOC_000158	3.90049639752423	2.88318250779561	3.30092988394243	-1.27991948395063	-1.27991948395063	-1.27991948395063	0.154747082342787	-1.27991948395063	-1.27991948395063	-1.27991948395063	-1.27991948395063	-1.27991948395063
XLOC_000163	-0.110701213559651	-0.689940497296118	-2.1433071379368	0.219842172358149	0.682052799567175	-1.17330368036316	-0.642877283389337	-0.793650656673031	-0.398028476406671	1.6026516320965	1.27414572579262	2.17311661581033
XLOC_000165	-1.01771818705514	-0.193875772637472	-0.087181244446251	-0.212855904819403	-0.364706197453183	0.0353544734342588	0.268262245189579	-0.0837976853176627	0.219153073737147	0.496164405251116	0.574655675866351	0.366545118250677
XLOC_000172	1.21386670939611	-1.38009655096505	-1.38009655096505	0.690122934583983	0.523534221313025	-1.38009655096505	-1.38009655096505	-1.38009655096505	-1.38009655096505	1.92966347586396	1.89449330545407	2.02889865917913
XLOC_000175	2.91073453443623	2.72996804858981	2.84848261418457	-0.797348530133695	-1.76468617141772	-1.32675578860468	2.01643160369376	2.14271309242607	1.32269922555492	-3.35570633078765	-2.92910802575034	-3.79742427219128
XLOC_000183	-0.737988883989007	-0.737988883989007	-0.737988883989007	-0.737988883989007	3.94423708676197	-0.737988883989007	-0.737988883989007	-0.737988883989007	1.15801216053974	-0.737988883989007	-0.737988883989007	1.53965070859935
XLOC_000188	-0.046970780756622	0.215194988798793	0.29242483799782	0.582231552424271	1.7362454883763	1.35573718506264	-0.951045681584199	-1.40388223860082	-0.614186114072403	0.28952367040443	-0.366955471305013	-1.08831743674519
XLOC_000203	-1.41812233172552	-1.41812233172552	-1.41812233172552	-1.41812233172552	-1.41812233172552	2.84881918368126	0.0165442345678957	0.18073775765618	-1.41812233172552	2.26983596312482	1.49028861504563	1.70250823627735
XLOC_000210	-0.876909058368131	-0.876909058368131	-0.876909058368131	-0.876909058368131	-0.876909058368131	-0.876909058368131	2.99351274092589	-0.876909058368131	1.81096331183971	-0.876909058368131	1.53955633031019	0.671240083869249
XLOC_000212	-0.713457123884424	-0.9847847129254	-0.439677804597192	0.718390311690294	0.778153513876992	-0.29940672367171	-2.23897797526868	-2.09892863300109	-1.68863610464562	2.34387039586767	2.39038890439352	2.23306595216562
XLOC_000213	-0.816404415777665	0.0039496137213515	-0.767755098921242	0.818335150734137	0.800336278042185	0.186898899768829	-2.61405581146969	-1.99764368988245	-1.9532126819189	1.73437761192391	2.11090914789693	2.4942649958826
XLOC_000214	-0.313093549747935	-0.1065338734211	-0.734168226332815	0.534548842666786	1.29750655670419	0.756351996142839	-1.91217726883951	-4.8780168114102	-0.368672260871452	1.70850969494049	2.00636480936268	2.00938009080602
XLOC_000216	-1.06554260716531	-1.80396280510976	-1.31155211716434	2.32545911634414	1.93655059572836	1.09958133626869	-4.53478747128434	-1.05643628582181	-4.53478747128434	3.51782878347112	2.74152638967593	2.68612253634166
XLOC_000217	-1.19290990331423	-1.39511009317551	-2.19231512308965	1.84958055201612	1.8970571566724	1.26682087910761	-2.47928439216533	-2.80517343678844	-2.45546321054221	2.84154207128416	2.43732293063779	2.22793256935728
XLOC_000224	0.908149360241365	0.654439429639432	0.285278412740985	0.361604194578555	0.43320317308188	0.154444509288097	-1.37390858467225	-0.917956349129453	-0.233149854923647	-0.38297275531423	0.46936115382573	-0.358492689356451
XLOC_000226	0.708983954345111	-0.0597414684208202	0.264423632709187	0.0578328458620199	-0.91413779656494	0.139719514228594	0.287203154008245	0.508455981843603	-0.0196088195762005	-0.416555133933461	-0.232015754241385	-0.324560110259969
XLOC_000239	-0.357117606028732	-1.031517845343	-1.75200933304591	0.9221766751144	0.397307974036351	0.984943170676177	0.0504837052344751	0.652917053697236	-1.43412890758463	0.672312488718573	1.60763869217336	-0.713006067648293
XLOC_000240	-0.400010924845589	-0.407069378537169	-0.66025759636177	-0.231792931466339	-0.282708215756875	-0.697992671101071	0.0951465652932519	-0.190015855018141	-0.146389675936117	1.43109019105824	1.37961411603818	0.11038637663341
XLOC_000245	1.58598212953147	3.8932164857057	3.1903389321946	-1.51100724973729	-1.51100724973729	-1.51100724973729	-0.0763406834438745	0.0878528396444094	0.384993794791457	-1.51100724973729	-1.51100724973729	-1.51100724973729
XLOC_000246	1.91886033115217	2.01034407387223	1.96604755984557	-1.66244265123408	-1.16641060707195	-1.36446837177677	1.38100557756572	1.64006769735992	1.33762071035778	-1.77651567979173	-2.38747376184375	-1.89663487843512
XLOC_000248	1.05223523156418	0.635848416380801	0.562242503230626	-0.871513378531583	-1.04273670260106	-0.262605669326076	0.0077717768206309	0.366809006608477	-0.147147403890065	0.0934435197752101	-0.396255426944021	0.00190812691288578
XLOC_000249	0.278455229363148	0.69108620979097	0.27351897712103	-0.463630490739452	-0.083045814973282	-0.203651842558034	-0.198004144398002	-0.598887504958864	-0.0730543604919989	0.377804499517757	-0.0583587972368829	0.0577680395636122
XLOC_000251	2.22010384862265	-0.0189858039034019	1.67845553097891	-1.54477982314109	-1.54477982314109	-1.54477982314109	-1.54477982314109	2.56226582250566	-1.54477982314109	1.25098879578092	-1.54477982314109	1.57585074486179
XLOC_000255	-0.766215765611586	-0.167814832865003	0.139293397338673	-0.119004442506395	-0.166300759253605	-0.101803071175586	-0.308337416890327	-0.335577369323504	-0.136383785946443	0.64729551525877	0.734737104223175	0.580111426751817
XLOC_000263	-1.51569213553718	0.0101018837005076	2.44712385085967	-1.51569213553718	-1.51569213553718	-1.51569213553718	1.73466073680727	0.0831679538445236	0.380308908991571	0.474174948103826	0.900773253141142	0.0324570067002008
XLOC_000273	6.08716496104924	5.51232264796463	5.74499402340534	-4.11405986912365	-4.11405986912365	-2.09898811062497	-0.0847144683406276	-0.187748565703948	-2.2180588245949	-2.12419278548265	-1.69759448044533	-0.705064658979472
XLOC_000281	0.178046637916047	0.398286479118337	0.37222623957449	0.633586159713788	0.73412340811217	0.585367581025917	-1.15106240688193	-0.770001212819439	-0.958249543111534	0.0198440704667036	0.0154475899464419	-0.0576150030609899
XLOC_000290	2.0820586865033	0.616880105506168	2.42619201147994	-0.691031536434222	1.36383897708666	0.578744380336945	0.4891018503612	0.0639490068163235	1.35401958429344	-2.76125102198325	-2.76125102198325	-2.76125102198325
XLOC_000296	0.523843367519909	1.59889819618569	0.539769473750706	1.13662541230223	-0.46019265113141	-2.02600813564367	2.47097970673248	2.04549815636655	1.94990839518518	-1.24531127522034	-4.04107989414235	-2.49293075190497
XLOC_000297	2.45539730238196	2.11382553924125	2.4500347118903	-0.306706030231961	-0.123470197228685	-0.623961823233533	0.489134992987768	0.132138882432201	0.175765061514224	-2.6529123654165	-2.22631406037919	-1.88293201395784
XLOC_000298	1.57812174446919	2.68791137391656	2.54968458283193	-0.293382771657079	-1.79554246874517	-0.359177838703045	-0.00737402465625436	0.227138062396462	0.973045106535932	-3.69917324102324	-1.28270785234492	-0.578542673020364
XLOC_000300	-4.11990665878126	-1.86927621345281	-4.11990665878126	2.38131287953703	1.94179906781695	0.706802964053395	-1.15406711621057	-1.29470662998168	-0.00463605250456833	3.01641236095847	2.06173014218769	2.45444191515862
XLOC_000301	4.37567112874203	3.89892400187848	3.8384359051666	-1.5052997335645	-1.5052997335645	-1.5052997335645	-0.0706331672710856	-1.5052997335645	-1.5052997335645	-1.5052997335645	-1.5052997335645	-1.5052997335645
XLOC_000306	5.42860629938608	4.71151975826856	4.64507568893091	-1.64280019406506	-1.64280019406506	-1.64280019406506	-1.64280019406506	-1.64280019406506	-1.64280019406506	-1.64280019406506	-1.64280019406506	-1.64280019406506
XLOC_000307	5.28352734917528	4.67475119693573	4.85606785094711	-1.64603848856201	-1.64603848856201	-1.64603848856201	-1.64603848856201	-1.64603848856201	-1.64603848856201	-1.64603848856201	-1.64603848856201	-1.64603848856201
XLOC_000309	0.527390169605396	0.361366580167706	0.110764326392311	-0.677251695636502	-0.297396080162978	-0.559119524427379	0.0566831122405071	0.618259461055316	-0.100461507192098	-0.0139515810610593	-0.144946016021765	0.118662755040529
XLOC_000319	0.920224086019671	-1.67373917434148	-1.67373917434148	0.396480311207545	1.02293606802109	0.341332584157196	-1.67373917434148	-1.67373917434148	-1.67373917434148	1.12202944458053	2.8304373419187	1.7352560358027
XLOC_000322	-0.377796037387927	-0.974396982234272	-0.830083211134901	0.345602531315811	0.315825806374844	1.32931476271811	-0.480205011493114	-0.110797141854242	-1.07366157266419	0.795327066565777	1.02844520741937	0.0324245823747349
XLOC_000326	0.201852050183332	1.33866674533536	1.22869145416288	-1.70507698076245	-0.400804223847643	-1.36600972619124	0.805940741609483	0.487467518492164	0.923563751165387	-0.268390159556988	-0.857322047535193	-0.3885791230551
XLOC_000350	-1.53837914662583	0.712251298702612	0.831612798120724	-1.53837914662583	-1.53837914662583	-1.53837914662583	1.71197372571862	2.1812692793845	0.357621897902917	1.77138088020318	0.125785853096626	-1.53837914662583
XLOC_000358	1.33521993656619	0.488861002625873	-0.136641181207429	-1.76176944270257	0.934905799660004	-1.76176944270257	2.66034906295498	1.71658174275996	1.80957085015329	-1.76176944270257	-1.76176944270257	-1.76176944270257
XLOC_000359	0.544154855668229	1.18030342080918	0.662367760768003	-0.0616933264531534	-1.15834548808246	-0.627499378451514	-0.0173844900189142	-0.194279645782379	0.327293872725093	-0.0253799231790577	-0.251755076297056	-0.377782581705988
XLOC_000360	0.948425297683839	0.903852678619119	0.872078163567187	-0.739743314443887	-0.358489907922404	-0.775795914459705	0.358682409649274	0.417754053621016	0.353604661483429	-0.575951221951033	-0.765805254904716	-0.63861165094213
XLOC_000362	1.34747177235231	1.56390836859799	1.43155303886046	-1.36298112088762	-1.43814524551003	-1.1164072706768	0.771865182073199	0.752729794465303	0.90560108002841	-1.23373500797134	-0.548064994031103	-1.07379559730079
XLOC_000379	-1.05016553903292	-0.55492272776918	-0.571881890345307	0.283101297994526	0.575864946103527	0.054070590325054	0.131089195965682	0.535009254443914	0.548079845118078	0.22591195990208	-0.376103019480905	0.199946086775453
XLOC_000380	-1.00285441956697	-0.796294743240136	-0.300068553842745	0.523704770309948	0.235206842772551	-0.0245879882746864	0.970958189814507	0.518800369279671	0.294125944176077	-0.626669481547017	0.275244832879783	-0.0675657627609754
XLOC_000382	-2.53449139929304	1.08336219122491	0.324304626417915	-2.53449139929304	-2.53449139929304	-2.53449139929304	0.953405079908716	1.39181990412667	1.33429691170762	0.261277219628975	2.33345489128069	2.45604477287666
XLOC_000395	0.0366722580812624	-0.331538207995406	-0.266847929998262	0.528256320467298	0.340293811369234	0.510423242282382	-0.311232755179493	-0.0659917673308552	-0.18068878438463	-0.25185846949524	0.114753127015419	-0.122240844831722
XLOC_000403	0.000138913152819775	-0.846082853188311	-0.51180005561346	0.692981091500451	0.946186897133079	0.933329991677925	-0.117693181005753	-0.411611578145855	-0.0452399296304478	-0.0640837857822065	-0.00719272525172787	-0.568932784846513
XLOC_000456	-0.395476787949238	-0.630533416969715	-0.0595912802161331	1.79461430130208	1.081047298382	1.19260859350851	-0.942247390701136	-0.367105618535526	-0.721375097260151	-1.04189702274097	0.325193793648595	-0.235237372468313
XLOC_000467	0.0840662701821184	-0.384628504611332	-0.272739057252487	0.696514974483529	0.716876465926827	0.962655803555135	-1.33715209614661	-2.09749559498428	-1.00162238439852	0.99717996738241	0.812496865369857	0.823847290493353
XLOC_000468	1.05171805718847	-0.519477302842602	0.324720622666269	0.842061153117398	-0.141640549802217	3.06167312638836	-2.04527132208029	-2.04527132208029	-2.04527132208029	1.64268697277006	0.371194066598032	-0.497122179842909
XLOC_000473	2.12632261865942	0.90770819986883	2.96175434468646	-1.34292224545962	-1.34292224545962	-1.34292224545962	0.0917443208338022	-1.34292224545962	0.553078799069134	-1.34292224545962	-1.34292224545962	1.41692518964005
XLOC_000480	-2.13293557481816	-1.29515162912943	-0.258444800206083	1.04433910764879	0.777129666330069	0.665545808493719	-0.871656056196658	-0.537617740821474	0.325711323485757	1.19176938511919	0.817404741138439	0.273905768955829
XLOC_000482	-1.55688564596775	1.82124548152167	1.3019103797432	-1.55688564596775	-1.55688564596775	-1.55688564596775	-0.122219079674331	0.781704724588199	0.339115398561001	-1.55688564596775	2.45970953596709	1.20296178913192
XLOC_000492	-1.75149122390921	-1.75149122390921	-1.75149122390921	2.03489837074492	0.152139548368859	1.07307576894509	0.859585399289179	1.72685996155332	-1.75149122390921	0.238375859731792	-0.0873262241867525	1.00835621119046
XLOC_000494	0.806876369502722	-1.00819222107137	0.61693604042377	4.0359857318355	-1.00819222107137	1.00687953742731	-1.00819222107137	0.590667868310328	-1.00819222107137	-1.00819222107137	-1.00819222107137	-1.00819222107137
XLOC_000495	-0.764134207602989	-0.525810788999296	0.0518314885263269	0.98804483115676	0.867519450259193	0.916847960510408	-0.499672478583705	-0.116887498184045	-1.84114550915889	0.412090320315484	0.338928411206992	0.172388020553768
XLOC_000496	-0.653610387999208	-0.806726422163713	-1.07434392607399	1.09272239203619	0.972876667052267	0.521240138992347	-2.02371186915435	-1.62826831793643	-0.997866453568777	1.70994287705013	1.32801614998733	1.5597291517782
XLOC_000499	-1.29330159907794	-0.513117975774284	-1.5565989780304	1.51398465375318	1.08857443517723	1.21321475271737	-3.00759228761784	-1.84581477877961	-1.30654848378078	1.84232772830198	2.04376900649982	1.82110352661129
XLOC_000501	-3.35246737415856	-1.00443397298642	-2.30873993902171	1.28180858220541	1.2117741405346	0.375653728221883	-0.532666975510546	-1.97910914697116	0.218827341734884	1.99894299111364	1.98225671579644	2.10815390904155
XLOC_000502	-1.63543411309728	-0.976937143097521	-1.34087738606418	1.97040625853089	1.51995480026703	-0.0111851686572226	-3.03447735301186	-1.92590555019993	-2.07421368335439	2.43899854445478	2.49915567776538	2.5705151164643
XLOC_000503	-1.42978023863855	-1.52534929795449	-2.07661770438649	1.60868586126327	1.12610607143892	1.78003738876075	-2.86653856519157	-1.1685478363315	-1.32303355722351	1.91571103968683	2.0591251515373	1.90020168703906
XLOC_000524	-0.18405686781878	-0.301866846867259	-0.392018149601485	0.732807820286315	0.523909475810887	0.623453289600237	-0.328163420983177	-0.423130276562713	-0.101536134102655	-0.154051280813521	0.144557074921709	-0.139904683869537
XLOC_000539	0.135496325851162	-0.590009885300155	-0.203776693559632	-0.134946678213758	0.733502225068826	0.60154584856895	0.290570111491445	-0.669441591090386	0.723216488407272	-0.134457997275163	-0.576186110574877	-0.175512043373684
XLOC_000542	0.38216007267597	0.81772192743032	-1.43290851789813	-1.43290851789813	-1.43290851789813	-1.43290851789813	0.706688575234117	-1.43290851789813	0.463092526630624	0.556958565742879	1.47550242887303	2.76241849290369
XLOC_000564	-0.780818244104133	-0.310894065060308	-0.628332521135033	0.232228737315269	0.684474377557114	0.573508358506814	-0.027000318952032	-0.118746449775639	0.095139870913636	0.943522992239094	0.416509692675444	-1.07959243018023
XLOC_000598	-1.78518977532571	-1.78518977532571	-1.78518977532571	1.62060069404045	-1.78518977532571	-1.78518977532571	1.18064976724498	1.04001025347386	-1.78518977532571	1.90276851952464	2.41286446094211	2.55424495672823
XLOC_000604	0.0707705004151418	-0.0247985589008053	-1.10859201458857	-0.545437774054437	0.00379572065034228	-0.991831966388372	-0.0291300993443659	-0.853476183246038	-1.1356254965866	0.864466816042376	2.1590840994965	1.59077495650482
XLOC_000605	-0.67932944214114	-0.145367215892738	-0.925338952140173	0.187499112565376	-0.270075000985011	-2.13350254776149	0.486294682961943	-0.428925880249841	-1.46070193605233	1.5386003026122	1.69444820784884	2.13639866923436
XLOC_000606	1.76375692219473	-0.179693922686612	-1.7054879419243	-1.7054879419243	-1.7054879419243	-1.7054879419243	0.434109151207944	-0.106627852542596	-1.7054879419243	2.28183708738721	1.56910191449481	2.764956409566
XLOC_000609	1.03985968632523	0.628609479496095	-1.55483285126491	-1.52629640177817	0.982908452650066	0.559985533319728	1.83317237205592	1.58411935945119	1.63781634667846	-2.42376179333485	-1.99716348829754	-0.764416695301236
XLOC_000621	-0.401089001492709	-0.690363572829119	0.642638433644146	-2.21615759206681	-2.21615759206681	-2.21615759206681	1.47564162430018	0.97226922569469	1.35518270078906	1.47180070278354	-0.551992592344345	2.37438525565498
XLOC_000625	-0.789770954538509	-0.401994563079502	0.011676072690177	0.422102086478952	0.557440417120226	0.754436644307964	-1.28818006809777	-0.885991149259882	-0.373321736185643	1.01763513694182	0.640325541635879	0.335642571986291
XLOC_000628	0.682352544923348	0.736705571627246	0.723362168536091	-1.56763549700789	-1.06455546852073	-0.718481811662827	0.622995701114617	1.05403642479606	-0.124046818188225	-0.0735901684661382	0.143559908253994	-0.414702555405542
XLOC_000632	-0.255209469332137	0.64738972159395	0.53726519047957	1.13961851750157	0.921664375410929	0.754104843423871	-1.8637963310166	-1.64967292541542	-0.359602347938304	-0.0283484733071377	0.161015501324419	-0.00442860272469758
XLOC_000633	-1.82500856662424	0.905816099550346	1.03378745908671	-1.82500856662424	-1.82500856662424	-1.82500856662424	-0.390342000330822	0.513581803931708	-1.82500856662424	0.164858517016765	3.64702895734948	3.25031199651702
XLOC_000639	-0.122502647084188	-0.209091343011821	-0.129474992927371	0.494465083432308	0.488911609402084	0.407488716883151	-1.98283058310828	-1.79687972117822	-1.49067963038879	1.45634404054947	1.32822867809272	1.55602078933894
XLOC_000640	0.385584614385355	-0.158123460121471	-0.194947678324848	0.831260338539591	0.667833684000056	0.666365476360809	-2.3645441960454	-1.50997583622069	-1.56642100636735	1.13609466812692	1.09693658495529	1.00993681071173
XLOC_000641	-0.24006028967665	-2.05512888025075	-2.05512888025075	0.0150906052982838	0.641546362111831	0.769438112603552	-2.05512888025075	-2.05512888025075	-2.05512888025075	1.93219614906076	3.48574806891722	3.67168539293872
XLOC_000642	-0.874053010064486	-0.874053010064486	-0.874053010064486	-0.874053010064486	-0.874053010064486	1.95051398278981	-0.874053010064486	-0.874053010064486	-0.874053010064486	-0.874053010064486	2.93493079838379	2.98103230940678
XLOC_000643	0.503194869671206	0.499297658759537	0.258805444335755	0.278094347934323	0.582929906416454	0.644391907044864	-1.98129622099087	-1.24815108676074	-0.686019888300317	-0.0253552212656141	0.726020036290044	0.448088246865358
XLOC_000647	-0.341981640824168	-0.0372477809794072	0.0353318689365762	-0.196183315398652	-0.121341298211787	-0.443475789761377	0.3789005800124	0.191570479120855	0.252528030215777	0.303666907542891	-0.148620794335645	0.126852753682553
XLOC_000650	-0.31675451202547	-0.354080469100298	0.142993598393402	-0.143346951502311	0.461854830729954	-0.355953706526531	-0.494476521222616	0.151193622623888	-0.466204355741772	0.526375559006755	0.500420263857572	0.347978641507432
XLOC_000655	-0.0250912696783452	0.25386169764405	0.319042055298296	0.0286318013339635	-0.349091726336071	0.851717940004205	1.16989347286742	1.89367042316091	0.420893046758464	-2.87853389452389	-0.851805796230055	-0.833187750298939
XLOC_000657	-0.48385771547051	-0.834942476965946	-0.46168327761317	0.597628714537779	0.256029891633284	0.563568516149969	-0.856220179108987	-0.350615108520803	0.0188960755329459	0.638967619977548	0.582569769972671	0.329658169875215
XLOC_000662	-1.0925984115357	-0.130614072355432	-0.0443411799724283	-0.244956019120981	0.14546285080382	0.220179336238559	-0.329350438430406	0.245566355561456	0.333466616129573	-0.0560609405040662	0.290624706332038	0.662621196853566
XLOC_000691	0.172527594556795	0.729867008703478	0.619742477589099	-0.305140356669608	-0.513896361830305	0.58121874319012	-0.0896983977412624	-0.466084363685761	-2.49639462257672	0.23847908359523	0.931238689804694	0.598140505064226
XLOC_000692	-1.98882435133971	-2.5954266985919	-2.77233541260794	2.22125501307036	2.4422108040007	1.64103979741382	-3.17085924282002	-3.19825666292214	-2.25200961226222	3.34107979501865	3.15215794150109	3.17996862953932
XLOC_000737	0.6934043176693	-1.1216642729048	0.503463988590347	0.948555212644233	3.21395881645411	0.893407485593883	-1.1216642729048	0.477195816476905	-1.1216642729048	-1.1216642729048	-1.1216642729048	-1.1216642729048
XLOC_000743	0.58406403746833	-0.808940886055561	-0.0353276299211887	0.734776205272148	0.987375738777522	0.501282914384763	-0.566095109582843	-0.0181167694136306	-0.289125181416042	-0.45770195967017	-0.097021305890908	-0.535170053952411
XLOC_000751	0.275879158614446	-0.372260063414247	-0.297703216183472	0.944550207228704	0.596020108243331	0.451629231740599	-0.252818898930612	-0.672368708921478	0.044707188782704	0.281883663539381	-0.20398027112525	-0.795538399574114
XLOC_000760	-0.158115890667124	0.397316081933824	0.491792456150218	-0.170417736540287	-0.304450598804806	-1.31910264828375	0.107336063283995	0.0286933356246601	0.521672678647602	-0.0302105534148209	0.0220892795345806	0.41339753253592
XLOC_000764	0.20458148214837	0.0720565546713612	-0.118296670913457	-0.408655870129526	0.0997286909906361	-0.333690438133371	-0.171083844049171	0.132327255466498	0.179991109187858	-0.0819013740159882	0.310730543002025	0.114212561774771
XLOC_000781	0.0474087045539413	-0.400757246552047	-0.500584306390504	-0.579797062937443	-0.249182964130032	-0.493082227831895	0.276607992050012	-0.168086093532215	-0.199045157246209	1.14225549993907	0.357849594276496	0.766413267800832
XLOC_000787	0.47878657895329	0.897180040821787	0.280517222259739	-1.41783248453448	-0.684912827359788	-1.18540445336464	0.976368264803302	1.22572454058026	1.01472970431417	-0.00792789443766573	-0.568333623649197	-1.00889506838679
XLOC_000791	0.0890654709189214	0.0817754339913241	0.663412587691886	-0.637807797752782	-0.367695846657716	-0.795032765702893	0.616589684805612	0.771161454063315	0.518746909742149	-0.511967897880297	-0.247764772286981	-0.180482460932552
XLOC_000818	-0.233584069474966	0.0588502820125081	0.26189637649461	0.435909934279164	0.320917278772576	0.660975824666333	-0.392547468922513	-1.66078813301452	-0.746101302618806	0.134247156530996	0.147041323336365	1.01318279793824
XLOC_000824	-0.200523472777387	0.483778801941827	-0.258808570797463	-0.107645994171027	-0.0508187295558811	-0.9788963119064	0.23203617193868	0.250017075938207	0.491922658250623	-0.21324567620547	-0.0834829360572469	0.435666983401541
XLOC_000827	0.605461925606955	0.0496907684037646	0.133887489358979	0.14180337660095	0.214939505971375	0.960586542731745	0.113709259344086	0.444778296090822	0.141717184660611	-1.39014053807304	-0.492444813520173	-0.923988997176073
XLOC_000832	0.919541189701762	1.11364327717566	0.997611324997939	-0.408389565860308	-1.19785659229236	-1.05202273133412	0.607993657982686	0.39780444478403	0.223932885543211	-0.867946193957413	0.174688543314861	-0.909000240055933
XLOC_000835	2.36586467919235	-1.64425518392063	0.72573676082593	-1.64425518392063	2.8750540679082	2.62268633148615	1.32158435865006	-0.0453950945389245	-1.64425518392063	-1.64425518392063	-1.64425518392063	-1.64425518392063
XLOC_000836	0.807360347270474	-0.260808893852995	-0.161474651595537	1.100729562107	2.89562305766029	1.55339248922952	-1.78660291309068	-1.78660291309068	-1.78660291309068	-1.78660291309068	-0.122437913368221	1.3340276549122
XLOC_000837	0.658732335544916	0.00168435651290721	0.332067716621346	-0.770908786710328	-1.19004837617635	-1.41178584813131	1.06355133043741	0.966186309458817	0.769762617464592	0.201126247923795	-0.655760288461063	0.0353923855152747
XLOC_000859	-0.352312539087983	-0.13293150707948	0.0385114380177924	0.405953139046945	0.147996151418152	0.443108647831261	-0.770277071190476	-0.605855765459539	-0.350103339598265	0.519204050085024	0.520988151506186	0.135718644510384
XLOC_000860	-0.421585577833167	-0.34181173471818	-0.246687514229995	0.554822556606071	0.612511644509899	0.824554827213055	-1.15765381420968	-0.717200580261571	-0.371342131125883	0.379381145644011	0.468703430630788	0.41630774777466
XLOC_000861	-0.233663979586378	-0.129998589517038	0.0128990696190332	0.0363795875520605	0.394629238579107	0.159527228947063	-0.760700584130744	-0.738015873304889	-0.140306262959655	0.491651829767957	0.517273548421244	0.390324786612231
XLOC_000862	0.0106672599098081	-0.510271389448443	-0.259470437725951	0.418113598120515	0.560434274003863	0.525142779995011	-1.26067766731354	-1.249383378076	0.121527326619052	0.107655004818052	0.806220846291358	0.730041782806287
XLOC_000864	-0.858077950232921	-0.0522085682408093	-0.089988757929591	0.371813881522062	0.487067230294739	0.316548802242149	-0.418267469584704	-0.553680105894612	-0.480578893270611	0.472511674390976	0.415522334061778	0.389337822641508
XLOC_000866	-0.27283578144088	-0.0345123628371864	0.106129131872759	-0.631928983838458	0.923760695183566	-1.21315246035032	-0.549822974002868	-0.111408149784916	0.0775511530720703	-0.349761158354274	1.50315749596335	0.552823394517166
XLOC_000868	-0.125344617560576	0.512436409795269	0.0317752974845567	-0.0167595001993321	0.570956829564781	-0.173984468149444	0.562393276567789	0.278224774806425	0.243091947951842	-0.499611902326502	-0.65014533537359	-0.733032712561218
XLOC_000869	-0.400802663780915	-0.094954585387029	0.159749406565224	-0.998176679203271	-0.124150792049227	-0.204381583087256	0.622081428811546	0.812268645578067	0.926472544383733	0.351373888533242	-0.527091052834872	-0.522388557529243
XLOC_000870	0.161965122883688	-0.144094881682074	-0.205421610043583	-0.105131267659495	-0.370173141432895	0.23614835353205	0.61032010854793	0.772828787526874	0.645579376637901	-0.653106169049943	-0.208561824466779	-0.740352854793664
XLOC_000896	1.69976540120317	1.60865166457356	0.6005124818307	-1.76947946291586	-1.76947946291586	-1.76947946291586	-0.334812896622439	1.05572056588372	-1.76947946291586	-1.76947946291586	2.86640899262356	1.35115110508702
XLOC_000904	-1.69670524484137	-1.04887996798787	-0.904230585029665	1.1981939625181	0.873640947536385	1.47861388776362	-0.528289588652702	-0.0630440883989731	-0.530005423256685	0.52969088038361	0.829079447091687	-0.138064227126128
XLOC_000923	-0.924255248907041	-0.924255248907041	-0.924255248907041	-0.924255248907041	-0.924255248907041	-0.924255248907041	-0.924255248907041	-0.924255248907041	-0.924255248907041	3.06306978040447	1.98415569786411	3.27107176189478
XLOC_000925	1.98923477674732	1.28162794460502	-0.351587201015855	-2.72157914576241	-2.72157914576241	-2.72157914576241	-0.11050252256402	1.20473215765729	0.474622726359561	0.966379149087935	1.78259737049777	0.927633035912209
XLOC_000927	-1.45892992134606	-1.3490109674462	-1.48758519283958	0.938991135151202	0.437848008518731	0.703534692383533	-0.5777652690911	-0.0170526371235287	-0.317826104291088	1.21269691109216	1.15784866438252	0.757250680609431
XLOC_000929	-1.98365557410387	-1.06789949850338	-1.42873221993141	-0.0123345700238353	0.326365834391948	-0.45872876235777	0.836144824544148	0.468912584859483	0.0700641463226916	1.51001720869801	0.837164290861447	0.902681735242531
XLOC_000931	-0.997242673616473	-0.172416751012988	-0.83397797216479	0.790016138879517	0.925476014849684	0.734275667893009	-0.294203574968145	-0.487489700209804	-0.09328231423647	0.159767965854583	0.313935479644447	-0.0448582809125728
XLOC_000939	-1.04322371476043	-0.309905477585468	-0.68019189447091	0.947782097969694	1.15980874045446	0.758360649940772	-0.230717253603953	0.0849898008014183	-0.549403972190558	0.343474968518755	-0.318585459801296	-0.162388485272492
XLOC_000945	2.91153913054632	3.12976786033117	3.39322182759536	-1.30812435433653	-1.30812435433653	-1.30812435433653	-1.30812435433653	1.03046601621942	-1.30812435433653	-1.30812435433653	-1.30812435433653	-1.30812435433653
XLOC_000969	-0.0124515230672009	0.903304552533289	1.03127591206965	-1.8275201136413	-1.8275201136413	-1.8275201136413	-0.392853547347879	0.997679915158278	-1.8275201136413	0.968248505280714	1.44706974277781	2.36780689716052
XLOC_000972	-2.26086537120518	-1.18581054253941	-0.323682293358321	0.561147344578805	0.254604836977272	0.488766597711389	0.651018977972258	0.394540791690644	0.649276126944085	0.455394621695974	0.185311267909066	0.130297641623408
XLOC_000975	-1.22480245230918	-1.22480245230918	-1.22480245230918	-1.22480245230918	1.4718727900534	-1.22480245230918	1.38627417088921	1.11378791824677	1.97139941981279	-1.22480245230918	-1.22480245230918	2.63028286716208
XLOC_000980	-0.406184682961879	-0.207256034976475	-0.668645023555371	0.0504101040662004	0.323584137980921	0.293695301506117	-0.189413639647326	-0.371423650248075	0.227823760181676	-0.175158331004019	0.698651988081572	0.423916070576656
XLOC_000993	-1.20529950037601	-0.532290957472046	-0.268836990207851	0.329721323374881	-1.38929592912881	-0.703241656732969	1.93939480895475	1.49332024446204	2.23905199198016	-1.66042314531074	-0.772128935871921	0.530028746328508
XLOC_000997	-0.373303498074153	0.198618987895082	0.389769952527002	-0.372142311827655	-0.0890812776096954	-0.681818352483683	0.517646405267254	0.472154508304491	0.519052474883176	-0.533092318614849	-0.143884073605475	0.0960795033385109
XLOC_000998	0.678668219804966	1.17518839189329	2.53406551853413	-1.91529504055619	-1.91529504055619	-1.91529504055619	0.695781582642202	-0.316434951174487	-1.91529504055619	0.880473578365822	1.65109327012667	0.362344552032167
XLOC_001000	0.406493441701903	0.392572513353587	0.444479244633172	-0.6518461383221	-0.314482499348713	-0.6780506966443	0.232831304364701	0.355787736441204	0.379742325791796	-0.297751331485488	-0.192877526733813	-0.076898373751936
XLOC_001001	1.39369872897806	1.45217364260157	-0.00119299803911854	0.516147532412011	0.325490299576901	2.10740348003778	0.239891680412716	1.55512636063403	-0.475183898256926	-2.37118494278568	-2.37118494278568	-2.37118494278568
XLOC_001005	-2.04727720744608	-1.84071753111924	-1.42475743564515	0.71849727620927	0.607385090335872	0.756467291270087	1.32182444808236	1.6892999896218	1.70725395470278	-0.559434889021009	-0.769177954999324	-0.159363031991363
XLOC_001017	-1.51780125446851	-0.168948889752304	-0.17482107562688	-0.262700481631008	0.531843165979707	-0.0308234998304542	0.437080288040537	-0.172444144051806	0.463895003834027	0.249947086214183	-0.00221450443133442	0.646988305723875
XLOC_001019	0.518886911311882	0.368127663541489	0.497677615609533	-1.00858313236049	-0.0101672306030212	-1.57119911022477	0.387391036587146	-0.303879509466352	0.0829271959904903	0.801077745467657	-0.0258517802208953	0.263592594367337
XLOC_001020	0.723888264815534	0.424646262141471	0.600977307394771	-0.732227144176659	-0.490939043575078	-1.03784834978499	0.495964622565804	0.318710618348149	0.316241539237577	-0.22735912287801	0.0793273821399794	-0.471382336228556
XLOC_001042	0.275066967664982	-0.0142076036714283	0.0851266385860296	-1.54000162290911	0.363629149368957	0.475070135589566	-1.54000162290911	-1.54000162290911	-1.54000162290911	2.14795667194123	2.81921701282886	0.00814751932826496
XLOC_001048	0.888006011529012	0.917503893166658	-0.966713793785612	-0.936084602507247	0.239005951226807	-0.4555326817546	0.932672069267536	1.02585236647114	0.228922479020137	-0.275949716253522	-0.524419960893552	-1.07326201548676
XLOC_001049	1.28326113063534	1.22822208370849	1.013480407068	-2.42504935275172	-1.73149458493846	-1.5934145002497	1.42365931509733	1.18391557044788	0.549521797455904	0.197949100995847	-0.808205311689218	-0.321845655779712
XLOC_001052	0.193022916786786	0.76604132840189	0.490722294929578	-0.419671082245205	-0.573013256879321	-0.362095352924695	1.4625125757998	0.628435676630078	0.800501575663178	-0.458387953697056	-2.15193489804641	-0.376133824418631
XLOC_001054	0.085156775727607	-0.555613525942341	-0.410408848951104	0.193741893088851	1.29558520235742	0.779518976680129	-0.465937440369018	-1.18572150123161	-0.308557857490936	0.319581792961336	0.350294497115706	-0.0976399639460386
XLOC_001055	0.244299310870332	0.29865233757423	0.285308934483075	0.108659448345406	-0.00851683964526107	0.284220032076212	-0.458671677228964	-0.125069156020515	0.0546701816657249	-0.200078131400373	-0.178009271286946	-0.305465169432921
XLOC_001091	-0.584577340197471	-0.0823515272475666	0.29090767210521	0.732260278117496	0.388919375823239	-0.00603120812727997	-0.72898081278586	-1.44217525543508	-0.476180963061622	1.12388512966404	0.833333633758459	-0.0490089826135689
XLOC_001105	0.0761881833216238	-0.337913305150655	-0.702326135672715	1.13281201763849	0.526216640239158	1.02245593251929	0.0332997647972713	-0.111964322768194	0.123109083438034	-1.17390792828422	-0.561491753691269	-0.0264781763868109
XLOC_001107	-0.129608903546108	-0.152217684749692	-0.255528896317896	0.678085615635526	0.754422888818165	1.07308857115249	-0.628913262590704	0.0896253663819211	0.0982926237896216	-0.314531289110831	-0.538142045156359	-0.674572984306129
XLOC_001123	-0.27382053528345	-0.801935811088651	-0.65549383806106	-0.4562324488185	0.0504666933360776	0.198793178091048	0.60103115521552	0.789835467812173	0.906685388063554	0.117216198176659	-0.282721744877939	-0.193823702565428
XLOC_001131	0.533751913067414	0.244477341731004	2.23261355615152	-1.28131667750668	-1.28131667750668	-1.28131667750668	1.32975994569171	1.05727369304927	2.29002361534918	-1.28131667750668	-1.28131667750668	-1.28131667750668
XLOC_001134	-0.325385049433707	0.162630701945451	-0.115057740800549	-0.0251450227780383	-0.164205672828327	-0.276023900686792	-0.623070146717108	-0.80591225428197	-0.694190244941356	0.797594162622272	1.12684997934009	0.941915188560051
XLOC_001143	0.645719461429153	0.91761366892175	0.465078612056904	0.174668358092571	-0.203055169577463	0.723501418470851	-0.189946319910252	0.251963594921643	0.462846438438891	-0.487246286594764	-1.44777456498717	-1.31336921126211
XLOC_001166	-0.684947871944803	-0.92000450096528	-1.65756626729115	1.36845488788038	1.17544934766159	0.785550531091879	-0.408072445808941	-0.584396620295486	-0.242118881637772	-0.275068248564863	1.23096722283297	0.211752847041478
XLOC_001172	0.558828349673049	-0.686288093801151	-0.543330940575795	0.288385345608129	0.175268401694767	0.104797489170013	0.203990926298705	-0.580723498379881	-0.451961960909678	-0.0498442480244439	0.87378525862141	0.107092970624882
XLOC_001174	0.139186057936329	0.160056693841464	-0.757665622232265	0.691175783100329	0.470877153679608	0.569098879138473	0.061408628353937	0.389219903512092	0.358829617958319	-0.349791236599213	-1.10354697223833	-0.628848886450729
XLOC_001191	-0.2500385665218	-1.50323986498908	-1.18274986529894	-0.282420497469452	0.246480079053025	1.0507724087181	0.467879643198027	-0.0209322954701836	0.601293312046622	0.0864558846392516	0.145439073597395	0.641060688497047
XLOC_001196	-0.485157360160016	-0.328482520933389	-0.183833137975182	0.595622492833398	1.08504327468982	0.88988256960596	-0.465446899929216	0.109694872236394	-0.0107604228245695	-0.254863082987534	-0.560082827130334	-0.391616957425331
XLOC_001228	-0.425578704039054	-0.425578704039054	-0.425578704039054	-0.425578704039054	-0.425578704039054	4.6813657444296	-0.425578704039054	-0.425578704039054	-0.425578704039054	-0.425578704039054	-0.425578704039054	-0.425578704039054
XLOC_001229	1.68166073441687	1.33832791938416	-0.912302525944291	-0.912302525944291	-0.912302525944291	-0.912302525944291	-0.912302525944291	0.686557563437412	-0.912302525944291	-0.912302525944291	3.59187399031589	-0.912302525944291
XLOC_001270	0.84526557085433	-0.969803019719767	-0.969803019719767	-0.969803019719767	-0.969803019719767	-0.969803019719767	-0.969803019719767	-0.969803019719767	-0.969803019719767	2.71815527513058	0.694361980002694	3.50064133177053
XLOC_001278	-1.57448771483782	0.393172587527228	-0.31689845056431	-1.24853415912525	-1.06529832612197	-1.31766606254402	1.34526698919591	0.97512588840344	0.962925148247645	0.332826097424834	0.55325676992238	0.960311232471951
XLOC_001279	3.39643698000152	2.08432254332729	3.57468847877087	-1.00616088912219	-1.00616088912219	-1.00616088912219	-1.00616088912219	-1.00616088912219	-1.00616088912219	-1.00616088912219	-1.00616088912219	-1.00616088912219
XLOC_001280	0.223241699500967	0.188074408812385	0.249759478785232	-0.203036336609134	-0.859616475872969	-0.476910115315742	1.37303777369061	1.29373598938587	1.38467068608452	-1.02468031845267	-1.14266546614227	-1.00561132386678
XLOC_001281	0.0506601676239189	1.0629483094261	1.53927018003059	0.239083156757282	-0.118401176523448	0.460256906594362	3.01360769838422	2.64957598780927	2.96396021262155	-3.22045255893372	-4.49194546510574	-4.14856341868439
XLOC_001283	0.530404103261728	0.583536300817433	0.380548944080147	-0.0506622635301808	0.0459705705811144	-0.0090778320741256	1.38547438400193	1.11293665755698	1.35580782476238	-2.0408067322158	-2.93410137036649	-0.360030586875117
XLOC_001285	-1.48913873192405	-1.48913873192405	2.02479150173416	2.29725086273008	-1.48913873192405	-1.48913873192405	0.650458361208191	1.98921245353848	3.46225794425746	-1.48913873192405	-1.48913873192405	-1.48913873192405
XLOC_001296	-0.274249253204037	-0.0800236060792532	-0.375144726057828	0.925811690603407	1.04108574056595	0.973751939463051	-1.24967263015738	-1.26315537096431	-0.786882823798186	0.347002414909003	0.468868703938606	0.272607920780976
XLOC_001297	0.985371368875105	1.12720544593292	1.05438462069637	-0.0455193518241543	-0.122667579012711	-0.0497759482512645	-0.484575569735247	0.0695543719109555	-0.4119047016311	-0.379132652410636	-0.745591493997646	-0.997348510552589
XLOC_001324	0.156972376011891	0.469209294108769	0.229282366988556	-0.551708632135394	-1.57724157947487	-1.13822465417237	1.47613595163826	0.648960707036775	1.08758706663479	-0.376569084159312	-0.467079777125612	0.0426759646485211
XLOC_001328	-2.26213502019662	-0.0115045748681761	0.107856924549935	1.82512029023923	1.86295497887329	2.21645340262683	-2.26213502019662	-2.26213502019662	-2.26213502019662	-0.272267936555617	1.54684878825165	1.77307820766933
XLOC_001356	-1.05913864169057	-1.45544354118618	-0.974125536427343	1.54115588658033	0.593345857688386	1.69529626147678	-0.218721374772321	0.624285902185996	-0.20576218855322	-0.0825079418224774	-0.4108558359997	-0.0475288474796889
XLOC_001365	0.1060307490722	-0.11826014665416	-0.223159619020288	1.13773696173165	1.10859238392849	0.823191994243947	-2.69162318921489	-1.84397294655488	-1.98823955354717	1.40684169735863	1.08355022937361	1.19931143928284
XLOC_001367	-1.5529539202928	-1.5529539202928	-1.5529539202928	2.23343567436133	0.35067685198527	-1.5529539202928	0.586643172839442	-1.5529539202928	-1.5529539202928	2.13500437455755	0.863511468385519	3.1484519796277
XLOC_001385	0.623750340392293	0.221980803790261	0.351205095081442	0.115879387087752	0.207457306744081	0.35728860581245	-0.0800538144927128	0.340268999653368	0.1852474069976	-0.923664191712897	-0.429118207760153	-0.97024173159349
XLOC_001389	0.268068170235315	0.389205835012673	0.520458559647416	0.293375838093572	0.0159513132738898	0.154299492570436	0.103753179877067	0.288416476218208	0.262271947605717	-1.16195702966685	-0.749071047112476	-0.384772735754975
XLOC_001390	0.376926599236153	0.341587417147316	0.534477699822641	-0.108865065603538	-0.289055898060735	0.245590385435802	0.12409068520976	0.391728586548089	0.0268451288173797	-0.215067948624746	-0.702880243838079	-0.725377346090053
XLOC_001397	-0.503763970077569	0.389163756463753	0.552225094462705	-0.197891107050231	0.0732211120365669	-0.345421304040062	-0.183559097752775	-0.0330707051298011	0.388090473176684	-0.231880444766511	-0.113830181013687	0.206716373690931
XLOC_001399	0.432135213960369	0.932767069960461	0.16304650092091	-0.167377373744116	-0.573690880615914	-1.04642996794488	0.792033792266703	1.40491047730146	0.397589229918478	-0.932031391097319	-0.901813369063671	-0.501139301862477
XLOC_001400	0.654205083203727	0.859899649267821	0.539228092467797	-0.161695819195065	-0.383270706204433	0.0151238070406006	0.598914833654761	0.549067265777347	0.388426997502481	-0.538802801597073	-1.36073345489734	-1.16036294702062
XLOC_001402	1.46623805921404	1.27239199173658	1.15202905530475	-1.13756483887603	-0.468904890366084	-0.196479984063164	1.39463391086017	1.67938608538889	1.16351988163505	-1.88186071172466	-2.45693447733655	-1.98645408177299
XLOC_001404	2.37914088910954	2.06701293981848	1.90492089102606	-1.21893497403893	-1.55280716537175	-1.29146982166563	0.958775722289317	1.17473700935689	0.791476208493409	-1.83690334795519	-1.94802511398916	-1.42792323707305
XLOC_001405	3.54429711778185	4.01080654646645	4.0036589465132	-1.82216815774938	-0.7140715859347	-1.24630195398759	1.3915612681252	1.25077938031883	0.796951115621954	-1.67430533337371	-5.90942346818524	-3.63178387559688
XLOC_001406	2.42762494684084	2.81360798405145	2.68870024181352	-2.95167726326781	-1.4410095058059	-1.00307912299286	3.04635911773545	2.92362347882129	2.6197357769437	-5.02189674881684	-3.35773174909438	-2.74425715622848
XLOC_001408	3.73855951230576	3.94972871465801	3.40610258958166	-1.09066561196053	-1.25725432523149	-3.16088509750956	1.47398389171255	0.76542620591014	1.65765941306217	-3.16088509750956	-3.16088509750956	-3.16088509750956
XLOC_001409	1.42294502738369	1.26465099635594	1.27348037903737	-0.948380850684389	-0.56798253592296	-0.582493780948207	1.35712425009811	1.51733252657023	1.17053442187034	-1.57848882216541	-2.20488135998989	-2.12384025160481
XLOC_001410	1.41345694843867	1.40614785347337	1.14303597320315	0.189653327736786	0.214236340717376	-1.03752046647517	0.854637662971635	0.654145321967245	0.702842894204151	-2.72034027037662	-1.49951370736379	-1.32078187849681
XLOC_001411	1.98715812429563	2.70980790062383	2.63774349515752	-1.76057652548504	-1.927165238756	-1.81572425253539	0.899728371706464	1.39889555368283	0.678548539504676	-1.84092892739306	-1.41433062235575	-1.55315641844571
XLOC_001419	0.231931672911703	-0.174847080001969	-0.58886330289527	-0.946322293318518	-0.854212582697489	-1.01374456027294	0.399202554072626	1.62768111809844	0.653651418494895	0.463582296778295	0.73932563600107	-0.53738487717083
XLOC_001449	5.8285818276765	5.37831920690211	5.07635832917276	-3.49507557160166	-3.49507557160166	-1.48000381310298	0.534269829181362	0.772561177935788	-0.298873699479689	-3.49507557160166	-1.8309105718792	-3.49507557160166
XLOC_001451	4.03226328931353	4.00633684503592	4.09513265449326	0.49200256617217	-1.57821691937686	-1.57821691937686	-1.57821691937686	-1.57821691937686	-1.57821691937686	-1.57821691937686	-1.57821691937686	-1.57821691937686
XLOC_001452	4.02589324541218	4.12270254858366	3.81827195697576	-1.85507761689436	0.0485531553837113	-1.85507761689436	-1.85507761689436	0.970122411905215	-1.85507761689436	-1.85507761689436	-1.85507761689436	-1.85507761689436
XLOC_001471	-0.453903867561698	-0.175321824686694	-0.451203583026555	-0.358621859216671	-0.667846746626165	0.0214697760236184	0.474351794791649	-0.429301297882963	0.603888563731494	0.841065038488171	0.0283380615424811	0.567085944423329
XLOC_001473	0.225492054743319	0.950303333034634	0.713488710888267	-1.14074119812191	-0.399397267768622	-2.40342951570347	1.55342339671219	0.346949656039242	0.699895253865175	-0.0317023238068268	-0.723819992297587	0.209537892415582
XLOC_001490	0.452524213180887	0.426320314991254	0.219759338313527	1.00437526513749	0.682195853340069	0.93207593753762	-1.15863665970994	-0.913427180686956	-0.350361173807795	0.0914611407406838	-0.743380222101221	-0.642906826935602
XLOC_001500	0.31852018463561	0.447026759953858	0.227452516602131	0.0092615220210579	0.575180295294023	0.327668392444968	-0.879977103184839	-0.493478131942794	-1.4307133044472	0.5060017551219	0.365455829613854	0.0276012838874315
XLOC_001504	-1.06779557137629	0.260005365981719	0.374747058950723	-0.432746629090493	0.341503594052208	-0.353101547321481	0.204376473980895	-0.305679436759036	0.544615725205023	-0.253000099192009	0.0858710277258954	0.601204037842841
XLOC_001508	0.655983808316248	0.366709236979838	1.21090716248871	-1.15908478225785	-1.15908478225785	-1.15908478225785	0.27558178403557	-1.15908478225785	-1.15908478225785	-1.15908478225785	1.74932616451331	2.69600053721341
XLOC_001509	-1.92511831852529	1.69273527199265	0.444873626221267	-1.92511831852529	-1.92511831852529	-1.92511831852529	0.685958304673101	1.26330849923621	-1.92511831852529	1.38464170830372	1.88386548992298	2.27020869227653
XLOC_001529	-1.71117726010507	-1.71117726010507	-1.71117726010507	-1.71117726010507	1.49431004909434	-1.71117726010507	1.77671921909668	1.1140227686945	0.184823784423678	0.278689823535933	1.56341259631404	2.14390805936619
XLOC_001599	0.675194105641197	0.558922576999677	0.500767059368092	-0.384354816495994	-0.0822916249615187	-0.117165222381169	0.468894903358827	0.663312526264267	0.67398376377473	-1.07205298319219	-1.12535905888725	-0.759851229488662
XLOC_001611	0.605132440057403	0.0434162687625772	0.6210585462882	-0.173401226950725	-1.26311557924228	0.0590268042191182	0.944901471277083	-1.13459079280528	0.858753688966876	-0.650030794775848	0.399427814133115	-0.310578639930235
XLOC_001626	-2.14502835760233	-2.14502835760233	-0.519900096107185	1.6413612370518	1.43585888540861	1.19496704471787	-2.14502835760233	-2.14502835760233	-2.14502835760233	2.79607984207988	1.42135995308053	2.75541492178014
XLOC_001635	-1.00554816541483	-0.264304109488598	-0.235677380675847	1.36232339059687	1.04457921087033	0.170895301160654	-0.347958763979847	0.280162722583112	-0.371539722271278	-0.338526944956131	-0.00583535979236771	-0.288570178632064
XLOC_001642	-0.365044589907111	-1.86220265858416	-1.83921809866178	0.939022229010718	0.950551265980526	1.12344835577242	-0.764921200125927	-0.42231923012779	-0.0510502660962961	1.30793833689915	0.638762267975735	0.345033587864514
XLOC_001653	0.474741328200253	0.525176313582786	0.671738252294959	-2.17204497563231	-0.934287451760083	-1.04055982500602	0.54616119627669	0.742405784645563	0.12583340901518	1.17520243531454	-0.555200934569813	0.440834467638258
XLOC_001659	0.0737713325775138	-0.0561237110097483	-0.116611807721631	-1.67395785179861	-0.631748205663587	-1.44152982062876	1.10457735446933	0.442740582306681	0.10252978895342	0.526338449767271	0.995341625835112	0.674672262913015
XLOC_001668	-0.548185584606644	-0.548185584606644	-0.548185584606644	-0.548185584606644	4.13404038614433	-0.548185584606644	-0.548185584606644	-0.548185584606644	1.34781545992211	-0.548185584606644	-0.548185584606644	-0.548185584606644
XLOC_001678	2.10980842848555	0.411379672120444	1.1770971297084	-0.0794189801712895	-1.0631206830909	0.752215872330732	1.56566664612706	1.80816687612073	2.2184594044762	-2.96675145536898	-2.96675145536898	-2.96675145536898
XLOC_001682	0.231137192138789	1.25502752229558	0.495969957488585	-2.36282606822237	0.333849174140211	0.461740924631932	-2.36282606822237	-2.36282606822237	-2.36282606822237	2.57828213145985	1.65376911371247	2.44152825702205
XLOC_001685	0.855973352845413	0.489808639751239	0.617779999287604	-0.170796540874318	1.33987121658759	1.77780159940063	0.370060596775044	-0.642155937041645	2.08470515253849	-2.24101602642335	-2.24101602642335	-2.24101602642335
XLOC_001686	-1.40207522390844	0.848555221420006	0.223053037586705	-1.40207522390844	-1.40207522390844	-1.40207522390844	0.737521869223803	0.196784865473263	-1.40207522390844	0.587791859732565	1.01439016476988	3.40227910133598
XLOC_001690	1.3479367175742	-1.24602654278696	-1.24602654278696	-1.24602654278696	-1.24602654278696	-1.24602654278696	1.36505008041144	0.352833546594747	-1.24602654278696	-1.24602654278696	2.56295726566132	3.09340818926699
XLOC_001700	0.761178989823286	0.653693243701163	0.429675151683492	0.636982417256954	0.577257709979845	0.636308563649255	-2.22397305877502	-1.42487232526595	-1.55289542387943	0.74752638177725	0.444677544062985	0.314440805986182
XLOC_001705	-1.99822953530514	1.14420432111135	-0.057537722503465	-0.407507656513069	1.01530111490992	0.665290296944225	0.359186857147716	-0.0936496998689011	-0.24195783302337	-0.503538099050223	-0.538708269460119	0.657146225611065
XLOC_001708	1.59441858236633	-0.999544677994821	-0.999544677994821	-0.999544677994821	0.904086094283251	-0.999544677994821	-0.999544677994821	-0.999544677994821	-0.999544677994821	2.68841361685553	2.80943913045345	-0.999544677994821
XLOC_001723	0.336639133581673	-0.21107279718182	-0.411358802531212	1.33158742810736	1.02236254069786	0.288946725269588	-0.886278309726306	-1.54897476012848	-0.802834496072197	-0.139056654116536	0.493771501645663	0.52626849045441
XLOC_001732	-0.306606132461959	-0.342928369338837	-0.179593270342364	-0.062199957929125	0.0927902241477732	0.0571082148011754	-0.455213831889233	-0.736171728068153	0.00121371943503767	0.85894055906295	0.540313926760112	0.532346645822614
XLOC_001734	1.14248346747679	0.750543769594877	0.44494232377785	1.02091365734545	0.694130138641013	0.790846306244696	-2.33709604402811	-1.26998292036467	-1.98054583611107	0.592924618573861	0.0939991401439677	0.0568413787053501
XLOC_001742	-0.814466094246172	-0.842275015552249	-1.04388371166631	0.712662465389004	0.00433485140878531	0.202941722549136	-0.92199498325122	-0.672244231811791	-0.66360133237555	1.27120230487342	1.3978362281878	1.36948779649514
XLOC_001743	-0.60843780364526	-1.39330953383362	-0.959469823634153	0.629948237751655	-0.258941842944569	-0.832948569307486	-1.00184561514525	0.298466639124737	-0.010481143292032	1.66607943650764	1.31195637773868	1.15898364067965
XLOC_001752	1.54506340715401	1.63429942130746	1.66263761523665	-0.830720117282262	-0.644608960100496	-1.70893527095715	1.89333012428437	1.30411088243421	2.0272858831021	-1.4926347619696	-3.3112875081028	-2.0785407151065
XLOC_001781	0.135459147232915	-1.13862874789208	-0.997987253182135	0.949646613279664	0.0535160439910216	1.47793328925775	-0.969350855232567	-0.72970545707683	-1.02656523198282	0.368495090685736	1.24071869658077	0.636468664338588
XLOC_001783	-0.476502003365558	-0.0663179352499661	-0.444773739846188	-0.16213739262917	0.411129837322526	-0.0466248771212836	-1.03564856574473	-1.09724795650088	-0.206110458304212	0.940758453689877	1.06286559235047	1.12060904539913
XLOC_001784	-0.757472168606872	-0.526029228854825	-0.972366472067569	-0.0766515218340711	0.509516005984334	0.326365244013721	-0.890964251356203	-0.725916994745701	-0.491787118921454	1.22388399430536	1.02529998757929	1.356122524504
XLOC_001785	-1.00759800821616	-0.670756283307077	-0.874403242571376	0.129124929625152	0.811027687998245	0.501270040294155	-0.705668086060223	-1.37998167288805	-0.274521676539632	1.04686322014602	1.27690789805314	1.1477351934658
XLOC_001787	-1.2623258014733	-1.2623258014733	-1.2623258014733	0.807893684075727	0.641304970804768	-1.2623258014733	0.172340764820115	-1.2623258014733	-1.2623258014733	1.53344281744871	1.64608514529785	2.77288742639265
XLOC_001788	0.118866781948987	-0.961995418975833	-0.708718028640504	0.462043813817206	0.217064382145226	-0.168668228260818	-0.638521663788352	-0.415186133506284	-0.588344121081639	1.01383831088327	0.852394313928136	0.817225991530592
XLOC_001790	1.41531114268033	1.32419740605071	1.4599965122195	0.833398753758981	-2.05393372143871	-0.0388619629400253	1.81648807785532	0.771266307360869	0.633938648769139	-2.05393372143871	-2.05393372143871	-2.05393372143871
XLOC_001792	2.00030724695513	1.08067081629163	0.360179328588708	-2.00981261615785	-2.00981261615785	-2.00981261615785	2.41230588949971	2.65401765527291	1.56152767669801	-0.0199455325168441	-2.00981261615785	-2.00981261615785
XLOC_001795	-0.0200843299600795	-0.463108097427312	-0.406174521957063	0.682256300724823	0.451250382847071	0.660105035067376	-0.378342458828145	0.0437774246501537	-0.340652867215926	-0.0597737085741148	0.0527188688828737	-0.221972028209654
XLOC_001809	-0.0125088972972183	-0.851911668121947	-0.588457700857751	-0.9537304639641	0.106733446836276	0.430315035379452	-0.0241289740593942	-0.225241184673932	-0.964082703827811	1.20461365824102	0.848060465083528	1.03033898726188
XLOC_001813	-0.0183323700248073	1.08563304410215	0.835264882050403	-0.225902375142125	-0.0580008268526875	-0.70816235709183	0.335687724078297	-0.267832756144571	0.535046004125292	-0.331250473489446	-0.652388735684596	-0.529761759926065
XLOC_001830	-0.140028458916637	-0.580927821878008	-0.44195175858304	0.214099550355099	0.505247042527511	0.359158058595249	-0.500889783429397	-0.521643405449437	-0.530286258422107	0.87842224369486	0.395955580380059	0.362845011125856
XLOC_001842	-1.23522972144626	0.289901554014122	0.226150528784939	-0.420850753558601	0.216504584171833	-0.256759272784309	-0.349628303991094	-0.688522699141481	0.0572034219127913	0.795476283662725	0.622006041784945	0.743748336590405
XLOC_001855	1.12422019603105	1.04064758818319	1.50335518359659	-1.59892753746166	-1.28077270345993	-0.467442386835369	1.26324931980907	0.819406142246796	-0.160538833697507	-1.17649998583034	-0.919871701976481	-0.146825280605402
XLOC_001864	0.165889878867223	-0.477210142470296	0.141141427560977	0.804439699559508	1.38291374378494	1.1328184079199	-0.173029166391778	-0.553337927038341	0.0857707854487755	-0.846242283494444	-0.867137603749741	-0.796016819996702
XLOC_001896	0.821007349772362	-0.491107086901873	-1.21159857460479	1.59611478709323	0.543499479718566	-0.241595117031151	-0.331237647006896	-1.98273042996965	-0.385388647229375	1.72715085402463	0.777628116386623	-0.821743084251679
XLOC_001902	2.25235619950809	3.82398365335206	1.52535876498589	-0.844633179760671	-0.844633179760671	-0.844633179760671	-0.844633179760671	-0.844633179760671	-0.844633179760671	-0.844633179760671	-0.844633179760671	-0.844633179760671
XLOC_001910	-0.796120543479278	-0.405811053499544	-0.0325518541467682	1.02676013800418	1.17818857514467	0.0777911722841003	0.639379173541028	-0.6429888626169	-0.486317120866257	-0.0279915727236872	-0.0296579132247885	-0.500680138416747
XLOC_001935	-0.201186065377836	-1.04271842277127	-0.116172960114614	1.73678173464767	0.97568777936523	0.405860072573961	-1.17049667791624	-0.494538246840989	0.652190387759509	-1.11108952343168	0.447096740313029	-0.0814148182067509
XLOC_001949	-0.373273557178218	0.077608253742004	-0.197102219260413	0.517465772449684	0.347245553355463	0.764039622660502	0.581171035053458	0.606683029585573	0.125716479899056	-0.139064911258494	-1.22717857256248	-1.08331048648614
XLOC_001965	0.0405448305768601	0.95630090617735	0.595468184749321	0.295695725551793	0.92215148236534	3.05218586283742	-1.77452375999724	-1.77452375999724	-1.77452375999724	-1.77452375999724	-0.110358760274776	1.34610680800564
XLOC_001981	-1.10031085123011	-1.04183593760661	-0.284345155100794	0.651868187529639	0.0962856253943354	0.677995169960694	-0.692709539966903	0.284298014175882	-1.29385423013799	0.979494331616264	0.534544000308785	1.18857038505681
XLOC_001993	-1.28011173927262	-1.28011173927262	-1.28011173927262	-1.28011173927262	0.623519033005455	0.734960019226064	0.154554827020802	-1.28011173927262	0.615889305256134	2.40784655557773	0.384053260449844	1.47973569582705
XLOC_002010	-0.203841792005976	-1.04537414939941	-1.56470925117788	0.124719607406131	0.405093963900317	-0.404687651064858	0.108912824607201	-0.155868527351383	0.0858392736499098	0.650830783555575	0.644285692171111	1.35479922570927
XLOC_002024	-0.614601341366816	0.784755973377617	0.665222500877135	-1.0485283348359	-0.482830316665829	-1.44161664785994	0.594660614976453	0.0370447388080031	0.832416773670722	-0.132191562653613	0.11807871196079	0.687588889711375
XLOC_002036	0.153367690019333	0.428302935301977	0.372168797429484	-0.92965177378947	-0.467058651264463	-0.414229166390594	0.12727044807427	0.127279957185236	0.197311720695813	0.230318176179164	0.0270247746560823	0.147895091903175
XLOC_002038	0.108356554517062	0.963846571428705	0.811206738032265	-0.90988630433637	-1.22492906588931	-0.646676766616412	0.71289323722419	0.48494180511119	0.882907590594863	-0.606944100677303	-0.300257595659314	-0.275458663729559
XLOC_002042	-0.525796248846103	-0.353599673131558	-0.0990663826252733	-0.0560382948393876	0.187386422454396	0.197642972079637	0.122506820602397	0.373705178106763	0.736997662050379	-0.073069507137979	-0.523715158348244	0.0130462096349788
XLOC_002044	-0.535937393231713	-0.407430817913465	-0.0770474578050262	-0.398985539921528	-0.8563751559482	-0.00645088671321847	0.490803177173381	-0.059670843112178	0.565747975387994	0.618304071497886	0.240648295813326	0.426394574772738
XLOC_002045	-0.4337724512386	-0.0268496156488682	-0.240584257679585	-0.223052999867861	-0.51583475337763	-0.366671090446535	0.441842242580974	0.546400284186041	0.673569494034328	0.468461540876981	-0.294556724990724	-0.028951668428526
XLOC_002047	0.54648037948466	0.202110630017056	-0.00153632924724345	-0.267568634540673	0.105916583158154	0.516386670105178	0.0425791001003342	0.216917266596883	-0.055263674963129	-0.372946506726628	-0.444535239587008	-0.488540244397575
XLOC_002053	0.314913681016797	-0.00963301544825867	0.035440975477794	0.608377747083255	0.286028401748503	0.240096680071769	0.192397175550175	0.396178044345165	-0.480730131132853	-0.25056392930018	-0.494203308078934	-0.838302321333223
XLOC_002055	0.732017640091106	0.976970548374387	0.75325390049808	-1.49392525558164	-0.494600690746193	-0.737663375022628	0.978375803768229	0.989516334928844	0.861507774134976	-1.15994894356639	-0.755937909428006	-0.649565827450806
XLOC_002067	-0.685827476028448	0.171715699979269	-0.494678232496487	0.929487244815034	0.568611959341099	1.21171102816723	0.348810762624361	-0.384541122741227	-0.285069208252869	-0.160926627189077	-0.89444106930925	-0.324852958909618
XLOC_002069	0.820232134362317	0.446042287063007	0.550915140534943	0.375182804684077	0.601386795791464	0.905131277350866	-1.04171847082689	-0.0619431731638489	-0.388925712477743	-0.499800511878512	-0.602810350607059	-1.10369222083262
XLOC_002083	0.685643637241808	0.917086576993855	0.879478584449251	-0.0694747438912948	-2.67270399704335	-1.35056161358195	0.877422009625857	1.02620794203997	0.558512523017024	0.317795369466446	-0.501432948832201	-0.667973339485425
XLOC_002107	-0.919792285649534	-0.559446579386821	-0.303577261085625	0.703317548046296	0.953055830948788	0.683077382027144	-0.366999868708961	0.12835999673977	-0.467017600281216	0.458274858550533	0.00770175583669008	-0.316953777037061
XLOC_002111	-1.07293571618762	0.17427017276378	-0.711749833177421	-0.744374316775513	0.936631062341208	0.0488897259002057	-0.870480695412921	0.0852470360712685	-0.966878022108641	0.694086695149531	1.29910044856444	1.12819344287169
XLOC_002112	-0.277845585493174	0.156431152180587	-0.184885794169446	0.0641061525454827	0.676676182002711	0.572721716747576	-1.17038937566584	-0.9704005153185	-0.205215904094335	0.539330960273231	0.361873059443651	0.437597951548046
XLOC_002113	0.802731903899996	0.0325949236003327	0.680150799980674	0.277967189621208	0.758668441111428	0.341995889183505	-0.618625860321208	-1.77826821864432	-0.212254782965623	-0.335039132513279	-0.0162113441334935	0.0662901911807792
XLOC_002118	0.562883507211138	0.93018346399877	1.11991367010882	-0.314455446437742	-1.46670945846831	-0.569008278655796	-0.515178599983218	0.182094863237649	-0.0962000252977369	-0.106488501797039	-0.179650410905531	0.452615216989003
XLOC_002119	-0.846268771877969	-0.0199573812536489	-0.187325664601843	-0.612579833932559	-0.404297304770436	-0.271872824811995	-0.0588026995407418	-0.0993058448065298	-0.19558168528242	0.62154423550415	0.910945283869713	1.16350249150428
XLOC_002138	-1.68457279743742	-0.158778778199729	-0.0594445359422715	-1.68457279743742	-1.68457279743742	-1.68457279743742	1.56578007490704	-0.0857127080557134	-1.68457279743742	2.76195168347044	2.67464583830056	1.72442241270676
XLOC_002157	-0.501664732084609	-0.489798426388064	-0.660273551850551	0.774696228006975	0.877381151590071	0.661168077700796	-0.129362919636474	0.310161219781591	0.252417622664387	-0.227155698959702	-0.467537837148258	-0.400031133676149
XLOC_002198	-1.13789217712316	-1.13789217712316	0.487236084371983	-1.13789217712316	2.06759513207625	0.877179581375519	0.296774389170258	2.34045900833937	0.758108867405589	-1.13789217712316	-1.13789217712316	-1.13789217712316
XLOC_002202	-0.20700758428009	-0.446503461657562	-0.853845050028034	-2.53938596785477	0.473538483276823	-0.590787827579826	0.120918929336731	0.768240783737945	0.575605406441377	1.37708044281621	0.258340837169921	1.06380500862128
XLOC_002203	-0.271024681871489	0.586344216751892	0.634652164104001	-0.494754950330334	0.0544785443744455	-0.941149142664269	1.21975456493707	1.41167381123225	0.904066314860712	-1.48537592606245	-1.37273359821331	-0.245931317118511
XLOC_002219	0.66253064154947	-0.0691397972295507	0.135068305052876	-0.1834817439951	-0.913821427321106	-0.769337775237426	-0.0418769864437891	-0.717976656871728	-0.306753373148722	0.63853248807246	0.709466286527713	0.856790039044894
XLOC_002224	-0.405225912171706	-0.0101010200729892	-0.587202546938793	0.287566754194058	0.202659893052135	0.262178699769011	-0.457748972640462	0.231713792268016	-0.561177347652738	0.443418625462058	0.246537047295209	0.347380987436193
XLOC_002236	-0.567610255463671	0.0963552091237032	-0.309528843683516	-1.00562192914005	-1.36026869004663	-0.37518866790837	1.23862258721904	1.00212755393105	1.31877766229135	0.0327680654813456	-0.128089485381826	0.0576567935775865
XLOC_002238	-0.261295701346921	-0.618097162687276	-0.529301353229939	0.136978905945077	-0.399666403098277	-0.659461234145515	1.1291665405784	1.13089901087072	0.713343194484726	0.0877754041096592	-0.254504547570059	-0.475836653910589
XLOC_002241	-0.675490322485365	0.216283132545825	0.223162204586103	-0.333906841568113	0.281899607478221	-0.173662836573384	0.29371089351951	-0.0149634432195871	0.384544802414932	-0.0705641294086217	-0.201790955498164	0.0707778882086538
XLOC_002253	-0.550855248613829	-0.619317541535344	-0.177494251544342	-0.0412541449075476	0.0660337116202765	-0.431061117624817	-0.0544493215520543	0.0355583447441141	0.0892242624944561	0.906212660026869	0.404059114511142	0.373343532381073
XLOC_002260	-2.5460188096341	0.0580983944829256	0.0474609634679304	-0.242949290496402	-0.804358980636349	-0.661393647171803	0.740425388388523	-0.0754193718795442	0.337336081634843	0.846703826224749	0.529439957159977	1.77067548845927
XLOC_002267	0.144955189231194	0.00231758590734987	0.21275940869891	0.191760617951688	0.285620991645962	0.595784950767753	0.209310646276163	0.410291869764362	-0.508205495204677	-0.882992630000317	0.0232475347922918	-0.684850669830674
XLOC_002273	-0.984512409816052	1.74631225635853	0.640615851679092	-0.984512409816052	-0.984512409816052	-0.984512409816052	-0.984512409816052	-0.984512409816052	-0.984512409816052	-0.984512409816052	2.82447139863222	2.66469977185857
XLOC_002277	0.739130844135483	0.500904910903669	0.197104589672799	-0.513407974333179	-0.185262177388934	0.018590605369611	-1.03932684110607	-0.612183393619605	0.0640154506222208	0.527080037987148	0.253875168537872	0.0494787792189797
XLOC_002282	-0.0847445509102007	0.222514228010153	0.0539159662063362	-0.62889828136112	-1.23694953733272	0.0838263034745079	0.432438557171722	0.808214674863246	0.200837699003528	0.482649318207485	0.037698986900006	-0.371503364232939
XLOC_002302	-1.60528973308463	0.645340712243812	1.25350629262632	-1.60528973308463	1.60019757611478	0.409782025414047	-1.60528973308463	-1.60528973308463	-1.60528973308463	0.384577350556371	1.30312121368652	2.42992349478132
XLOC_002306	-0.834887180357942	-0.219668212933943	-0.097355213996984	-0.153733321669261	0.328283185734682	-0.238209537074194	-0.155086474950799	-0.246310544355365	-0.0414547818304687	0.896618601335996	0.30709264355607	0.454710836542196
XLOC_002325	-1.60357800237936	2.21978058300789	1.25521802333159	1.28375447281833	-1.60357800237936	2.11538932532035	-1.60357800237936	-1.60357800237936	-1.60357800237936	0.386289081261647	0.812887386298962	-0.0554288601419786
XLOC_002327	-0.881570812059732	0.786296486700969	0.96372222936219	-0.827847741047424	-0.328343190920358	-1.06175900634863	0.675259730224448	-1.06105024911552	0.943392119437301	-0.930566754035236	0.171657834574051	1.55080935322793
XLOC_002328	1.56049809950959	-0.678591553016461	1.01884978186585	-2.20438557225415	-2.20438557225415	-2.20438557225415	1.82495982852888	0.984041245507348	2.12133560670769	-2.20438557225415	1.07020428416496	0.91624499574873
XLOC_002339	-0.070972565610596	-0.538065041530645	-0.131347123273482	0.612352825481608	-0.268922265687946	0.296295642786927	-0.517866469311572	-0.429330555655989	-0.0833699386563431	0.259594325909282	0.598670141207613	0.27296102434113
XLOC_002357	-0.181558425341094	-0.247289144446404	-0.0333279239386259	0.644015093335081	0.315880821226973	0.442869609304597	-0.18044506942692	-0.206402261651373	-0.286441783364282	-0.0640307920432486	-0.158445986441898	-0.0448241372128164
XLOC_002358	0.790439985469288	-0.199704985772961	0.0694208526541704	-0.426223414771372	0.268219263045859	-0.158062881338812	0.0512175452129648	-0.374237156499048	-0.530888783195747	-0.0935977922706996	0.533935626657226	0.0694817408091337
XLOC_002363	0.708168188549609	0.684525902534816	0.857220637630389	-0.482450554716674	-1.41471605568226	-0.651076186556099	0.181857128300592	0.637902563307848	1.00204047273056	-0.495481293739341	-0.853651101139593	-0.174339701219852
XLOC_002377	-0.561528344318858	-1.09780924299764	-0.48904134371694	0.990691840126328	0.3255071772106	1.3429553357237	0.433244390976777	0.0417416702377391	-0.453441376623891	-0.208543868054462	-0.536891762231685	0.213115523668332
XLOC_002379	0.00875840390069271	-3.17626149937135	-0.946295115233272	0.597848976905589	1.29918998680006	-0.43511400320226	-1.01025630224205	-0.0382252471782802	-0.83326720760838	1.92841013262554	1.29591004848122	1.30930182612249
XLOC_002386	-1.48117075966329	-0.643386813974558	-0.987599637385474	-0.217274368740811	0.244936258468215	0.683953183770712	-0.417997522286287	-0.682778874244871	0.234795236062856	1.54400191724835	0.946122731338011	0.776398649407149
XLOC_002389	0.430626165331097	0.455236055685462	0.693977533072194	-0.839103085703632	0.00920935962732639	-0.158350172359731	1.60177284779289	2.03422619876358	0.981689230459948	-2.59155935107659	-1.82093965931573	-0.796785122276811
XLOC_002411	-1.64658554432769	-1.14047179169443	-1.6874278334472	-0.4129937143919	-0.447162936789513	-0.588796933708518	1.05823270617451	1.40308808118606	1.30388340885162	0.572716481630049	0.594859750111583	0.990658326405429
XLOC_002417	0.621441708856567	0.34219008984441	0.412158550114484	-0.784991867735828	-0.381084774726108	-0.100770710676664	0.181960629369498	0.179274990402215	0.320205948729064	-0.312722647391318	-0.215440538787074	-0.262221377999244
XLOC_002437	0.364465571763933	0.0383982671713765	-0.0738148051432503	-0.523459363068876	-0.471533234666779	-0.522307140457972	0.0659571309678633	0.289292661249932	-0.103761539617329	0.808404514487544	0.213121457475359	-0.0847635201618075
XLOC_002448	-0.765641636148045	0.55777558042416	0.477190010677393	-0.481034679750639	0.105662687144756	-0.156943594878983	0.762479801025364	0.438401421935305	1.03951601556442	-1.21920378010188	-0.727942375001206	-0.0302594508906493
XLOC_002449	0.182476143456812	-0.258292616807686	-0.0677494368270182	-0.694807805176954	-0.0805969773444595	0.410480800396732	0.424063602971031	0.663341956569722	0.250861358092282	-0.572999723075881	-0.0744410506637951	-0.182336251590772
XLOC_002452	-0.143367472831263	0.313343093024351	-0.045021324818963	-0.65848106909419	-0.780390502145225	-1.13994743235045	0.357907029016652	0.209698099152283	0.421699790614881	0.350410803941069	0.678094425421408	0.436054560069447
XLOC_002466	0.197934999991251	0.284086277653197	-0.0114742625434676	-0.311001088197978	-0.326678449936662	-0.19542178701815	0.241620453952661	0.34840693061545	0.0885468696157385	0.123616235923331	-0.351661362301272	-0.0879748177541249
XLOC_002471	-0.11331437552963	-0.300479412609658	0.017708961112465	0.644562818041454	0.453637146269012	0.415577385520296	-0.338040089526231	-0.178544408226233	-0.405846251768939	-0.18916730461537	0.167703747038155	-0.173798215705338
XLOC_002472	-0.766680077695387	-0.766680077695387	-0.766680077695387	-0.766680077695387	2.43880723150402	-0.766680077695387	-0.766680077695387	-0.766680077695387	-0.766680077695387	3.67984440321247	-0.766680077695387	0.781469064541993
XLOC_002485	0.534482853697473	-0.267058715440641	0.581977437507685	-1.54282823198919	-0.551661401911719	0.67678374128177	0.898010527580677	0.947685529954867	0.859133317736479	-1.12040068035787	-0.621176898738605	-0.394947479320924
XLOC_002488	1.18812234558548	0.149995180788051	0.0398706496736718	-1.18587790036676	-2.27559225265832	-0.493679072197436	0.581902916607398	1.1567531014636	-0.153722984449161	0.538063433924357	0.271023430272751	0.18314115135636
XLOC_002490	0.813527692079772	0.69165184087997	0.057270981103934	-1.49746364685052	-1.54837893114106	-0.510485983722936	0.0161963471397444	0.448200071864983	0.512888272442257	-0.114654187112175	0.941059801265915	0.190187742050131
XLOC_002497	0.911007682574777	2.14040300760087	2.89789379010668	1.20437689741131	0.220675194491693	-1.68295557778638	-1.68295557778638	-1.68295557778638	-1.68295557778638	0.306911505854627	0.733509810891942	-1.68295557778638
XLOC_002505	0.388214029076536	0.238130584632646	0.106281326888432	0.385842602858345	0.127532450000444	0.502287778830178	-0.661168802261788	-0.123226469774695	-0.494564939310939	-0.223810429383597	-0.008479880562966	-0.237038250992605
XLOC_002527	0.878860289393573	0.155517380919512	0.268896855315368	-0.987566998133657	-0.103566577980024	0.409167936240849	0.113526850155595	-0.167524068151184	0.105456516119776	-0.85653093120226	0.100115939577301	0.08364680774514
XLOC_002530	-1.01697146943921	-0.600914747300298	-0.0454086310764668	0.484249012999341	1.0277445963073	-0.574147536762542	-0.255972003899331	-1.51934812344193	0.121490986902017	0.930704323921365	0.764563279598935	0.684010312190822
XLOC_002534	0.83784558534261	0.848602676234679	1.21482279372412	-1.27147187674007	-0.90060786053702	-0.453165415698611	1.10872425377397	0.67089942714176	1.07738480203589	-0.899637968826543	-1.39940351962148	-0.833992896829289
XLOC_002536	0.985197054787223	0.640914050055262	-0.734995616957831	-0.610556292918821	-0.572721604284763	0.275802806940908	0.362269148446424	0.451680933815054	0.945827215809562	-1.38805157652567	-0.888827794906403	0.533461675739056
XLOC_002545	0.279061058774764	0.0964513836464169	0.286181589756465	-0.581424286316978	-0.393826630246988	-0.907714371536021	0.299261562160306	-0.651637217114705	0.228141463936058	0.514695595734487	0.46321952071442	0.367590330491768
XLOC_002560	-0.133534753614854	0.594187600546077	-0.00894260474046149	-0.118686955443947	0.307236058983129	-0.232275490852374	-0.900350517565391	-0.12361719045113	0.243806292496957	0.0366202898515313	-0.0542633478248264	0.389820618615304
XLOC_002569	-0.0673400609837005	-0.615051991747193	0.565581655237675	1.01343979200971	-0.0959280127424575	1.37090419736626	-0.907732184199407	-0.234697173404461	-0.662883377216741	-0.147279232792736	-0.142265527954018	-0.0767480835729337
XLOC_002570	0.857271627555132	-0.895554648481941	0.826520316752497	0.350035337894131	0.696187889819558	-0.64604267861122	0.648830908290698	0.281598668606033	-0.414697788075555	-1.19026946200941	-0.177054272483142	-0.336825899256795
XLOC_002575	0.391153842660197	0.38515769890871	0.236823502271319	0.267317768550706	-0.272197963746658	0.183128698760813	-0.0595550292458071	0.0712483792182734	-0.204447339828729	-0.326194661831066	-0.270164021841344	-0.402270873876411
XLOC_002593	-0.121467642604613	-0.801675359344923	-2.5947854063446	1.057370969595	1.03646815431793	1.05497582397087	-0.144537262795198	-0.0867066098908094	-0.455432800552419	0.545553577854088	0.103013617968782	0.407222937825893
XLOC_002595	-0.129835564070445	-0.0631147302788726	-0.415455204470283	0.825066948721187	0.757064088480616	0.609739609483741	-0.899016569306628	-0.511179137368298	-0.738264132072484	0.227411803608621	0.544632341239684	-0.207049453966869
XLOC_002630	0.0814097414779358	-0.29735169019162	-0.529039096930144	1.78987018380348	-0.691159880278519	0.331132205058612	-1.24823802950885	0.0905160628214352	-0.699962752433251	1.55327307704112	-0.113245266221983	-0.267204554638218
XLOC_002642	0.0155541470608576	0.172228986287484	1.09139177115932	-0.147034891153909	-0.175950523620051	-0.676442149624899	0.0352646072916576	-0.588214129802128	0.256136900732642	0.0990539910621715	-0.191083259188689	0.109094549795542
XLOC_002644	0.332129191081988	-0.156785143632925	-0.163287614996961	0.447910753664571	0.344646107149065	0.247721868028079	-0.983968118417654	-1.70821698805842	-1.186836399644	0.733467835685977	0.883935776422929	1.20928273271737
XLOC_002645	0.379950379108661	-0.0358456151963669	-0.0992530189872385	0.720929226532597	1.25002474773252	0.437357525318713	-1.19549973289008	-1.41823834092951	-1.50464754315036	0.285581992667665	0.589216457963434	0.590423921829971
XLOC_002672	0.283977678928824	0.639032220898948	-0.174830050487798	-0.766625196071023	-0.0048239649874402	-0.523339998631107	0.0086749291874284	0.293863314485437	0.849464429999134	-0.653475356570075	-0.0204080245324096	0.0684900177801016
XLOC_002688	-1.10958115525663	-0.486417515533047	-0.0932667646321299	0.173881987957206	0.593191969608228	0.167029378511463	-0.0239066881797871	-0.285328751819263	0.030809925503041	0.397428543563281	0.166966768472978	0.46919230180464
XLOC_002701	-0.327178396720956	-0.0590581599068818	-0.187537378194956	0.421982519025484	0.971631983185662	0.400030830380977	-1.17454472641087	-0.38641866307609	-0.0882487299652741	-0.477776286598913	0.666211157523108	0.240905850758719
XLOC_002717	-0.398412157880945	-0.107073536994023	-0.301515506993006	-0.807722768275164	-0.121555491166029	-0.878286310886451	0.186393729850273	-0.702408184012304	-0.131776745382576	1.18995745890844	1.15919917959447	0.913200333237319
XLOC_002744	-0.51389315228562	-0.177051427376533	-0.311964160499085	0.233386019386357	0.585976947275594	0.295601811408131	-0.535652666008225	-0.49158853849184	-0.466580093770008	0.686098540325423	0.185223408171639	0.510443311864168
XLOC_002747	-0.358681639678686	-0.537453148854694	-0.629893890910652	0.547186444647621	0.643228259002407	0.95872939574084	-0.372385018607424	-0.191874700454608	-0.247435234701421	-0.0617565458091933	0.328309063895794	-0.0779729842699748
XLOC_002789	0.622457002880802	0.0087132163685002	0.0776896862191254	0.816652394437943	0.330239338583443	-0.116080344225921	-1.13589069419083	-1.00312909968932	-0.4206132828278	0.70349930964017	0.21512698122034	-0.0986645084164355
XLOC_002791	-0.690456801871695	-0.0886753544542822	-0.212661978551653	-0.769195239829514	-0.597461195333556	-0.285966133446544	0.475819061554996	0.417224104649853	0.850138092772299	0.210478195828802	-0.0587864330723571	0.749543681753647
XLOC_002827	0.452318275573689	0.759577054494043	0.788203783306794	-1.41918624055258	-1.61948940071933	0.148637700376845	2.14465169460355	1.7347567564355	1.10291505250421	-0.837651680607229	-1.55038685349963	-1.70434614191586
XLOC_002829	0.809603637850324	0.988595255961938	0.226250916978498	-0.0119992791858907	0.109744124533151	-0.0827601371618192	0.364465825997823	0.612078649845092	-0.00449372578529061	-1.87994455880146	-1.17310940369563	0.0415686934632653
XLOC_002836	-1.12706185652732	0.150578907494483	-0.776188409101109	0.399497333349603	0.0383601118264316	-0.865275495354921	0.229545675708825	-0.117038953592561	0.359460105464744	0.938480533045002	-0.0225630910343382	0.792205138721155
XLOC_002839	0.659244832595367	0.121850937282728	0.535841237790403	-1.00129514260434	-0.59887921193958	0.0521436775147031	0.34847332692858	0.0528688201762009	-0.511964615635654	0.217622792676661	0.19439421569137	-0.0703008704764345
XLOC_002840	-0.250593020243319	0.130208788186718	-0.0989940512486704	0.640901600393804	0.970015947292531	0.506276847490268	-0.0623645197140563	-0.799317155282234	-0.808342819161732	-0.42461611148955	0.0847998067934395	0.112024686982802
XLOC_002851	-0.198572816627753	-0.51149993636626	-0.566430300418704	0.841896131487394	0.850241565309068	-0.272044249633969	-1.20650371507567	-0.835531888013647	-1.80764840524676	1.11542884292805	1.3664594787133	1.22420529294494
XLOC_002870	-0.334775967386827	-0.467399101840835	-0.317926120060944	0.31882229710026	0.357498632427882	0.423459735628549	-0.0468540771295078	0.311509725071067	0.0032111998771267	-0.257907492103945	0.0370415354148133	-0.0266803669976383
XLOC_002895	0.928798297392582	0.310935504285862	0.541914983300059	-1.1186197768972	-0.583700724511537	0.0532742569769376	0.871891209851576	0.829452737205123	0.603884159505849	-0.872530894681116	-0.798898370618439	-0.766401381809693
XLOC_002902	1.03297663171772	2.26237195674381	1.95294360501478	1.32634584655426	-1.56098662864343	2.91760179418003	-0.126320062350012	-1.56098662864343	-1.56098662864343	-1.56098662864343	-1.56098662864343	-1.56098662864343
XLOC_002908	0.395060027214679	1.31081610281517	0.94998338138714	-1.42000856335942	-1.42000856335942	0.595063195139263	-1.42000856335942	-1.42000856335942	-1.42000856335942	1.37576005556259	0.244156436363042	2.2292036183152
XLOC_002912	-0.741787269355201	-0.122165145921694	0.026108784017663	-0.0918597829475694	-0.0923302175886125	-0.204312982046946	0.0369944472154318	-1.20377980694354	0.384057596721491	0.755532562882279	0.421776374108978	0.831765439857714
XLOC_002945	3.27258645640367	0.395782606517642	3.01383717235734	-1.13001141272004	-1.13001141272004	-1.13001141272004	2.35788506648171	-1.13001141272004	-1.13001141272004	-1.13001141272004	-1.13001141272004	-1.13001141272004
XLOC_002949	0.0729698711033198	-0.135460951891247	-0.164645225216601	0.72311808856306	0.0538451919903	0.36612664539512	-0.519430243474408	-0.497767079497274	-0.406700572608047	0.0135491473647811	0.380616439292631	0.113778688978361
XLOC_002952	1.1674759816774	1.32629969968449	0.248752657932278	-2.13038841560901	-2.29697712887997	0.277980521665418	0.331810200337995	0.57431043033167	0.984602958687138	-0.512649606307693	-0.926018044738927	0.954800745219214
XLOC_002955	0.422905534062167	0.623953573763326	0.320532100650364	-0.188232750826461	-0.48845008632567	-0.339879927635333	0.402862377472689	0.190376751916546	-0.0176209710613193	-0.743482021405616	-0.0288435816338675	-0.154120998976818
XLOC_002957	0.101330981103057	0.3320793416234	0.503470869438459	-0.168907756835354	-0.0782163875886415	-0.268646994605151	-0.242323491842971	-0.290928773962129	-0.056505390140785	0.0594137245560997	-0.053459060980531	0.162692939234566
XLOC_002959	-0.353835686844657	-0.820873819819684	-0.305465882958806	0.532132774781898	0.0436162149824604	0.149495390465765	-0.513814881826803	-0.821407171234308	-0.65232190204572	0.995885883902525	0.915179192204152	0.831409888393168
XLOC_002960	-0.0235704684261275	-0.414050256055566	-0.405055373891803	0.656323533590705	0.321962866496091	0.709892083706689	-0.540592911484171	-0.231993387301234	-0.501933813415298	0.316453234824489	0.223551906195225	-0.110987414239014
XLOC_002963	0.189569226452803	-0.0997053448836072	1.88843086953691	1.26183311107639	0.278131408156778	3.20121025871336	-0.190832797827875	-0.0266392747395912	-1.62549936412129	-1.62549936412129	-1.62549936412129	-1.62549936412129
XLOC_002971	-0.836568789451791	0.0208001091715904	-0.0341302548808535	1.24479379897441	0.114791495823418	0.494800274405915	0.353659570898534	0.383002912152134	-0.731418046288077	-0.215813901864072	-0.648634416296941	-0.14528275264427
XLOC_002978	1.09205086024461	0.638417030634176	0.749017149795325	-1.24077166639653	-1.24122199586317	-0.750135462387427	0.908038873131643	0.919452313175203	0.642106698280701	-0.502509024777673	-0.940956629682668	-0.273488146154195
XLOC_002987	0.795202914572084	0.596157212035195	0.488594552676782	0.193442582066222	-0.144900998430591	0.0639378936954653	0.00811280646253287	0.0870388686812671	-0.281403772620918	-0.647624191277991	-0.675109408724399	-0.48344845913565
XLOC_002999	-1.27846911136808	-1.27846911136808	-1.27846911136808	2.50792048328605	0.625161660909987	0.736602647130596	-1.27846911136808	-1.27846911136808	-1.27846911136808	2.70885591794343	-1.27846911136808	2.37074307030654
XLOC_003007	-0.152902896939175	-0.0581439741948184	-0.0760353512332514	0.143599578195982	0.137557914842876	0.109319691618825	0.238670199941639	-0.0220944372731733	-0.0319538702824058	0.113199455685731	-0.267914886624801	-0.133301423737432
XLOC_003012	0.049660198935074	0.404839623440591	0.287689888909226	-0.392180607211575	-0.348368392815031	-0.442516405875905	0.281864318302675	0.173624750490349	0.338920095578521	0.136950040378268	-0.352986578657209	-0.13749693147499
XLOC_003027	0.640672886577138	0.25752344817273	0.476937115599494	0.305922165850157	0.22654578293828	0.233581334987671	-0.056675382799031	-0.502749947291741	-0.25987878008634	-0.293147333147665	-0.546668183817901	-0.4820631069828
XLOC_003030	-1.54914950567341	-1.54914950567341	0.820842439073151	1.33818296952428	2.03173773733753	-1.54914950567341	-1.54914950567341	-1.54914950567341	-1.54914950567341	0.440717577967599	2.01723880500946	2.64617750512841
XLOC_003035	-0.417323941082804	0.610712949642813	0.770756453656555	-0.580925027477597	-0.717545321059355	-0.489529939393927	0.57649509666684	0.465483868761619	0.284988843847577	0.390870382560207	-0.66159015003251	-0.232393216089426
XLOC_003041	0.928836719112499	0.572035257772145	0.9289667128054	-1.22612891198651	0.0706254300399856	-0.533930083817181	0.642627759788276	0.735808056991876	1.09695173912703	-3.02265142299963	-0.255943313334505	0.0628020565006207
XLOC_003051	0.936391341996583	0.793551720480021	-0.122924694631707	0.194578017089619	-0.090905283556932	-0.517187427941603	-0.213543935350327	0.03469496860831	-1.14450875724701	0.023632628401268	0.342460416781053	-0.236238994629271
XLOC_003057	-0.634906729947112	-0.634906729947112	-0.634906729947112	-0.634906729947112	-0.634906729947112	2.18966026290719	-0.634906729947112	-0.634906729947112	-0.634906729947112	4.15940703656393	-0.634906729947112	-0.634906729947112
XLOC_003066	-0.835059402157366	0.218102038813516	0.105336461586795	-0.812156262579596	-0.33981836995525	-1.2159364323424	0.191681168247728	-0.597340043381632	0.218017667668645	0.909698326367348	0.77126248246171	1.3862123652705
XLOC_003074	0.346644300404565	-0.0408956755645891	-0.58055154321857	0.452732045829423	-0.095981348968726	0.343343604285564	-0.560527012132565	-0.234721216806181	0.146235877318974	-0.604603087288979	0.439703260351148	0.388620795789917
XLOC_003086	-0.696990757008914	-0.386534774631939	-0.0321318197146772	-0.304436898439921	-0.247814694324726	-0.656598255898524	0.163971967764075	-0.245922970403978	0.505998672689349	0.773346517083272	0.366008266399737	0.761104746486247
XLOC_003091	-0.166335514176715	0.488165744507431	0.380434052910085	-0.23569929965449	-0.251983928947346	-0.0106334092673208	0.224351970497215	0.244838036074554	0.580481717018337	-0.975888222003981	-0.151638373617946	-0.12609277333982
XLOC_003105	0.625183281650691	0.57752619349444	0.300531147254761	-1.92476858549381	-0.985491318204157	-1.13150454281809	0.918580366430685	1.21304381412222	0.597058875314349	-0.70491311830996	0.301331657853965	0.213422228704919
XLOC_003106	0.291421047961823	0.233267842295901	0.526960669095923	-0.801739523077186	-1.01049552823788	-2.06442784065874	0.814104334899037	0.260497703656689	1.16245039014128	0.307299351237902	0.269213106815844	0.0114484458694255
XLOC_003107	-0.364568211799756	0.0237387925807502	-0.127011638115679	-0.704061180294627	0.058896533742776	-0.396507916202509	0.368257123982116	0.170688711486819	0.388306580144591	0.279397543194485	0.0650099665973372	0.237853694683696
XLOC_003113	0.622825735657557	0.244799481062406	0.155425908783801	-0.170923466309704	-0.101752697365235	-0.263315207070223	0.00484964076268213	0.116453755890534	0.0250815370523458	-0.347329815754685	-0.176316573755887	-0.109798298953578
XLOC_003132	0.227296526556067	-0.0379956978792793	-0.0082303742844072	0.789863863382029	0.454117573286876	0.586542053245317	-0.591018531683027	-0.0828858531284338	-0.636752293901482	-0.475656320321463	0.0664330958214263	-0.291714041093623
XLOC_003147	1.38057985426702	0.213768464443865	0.933263063509219	-0.508127248451746	-0.374126161995736	0.285136794223972	-0.236112044450747	-1.57800094728418	-0.730630953784874	0.252389240629264	0.186938792546933	0.174921146347023
XLOC_003151	0.0911080906366131	-0.693636187969153	-0.555729375111331	0.58554300101176	-0.186399779417183	0.351631735710549	0.508750309808867	0.566580962713255	-0.442701467486439	0.629618421195116	0.0477288572508741	-0.902494568342918
XLOC_003163	-0.798518174686304	0.0392657710024285	-0.753832805147128	-0.481373444151203	0.251546213023488	1.07372588816535	-0.397341239511311	0.507155292684374	0.0579581401565017	0.52655072770571	-0.45877923035706	0.433642861115163
XLOC_003183	0.347447526562656	-0.0593312263510155	0.79875946828727	-0.830806439667565	-0.738696729046536	-0.598378408497721	-0.0847779328256619	0.0466342371090622	0.33420064185982	0.579098150429249	0.0186924212177173	0.18715829092272
XLOC_003195	-0.112217886511173	-0.122334362371308	-0.207495065077895	-0.362351165305329	-0.0816745653242332	-0.175576513258203	0.277181286823549	0.0607854909185654	-0.0920611056711618	0.468992549688386	0.22643271813317	0.120318617955645
XLOC_003231	0.39531188502877	-0.518146007079515	0.33089014586881	0.496457307618823	-1.10036075581481	-0.962280671126047	0.13899208947021	-0.413611249288304	0.796070152804349	1.08683235265306	-0.87226419037748	0.622108940242132
XLOC_003241	-1.10061256090048	-1.10061256090048	-1.10061256090048	-1.10061256090048	0.803018211377588	-1.10061256090048	2.92873283988254	-1.10061256090048	-1.10061256090048	2.20914746592853	1.31585282777784	0.447536581336896
XLOC_003252	-0.285738742650377	0.0683749786178347	-2.12985534527426	1.42272169967517	0.927242363981565	-0.0360162790697012	-1.14390698357102	-0.929783577969834	-0.183643313913548	1.44131057798154	0.749192909490776	0.100101712701854
XLOC_003253	-0.499886301709061	-0.481778372538045	-0.684599974043618	0.550945661539503	0.724993120006998	0.0402848139985128	-0.364376976774277	-0.0059362054062273	0.0027768181142136	-0.199113706044114	0.434839143199516	0.481851979656593
XLOC_003254	-0.2964524543465	-0.45379050989863	-0.420916287744806	0.416383683396148	0.431298551653251	0.305638803337525	-0.301301039619362	-0.244088281896824	-0.0270618478219244	0.241829441060116	0.166214527782653	0.182245414098368
XLOC_003260	0.761391621556838	0.724306624464264	0.715141735956697	-0.830007035614138	-0.524074638635962	-0.748538195722587	0.106515125948743	0.169317051060675	-0.128929822578401	-0.275363239249641	-0.0628086504608056	0.0930494232743282
XLOC_003262	-0.280144843972151	0.222080968977754	0.171167097752463	-0.696563520561539	-0.161644468175879	-0.271173994560918	-0.184707653055402	-0.0952958676867715	-0.0595775450113258	0.442386204015865	0.484851565109325	0.42862205716858
XLOC_003276	-0.990817756438697	-1.23031363381617	-1.08873903541633	0.55590375144459	1.46636052742504	-0.0519266985917248	-0.488723332680468	-0.015569388420662	0.597572663765127	0.116915303382842	0.744448722310768	0.384888877035694
XLOC_003290	-0.396872209929167	-0.0517616192825274	-0.129467791190084	-0.246744984143127	0.712641566796166	0.368142042063021	-1.43353514280037	-0.484902794357049	-0.286782212027986	0.735811643860168	0.407220741133612	0.806250759877341
XLOC_003293	0.18955123558818	-0.113031511935484	-0.0974682625737149	0.0364101651000812	-0.0907362686496018	0.138172080091548	-0.0233973773266865	0.105221935808244	-0.130149745936444	-0.212535923083585	0.150675549170021	0.047288123747462
XLOC_003294	-0.454376004206984	-0.147793964170257	-0.464148311490579	0.810083583177898	0.169760680140167	0.706909014769634	-0.141378729773865	-0.455948287260093	-0.106199498786751	-0.217392687231293	0.266739848524467	0.0337443563076576
XLOC_003295	0.893235889789665	1.19483172834736	0.872114245606381	-1.25114899882216	-1.34339062250417	-1.4070654412544	0.846288190558852	1.18033250483728	1.17734121262667	-1.25258216939195	-0.343986718702507	-0.565969821091011
XLOC_003297	0.229323939767442	0.0986378964588717	-0.0124129718162127	0.0569699914153841	0.148651506946981	0.0226892159945375	0.113826522747978	0.132121997655188	0.0560151963835871	-0.284013898670658	-0.254196332179486	-0.307613064703641
XLOC_003299	0.112759692212572	0.66457914531881	-0.883668438550286	-0.320514198016153	0.228719296688626	-0.0880861668463098	-1.1410642500996	-0.628552607207754	-1.41903142246244	1.49455694002361	0.649671400635849	1.33063060830307
XLOC_003306	-0.209206650363848	-0.138098534128147	-0.187032212506508	-0.235567010190397	0.398894628002341	0.240565461737367	-0.421622138586854	-1.14909004449319	-1.07576410951203	1.38565871865761	0.628017615172077	0.763244276211585
XLOC_003357	2.42836604152684	2.14778906894762	1.75611277145799	-1.54686386681821	-1.15101394277687	-1.15296491493381	1.57660351985571	1.55035420618985	1.25101330096346	-2.46886709522491	-2.38376832743906	-2.00676076174861
XLOC_003358	1.78193025762957	1.68652540459059	1.23593652935964	-1.35373508502155	-0.994396113205831	-1.31144527220698	1.16376393587017	0.943771534889256	0.81078163110265	-1.10846657747488	-1.52808147509881	-1.32658477043383
XLOC_003359	1.94615165396633	1.86565184424895	1.89899848862346	-1.00081531382587	-1.4987174478251	-1.31961042583867	1.67419968169615	1.74569762912262	1.41443544353471	-2.12342074715377	-2.13689058987958	-2.46568021666921
XLOC_003360	1.36828287151714	1.2427975365031	0.990032735355065	-0.624676782443416	-1.48403646074832	-0.64081929718219	0.503480346647486	0.727148529490902	0.67275353321069	-0.567938900766787	-1.20992635094511	-0.97709776063856
XLOC_003388	-1.65821775816533	2.50488423358091	2.30459822823152	0.412001727383703	0.245413014112745	-1.65821775816533	2.03358145820166	2.44882788748142	-1.65821775816533	-1.65821775816533	-1.65821775816533	-1.65821775816533
XLOC_003397	-0.388891112113688	-0.646361667516165	-0.4683578921144	0.746336456956127	0.44361358343414	0.343657158063486	0.0768232154701698	0.0530213159388335	-0.498362551470248	-0.222053639875925	0.0222899259129195	0.538285207314744
XLOC_003408	1.12283370453674	0.0528249346941534	0.105247902574798	0.185911003814922	0.101902960033822	0.487355038334695	-0.282066905242949	-0.324043917712169	-0.358919165241137	-1.0419235503602	0.0603010382490918	-0.109423043681771
XLOC_003410	0.463196383176684	0.0805541741803077	0.134142628557186	0.342417460945791	-0.334958936537338	0.595436950686018	-0.696024919082943	-0.475024390102393	-0.145364349629281	-0.331018789741575	0.491484344202869	-0.124840556655341
XLOC_003432	0.0310615286882312	0.28467729004332	0.654188096436071	0.524514962166031	-0.334844716138873	0.535683603762896	-0.165425362332132	0.203136798012547	0.263869561951548	-0.690232068371716	-0.0607346063356591	-1.24589508788226
XLOC_003437	0.0371669400227876	0.161338917456106	-0.052802989885393	-0.984817333262857	-0.367510836068326	0.0682290289924579	0.0757439705671592	-0.191937875802449	0.304689455498543	-0.0317003954997874	0.309170011225791	0.672431106755958
XLOC_003465	-1.07091378759515	-1.41424660262786	-0.441641693836307	0.883347836338659	0.670746041402606	0.602064467450473	2.97588037286314	2.92555974749788	2.55407473554648	-0.355117021127297	-3.66487704795631	-3.66487704795631
XLOC_003466	-0.651648150176396	-1.06453621112772	-0.548005261710102	1.13272926642545	0.962419578611974	1.68532775923892	2.14499610305745	2.03037636573787	1.68532688963421	-3.53888818939629	-1.69876835277888	-2.13932979751648
XLOC_003471	0.92629713286605	-0.141872108257419	-1.66766612749511	-1.66766612749511	-1.66766612749511	-1.66766612749511	-0.232999561201687	-0.068806038113403	0.228334917033645	2.31965890181641	1.89872218318776	1.74132908264907
XLOC_003473	0.0181114924605659	0.0175346224167541	-0.12359263713334	0.718634812724897	0.293224594148947	0.490220821336685	-0.906983595698224	0.280254936980201	-0.505762274792139	0.255193932027203	-0.222890650439751	-0.313946054031792
XLOC_003493	-0.162633534298504	0.485191742554997	-1.15906166506136	-0.295041708745504	-0.0466739298224494	-2.36722526068268	1.06329465250986	1.56889972309804	1.54559474324159	-0.147178884369838	-0.573313210733086	0.0881473323089361
XLOC_003498	0.71036596163188	0.83729471158244	0.700780103525936	-1.16113855449439	-1.36144171466114	-4.56692902386055	1.97180684718319	1.75738607117134	1.59831809539499	-0.579603994549038	0.189646169445584	-0.0964846723702522
XLOC_003502	-0.641028700984107	-1.48256105837754	-2.49070024112041	0.753799285849599	0.438756524296656	0.246252262601685	-0.130167803126432	-1.14104375985663	-0.534971006905127	2.0447569288733	0.98233032824205	1.95457724050696
XLOC_003503	-0.950032266362251	-0.813170860548821	-0.685199501012455	-1.47377604117438	1.41748462166478	1.11912598747424	-3.54399552672341	-0.355568708961911	0.0273447661324546	2.14317908214896	1.42733069499246	1.68727775237033
XLOC_003504	0.203146519915454	0.319295444448002	-0.198852112805273	-1.27873419658869	-1.09549836358542	-0.0716179224596951	0.755938936856027	0.975629180039942	1.42572018332345	-0.104476686468989	-0.547016646354296	-0.383534336320506
XLOC_003544	0.944433347264001	0.716671504800531	0.98723815456998	-1.46641278984902	-1.33241170339301	-0.673148747173298	1.43431391472032	1.35476103242079	1.11270846300707	-0.705896300768006	-1.25806248083785	-1.11419439476151
XLOC_003562	-0.0307574101629982	-0.0811558748228158	-0.245245278905321	0.316958970516461	0.316082180819606	0.480478327565962	-0.658237207426721	-0.388350546553543	-0.524792067639247	0.108321512206171	0.505563737782877	0.201133656619549
XLOC_003563	-1.30714722264315	-0.300662090015503	-0.152663251764926	-0.194746455087413	0.351533145158412	-0.266825760854314	-0.329206400798568	-0.281532535319162	-0.336332587157198	0.412084777201768	1.12722632522258	1.27827205605748
XLOC_003564	-0.246410203928802	0.0274966861743176	-0.151579337981497	0.411926788672556	-0.315617445420131	-0.386708487406204	-0.187354784057715	-0.675572030522868	-0.624888194275782	0.2582941804259	0.586559697960801	1.30385313035942
XLOC_003565	-0.0960615387333812	-0.614151065441458	-0.148584430531456	0.166497054366563	-0.214266894194627	0.46085431570664	-0.641871771175945	-0.359926311544041	-0.733621343366473	0.575039289637663	0.724821386629356	0.881271308647162
XLOC_003584	-1.09892955406228	-1.09892955406228	-1.09892955406228	0.971289931486754	2.77956975121288	3.37965886876118	-1.09892955406228	-1.09892955406228	-1.09892955406228	-1.09892955406228	-1.09892955406228	1.66091788103739
XLOC_003585	-2.41651363011405	-2.41651363011405	-2.41651363011405	2.62766432279283	0.788973679085363	2.06207479270941	-0.276916536981803	0.408686398685528	1.15482666274181	0.893246396714962	-0.752348630391587	0.343333804985622
XLOC_003586	-1.31708859274055	-0.759749178593864	-0.331626640213778	0.809862750295198	0.237727718044582	0.64562473561942	0.229186268104526	0.0210761743566099	0.336939929099974	0.40841447680691	0.164109812650433	-0.444477453429454
XLOC_003587	-2.04380042985682	-1.76265868163616	-1.91755445500558	1.08009502046443	1.45843342071319	0.660267133150154	0.187381425641975	-1.95236299136409	0.245573497341963	1.61399275698904	0.997074538747595	1.4335587648143
XLOC_003596	0.524984731621027	0.49193500160313	-0.177440819181027	0.181902982050266	-0.91417820071785	-1.38691728804682	0.775473906910019	0.627166230245567	0.856425434221655	-0.226941014661461	-0.317088555761137	-0.435322408283367
XLOC_003598	0.0278038146016044	0.722681634697819	0.219453919078112	-0.84191545763584	-0.0984608577421042	-0.0618793256659949	0.143560074071822	0.130294164188267	0.74377794346745	-0.154940984834189	-0.329519981558157	-0.500854942668788
XLOC_003621	2.64341877284485	2.45665749511912	2.38905931310764	-1.36670109026813	-1.36670109026813	-1.36670109026813	-1.36670109026813	0.232158999113575	-1.36670109026813	-1.36670109026813	0.297463909454333	0.181448051969252
XLOC_003629	-0.901085789614611	0.757525091808695	0.301018251877163	-0.432259582596452	-0.322145092962392	-0.567290559910757	0.256433568908035	-0.52412381570197	0.77708852210187	0.178937375637009	-0.233559232110835	0.709461262564249
XLOC_003633	1.20020762645217	0.880936102906599	0.976617088086996	-0.155481231632731	-0.566589730753504	0.305209654083857	1.28829001093202	1.38185513475251	0.999938492612428	-2.06755419067191	-2.10152468220026	-2.14190427456814
XLOC_003639	0.428766443640767	0.507590077273557	0.477026414143559	-0.77944752707086	-0.830362811361396	0.437882817505532	1.95035723740753	1.62700042830209	1.87137623777353	-2.71682016319036	-1.49599360017753	-1.47737555424642
XLOC_003640	0.661311553822254	0.370265019335091	0.924662921563352	0.360420129016051	-0.637333329678616	0.184846345463244	2.01396840371768	2.02388148904758	2.02580867958722	-3.16677549786643	-1.88205272508833	-2.87900298891908
XLOC_003651	-1.42599611690992	0.0704426410384356	0.576068308519043	-0.376427906855614	0.388390726695081	-0.761941580933311	0.649838042247267	-0.0878313498127588	0.514014035944022	-0.00423348235216814	0.353628923973849	0.104047758446083
XLOC_003657	0.828870885903778	3.01700938569711	-0.986197704670319	-0.986197704670319	-0.986197704670319	-0.986197704670319	1.15339938846192	0.612662384711383	-0.986197704670319	-0.986197704670319	-0.986197704670319	1.29144188791804
XLOC_003663	0.59207689096904	0.247695281452557	0.366537815292863	-0.491905742264526	-0.480411532934894	-0.405040843245336	0.206386400644194	0.415616073715483	0.44779717389991	-0.515638644080887	0.122207282327754	-0.505320155776153
XLOC_003666	0.68288398540816	0.842116914009252	0.761945699603443	-0.303009909327127	-2.15455955125951	-0.372646370798634	1.32935555036982	1.14651344280496	0.868889182177369	-0.0569210271110459	-0.653180557354265	-2.09138735852242
XLOC_003670	-0.151266529502596	0.575178522817726	0.621194965533483	-1.30925662665147	-0.403304882148545	-0.571920598597293	0.782811411641162	0.0810261397081007	0.976161854944331	-0.219603509930318	-0.309751051029994	-0.0712696967845741
XLOC_003682	0.571230430825523	0.186642304878696	0.090858706674771	0.497264023902629	0.0137747742587688	0.25870962462611	-0.213198675959942	-0.4532242858338	-0.112413340344157	-0.207479818976573	-0.336915089190592	-0.295248654861453
XLOC_003712	-0.83607290969705	0.512071399491318	0.249510188527905	-0.935662588744901	0.00637167725791166	-0.312310952913744	-0.667776223498262	-0.311584659713919	0.20734003114367	0.427839091599665	0.689267506928184	0.971007439619223
XLOC_003713	1.35285696296468	-0.218338397066398	-0.11900415480894	0.326087069244945	-1.74413241630408	1.59586298601611	-1.74413241630408	-1.74413241630408	-1.74413241630408	1.05163620261793	2.45392181996374	0.533507176284272
XLOC_003714	0.427550641652471	0.10019859146599	-0.211901800510946	0.863799836542305	0.180406886870752	0.44820909428356	-0.576679363446118	-0.931266132536452	-0.725846722534527	-0.236155049627925	0.582378174583079	0.0793058432578162
XLOC_003715	-0.0329269547782847	-0.421285012460642	-0.210843189669083	0.65421080590141	0.611289382346701	0.60682821345319	-0.729287663262967	-0.667278144602436	-0.350835103243427	-0.0220638839093175	0.540527068398186	0.021664481826674
XLOC_003716	0.0522550610876138	-0.326959375752013	-0.110429386597776	0.659225272630358	0.376183813131892	0.650680893932215	-0.691470763938938	-0.323688647539774	-0.486704206203521	-0.085017354988187	0.230778949215292	0.0551457450228483
XLOC_003720	0.258700082087779	0.32823034792599	0.511008054783228	-0.187823686057069	0.51908755445733	0.291997078500652	-0.427603282944314	-0.437973492419347	0.320385525654515	-0.789854874719807	-0.583784619147768	0.197631311878812
XLOC_003790	0.486606206441958	0.548660002571778	0.85017606667855	0.359908946073847	-0.213253306875215	-0.283724219399969	-0.0118029071172998	-0.448139318923118	0.207421958760626	-0.571593817356621	-0.112963493736198	-0.811296117118336
XLOC_003791	1.06470009539484	0.405755625147436	-0.0414285133200138	-0.25548150592148	0.165596060460093	0.313309635830737	0.107863241938813	0.225204019982081	-0.295226064814867	-0.576250031694025	-0.042904246479142	-1.07113831652447
XLOC_003792	0.972941038242539	0.306520373622356	0.632092373660741	-0.0646416017336584	-0.77304425150363	-0.136508158184677	0.138761177420745	0.854440246386263	-0.075393960234968	-1.27178672048857	0.144788687272094	-0.72816920445924
XLOC_003793	1.46578777156217	-1.63120160770659	1.22759441800437	-1.63120160770659	-1.63120160770659	-1.63120160770659	-0.196535041413167	-0.0323415183248836	1.05667076250126	0.358665475934419	2.72801702803139	-0.0830524654692064
XLOC_003794	-0.400808644535595	-0.0406448311788017	0.0901372576668473	-0.253894952117994	-0.341769075149744	0.145957006474575	0.295647977094745	0.155052889872156	0.107032112296877	-0.0190699997875017	0.200007838964634	0.0623524203997929
XLOC_003798	-0.0794982889563407	-0.25916920925839	-0.225463641437403	0.262885506602157	0.48601022859618	0.916722938502165	-0.543863468961486	-0.59729295808076	-0.255468300793251	0.124337411527294	0.0771315190765698	0.0936682631832761
XLOC_003818	-1.38113342919132	-0.00722679307660723	0.140674403301633	-0.508373936038846	-0.337953740598453	0.0215745366279423	0.643029848522921	0.03860408535144	0.0472401014703552	0.584164867044629	0.42668830772703	0.332711748859282
XLOC_003851	-0.446598587348554	0.125929385296267	0.274440511923808	-0.664541509001983	-0.446329599613632	-0.340450424130327	0.096551819521645	-0.269326752306035	0.470893417764409	0.505940069306432	0.145621338481984	0.547870330105992
XLOC_003860	-0.0277293642491863	-0.233856662102075	-0.512106654873063	0.501797519260446	0.418032314859827	0.513821059740888	-0.279006491557208	-0.0277087586864839	-0.548607356529498	-0.00324686338511526	0.0140889095050172	0.18452234801645
XLOC_003864	-1.20079670357968	-0.658651565535662	0.0464577693511394	0.0784975775634473	1.09602535125479	1.24393424740488	-0.793195392316478	-1.77725355758193	-1.76947850322145	1.43034400222267	1.25843980505019	1.0456769693881
XLOC_003868	-1.69023157484803	-0.480192144309028	-2.41722900937023	0.109811825382065	0.86663280056177	0.847147853436241	-1.0954217377498	-0.375090572934107	-1.59101908199482	1.75398603267235	2.40598912615341	1.66561648300018
XLOC_003877	0.517258006655407	0.202945948944269	0.262689581798369	0.220558714980255	0.1806891276994	0.264732189794454	-0.311534192181961	-0.221216641319694	-0.359652714027945	-0.222645081276234	-0.0499224507592348	-0.483902490307091
XLOC_003904	0.384119424923582	0.819681279677932	0.939042779096043	-1.43094916565051	1.26572607671206	3.39576045718414	-1.43094916565051	-1.43094916565051	-1.43094916565051	-1.43094916565051	0.233215834071946	0.117199976586865
XLOC_003932	0.650615716101258	1.30911268610102	0.94517244313436	0.0462863223544439	-0.662828904649142	-0.53493715415742	-0.393664604441032	0.360144278998612	-3.35950414701172	1.43480961949933	-0.0849142905926064	0.289708034662902
XLOC_003934	-0.640144033123987	-0.686200036513524	-0.120724000831354	0.28706789767095	0.575125923879945	0.130342868304382	-0.827616302041137	-1.09500004304558	-0.690353033060618	1.20450793958058	0.903200611286993	0.959792207893337
XLOC_003935	-0.201634684986455	-0.393622845458151	-0.826424341797108	0.46629614561875	0.497533716876103	0.555775522301153	-1.13694494973693	-0.844277288669038	-0.94333870034581	0.838692066733162	1.1415753310002	0.846370028464132
XLOC_003946	-0.293300729039291	-0.0872471356157982	0.232450257311029	0.04583893350497	0.354689932042879	-0.869364938712543	-0.181831293606841	-1.70867263764374	-0.183551815585131	0.817640436875186	0.647478743972723	1.22587024649655
XLOC_003955	0.118050589158347	0.142974200424485	0.264166200578214	0.0297541495816764	-0.0482823206678473	0.496891051907457	0.0420790254767027	0.124271731557089	-0.104910641426425	-0.352556641572596	-0.406761881412536	-0.305675463604572
XLOC_003961	0.618151898689227	0.601351440034724	0.459878842630472	-0.357844005134648	-0.385422309170004	0.10421430357934	-0.0231621470343359	-0.160733331828338	-0.207959510646148	-0.180649976168194	-0.21336078369325	-0.254464421258847
XLOC_003963	0.439672609515479	0.200176732138007	0.738420922323665	-0.557134790242069	0.162164739461683	0.700196254589415	0.671943729613883	-0.243276833597901	0.709293087950943	-1.16715664068622	-1.54645987092991	-0.107839940136968
XLOC_003969	-0.299913409234065	-1.07974710313536	-0.339733040229905	0.242371909797494	0.353201696538179	-0.262439876955432	-0.303635971654523	0.418184253530238	-0.339669151554823	-0.174859530644381	1.04881624913682	0.737423974405769
XLOC_003984	-0.496956519685701	0.687603730874431	-0.135770636675501	0.46108530187602	-0.380996915209646	0.390324443900091	-0.413922735204355	-0.609574358921812	1.0761375670275	-1.92085138564655	0.441587935760329	0.901333571905181
XLOC_004013	-0.383535989389392	-0.416585719407289	-0.555159944800668	-0.302189618738135	0.341035399505806	-0.0798698201943511	-0.318560053848525	-0.472203408196328	0.0330152439995954	0.585491301566448	0.729262629000778	0.83929998050206
XLOC_004049	0.14781229502653	-0.776256466252151	-0.531468454184234	0.809614094877444	0.849535082095203	0.92512661038533	-0.966913238811872	-0.39206305395567	-0.958206415034006	0.814203735760032	-0.21556996584037	0.294185775933763
XLOC_004077	-0.22966952628546	-0.289124922288861	-0.28962210310584	0.805955870890586	0.451057252565076	0.56929056145098	-0.448010183892213	0.0792878329379079	-0.0301897265073201	-0.352712065931218	0.0992701579195794	-0.365533147753229
XLOC_004108	-2.921958913441	-2.921958913441	-2.921958913441	-0.034626438243309	1.90664032734815	-0.906887154942315	1.25052606958595	0.2664679043205	1.75025943411818	1.7089158372597	1.27609532282683	1.5484854380493
XLOC_004109	1.12144078242212	1.27121644947553	1.05055219655815	-0.925858492783892	-0.810004734484448	-0.662648955063934	0.306571584846114	0.422793661066581	0.470036426318645	-0.772269613021638	-0.23483627990066	-1.23699302543257
XLOC_004110	1.02667529424411	0.811024041085266	0.981063062421635	-0.56293984353256	-0.501592826041234	-0.617166678978974	0.819693905557726	0.878972134458005	0.845509227182598	-1.36548331344236	-0.947763199532404	-1.3679918034218
XLOC_004113	1.06902472696312	0.905602483753349	0.994382828432386	-1.32723406165505	-0.821985960924222	-1.06402452393509	1.11734345675406	1.36902677168206	0.93524912454604	-0.44730799234094	-0.94375996628135	-1.78631688699436
XLOC_004116	2.31648031805329	2.03282581080924	1.21369043172128	-1.32973462302116	-1.78730873657155	-1.39886652643993	0.791378530355344	0.583534027209846	1.11387545535102	-1.43068990703519	-1.02991958630729	-1.07526519412492
XLOC_004120	0.848186172458362	1.30441271766548	1.55869081478835	-0.454826180958642	-1.2442932073907	-0.241583291795616	0.453982761198642	-0.11709911223959	0.827725731820161	-1.25310108362691	-0.658015116916085	-1.02408020500344
XLOC_004121	1.28996263668452	0.959085483070496	0.666391809870417	-0.054002839644224	-0.463336034581736	0.529896348106628	0.377318286194166	0.650931159980661	0.408009155490747	-1.70460926814285	-0.794607069675576	-1.86503966735325
XLOC_004122	1.38780028864428	0.710030297935681	0.466265572280232	0.102112020509136	-0.0395983544598533	0.562212221460408	0.19219418098654	-0.241601368969497	-0.113840300353323	-0.857374832782947	-0.747539927668976	-1.42065979758168
XLOC_004129	-0.457090082213917	-0.166882455409273	-0.0738473071391104	0.343670328793153	-0.107930065218063	-0.0576648387379342	0.761245752954301	0.204981712114578	0.89724654807275	-0.756874137055605	-0.150728813765521	-0.436126642395366
XLOC_004141	0.215421113841426	0.304657127994881	-0.103232526030074	0.273302555223907	-0.303576118270033	0.0177994928477769	0.130172754357082	0.463132958321249	0.785779830484167	-0.713203895334873	-0.465695540458784	-0.604557752976726
XLOC_004142	0.258254801276729	0.146178726506318	-0.0755127370177417	0.03609328479354	0.143392810031223	0.398163044778828	0.490296899776321	0.609903162765644	0.369178002376228	-0.116008720761772	-0.880786291826616	-1.37915298269871
XLOC_004144	-0.25842968401969	-0.316123545021696	-0.385310573128438	-0.0458981299115884	0.16304656837336	0.245481823218446	0.0194436433622993	-0.117828499871136	0.0306817002241999	0.514855642793938	0.0860330004832957	0.0640480534970091
XLOC_004153	1.17077591945214	1.4800793164909	0.903456598328641	-0.0330578188247443	-0.702783397844548	0.392331707175877	-0.0488646016236745	-0.313645953582259	-0.466012096843018	-1.2715226762907	-0.56468752118487	-0.546069475253754
XLOC_004154	0.63736923011616	2.20650796150124	0.902201995465956	0.113625455304035	2.37902905911392	1.76237329745471	0.183003062887248	-0.357733940863293	-1.956594030245	-1.956594030245	-1.956594030245	-1.956594030245
XLOC_004168	0.984287361083855	1.2650760417238	1.27207461646786	-1.79017714443567	-1.18750028251177	-1.58712093679006	0.386851276563877	0.774175384547954	0.897114461964728	-0.861180244851321	-0.157447174430057	0.0038466406668034
XLOC_004169	1.34439990539021	1.04321568466744	1.34636816091909	-1.43819162905364	-0.532239884550713	-1.10624661091363	0.800866833623007	1.3928261052854	0.951500271090071	-1.54091064204145	-1.36389818683663	-0.897690007579141
XLOC_004204	0.373494440110072	-0.831487450979129	-0.0787927336369014	0.30531505278926	-0.869499443655453	0.639779364827666	-0.82210445969842	-1.80616262496387	-0.0431927665438518	1.29583688848435	1.00337612436489	0.833437608901397
XLOC_004205	-1.25251126553739	-1.25251126553739	-1.25251126553739	-1.25251126553739	-1.25251126553739	0.762560492961294	2.61791053375664	0.346348823844316	1.43536110467046	2.05724876129162	-1.25251126553739	0.295637876699993
XLOC_004206	0.69031340804869	0.0787994653592303	0.306981493797212	-0.177483078709253	-0.484509276009017	-0.108523810349913	0.162366637390132	0.547024629794318	0.211151920333956	-0.458934138031418	-0.425185976170257	-0.342001275453685
XLOC_004231	0.709285091340558	0.777899382952357	0.198906294013117	-0.228656625096936	-0.445870396923381	-0.97810076497627	0.469975843333417	0.445355771334985	0.00241653999032287	-0.444928094422972	-0.48301433884503	-0.0232687027001779
XLOC_004232	-0.0297762824524757	-0.150763148087046	-0.152495385960822	0.286852369190523	0.169990186170885	0.227133897954756	0.0424812696744556	0.0852584429658592	0.00131364109400245	-0.130348221463001	-0.147812172956293	-0.201834596130874
XLOC_004272	0.0487157663630899	0.154071303690747	0.199282420869711	0.0410678443771211	0.147798231696806	-0.196547464182286	0.0279310940765551	0.235062228745832	0.201792996471607	-0.416249353242627	-0.370953090455282	-0.0719719784112698
XLOC_004273	-0.253921488033535	0.0153194333262228	-0.00146294902380362	-0.0549834422978766	0.223198505893704	0.0290695467329112	-0.0166823890365944	0.0747749538949307	0.194700670927801	-0.472443942691703	0.170970716445776	0.0914603838621524
XLOC_004274	0.279941722139134	-0.190981692805523	-0.436156062976022	0.371676768281973	0.322473923962185	0.329509476011577	-0.00221276734785825	0.388740711861456	0.25702091428143	-1.02563636825951	-0.311448304495427	0.0170716793465857
XLOC_004275	0.195879824036616	0.0577022990337035	0.283173069948236	-2.09720358224056	0.210815824812287	0.356952869532434	-0.349667068216134	0.70828229877847	0.877367567967059	-0.0434278577560354	0.0832549116216947	-0.283130157517751
XLOC_004280	-1.46028382845663	-1.06213999278969	-0.827431588527261	0.233738773170394	0.431395256673289	0.286942930491277	-0.56385530145069	-1.00370222024518	-0.430154206217789	1.57706275702965	1.20524218731416	1.61318523300847
XLOC_004287	0.243443627538882	-0.680874301204171	0.0696961397231588	0.839750124724674	0.0577603060542389	0.58761913907558	-0.653380534256973	-0.644864143132375	-1.28854086982656	0.855256394647131	0.344134171969466	0.269999944686941
XLOC_004302	-0.809694894796127	0.71609912444156	3.49498169534995	-0.809694894796127	-0.809694894796127	-0.809694894796127	-0.809694894796127	-0.809694894796127	1.08630614973262	1.18017218884488	-0.809694894796127	-0.809694894796127
XLOC_004308	0.472571163316146	0.84303678885883	0.697533927948208	0.0735635000837602	-0.468066852435912	-0.845511082773154	-1.23343537814247	-0.742589952050245	-1.08604290271476	1.08084868206781	0.543926064429722	0.664166041412071
XLOC_004309	1.67307947481541	-1.79616538930362	0.57382655544294	1.09116708589407	0.107465382974454	-1.79616538930362	-1.79616538930362	-1.79616538930362	-1.79616538930362	1.51359463752539	1.4784244671155	2.54326934275032
XLOC_004315	-0.107945402021012	-0.397219973357423	0.446977952151448	-1.92301399259511	-1.92301399259511	-1.92301399259511	1.94740780669892	0.902186036204466	0.764858377612735	0.872754626326902	0.985396954176046	0.354625599993247
XLOC_004316	-0.569826232468372	-1.30824643041282	-0.525140862929196	1.00510685631947	1.15628078566313	1.40679474328973	-1.42799447338901	-0.1127597931677	-0.170282785586745	-0.351112801737057	0.59681735895201	0.300363635466539
XLOC_004331	0.0556401557929469	-0.285679652982695	-0.429974045996442	0.212663016749763	-0.0500176169438493	-0.384092724602423	-0.310451956173612	-0.566928193958844	-0.250366495416789	0.416899049312359	0.808633651184431	0.783674813035169
XLOC_004347	-0.694719357254044	0.169217266423039	-0.1045040603656	-0.0329175574031311	0.726032039857426	0.55118028758895	-0.538198043304551	-1.03930020768885	-0.384011038552067	0.443099012240378	0.446557627714573	0.457564030743879
XLOC_004348	0.491911188103061	-0.324029433339512	-0.601717876085512	0.416818503002975	0.740048817253444	0.624474964315705	-0.464903366577796	-0.327177000426949	-0.342172142995908	-0.535538059879363	0.373202129810172	-0.0509177231803228
XLOC_004356	0.370487275212828	1.21068783727519	1.18532031122621	0.0327791371046535	0.759391403830747	-2.49983642368783	-1.1093074432675	-0.610140261291126	-0.766791887987825	0.5043594687508	-0.05238701753205	0.9754376003659
XLOC_004362	0.850797119536991	0.107522358262039	0.850927113229893	-0.357416851174636	-0.571248854387323	-2.26599111336185	0.703919987358205	0.356021616826999	0.295805200251398	-0.296244339705101	0.516022589997069	-0.190114826833678
XLOC_004367	-0.398229042767005	0.188389183832754	0.131976337711281	-0.40671266596796	-0.27630583780337	-0.351936628532695	0.556119726840301	0.528080862369778	0.933504435916277	-0.422480733547413	-0.400313338817961	-0.0820922992339703
XLOC_004390	2.1881816001126	1.56830792926109	1.18278586246682	-1.55955304966807	-1.72614176293903	-1.61470077671842	0.0620266811498889	1.03405773621366	-0.0584322423612371	0.357552494094413	-1.21330714653878	-0.220777325072919
XLOC_004391	1.39621504786523	2.62561037289132	-1.19774821249593	-1.19774821249593	-1.19774821249593	-1.19774821249593	2.8315971882871	2.72856309092378	-1.19774821249593	-1.19774821249593	-1.19774821249593	-1.19774821249593
XLOC_004392	0.278771925856119	1.19452800145661	2.6075519203594	-1.53629666471798	0.367334107560094	-1.53629666471798	-0.101630098424559	2.18335176129235	1.15157570548987	-1.53629666471798	-1.53629666471798	-1.53629666471798
XLOC_004393	1.42465524826986	1.44695060425299	1.25552065153515	-0.3286172579783	-0.43901682761175	-1.0338782834704	0.19986536449833	-0.204743674421647	0.459099046127618	-0.90016673954462	-0.771708735903103	-1.10795939575412
XLOC_004394	0.219861853017448	-0.0999306854843978	0.555747360750552	-0.970177822039124	-0.228833891685832	-2.23286613962068	0.822974325908802	0.845654896284437	0.328930173992563	-0.426558381774286	0.414604391498738	0.770593919151783
XLOC_004402	-0.24940186121875	-0.545818959112504	-0.343721176917092	1.01712128701606	0.828111455675889	0.735007643424885	-0.930024500061985	-0.824706568619146	-0.744009417057742	-0.143686827305278	0.700031627025541	0.501097297150131
XLOC_004437	-1.45235102929808	-1.45235102929808	-1.45235102929808	-1.45235102929808	1.75313627990133	1.88764437302212	-0.0176844630046584	-1.45235102929808	-1.45235102929808	0.537516054342928	2.3566327791502	2.19686115237654
XLOC_004438	-0.327726374835072	0.0104749482527513	-1.03345962605972	1.06710161199863	1.10646389496063	0.794099067252754	-1.93631323651954	-1.72218983091835	-1.35118798759596	1.13978474915444	1.24005494875805	1.01289783555139
XLOC_004444	0.330497524858267	0.47121948282594	0.253328698410479	0.543246664424559	0.609565442492342	0.622043307608735	-0.840225016065579	-1.16782742852001	-0.530110757048958	-0.213575056059149	-0.0838604421328197	0.00569757920618308
XLOC_004456	0.941590300289856	1.01611723890353	0.427363505217759	-0.28314905878822	-0.0130371076931537	0.134871788456937	0.614442939054296	-0.123546092011964	0.195985986406646	-1.13363463460915	-0.602705310317645	-1.1742995549089
XLOC_004457	-0.357369462095266	0.0487281556890213	-0.671690740909298	-0.0160022279117342	0.709767474301406	-0.180240242587512	-0.367131797632039	-0.665027887204324	-0.987752856810281	0.778519767546118	0.955645923194416	0.752553894419491
XLOC_004478	-0.149811816208691	0.589369038162618	0.718821185337619	-0.67533110100137	-0.21356663739092	-0.871856770713064	0.586583264716461	0.259916206067836	0.255372136537002	-0.00213499086638524	-0.219442023455047	-0.277918491186055
XLOC_004480	0.999323621279125	-0.630806356634723	-0.310316356944587	0.094059942272998	0.228061028729008	0.0244234808014907	-0.281679958995019	1.18091783634716	0.0551796085167764	-0.219046807210444	-0.0949463062839948	-1.04516973187779
XLOC_004492	0.109992599135188	0.332020819792776	0.365174061489311	0.0867616670142475	0.21989390566295	-0.0947791021642459	-0.174263699248169	-0.259507604228121	-0.0598137636989353	-0.233786835554916	-0.396583345964638	0.104891297764564
XLOC_004508	-2.27291455047733	-2.27291455047733	-2.27291455047733	1.81434075995853	-0.369283778199258	1.06708085184287	-0.838247984183911	0.0656758200786185	0.414957819730514	1.96220358433419	0.635496396293825	2.06652018157661
XLOC_004510	-0.517326051065757	-0.0773493424491667	-0.0611751761569836	-0.0053221608505476	-0.0155925177067289	0.0528125684094558	-0.351108629896589	-0.591668745795674	-0.307329587833258	0.538097203185646	0.653821958966081	0.682140481193524
XLOC_004548	0.402495889248158	0.210735498627992	0.153421742946428	-0.103930512640593	-0.113460573112526	-0.0190691834535581	-0.156910439713689	-0.0725524976614444	-0.2212221057392	0.108008140372117	-0.0492897385873619	-0.13822622028634
XLOC_004559	-0.738930694163851	-0.738930694163851	-0.738930694163851	1.33128879138518	3.78037855766497	-0.738930694163851	-0.738930694163851	-0.738930694163851	-0.738930694163851	-0.738930694163851	-0.738930694163851	1.53870889842451
XLOC_004563	0.0558087238174361	0.0982732081614115	-0.0229003248842963	0.585231280444904	0.683060206512842	1.09181464738563	-1.16383179725838	-0.631687200638701	-0.7448532225729	-0.283195563738841	0.301715668335846	0.0305643744350537
XLOC_004569	0.692628966945602	-0.050362480008431	0.813264461380167	-2.0305187665471	-1.33696399873385	-0.439262818921332	0.470227899326739	0.459994995396957	0.874906329851273	-0.123537475233744	0.149939727315155	0.519683159228565
XLOC_004589	-0.129728214419394	-0.0676744182895739	0.559566312008285	-0.951331131455609	-0.00929686545279562	0.0200217429595027	0.328150134301866	-0.554090273303173	0.720410306418663	-0.820295064524212	0.645288689742554	0.25897878201388
XLOC_004608	0.417490555390492	0.636927995644368	0.747867666323365	-0.561007620716329	0.0143882968702682	-0.59701695628465	-0.0316420531194082	0.0773709636590487	-0.465724084107237	0.0654782241209322	-0.36411172605241	0.0599787382715693
XLOC_004609	1.21701139666791	0.841441429264797	0.0477885370406694	-0.0422152839012382	-0.537694619594841	0.414448217207218	0.0457543183844376	0.15792564679593	0.166442716121729	-0.42560682383477	-0.860701954607844	-1.024593579544
XLOC_004619	0.327332185991707	0.753256462763924	0.671217133521126	-0.585250489076318	0.222378965259311	-0.499143255142942	-0.301639643806384	0.0531023551894112	-0.106115443881452	-0.608763913100647	-0.152724084185844	0.226349726468099
XLOC_004626	0.114007683888652	-0.248540483307865	-0.0202554076237638	0.33720148650959	0.7582192876933	0.0647796949370489	-0.0703921999452994	0.286223070515406	0.0741687050094137	-0.427920167880822	-0.128531601172745	-0.73896006862291
XLOC_004641	-0.204941963278773	0.500255372249542	0.332591318371165	-0.433791806115486	-0.25055597311221	-1.94529823208673	0.49580968378922	1.31671282556787	1.15802653748191	-0.782540195629522	-0.571810988673207	0.38554342143622
XLOC_004644	0.703803565266206	0.329613717966896	0.558292682436143	-0.277999487342051	-1.17125588959021	-1.02744362722138	0.147517302363153	0.212522887340387	0.0295588343804285	-0.0891044087251354	0.307400425671231	0.27709399745434
XLOC_004649	0.287614659469364	0.280346303546983	0.257059208256244	-0.0075930994705331	-0.00493737218799417	-0.166182847288969	-0.0918314590633393	-0.101347048074333	-0.125759456709421	0.146420696878517	-0.289822600631641	-0.183966984724865
XLOC_004652	-0.32356714634115	-0.3217678410172	-0.37185592159182	0.318694843200515	0.633782579187544	0.497667066497089	-0.415096334813372	-0.349277041627449	-0.264307031127672	0.0002961131854331	0.304633436884894	0.290797277563197
XLOC_004665	1.37982450396304	0.80191034366073	0.492077070429324	-2.39000834320048	-0.712654875886021	-2.45580341024645	0.940242330480089	0.854145411128915	0.255646411087674	0.600225564999448	0.202166754523617	0.0322282390601192
XLOC_004676	0.726551878134717	0.150715801941129	0.81501986138352	-1.09776454364611	-0.35069402579103	-1.16689644706488	0.360640131102698	-0.459509946143724	-0.360798024451451	0.334242389007162	0.704026385401522	0.344466540126448
XLOC_004683	-2.59220133068099	-2.59220133068099	-2.59220133068099	-0.521981845131956	0.613285978518423	0.747794071639211	1.27822046861304	1.33410997273872	2.08001701687819	1.39512369863053	0.682388525738127	0.167646104418683
XLOC_004685	0.53177284905065	0.386789537420649	0.842780349158192	-0.359394642698378	-0.426495183395007	-1.02762080356594	-0.0863415466463406	0.106258739629687	0.173544939665602	0.00322275811382955	-0.357095972710619	0.212578975977673
XLOC_004698	-0.937142918928076	-0.140474537086589	0.00619891919356963	-0.736274674507753	-0.207374097985277	-0.80683821711904	0.36585877787773	0.615134554031272	1.1026514764395	0.206233268805383	0.217512939675637	0.314514509603635
XLOC_004728	0.381080147348068	0.358471366144484	0.140780400034528	0.301593550686497	0.471575532577785	0.308874149036945	-0.912825815360569	-0.431786411958354	0.461239801701415	-0.600930787091627	-0.38050011459408	-0.0975718185250907
XLOC_004750	0.844568588386061	0.594794305045641	0.384432287411588	-0.0327335815774878	-0.170473602402071	-0.104208438911534	0.0560801013031504	0.3860106747511	-0.872930680899117	-1.19345260637994	0.700967031259508	-0.593054077986899
XLOC_004756	0.543535965304255	0.979097820058605	-1.27153262526984	-1.27153262526984	-1.27153262526984	-1.27153262526984	2.42026659109715	1.91689419249165	0.624468419258909	-1.27153262526984	1.14493276340848	-1.27153262526984
XLOC_004763	0.806227955475837	0.631535080102023	0.543767614882345	0.0501735574251452	-0.831594443811303	0.229859762396067	-0.54918527380896	0.069963892636034	0.635136594548462	-0.727321726181703	-0.470693442327848	-0.387869571336091
XLOC_004800	-0.0861840971684611	-0.149037610613155	-0.124090028825297	-0.334979237549016	-0.0598510229955806	-0.0557719986498011	0.0485447808512074	0.20037127122035	0.0162253145495264	0.500503122458385	-0.0394747182220705	0.0837442249439118
XLOC_004802	0.0205365919734461	-0.178196729380851	-0.511504910082822	0.178356657800585	0.381888291479512	0.178286541879544	-0.194618295222606	0.186837256169504	0.371517495191994	-0.259714185272561	-0.0103390677657833	-0.163049646769977
XLOC_004803	0.168394982384058	-0.440126109139701	-0.3395202059829	0.109763962784704	0.140583964755978	0.371545547732577	0.291123745084215	0.324679090989674	0.193762879653036	-0.236717048757123	-0.0890035822062245	-0.494487227298285
XLOC_004816	-1.16424412105568	-0.643379909806499	-0.117384915247063	0.471907754717067	1.54175102367734	1.53982344195129	0.160885005333114	-0.782882314861912	-1.06503162820247	-0.0261153655129203	-0.244638318389604	0.329309347397343
XLOC_004820	0.979403598573085	0.108968951053342	0.235138393049624	0.279091030436244	0.410409365774745	0.239723021135393	-0.219550539340077	-0.748893611297182	-0.564742841108074	-0.29426467501694	0.0221737486318547	-0.447456441892018
XLOC_004822	0.31466410532025	0.501758973630001	0.0450548850005763	0.191726954077137	0.988996207977212	0.275464910819188	-0.649632527226307	-1.42888460736489	-0.817439632387053	-0.0878522240747381	0.355073979519599	0.311068974709032
XLOC_004826	1.16046932707397	0.31411039313366	2.20732853288259	-1.93652005219479	-1.93652005219479	-1.93652005219479	1.55137642700697	-1.93652005219479	-1.93652005219479	2.05080497711672	0.479945336483534	1.91856526727648
XLOC_004828	0.42133975321172	0.536688323003609	0.236300241123283	0.360767656233728	0.192365277822173	-0.0867681474049551	-0.621478374390125	-0.767318195004496	-0.357925181901695	0.410848814313221	-0.426291574176169	0.101471407169727
XLOC_004833	-0.889263674877064	-1.04429598456055	-1.0641021170573	0.693687927258994	1.25108564654165	-0.146805485307459	0.0802425886622862	0.36180700119921	0.249198781464164	0.374648326419651	-0.120436993316252	0.254233983572672
XLOC_004834	0.240198642264595	0.488949740756361	0.510756377618616	-0.0186655396370305	-0.262866619810545	-0.308091736804498	-0.077524789265798	0.293268013511888	0.0397349937277625	-0.486847083650694	-0.186415963821331	-0.232496034889342
XLOC_004843	0.277858296158391	2.28614829097154	0.0879179670794388	-1.53721029441571	-1.53721029441571	-1.53721029441571	0.602386798716538	1.28798973438387	-1.53721029441571	1.7725497324133	1.37120065235545	-1.53721029441571
XLOC_004845	0.134990698989707	-0.0795517554773948	-0.0714398764574034	0.664501863278588	0.403317031938167	0.807911112505589	-0.46997309807787	-0.638445238289614	-0.522507449936605	-0.123366938568635	-0.170052299213219	0.0646159493086982
XLOC_004847	-0.0872226931879698	-0.516488496150313	-0.30514199826245	-0.0116411113629749	0.346608539664071	0.208084585654495	-0.307225900876395	-0.306512217442579	-0.244406393008287	0.750839621884845	0.29205211548542	0.181053947602146
XLOC_004848	-0.652208918140264	-0.624321141362037	0.182027203185998	0.681450318419274	1.05776420486857	0.403768272817018	-0.570041922784113	-0.29028965405212	-0.745539838506279	0.75523482334591	-0.0264053369889403	-0.171438010803027
XLOC_004849	-0.334275587873877	-0.466422816392779	-0.595065616724739	0.619786394988004	0.4385728110186	0.792535484834895	-0.28876740932396	0.179525660480092	-0.258026974462444	-0.049988827340707	0.0673556243365745	-0.105228743539676
XLOC_004867	-0.0798303540281351	0.275113118507008	-0.346240005671901	0.335370243948612	0.943892609375101	1.21328947844582	-0.48203469101311	-1.34631238352094	-0.540909195038184	-0.20089479804281	0.115690836907442	0.112865140131084
XLOC_004884	-0.653492959488505	-0.1897381895972	-0.404581026962715	-0.138573111079872	0.56896444875056	0.0920766577807317	-0.839823542139885	-1.04873116535455	-0.356455789711443	0.886160185613528	0.792434037818072	1.29176045437128
XLOC_004895	-0.330970888273801	0.31581541017641	0.341852091167226	-0.229779249145164	-0.113868300037406	-0.783719218419441	0.232078531170981	0.140232857149196	-0.0564478471370231	0.134509174159173	0.0362850165778807	0.314012422611962
XLOC_004899	-0.538928261624082	0.0324349234087302	0.107311085185419	0.474669228498055	0.79425963901879	0.0297323102585692	-1.14236003481672	-1.35092657820249	-0.336471963754415	0.930499502208359	0.576376443439402	0.423403706380369
XLOC_004902	-0.518289161625366	0.0107535676651693	0.0638363460010565	0.232602220678364	0.565042687777375	-0.078408960022375	-0.639037907209156	-1.30019793020329	-0.475966376671632	0.497270634635726	0.583377070293599	1.05901780868052
XLOC_004909	-0.104798193033285	-0.700740832613677	-0.483709833835253	0.771887370771316	0.349645086578342	0.547822195822959	-1.40800848339861	-1.02595422712226	-0.574715624522289	0.561490568991732	1.05845042146297	1.00863155089802
XLOC_004912	1.05001932242102	1.10939559646544	1.19132638283315	0.0705853362906366	0.409546430395195	-1.04006669911563	-1.13713005470922	-0.140023900270006	-0.54892052095504	-0.15309378197464	-0.3208981172245	-0.490739994156398
XLOC_004915	1.00535163415574	1.10708184432457	1.43739314686436	0.250494560591573	-0.399376106251806	-0.252958976538287	-0.714342730721509	-0.549332279245693	-0.409530791492067	-0.624488755971017	-0.226787292441705	-0.623504253274166
XLOC_004916	1.62928812898992	0.890867931045477	2.30389184994827	1.04737574006858	0.0636740371489624	0.175115023369571	-0.40529016883569	-0.241096645747407	0.0560443093996412	-1.83995673512911	-1.83995673512911	-1.83995673512911
XLOC_004925	-0.578254927103622	0.279113971519759	0.224183607467316	-0.501119479780741	-0.0690655383877754	-0.109786367393141	1.59221555377531	1.90792260818069	1.27352883518871	-2.59850770657559	0.047513665322815	-1.46774422221372
XLOC_004955	-0.388940089993644	-0.321984229815751	-0.220220511207623	0.494143391793108	0.258460345477671	0.307057136084753	-0.238413464392185	-0.152667302342211	0.111315466024202	-0.0333454903493564	0.174531601489379	0.0100631472316568
XLOC_004974	0.532095428112411	0.951306221378824	0.409931242144464	-1.29251195763493	-2.03679402628216	-1.55240833479321	0.776570738468152	0.770614109153542	0.583126223357021	0.55812849255962	0.298087981063987	0.00185388247226825
XLOC_004982	-0.674362881852783	0.0189152549223897	0.356517170244401	-0.0931273876812249	0.288552554535848	-0.935502316219574	0.522478036233844	-0.189122123362966	0.663927819118967	-0.274366413209407	-0.0943003851582231	0.410390672428751
XLOC_005001	0.465353539191423	-0.0720403561212155	0.506148500840334	0.0654120694012175	-0.519140686077794	-0.0724660404451081	0.0540921897852122	-0.189131186747725	0.823774906077642	-0.247530360897028	-0.0942536484168803	-0.720218926590087
XLOC_005006	-0.0371243525717837	0.206842450940607	0.19845656440364	-0.574777247109298	-0.194192571343128	-0.242442689280286	-0.532493807689121	-0.347430501014641	-0.105524918702225	0.375485175922524	0.639255363951259	0.613946532492445
XLOC_005007	0.490736473245203	0.218981917964752	-0.01728719213299	-0.783670316619641	0.453334793984161	-0.0127992869765388	-1.4279445190782	-1.19343243202548	-0.168347059263672	1.55336229530068	0.279994787857448	0.607070537744282
XLOC_005027	0.428829321476993	0.588690350236034	0.602602513613684	-0.320565627538018	-0.265309608179244	-0.424056563761802	0.168066805669836	-0.0735225797161227	-0.143209120477456	-0.0874599681432269	-0.150899908600618	-0.323165614580056
XLOC_005034	0.643602668343319	0.19889763581916	0.210803698382797	0.139855269920544	-0.505418771256345	-0.0273964269916531	-0.292586751685984	0.0217013849032641	0.675786984429218	-0.738583925186624	0.085035372969477	-0.411697139647179
XLOC_005037	0.20251855096895	-0.160372667543337	0.106420341823993	0.486014299301001	0.2367044766443	0.635307596506905	-0.475399999240937	0.104658674449928	-0.202779967414514	-0.547940877125664	0.0702898744223965	-0.455420302793016
XLOC_005039	0.0619378635637808	0.0579905142800818	0.242564626097307	0.385864708545444	0.135397234193267	0.457980778624389	-0.315928716022032	0.0568333118381279	-0.0472548841360823	-0.512225830071865	-0.106128157463109	-0.417031449449297
XLOC_005054	0.856161383624679	0.713098064726073	-0.0534680216122085	-0.641174543561701	-1.41311732399064	-0.431262874591909	0.536997297712521	0.590813273423935	1.13006531692302	-0.907332572359863	-0.214572966150399	-0.166207034143503
XLOC_005062	-0.465620358533475	-0.386378246480947	-0.324942540206539	1.00323972772626	0.433556904202823	0.875091283182422	-0.445351531664586	0.196436667846695	-0.204403905510591	-0.229304836593702	-0.099705781935449	-0.352617382032905
XLOC_005066	-0.335682974111818	0.655246064054183	0.731925021404696	-0.306765920243556	0.0236997876350173	-0.743118911096772	-0.104364901955992	-0.62208409922274	0.301514210228977	0.23601547176927	-0.0243002082906862	0.187916459829426
XLOC_005071	-0.17619943630756	-0.594502959022865	-0.097428891529165	-0.176203480784902	-0.321824974299218	-0.173107645679824	0.373307542741413	0.745960684260984	0.421323065791142	-0.243562258299412	0.407224840797756	-0.164986487668359
XLOC_005072	-0.190261984013034	-0.378156775243918	-0.244503228867529	0.233386356789358	-0.0149665622572286	0.202929224520407	-0.0181731876218549	0.478221969596936	0.401907236089482	-0.0748795908708892	-0.0968056406222111	-0.298697817499523
XLOC_005075	3.36530502624763	2.59577395220087	1.80267537605132	-1.71125485760689	-1.71125485760689	-1.71125485760689	0.899821765591502	0.627335512949059	0.976617512600954	-1.71125485760689	-1.71125485760689	-1.71125485760689
XLOC_005077	-0.559085788003914	-0.512706544641246	-0.36525084079647	0.5333853458897	0.466284805193071	0.83210159617385	-0.819630571077293	-0.485088068167151	-0.686216902228698	0.610862114201361	0.535684015877459	0.449660837579328
XLOC_005081	0.339342905432483	0.423652640932499	0.437159584069947	-0.12126017643976	0.0654367621960912	0.0963127040144034	-0.46981546301839	-0.470029580897192	-0.622726842551195	0.223578443271657	-0.25679878447623	0.3551478074657
XLOC_005104	0.877480410806123	-0.70903202258881	0.217513440067849	0.248910268747317	0.74143609071092	-0.068345524254255	0.215534119285973	-0.367514724067899	1.20213087484513	0.147954984733293	-1.17875220330707	-1.32731571497856
XLOC_005105	-0.28559434010351	1.40078778602086	1.04118203933208	-0.763262291329912	-1.26963035875483	-1.13155027406606	0.755021045340918	1.27850299471872	0.712359633640388	-0.863192572454258	0.120808619950092	-0.995432282294506
XLOC_005112	-0.73109971850127	-0.568905400129429	-0.436925008604241	0.102863554356231	0.131742888514443	0.0362252596183339	-0.169352998003626	-0.397123951794898	-0.512202924728024	1.07865326257263	0.678561282789815	0.787563753910039
XLOC_005143	0.88394900801526	0.756974044867764	0.129059417464388	0.193165674991921	-0.739099825973668	-0.758204282526996	0.616968654307668	0.529870945554758	0.440577828680666	-0.00827146170906623	-1.85493748604178	-0.190052517630908
XLOC_005167	1.4567609945152	1.15108132713259	0.907184999384808	-0.0848433961333006	-0.69800106787303	-1.80943172194344	0.798678733867644	0.768236898667637	0.404386453959598	-1.0346806120842	-0.454504543809147	-1.40486806568436
XLOC_005182	1.07838218935645	1.00579787701384	0.939233013848526	-0.352898439058074	-0.88214570746249	-0.38590641518236	0.0241259865905619	0.225382983906347	-0.264996543688485	-0.0768260069468365	-1.07528067881339	-0.234868259564098
XLOC_005203	-0.282990792791404	-0.469752070517137	-0.779180422246173	0.884594650540197	1.57903732835743	0.935867141734485	-0.601311439537394	-1.95452028534843	-1.09690878378241	0.501203110606665	1.10662786739826	0.177333695585916
XLOC_005225	-0.439683167797658	-0.796484629138012	-0.767857900325262	-0.0414085605056593	-0.442898116645733	-0.295184541275089	0.664952864510743	0.353806196190289	0.468408350768054	0.249427257683782	0.768754286978308	0.278167959556231
XLOC_005232	0.278198970344122	1.49016453127293	1.43845998960815	-1.45249985454971	-1.41466516591566	-1.06116674216211	1.48752150654657	0.820637841085516	0.829262035472974	-1.30463703017405	-0.471964195925628	-0.639311885603103
XLOC_005236	-0.432101274449638	-1.65071569324022	-1.04255011285772	3.14501216366426	2.52470927512721	3.41320909201016	0.127999262214355	-1.07614610976909	0.607998411970073	-3.90134613856867	-0.0923623301203951	-1.62370654598031
XLOC_005237	-0.953905921984558	-0.518344067230209	-1.14384625106351	3.78232343608614	1.56664857680026	3.44064011018965	-1.33430794626524	-1.17011442317695	1.099813798442	-0.77910742891765	-2.76897451255866	-1.22082537032128
XLOC_005250	3.89246055638064	1.43227707919935	2.04044265958186	-0.818353366129094	-0.818353366129094	-0.818353366129094	-0.818353366129094	-0.818353366129094	-0.818353366129094	-0.818353366129094	-0.818353366129094	-0.818353366129094
XLOC_005255	-0.581780357947117	-0.155745983742507	0.091159991906701	0.0505395339363819	0.822765445748406	0.399664394543067	-0.925545412154975	-0.800477112178116	-0.518037962228473	0.669347504542944	0.524078624634736	0.424031332938945
XLOC_005265	-1.03063424630653	-2.24924866509711	-0.74411870704979	0.800025385089072	1.78113544693401	-1.15988370810536	-0.629457311131532	-0.0877487292428718	-0.17415793146372	1.01045181851969	0.972158413548163	1.51147823430597
XLOC_005368	0.0608981785271947	-0.601964318577566	-0.810138225873041	0.931947439419666	0.428322044753138	0.605978399693058	-0.363534540059165	-0.545688909179117	-0.0965105643553201	0.276458405750589	0.418162645060361	-0.303930555159797
XLOC_005387	-0.621396365274401	-0.794734028801438	-0.502667720618915	0.513282157579436	0.484773750959477	0.540786064892263	-0.586174281518993	-0.248852329900801	-0.381638202179198	0.730828398963995	0.462175275352246	0.403617280546319
XLOC_005388	0.289555982803108	-0.0241792253215163	-0.218053147064165	0.00275933452566157	-0.082492027774208	-0.339830693362323	-0.403736737183971	-0.14735237607178	-0.566652809282299	0.5624985549246	0.545886452840898	0.381596690965994
XLOC_005389	-1.61108472111284	-0.884715514994357	-0.952313697005834	1.38340835115758	0.865004429047748	0.118635522453054	-0.535589117354653	-0.98842567437127	0.364965837638602	0.488220084369344	1.38464803741297	0.367246462759659
XLOC_005390	-2.81205845425047	0.191924005216556	0.409111379206209	-0.23532900579644	0.735139539903587	-0.950493150474578	-0.0771063006027948	-0.204460955746194	0.508687241259468	0.331787632378772	0.623775967857599	1.47902210104831
XLOC_005393	-0.999185610449708	-0.999185610449708	-0.999185610449708	-0.999185610449708	0.904445161828363	1.01588614804897	0.435480955843711	-0.999185610449708	-0.999185610449708	-0.999185610449708	3.36003302528826	1.27845398213865
XLOC_005400	-0.320333708603887	0.237005705542797	-0.30440760237309	0.0117758092327103	-0.365947718437324	-0.618315454859369	-0.250387981044033	-0.778211324619401	0.29995388957903	0.959431884343967	0.514481553036489	0.614954948202108
XLOC_005404	-0.765362572429854	-0.437698720841389	-0.425966953675412	0.659297082033914	1.01785369670307	0.864447021460948	-0.186776189855464	-1.06700412479467	-0.890525780102863	0.14476343993563	0.716954462089818	0.37001863947627
XLOC_005408	-0.63356305764648	0.685585903960028	0.520066638104453	-0.399103581390298	0.0826206571254424	-0.811004353723684	-0.235343021705804	-0.125198858074057	0.0250671375926217	-0.110664788654146	0.419143065990397	0.582394258421509
XLOC_005423	1.03571082852545	0.50759555272025	1.14819832346579	-2.94909256257325	0.28013666204134	-0.192602425287626	-0.0348299624283639	0.615770730246846	-0.509967497583537	-0.224998281611234	-0.383423592582866	0.70750222506719
XLOC_005451	-0.492263580737868	0.342425438487774	0.43555238958085	-0.152586431159201	-1.01076900590394	-0.290464541005527	1.27292659775358	1.59922999432391	0.872233545027096	-0.799886787122311	-0.838180192093842	-0.938217427150506
XLOC_005452	-0.278583126002693	-0.898756275382484	-0.922323115466966	-0.00781349168951451	-0.0224928937993871	0.105187124280658	1.44367722865885	0.973168649336935	1.09644125739916	-0.270216175374402	-0.667017809164945	-0.551271372795208
XLOC_005479	-0.429225592961677	-0.21710158721323	-0.370380901122905	0.361549292627006	0.707989754869853	0.400868200214735	-0.426693150203643	-0.962945108113963	-0.428421026943312	0.567623822464183	0.544222507188808	0.25251378919415
XLOC_005480	-0.338197344832625	-0.239411853833807	-0.89372282998415	0.794938310650228	0.808956922611898	1.08178331847198	-1.17386312617203	-0.556788690498332	-1.19693667712932	0.689743149898029	0.517838952725555	0.505659868092584
XLOC_005481	0.058937682712072	0.0817498156687524	-0.0397516763937746	0.0970877695201482	0.530111805432115	0.0248734398469201	-0.469760374832986	-0.987182285777996	-0.978603301697945	1.07676120517846	0.170592973673258	0.435182946670961
XLOC_005497	-0.86971165599385	-0.310404981313006	-0.312816451117096	-0.167959924426601	-0.497381641822957	-0.917404064305935	0.666275670528198	0.417222657923469	0.347366183919365	0.595958700764663	0.417439988586681	0.631415517257067
XLOC_005508	1.41396907543788	1.19797777010907	1.28964294222364	-0.378689302892685	-0.542795767823437	-0.998200217768722	0.518951877339302	1.06393328372193	0.197674985646964	-0.800885460562191	-1.31858061263519	-1.64299857279656
XLOC_005524	-0.2015453806592	-0.356307091571127	-0.292385391527159	0.507100091065219	0.272475923432522	0.689396981099053	-0.200376234290975	0.0189514558678638	-0.263388831291383	-0.181690970995309	0.13820582736853	-0.130436378498025
XLOC_005531	0.218149509602107	-0.114473992170589	-0.145277570736336	1.05121884412801	0.586327883105369	0.297331077676316	-0.694549030615045	-0.444687751573037	-0.707735283496397	0.184996207687727	-0.0184647267326001	-0.21283516687553
XLOC_005544	0.381194399869965	0.42594757097778	0.283714288502036	-0.688327338828351	-0.433395853613021	-1.00955227845065	0.313358999847761	-0.0146993815533047	0.0570942973840918	0.238196916505053	0.213553340144779	0.232915039213871
XLOC_005556	0.501700340006535	0.30325001266042	0.231007960250878	-0.314995232233611	0.263299741554513	0.772191348945493	-0.0315516105108644	0.165594989892875	-0.180718969599273	-0.480525696653071	-0.00477676179801456	-1.22447612251588
XLOC_005560	0.278927473009698	0.319063874538508	0.120318653243756	-0.121013996780508	-0.475660757687086	-0.558526363519769	0.121494969081861	0.341852022020827	0.501038215508864	0.51530454236751	-0.382106926568535	-0.660691705215129
XLOC_005586	-0.496528879042966	0.15538981609483	0.0511403476959025	-0.693082547139133	-0.419361437176162	-0.754450763812253	0.219761785198216	0.143789586986122	0.360168182024577	0.514407446152482	0.378566191778981	0.540200271239415
XLOC_005595	-0.325357272611614	-0.206837913267785	-0.274133994494518	0.484644934457373	0.800238568000085	0.674530859110069	-0.277914233362216	0.0265278658957477	-0.190663310871722	-0.687975419074207	-0.0662733796441852	0.0432132958629694
XLOC_005621	-1.63836931246192	1.45211411998756	0.73162263228464	-1.63836931246192	-1.63836931246192	-1.63836931246192	-1.63836931246192	1.55005750529958	1.55783255966006	0.351497771179088	0.778096076216403	1.77062589768226
XLOC_005629	-0.375445247109859	-0.78346429071261	-0.614700990958385	0.602130908838229	0.27584552068498	0.596751601172663	-0.312433067450787	-0.00462509236201569	-0.4594023804296	0.451500393325947	0.514459819695405	0.109382825306025
XLOC_005643	1.78907951491788	0.690873181314089	0.768103030513116	-0.311779053270303	-0.522762473025936	0.459091976372799	0.0826719106446809	0.581839092621051	-0.138507921557108	-0.66052744278434	-1.7394415253247	-0.998640290421229
XLOC_005648	0.109936275307126	0.0102442941947452	0.543150890106598	-0.287676772078697	0.20349588643414	-0.359756077845597	-0.720118793685225	-0.609881223632789	0.16478618049912	-0.261090287918817	0.531070409269311	0.675839219350072
XLOC_005659	0.239688514315349	-0.178133442689401	0.160221734314637	-1.19901863267252	-1.19947441802353	-1.3919786797185	1.29819508464622	1.25648967194282	1.75772126868239	-0.00450558715647542	-0.116368593346865	-0.622836920294129
XLOC_005661	-0.10485233422742	-0.251882415473216	-0.355805772332953	-0.982403530793474	0.00876329928399988	0.149081619832814	1.92474208758319	1.10459201033677	1.20330393202904	-1.87986892235016	-0.595146149572048	-0.22052382431654
XLOC_005662	-0.62343133315786	0.315219519811208	0.894199045597644	-1.70824421344604	-0.379679741889343	-0.89819577553301	1.50265523362295	1.17176192438186	1.53249415904702	0.00467414162028579	-1.19809454319391	-0.613358416860789
XLOC_005663	-0.157167692130086	-0.00418556349682397	-0.0234389701656834	-1.27995508004538	-0.961800246043654	-1.34272056238876	1.67079488853912	0.71078318595729	1.01792330460211	-0.179962525931552	-0.358303746794788	0.908033007898196
XLOC_005669	-0.400729127296549	0.219181076231881	0.624242508075027	-0.468339908682045	-0.683146717429928	-0.023883761210219	1.09181388402115	0.804881523084974	0.905356132517109	-0.0566313148049273	-1.34877750624606	-0.663966788260404
XLOC_005707	0.628013935999459	-0.193650251196972	0.254275642001283	-0.984151020311947	-0.703776663817762	-0.869254390409266	0.648214439385001	0.637878306658964	-0.347165044761734	0.96204163642376	-0.0603383806331923	0.0279117906624053
XLOC_005754	-0.0392105626661188	1.15666438427399	1.02679161023629	-0.641985493848211	-0.561431285089547	-1.09209034238067	-0.433168623727131	-0.347001218842454	0.113953456847084	-0.257094990083112	-0.0139940892757275	1.0885671545556
XLOC_005755	0.928959648250526	0.978126699784346	0.469346824425454	-0.537378777137582	0.0825145639521319	-0.869344748061169	0.420214487521443	0.697420491061746	0.402731188053726	-1.29238214088196	-0.717485815416449	-0.562722421552199
XLOC_005769	-0.737014221816938	-0.50271595574732	-0.239843019453869	0.842054389056386	0.503692405955624	0.831989383843723	-0.716736057935674	-0.0928304673378015	-0.703516977255746	0.435239570680126	0.267758967879198	0.11192198213228
XLOC_005772	-1.46955139902208	-0.743182192903593	-0.60372479189399	1.13922143874458	0.920961373293782	-0.0879523554673796	-0.87474156192385	0.582951758878895	0.506499159729366	0.0643339724098588	-0.36848654202301	0.933671140177418
XLOC_005793	-0.199473453421579	-0.271199852564195	-0.114569473245476	0.51009947754323	0.265526125493261	0.719357380859771	-0.535077702440013	-0.0115981158147491	-0.476056302638552	0.0574971414305931	0.267256128749802	-0.211761353952081
XLOC_005799	0.869997814654399	1.07214637499256	0.828801123269034	-0.954505295507902	-1.47937399658595	-1.33556173421713	1.13740799376073	0.98773193040943	0.506250166101425	0.235896637729766	-1.24210805510864	-0.626682959497719
XLOC_005805	-0.798209119705105	0.196024461139942	0.175710968595348	-0.455651738368832	0.517078407563251	-0.590276491272368	-0.248702140656132	-0.688334148356306	0.00179670531854459	0.448738691546274	0.511924782320523	0.929899621874841
XLOC_005829	0.219838763123767	0.0541211889525597	-0.108760595503512	0.46257057929711	-0.0763386503520112	0.448686115520389	0.352085352628865	0.487260634532205	0.215055434308749	-1.21840175729308	-0.393794476322007	-0.44232258889305
XLOC_005838	-0.714919737674707	0.335537374633011	0.409152416173542	0.365321272957064	1.29464704085412	1.6851859049597	-0.40216512106153	-1.21493479654723	-1.73838135043559	-0.947258193246053	0.961955132562768	-0.0341399431750959
XLOC_005840	0.245787457516063	0.0933203970885517	-0.772671210858588	0.219192710464199	0.550005983652576	0.548054480781278	-1.29364784873653	-0.389068546200908	-0.143565315633126	0.155199466783818	0.325058863306091	0.462333561836559
XLOC_005844	-0.492691921879204	-0.165060702414524	0.143711919439002	0.0400386983049756	0.0189726318905237	-0.307246445237725	0.376021956620885	-0.0555266419875382	0.36519660414303	0.0708908169359557	-0.225519186338601	0.231212270523225
XLOC_005848	0.24033037361355	-0.107504513515313	0.274923297649893	0.827901584086834	0.291256275043479	0.574125603317404	0.0424421626699889	0.341596392366954	0.281029322637759	-0.0986739139427266	-1.49513306702346	-1.17229351690436
XLOC_005851	0.865982059251204	0.122990612297171	0.171298559649279	0.869993322277375	0.98584708057682	1.63287270965524	-0.109629160217072	0.229829866888743	-0.629227543162497	0.564243223936788	-3.08033314971673	-1.62386758143631
XLOC_005856	0.363407514938052	0.457435298177342	0.361839699629012	0.137634604757332	-0.506134884512628	0.0654021967063612	0.416330500181729	0.0538514731262545	-0.376099866245482	0.032097578316427	-0.417549023661071	-0.588215091413325
XLOC_005875	0.430999841537898	0.985904419404771	1.13085851572639	-0.56580755821965	-2.06796725530774	-1.14703103473151	1.86648441619637	0.90647271361454	0.53774652295293	-1.98173094394481	0.226456208682014	-0.322385845911191
XLOC_005887	0.813252982620197	0.806000816729301	0.603013459992016	-1.34171264847881	-1.547215000122	-0.861160727726162	0.910192207899369	0.774985785626478	0.923342980521379	-0.497227492432245	-0.156776021417079	-0.426696343212442
XLOC_005891	2.34571377566579	1.30758661086836	1.97197548166762	-0.927343589742893	-1.91104529266251	0.452265450466199	1.3172383771047	0.45296068459687	1.25836387307962	-3.81467606494058	-1.39821067626226	-1.05482862984091
XLOC_005896	1.01102187767109	0.478583028024553	0.355449292921402	-0.44006146151474	-0.652663256450793	-0.325164831612058	1.22579117916975	0.704532010407014	0.804471225786357	-2.19251772688769	-0.971691163874866	0.00224982635998661
XLOC_005898	0.279491535734574	-0.394486074173945	-0.224857053901613	0.568181709757508	0.32752139724742	0.63768535636921	-0.194731266737223	0.0895905266211301	0.114667900726023	-0.513067429134878	-0.471667857187073	-0.218328745321141
XLOC_005900	0.219220513816469	-0.317060384862316	-0.174728635579762	0.420088758236793	0.20451004611907	0.48285525379857	-1.13619271546833	0.35023882165785	-1.42788732254811	0.684652178705895	0.84794832930364	-0.153644843179783
XLOC_005917	-4.2149856743131	0.453631158799634	0.0896909158329784	0.829192278593772	0.12063741504581	-0.196168048489126	-0.344563875019076	-1.38978564551353	0.110735504648736	2.18103870325299	0.652960616260621	1.70761665090028
XLOC_005954	-0.190649291730758	-0.287679157032276	-0.200466276197418	0.559457952994265	0.707689285585147	0.44039645037639	-0.490699235995681	-0.643939426785187	-0.812520891365697	0.742127345718373	0.0782561223346576	0.0980271220981841
XLOC_005968	2.66536815251625	2.79954426289674	2.50977919205879	-0.0667092970044614	-1.15642364929602	0.413842623748185	1.20698186014251	1.37659267305831	0.262171714618098	-3.85309889165859	-3.85309889165859	-2.30494974942121
XLOC_005970	-0.884622229483304	-0.0749765361427475	-0.0059440072701662	-0.419051732032033	-0.208065730534448	-0.544456354100962	0.561426752540676	0.445064539545765	0.770139694043001	0.00102241484264454	-0.0884135672400319	0.447876755831601
XLOC_005974	-1.33080696207765	-0.261528233522997	-0.12771026965018	-0.301231511593897	0.741234191345075	-0.222277793618307	-0.336264850027566	-0.840912145908689	-0.0140373677012917	0.795246543585346	0.892662373042196	1.00562602612795
XLOC_005983	-0.329209876212682	0.298873958429292	0.530190148743658	-0.112933817057459	-0.9711163918022	-0.727375409011275	0.418620671379841	0.436531760945333	0.358575101180117	0.125459275600274	-0.17784296417125	0.150227541976347
XLOC_005987	-0.0427059073094895	-0.502971554132485	-0.355769110923936	0.89362313132288	0.583653062900035	-0.417321438932692	-1.30516017194945	-0.744256257778008	-0.874197378588569	1.42597531892691	0.574025286781783	0.765105019683016
XLOC_005990	-0.872493253431715	-0.0516259149103462	-0.42819017941632	0.463317888892101	0.37125096227216	-0.143346450900196	-0.365599822926198	-0.8396292126761	-0.143341328487716	0.556462104110661	0.714643645845352	0.738551561628317
XLOC_006031	0.345120922259381	-0.439623356346385	1.12996608659886	0.675664308177181	0.904003201523857	0.769232675970325	-1.44640032366594	0.210159802673121	-0.861275074742356	0.573397803836366	-2.39331194714187	0.533065900857457
XLOC_006059	-0.0570403176727883	0.192572297677312	-1.19048671808784	-0.15662999672064	0.238743226264131	-0.227390854696568	0.0537438379063104	0.240610861431796	-0.14912444332004	0.433745048313599	0.395304666800611	0.2259523921041
XLOC_006076	-0.251412762945519	-0.182925732879701	-0.0751530213952734	0.243094241456426	0.150112087155575	0.0298480112481609	0.0159502379066172	0.0709175900203078	-0.0400255983394473	0.0427976273160784	0.0542554265409319	-0.0574581060841393
XLOC_006079	-0.239188277396909	-0.625940821671229	-0.248311545784882	-1.11673947396296	-2.10044117688258	0.822637673674005	0.0252734516223754	0.77084638232906	-0.13528363815999	1.1922222355903	1.31956240774951	0.335362782893293
XLOC_006081	-0.487715914647465	-0.727211792024937	-1.37638355011297	0.00671899572768186	0.682764745658173	-1.55031838145098	-0.0700736954752115	0.858012779861339	-0.218095436212002	0.0507944159110378	1.33380639662244	1.49770143614289
XLOC_006116	-0.822547927748515	-0.822547927748515	0.80258033374663	-0.822547927748515	3.85967804300246	1.19252383075017	-0.822547927748515	-0.822547927748515	-0.822547927748515	-0.822547927748515	-0.822547927748515	0.725601214488865
XLOC_006125	0.0350780941479236	-0.225488991945966	-0.0887194023381195	0.153999948538855	0.267502706221899	0.25692380204517	0.273013625071984	0.211544705467386	0.353361169302925	-0.277478854467091	-0.495037011339244	-0.464699790705708
XLOC_006142	-0.51529161266625	0.627801511745561	0.152810596198753	-0.986342716002832	-0.31029696607234	-1.05666587266704	0.39542365923214	0.159473449903727	0.387353325196321	0.910574328554689	0.0647708840283103	0.170389412548968
XLOC_006150	0.29712686241743	0.73268871717178	3.18340445377523	-1.51794172815667	-1.51794172815667	-1.51794172815667	-1.51794172815667	-1.51794172815667	1.16993064205118	1.27782689076534	0.898523660521654	0.0302074140807131
XLOC_006151	-1.81230948896006	-1.16448421210656	-0.191844400655888	1.26976038396047	0.483265176437041	1.70909450456522	1.58911004722257	1.08670590590043	1.27968213560464	-2.04464794453141	-0.873765033514035	-1.33056707392242
XLOC_006152	-1.38271379308769	-0.263651624560604	-0.78981888028663	0.419771042715618	0.335762998934519	0.925259312051685	1.96789480351859	1.42948650124479	1.34577120502753	-0.528041217526136	-2.32778742155143	-1.13193292648025
XLOC_006155	1.03057001513083	-0.555942418264098	-0.71083819163352	2.61722440289127	-0.728586236554109	0.729047968444128	-0.683720673409066	0.172972099893228	-0.0652852347528596	-0.62431351892451	-0.367685235070655	-0.813442977750641
XLOC_006165	-0.406215200123031	-0.677969755403482	-0.914238865501224	-0.499632698289932	0.158827959300963	0.81054320269078	1.13675894779356	0.153558802452454	0.572218004937029	-0.0992617334377917	-0.229250600337444	-0.00533806408189275
XLOC_006166	-0.768322041497347	-0.414208320229135	-0.0937183205389989	-2.16734742006735	0.591032335172772	0.241021517207079	2.19137678909863	1.20901281742677	1.69032485680657	-4.23756690561638	0.920641034712508	0.837753657524881
XLOC_006179	0.65505085050514	0.0463726981254462	0.0791020469446071	-0.534988824551432	0.339236013400897	0.823621704889849	-1.13434765578554	-0.695932831567585	-0.112899584448546	-0.634919105675778	0.0136443205521246	1.15606036761081
XLOC_006189	-2.13860751579971	-2.13860751579971	-2.13860751579971	0.74872495939798	1.0668797933997	0.685959477054592	0.472469107398685	-0.539747426418004	-0.242606471270956	0.657161103122305	1.67037629264857	1.89660571206625
XLOC_006192	0.78304408634669	0.875180456358905	0.627213199340732	-0.93035807525678	-1.1845518423733	-1.05408380296394	0.677359892014465	0.651929919175428	0.418037309779983	-0.210605399880407	-0.388715330990424	-0.264450411551358
XLOC_006193	1.55710870512447	1.15399400744635	1.07749490722622	-1.10875850491868	-1.15796134923847	-1.21190020680196	0.790730830352114	1.00316042946434	0.523148948652471	-0.888475051859323	-0.816335977344787	-0.922206738102752
XLOC_006194	0.104610818919008	-0.456660640875114	-0.556237211414036	0.373632942343912	0.581269933074701	0.787065368833179	-0.457545547699079	-0.502449132167241	-0.289616115814958	0.015585946620325	0.253930699181556	0.146412938997752
XLOC_006206	1.04928909227377	0.64306746352417	0.718414120092579	-0.0690930846450737	-0.444082233456623	-0.160815693054277	-0.647008525003898	-0.440654463836214	-0.791573886887964	0.223332720630394	-0.00140648451995951	-0.0794690251169285
XLOC_006210	-0.218643102877414	-0.59740453454697	1.41456857631575	0.399367343439412	-0.991212724633868	1.13882165583821	-0.199991487794693	-0.86268793819687	-1.0000155967886	-0.378127940167436	0.948000488542968	0.34732526086951
XLOC_006245	1.37102596916872	1.50332023231147	1.53807489131003	-0.132896468494056	-0.202930910164871	-0.43318283457244	-0.125054443230077	-0.186653833986232	0.232747134337506	-0.814160663953313	-1.94635255989272	-0.803936512834027
XLOC_006248	1.3679648924893	1.02463207745659	-1.22599836787186	2.1797921014943	-1.22599836787186	0.789073390626822	-1.22599836787186	-1.22599836787186	-1.22599836787186	3.220526113036	-1.22599836787186	-1.22599836787186
XLOC_006250	-0.76031418040195	0.0970547182214316	-1.25650380985672	1.87608550307106	0.42491783873561	1.18003755610298	-0.900012244220902	-0.358303662332242	-0.655163437238236	-0.139559292814231	-0.411215407776955	0.902976418510157
XLOC_006265	-0.282092305667812	0.0956579467031382	-0.00318059848840857	0.927816646369806	0.565580656444096	0.579898941016781	0.388735166005998	-0.591100120028955	-0.5523967123372	0.0718138633920296	-0.407211787840395	-0.793521695569069
XLOC_006273	0.71593835458248	0.0932631180439163	0.380170618251736	-0.112951324341582	-1.05878978801752	-0.138203301876993	0.217231024450624	0.296676038468046	0.548710279120656	-0.536159263427833	0.171738078076797	-0.577623833330325
XLOC_006276	0.183589927779199	0.0438806929162991	-0.0086373713277057	-0.200802516324298	-0.449546414767951	-0.00263969472223202	1.21705797167499	0.869211590000298	1.02295893846791	-0.709606076504977	-1.0897608029051	-0.87570624428645
XLOC_006321	0.191692701258893	0.163883779952816	0.342493574454433	0.162761806921653	0.312640489822353	-0.266829564954386	-1.55605835727589	-0.98091658511028	-0.177112494248756	-0.0520028538718798	0.906627340253783	0.952820162797241
XLOC_006323	-2.62163626194084	-0.093336846493048	-0.514253340370096	0.398891949414571	0.785645983107103	0.504519395867107	-1.18625412151897	-1.10855387665525	-0.0303886624568142	1.41486612893259	0.732546857228008	1.71795279488563
XLOC_006325	-0.767635820743603	-0.413522099475391	-0.481120281486867	-1.34954820966495	0.724599463525552	0.736733725432951	0.185237820794923	-0.758529499400103	0.43533766269654	0.704227514819579	0.519694508443499	0.464525215057864
XLOC_006327	0.945340522334082	0.592567895813035	0.453761074842372	0.0218065960902987	-0.800644767412088	-1.03223436987075	0.708986327674742	0.276220926854124	0.332651286965753	-0.320957716754108	-0.477184941721104	-0.700312834816353
XLOC_006340	1.45048116030611	1.6858102672241	1.71219404265742	-0.306568760138831	0.34055823781674	-0.0280840215991418	0.646105465487739	0.946989591041764	0.865330331365664	-1.54503361760479	-3.19062864471134	-2.57715405184544
XLOC_006341	0.121792080989277	-0.840517295138908	0.210260064238081	1.04226718086658	0.751411917643521	0.935500628433111	-1.05411567392318	-0.732931604710953	-0.318473783817634	-0.121164084241464	-0.0904513800870941	0.0964219497486587
XLOC_006409	0.451875494829674	0.263128448343929	0.333411092069996	0.25747082265084	0.25326777930479	0.53115222631524	-1.32950779370912	-0.849522246021817	-0.621001838342454	0.151681863114169	0.30752867650842	0.250515474936328
XLOC_006410	0.140626639532865	0.603421076612486	0.728846789753373	-0.590543130445448	0.0346939717432067	0.0810655116135583	-1.16439090543559	-0.603486991264146	-0.30531705815333	0.497644476575513	0.358873053384754	0.218566566082766
XLOC_006426	0.115549311654557	-0.685992257483557	0.494641389501311	0.856667967805621	0.547443080396127	-0.370505826406339	0.900415083238618	0.125233767098134	-0.0305497386580633	-0.613976114418273	-0.344917732969611	-0.994008929758532
XLOC_006435	1.85784453548059	1.85351254893497	1.41168032278126	-1.37746776232393	-1.66555517479803	-1.08147811057348	1.24138727177502	1.62102414044765	0.962022678349001	-1.67305860626249	-1.45932833418696	-1.69058350962361
XLOC_006437	1.52654075543582	2.55043108559261	1.79137352078562	-1.06742250492533	-1.06742250492533	-1.06742250492533	1.07217458820691	0.531437584456369	-1.06742250492533	-1.06742250492533	-1.06742250492533	-1.06742250492533
XLOC_006451	-0.591725017953125	-0.473068012835892	-0.346229731781877	0.129415959098885	0.175613758091657	0.219410422525261	-0.149887079115164	-0.407581183528951	-0.127988841110252	0.561031234243305	0.555426919197563	0.455581573168585
XLOC_006471	0.433549603825847	0.125011791769124	-0.0807938264513837	-0.386639926988261	-0.270257300111034	0.426999850731214	0.79008365216105	1.11659308912239	0.804385655652517	-0.809037273349764	-0.832933189555733	-1.31696212680595
XLOC_006474	-1.05205257269101	0.0424899793495346	0.173664755324152	-0.970332449757352	-0.50407980054351	-0.18645365351014	1.74021948257946	1.16613972734791	1.73043606203655	-1.01599667922903	-0.672751641105434	-0.451283209801138
XLOC_006507	0.283387652064947	-0.193636105359751	-0.161600899192612	0.707252195452904	0.427919192281921	0.330981452638568	-0.988621957521316	-0.729411230446292	-0.730524764549676	0.270798384947033	0.457639174593526	0.325816905090752
XLOC_006513	-0.25833539028183	-0.674739700934063	-0.35998493694113	-0.387957931206293	-0.137504693783601	-0.974473953243271	0.660637736257885	0.126001828944781	0.370761503372368	0.105679463454297	0.647140275115807	0.882775799245057
XLOC_006523	0.273166812180632	0.195016185366755	0.43878969789168	-0.197379031680158	-0.0746924381817253	-0.245695862043357	-0.261360314018788	-0.396095983544974	-0.429330722812193	0.0790200597064743	0.215438717486795	0.403122879648858
XLOC_006549	-0.539414300834266	-1.0317830044519	-0.670042291895138	0.490122203819706	0.439975514820205	0.39470059035178	-0.687264673050537	-0.0325594209897995	-0.503875991420679	0.55585717204973	0.972561022571372	0.611723179029509
XLOC_006550	-1.35268573393091	0.173108285306779	0.272442527564237	3.3804555211106	1.34398950843167	-1.35268573393091	-1.35268573393091	-1.35268573393091	-1.35268573393091	2.6346392953806	0.311479265791553	-1.35268573393091
XLOC_006555	0.460451434425295	-0.463016980890658	-0.504722718792776	0.60162889280492	0.755003940233142	1.19924969963602	-0.785650438659127	-0.27102689071151	-1.30524882160455	-0.626205661370197	0.186061268331973	0.753476276597469
XLOC_006559	0.485439957700654	-0.484826217984011	-0.0905088458598788	1.15746434921522	0.938490202224232	1.15861657182613	-0.489157758427572	-0.0169366963020661	-1.22051473493591	-0.345330546883918	-0.155966572252361	-0.936769708320512
XLOC_006570	0.0294446293264077	-0.385869342791548	-0.405871476552772	0.820219514915091	0.300089054844366	0.13039357232541	-0.751049815655335	-1.01465835230718	-0.789927025499534	0.994818029119581	0.636760349134778	0.435650863140738
XLOC_006583	0.739522857839869	0.00381292735274652	0.172867134459953	0.942915656850344	0.193478790538451	0.563706489745987	-0.597163074190748	-0.0396915900815529	-0.319732185098569	-1.10867309353013	-0.340206571354525	-0.210837342531831
XLOC_006628	0.612087621749146	0.0878678246351772	0.123452460694667	0.914471317513846	0.492195364516072	0.73399212850371	-0.537678333041593	-0.708169156753419	-1.23478454885506	-1.03373451340918	0.689374255507138	-0.139074421060507
XLOC_006629	0.686170201318108	0.300942735587885	0.280613159622501	0.328457100006833	0.338529200467422	0.824286123529566	-0.370806238493853	-0.19853775218503	-0.569985532429097	-1.23942832806439	-0.036325655059696	-0.343915014300239
XLOC_006631	0.380233563758749	0.274294596282858	0.38743047433704	0.219861264691037	0.174084151085128	0.16803405756604	-0.490323796325925	-0.732240279715068	-0.286308741199538	0.154972382611887	-0.199150676157069	-0.0508869969351498
XLOC_006648	-0.12679154132806	-0.083721554004093	-0.0989317602379174	0.0242648295726635	0.0638116147076424	-0.191995931127405	-0.0644822670897938	0.00347610321339609	0.12447674206387	0.0877566776240268	0.113864210504049	0.148272876101631
XLOC_006664	0.683358170309973	0.914801110062021	0.468463866849277	-0.193959399893179	-0.852355454508934	-1.35284708051378	-0.736795717115642	-0.141973141620856	-0.186453846492579	0.138666222607493	0.852455474055862	0.406639796260345
XLOC_006665	-0.360681920528964	-0.672626565601213	-0.0885988646679081	-0.0186474426049275	-0.276722884460712	-0.0908798506558988	-0.564472556383949	-0.178388472952388	-0.213732753901227	1.26923038145619	0.417717536222796	0.777803394078193
XLOC_006668	0.124005321143721	-1.69106326943038	-1.69106326943038	0.379156216118655	1.51442403976903	0.324008489068305	-1.69106326943038	-1.69106326943038	-1.69106326943038	1.99689502541997	1.21734767734078	2.89947957829141
XLOC_006677	0.380609182127206	-0.0338384427834022	0.225905502982263	0.311864919486749	-0.164208714000009	0.240310898649803	0.0944002228029825	0.241037191849628	0.490699180028387	-0.766432277114887	-0.161007520323296	-0.859340143705434
XLOC_006733	0.895919583533074	-2.28910031973897	0.489782251169422	1.36281096746792	1.14658580941153	1.011815283858	-1.20381771577827	-1.47630396842071	0.0538939720240017	0.420223795834866	-0.0059105305283822	-0.405899128832477
XLOC_006748	-0.115087492350464	-0.880115239145053	-0.7685425432143	0.800278973468084	1.13561469207453	0.708732771417256	-0.104143955399541	-0.316392848785114	-0.0324381277678834	-0.840994295721966	0.419786942350554	-0.00669887692609272
XLOC_006801	0.120860067612279	-0.739591620726831	-0.146708853528384	0.394388383821764	0.364611658880796	0.103962874558321	0.097384025856937	-0.122147903120401	0.230797694705532	-0.186763138772164	0.349027599335827	-0.465820788623681
XLOC_006803	0.840609588004354	0.803283630929526	0.82424888333863	0.0279047608649234	0.194290528091315	-0.134667763215949	-0.857617367874529	-2.19950627070796	-0.726460779988978	0.908669050180192	0.270288923359506	0.0489568170189765
XLOC_006810	0.304597362704957	-0.185044260148326	0.0817893694363079	0.313092159697453	0.181019637701638	0.312295696652415	-0.481800545315084	-0.257199742134624	-0.469981217579575	0.0122773425346097	0.233760981636088	-0.0448067851858571
XLOC_006816	-0.945352957211869	1.30527748811658	-0.945352957211869	-0.945352957211869	-0.945352957211869	-0.945352957211869	-0.945352957211869	-0.945352957211869	-0.945352957211869	1.04451412642914	1.96305798955929	3.24997405358995
XLOC_006829	-0.855934163558046	0.189048908923481	0.230589267160731	-0.646820173164928	-0.122062137347529	-0.905113929257809	0.587508417050631	0.377384851178744	0.674622744024254	0.241718855851135	0.0888331544485608	0.140224204690778
XLOC_006831	0.246399769654201	-0.247086405863253	0.0277995022246458	0.313668726978237	0.488573998000926	0.621402168981006	-0.903331376393548	-0.653319575942572	-0.600402827498742	0.163611976573108	0.278678259849412	0.2640057834366
XLOC_006858	-0.0868654726612945	0.479861265733577	0.496210553916031	-0.303184311653062	0.0873325412828745	-0.290309097292393	-0.0164118177286081	0.0144090919493305	0.133421643755359	-0.0628448730928124	-0.328716012870903	-0.122903511338102
XLOC_006860	-2.91479718505535	-1.11201218511151	-0.0285195936975553	-0.181640891334487	-0.39424268627054	-0.462924260222673	0.973233392782628	0.419626761540281	1.13203784977586	1.25682012059056	0.811011173538517	0.501407503464282
XLOC_006885	-0.310271169840834	-0.00597796913044402	-0.382020344973015	-0.303352184137275	-0.0268026071301986	-0.0181595548463598	0.144316887583604	0.583895599671927	0.0909596263136434	0.285730909088051	0.0211046167307387	-0.0794238093298221
XLOC_006887	-0.0911819176033255	0.55299914495883	0.70056153838383	-1.28922727780803	-0.0522221672042278	-1.3583591812268	0.774839554137152	0.461277353875325	0.484169549134088	-0.212246361618001	-0.0187200004203616	0.0481097653915068
XLOC_006889	0.969472819434781	0.947561469050873	0.540461272697913	-0.894132203206674	-0.572493348724914	-0.853366661403806	0.622943116620979	0.549945969307615	0.471721196966181	-0.646266892970976	-0.61773042822908	-0.518116309542894
XLOC_006890	3.01794853880066	2.82614737935234	1.92381801604563	-3.03111463563957	-0.765711031829693	-5.1013341211886	2.42962056560042	1.6607372801372	1.35970021630261	-2.30556550226659	-0.0335431521286607	-1.98070355318573
XLOC_006922	-0.470847164012556	-0.679918286130722	-1.58459106147023	0.544075403672099	0.514298678731131	0.601651132992609	-0.912538058644965	0.539171002641822	-0.474367109846877	0.439278848352929	0.676713132526539	0.807073481188224
XLOC_006924	0.834629465400244	0.439623033578112	0.163498185865963	-0.879416586665126	-1.17937932857479	-0.61587478981391	0.0972403542611406	0.393190353481245	0.074857090753552	0.566790200513799	0.216820166597216	-0.111978145397448
XLOC_006927	0.795256312949186	1.20457394879982	0.791579748258691	-1.78601238967201	-0.76848461598067	-0.879718742960979	0.470794393731553	0.925222457551082	0.666776769335146	-0.843504446358872	-0.485642040032855	-0.0908413956200933
XLOC_006937	0.0525423963157037	0.032376178650332	0.016954733900465	-0.277766535539302	0.296597368284261	-0.668503504010118	-0.0517332906315158	-0.335653147367249	0.355098435272369	0.340039921131833	0.294903943830208	-0.0548564998369931
XLOC_006942	-1.1557080820112	-0.402020903623828	0.165982376023053	-0.313975642799908	0.489190635257856	0.0930970811968663	0.531988492035696	-0.165869752220194	0.25278945026438	0.00806733127275727	0.287664167667845	0.208794846936676
XLOC_006977	-0.947064848839554	-0.627391847554522	-0.335935437752695	0.34506286839333	0.691056683599302	0.31544846835857	-0.319530650649201	0.0878929019558505	-0.468002714268499	0.550900495395704	0.412164156510014	0.295399924851694
XLOC_006979	0.687544894809027	0.533335282140531	0.619947816019589	0.0621978770876925	0.322281811720641	-0.659793331830282	0.0274304596552639	0.559964525012705	0.0514190724836476	-1.59638614158459	-0.081805268978953	-0.526136996535274
XLOC_007002	-0.686653849380114	0.418544604261293	0.686600518122639	-0.468725676576065	0.368035747051981	-1.23884882802299	0.245702059524407	-0.0030722942480006	-0.119252575203383	-0.0827769893539383	0.262043224559966	0.618404059264193
XLOC_007013	0.323722730424656	-0.0429159044450493	-0.118028477334521	0.0334993848470706	-0.274287185957593	-0.0859110047523455	0.38343418742412	0.144956105362288	0.00201322827106942	-0.0876240188475172	-0.0847614678716919	-0.194097577120488
XLOC_007030	-1.56419155576673	-0.530178294088452	-0.193699975205674	-0.325686101269467	-0.787503326691846	-0.933516551305781	0.437796826761246	-0.897159241134719	-0.109758359020929	1.85617699338051	1.60325743340091	1.44446215094093
XLOC_007035	1.98650100764083	2.38471932762333	2.36546592095447	-1.77838266412291	-1.77838266412291	1.04618432873139	1.18745687844778	1.69996852133962	-1.77838266412291	-1.77838266412291	-1.77838266412291	-1.77838266412291
XLOC_007069	0.0363097099259271	-0.262244508980901	-0.158658100975163	0.40317344941792	0.277437546231781	0.311187816273746	-0.149812614347752	0.0334177463299987	-0.161468370325567	-0.201921974657958	-0.0258454628516809	-0.101575236040366
XLOC_007073	-0.0853318581423326	0.830424217458157	-1.90040044871643	1.8859891459377	0.00323032356164221	0.114671309782251	2.6320176527796	0.924799580083146	1.29580142340554	-1.90040044871643	-1.90040044871643	-1.90040044871643
XLOC_007112	0.518856671519723	0.48401265425792	-0.268457077741522	-0.987941320833043	-0.707566964338858	-0.307188407489142	0.804578829849694	0.366921823631411	1.53388613997512	-0.123111870112432	-1.33811196886018	0.0241214901413098
XLOC_007121	-0.285552386973414	0.0214456150842643	0.0200306848086758	-0.360417542010935	0.147466274040921	-0.475760801507934	-0.208396461141255	0.0732569679895985	0.382253452455178	0.224854675466842	0.218129530262157	0.242689991525898
XLOC_007150	0.381285015449102	0.0762080695836724	0.117283529278492	1.01048734862999	1.58573968895414	0.750590971471715	-1.20737838920367	-0.031444596974664	-1.12393457554956	-1.89950624948341	-0.336056232667451	0.676725420511633
XLOC_007151	-0.965365725724415	-0.175411772533041	-0.472551791583951	0.0308737451458478	0.997244023791751	0.61307787658883	-0.506580700706824	-0.227915977720534	-0.277580748331617	0.506098552873596	0.220863003811034	0.257249514389311
XLOC_007155	-0.215218425109015	-0.288345376250695	0.365791374493916	1.17800870405954	0.720646511384959	1.07420467780935	-0.705001325671152	-1.92612691479196	-1.21462804986698	0.143311718829536	0.977927340337802	-0.110570235225323
XLOC_007156	-0.755468089635083	-0.401354368366871	0.0799636363919642	0.819464999152758	-0.346213648478954	-0.505745626054407	-0.974360081409663	-0.746361768291584	-1.02851108163214	1.69272072162151	1.01857797153953	1.14728733516294
XLOC_007180	1.50237319575645	1.46446188070164	1.2899445846192	-0.533612120408374	-0.176992820109369	-2.13928156811428	0.48277110343462	0.243721140174506	0.262049556462528	-0.0620317887622273	-1.0825887266109	-1.2508144371438
XLOC_007183	-0.792829145546096	0.336591575547535	0.217624638306333	-0.807158367903715	-0.334056003163628	-0.439888606289501	-0.380764515249992	-0.299834625506076	0.181620477104254	0.674983861836022	0.578538781094426	1.06517192977043
XLOC_007278	-0.512152011858035	-0.284499443090109	-0.152651500853331	-0.0396228140003725	-0.0139853998509487	0.0936615012369568	-0.161040564692184	-0.271751184328815	-0.131788348130987	0.529240876552642	0.533754648099382	0.410834240915809
XLOC_007279	-1.44130825666421	-0.644639874822718	0.374526897351029	0.110911927780981	-0.28337245974166	0.335151162366507	0.144325729564255	0.581488452568243	0.598486138703372	-0.0500380790062138	0.171071107137095	0.103397254763312
XLOC_007300	-0.570058877190623	-0.150245438545141	0.231388150038063	-0.696756137558734	0.0700877172092786	-0.483513248395708	-0.42305569537906	-0.399112889405539	0.585795775220069	0.843452403679734	0.0544210304825006	0.93759720984516
XLOC_007333	-0.634659658618797	-0.143198528413684	-0.011533090870957	0.0467258404353927	0.72945747245952	0.368249427890336	-0.73586282741187	-0.881467175004423	-0.111640562217347	0.776716012069516	0.176099532921953	0.421113556760357
XLOC_007337	0.536005525129529	0.270349473592308	0.0326402693649825	-0.492488533603414	-0.277441082247428	-0.607480534271224	-0.015684195131751	0.111502258759485	-0.0150438963411723	-0.0429665757155515	0.203434887510088	0.297172402954144
XLOC_007344	0.957203833440903	0.690042177052686	0.726612672262024	-0.261358715219317	0.0925905439446169	-0.454318762265296	-1.25856594136974	-0.683192469533592	-0.376052350888767	0.356170464641685	0.04531748547927	0.165551062455525
XLOC_007346	-0.878589638928135	0.233553173767832	0.842406201083844	0.523856152035869	0.507827827584811	0.557156337836026	0.171371249759989	0.340982062675789	0.973194123364196	-0.257834751340416	-1.98029855526996	-1.03362418256985
XLOC_007399	-1.61604902811097	0.11008032379759	0.44545864983353	-0.753596519562104	-0.587210752335713	-1.23038093895866	2.13280606263679	1.49799192156836	2.27400370475986	-0.949027807652271	-0.918481787429553	-0.405593828546864
XLOC_007436	0.0303166739793266	-0.323460447369478	-0.400324209187859	0.428068344676818	0.425718051140608	0.407300963756702	-0.00984716088532345	-0.112646589633964	-0.0482146724908565	-0.511982888671879	0.279619866436684	-0.164547931750774
XLOC_007449	0.0154961452383482	-0.698060775778524	-0.627181392393477	0.927953981831899	0.364273847761329	0.478203389206504	-0.13818139789936	0.128264431865051	0.0203989957342428	-0.380626684534813	0.239403473040504	-0.329944014071694
XLOC_007455	-0.108927203700102	0.222064916351341	0.255405274379312	-0.520177546939204	0.025388469505522	-0.112248820990651	-0.308696010392537	-0.00928107281291624	-0.169934351145029	0.708417299960567	0.0390642633853133	-0.0210752176016129
XLOC_007472	0.221780624034429	0.657342478788778	1.92064226711854	2.74278545228588	1.10338727582291	-1.59328796653967	1.01778865665872	-1.59328796653967	0.302713077989083	-1.59328796653967	-1.59328796653967	-1.59328796653967
XLOC_007496	1.01608953215664	0.594677578362358	0.411614858217742	-0.0855609838535143	-0.45631166724597	-0.877216886946127	-0.155903560524131	0.391257606410004	0.311241550209813	-0.813979603468504	-0.0545947744030375	-0.281313648915273
XLOC_007497	0.40290824589161	0.736345488320594	0.694574070062292	-0.641785417384991	-0.116197082610697	-0.915659196091599	0.195464799130104	0.342196303310186	0.314208533862394	-0.270891180990609	-0.66874876000746	-0.0724158034918165
XLOC_007507	0.743578297547708	-1.07149029302639	-1.07149029302639	2.33430017633977	2.13399701617302	0.943581465472291	-1.07149029302639	-1.07149029302639	-1.07149029302639	-1.07149029302639	1.34497509565193	-1.07149029302639
XLOC_007513	0.0819653532297897	-0.000828216312609875	0.0489144914221704	-0.621672016589922	-0.739240993277701	-0.112879249983032	0.426390912076255	0.188926652334453	0.277335410226506	0.370657690096849	-0.132416984733862	0.212846951511099
XLOC_007516	-1.69647332473054	-0.5038545495037	-0.193647869107799	-0.048791342417303	-0.37821305981366	-0.232379198855418	0.613847624278796	-0.0147772734511378	0.258766979305176	0.882834298264544	0.720279804474662	0.592407911556374
XLOC_007519	-0.481503231227222	-0.063109769358725	0.33759445014	0.231018003562612	-0.7679745597432	-0.53014308181609	0.176233145608578	0.0848301796874313	0.650476260400512	0.0700679967754176	0.580936287446794	-0.288425681476105
XLOC_007585	-0.541441273528553	-0.154761686108914	-0.259330111094204	0.489092562664842	0.0409852828971822	0.469895780734829	-0.0732591555251396	0.140684487771047	-0.170477749882989	-0.0567409137764567	0.0100819045768858	0.105270871271454
XLOC_007589	-0.23117624433406	-0.221214323189121	-0.0404470255103142	0.332516822513453	0.240850867205738	0.194479124061061	0.242964150129769	0.109806068013937	0.0857430848437151	-0.200313002222069	-0.30931822334712	-0.203891298165003
XLOC_007598	0.503272251800285	0.190112760032571	0.047418420659973	0.183047414653872	0.118301450243905	-0.121261722196751	-0.251790649904605	-0.00863530339361951	-0.110284595362678	0.0162036555398366	-0.31761131573456	-0.248772366338219
XLOC_007626	-1.22233985850811	0.346798872876973	-1.44631117412271	-1.74608363332024	1.14517702951892	-3.81630311886927	1.31561132317601	-0.0966546928589351	-0.620101246747292	2.02838573574085	1.50733123804089	2.6044895250729
XLOC_007689	-2.54950327017049	-2.54950327017049	-2.54950327017049	1.78657014865505	2.74994543999313	1.46931435565348	0.938393209031259	-2.54950327017049	0.13836910003735	1.89702121073736	0.358907676600661	0.859491939973686
XLOC_007701	-0.388716315126036	-0.451563343291156	-0.415396637920374	0.536595196479194	0.648962055125091	0.406696836366375	-0.394550337856829	-0.306844421772272	-0.211537325911481	0.422782905434387	0.020644637944562	0.132926750528533
XLOC_007708	-0.512408298902475	0.0317694355478544	-0.29312300331573	-0.229477329158859	-0.00829628891276268	-0.213143087821754	0.0727016010857655	-0.174691686246444	0.38870120804974	0.335234994650659	0.0797282489717821	0.523004206052224
XLOC_007720	-0.29486665755368	-0.323296633323189	-0.28668014888955	0.461843238253506	0.354119959005724	0.588564670251085	-0.77649382743963	-0.639843735598237	-0.449046358585628	0.297819868736385	0.620231712143907	0.447647912999301
XLOC_007721	-0.203468761488383	0.179630578945378	0.28218900524985	-0.299794936794054	-0.442341827076715	-0.739949223664788	0.0495435264045394	-0.131117415772656	0.0945168736568638	0.289288156431271	0.506057620272165	0.415446403836531
XLOC_007724	-0.423071143109935	-0.206601261532591	-0.523445898558889	0.944688497475157	0.634900387750508	0.532437329260561	-0.345563354254158	0.251693919460042	0.713778388570825	-1.34463054503752	-0.319117501971655	0.0849311819476437
XLOC_007752	-0.0847538158119185	0.372549529467769	0.148321868153282	0.187521473720182	0.193219909896721	-0.233131538460233	0.0649562868041258	-0.148333257506915	0.347236486191591	-0.533888101915363	-0.203259698393545	-0.110439142145681
XLOC_007756	0.439566150288355	0.0333932438966524	-0.120324516966217	0.289921598375352	0.116563051065876	0.424135996554014	0.0538178483394987	0.407088322500801	0.0059943303486385	-0.474528456395491	-0.498338655749235	-0.677288912258229
XLOC_007765	0.292069049686495	-0.368513520384357	-0.0940586805687627	-0.529533867349719	0.468284194320088	-0.261373333917159	0.933518247025147	0.542102895262258	0.22065258862865	-0.632903113349888	-0.166362224626328	-0.40388223472641
XLOC_007774	-0.199621418760938	-0.293159367836269	-0.500698312228786	0.585812433256277	0.666344568748555	0.295916588911586	-0.273648769160075	0.040523181838199	0.0560968473152208	-0.229834246523136	-0.112434979215343	-0.0352965263452898
XLOC_007778	-0.853411378018254	-0.183859993970262	-0.614837283692	-0.00279515716513057	0.657730590953048	-0.350080300707831	-0.584857523909614	-0.0743106937013049	0.461263541186905	0.652220562483101	0.282560937109706	0.610376699431619
XLOC_007779	-0.561860417979086	-0.357951899802466	-0.318909234861343	-0.0362728876443255	0.361618980329818	-0.228110343693609	-0.0199813131865296	-0.403827007394898	0.129996478952094	0.809381712155486	0.327098604155857	0.298817328968996
XLOC_007793	0.917730262290978	0.574397447258268	-1.67623299807018	-1.67623299807018	-1.67623299807018	-1.67623299807018	0.463364095062065	-1.67623299807018	1.89510729478568	1.11953562085183	1.23217794870098	2.17885232140109
XLOC_007794	-1.87158692202008	-1.87158692202008	-1.87158692202008	2.46448649680547	-1.87158692202008	2.3953545933867	-0.436920355726664	-1.87158692202008	0.024414122508668	1.43817310480893	1.69480138866278	1.77762525965454
XLOC_007795	0.433855024454535	-0.192955348935905	0.0972843156632734	0.839926073969941	0.522181894243403	-0.351502015466277	-0.190664846536399	-0.201000979262436	-0.15230340702553	-0.255304475748452	-0.189618389559366	-0.359897845796783
XLOC_007809	-0.256370411197302	1.0083445520578	0.52953194669384	-1.14409970386782	-0.821792125431578	-1.33080396622181	0.466920600446887	0.598843853532125	0.943106307781262	-0.0501957566816333	-0.394886173410586	0.451400876298823
XLOC_007815	0.240309130545509	0.221698825761701	0.297107397916539	-0.269496681232233	-0.284516908167237	-0.117346885325068	-0.139293823517459	-0.301435024196625	-0.113689344092254	0.0283453138461027	0.174117100376701	0.264200898084331
XLOC_007831	-0.93436492291204	-0.93436492291204	-0.93436492291204	1.13585456263699	3.74786104783893	-0.93436492291204	-0.93436492291204	-0.93436492291204	-0.93436492291204	1.86140369600997	0.729800076810421	-0.93436492291204
XLOC_007834	-0.86084023961161	0.202371731457162	-0.0588820349469774	-0.364131074633173	-0.739447586230946	-0.436563474992133	0.224766883209871	-0.304225554663869	0.0571611101538512	0.842165212750834	0.389168221977841	1.04845680552916
XLOC_007848	0.0851695064752978	-0.226126451599651	-0.0591478147888971	0.0704814002549412	-0.0523817034149303	0.326211710659203	0.373097057296018	0.63180356525934	0.242178721773685	-0.4884926803831	-0.484498993323493	-0.41829431820841
XLOC_007850	0.330008746461367	-0.485511149944176	0.131739389767816	0.804631373227826	-0.157648029429998	0.524701097755987	0.396509420787879	0.644748324746517	0.0333633947870107	-0.722125160979838	-0.848823395420349	-0.651594011760036
XLOC_007851	0.201771753796677	0.455132551101987	0.412374281897974	0.132568026684478	-0.465878686260923	0.196596726246775	0.541189711718213	0.519290987154188	0.201148448313565	-1.67281042515897	-0.374402053875448	-0.146981321618489
XLOC_007852	-0.0140586736142101	0.246177693549775	0.0985298063191475	-0.274271259256777	-0.302393126059835	0.0427023484215479	0.420384604277434	0.591367402209176	0.227926981211173	-0.412603789154886	-0.304273174739212	-0.319488813163321
XLOC_007862	0.306417403439106	0.446301567293162	0.388047854881773	-0.453792866265012	-0.382061151425088	-0.536090948695184	0.223642484714041	0.526135299575019	0.349606664758047	-0.258024408871528	-0.312773706106659	-0.29740819329767
XLOC_007869	0.795034570147306	1.23059642490166	-1.02003402042679	-1.02003402042679	0.883596751851281	-1.02003402042679	-1.02003402042679	0.578826068954912	3.65218432713238	-1.02003402042679	-1.02003402042679	-1.02003402042679
XLOC_007873	1.29723732114614	0.953904506113428	1.07326600553154	-1.29672593921502	-1.29672593921502	-1.29672593921502	2.87575904381193	-1.29672593921502	0.599275105313733	-1.29672593921502	-1.29672593921502	0.980913653373338
XLOC_007876	1.59730935766109	1.00941521692478	0.878605977920262	-1.0565402899312	-1.35607272361454	-0.90939807798185	0.43285376507853	0.54273848476525	-0.046047149189758	-0.434733712013212	-0.213169853486215	-0.444960996133155
XLOC_007887	-0.663079444548774	-0.376625952189382	-0.0568437794154448	-0.137733108988223	-0.648143443773104	0.106976273594262	-0.188349059594725	-0.465649088881894	-0.1998565068594	1.38147545282937	0.842404871527593	0.405423786299735
XLOC_007899	4.04668312164458	3.53488407328245	2.62202764354549	-1.13373275983028	-1.13373275983028	-1.13373275983028	-1.13373275983028	-1.13373275983028	-1.13373275983028	-1.13373275983028	-1.13373275983028	-1.13373275983028
XLOC_007949	-0.786262910351656	-0.00209504322339127	-1.75509790921767	1.16799871358215	1.44837307007634	1.28289534348484	-0.76914954751442	-1.04163580015686	-0.184024298590838	-0.0704661438838023	-0.105636314293699	0.815100840089009
XLOC_007950	0.386246784921066	0.0578710938453657	0.0182478674169904	-1.2720780472975	-0.287346289175287	-0.266800391496799	0.548250559631676	0.428717282549783	0.123816871805039	0.421919414003722	0.124530381762449	-0.283375527966498
XLOC_007959	0.267306762950545	-0.0599720799289738	0.237246550047397	-0.139191933907545	-0.492929717616928	0.0997305728725184	0.616494539351363	0.43480287700042	0.484106319405956	-0.721796636176537	-0.150772337181998	-0.575024916816206
XLOC_007963	-0.322911686005078	-0.065417368804793	0.0960349664060374	-0.213695581800318	-0.356951408260517	0.098428170434957	0.9035414323683	0.587136169069783	0.417714111532314	-0.229863653115146	-0.567631672753135	-0.346383479072419
XLOC_008001	0.767672640802459	0.191056308762792	-0.803630151830945	1.96939738519274	0.806632391201557	0.679419701649346	-0.896024338933767	-0.840134834808088	0.522847886695566	-1.97067751930578	-0.130557682688378	-0.296001786737495
XLOC_008013	-0.0338410893909771	-0.390507795841437	-0.395099216899515	0.503113403451934	0.33749943472748	0.56347984933673	-0.102351226425769	0.027004659179843	-0.351975450004739	-0.130223887744206	0.310486115325432	-0.337584795714783
XLOC_008020	-0.402225801902888	-0.402225801902888	-0.402225801902888	-0.402225801902888	-0.402225801902888	4.42448382093177	-0.402225801902888	-0.402225801902888	-0.402225801902888	-0.402225801902888	-0.402225801902888	-0.402225801902888
XLOC_008024	-1.07363529704893	-0.942570095937233	-1.04238455890167	-0.245642681150696	-0.196124541125945	0.672710838531184	-1.19895262558246	-1.22145770544388	-0.734366288753955	1.93106741326519	2.2372881659479	1.81406737620047
XLOC_008038	0.271688864684121	-0.129825019228377	-0.11299814904403	0.0999174703307126	0.158652092894657	0.34266803077985	-0.072162748012941	0.119107044547183	0.00187265084868926	-0.2852494123217	-0.154993125658594	-0.238677699819547
XLOC_008045	-0.940349982447303	-0.265015453003619	-1.09243514564774	1.53607042569387	0.988443541440059	1.13728426836588	-1.08475345503569	-0.930665527003725	0.204476702436009	0.68153296301903	0.232870804541521	-0.467459142358301
XLOC_008060	-0.137505408501383	-0.382379340883469	-0.138013839054519	-0.105130310322755	0.0209789383527665	-0.132016162449045	-0.200250737575828	-0.48536572424097	-0.360466639086155	0.907411298276319	0.486137441404026	0.526600484081017
XLOC_008071	-0.674198198047057	-0.683149311443238	-0.543478597690603	0.993676014597565	0.773487226307946	0.938614875831336	-0.583273095745673	-0.233318282319919	-0.695992406355304	0.350381510756828	0.204858171876129	0.152392092231983
XLOC_008101	-0.396399469663047	-0.716192008164892	-0.405985327768991	-0.373789959640848	0.129290068846306	-0.566750006686827	-0.172795345233942	0.0746321084770383	0.188209170249832	1.1202553689009	0.372427211897765	0.74709818878669
XLOC_008106	-0.00323076204903927	-0.106358704753714	0.260519123062713	0.244711335224271	0.411225278868305	0.414873739985958	-0.504390155226539	-0.894839295089904	-0.645725673919374	0.265137947152595	0.195525731083054	0.36255143566168
XLOC_008124	-0.425092617105274	-0.611853894831007	0.0141480788720667	-0.0991390613927035	0.0840967716105725	0.538401930077335	-1.1848596078738	-0.95686129475572	0.237005867340923	1.33286787126057	0.0689640360419341	1.0023219207551
XLOC_008129	-0.973204965549106	-0.973204965549106	1.39678697919745	-0.973204965549106	1.72347027681347	-0.973204965549106	-0.973204965549106	-0.973204965549106	-0.973204965549106	-0.973204965549106	1.44326042312921	3.22212204525271
XLOC_008133	-0.13695995552516	2.48586366856844	1.27120680802074	0.118190939449773	0.74464669626332	0.0630432123994238	-1.95202854609926	-1.95202854609926	-1.95202854609926	0.0378385375417485	0.464436842579064	0.807818889000413
XLOC_008142	-0.0185002854029248	-0.744006496554242	-1.00016276161293	0.320639377141337	0.897714286293948	0.918260183972436	-0.970984560804294	-0.727180927216896	0.407961302222839	0.414441771235034	0.6430393590012	-0.141221248275508
XLOC_008153	-0.543728874468225	0.0659674081743589	0.556726748887921	0.0375066197033336	0.207926815143726	-0.804868308835015	0.517130937411346	-0.0584881159784079	0.794561826503525	0.140952822783664	-0.305232061090449	-0.608455818235778
XLOC_008162	0.466500436638396	0.557664055758194	0.155735366951154	-0.3060127876015	-0.615237675010994	-0.670286077666234	-0.356628738208003	-0.565195281593772	0.308932921696232	1.32351238156328	-0.115236649516585	-0.183747953010153
XLOC_008167	1.28079694647654	0.289237503144224	0.247069203750044	0.0622343978163222	-1.11258009862839	-0.130725649229657	0.263229012223229	0.891350498786188	0.871800148069359	-1.25034506838679	-0.369723807124584	-1.04234308689649
XLOC_008169	2.89244957932969	-0.292570323942351	1.69556589047817	-1.81836434318004	0.0852664290980336	-1.81836434318004	1.43198852916441	1.90128408283029	1.37783752894194	-1.81836434318004	-1.81836434318004	-1.81836434318004
XLOC_008172	-3.88732643337791	-1.15650176720333	1.21513010993429	-0.481535964011749	0.941272807411238	-1.87225467487923	1.767819833051	1.26216610379182	2.27792068587762	-1.0915578144559	-0.0783426249296366	1.10320973879178
XLOC_008173	0.780150868144412	-0.115472887185998	0.742617807452287	-0.586082384720822	-0.154028443327856	0.300276715138907	2.03946460988103	1.41324035535222	2.14165045461296	-4.67333769515668	-0.864353886708404	-1.02412551348206
XLOC_008178	-1.31693022026753	0.110674933758141	-0.199183627699956	-0.448640929764641	-0.321347951259739	0.107438359838628	-0.174521618993245	-0.440205412055198	-0.0203346142407614	0.748150269039655	0.738770597379519	1.21613021426512
XLOC_008183	0.0811368221566182	-1.42232618892882	-1.15887222166462	1.03922216174146	1.12972159144852	0.803502514320273	-0.254679756489832	-0.554552248690379	-0.21657958443228	0.812887627149345	-0.0171958894875059	-0.242264827122781
XLOC_008194	0.0991475098648547	0.558357859256901	-0.455092623633349	-0.0743363672303712	-0.175481624372992	-0.575102278651284	0.572891258701383	0.963844737910698	0.587882907033744	-0.527140845341567	-0.507776388344405	-0.467194145193618
XLOC_008210	0.0236914111668796	-1.52103388628132	-0.763543103775503	1.34748213302945	0.458592052333222	1.48284613983564	-0.811974370172526	-0.569474140178851	-0.159181611823382	-0.148098286917615	0.701729195384681	-0.0410355326006737
XLOC_008211	-0.0664882588909919	-1.07570535313428	-0.394802655390732	0.815814958018903	0.807985706597943	0.743195691196348	-0.267281306343055	-0.201524771552525	-0.289449489475764	-0.0502461535724015	0.191485414878967	-0.212983782332428
XLOC_008261	0.687696437092554	0.560730556500835	0.81526384700712	-0.769218584642029	-1.18835817410806	-2.36489243053462	0.643566615173552	0.482396361360406	0.656817742379099	0.110707484672081	0.0358751237170374	0.329415021382005
XLOC_008262	0.677574069752857	0.335299790931371	0.215056617626836	-0.38366023353568	-0.23378155063498	-0.353736930799967	0.0351076750480122	-0.017977002327183	0.146599483694918	0.175941134992727	0.0246406299641855	-0.621063684713105
XLOC_008266	-1.51895903145408	-3.27844844923861	-1.77331849119129	0.420240482439938	1.26093078269356	0.794513460638876	0.351328563816724	-1.26144214502961	0.398812867855887	1.5764362006081	1.30132545598377	1.72858030287674
XLOC_008271	0.115999721797984	-0.536978039901824	-0.681922089208493	1.10521173146209	0.976857580120296	1.67518776064423	-0.962062385396373	-0.188814331986267	-0.30926962704723	-0.0814261518768316	-0.990303970632223	-0.122480197975352
XLOC_008295	-0.863657581353819	-0.749464842849784	0.184732351257485	-0.80993451034151	-0.133888760411019	-0.477989492201503	1.02907385320637	-0.557474752670636	-0.0633284706761286	1.23381218093738	0.430897058032808	0.777222967070362
XLOC_008324	0.838653721396801	1.28438311058346	1.22316073066107	-0.205668724857479	-0.583392252527513	-1.38373417665663	0.162973404373917	0.75062313696892	0.82519025806661	-0.308387737845291	-1.53631319367347	-1.06748827649038
XLOC_008327	-0.0310424723259368	-0.809409676223309	-0.785932062876809	0.563123288272144	0.178920873214124	0.451747269074206	0.00442775791186278	0.370779585845313	0.124717060425378	0.158100263964833	-0.243595139271269	0.0181632519894652
XLOC_008329	-0.756960174270588	0.435421816016986	0.344705573522458	-0.894527325125877	0.316295801901486	-1.40207434837379	0.18016697650322	0.306008981304131	0.53150900189525	0.0321881899467042	0.176881400708793	0.730384105971221
XLOC_008347	-1.29777192912534	-1.14916320272642	-1.25308655958616	0.277161159662504	-0.431393703885457	0.776172899710176	-0.737671392461344	-0.659971147597623	-0.89822848224371	1.86344885799021	1.82468285639055	1.68582064387261
XLOC_008348	0.588354663095276	-1.22671392747882	-1.22671392747882	-1.22671392747882	-1.22671392747882	-1.22671392747882	-1.22671392747882	-1.22671392747882	1.96948794464315	1.56905469144319	3.40917452806059	1.05092566510954
XLOC_008350	-0.423820634356741	0.325330631328755	0.144869682288665	-1.43051493425703	-0.662221232808763	-0.815627908050881	1.20964575092055	0.683606937919802	0.8458038336259	0.245899365285601	-0.0925926661410275	-0.0303788257548456
XLOC_008351	-0.163618732483892	-0.267243678372351	-0.0517295297852627	-0.296818967805372	0.133591566137897	-0.0342054801747231	0.487002673356338	0.813849636366403	0.456520529359429	-0.246633373800476	-0.597490850825908	-0.233223791972105
XLOC_008352	0.0821411539674077	-0.36936535520085	-0.114289988426076	0.330083251240718	0.0576711503790479	0.136986595386128	0.516069229839959	0.560241457048099	0.312134172584101	-0.514699303334244	-0.421999813212627	-0.574972550271661
XLOC_008357	0.324445794637303	-0.087953949574902	0.327146079172446	-1.19877910361723	-0.324554265664902	-1.94603901173289	0.789170206719992	1.1774690025487	1.08298278640546	-0.839509933145231	0.254842535114881	0.440779859136383
XLOC_008360	1.41981163771618	0.902476264148872	0.490791503243322	-1.43521210421695	-1.83273026989955	-0.722487519381324	1.6287648535749	1.2010453473063	0.646634790511174	-0.658022430313212	-0.844719002348302	-0.796353070341406
XLOC_008367	-0.754028502079473	-0.886648887120115	-0.0207953610493519	0.241073662860014	-0.631996614992781	0.796908869271752	2.04330936512937	2.01303126994486	1.6057180290885	-1.5278991606477	-1.24895751360232	-1.62971515680278
XLOC_008368	-0.221656113026128	-0.108403466615028	0.0133233477547385	0.144191692137687	-0.16899431385777	0.0714034902376284	0.349792542883073	-0.101735394969941	0.30259732256178	-0.143864805900453	-0.11154305029528	-0.0251112509103049
XLOC_008373	-0.0614721337419901	-0.237904736517955	-0.304550788546315	-0.328759852609895	-0.270757662431656	-0.619302793880124	0.281030368468775	0.0207275857475757	0.00192001681738319	1.09709599249813	0.174970623750648	0.247003380445443
XLOC_008379	-0.606567998780111	-0.545137330862601	-0.0437344110855067	0.976383603355947	0.345367279139145	-0.340673291317996	-0.618188075542287	-1.47173260308986	-1.3745184337338	1.25245603546718	1.05254901327862	1.37379621317126
XLOC_008380	-0.61895185823916	0.218832087449572	-0.574266488699984	0.460028161936773	0.994947214322432	-0.369229394658484	-1.4771200991598	-1.26299669355862	-0.891994850236218	0.852911477324022	1.45268022680978	1.21516021670969
XLOC_008381	0.741503366803244	-0.0211324742379118	0.5511202265041	-0.70536010179115	0.937729817789	0.180998998068579	-2.18153878902862	-0.380485031044322	-1.22127511937115	0.403678772523938	0.813965283986208	0.880795049798077
XLOC_008382	-1.27944914049518	-0.0694097099561777	-1.15320316564394	0.356702735277569	-0.0408154304050301	0.597175890531644	0.951732715003615	0.688124178351774	0.295779827795233	-0.688480224913595	0.127737996496244	0.214104327957845
XLOC_008395	0.176492932246325	0.146775247229597	-0.560833945042615	0.275330108669924	0.685761714719295	0.400425802550934	-1.11393368646705	-0.944322873551248	-1.10097450024795	0.834931477198332	0.953569517020437	0.246778205674016
XLOC_008417	0.271345095698273	0.576822132004496	-0.5494498801087	-0.906908870531947	-1.48781115598667	-0.674480839362104	1.48729187880583	1.4769557460798	0.595995559737279	-0.246773984278223	-0.189121948925894	-0.353863733132137
XLOC_008428	-1.38011689247815	-1.47012958136179	-1.35952946220064	0.72462809792346	0.314398900808004	0.978479224724818	-0.0273407198804785	0.479989070761415	-0.255158762929717	0.577254935337096	0.886847793839478	0.530677395456503
XLOC_008436	-0.409752998544595	-0.054982242552958	-0.672213339138087	-0.356029927532286	0.808643019567067	-0.0240849093922781	-0.618193717809029	-0.840932325848459	-0.58084435947197	0.923421572237101	0.793058960022098	1.03191026846339
XLOC_008443	1.2133893785399	1.14156260804245	0.332895656450199	0.156469264707484	-0.0490330869357072	0.388897295877327	-0.664080787375961	-1.2913299593907	-0.0585800370907865	-0.834151711024636	-0.355330473527535	0.0192918517279734
XLOC_008454	-0.0529773957871171	0.144427738995466	0.0637027148397635	-0.450671009714092	-0.258931758304238	-0.726625079672443	0.019844624720033	0.132556494142317	0.0519857753074664	0.629524151941016	0.205029869286708	0.242133874245114
XLOC_008470	1.2871761611516	1.26088312288832	1.06571550868555	-1.15530590033657	-1.76335715630817	-3.06388016252378	1.50312668084138	1.89380526428167	0.480570045080464	-0.286986422684185	-0.488708632075445	-0.733038509000828
XLOC_008471	0.307796680518924	1.14077393361761	1.10316594107301	-1.35930228812804	-1.56480463977123	-0.482570368584521	0.854718762842057	0.547126473434552	0.647065688813894	-1.45773358793182	0.254046640520468	0.00971676359508589
XLOC_008473	0.0854270869446436	0.158846124486082	0.0478940262525187	0.0445041777205333	0.912953081003118	1.60603691169376	-0.383579390662532	-0.593143144866739	-0.695843128797273	-0.921536995448591	-0.124770551062803	-0.136788197262714
XLOC_008474	-0.666788049504815	-0.99979473657944	-0.812298932334878	0.269540989127555	0.356487550721094	0.410003156489618	-0.371970982844392	-0.0980131306230172	-0.0815524920213804	0.274130630010144	0.692132904189299	1.02812309337022
XLOC_008483	0.177073672585761	0.520859325800268	0.658324881762732	-0.726299318274119	0.463530721497203	-0.330541053162566	-0.168492894773749	-0.584027637484027	0.553421756120196	-0.0112217496530302	-0.542414514309275	-0.0102131901093907
XLOC_008491	-0.209734258597704	-0.118460083292943	-0.226745318386792	0.303669025056216	0.27747203298977	0.32352769828363	-0.696197563357968	-0.761985918417949	-0.186746002872725	0.371338949790562	0.559171591399718	0.364689847406174
XLOC_008518	0.503023116104611	0.674796308465874	0.351253427239529	-0.559468604700513	-0.65838106303161	-0.76598342277884	0.500747620992806	0.230123307832839	0.418299922031293	-0.36572256265847	-0.0472047146657566	-0.281483334831774
XLOC_008522	0.137701721187496	0.595058689997954	0.346392704143448	-1.20923351812886	-0.148769607328481	-0.882185422756758	-0.0444078270328703	0.779008158077487	0.174817038845055	0.372126738421225	-0.30201601166076	0.181507336235065
XLOC_008526	0.589340236774204	-1.52314480553776	0.050707118433734	0.923735834732232	0.941382410538191	0.852974976756304	-1.28812992914166	0.289487338376626	-0.385181160711686	0.5403442947987	0.502605721593788	-1.49412203661268
XLOC_008566	1.80504498712121	0.290791760685911	2.34483790550354	-1.95983868464254	-1.95983868464254	-1.95983868464254	0.651237938555857	2.14720696100421	1.61150160821333	-1.95983868464254	0.94857226212862	-1.95983868464254
XLOC_008579	-0.270457132137142	0.403224693016703	-0.0187863692423997	-0.48650428956086	0.186047965620843	-0.756917519532969	-0.195329518276042	-0.211091720753587	-0.0391164791672889	0.573794135412546	0.588973036583459	0.226163198036754
XLOC_008611	3.61413552657101	4.18243225621574	3.48151208261814	-2.06887313157089	-2.06887313157089	-2.06887313157089	0.070723961561356	-2.06887313157089	-2.06887313157089	-0.0790060479298822	-0.404708131848427	-0.520723989333508
XLOC_008612	3.94281365562867	1.85288120660328	2.51815817752957	-1.2376022258462	-1.2376022258462	1.5869647670081	-1.2376022258462	-1.2376022258462	-1.2376022258462	-1.2376022258462	-1.2376022258462	-1.2376022258462
XLOC_008617	-0.0514720009069229	0.056240311462755	0.114676868863249	-0.218054815477913	0.0744113767270562	-0.0640848046117153	-0.125097777552151	-0.337071123128361	-0.131649167775263	0.315875378160596	0.268150476490328	0.0980752777483271
XLOC_008650	1.23276811563257	1.47320938386706	1.11740648490582	0.254494121134509	-0.135186576960465	-0.350756013401996	0.92612090499764	0.352853813859909	0.386458855226482	-1.41486532527583	-2.28930779868167	-1.55319596530402
XLOC_008655	0.0521438821268809	-0.105341873650687	-0.484646339702394	-0.268500274240073	0.173091670690341	-0.625074616872697	-0.0259913083777041	0.280965303762719	-0.0103741173147753	0.64790752039404	0.132745359225764	0.233074793958593
XLOC_008659	1.15873462808738	0.463043168566634	0.82551979420604	0.0739217477992007	0.423924429438315	0.786646332634828	-0.356522237878107	-1.18086832177978	-0.149874956703567	-2.6693524236013	0.208726783331413	0.41610105589895
XLOC_008660	0.401334130345464	1.01310139641843	0.855154847977991	-0.327735970852001	-0.750870856077051	-1.53596545282677	0.389714053583288	1.07523588713243	0.916796716449096	-1.18800256029662	-0.00801456457324345	-0.840747627281011
XLOC_008668	-0.443552451327117	-0.0851836668902246	-0.188494878458429	0.788634494867249	1.09829257460712	0.71615653126096	-1.40784908387367	-0.371582700047784	-0.743067711999183	0.0798386845885082	0.805702625033937	-0.248894417761369
XLOC_008669	-0.00274583672318762	-0.225781200194338	-0.498162642802137	1.02213741695226	0.756260744103336	0.46274596024228	-0.668627836262048	-0.620344236785455	-0.541675168038822	-0.120395780943672	0.328241441372231	0.108347139079569
XLOC_008691	-0.749900728440114	0.784858663791507	0.582469646022746	-1.80552903026599	-1.05975059198051	-1.56876243277074	0.917574746014187	0.077540043707625	0.851729114203213	0.172716846406196	0.676052795225013	1.12100092808686
XLOC_008695	-0.300575243888761	-0.504447928618265	-0.206886113696039	-0.384965219038651	-0.0906118983487003	-0.456791867768974	-0.0409252477065962	-0.0461165822744274	-0.335121227930652	0.729437337571533	1.1181322903226	0.518871701376929
XLOC_008696	0.743762469779584	0.857874320924848	0.806440118542664	-0.744576284162022	-0.93900608030088	-0.648719900919012	0.279224342572856	0.453059383259076	0.275005630580816	-0.56183407419002	-0.268794717727042	-0.252435208360872
XLOC_008700	0.992439926039257	0.821112306607382	0.437928444150264	-0.316464134883752	-0.400918202958285	-0.168362964709137	0.460707965449322	0.323670359825633	0.124371445499443	-0.998722677862617	-0.533601818397965	-0.742160648759537
XLOC_008713	0.438843731169813	0.319786294305873	-2.26772420793815	0.662188342829917	0.557635729565825	-1.29772075036451	-0.215597647027154	-1.15936496722218	-0.768927841684052	0.558578032066234	2.13660897495803	1.03569430934037
XLOC_008715	-2.66530838577363	-0.0424847616800266	-0.175700386201648	2.02084256197057	0.201848994403247	1.60547687592798	1.73370054863173	1.64864362013677	1.57106824730659	-0.792418681497381	-4.48037697634773	-0.625291656876464
XLOC_008718	-0.0968593009882328	-0.288847461459929	-0.227099733907257	-0.0861964295521371	-0.307974777034953	0.174318495036512	0.840947989566266	1.22115452047528	1.03607341859094	-0.805052035542805	-0.892460065724358	-0.568004619459314
XLOC_008740	0.311641192523458	-0.722417813065696	-0.594446453529331	2.49607689776672	1.84620623092334	1.02534594358317	-1.31364538610804	-1.11465210868433	-0.765370109032438	-0.657473860318271	-0.17865262282117	-0.332611911237405
XLOC_008751	0.734225091703028	1.01464708571142	0.681832140870702	-1.33168485487629	-0.310858733217259	-0.540574900072181	0.0966889183214601	-0.0440929694849057	0.00493934613093128	-0.263516347211222	-0.0767118627003871	0.0351070848246877
XLOC_008752	-0.588579668698832	0.476287147769993	0.604769277739527	-0.588390222967698	-0.112293455564707	-0.511606349705071	0.96006357218018	0.843566278030572	0.949177791097378	-0.649078789900239	-0.778524128346547	-0.605391451634564
XLOC_008766	0.181369223126691	-0.461946622406574	-0.408174184731891	-0.12312969635284	0.0468522855384483	-0.0405513090635328	0.491732369139143	0.217115138997475	0.575455909447065	0.0658582059598878	-0.287909308640975	-0.256672011012898
XLOC_008787	0.483062923033507	0.361505599710762	0.213206676180896	0.189958425508648	-0.27752342327468	-0.808182480565805	0.191073627441213	0.410062058817747	-0.0402011617688238	-0.304982552926374	-0.480249380381252	0.06226968822416
XLOC_008792	-1.44956440721566	0.0762296120220294	1.40923161849529	-1.44956440721566	-1.44956440721566	-1.44956440721566	2.57978099356737	0.149295682166045	1.23830796299219	-1.44956440721566	0.966900981462663	0.828075185372699
XLOC_008804	-0.533969850908735	-0.146193459449729	-0.170399990672143	0.581284617852801	0.220540997434139	0.54191660855195	-0.532867428765303	-1.30358650967263	-0.605386311966581	0.298803713433945	0.722704961522584	0.927152652639704
XLOC_008817	-0.965290915945488	-0.107922017322107	0.212032254404726	0.541651931465025	0.512091372526154	1.34818157614747	-1.10498897976444	-1.78698396129697	0.209800080786713	-0.0343025793762513	0.424327744244171	0.751403494131005
XLOC_008819	-0.0445306793386013	0.0312288704516517	-0.444672236216189	0.679025533773314	0.833905829519457	0.401343488171058	-0.484268047692765	-0.962015000128375	-1.19308776660831	0.128646437682699	0.46067100227726	0.5937525681088
XLOC_008822	-0.164841854675583	-0.16610841944073	-0.425070096021743	0.544631351595289	0.377799843478224	0.53677060050719	-0.61108082623352	-0.342278050732716	-0.284377659545449	-0.0674574893558617	0.387306482187482	0.214706118237407
XLOC_008824	-0.364219066907808	-1.00498936857776	-0.779518597663224	1.19477426610189	1.24984866188056	1.15260697383149	-0.781552816319456	-0.535034325890638	-0.974187787029507	0.243198606160009	0.258285959550085	0.340787494864357
XLOC_008837	-0.106881870838205	-0.0447457819774169	0.0326017569750228	0.043623833607592	-0.0930332943032397	-0.0955306344492488	0.313494092160141	0.0571534081304161	0.125047551706272	-0.0661653895477823	-0.154916916206581	-0.0106467552569658
XLOC_008847	0.029396461398095	0.584301039264968	0.439356989958299	-0.0371279889000684	0.455397833063534	0.733743040743033	-0.200716424698668	1.6696475376798	0.699838530294587	-2.38333432408461	-1.9567360190473	-0.0337666756716732
XLOC_008848	0.251257396617897	0.29852216612198	0.350029238157935	-0.34278865745911	-0.020898038368685	0.0583553109358803	0.172305625034316	0.0408875985669859	-0.0370514819077385	-0.246275976145801	-0.509170871666687	-0.0151723098869674
XLOC_008867	-0.858638183273412	0.598111327447868	-0.72490946130901	0.431146449128239	-0.533134957027478	0.765610761166644	-0.998336247092365	-0.761712400739643	-0.999969735385731	0.975930808223725	0.800663980768848	1.30523765809232
XLOC_008875	0.148123514116997	-1.31058277921958	-2.55844442499097	1.09371195094864	1.13326935686068	1.15741748253818	-0.108196281441563	0.301255194979374	-1.73223449761555	0.0126718299446864	0.471302153565109	1.391706500314
XLOC_008877	-2.13387886313058	-1.23014570178159	-0.796305991582127	-0.486196880817344	0.432236784329747	-0.0977055926185892	0.281827809097588	-0.520916297752579	0.371966285803686	0.895187289162053	1.53064218476085	1.7532889745289
XLOC_008878	-1.17075831238849	-0.85815728143654	-0.992296831529667	0.572859496110944	0.993473019113951	0.784780572145412	-0.789096145904658	-0.389030970752295	-0.210178817718676	0.457105694595031	0.871302514595378	0.729997063169625
XLOC_008879	-1.86692195876005	-1.17306483113284	-1.1923182378017	0.945314356320241	1.0898885908168	1.04120403621534	-0.605642440138548	-0.924036441696395	-0.517622312307347	0.716598757208248	1.08341835719655	1.40318212407971
XLOC_008882	-1.29068566382544	-1.29068566382544	-1.29068566382544	-1.29068566382544	0.612945108452635	-1.29068566382544	0.143980902467982	1.53451436497414	1.39718670638241	-1.29068566382544	3.06853297191254	0.98695392876292
XLOC_008891	-0.894154758699227	0.448074556365075	0.187986673625412	1.0428772052222	-0.335272479434752	0.852305553036751	-0.392060334940998	0.338330150546187	0.694235661504597	-0.850228146915081	-1.09869839155511	0.00660431124494831
XLOC_008900	-0.323710657540403	0.031343884429722	0.461999935224905	0.263376668568523	0.463474177043944	0.153020583449324	-0.527906622762522	-1.44452646333798	-0.564747782287212	0.579132750820288	0.518992052215326	0.389551474176096
XLOC_008901	-0.549006188872315	-0.411993106859563	-0.183143263889537	0.335308136904797	0.440686712135537	0.359687372251712	-0.56971945486179	-0.335517414355236	-0.733517626210454	0.22929034319812	0.97590082283232	0.442023667726409
XLOC_008903	0.66479506738418	0.806483705960323	0.726852425443818	-0.81398383078462	-0.525144149375004	-0.53788519327513	0.166357096634135	0.289756100499652	0.496241196417758	-0.408814274586973	-0.547999296282681	-0.316658848035448
XLOC_008917	0.416343519840242	0.431858400598086	-0.21558171102954	0.268700000008701	-0.401429133315041	0.638705305122569	-0.0508488411174755	-1.01086054369931	0.102057004427875	-0.814595224455251	0.601980183305414	0.0336710403137257
XLOC_008923	0.0923046402747927	0.190879488649309	0.0886466241756505	0.397165006328198	0.249579986965412	0.95525356777542	-0.618898896396803	0.0193037760590329	0.0484837234552478	-0.196238395536375	-0.697407176186189	-0.529072345563674
XLOC_008927	-0.915936472605171	0.300781293346279	-0.06403160597237	-1.29904063523244	-0.868599900731065	-0.579191955685038	0.82160197584631	0.387470048077133	0.528401006403982	0.762651984460001	0.285436490025802	0.640457772066589
XLOC_008979	0.789111682442877	0.378530246598022	1.15214350273239	-0.491716889956705	-0.243349111033651	-1.75440520753826	0.325720092489377	0.726693954513578	0.372424475788954	-1.26921217356355	-0.562377018457723	0.576436445984691
XLOC_008982	0.524937314673229	0.475672486815127	0.083586896066703	0.115626704279011	-1.34766400561692	1.28106337412044	-0.108311160331898	0.974536780131556	-0.256332901068688	-0.693433113816339	0.229656691701025	-1.27933906695324
XLOC_008983	0.236051118150664	0.802070295177466	0.418352449504255	-1.34564317003064	-0.612723512855952	-1.41306543698507	-0.497163775462661	0.173633390221365	0.977437481082889	0.0642614200661695	0.655412043791202	0.541377697340308
XLOC_008991	-0.256434101226758	-0.16008543642292	-0.207705115118779	0.287335046941193	0.313379973246668	0.818222599495171	-0.68014237917576	-0.855615414896388	-0.690571488822313	0.976806600791373	0.499938626751221	-0.045128911562716
XLOC_009003	-0.255461933991368	-0.0906053710799473	-0.142215185873873	0.0588527386221998	-0.104979012844069	0.057197856066713	0.451572133251492	0.27203415745519	0.116877660377259	-0.118514512664536	-0.0848486180538792	-0.159909911265208
XLOC_009005	-0.397195944436548	-0.0657715104743275	0.0794331665169103	-0.559784982651315	0.545843887732282	-0.281300244111626	-0.123527781252364	-0.229939125745927	0.61211410885318	0.40232106199897	0.135281058347364	-0.117473694776589
XLOC_009012	-0.086433633603133	-0.214892305282993	-0.575068794657613	-0.275211265568186	-0.526075620893103	0.301013374683994	0.336849543406178	0.0362027694978355	0.0448880977578598	0.523328264892704	0.567765030604059	-0.132365460837612
XLOC_009015	-0.964782410254186	-0.685829442931791	-0.194911625515201	0.0645188443719462	-0.508643408577115	0.569278740353688	-0.607743895277433	-0.502425963834594	-0.164453299576495	0.536099176018093	1.42726948478083	1.03162380044226
XLOC_009018	-0.543384702846594	0.227313891886254	0.210246109007171	0.382945586627923	0.106511737436305	-0.0681968398534272	-0.577155942233502	-0.757175919009192	-0.412331027312663	0.404227720542002	0.398313556142321	0.628685829613406
XLOC_009066	0.242191178448945	1.11699867202765	0.372246878526435	-0.037109523656425	0.0862737487947802	0.379699432254299	-1.06282636651951	-0.291652779805367	-0.717422656934682	-0.208054912344776	-0.525318781409548	0.644975110618214
XLOC_009069	-0.661958420004116	0.111843971743563	-0.31108497257791	0.930749603241984	-0.398282440877226	0.858972170609331	-0.406641593370412	-0.252553665338446	-0.554663334107202	-0.152545621221968	0.502758288299452	0.333406013602941
XLOC_009094	0.865845113849753	0.804052850044441	0.782804705695311	-0.392273333229198	-0.398740873644782	-0.375184515271785	0.111390546034087	0.0612858810474393	0.0833410254364519	-0.272099259420118	-0.683178449731257	-0.587243690810327
XLOC_009105	-0.871945401212619	-0.382901924734543	-0.12688671059702	0.635349153779232	0.820705889440522	0.388056679416506	-0.389964288483623	-0.550664461193044	-0.659903154628769	0.598391872879567	0.124416917635537	0.415345427698274
XLOC_009156	-1.09051872301955	0.435275296218133	3.21415786712653	-1.09051872301955	0.813112049258518	-1.09051872301955	-1.09051872301955	-1.09051872301955	-1.09051872301955	2.59743957183079	0.573646276702907	-1.09051872301955
XLOC_009170	-0.932664435015702	0.408238400383238	-2.40452555278932	0.518571070010502	0.652572156466512	-0.689658411964265	0.142831168742485	1.27601234062168	-0.160865503283804	-0.341695519434116	0.329564821453509	1.20161946480927
XLOC_009174	1.85770399675738	1.91837301223675	1.45156666439373	-0.782890440203318	-0.949479153474276	-0.0285429328980493	0.83868929061464	1.92180840573736	2.33210093409283	-2.85310992575235	-2.85310992575235	-2.85310992575235
XLOC_009261	-0.653329227843894	0.204039670779487	0.0378970909750249	-0.576193780521014	0.0187768797941033	-0.00032757675922479	-0.490964107929924	-1.8382490621573	-1.09210879810101	1.18123976365324	1.51818771001207	1.69103143809843
XLOC_009268	0.985915476951726	0.813403435289866	0.741300447536883	-0.67906325983396	-0.882173246941978	-0.624996147013952	0.807050973398901	1.14979059827522	0.494637000415231	-1.14847741602277	-0.843040739697827	-0.814347122357359
XLOC_009272	-0.33745669557421	-0.363660593763843	0.137510400696755	-0.333407435804459	0.204592550939867	0.109178157538583	-1.23000048574687	-0.198255064417869	-0.153416156961222	1.18271080352374	0.363262501575377	0.618942017994158
XLOC_009273	-1.40033433892502	-0.00623046659500748	-0.398316057343432	0.204037269678566	-0.0139168724120733	0.540017397579906	-0.590214113742032	-0.635535870548288	-0.337414264017794	1.84289657683717	0.587511365052266	0.207499374435742
XLOC_009331	-0.753796600884759	0.297414838917664	0.525507029605376	-0.357574931433816	0.641217092611765	-0.485378576934643	0.451221145720803	0.256214756798572	0.482423975629183	0.116126957687575	-1.02346485439972	-0.149910833317989
XLOC_009368	-0.949498425606706	-0.160953136520664	0.0442130574698529	-0.995794831143141	-0.639851321580347	-0.681803873116523	0.55190765573987	0.39590181810095	0.959605680743375	0.57962620638486	-0.210645579973485	1.10729274950197
XLOC_009370	-0.26016594761118	0.643652520722384	0.478739297394194	-1.30630172887567	-0.671895961341006	-1.26301429237413	0.747749634503201	0.240411300641416	0.568039617637771	0.448669334059518	-0.150293673499112	0.524409898742629
XLOC_009398	0.47875420115976	0.839385422883555	0.705783629484865	-0.603637352374421	-0.0253423785862976	-0.67550390882544	0.446698936104717	0.815054828828656	0.297332729520916	-0.39070099054307	-1.09767372309776	-0.790151394555481
XLOC_009421	0.837188663388446	0.880979585618535	0.523728095929442	-1.31033514888775	-0.656512189026655	-1.03700535642272	-0.0559533581616378	-0.354962643908676	-0.0547976395001886	0.534293942711368	0.284824741852411	0.40855130640743
XLOC_009441	-0.379642033058876	-0.127043065433176	-0.103306547905724	-0.188875525742353	0.00123474520026701	-0.0184509451631651	-0.0732952717583597	-0.141922674283142	-0.0906873464819862	0.528258883165871	0.107228104135491	0.486501677325165
XLOC_009456	0.611824474043469	0.7486858798569	0.876657239393265	-1.98213878631769	-1.98213878631769	-1.98213878631769	-0.547472220024268	1.73750963969264	1.21406308580429	1.32762124051132	-0.317973786595226	0.29550080627067
XLOC_009465	-0.0144610361106743	-0.0528678727331524	1.08278325617651	0.0538874785897869	-0.812287961736587	-0.788487449948562	1.18727772609897	0.500155283028686	0.652100827781229	-0.699137713666266	-0.288851202203996	-0.820111335275952
XLOC_009466	0.508082657066817	-0.142626974633633	0.288545015889301	0.289019529345834	-0.0137033441761529	0.348049471057313	0.36916775021764	0.66952934099424	0.241160726995215	-1.09040214119581	-0.0170220587000447	-1.44979997286072
XLOC_009473	0.486093593257114	0.874113106025578	0.566504790565873	-1.55323602217168	-0.519515198930894	-0.597036409145709	0.854600432731938	0.870650177863804	0.481150611546872	-0.475598015621694	-0.217245842386234	-0.770481223734942
XLOC_009488	-0.191602823995839	-0.0965324241390704	0.0515796720150723	-0.35364568576267	0.301693423784066	-0.539560955946103	0.438392365756377	0.369503301048948	0.349806920469396	-0.404984283935578	0.309654155836171	-0.234303665130775
XLOC_009489	-0.95986827374387	-0.0307041059255653	0.578175627601572	0.0350800207818152	-1.15137294442478	-0.329193269282919	0.576119052778178	0.458338400230891	0.958458006892334	0.174006658356513	-0.198644672279882	-0.110394500984285
XLOC_009520	-0.24857959492442	-0.0664811037507622	-0.0194013010122571	-0.139900815803948	0.194821438747978	-0.221441315676515	-0.0764213889764331	-0.0166247143170288	-0.00106637110199514	0.249793352084357	0.0484423606920341	0.296859454038987
XLOC_009541	0.627752380500328	0.0625260485101213	-0.363116531734737	0.160768116381923	0.0230280955573399	0.31964594049668	0.0722735092908575	0.764761522324675	0.0892983166782377	-0.434531474370277	-0.994937203581808	-0.327468720053336
XLOC_009568	-0.985275613362712	-0.205091990059052	-0.9377810295525	-0.772213867802487	0.521418892765638	-0.315550366694032	-0.111836730464881	-0.31483639587794	-0.306280355082825	1.35856975877072	1.08524455441952	0.98363314294056
XLOC_009583	-0.486724780626448	-0.127755806729267	-0.319949529587486	-0.0199786066037966	0.114491181105288	0.00419866267208135	-0.0268736784350505	-0.230760057845682	0.0744250219780245	0.355746123766975	0.243758393919986	0.419423076385371
XLOC_009584	-0.148296003464788	-0.888248767772769	-0.496965820578051	0.363538511969212	0.467576368552795	0.365219039728878	-0.408827090045442	-0.0712923702217196	0.01393619702678	0.22115719382121	0.403048950293197	0.179153790690709
XLOC_009585	-0.140699425116797	-0.63691016020475	-0.449414355960188	1.76503428981166	1.46220311069415	1.55534219934879	-0.860189736033178	-1.18607878065629	-0.707283890487828	-0.645506599728034	0.406755818782092	-0.56325247044961
XLOC_009586	2.19971752839946	1.10675719640767	0.712138960009723	-2.51109639411028	-2.51109639411028	-2.51109639411028	1.18070282225671	2.0323604159787	0.176775976097569	-0.52122931046927	0.397314552660879	0.248751040989394
XLOC_009634	0.0212865723821665	0.258231188221435	-0.0283690122731182	-0.50750299929399	-0.189723423354964	-0.376878960416427	0.815972489675763	0.576228745026313	0.400639272962178	-0.409737724425721	-0.313487957157756	-0.246658191345888
XLOC_009636	0.875131390263073	0.0146797019239635	-0.980006758669773	1.50652180187145	1.05842276034247	0.600366947887924	-1.97698320249593	-0.278992473635862	-0.124278234494888	-1.63306271823761	0.380811611843539	0.557389173401635
XLOC_009653	-0.471979088846817	0.525748527363936	0.778481621474056	-0.652697589453001	0.169216913951454	-0.380659849533643	0.326080216224749	0.0991227497729188	0.377227433119787	-0.357763314960947	-0.239879840286048	-0.172897778826458
XLOC_009664	-1.27643471222414	0.113241679225125	0.157885661824129	-0.535316056073078	-1.72176902127967	-0.0314636503601928	0.823387912095589	0.790785506106836	1.11918513513276	-0.553903664236126	0.444821924442738	0.669579285346031
XLOC_009676	-0.926703821909825	-0.391133581074696	-0.444758869886301	0.0327991237012677	0.628427518457785	0.140007151732033	-0.423346910304319	-0.619947627556502	0.00131223624112575	0.886512010698826	0.517342052517343	0.599490717383254
XLOC_009677	-1.26058789984877	-0.739723688599582	0.0917832799727911	-0.270321968681669	0.83777460313301	0.749367169351123	-0.869680799915774	-0.637928853107196	-1.16137540699555	1.32959732975484	0.510369011456196	1.42072722348058
XLOC_009678	-0.706121143731821	-0.45650852838172	0.225343515267971	-1.25027487418274	0.136323443223141	-0.105715119787729	-0.328269862795335	-0.290597773007531	0.337291797108899	0.46264348088359	1.00321492013667	0.972670145266602
XLOC_009711	-0.140489229610929	2.0276907488685	1.63604245388429	-1.26327661752622	0.368700159104917	-1.32604209986961	1.17756214204365	1.15505706218223	1.3267090589062	-1.35484047380189	-1.73414370404559	-1.87296950013555
XLOC_009750	-0.66261816685227	0.577515895886422	0.643967294993401	-0.912384181400421	-0.473315775187966	-0.819882194365023	0.633422315600966	0.397381531312415	0.348362857100793	-0.571306856639111	0.27182661674273	0.567030662808071
XLOC_009768	-0.0339519626591152	-0.211617628928632	-0.357107157829532	0.303759444560857	0.223647228922962	-0.100487387669167	0.525319648673559	0.110188989752928	0.279561510650836	-0.00938373495309364	-0.32574790373868	-0.404181046782933
XLOC_009771	-2.04709465248878	0.194090872184875	0.110295855986315	-0.184603552489076	-0.254229991599975	-0.179513506165236	-0.219132071819573	-0.610634792558611	0.161737267901025	0.984643664488717	0.773189834949071	1.27125107161125
XLOC_009779	-0.216602018531705	-0.474496470386201	-0.200675912300908	0.396180026250613	1.44770498321772	1.09617572924256	-0.14665629097185	0.596320956947781	0.507768744729393	-0.546407145382442	-1.87311433342281	-0.586198269392145
XLOC_009811	-0.563135938493796	-0.255877159573442	0.0512687171116273	0.608913622951848	0.279308648461165	-1.01372130115157	-0.574756015255972	-0.866102907658296	-0.88903424780471	1.38453985486678	0.615258148301624	1.22333857824475
XLOC_009813	1.3738671209587	1.59682800088029	1.6577313187569	-0.346208162107814	-0.426755534879334	-0.539304817962404	0.810144334500182	0.643984734051509	0.514398694081944	-1.79906794050033	-1.58779235047332	-1.89782539730632
XLOC_009815	0.983801412061745	1.21686368027621	1.51488663929273	0.279298651135075	0.764983416833864	-0.517141488955517	0.120259162081851	-0.157243153150644	-1.10893450572855	-1.11922298222785	-0.992540212850118	-0.985010618768802
XLOC_009817	0.0265634953630638	0.0891391137966497	-0.00507927632240701	-0.406018832572213	-0.107953442225178	-0.350100048741109	0.378914173569482	-0.000434570990711869	0.332339497018114	0.0685855185760778	-0.1112623879093	0.085306760437529
XLOC_009832	0.0937294766864323	-0.247287438197388	-0.0982213225271913	0.742825744846931	0.347046518268035	0.546162304025076	-0.380243387385551	-0.145830530245766	-0.415083994148526	-0.193187720604328	0.198067503380177	-0.447977154097906
XLOC_009845	1.06020922418911	-1.63366024145606	0.0637810934262508	-1.08923477514472	-1.25582348841568	1.31913416212971	1.57107012204678	2.2871254623494	0.709334050306911	-1.16958717705274	-0.251043313922593	-1.61130511845637
XLOC_009856	-0.0839498305608641	-0.204869647346353	-0.102786615508152	-0.266361744095914	-0.0192331347612038	0.238398151885828	0.59706843583814	0.451464088245586	0.276784734625063	0.447553799142091	-1.07118173814865	-0.262886499315576
XLOC_009861	1.19904348806388	0.555092080285917	0.459496481737587	-1.12498594991156	-1.08562366694956	-1.29361158175099	0.751058272009009	0.888543756770762	0.46975774249178	-0.0663713908822601	-0.557840620659179	-0.194558611205378
XLOC_009872	-4.18097063342	-1.93034018809156	-4.18097063342	1.61062314208314	1.11847807674362	1.26489520645714	1.0193775900433	-0.992543815658506	0.491247714139172	2.16322066133883	2.12454305117979	1.49243982860508
XLOC_009880	1.31694695372976	1.15992303871058	1.22443836851372	-1.54278374115613	-1.09240389694066	-1.21869265628448	1.08347853551949	1.25988123613917	0.832378162599661	-0.808374494658797	-0.847249845534681	-1.36754166063764
XLOC_009881	0.414857974780277	1.01812470618676	0.684266040408692	-1.33700255651244	-0.339184494842636	-0.713650920681284	0.920112215688716	0.782079771106993	0.228785311377272	-0.746627511478204	-0.785067892991192	-0.126692643042953
XLOC_009904	0.0258057782292465	-0.539009359607318	-0.112876381265439	0.787994088320566	0.890156751957679	0.450087025932141	-0.116864181944852	0.184987605671245	-0.526825364217538	-0.329539067774078	0.103564206133204	-0.817481101434856
XLOC_009923	0.0717697604239849	0.074651551545184	-0.100537625418481	-0.0966587910882613	-0.232883372414364	-0.424293760841445	0.409722308385478	0.0734975889174851	0.203365245854056	0.224776206897609	0.0310125707635303	-0.234421683024786
XLOC_009924	0.868755508760081	0.689648917931101	-0.944763830032099	-0.977388313630192	-0.0381110463405374	-0.0797473580480181	0.815131837052546	-0.0134197987660842	0.465375091402379	-0.731299431414111	-0.201978841014997	0.147797264099927
XLOC_009932	-0.185445081730041	0.169566647122787	0.350160219563869	-1.28772052571198	-0.454408075194826	-0.641563612256289	0.215386945559896	0.891170945068008	0.483519334772749	0.64732848261264	-0.2882149500905	0.100219670283697
XLOC_009944	0.0456555039123945	-0.446040815413875	0.160084224398021	-0.0438959670914514	0.225567770553445	-0.0770942835995605	-0.661764913873149	-0.794767822881587	-0.460821408840067	0.925650659941635	0.622046986685671	0.505380066208527
XLOC_009949	-0.695090404902286	-0.60772507997738	-0.770905304707764	1.03456548722185	1.02338638711992	1.10499928527689	-1.22295467341816	-0.250923618354385	-1.04596557878448	0.281540294965802	0.691826806428072	0.457246399131912
XLOC_009961	-0.043853139382831	-0.236305616954269	0.0474751171650389	-0.108095284412032	0.036169347552967	-0.658156284821382	0.623468804071159	0.647112711613353	0.949843127208913	-0.236379487789341	-0.581858533529898	-0.439420760721681
XLOC_009967	0.0799879691450105	-0.0859726559373257	-0.559079404893754	0.803480560428262	0.624188322336054	0.234579715245582	-0.319888641073805	-2.78660808974122	-0.412157672096562	0.965744563275032	0.799290220140021	0.656435113172698
XLOC_009968	-1.28802034174416	0.962610103584286	-1.28802034174416	-1.28802034174416	0.615610430533912	-1.28802034174416	-1.28802034174416	-1.28802034174416	-1.28802034174416	2.39993795310619	1.98656951467495	3.05141439030978
XLOC_009994	0.494872917344936	0.0181257904813883	0.0298575576473654	1.39241752296938	0.993212160305657	0.414958997314135	-1.0834006755974	-0.156406380244699	-0.434701268780085	-0.755223194260905	-0.518151654387879	-0.395561772791909
XLOC_010030	-1.75251749071586	2.07084109467138	-0.12738922922072	-1.75251749071586	1.45296981848355	1.07204950213843	-1.75251749071586	-1.75251749071586	-1.75251749071586	1.04325112820615	0.663947897962456	2.58691724133808
XLOC_010037	1.12515809484852	0.549322018654936	0.856467895340006	-0.487006861462882	-0.515922493929024	-0.208522122923193	-0.214991657461883	-1.31558331974752	0.149979114087331	-0.240917979246801	0.436805778215873	-0.134788466375379
XLOC_010038	-1.33445268230531	-0.162501950925601	0.260120152494191	0.186827562887633	0.0718349073810458	-1.15357243805336	0.36551311100058	-0.0808443826952461	0.252586553131292	0.253916934484075	0.247222483060191	1.09334974954052
XLOC_010040	0.342320176241703	1.75156400624798	2.44970309781244	-2.25164308411945	-2.25164308411945	-2.25164308411945	1.61877871517457	-2.25164308411945	-2.25164308411945	2.82269297632496	1.76495209781539	0.508204350980217
XLOC_010054	-0.381867350528459	0.109054560791548	0.333514675798556	-0.377856087502288	-0.338493804540288	-0.546481719341712	0.254453689812929	0.686457414538168	0.328360367114299	-0.683606185842875	0.00561800787141209	0.610846431828712
XLOC_010057	0.102646195736429	-0.0152192271294735	0.0965884748894652	-0.158131098712058	-0.0194104797515235	-0.264897651145528	0.318289443817788	0.313070497421491	0.460454395643241	-0.369764257142607	-0.5530958416445	0.0894695480172718
XLOC_010097	0.411937489443606	0.601511877785434	0.685027718140207	0.651705214474666	0.217786440631801	0.363620301590042	-0.836012095265799	-1.67693067828733	-0.750086889772133	0.330936688702121	-0.506138860310852	0.506642792868232
XLOC_010098	0.659763209531505	0.337718949079104	0.438302557065446	0.0838321113563154	0.274149570262435	0.231933281530931	-0.8127609385861	-0.305522075166447	-1.69731559642645	0.278089717058198	0.314544243552648	0.197264970742416
XLOC_010121	-0.286736331825337	-1.02972777877937	-0.709773507052538	0.260414744392632	-0.814072603835104	0.677223700303355	-0.0168090821319451	0.56628687608606	0.212253705251936	0.934865247307744	0.485337994324555	-0.279262964041989
XLOC_010136	-0.0826623604352452	0.107321613945926	0.216344690619399	-0.0325925690252404	0.410180562524564	0.152084169921364	-0.574210217707707	-0.843110483537932	-0.438025563429414	0.347461778843034	0.383137223944374	0.354071154336877
XLOC_010137	-1.16205686750526	-0.345963189172462	-0.388131488566642	0.218611661524187	0.766584027865702	-0.0718138477392563	-1.05263070171903	-0.808308091899276	-0.395552638384888	0.668336196774153	0.750917341138924	1.82000759768385
XLOC_010141	0.0631496292971017	0.085961762253782	0.141920174075497	-0.33507544219993	-0.555280423158657	-0.17257406260143	-0.351411022164498	0.364268046801019	0.523968427723035	-0.390235370410383	0.356915099751981	0.268393180632486
XLOC_010144	-2.15777191470788	-0.882357072832503	0.3318360848641	-0.186450910627847	1.75750472473403	0.0459771205419961	0.662028483940136	-1.63425013472603	0.978556170899537	0.473683975625878	-0.406452194599115	1.01769566688771
XLOC_010147	-2.03487589125584	0.24212332324849	0.411752343520821	-0.350159920833835	0.526015970872708	-0.659835961489863	0.223938590756719	-0.747941577338519	0.324362531337554	-0.0311675895149683	0.57044585140924	1.5253423292875
XLOC_010148	0.0397548584801708	-0.137422829600304	-0.35074254622349	0.662197495811228	0.406446863183248	0.617251346515147	-0.704524895997809	-0.359265613134143	-0.426829877320763	0.0513234631642714	0.125466844731664	0.0763448903907662
XLOC_010149	0.261268616793853	-0.216865970466547	-0.565201499410843	0.627767619672213	0.178214191136854	0.620053414480241	-0.585379729425735	-0.555387274647919	-0.302812238212932	-0.269201108101752	0.695670855763534	0.111873122419041
XLOC_010154	0.129475429500271	-1.54229777344885	-1.90313049487688	1.02678205589119	1.52986208437834	0.955855358015426	-0.243777038840415	-0.794771254160909	-0.157851833346749	-0.285797410311929	0.483452753682694	0.80219812351782
XLOC_010157	-0.901555570351415	-0.901555570351415	-0.901555570351415	-0.901555570351415	-0.901555570351415	-0.901555570351415	-0.901555570351415	1.92364445844816	-0.901555570351415	1.08831151328959	0.762609429371045	3.43787916170253
XLOC_010164	0.484304627204674	0.526236861585864	-0.104718899740017	-0.412200383133462	0.0541589077608471	-0.62598182523612	0.137074586146803	-0.293344802840908	-0.134665634214095	-0.387732119892781	0.601345163924814	0.155523518434386
XLOC_010246	0.0081023910772835	-0.0355172094824656	-0.162391704026131	0.184721448631452	0.246852076565999	-0.000806473520160722	-0.40801167094288	-0.765493712330382	-0.385807030458656	0.60827613275486	0.257220280054586	0.452855471676488
XLOC_010247	0.271981322435317	0.375674893885792	-1.43414591351599	-0.88715146986078	-0.414442633951782	0.814002509241706	-1.68186531602855	-0.366630635807239	0.780097998793259	0.501371827284102	1.03069241768322	1.01041499984094
XLOC_010248	0.192177642112172	-0.27426235216455	-0.312629394831072	0.220065453613424	0.435356601744997	0.412594296802144	-0.768185889893209	-0.322200900294625	-0.656489653337719	0.121691086919091	0.509621114944785	0.442261994384543
XLOC_010251	0.0102250190002877	-0.293949158322732	-0.343301871317328	0.605034245897366	0.556941682871409	0.560620087456844	-0.759034247383036	-0.576648792797512	-0.570316279909699	0.0126413013795066	0.481135967021046	0.316652046103858
XLOC_010256	1.14100776831792	1.0698209790786	1.0704795391987	-1.74149858249464	-1.19226508778986	-1.04929975432532	0.812856857828928	1.50397560206656	1.73346564466796	-1.08136369624092	-1.32983394088095	-0.937345329426988
XLOC_010258	2.06465434798852	2.12312926161203	2.60444726637086	-1.70022932377522	-1.70022932377522	-1.70022932377522	0.910847299423174	0.638361046780731	0.195771720753533	-1.70022932377522	-0.0360643240527574	-1.70022932377522
XLOC_010264	-0.116700204136703	-1.05127820734363	-0.418393580114656	0.606856008975212	0.385237465329491	0.534417560860507	-0.61463471493561	-0.425647800851641	-0.396467853455426	0.6593729087204	0.67814148859828	0.15909692835377
XLOC_010283	-0.25833685312393	-0.287601909133565	-0.126684740702853	-0.554883130165537	-0.561688651315203	-0.204046774164681	0.653188304584013	0.672421883995785	0.618586540165099	0.181073312296112	-0.0607777606150233	-0.071250221820204
XLOC_010284	-0.522410891459829	-0.0557477947445193	0.379260358839918	-0.835311734984165	-1.79068239731609	-1.17296319393667	2.00081509787524	1.5057257567201	1.9082593793185	0.0636440836709564	-0.451197428212351	-1.02939123577107
XLOC_010299	-0.325040410694844	-0.304630327538424	-0.407571403271867	0.283798275318507	0.534678797291118	-0.0100960914085286	-0.602216460422922	-0.775696968764052	-0.484231384532348	0.974462526636717	0.683794240361562	0.432749207025086
XLOC_010314	-0.75966971624161	-1.33010520146389	-1.22795579684328	0.860056860256053	0.727901777613113	0.804210606250724	-0.432713412723878	-0.66224995241	-0.136122870611393	0.494771278747224	0.961331656286038	0.700544771140889
XLOC_010333	-0.18376628691311	-0.533165400184949	-0.362281769422591	0.757700239363108	0.368425146124141	0.863236389621767	-0.38690056621676	-0.49340129935498	-0.250440563183642	0.0772195870752528	0.230630931525857	-0.0872564084341043
XLOC_010338	-0.806154850622406	0.137464124908997	0.106900461778999	0.338170095113082	0.237024837970461	0.781006183439863	-1.1521903517364	-0.818152036361214	-1.0641702239052	0.872067831637692	0.862733442338987	0.505300485437137
XLOC_010354	0.534642655289465	0.156029071623701	0.0167037617921704	-0.119665951164253	-0.0424413974809816	-0.0391026249103863	-0.704615544179438	-0.0635630608887237	-0.208232104424587	-0.0207138049287376	0.430167846429507	0.0607911528422704
XLOC_010380	-1.27862439283509	-0.0966684975460144	-0.413513134572312	-0.268656607881817	0.256918014946265	0.0388966562103015	0.021876906453282	0.361626683446619	0.779812075532419	0.236211413416832	0.215316093161535	0.146804789667967
XLOC_010389	0.81314799415046	1.03951891504231	0.80336005880547	-2.00249985428808	-1.35537285633251	-0.830605820413942	1.10732623875453	0.609478109921026	0.459661652236058	-0.154700361016948	-0.326604558189422	-0.162709518668975
XLOC_010394	0.353954838759699	0.444460241871905	0.638082307888289	0.624044536874009	0.255749970866408	-0.291159335343504	-0.266189341766878	0.0484759392309924	-0.888759233273411	-2.08834375698314	0.739760564061022	0.429923267814611
XLOC_010399	-0.378902419491395	0.708212928865407	-0.159041408922366	-0.217899511075924	-0.178537228113925	-0.386525142915349	0.348199361199426	-0.858062966464557	0.332856136463049	-0.523649609416512	0.692903405547654	0.620446454324488
XLOC_010420	0.966851731940103	0.65199576386704	0.514352612168453	-0.854624285878244	-0.990848867204346	-0.986689396144994	0.733874700714098	0.76827928398222	0.57700479767575	-0.875174389118214	-0.264854384382079	-0.240167567619785
XLOC_010428	0.376878460190557	0.0876038888541468	0.186938131111605	3.29495112465797	1.76729717881587	0.576881628115141	-1.43819013038354	0.900400240172409	-1.43819013038354	-1.43819013038354	-1.43819013038354	-1.43819013038354
XLOC_010433	3.65046998868359	-0.914453272978673	-0.914453272978673	-0.914453272978673	-0.914453272978673	-0.914453272978673	-0.914453272978673	-0.914453272978673	2.2817485991433	-0.914453272978673	0.749711726743787	0.633695869258707
XLOC_010441	0.774860398940987	0.100080546090705	0.0976129873544771	0.352161910733253	0.0701705056529871	0.652450025028276	-0.553415915552964	-0.0355420413809577	-0.426446132818767	-1.00421028099467	0.10841795103857	-0.1361399540919
XLOC_010457	-0.234002526892012	0.110217536391541	0.00894865622573082	-0.757631562675538	-0.708113422650787	-0.464672501055775	1.08304821147146	0.743139677784889	1.05459601307099	0.823937191046777	-1.0411471747846	-0.618320097932693
XLOC_010494	1.45542295744307	1.25579978291743	1.12183221700813	-1.6126866063141	-1.30383560777619	-1.48577674614058	1.11974659330419	0.799532095618141	0.369947912304812	-0.299547540800069	-0.576005192469689	-0.844429865095139
XLOC_010502	-0.344168278127685	-0.249097878270916	-0.502777097893627	-0.00230046748826851	-0.147921961002584	-0.153947644297141	0.234350209349251	-0.112949805450175	-0.122057535628519	0.536023436998637	0.35424200308586	0.510605018725177
XLOC_010535	-0.453833540595435	-0.438399326148733	-0.30539679124899	0.206786554625813	-0.298970507816513	0.591025883043379	0.917789830322411	0.723318070646501	0.777175174745368	-0.63487433550423	-0.438558880653767	-0.646062131415825
XLOC_010557	-0.178301491897424	-0.0024352095373068	-0.15771406161992	-0.325945011728966	-0.363836724189936	-0.273961673889024	0.132344825828682	0.407409380225627	0.586476048465798	0.102950209713359	0.0417180917028146	0.0312956169263039
XLOC_010571	1.7441643845995	-1.35282499466926	1.01716695007729	-1.35282499466926	-1.35282499466926	-1.35282499466926	2.67652040611376	-1.35282499466926	-1.35282499466926	1.44294362425275	0.311340005053196	0.924814597919092
XLOC_010572	-1.33706553972914	-0.228451947517888	-0.233082767568208	-0.227432865171982	-0.0235618757477329	-0.385049345291825	0.0265182624311482	-0.177853849960366	0.323511135615655	0.6217878029017	0.685439681956947	0.955241308081696
XLOC_010576	-0.343042174364514	-1.3525949547644	-0.853190536733118	0.0859797784351244	0.213469282288953	0.68378016191529	-0.0858318860325271	-0.31992129886702	-0.727310642929345	1.10613543515616	1.02840959994034	0.564117235955051
XLOC_010583	-0.24197399139558	-0.710408239172647	-0.0766227154536425	0.520313902963175	0.369336358885897	0.800907873111831	-0.439736555939266	-0.391088977192569	-0.130849260173862	0.019383372684449	0.180990275909148	0.0997479557730507
XLOC_010584	-0.195647655682958	-0.319497332981921	-0.313571810160196	0.52474944544173	0.3858577426998	0.525565141266602	-0.32405288724549	0.139443599109153	-0.267708754570641	-0.189482117343568	0.168734888472407	-0.134390259004912
XLOC_010595	0.360047012155529	-0.321958613156467	-0.280883153461648	-0.0492635982386895	-0.411215580394588	0.352424288731576	0.10690667231774	0.904306685281488	0.383876600484541	-0.299127784634517	-0.1221153294297	-0.622997199655265
XLOC_010599	0.514169001948505	-1.00573766444716	-0.0663831128811978	-0.832766237367848	0.130609053970224	-0.342130033358742	1.01175068779852	0.343353742965676	0.308478495436708	0.817846240026613	-0.300893365619674	-0.57829680847161
XLOC_010609	-0.151674368795321	-0.245212317870652	-0.250363727901168	-0.315275455190114	-0.875595610496261	-0.148582578167585	-0.315077835563911	0.00294433884117673	-0.0407325877915463	0.952216789535619	0.80029128228202	0.587062071117746
XLOC_010641	-0.0240107789989914	-0.313285350335402	0.530912575173469	0.231140115975942	1.36640793962632	0.175992388925592	-1.83907936957309	-1.83907936957309	-1.83907936957309	0.956689249348923	0.577386019105232	2.01600594989818
XLOC_010644	0.407563207802533	-0.0100273498775296	-0.18002723459337	0.188011809273912	0.697151441537015	0.48646065086495	-0.815741065972944	-0.883486500522415	-1.75198818712542	0.570749050159312	0.866251217624425	0.425082960829534
XLOC_010648	-0.807375847699034	0.19922341852632	-0.609443533065928	0.160881735578736	0.256339721326375	0.401354890832811	-0.70183772016875	-1.09390833400024	0.0999588280963994	0.62403466528817	0.67103140583087	0.799740769454281
XLOC_010660	1.23920302708297	1.36097380244851	1.18373661189353	-1.23111441717974	-2.11288241841619	-0.839781304792139	0.991736620821659	1.04202327845549	0.325269091548644	-1.63041143276525	0.288210968597619	-0.616963827695097
XLOC_010663	-1.38009139975601	-0.473873688657337	-2.85195251752963	1.91844911390696	1.32590374497701	0.186040735172876	-0.447735378241746	-0.550769475605067	-0.608292468024112	1.50960511719524	-0.117862143286799	1.4905783598486
XLOC_010668	-1.74849362885285	0.982331037321736	0.621498315893707	-1.74849362885285	-1.74849362885285	-1.74849362885285	-1.74849362885285	-0.149633539471148	0.939378741354994	2.23883140045866	2.44956060741498	1.66050158129133
XLOC_010669	-0.565914556874647	1.26652960569643	0.691674707398861	-0.488779109551767	-0.240411330628713	0.0870870942100224	1.21844367358673	1.46681452541779	1.06760439917662	-0.888076125137277	-2.1595690313093	-1.45540385198475
XLOC_010674	0.292274625150357	0.602015326963572	0.43810571576349	-0.242678430773259	-0.0517500735934808	0.190046690394158	-0.286277563953345	-0.413049224964724	-0.442764541960176	-0.0870814199286514	0.0778922871867058	-0.0767333902846525
XLOC_010700	-0.293968228091803	0.253776716765901	0.963621036181705	0.429053163836731	-0.425588785929619	-0.0371465757980012	1.02408314356278	0.573982649995573	0.0216330877570572	-1.50831947228277	-0.106033854936953	-0.8950928810606
XLOC_010716	0.414022074782967	0.921415003886488	0.69777055896449	0.0254086655702146	-0.239096790837614	0.116803753653884	0.23945239482524	-0.119998062396136	0.550918963966416	-0.533950578582073	-1.2383973338766	-0.834348649957299
XLOC_010718	-0.511472954428617	-0.824400074167125	-0.424179708516998	1.2075517294345	0.369816890694728	0.258582763714419	-0.871648747607519	-0.314042598761737	-0.129011600497325	0.0761915155753332	0.931899295250433	0.230713489309903
XLOC_010777	-0.233182058277697	0.318637394828541	0.462951165927913	0.847058952354074	0.63029839352007	0.3738640796741	-0.964949063958801	-1.26441872539906	-0.584057232159895	-1.14308551633154	1.01919198081317	0.537690629009138
XLOC_010809	-0.317838580055904	-0.170674726650421	-0.397150086398594	-0.638482736422858	-0.0422949495075509	-0.316846171657431	0.286595603184961	-0.0073227939551419	-0.052620846996926	0.512374911686565	0.577768723353817	0.566491653419495
XLOC_010815	1.3576504229028	0.431024980636102	0.494714673883353	0.819007507963563	0.370908466434584	0.00403176857852294	-1.32763976961031	-0.752266297774158	-1.76154872797385	-0.217282703958935	0.593783141419109	-0.0123834625007717
XLOC_010822	0.133489974701563	0.258988854627961	0.301374106686979	-0.126349703974472	-0.414067561528372	0.172366546309678	0.0731456052595867	-0.264524133351693	-0.0913924534211592	0.00733954004760129	0.118784778007447	-0.169155553365108
XLOC_010832	0.0954185744291243	0.836662630355359	0.354565409254773	-1.86055865885974	-2.05121589169485	-0.72907350823345	1.46618639092203	0.944927222159294	0.895747685106815	0.44840305069352	-0.24371461779724	-0.157348286335639
XLOC_010833	0.524686762567653	0.499853842060585	0.59403492904002	-1.13531173509664	-2.0543996889336	-1.35278006516886	1.25533039064222	0.806925490820689	0.669957056315333	0.164701606755311	-0.181524120913254	0.20852553191055
XLOC_010851	1.92318029860978	1.63965874005523	1.33160033683522	-1.17460183728064	-0.946262943933964	-1.88892546649817	0.873676812947815	0.983242584540804	1.2196030448289	-0.966634892639936	-1.89114791038731	-1.10338876707773
XLOC_010865	0.0653962545769953	-1.7496723359971	1.10912368971385	1.13766013920059	2.93255363475387	0.265399422501579	-1.7496723359971	-1.7496723359971	-1.7496723359971	1.04609628292491	-0.0855073362746412	0.527967256591255
XLOC_010866	0.968623745082536	0.981664373131072	0.992631448180961	0.729773751631268	0.379395802475472	0.506026029729523	-1.69570808785069	-2.10945921259429	-2.41156888136305	0.329032275428927	0.654922246866731	0.67466650928154
XLOC_010867	0.696084612254098	0.281039825934404	0.314411309476488	0.432655511109513	0.816585103720752	1.26083086312363	-2.39309872182295	-1.8805870789311	-1.78759797153777	0.627747631826376	0.778926083479544	0.853002831367016
XLOC_010868	1.95597116087479	1.63226527081178	1.99477287135741	-0.696345673504994	0.24293159378466	-3.22949879930128	-2.63349393460157	-1.76621937233743	-0.735226007261216	1.20148905230788	0.703575821730041	1.32977801613992
XLOC_010870	0.627906974670639	0.13602655211234	-0.0936534066756982	0.13796614854726	0.176932132321012	0.728157003193421	0.699326842747075	0.947112836965644	0.813912171439847	-0.918886775048101	-1.99780085758846	-1.25699962268499
XLOC_010874	0.504581646657929	0.328060350199459	0.568083550574969	-1.3579200568853	-0.288076787925033	-0.547871618972271	-0.485522664820127	-0.785395157020674	0.127890471575967	0.495465194423871	0.845350685624342	0.59535438656688
XLOC_010880	-0.779976770364419	-0.417740488750894	-0.269528090618605	-0.236750780426256	0.288837554348038	0.0839907554390464	0.274606111814641	-0.0141426285455886	0.300719282761873	0.079005301825509	0.199537267635378	0.491442484881272
XLOC_010898	0.217188411096998	-0.0625390802468822	-0.11280629584013	0.559850747492405	0.652439306666333	0.427785637225655	-0.78037285977894	-0.346295428865086	-0.522930826808201	-0.397691315552156	0.219857412704774	0.145514291905227
XLOC_010922	0.464157818102422	-0.0783234046950758	0.559744117599363	0.745773244863378	0.42802906513684	0.361830591869327	-0.124662984657173	-0.21606595057832	-1.07904471316733	-0.230828133490333	-0.241287839241255	-0.589321811741856
XLOC_010962	0.484305695370701	0.318261382680529	0.270070052026472	0.024273086078261	0.16323777645181	0.0508375388362312	-0.460647385841922	-0.229134576166271	-0.207607467413419	0.110041664611334	-0.0763327967068888	-0.44730496992681
XLOC_010964	-0.378661372037685	-0.371441200791195	-0.0983889642882971	-0.256867452961992	-0.144933246613857	-0.0510128362155813	0.576061773332085	0.229849279701577	0.180811225507991	-0.0565491388822492	0.127534334488325	0.243597598760886
XLOC_010971	-0.499919809142918	-0.0286120812594657	-0.123353326211211	-0.550508568643151	-0.177159784729307	-0.30234962937889	0.243647997588575	-0.190019270866953	0.0537156735085649	0.583775302232469	0.366078749288794	0.624704747613491
XLOC_010976	0.4923916211837	0.566794989475783	0.328749988470564	-0.591348876623401	-0.537205084006651	-0.360435773127678	0.881673624649517	0.835090233350872	0.690486914013329	-0.882715368131297	-0.813907426598952	-0.609574842655777
XLOC_010984	-0.362945443513168	0.435427224244396	0.00494151803546927	-1.06621099937513	-0.371768321557896	-0.158062453543998	0.421257077226531	-0.340828277060287	0.261017108696494	0.100274988939122	0.530408821823036	0.546488756085421
XLOC_010999	-0.126922872836396	-0.0232293013859213	-0.729030148101809	-0.355772715673109	0.607602575664963	1.18585487493786	-0.159428033002622	-0.148389324409686	0.126698376073076	0.721208200516919	-0.0559576789592429	-1.04263395282404
XLOC_011002	-0.493789680732487	0.0270745305166966	-0.731983034290296	0.496476250434609	0.287720245273913	0.12818826769846	-0.624939517430561	0.516266585645498	-1.6947780154725	1.6055151247497	0.425816121933591	0.0584331216733736
XLOC_011015	0.458311271647191	0.2455826899865	0.211932217036066	-0.00638692360702819	-0.0255370803893129	-0.722477271965525	-0.0770570639813242	-0.0073858572864749	-0.421522520694411	0.424248508818738	0.088173903523268	-0.167881873087682
XLOC_011018	-0.251331274942133	-0.342522101277649	0.124117654147451	-0.638124264678269	-0.0129133495792004	0.0181866723116633	0.278707187170783	0.279712864946676	0.249997547951224	0.523744062657718	0.0158414605984696	-0.245416459306718
XLOC_011022	0.952538852505911	1.05563104016449	1.13207973501995	-1.73219917353743	-1.34826958092619	-1.72273600676484	0.86347511113336	0.976728072229236	0.680561367883313	-0.162195833833502	-0.374000268511471	-0.321613315362832
XLOC_011042	0.670028748353193	0.44737977809147	0.487634261597202	-0.794966040235831	-0.413686227761435	-0.496529737115939	0.749062318019794	1.21255933330174	0.711101146301441	-0.889053391548471	-0.80743113864407	-0.876099050359089
XLOC_011047	0.750799208845837	0.157676877799662	-0.143028523747548	-0.110251213555198	-0.448622680339825	0.0273487727628785	-0.562961951824875	-0.0614307313543936	-0.198399165859749	-0.00598773008812525	0.166595225147981	0.428261912213357
XLOC_011064	-0.459758793224331	-0.194597500007252	0.0800432383773941	0.394274330582114	0.436952862848473	0.264196385485977	-0.5293280430212	-0.518274876179506	-0.430435643568833	0.527547639321831	0.217874525730004	0.211505873655337
XLOC_011075	0.18893052858782	0.756750161489835	0.309566023022385	-1.63516008544844	0.232304074575991	-1.70258235240286	-0.0933784453350146	0.0906437190565006	-0.132255655179213	0.631215899984757	0.526596699427428	0.827369432220803
XLOC_011086	-1.18780951170165	-0.555297127062103	-0.152039276666442	0.353326048534219	0.759646950293477	0.0365141646661966	-0.224343741761376	-0.575817027262466	0.0642886980717838	0.72224215642265	0.0992643515661147	0.660024314899588
XLOC_011091	-0.131640249178665	-0.0767679739287788	0.106933845147588	-0.500436314281891	0.567746063202408	0.0315622654208996	-0.791130979863501	-0.84545036674189	-0.648391270620796	1.14573438003985	0.618601264215895	0.523239336588891
XLOC_011107	0.357998701662392	-0.299616049414198	0.809310643387005	-1.2008543898558	-2.70301408694389	-0.128056436398504	1.09645430919012	1.34455188305744	1.32124690320099	0.702096514154014	-0.102468342961776	-1.19764964907778
XLOC_011145	-0.506192752128878	0.0050321420509567	0.0717098468270772	-0.324772421460527	-0.38490968504944	-0.29826012369614	0.402477095332925	0.363250921879684	0.42034304727749	0.239116813982075	0.00549642537755268	0.00670868960722615
XLOC_011146	-0.65659976044247	-0.5013328215955	-0.754521039420101	1.28043220347896	1.1163257385482	1.08986055129351	-1.02985222878316	-1.58084644410365	-1.48785733671032	1.38686198054166	1.20619061458935	-0.0686614573964892
XLOC_011175	1.58155456724775	1.6644260661887	-0.066109655045794	-1.95870615589361	0.490383610386182	-2.01385388294396	0.70159874129789	1.03563705667307	-0.45758534858678	-0.340967346592294	-0.462537330759778	-0.173840321971378
XLOC_011190	0.429703183220477	0.567988363673681	0.496296775075876	-0.453500495819767	-0.262139747183516	-0.387216495462162	0.456057538925945	0.647804334943357	0.576395841620556	-1.14088008617775	-0.678597557826475	-0.251911654990226
XLOC_011194	-0.632552395430323	-0.364432158616248	0.08392848818941	0.351232505418356	0.369208053821492	0.363182370526935	-0.463080224103775	-1.07894486309603	-0.664487042202715	0.447470769821297	0.577129005013582	1.01134549065802
XLOC_011202	0.656818672170222	0.373164164926173	0.385127302900579	-0.177975677188435	-0.304742010835017	0.170213570340843	-0.31715578434155	-0.0286820536657668	-0.777936961531339	-0.21995459255462	0.0294205249521573	0.211702844826758
XLOC_011206	3.07439907659608	3.47072914528967	3.65963019403595	-1.28739398557142	-4.17472646076911	-0.155908834945133	1.02562176269419	1.67859818055615	0.776670215412408	-4.17472646076911	-1.26631551399795	-2.62657731853173
XLOC_011220	-1.15601519385139	-0.809523474483723	-1.32429293063169	-0.244948623787074	0.453578601934362	-0.458730065889732	1.05514276089321	1.27671631754316	0.846020185768404	0.0595933022398407	0.318747325539365	-0.0162882052747246
XLOC_011221	-1.67561628507677	-3.49068487565086	0.472131110745984	-3.49068487565086	1.33791436513829	-3.49068487565086	2.38972258273292	1.38738586554949	2.72826690785192	-0.694916256728852	2.05019207351711	2.47697426322251
XLOC_011231	1.70590055423243	3.41896610367904	2.86769769724704	-0.888062706128724	-0.888062706128724	-0.888062706128724	-0.888062706128724	-0.888062706128724	-0.888062706128724	-0.888062706128724	-0.888062706128724	-0.888062706128724
XLOC_011232	2.02377127654646	3.3646741119454	4.27051753600881	-1.0732181027223	-1.0732181027223	-1.0732181027223	-1.0732181027223	-1.0732181027223	-1.0732181027223	-1.0732181027223	-1.0732181027223	-1.0732181027223
XLOC_011240	0.921249961244039	0.331280446764506	0.289456393009283	-0.366089444609818	-0.72895685520342	-0.655985288954509	0.421782901694177	0.433298874803178	0.280721115509735	-0.0814455727432053	-0.0700344988458221	-0.775278032668144
XLOC_011278	0.125130369443239	-0.0283058216389698	-0.0148567513706706	0.248913077644824	0.602608117669957	0.220017279061572	-1.21533259383709	-0.639619183165751	-0.793427988055997	0.62067653881604	0.615287720350087	0.258909235082747
XLOC_011285	0.220661149542178	0.210411378458621	0.163697645436656	0.58783745750169	0.736068790092572	0.266546910523955	-1.28944616123087	-0.890341995945819	-1.09126180233217	0.887182592765891	0.170078249036052	0.0285657861512547
XLOC_011293	0.507504918811702	0.337487733199884	0.583421292156015	0.833976688064265	0.775454659217923	0.19648786419824	-0.977534689776352	-1.32124791004871	-0.903628012474982	0.000634840044874352	-0.119307940210676	0.0867505568178322
XLOC_011328	0.223325192390519	-1.05076270273448	0.49641542108712	0.35859586097507	0.141382089148625	1.60975112481488	-0.521551691605876	-0.78633304356446	-0.544625242563168	0.359084541913665	0.733475015374067	-1.01875656523596
XLOC_011334	0.65249076808174	-1.16257782249236	-1.16257782249236	-1.16257782249236	2.04290948670705	-1.16257782249236	-1.16257782249236	-1.16257782249236	-1.16257782249236	1.63319079642966	0.501587177230104	3.30786652899794
XLOC_011338	-0.852851013284753	3.31025097846149	2.0059450124262	-0.852851013284753	-0.852851013284753	-0.852851013284753	-0.852851013284753	-0.852851013284753	-0.852851013284753	-0.852851013284753	0.811313986437708	0.695298128952627
XLOC_011348	-0.426271906999012	0.543513647178536	-0.0530258049871311	-0.220376060522365	-0.441372444721243	-0.124004883733797	-0.38446057263529	-0.524285259070706	-0.525007538174669	0.720931583971004	0.749551285614677	0.684807954079989
XLOC_011353	-0.233018594474562	0.0790673719520312	0.149035832222106	-0.210016318685882	-0.210486753326925	-1.19256189687785	0.18320179760406	-0.179277229451415	0.0287195928494324	0.811087094387526	0.322365586208894	0.451883517592585
XLOC_011354	-2.24971876829322	-2.24971876829322	-2.24971876829322	-0.179499282744187	1.33116847471772	-0.234647009794536	-0.110121675160973	-2.24971876829322	0.438153601914628	2.691389431389	2.72160745342265	2.34082407942857
XLOC_011374	0.101337012501336	0.253984947337532	0.124956516805513	-0.0513875731565872	0.0434322279772985	-0.0315571473072556	-0.531499195502622	-0.919980625081354	-0.44286390499456	0.708940162828224	0.317463920686029	0.427173657906454
XLOC_011382	-2.32222160124422	0.0258117999279186	-0.174474205421473	-0.0500348813824631	0.945853744862304	1.49707861573471	-0.886937319473868	1.01220234535141	-0.0220195855416296	-0.449331896967974	0.221928443919651	0.202144540235622
XLOC_011383	0.131691617018083	0.105765172740475	-0.466650446977743	-0.0662229375953274	0.175065163006254	0.670269589187381	0.442742202226092	0.0961575729247057	0.630681654095357	-0.4044525312279	0.308656216803669	-1.62370327220104
XLOC_011389	0.157917954771777	0.648469643756395	0.79689306788332	0.285970457182913	-1.06110037923945	0.167087500619157	0.352253215634639	1.00884961716169	0.900804732413662	-0.850218160457821	-1.03691473249291	-1.37001291723338
XLOC_011392	0.151006721142078	0.691553992833091	0.970232048542087	-0.48806635840268	-0.488536775981547	-0.805962428504861	0.497573981880437	0.555219761292216	0.430692249876317	-0.485553543560991	-0.665253881411324	-0.362905767704827
XLOC_011400	-0.988093762880519	-0.595514577552195	-0.285307897156294	0.604614260365581	0.777982294681292	1.19477636398633	-1.68259522524875	-0.77809869305307	-0.166653718075234	1.12008900620309	0.791531278003247	0.00727067072653842
XLOC_011432	-1.96822821237529	-1.96822821237529	-1.96822821237529	-1.96822821237529	1.61265903063565	0.856338780479007	-1.96822821237529	1.2201986053862	0.719644157832552	0.0216388712657132	2.78834698093084	2.62231463534649
XLOC_011434	-2.80260848626736	-2.80260848626736	-2.80260848626736	0.983781108386777	2.15887166212083	1.21620913955662	-0.191531863068963	0.0225915425322203	-0.114736116059511	-0.00683986734534336	2.44068243902629	1.89879741365314
XLOC_011446	0.306147988062774	0.547198429825224	0.430454785669237	-0.831863151569683	-0.579316512845457	-0.756559267761203	0.441645580213535	0.280893953963036	0.435534763081447	-0.377948416369666	-0.0748542564852297	0.178666104215967
XLOC_011450	2.11270532083984	1.83448451241409	1.82262087488596	0.378390033481851	-0.0976836000049071	0.829371425575105	-2.24386805728638	-1.56790962621113	-1.92288063677497	0.273859421847986	-0.626274639057108	-0.792815029710332
XLOC_011451	-0.897929801012196	-0.897929801012196	-0.897929801012196	3.43814361781335	-0.897929801012196	1.11714195748648	-0.897929801012196	-0.897929801012196	-0.897929801012196	-0.897929801012196	0.766235198710264	1.86191763408747
XLOC_011452	-1.02281836201138	0.50297565722631	-1.02281836201138	-1.02281836201138	-1.02281836201138	-1.02281836201138	0.411848204282042	-1.02281836201138	-1.02281836201138	2.28694166481763	0.641346637711084	3.31661637004257
XLOC_011453	-0.685577396227155	0.00827973140005245	-0.39906185697042	-0.0675669499103293	-0.0297322612762718	0.50829925385146	2.12397689438764	2.05551577148555	2.39271046585225	-4.15482226034619	-1.24641131357503	-0.505610078671565
XLOC_011482	-1.5353302369741	-1.39846883116067	-0.906058143215255	0.914884455571619	1.35820865424937	0.844320912960332	-0.641397018133501	0.282836883847431	-0.557953204479392	0.501581253365442	1.41158345183272	-0.27420817786399
XLOC_011499	-0.0132834773807193	0.118505574406195	0.554756875023128	0.689916336435267	0.534975916250464	0.473855762036793	-1.36681585168201	-0.648039403756809	-0.651646572455552	-0.140272710965228	0.420273993734562	0.0277735583539105
XLOC_011517	-0.0177401032162239	0.256845425226027	-0.436832036786452	-0.0183808774076635	0.172626624246344	0.155653853674144	-0.102988462700568	0.245827907103696	0.351076118609191	-0.385107292411091	0.00580574858298011	-0.226786904920377
XLOC_011530	0.64891536089606	0.577088590398606	0.908062195721709	-1.3070618723928	-0.613507104579548	-0.175576721766514	-0.944041475246037	0.0732424019469615	0.131326831371348	1.21865998742509	-0.177799165655649	-0.339309028119225
XLOC_011533	-1.18110180989084	-1.18110180989084	-1.18110180989084	-1.18110180989084	2.69739749538432	-1.18110180989084	-1.18110180989084	-1.18110180989084	-1.18110180989084	1.61466680903117	1.72730913688031	3.40944103783094
XLOC_011537	-0.29054498297185	-0.251991124005277	-0.310770663484712	-0.156288964952337	0.629756346281942	-0.324584516134914	0.0187724594797416	-0.832181127133005	-0.348477501158118	0.972585180481158	0.332789376498082	0.560935517099283
XLOC_011538	1.24731008191717	1.33518889437931	1.26991920369999	-0.719893057637218	-0.331115070715494	-0.846322201998753	1.06602515218113	1.05754277508896	0.628717564378178	-1.21348024839772	-2.13250905982326	-1.3613840330723
XLOC_011539	-2.46662102169537	-0.622692067388826	-1.54665404839832	0.351981372020454	1.00112144454168	0.482605410898017	-0.330059899315995	-0.953538636409781	-0.551239731517784	1.22984204915319	1.24492940254327	2.16032572556947
XLOC_011553	-0.573082536409394	-0.485717211484487	0.123050687796216	0.384959285152327	0.780332508137098	0.0339636015424034	0.267334730508851	0.271816676823465	-0.67747541501556	0.281590039152158	0.530888335617909	-0.937660701820987
XLOC_011564	0.873091966814316	0.506927253720141	0.146094532292112	-2.22389741245445	-2.22389741245445	-2.22389741245445	-0.0843003193222018	0.114692958101503	1.34744288040142	1.08586261437456	1.05069244396467	1.63118790701682
XLOC_011580	-0.154792523731837	-0.219901833351912	-0.141889194328773	0.74653060169098	0.330021651354267	0.722458074395458	-0.535816991306298	-0.248751242704456	-0.205689365903522	-0.262281338066703	0.213951910256281	-0.243839748303499
XLOC_011586	0.102501679061613	-0.793122076268797	-0.163543850776287	1.34088772045853	1.0750685294564	1.55154951620358	-0.928868378581921	0.397339679393037	0.640001405088057	-0.556673117728432	-1.78459857355661	-0.880542532749181
XLOC_011588	0.277693365741095	-0.318907579105249	0.582959056775776	0.931757803591818	1.19062404026522	1.43724607292788	-0.45552152787223	0.421802882064727	0.629733458705116	-1.78063049026534	-0.586214000834159	-2.33054308199468
XLOC_011590	1.50422862325546	0.0153898045471856	2.47200817183579	1.37182044880846	-0.0187596192648236	0.109132131226898	0.534918010717051	1.00421356438293	1.15335344937326	-2.7154348616274	-2.7154348616274	-2.7154348616274
XLOC_011599	0.749407086858501	1.23002158341965	0.78065782500576	-0.917691881788458	-2.80045070416452	-0.225493053619132	0.99901769196949	1.09770175903297	0.682281830024955	0.708972858572986	-1.79567052967143	-0.508754465640769
XLOC_011601	0.497621590612609	-0.514617046130061	-0.0393479367381264	0.62693232243689	0.845144231825241	0.907071616909015	-1.18027940911221	-0.334851273466501	0.00742646519121326	-0.299643175592671	-0.106116814395032	-0.40934057154036
XLOC_011607	-0.204151854601912	-0.172451907398854	0.155721971840373	0.46569793357977	0.158520532661491	0.306951593166049	-0.657671267922297	-0.564490970718698	0.0561996661073332	0.273708971999474	0.106767645724417	0.0751976855628547
XLOC_011626	-0.0516705364556564	0.688914934779627	0.794423624143279	-0.675697032169424	-0.446921342059683	-0.339475531985952	-0.0539460315674614	-0.106875611299381	-0.0195288514502785	-0.149205358953987	0.0370019728899713	0.32297976412894
XLOC_011635	-0.0425365301170011	0.156392117868402	0.381862888782935	-0.549772819778003	-0.550223149244639	-0.618904723196771	-0.250977249381435	-1.69741942084205	-0.0673017280318176	0.958842616006565	1.11211932848671	1.16791866944711
XLOC_011643	0.0112559854174421	-0.556662131879252	-0.305630408887115	0.513876553325582	-0.0171254418970701	0.43039108586497	-0.0401785840522386	0.468875830622643	0.273650654818141	-0.485017856201496	0.00962052796175072	-0.303056215093367
XLOC_011648	-1.34813508125028	-1.19146024202365	-1.35760282182811	0.719566464170976	0.367106409935876	1.07991128550832	0.606224379286229	0.500784462594229	0.981578794977684	0.0570017110198533	0.206439240395529	-0.621414602786652
XLOC_011692	0.386649583715952	-0.499332578381758	-0.350835148194195	0.657552452391539	0.0998742178860912	0.443463219572457	-0.189399283955951	-0.027016194606996	-0.794958240779698	0.0770340268011225	0.114035948401931	0.082931997149509
XLOC_011699	0.234976569366882	-0.106148158883254	0.0971175350452711	0.152640050411062	0.142561929909666	0.282755914432895	-0.134812735588007	-0.0641452232029032	0.0478115389528071	-0.131728582643184	-0.22885201401018	-0.292176823791054
XLOC_011701	0.497551152473434	0.490287592734533	0.0622350465942549	-1.27504110845032	0.261033456985944	-1.59229690145189	0.138394805192548	0.475463523233037	0.181643044320197	0.156965824202951	0.386851039814397	0.216912524350899
XLOC_011702	0.195001316900932	-0.11408684265302	-0.112954602544544	-0.401193655719021	-0.376189347848085	-0.887637147696388	0.118589023363683	-0.182227329130376	-0.259771202220644	0.89544727216763	0.41604356890179	0.708978946478036
XLOC_011715	-0.276088672713476	0.38709827905685	0.0734675635449022	-0.681477153966188	0.0814805600712152	-0.459674000490136	0.470881992878898	0.668028593282637	0.366991529448048	-0.583711879097919	-0.0479211409899278	0.000924328975091093
XLOC_011760	0.443618544895407	-0.846768026659445	-0.308523836473788	-0.922614707969827	-1.13137071313052	0.53331967454886	1.17072032558623	-0.0355420020777544	0.376493288061861	0.500460910539566	-0.141923727831962	0.362130270511371
XLOC_011778	0.466477732949521	0.386403537773528	0.320406000439332	0.247480543928564	0.309818499550321	0.507783132353973	-0.436873985191169	-0.391997120613422	-0.567195315046884	-0.795047520159303	0.0451237368597202	-0.0923792428441619
XLOC_011792	2.17590045575624	1.62818852499275	0.979016766904721	-0.464693981204457	1.59017653231643	0.80508193556671	-2.53491346675349	-2.53491346675349	-2.53491346675349	0.774846560075522	0.373497480017668	-0.257273874165131
XLOC_011794	-0.809513588630312	-0.284847168715852	-0.612682053861091	0.926102242071534	0.88500220465584	0.835929128550731	-0.549863592448148	-1.02821034286131	-0.446515753386632	-0.139523134920982	0.878479725887204	0.345642333659018
XLOC_011799	-0.440864119677745	-0.388111224302799	-0.364371541139926	0.475443607768025	0.640928607759266	0.616010372638339	-0.524924916299861	-0.337848003821628	-0.347030715695448	0.0663927635524288	0.374742882012226	0.229632287207131
XLOC_011835	0.29712988752015	-0.956071410947131	-0.816614009937527	0.835061475382188	0.874423758344188	1.54416235887156	-1.52907712398992	-1.30107881087184	-0.453708817372537	1.27333558375295	-0.143541540794961	0.375978650042879
XLOC_011949	0.892412274726466	-0.922656315847631	1.44733562889893	3.62556856844733	-0.922656315847631	-0.922656315847631	-0.922656315847631	1.41593405470832	-0.922656315847631	-0.922656315847631	-0.922656315847631	-0.922656315847631
XLOC_011951	0.53075112336793	0.797320514431089	0.447941967786058	0.43599274732192	-0.173534126149052	0.874926634904628	-1.03933354605507	-0.357556647303328	-0.716980430738809	-1.33613081978578	0.341758856199164	0.194843726021244
XLOC_011953	0.758648298917375	0.415315483884666	1.92044544193199	-1.83531496144378	-1.83531496144378	-1.83531496144378	0.775761661754611	-1.83531496144378	0.852557408764064	0.154552122197225	-0.17114996172132	2.63512939004652
XLOC_011955	1.66166022866245	1.14790937322891	2.03215850351175	-0.509662500523246	-1.01603056794816	-0.877950483259395	0.848673860732114	0.915275588199969	0.0753005366000714	-0.908959516108756	-2.18045242228078	-1.18792260081492
XLOC_011966	0.761183403411191	0.0625521327034368	0.726816789188672	0.150597393527358	-0.217697172480243	0.505819931935618	-1.84220552637578	0.0796458151205952	-0.394232775528701	-0.67525674240786	0.619360541046269	0.223416209859455
XLOC_011971	-0.107528771316697	0.529873702140132	0.55242931532911	0.534905727310869	0.825871229180751	0.975593605273393	-0.800869383462715	-0.584925033504928	-0.0773490821520415	-0.979058481620462	-0.260254502951904	-0.608688324225499
XLOC_011975	-0.85732784020734	-0.510836120839675	-0.306628018557249	-0.860038415237628	-0.165595737420396	-0.591877881805067	1.49321096510682	0.828362696036792	1.39248921260613	-0.527412792736955	0.00837794537103598	0.0972759876835472
XLOC_011984	1.82095343773954	3.05034876276563	2.08578620308934	-0.773009822621613	-0.773009822621613	-0.773009822621613	-0.773009822621613	-0.773009822621613	-0.773009822621613	-0.773009822621613	-0.773009822621613	-0.773009822621613
XLOC_012000	0.884321797127583	1.15925372129391	1.33456967732259	-1.37893026295103	-0.270833691136355	0.0770041195676532	0.780615675644889	0.620392477122011	0.395718052018417	-0.835310822686195	-0.709610380080758	-2.05719036324271
XLOC_012001	1.65301573402318	0.992433163952332	0.234556878435449	-4.34629248945761	-1.1408051802582	0.480417133377046	1.40321684301081	1.10028723358554	1.44646508213845	-1.0365324626286	-0.779904178774744	-0.00685775740366523
XLOC_012016	-0.192632207337445	-0.449135582553854	0.168609647082455	-0.0977615515603301	0.188012884720646	0.163611330763958	0.376993105671632	0.980018287438025	0.761458826313175	-0.458271851663635	-0.736287276512438	-0.7046156123622
XLOC_012041	0.648840024145659	0.356527525930057	0.377062084983523	0.161542130200464	0.00989819466384922	0.447262852074944	-0.277240789373645	-0.0971452080098434	-0.27553227008914	-1.25421086671238	0.169721002300256	-0.266724680113761
XLOC_012042	0.814098578343094	0.279802127737787	-0.296224102813319	-0.241076354994382	-0.111865897634035	0.153926600522579	-0.266042624615754	0.154651031529079	-0.267781891086016	0.242880361724017	-0.166203854144927	-0.296163974568118
XLOC_012043	-0.0546643718595456	0.123774125176616	0.505665673762055	-0.865301483823168	0.0667744677699735	-0.457137928339193	0.244020271995994	-0.526126343111286	0.0043038472516006	0.396323336462989	0.260335411065688	0.302032993648271
XLOC_012045	-1.54169631738335	-0.76151269407969	-1.09038437565874	0.880596099178545	0.840179716871823	1.46200945075083	0.00571972260712617	0.228504711473382	0.308648271501932	0.124125772966874	-0.161791575721677	-0.294398782507055
XLOC_012046	0.419440613648906	0.562080321686238	-0.586768522788196	0.102368709402751	-0.860625825311244	0.520389556647908	-0.0836864189937065	-0.459533501383492	-0.504014206255216	0.426725648679466	0.534895114293225	-0.0712714896266551
XLOC_012068	0.537955286727463	0.0739003540217409	-0.618166209581889	0.728721794043986	0.878600476944687	0.943098165022706	-0.1150841057874	-0.414956597987946	-0.902078242322355	-0.033448144021718	-1.08473429735467	0.00619152029538306
XLOC_012109	-0.987059099906173	-0.522168207293525	-0.940296409939566	1.11156256928841	1.63107070786488	0.411399973245852	-0.659132586289352	-0.0839908141237427	-0.88031241849114	0.0233973659856925	0.506881386090449	0.388647533568219
XLOC_012113	2.79671079438466	2.05514611810965	0.60177947746896	-1.7682124672776	-1.7682124672776	-1.7682124672776	-0.333545900984179	0.570377903278351	-1.7682124672776	-1.7682124672776	1.79817584340527	1.35241810072528
XLOC_012120	-0.322126287030972	0.953288554844407	1.37673535605314	-2.13719487760507	-2.13719487760507	-2.13719487760507	-0.70252831131165	1.05123194015643	1.0590069945169	0.658573741316943	0.279270511073252	2.05813213319675
XLOC_012130	0.51798147083946	-0.956458358373325	-1.67694984607624	0.289131628002747	1.25250691934082	1.58742701673023	-0.0175963900397758	-1.22174176202323	-1.35906942061496	0.583932959877895	0.457234725437385	0.543601056898986
XLOC_012172	0.267333313598	0.249522988710544	-0.0445469605578666	0.0512861561742817	0.0596315899959556	0.153993681790205	0.395326127506337	0.537498189495422	-0.52595985425149	-0.65926774447048	-0.326576159306716	-0.158241328684201
XLOC_012189	0.644817139676815	-0.448143192314972	-0.552066549174709	0.270076635992631	0.269626306525995	-0.347029455133209	-0.0366513820498922	0.0410488628138292	-1.37812441262507	-0.0786717535214057	0.690578410473217	0.924539389336775
XLOC_012208	0.8890048892659	0.995601325372857	1.34732689660782	-1.43327119582927	-0.39106154969425	-1.20084316465942	-0.489136407742868	-0.444742458993691	-0.146620852463197	0.69777288489223	0.0236301348102446	0.152339498433656
XLOC_012216	0.242831988835692	-0.168418217993446	-0.509310392533503	0.403834897251164	0.443197180213163	0.130832352505284	-1.18131117368237	-0.54682630303464	-0.137616636445197	1.02392331167914	0.518983395500429	-0.220120402295708
XLOC_012218	-0.942730761840018	-0.633427364801258	-1.14440417022284	0.452704626129474	0.325938292482892	-0.265568339728934	-0.733279633879826	-1.81671864321152	-0.14725665821343	1.66241264678138	1.73042449114694	1.51190551535714
XLOC_012234	0.765938060267458	0.653196524354002	0.72450170461383	0.39607490539587	0.224510272634679	0.422687381879295	-0.0459444395690003	-0.0965245066922877	0.278715217496862	-0.847372914811152	-1.58673256484006	-0.889049640729499
XLOC_012235	1.00225412781259	0.841259608307926	0.761494196232613	-0.689369932788829	-1.23940402336727	-0.900438115173419	0.74631519565329	1.26667857422168	0.803969602571382	-1.14200684547829	-0.735262935750226	-0.715489452241439
XLOC_012254	-0.868171534533965	-0.868171534533965	0.75695672696118	1.20204795101507	-0.868171534533965	3.95853808830069	-0.868171534533965	-0.868171534533965	1.02782950999479	-0.868171534533965	-0.868171534533965	-0.868171534533965
XLOC_012287	0.0871247223207154	0.129446301696052	-0.0493014700592136	0.303752861549233	0.0372070731967478	0.417485872094228	-0.946199695245673	-0.907088869050441	-0.392999876628626	0.681166253217313	0.614239336389852	0.0251674905198032
XLOC_012291	0.691492274458458	0.935593772500203	0.85951319459794	0.559977482206755	0.573996094168425	0.382350299094398	-0.55316291504001	-0.876679357995822	-1.43189750557279	-0.0965532015014228	-0.334661359898322	-0.709968777017804
XLOC_012324	-0.413660037595056	-0.44960049550971	-0.292429807169739	0.515460480465876	0.451839630868259	0.589422797767535	-0.313141154153904	-0.144409738300546	-0.146042964290224	-0.0147029617314871	0.212386990066429	0.0048772595825568
XLOC_012337	-0.0300468115638495	-0.443379780725762	-0.168924940910168	1.4598965570159	0.733132716144261	1.26017237756183	-0.722024682334601	-0.807777417807772	-1.27276088359696	-0.014025082656886	0.114432920984631	-0.108694972110619
XLOC_012341	0.55697391620359	-1.12282765157088	-0.821358151792232	1.32330980499976	1.04948862617607	0.959819110337396	-1.43423552557132	-0.713904360755627	-1.55469444908245	0.561139866934058	0.822111637591688	0.374177176529944
XLOC_012342	0.0119681477031834	0.245405051297016	0.149781130131029	-1.16628581852704	0.777669816834837	0.276302384457696	-1.46477893397942	-0.845629767534423	-0.00127873699965342	0.815404938297647	0.653905283032046	0.547536505287086
XLOC_012349	0.685831466191618	0.923969410315532	-0.15928600411311	0.32499570692513	0.342887790131154	-0.859021167687644	-0.12953640957115	-0.386055854940084	0.218809645671089	-0.758299517538822	0.0103869361257836	-0.214682001509491
XLOC_012368	2.79954080939953	-0.077263040486498	0.0220712017709599	1.2842754154735	1.09361818263839	1.22150993313011	-1.60305705972418	-1.60305705972418	-1.60305705972418	-1.60305705972418	1.67153279669493	-1.60305705972418
XLOC_012376	0.548763844883797	0.661975225484237	0.248068054455381	-0.131791157212817	0.158241425248217	0.347997921518948	-0.652104609746241	-0.69867992527512	-0.423138124197106	-0.267045559169907	0.134273108510228	0.07343979550037
XLOC_012379	0.739497984343698	0.0595665832474301	0.147219988447726	0.390251542179269	0.0636482424282843	0.658459911903039	-0.342959011042116	0.154434973912047	0.178150548518553	-0.770576141865017	-0.91838778427074	-0.359306837802179
XLOC_012384	0.735364039268492	1.32751080726122	0.54275923011105	-0.483198509391728	-0.58775112265582	0.0945980045301651	-0.517428096176102	0.0702216364189008	-0.597892145061178	-0.0150226534275397	-0.459468647996196	-0.109692542881272
XLOC_012431	1.18941132604929	0.506520928220944	1.3446265554432	-0.90516994160311	-0.566469537187327	-0.212971113433785	0.574115372473011	1.21152849250218	0.493651323587936	-1.38179950942823	-1.41696967983813	-0.836474216785978
XLOC_012437	-0.269028138652659	-0.816740069416151	0.633338432063144	0.320062434352238	0.103301875518234	-1.26087473346268	-0.950496660379366	-1.05353075774269	-1.40850176830653	1.73468016308821	1.40271247367789	1.56507674926036
XLOC_012439	-1.34413649061364	-0.908574635859286	-0.30040905547678	-1.0889855956387	-0.462529838825155	-0.334638088333433	-0.54812845798934	-0.820614710631784	1.659339429384	2.03708910356321	0.115384775231381	1.99620356518952
XLOC_012479	-0.513938108340938	-0.400833086103122	-0.436697514006893	-0.282344958241134	-0.057332316227896	-0.541057808462563	-0.0360413995052848	0.681074771750747	0.106366622970512	0.220180014705923	0.552238324539001	0.708385456921638
XLOC_012504	0.112084729711551	-0.179592329523977	-0.135425340391722	0.215869462035812	0.351923115595174	0.806772658298964	-0.891563265484511	-0.19866073018453	-0.0312176552152863	-0.126366901871713	0.134679864805211	-0.0585036077749557
XLOC_012513	0.0182634826242882	-0.142665565541249	-0.253550206859073	0.521651986158323	0.675144791317997	0.560625041560904	-0.926456784300628	-0.0434614021748132	-0.638959968939881	-0.406385795293074	0.65038729754651	-0.0145928760993179
XLOC_012526	0.019130486453852	-0.210164736134546	-0.0974006952353239	0.626356824331136	0.508515527434616	0.593104590746409	-0.544038538890359	-0.69241267810091	-0.72345534907569	-0.25614874399624	0.650671184924574	0.125842127542491
XLOC_012536	2.57399162919494	1.05973840275965	2.95295654250858	-1.1908920425688	1.50578319979378	-1.1908920425688	0.243774523724622	-1.1908920425688	-1.1908920425688	-1.1908920425688	-1.1908920425688	-1.1908920425688
XLOC_012542	0.829718422443502	0.671817640667796	0.391438045536319	-0.301763672360888	-1.32529991864533	-1.52893746657285	0.796061688647058	0.422420730372569	-0.145622263990997	0.336665405362522	-0.683891532486146	0.537392921026441
XLOC_012548	0.209608984281003	0.96136651846377	0.759264450920925	-0.667668894313362	-1.03543626939659	-1.39043484134035	0.779323701608933	0.624120815162633	0.712019115106398	-0.773247725768536	-0.248760468612296	0.0698446138874829
XLOC_012549	-0.6198419236424	-1.49143537145332	-0.467282941145871	0.688468786030741	0.159778970181786	1.4798604602257	1.77468593600137	1.81629290356824	1.21977570588907	-2.3836365439554	-0.784039357810014	-1.3926266238899
XLOC_012553	-0.879801031575042	-1.03728678735261	-0.159102569484644	-0.383307664356324	-0.220384267751535	0.538417893939618	1.8923208737386	1.96874944554637	1.43846668304837	-0.727610821615778	-0.799199554476159	-1.63126219966089
XLOC_012561	-1.16066311022746	-0.159037243908182	-0.551122834656606	0.0512304923653915	-1.22763788999226	-0.020071286396627	0.836879271419558	0.479587966054245	1.4163432848175	-0.622152779668958	0.384885400178828	0.571758730014581
XLOC_012572	-1.70339988929148	-1.1825356780423	-0.219539900667184	0.991204506942904	0.929955961455766	1.00066767371549	-0.627904285533293	-0.136558997129482	0.0181552420114919	0.273946791884168	-0.0438140752541072	0.699822649908015
XLOC_012577	1.8221541659917	2.08711021337085	1.73166228129111	-1.49792421278982	-1.46008952415576	-2.24518412090548	1.15086161982106	1.12191733968547	1.04396067992026	-1.13865504231782	-1.22596088748771	-1.38985251242386
XLOC_012578	1.70172962127898	1.9171376648255	1.80126618655375	-1.48383137222028	-1.9901994396452	-1.85211935495643	0.829053568114587	1.13601018025501	0.149037293143318	-1.12456220174828	-0.412878742327255	-0.670643403273673
XLOC_012580	-0.0198210211894683	0.168952953656434	0.176884137579769	-0.629736342876615	-0.352290725406282	-0.290148231623902	0.423811236272649	0.26542986962486	0.468186989626385	0.217656002953233	-0.318318227347152	-0.110606641269909
XLOC_012608	0.854157242773018	0.89833143499017	0.549995906045874	-0.93856969691999	-0.445479867326189	-0.433081427583923	1.02269333265599	0.860886712777717	0.326006662036414	-0.670291686396434	-1.11769550349714	-0.906953109555494
XLOC_012634	-0.474372440113413	-0.153621193619764	-0.346886397723814	0.576418983778469	0.82842075067791	0.836397631959887	-0.634351635095559	-0.424424248888051	-0.991123461555544	0.561258998809977	0.536902422438167	-0.314619410668255
XLOC_012636	0.199503391667889	-0.246201421585498	-0.20184921186689	0.480199468964187	0.719686190575647	0.407589534371207	-1.2833189837841	-0.942057971369989	-1.7253924681238	0.935825196699241	0.969488180587302	0.6865280938648
XLOC_012648	-0.909293718927069	-0.261468442073568	0.355782097638424	0.962525247729253	0.170491506353693	-2.30439021095563	0.620552128658487	0.91389174159549	1.28680023802373	-0.893839068998403	-0.372382010503792	0.431330491459391
XLOC_012650	-1.11101750537276	0.0672308236829018	0.745156259208728	-0.644126121437915	-0.626479545631956	-0.375965588005355	0.456967726851337	-0.0200481924069322	0.683101986633707	0.164854468337516	-0.0921914579166643	0.752517146057386
XLOC_012673	0.295587487903254	0.346022473285786	0.0291778362594881	0.710788085880001	1.23280677588571	0.711940308490905	-0.418291202831033	-0.826400909944312	-1.12326068485031	-0.042237106376052	-0.481956097820864	-0.434176965882581
XLOC_012679	0.199922009307119	0.120484687705694	-0.415431410926937	0.688956412947657	0.321360848936639	-0.011585462775928	-0.334423813235631	0.308720999029442	0.0292593284670328	-0.409137948912495	-0.0926995252636997	-0.405426125278892
XLOC_012681	-0.699404842290916	-0.301186522308418	0.451508195033809	-0.12821509522911	0.731063368195879	0.198833000142989	-0.0421700083971004	0.0791682960343136	0.207929833504517	-0.77633021920431	0.403657776519065	-0.124853782000715
XLOC_012683	-1.62254519818818	-0.590426704829208	-0.530208517988963	-0.454959754856583	-0.145162909716542	0.00170374625187275	0.708079973676541	0.927068405053075	0.0109737578630789	0.483285653478699	0.749889473539122	0.4623020757171
XLOC_012688	-0.310112287294178	-0.47231477906173	-0.323817348874166	0.63892244087447	0.645064901976754	0.486906828116057	-0.148108512583568	-0.304878523148315	-0.175643224581508	-0.195492964235068	0.281971333011322	-0.122497864200072
XLOC_012694	-1.22318106053713	-0.390203807438442	-0.109681936746999	0.0152049808597869	-0.614963897240009	-0.247448579155283	0.33164427955001	-0.281082442392322	0.841873995115439	0.684927491368853	0.358494104828369	0.634416871787744
XLOC_012714	-0.576407430507745	-0.861852331023613	-0.838867771101237	0.602431181691869	1.05162092801841	0.530754460623609	-0.15404223026404	-0.541646397793941	-0.910372588455551	0.0906137899509565	0.673004998800276	0.93476339006101
XLOC_012747	0.898978357066367	0.33104975781586	0.579806600064719	0.850041236455309	0.116873725746535	0.797916112401736	-0.138102484681993	-0.0480790229312014	-0.458586329581982	-0.910754164010853	-1.06698138897785	-0.952162399366652
XLOC_012748	0.495257080317421	0.324535134393406	0.544112467040254	0.853493215055634	0.203770972345434	0.23337428490139	-0.478717376194351	-0.306507209027563	0.0527709039632223	-0.617799497529455	-0.96173689124244	-0.342553084022935
XLOC_012758	0.864967661439006	0.651354992995285	0.830601047216487	-0.870733889632132	-3.07109142676841	-1.28917824630753	1.24054723425724	1.21864850969322	0.55294125720216	0.726650871899682	-0.524475743837345	-0.330232268157635
XLOC_012804	-0.21792240805768	-0.500182257118754	-0.377734920718245	0.179558331063303	0.295382928042814	-0.000711712242699392	-0.160494583518791	-0.814555231300263	-0.464796717090332	1.086532912239	0.503362615877451	0.471561042824193
XLOC_012807	0.610662226764267	0.216181767790182	-0.200088155234567	1.40713139299793	1.5021030033178	1.20368534800088	-2.91564913226567	-3.07323555798302	-1.77683475361293	0.994222188073008	1.28622149381839	0.745600178333726
XLOC_012811	0.479108462970917	0.506996239749144	0.689069929540952	-0.479565081136005	-0.696325639970009	0.0982314327858873	-0.0299602441822202	0.307108473858269	-0.594258716805456	0.207216319569375	-0.536178651356989	0.0485574749761311
XLOC_012814	-0.469912091242387	-0.565481150558334	-0.90969397396925	0.644552750157392	0.930474563635684	1.39521628706481	-0.843164559583073	-0.329053150277127	-1.30116966751024	-0.0781961938550522	-0.115934767059964	1.64236195319753
XLOC_012816	2.65175856327715	1.81022620588372	1.9460253120525	-1.5679049216057	0.335725850672368	-1.5679049216057	1.04317170159269	1.62052189615579	-1.5679049216057	-1.5679049216057	-1.5679049216057	-1.5679049216057
XLOC_012819	0.921185629940813	3.6639818473374	-0.893882960633284	-0.893882960633284	-0.893882960633284	1.1211887978654	-0.893882960633284	1.44470740992266	-0.893882960633284	-0.893882960633284	-0.893882960633284	-0.893882960633284
XLOC_012828	-0.557170888802091	0.210286973025245	-0.453528000335797	0.0994502861011446	-0.302039270038929	-0.439122604668256	0.563408031099371	1.05660808712002	0.53950395025374	-0.395490692333877	-0.768142022970272	0.446236151549703
XLOC_012857	0.0584784952363258	0.37051239024496	0.290161962620731	-0.759179571116366	-0.406209951199584	-0.645399929935278	0.0474047458104288	0.221136601241781	0.287105309831542	0.418222241668843	0.0191719838818329	0.0985957217147995
XLOC_012873	-3.41299108835386	-2.97742923359951	-2.8580677341814	1.67138088641003	1.52575939289571	0.791693496134077	-0.497535296187426	-2.40285965012838	0.492064296871503	2.808319360632	2.1830741083938	2.67659146111346
XLOC_012908	0.566319179066989	0.106548719057454	0.337303758633585	0.139199007357654	0.144846587684624	0.584351165558564	-0.521658073549462	-0.33471048645959	-0.558166773730177	-0.304177064713377	0.0900339408089366	-0.249889959715178
XLOC_012927	-1.49339790387921	-1.06562555232449	-2.64472174128124	0.997701771326104	0.777496790367376	0.297539175283546	0.376889691391594	-0.125671529850443	1.04401495920625	0.892506610573904	0.393020588128143	0.550247141058469
XLOC_012949	-0.108129632565944	-0.359857593963346	-0.193143328539794	0.414590085151351	0.342982521304133	0.35071374581673	-0.641084772282039	-0.57723063905895	-0.320091314091416	0.865596983572647	-0.0019805717122896	0.227634516368934
XLOC_012960	-0.255099431295062	0.587152308012898	0.424373408298257	-1.54938285217705	-1.04164207387745	-1.43125068096793	2.10061155607805	1.88967948318848	2.18033527051995	-1.09965831692708	-0.679125280700472	-1.1259933901526
XLOC_012973	-0.216159457101783	-0.0596755542707914	0.213475132430215	-0.368763882256985	0.0143837188859077	-0.418619220957948	-0.0092986505011865	-0.109458300162375	-0.0887347800835192	0.61011045478277	0.157243287114115	0.275497252121596
XLOC_012975	-0.21333638509346	-0.631803494843548	0.0265664968642696	-0.19763859800741	0.0734736210793878	0.16945898041303	0.509765452874144	0.583005393628521	0.527043028337532	-0.303175624448316	-0.210667383485685	-0.332691487318443
XLOC_012982	-0.26101870979419	-0.0653978427968838	-0.10821960968137	0.00399721511621465	0.0164989856274413	-0.219321886963236	-0.24150612426806	-0.44079456135854	-0.262972151043034	0.650548605293894	0.435499810597856	0.49268626926991
XLOC_012992	-0.69707234846364	0.90135990739928	0.590151514322709	-0.642096508210804	0.458723670931752	-0.662220010465941	0.255548264626526	-0.661494435380003	0.244722912148671	-0.259359267325404	-0.12970103213312	0.601437332549965
XLOC_012998	-0.172324849867685	-0.135390128678278	-0.315556702886232	0.301087235428227	0.111190404962077	0.11724981620211	-0.35089773956715	-0.430438433629027	-0.599814402089422	0.631678583510141	0.48370297086112	0.35951324575411
XLOC_013004	0.150994658363905	0.103690998225217	0.123634481685396	0.263213808204616	-0.303817266706833	-0.15661407910966	0.35243532705186	0.857356756761176	0.363036904947754	-0.64892964800942	-1.20109582807926	0.0960938866652628
XLOC_013009	1.54198855418982	-0.401462290691524	-1.92725630992921	3.25044899651537	1.2782309992702	0.0878154485694704	-1.92725630992921	-1.92725630992921	-1.92725630992921	1.3825037168998	-0.26309131020675	0.832591125170459
XLOC_013019	1.16322724885961	0.132562095003575	0.336770197286001	0.554973871168043	0.178733023590394	0.754712675020734	-0.75947651661684	-0.420017489511025	-0.575800995267223	-0.947821024931098	0.275076521316282	-0.692939605918457
XLOC_013047	-1.0766788280164	0.214175776296592	0.141551749339877	0.421682916395726	0.705067570839553	0.20311625130245	-1.06573529106547	-1.08369238143349	-0.249836942019749	0.0533804584690873	0.748464261741837	0.98850445814997
XLOC_013048	-1.69260906918818	-0.166815049950497	-1.69260906918818	1.1947234060095	-1.69260906918818	-1.69260906918818	-1.69260906918818	-1.69260906918818	-1.69260906918818	3.38172699125623	3.63102528772198	3.80760284928007
XLOC_013051	0.317513180238667	0.319843433382887	0.429734818774137	0.172552099297554	0.153776131493357	-0.0134435886956785	0.384655199269727	-0.0867245172991327	-0.0416718462870946	-0.213520377805738	-0.732661251237246	-0.690053281131439
XLOC_013072	-1.85106412506188	-1.35454395297356	-0.48221139902619	-2.37480789987401	0.638116551257587	0.0335610374004203	1.10914302620525	0.529300630904893	1.27509659037642	0.751266799327908	1.09584956374493	0.630293177718222
XLOC_013081	-1.43454036555964	-1.43454036555964	0.935451579186922	1.45279210963805	0.469090406718436	-1.43454036555964	-1.43454036555964	-1.43454036555964	-1.43454036555964	2.25341792929071	0.229624634162825	3.26686553436086
XLOC_013085	0.244465041354051	0.680026896108401	0.0545247122750991	-1.57060354922005	0.333027223058026	0.444468209278635	-1.57060354922005	-1.57060354922005	-1.57060354922005	0.41926353442096	1.33780739755111	2.7688311828339
XLOC_013092	0.282433119051942	0.568886611411334	0.0178139466655427	-0.000949982924066006	1.10326274298617	1.25107541843677	-0.868637361639899	-2.07278273362335	-2.21011039221508	0.04312543725929	1.28365403854602	0.602229156045332
XLOC_013093	1.78872391402608	0.116950711076958	-0.988745693602483	1.1725156395565	0.967013287913313	0.210693037756671	-2.61387395509763	-2.61387395509763	-2.61387395509763	0.695886071731381	2.02201450044179	1.85657039639267
XLOC_013095	-0.676903256305153	-0.719933824119018	-0.11105409059188	0.500334673181433	0.53352517032466	-0.558854972171319	-0.85901280452552	-1.38558389811912	-0.498008289041747	0.865058864405952	1.19129565483518	1.71913677212654
XLOC_013116	-0.315894112279146	-0.374881832875118	-0.351232240027653	0.910652024560732	0.383492200101927	0.662576336382807	-0.726774620417103	-0.901337788288503	0.0712487733129237	0.278498613229105	0.48545607013024	-0.121803423830213
XLOC_013117	0.961965467367791	-1.49821800981349	0.832000912751116	0.338406855293917	0.770460796686883	-0.408853052821744	-2.31418188884852	-1.41025808458599	-1.0609760849341	1.32548760530247	1.22247776657392	1.24168771702775
XLOC_013128	-0.331370779631831	0.0830805580171194	0.341402614658833	-0.206365727095286	0.121156504250527	-0.165409348357908	0.160420892633143	-0.311316654843711	0.379693895185733	-0.25446660741946	0.019573681694661	0.163600970908192
XLOC_013142	-0.0612700943637661	0.190853107761888	0.374406394292468	-0.520702334293089	-0.321676749694907	-0.273213727346585	-0.0346860817688093	-0.298797638269668	-0.307932936593176	0.75294472728724	0.0995257757014683	0.40054955728693
XLOC_013146	1.31780854506821	1.33547312807153	0.949951061277257	-0.0762177417525258	-1.95897656412859	-0.14364000870695	-0.374710857204905	-0.674180518645162	-0.666405464284684	0.768267414294038	-0.954196389635503	0.476827395647285
XLOC_013157	-1.6852844051975	0.104112285473856	-0.463556120251569	-0.377596703747083	-0.312067389954701	-0.372506657423243	0.414965716186471	0.213295749742024	-0.031255883356982	0.690571803917988	0.985153936661805	0.834167667948938
XLOC_013160	-0.113348330002877	0.258653839662202	0.625387236265906	-1.33489726198188	-0.472649867238115	-1.13184105433627	0.830212886870213	0.586568038087536	1.13744787071123	0.189898207585101	-0.326665584165232	-0.248765981457811
XLOC_013168	0.108080753282434	-0.558549264011459	-0.84518865785476	0.2797241912876	0.749485342366567	1.47649837469524	0.0748610841737172	0.0861553734112546	-0.916693475209074	-0.229743840996872	0.0459994982259024	-0.270629379370564
XLOC_013174	1.16929700142967	1.19642972980301	0.501306642558943	0.74660173005782	-1.65638014386634	-0.871757934943854	0.540325171631579	0.752436096716927	-0.461839511121298	-0.593771249459286	-0.778304255835367	-0.544343276971809
XLOC_013193	0.14614948201733	-0.1270200723455	-0.310660098480774	0.842838576752815	0.804998016781509	0.735740781930863	-1.04745133601912	-1.46760010616874	-0.846840588352832	0.443811416969925	0.554764879650453	0.27126904726407
XLOC_013194	0.12533237457237	0.143242375558406	-0.421876972808467	0.611462080551983	1.18452809341021	0.539382774785083	-1.05057538034009	-1.92801182038725	-0.745763441110642	-0.190368611423886	0.767577936083662	0.965070591108611
XLOC_013212	-0.480532446876368	0.0410682145854739	0.0324788271725573	0.10010074122669	-0.37396846872846	0.0274814744041354	0.259233657598601	0.448607060602153	0.4763835473114	-0.582414411192756	-0.0775242029892045	0.129086006885785
XLOC_013225	1.22257254784989	0.645956215810223	0.501012166503553	-2.24132674563133	-0.186456232110446	0.917431566458505	-0.0088489618161578	-0.385234927760657	-0.740205938324499	-0.0764280963688382	0.192630285079824	0.158898120309936
XLOC_013233	0.525068293284747	0.479600651352731	0.143535690159084	-0.276108345396365	-0.490851997124242	-0.469894091243493	-0.197523441099772	0.0350035674443578	-0.0155335522394626	0.296693074564992	-0.128196696441696	0.0982068467390977
XLOC_013249	1.90342677048694	-1.56581809363209	1.65741726048791	-1.56581809363209	-1.56581809363209	-1.56581809363209	0.57377899950015	-1.56581809363209	0.330182950896657	3.37529010605012	-1.56581809363209	1.55481247437078
XLOC_013271	-1.59880928855071	-1.59880928855071	-1.59880928855071	-1.59880928855071	0.304821483727359	3.22790033428394	0.540787804581531	5.08008309902941e-05	1.08906308165713	-1.59880928855071	1.30960165822044	1.52182127945217
XLOC_013278	-0.44662095371015	0.370759484113108	0.303426763227121	-0.681616865758513	-0.197434070872908	-0.85719064931132	0.751207676393554	0.329686085286701	0.581003920915729	0.0359003098625381	-0.411234767806025	0.222113067660163
XLOC_013294	2.7652010145405	3.21554873152851	2.50119952836989	0.575973605883667	0.385316373048557	-0.29628711081534	-2.31135886931402	0.513841159485555	-0.41535782478527	-2.31135886931402	-2.31135886931402	-2.31135886931402
XLOC_013301	0.620659373808203	0.451486791700818	0.860262885899426	0.433345679950499	0.213047050529778	1.56022375806863	1.62283773494507	2.01650995171794	1.90203142925822	-4.12808518505329	-2.84336241227518	-2.70895705855011
XLOC_013303	-0.0157389569689972	-0.266920508131056	0.326537416372723	-0.348985612544245	-0.618150683489858	0.197896322428392	1.69817306619698	1.61464211725261	1.48502587113676	-1.03684286030112	-1.49010073437828	-1.54553543757392
XLOC_013309	-0.503687721876018	0.217514610199183	0.0382832120578502	-0.603339464857271	-0.30743329295697	-0.466727014231948	0.576591610676644	0.57585662120438	0.643178887738149	0.112759854083922	-0.191614598968933	-0.0913827030689944
XLOC_013331	-1.15815070242797	-1.07078537750306	-1.07313759716475	0.903666991888495	1.4475004114331	0.771243993548864	-0.317733435509724	-0.96568380612814	-0.304774249290623	0.608871708909184	0.0219243359918107	1.1370577262528
XLOC_013356	-1.91244719540684	1.17803623704264	-0.287318933911693	0.157772290142193	1.6684400476041	0.912119797447461	-1.91244719540684	-1.91244719540684	-1.91244719540684	0.0774198882341679	2.44677144033113	1.49654801473734
XLOC_013358	0.093628967246552	0.402932364285312	0.283055564120739	0.433052796213878	0.899412087108187	0.551184967423001	-1.02356066610319	-0.780358914124948	-0.986211307766126	0.109650696153516	0.238108699795032	-0.220895254351946
XLOC_013368	-1.41228949539532	-0.212917526401615	-0.0689759618304358	-0.333309475219385	0.772319395164212	-0.614592844107571	-0.0612942712183857	-0.955223056094646	0.83858961628511	-0.0872205930033045	0.442099997395809	1.69281421442553
XLOC_013387	-0.0373460872962905	-0.144062544173485	-0.0598601246032153	0.198341898330073	0.261873228518576	0.332973927277257	-0.174751651130514	0.25208778412701	0.0256225700999178	-0.273250036755377	-0.149427985657271	-0.232200978736698
XLOC_013389	0.329692690945041	-0.497277026665636	-0.292721858607941	0.585321981092735	0.0591732648006005	0.664312097200494	-0.0422185513033568	0.255689199243283	-0.179792895039007	-0.685945915915557	0.0932767467253655	-0.289509732476023
XLOC_013395	0.0279075260878106	-0.210530282432734	-0.370174567890047	0.555213998887474	0.566387100143247	0.562102844792312	-0.809781691117508	-0.349576328676775	-0.866408220160585	0.497272929355091	0.411943906607034	-0.0143572155953304
XLOC_013399	0.207080759223564	-1.32383092943925	0.0889174828022794	0.287453451909876	0.792701552640704	0.0144509071639964	-0.422345726924747	-1.40072671638698	-0.253998081786484	0.517650834803428	0.897082160586932	0.595564305406699
XLOC_013403	-0.193021401911188	0.148013141703549	0.716368118505105	-0.602332012305406	-0.563366028531655	-0.819800342377625	0.391784485820031	-0.199930242169133	-0.357215940288921	0.406255614875049	0.399611701840962	0.673632904839249
XLOC_013417	0.737013044042491	1.6706090956812	0.385981024053597	-4.7164755192586	1.70957989443728	0.390468929210049	1.97271025408706	1.49386251257313	1.74455881823262	-1.02851722440825	-3.05231051953614	-1.30748030911442
XLOC_013423	-1.30257155237778	-0.0925321218387785	-0.643800528270775	-0.61317133699241	-0.521061626371381	0.0790274911769151	-0.0968636622823391	-0.473249628226838	0.109783618892201	1.20189980104735	0.924073425263617	1.42846611998022
XLOC_013430	-0.113634931669955	-0.000546656418929814	-0.0205810850443982	-0.223004768567002	-0.0479077287227021	-0.126276783791567	0.161284830681192	-0.203406397834424	-0.0308552489784404	0.102216816844159	0.30736565168864	0.195346301813437
XLOC_013445	0.342261276240751	0.179807468246052	0.0968117176630434	-0.161486122182024	-0.292767518488045	-0.0602122802388969	0.538983651007396	-0.0731610790269226	0.171598595400664	-1.12083105989564	0.102625685232923	0.276369666040694
XLOC_013448	-0.0145599688011284	0.577994213330891	-0.0586662501828403	-0.543516033069444	0.146619407804251	-0.54236381045854	-0.698357316502091	0.0355302514922613	-0.383365164308778	0.301114413979936	0.309799992041221	0.86977026467427
XLOC_013468	-0.654463994735496	-0.654463994735496	-0.654463994735496	-0.654463994735496	-0.654463994735496	-0.654463994735496	-0.654463994735496	0.944396094646207	-0.654463994735496	-0.654463994735496	1.00970100498696	3.93607885298629
XLOC_013503	-1.59455834966527	-0.260627852464202	-0.205369364604808	-0.586184517813841	0.695232903466957	-0.580178730428623	0.0818846202236454	-0.277006276050948	0.470355001255252	0.494338434193958	0.678288584778757	1.08382554710914
XLOC_013507	0.554842264790881	0.0871846563937435	0.766087607013338	-0.744963895567311	-0.756142995669246	-0.370690917368374	0.526610216774063	0.58376679550668	0.375769072528815	-0.107756766223623	-0.906838464098332	-0.00786757408061423
XLOC_013512	-0.172175857830517	-0.128979963118933	-0.238509295485301	-0.233210209841204	0.114342461775889	-0.25104328802612	0.178569127276207	0.546444260644272	0.186300416930251	0.143298967859852	0.0776640709508332	-0.222700691135246
XLOC_013517	-0.0092328530499195	0.146034085797051	-0.656070318797863	0.765874584270947	0.107478529655193	0.561783688121955	-0.382485321390606	0.000299659009054487	0.406713788398102	-0.723872427323283	-0.395235540238791	0.178712125548156
XLOC_013532	-0.331796750221347	-0.171127113488571	-0.0231592582340374	0.398560819747853	0.398089349108894	0.576032111752881	-0.435502871704042	-0.595726070226919	-0.361596194402672	0.149777667087651	-0.123427202361625	0.519875512941922
XLOC_013535	-0.931131597589962	0.16930503832392	0.325040519682933	-0.426762977328707	0.313891539660174	-0.449461175219238	-0.00562778764145655	-0.0597639625465085	0.428040590754504	-0.0249931053208368	0.125102010894565	0.536360906330613
XLOC_013536	0.113483604075777	-0.212915691618306	-0.228915845171366	0.430798416870312	0.15864974108522	0.445629494795575	0.109898988924087	0.137718200586677	-0.12825265120552	-0.349434802989695	-0.0287197406428881	-0.447939714709864
XLOC_013552	-0.318720452695623	0.0733689688060721	0.0980676659287276	-0.0999539875836817	-0.123960094487293	0.224727757745518	0.173972106735645	0.122676540533257	0.160674886405994	0.240009605860408	-0.154031393286628	-0.396831603962399
XLOC_013562	-0.255754556870193	0.496602027719799	0.622834967154818	-0.236941424120813	0.186633091517487	-0.186263972048675	-0.258342553137193	-0.0660189971714491	0.38020580493208	-0.652308028289831	0.123546374715382	-0.154192734401396
XLOC_013574	0.0292106333092796	-0.378034800220474	-0.368731967345417	0.538165744477334	0.693431515609097	0.569597255291654	-0.780844039762814	-0.215833050263179	-0.643039170169207	0.169813856318918	0.347308710011534	0.0389553127432691
XLOC_013582	-1.73027037861953	-0.946102511491261	-0.361417652583834	-0.236978328544824	0.504365601808469	0.338887875216965	-1.71315701578229	0.0878967422020036	-0.455445327980022	1.91034624716386	1.14780388499304	1.45407086361742
XLOC_013585	-2.27567522014831	0.0158383022160882	0.193264044877309	-0.978275994507673	0.430988494909369	-0.952149012076618	0.193847068314498	-0.134945698960075	0.911946661616634	1.14941547089511	0.389042915741712	1.05670296712195
XLOC_013589	-1.22276655121908	1.50805811495551	-1.22276655121908	-1.22276655121908	-1.22276655121908	-1.22276655121908	0.916830541913164	-1.22276655121908	-1.22276655121908	1.57300206770293	1.19369883745924	3.36777629650271
XLOC_013596	-1.68892165501076	-0.489549686017057	-2.29937049341884	0.141737976384836	0.961573053317599	0.79230508048811	0.722240939253991	0.534651837086927	-0.832445340167955	0.609913832349024	0.738371835990541	0.80949261974358
XLOC_013597	-0.0807610263496281	-0.699360975643142	-0.349723869715249	0.000290767073957809	-0.608993835955172	0.18829752405105	1.03752525271639	0.623804559595857	0.249574347779272	0.375183158279423	0.0432154688691044	-0.779051370701861
XLOC_013598	0.0880667428827886	0.16072464111669	-0.467281586004101	0.383366097377245	-0.585526331213564	0.286410351627333	1.26006602047071	0.398180634889999	0.551997214587376	-0.950169674907797	-0.919361316896802	-0.206472793929874
XLOC_013616	0.418775074730247	0.915295246818567	0.194803759115649	-2.17518818563091	-2.17518818563091	-2.17518818563091	1.99729679739604	0.16340218492504	1.94008242064578	-2.17518818563091	1.39120012505196	1.67989713384035
XLOC_013617	-1.52487620966705	-1.52487620966705	-1.52487620966705	2.26151338498708	1.17179903269552	-1.52487620966705	-0.0902096433736352	0.813714160888894	-1.52487620966705	0.464990873973951	2.97930030659313	0.0232729325703258
XLOC_013624	-0.0307913410160809	-0.417569132886651	-0.238959338385035	0.178322649377037	0.453975398383049	0.473830734058584	-0.383151694502164	-1.42145592981274	-0.199763012872306	0.710967300985597	0.699761970670544	0.174832396000173
XLOC_013656	0.437070455338047	0.251972338851248	0.262054375827489	0.111944011677375	0.368500471933864	0.174770322287619	-0.0922729649140388	-0.169516632368265	-0.017724509962683	-0.401201746479916	-0.376888639107975	-0.548707483082756
XLOC_013679	-0.691347686493368	0.161749062803224	-0.0705641241972073	-0.0692300658363454	0.191672899452539	-0.542550963446608	0.334223872629205	-0.486849039866128	0.33247995683543	0.163899063159215	-0.0135588376703657	0.690075862630421
XLOC_013681	-0.0234925783174056	-0.27956271035209	-0.305322613732505	0.78999882655626	0.510169777655383	0.472856490611244	-0.707610529171063	-0.814119475682918	-0.675943627942095	0.496451195462509	0.325516126437384	0.211059118475301
XLOC_013683	-0.294672509983011	-0.18601808603562	-0.254793557038161	0.325020681187175	0.58710255105377	0.530280758473618	-0.925944798242383	-0.890060024374528	-0.627073710534654	0.716582580569902	0.687307929520751	0.332268185403155
XLOC_013693	0.842032172059478	0.896904447309365	0.354991905323228	0.387404548488525	0.411987561469115	0.224832024407652	-1.83046118934514	-0.344029652218962	0.0680056379206526	-0.122063483795947	-0.561782475240759	-0.327821496377201
XLOC_013706	-1.63401791745298	-1.63401791745298	-1.63401791745298	-1.63401791745298	0.26961285482509	0.381053841045699	-0.199351351159563	-0.0351578280712794	1.56218395466899	0.355849166188023	1.64057193896613	2.56130909334884
XLOC_013715	1.26428672748367	-0.550781863090429	-0.550781863090429	-0.550781863090429	-0.550781863090429	-0.550781863090429	-0.550781863090429	-0.550781863090429	-0.550781863090429	4.24353190342062	-0.550781863090429	-0.550781863090429
XLOC_013726	0.0518459834313392	0.727831591140726	1.0704420892118	-2.15284375589289	-0.730034984469902	-0.0154445323045076	1.03201256721924	0.871312394509823	0.988898500939388	-0.362340040508107	-1.36057998899123	-0.121099824285698
XLOC_013727	0.889169902660393	1.49143123242216	0.923762826696735	-1.97555624471377	-2.95925794763339	-1.14392139221175	1.01751873847232	1.38645334914509	0.929868851684602	-0.627770585099937	0.460745636998699	-0.392444368421163
XLOC_013780	1.09668397189478	1.25214132818863	1.34165363522248	-0.751405279082622	-1.34663783692901	-0.113751134659621	1.26068683615859	1.40662579434953	1.09047881176649	-2.25141479904391	-1.68146531627254	-1.3035960115928
XLOC_013789	0.72023069783798	1.15579255259233	-1.09483789273612	-1.09483789273612	-1.09483789273612	-1.09483789273612	2.93450750804691	0.504022196645586	0.801163151792634	-1.09483789273612	-1.09483789273612	0.453311249501263
XLOC_013798	0.420697020863266	0.299139697540522	0.0368205141484452	-0.0544060247983689	-0.210791804297634	-0.334336300270208	0.453136073339507	0.347696156647507	0.0586915109912818	0.0225425764378118	-0.605456613493514	-0.433732807108627
XLOC_013810	0.877918874880206	0.783247394347764	0.68525292925338	-0.496237164164391	-0.857112449638326	-0.179522462291126	0.735839125722758	1.07579545725882	0.620452716509459	-1.50093715999003	-0.768526588786769	-0.976170673101749
XLOC_013814	-1.27471844664605	0.579617154620787	0.166438660379397	0.209060775827647	0.253847013163785	-0.565035991953513	-0.75192754699804	-0.502235786521561	-0.676915140142084	0.893855530265201	0.507743566305138	1.16027021169929
XLOC_013838	0.645128288749345	0.571191019399277	0.266441461764472	-0.0837987509522033	-0.00799057687123561	0.140440483633323	-0.0503849491689286	-0.0493820241150642	0.335659505885697	-0.634639789273824	-0.481363076793676	-0.651301592257174
XLOC_013848	-1.2866013749361	0.146595417778343	-0.238926649015928	1.03999740483934	0.751499477301939	0.749571895575893	-0.629366541042286	0.0980074904698895	-0.936214440423152	0.0228510137445657	0.994636620353399	-0.7120503146459
XLOC_013869	0.233150354225689	0.742719649096021	0.631806716306613	-0.147507668579209	-0.0309870391079805	-0.258825620624767	-0.329855170467173	-0.443916365922064	-0.293650370255385	-0.179191296819642	-0.110550517926335	0.186807330074247
XLOC_013905	0.311281385355178	0.627406584501278	0.390641128880048	-0.0410014966253813	-0.0325792117560812	-0.199225135357569	-0.532911445848089	-0.429517938712793	-0.0607929973085861	0.13562615154063	-0.0806065217791705	-0.0883205028894505
XLOC_013910	-1.43775964342352	-1.43775964342352	-1.43775964342352	1.96803082594264	0.465871128854552	1.90223575889668	1.17331697977487	0.900830727132429	-1.43775964342352	0.552107440217485	0.226405356298941	-1.43775964342352
XLOC_013914	-0.329221027040446	0.089445570042967	-0.735367307090669	0.504970106626003	0.259990674954024	0.336828670656378	0.0362797432018223	0.579855028282469	0.0208316338681911	-0.688271631915453	0.0373334611346579	-0.11267492271995
XLOC_013926	-0.243398300913975	-0.180985067436157	-0.549416162663285	1.16323536164983	0.63787047969996	1.00250134392902	-0.296373123914661	-0.205197383469517	-0.0973060966110335	-0.796343531600809	0.192733752216786	-0.627321270886139
XLOC_013937	0.59672421495199	0.232168245509818	-0.321750972839629	-1.03473148419062	-1.46553212809372	-1.35498688322776	1.11579228362861	0.590064568709865	0.310741043926322	0.458919677531757	0.574967121775924	0.297624312317451
XLOC_013939	0.181724085193881	-0.0101813144342238	0.233451354387226	-0.33091843404415	-0.206203967527351	-0.225729136753799	0.446715232539997	0.598801096387415	0.329825987858067	-0.32591606958769	-0.440022560268281	-0.251546273751085
XLOC_013967	-1.97644876539134	1.40168236209808	1.24678658872866	-1.97644876539134	-1.97644876539134	-1.97644876539134	1.51144771381041	0.362141605164606	0.711423604816502	0.0134183182496626	0.440016623286978	2.21887824541048
XLOC_013969	0.233308414617287	0.198464397355484	-0.405758959421477	-0.644009155585866	-0.334212310445825	-0.0206575197547076	0.216579989001866	0.38862356980129	0.639319875460774	-0.220253729336547	-0.152292434875206	0.100887863182942
XLOC_013980	0.187612924563582	-0.580371525701588	-0.131810248944369	0.577788735847688	0.90703854982878	0.975280533447775	-0.522776741757871	-1.06376437637456	-0.355138028994419	-0.388406582055744	0.455931315799717	-0.0613845556589965
XLOC_013983	1.53116007888305	1.51598999484346	1.2438797989213	-0.716846550564936	-0.934800692655576	-0.245484170005792	-0.725799375174812	-0.161083811015623	-0.854019870651396	-0.64416341340913	0.227538896092698	-0.236370885263239
XLOC_013994	0.054076000578636	-0.00744906493905084	-0.0476538652883782	-0.420127371343439	0.224702048298951	-0.19990709338518	0.0288897418881433	-0.297019745321666	0.219295829442814	0.151063802859724	0.128984251622182	0.165145465587273
XLOC_013996	0.601106398576585	1.22901812947679	0.80608918515532	-0.323317929279015	-2.20607675165508	-0.390740196233439	1.54543874249577	1.52537525443598	2.43782520226529	-2.11984044029214	-0.543319213250283	-2.56155838169577
XLOC_014008	0.349140921506098	-1.465927669068	-1.465927669068	-1.465927669068	1.23074757329458	1.8740677332522	-1.465927669068	-1.465927669068	-1.465927669068	1.32984094985401	1.44248327770316	2.56928555879796
XLOC_014020	-0.798380886588864	-0.0735696082975492	-0.215683358189513	0.197475097048118	0.127440655377303	-0.374168440453435	-0.596723183461041	-0.348781421130537	-0.0866223306344196	0.97310132896305	0.632512170882919	0.563399976483971
XLOC_014026	0.0908452165305427	-0.379094460448973	-0.705924073779932	0.742362742208356	0.466428603513621	0.643116233223176	-0.699485999105663	-0.610341036214385	-0.525348641399236	0.244513803458969	0.403341886711515	0.329585725302016
XLOC_014032	-0.671274426371048	0.352615903785741	-0.895245741985646	0.140552782633959	-0.0597503775327946	-0.440670693877905	2.00043722199805	1.5096806447575	2.78620753692212	-3.2652376867322	-1.60107268700974	0.143757523411976
XLOC_014034	-1.72881704467004	0.279472950143107	1.26867276243978	1.18925561979737	0.0370016077668045	1.28282398759052	0.988532466251898	-0.718685606444561	0.781835543717701	-0.234125608415127	-1.87972063552168	-1.26624604265578
XLOC_014036	3.51149556729403	-0.891102301829681	-0.891102301829681	-0.891102301829681	-0.891102301829681	-0.891102301829681	-0.891102301829681	0.707757787552021	1.00489874269907	1.90466631709233	-0.891102301829681	-0.891102301829681
XLOC_014044	0.744786101457616	0.674876136696967	0.204562661715128	0.161838196933513	0.41504400256614	0.288438867468344	-0.613031148194382	-0.0742277710963508	-0.496016900094135	-0.689687519998397	-0.376655487406933	-0.239927140047508
XLOC_014046	0.56649505978605	0.308490382325975	0.350945089017528	0.545827736784671	0.410009787117855	0.159914451252819	-0.600488673361653	0.058913979160538	-0.283756931571731	-0.60026089579743	-0.381689702855218	-0.534400281859412
XLOC_014061	1.34221402686905	-0.601236818012298	1.38689939640822	2.77000194224887	1.07845647194942	-0.111959078751304	0.484045785948407	-0.528170747868282	0.56084153295786	-2.12703083724998	-2.12703083724998	-2.12703083724998
XLOC_014077	1.79086957308378	1.26675765774726	1.23258910752351	-0.912005637299357	0.51080313412363	0.508913516169134	-0.447374307371496	-0.0501593571280701	0.191548443873223	-1.52202748774351	-1.9013307179872	-0.668583924990899
XLOC_014078	0.982370131471409	0.563903021721321	0.652375424534281	-0.459638179413083	0.143038682510818	0.291025357494336	0.0615935610957372	-0.0255041476571725	-0.114797264531265	-1.18238712342553	-0.307278862781335	-0.604700601019517
XLOC_014088	-0.0654906711380256	0.0164666531529152	0.0366081725941312	-0.604377147124397	-0.477691003485069	-0.119699950513268	0.524304247174341	0.51907901182834	0.121363567055824	0.284037634723337	-0.18597848892871	-0.04862202533943
XLOC_014089	0.263693268565531	0.0491508140984287	0.0781768528267559	0.0143832280743572	-0.274864865424045	-0.0579016524704343	0.430775222621052	0.599993896234427	0.481220933859393	-0.86559957802343	-0.163767466616815	-0.555260653745225
XLOC_014092	1.79153108021328	1.01307117269566	1.45068241563148	-0.483354786055366	-0.0400305873776201	-1.26059122355546	0.472877906661986	0.559045311546663	-0.141169432494694	-0.586424539280025	-1.71854893051396	-1.05708838747194
XLOC_014116	-1.22648264240363	-1.44293903691905	-0.178436999900002	0.576002193399676	0.426001856975322	0.188222680266547	-0.180471218556233	-0.568075386086134	0.0311720243436167	1.38593566053699	0.22327589986875	0.765794968474162
XLOC_014119	-0.78807261239406	-0.76389355914425	-0.930036138948712	0.817962226057465	0.2407656633812	0.246318688555912	0.406912130151701	0.366365915546442	0.359605968446926	-0.435088136129663	0.550254480088337	-0.0710946256112912
XLOC_014120	0.586685489058588	0.643523727268657	0.555986064929676	-1.17049483403246	-0.431248336337022	-0.788255095314992	-0.182495516177595	-0.192910078500704	-0.0217430789434507	-0.116688627031588	0.553522252111384	0.56411803296952
XLOC_014121	0.667710378099422	0.851249861863547	0.821388819473357	-0.49763815709211	-0.402832409234517	-0.509054647233103	-0.604790142323631	-0.24102530967035	-0.190999250753613	-0.00553158841168155	-0.1483531321469	0.259875577429565
XLOC_014122	-1.33617697727289	-2.37023598286205	-2.73106870429008	0.513430822679928	0.552793105641928	0.776640360399886	0.0992875744266675	0.64726591459588	0.28530265743091	1.52940500219794	1.12305953135698	0.910296695694894
XLOC_014145	0.316696461409085	-0.0826943173471912	0.363459151375692	-0.680110938348462	-0.880414098515216	-0.366934080014917	0.644622975025906	-1.74731103715868	-0.217113096713967	1.11039277703632	0.549987047824788	0.989419155426634
XLOC_014146	-0.0632398183316196	-0.624955989626446	0.383975064700685	-0.292089661168332	-0.292539990634968	-2.6130913214952	-0.0957449784978452	0.677503074912261	-1.05682278713802	1.13991727148494	1.63722516416166	1.19986397163288
XLOC_014162	-0.173450178600019	-1.13488664911694	-0.222297030395906	-0.589868855189407	-0.309494498695222	-0.474972225286725	1.14070541524946	0.496989038884753	0.852894549843163	1.15233259172535	-0.0703027704244281	-0.667649387994075
XLOC_014199	-3.35790786114608	-3.35790786114608	-3.35790786114608	-3.35790786114608	0.222979381864859	1.46880176168857	2.14299124877545	-0.169481043384586	1.71513207687412	3.39687470496854	1.8003000791828	2.85403323461457
XLOC_014211	-1.04643966562043	-0.0485557055028938	-0.0593451755072287	0.633391040533187	0.563154130165315	0.0967368081106352	-0.571709280666385	-0.591772768726175	-0.937561522171942	0.87865954807986	0.332021371278897	0.751421220027163
XLOC_014212	-1.03662535020894	-0.0986582198451114	-0.146409964113297	0.135424211236705	-0.583575105685362	-0.294167160639334	-0.475837891919184	-0.460595694376112	-0.148673216445832	1.07351529129287	0.768193444198416	1.26740965650518
XLOC_014234	-1.04485533893764	-1.04485533893764	-1.04485533893764	-1.04485533893764	1.65181990342494	0.970216419561041	3.12762964408931	-1.04485533893764	-1.04485533893764	0.945011744703366	0.619309660784821	-1.04485533893764
XLOC_014249	-0.425134542956737	0.137556626264216	0.000108437797468497	-0.122960912415737	0.100831673384334	-0.202857509783168	0.497991387705909	0.183214498921682	0.38863645427478	-0.00408924215912165	-0.501071474306892	-0.0522253967267243
XLOC_014252	1.96138911271241	1.64055748166317	1.23699730904518	-1.42151748616737	-0.989463544774405	-0.845651282405582	1.42110177054347	1.60990608314013	0.542672427051091	-1.06224831569537	-2.23418294018412	-1.85956061492861
XLOC_014253	1.72217291634285	1.95075139874047	1.39385851984311	-1.33652844983285	-0.801609397447191	-0.777808885659166	0.756004086691629	0.904037893248261	0.783519305855767	-1.43822885321996	-2.07576952567954	-1.0803990088834
XLOC_014274	0.894884823860611	1.39140499594893	2.60559815364553	1.70671203286562	-1.69907843650054	1.64091696581965	-1.69907843650054	-1.69907843650054	-1.69907843650054	0.29078864714046	-0.0349134367780846	-1.69907843650054
XLOC_014280	0.512537355431002	0.144782279894205	0.70118218914277	-0.653603792882981	-0.736301597401668	0.179919263646667	0.549019503241926	0.626533349242038	0.164121879615454	-0.501487561038909	-0.726455524073992	-0.260247344816499
XLOC_014292	-0.227120094214069	-0.0663429250004226	0.240765305203253	0.196194506400689	-0.861067557226017	-0.000331163311005689	0.071989061818936	-0.810727439902542	0.376475717509892	0.276727389549953	0.246579272773133	0.556857926398203
XLOC_014310	2.3180271803447	0.348994140790288	-0.276508043043014	-1.90163630453816	-1.90163630453816	-1.90163630453816	0.237960788594085	-1.90163630453816	-0.00563526000940784	1.40812372229085	1.006774642233	2.56880804695214
XLOC_014314	-0.342145034951898	-0.463589352064261	-0.433195470120477	0.725757214367384	0.328157972822275	0.705234228395673	-0.182385399109874	0.167248519925499	-0.0885680634281218	-0.139510344086549	-0.0090164853451018	-0.267987786404548
XLOC_014333	1.69662188641256	3.37111544513289	3.30097868907569	-1.4003674928562	-1.4003674928562	-1.4003674928562	-1.4003674928562	0.938222877699744	0.495633551672546	-1.4003674928562	-1.4003674928562	-1.4003674928562
XLOC_014334	3.46990247658088	3.37274767743288	4.71401856018875	-1.49474108430347	-1.49474108430347	-1.49474108430347	-1.49474108430347	-1.49474108430347	0.401259960225277	-1.49474108430347	-1.49474108430347	-1.49474108430347
XLOC_014364	0.832818064606781	0.284926687035354	-0.304747295337436	0.303766834582744	-1.07438285007421	0.902896474463319	-0.430324351355705	-0.971300300346677	-1.52651844792365	0.79621878936108	0.619315402403226	0.56733099258517
XLOC_014383	0.111999056229722	-0.481337041603529	-0.293590284039954	0.450843185223569	-0.186047519733883	0.312746603077642	-0.848057284413429	-0.928669743367102	-0.74560578712078	1.02987896139235	0.74626260656529	0.831577247790085
XLOC_014431	0.674182969981196	2.47696796992504	0.484242640902244	-1.1408856205929	-1.1408856205929	-1.1408856205929	-1.1408856205929	2.0475411971686	0.75511542393585	-1.1408856205929	-1.1408856205929	0.407263521644479
XLOC_014455	0.565351469698508	-1.4036815698559	0.65036457496173	1.38986593772252	0.224187290090812	2.06580690298475	2.74582823558638	2.38853693022107	2.33667627414319	-3.65431201518435	-3.65431201518435	-3.65431201518435
XLOC_014457	-1.6185906769341	-0.0555281400187808	-0.574863241797249	0.653596042927656	0.691430731561714	1.67328518096045	2.4878715263902	1.87200688739794	1.51773740867332	-1.4437921838672	-1.76949426778574	-3.4336592675082
XLOC_014458	-0.0961775737012358	-0.69277851854758	0.525353739719254	1.68323255400467	1.90635727599869	2.29717439996324	2.49960459734259	2.17848319746761	2.52514638667993	-5.46426145653668	-1.89787314585381	-5.46426145653668
XLOC_014461	0.469200684545139	0.320243602934895	0.383933296182146	0.479766412914294	-0.545766534425181	0.468496206072585	0.568987931761538	0.65446876477018	0.424128702579819	-0.946804650164672	-1.23694190041553	-1.03971251675522
XLOC_014467	-1.15533451569229	3.00776747605395	2.06790083842771	-1.15533451569229	-1.15533451569229	-1.15533451569229	0.279332050601128	0.443525573689412	0.74066652883646	-1.15533451569229	-1.15533451569229	0.392814626545089
XLOC_014484	1.03453689828238	0.656175855282106	1.0372784162854	0.30450505123434	-0.497989631002183	0.744376300524292	0.186415137406595	0.397647016140335	0.631642059226979	-1.37107988776962	-1.68834375683439	-1.43516345877624
XLOC_014485	1.15147136024735	0.628136416354174	0.499173023920545	0.595148028406941	-0.528915169962392	0.676252244241616	0.160172649843999	0.444133186612378	0.63628027266297	-1.05746742402235	-1.7205189633322	-1.48386562497304
XLOC_014487	0.973724578012499	0.9558121847291	1.12036050193674	-2.3676020088302	-0.335117746818668	-1.48124290897047	0.370559940150129	0.508286306300977	0.672488817884996	-0.278373039997814	0.104019599108138	-0.24291622350541
XLOC_014492	-0.250593521733498	0.271243945818987	0.248215514967559	-0.15652927914287	-0.428409432752897	-0.624920534449697	0.24392548471933	0.172347399841533	0.193473430479611	0.0278905860628162	0.00898809721759086	0.294368308971507
XLOC_014501	-0.268208847284482	0.599025018839792	0.394236251116024	-0.531637948429068	0.316223093948481	-0.877365884055075	-0.717693076825525	-0.876652000889067	-0.10427994042943	1.16316487622365	0.362668473619021	0.540519984165688
XLOC_014511	-0.117886285502453	-0.200498320182563	0.133784477392289	-0.159288379584448	-0.900964517837621	-0.231225917310248	0.181222870530552	-0.267502726657756	0.260169877253452	0.698532506358982	0.24781712960148	0.355839285938343
XLOC_014531	-0.890360844907516	-0.152521882799789	-0.00756778647817491	-0.376883074748863	0.28651299983555	-0.631435906966916	-0.577606228294338	-0.23195358859002	-0.437805982231199	1.33603528031747	0.619615640175455	1.06397137468834
XLOC_014534	0.275126282279823	-0.415254939196944	-0.0265670936981302	0.648447210362247	0.935351755349082	0.34520469213636	-0.713147322405567	-1.36386321607245	-0.542109557135031	0.448303399301123	0.342857216761806	0.0656515723176758
XLOC_014536	0.354509865099555	0.174838944797505	0.116387337207929	0.369357663270462	0.227990577266403	0.0770362401389368	-0.339402227375958	-0.0206537301144172	0.0104339876079251	-0.216020463738751	-0.226480169489673	-0.527998024669906
XLOC_014537	0.491771148745431	0.332999364232665	0.271267783567014	-0.616505449784337	-0.381630483663001	-1.35978526381292	0.63728977860892	0.517334152928343	0.536337242217757	-0.491192491504106	0.182661419191481	-0.120547200727255
XLOC_014539	0.572820989355415	0.0262770281664926	0.19133608388974	-0.361006481428057	-0.736552060083315	-1.38530369030419	0.695387701684347	0.798686930490141	0.800427521277414	-1.10119540377755	0.632717036973886	-0.133595656244346
XLOC_014594	0.0871319507232133	-0.189084090635401	0.535957712004142	-1.39004589545613	-0.927835268247106	-0.17271555087974	0.68040042754572	0.306759469271232	0.292570291336015	0.111392735646898	0.468512499137274	0.196955719553886
XLOC_014604	-1.57666663609514	-0.0508726168574496	1.28212938961582	-1.57666663609514	-1.57666663609514	-1.57666663609514	1.03440998710326	-1.57666663609514	2.29212167490552	0.413200447545869	0.839798752583184	2.07254554557949
XLOC_014623	-0.238395454772204	-0.289606895180555	-0.281495016160563	-0.324374481204626	0.0899693626914777	0.10457864888031	0.15696405799871	0.458291331939381	0.519232746684533	0.205817002479322	-0.182954137534844	-0.218027165820954
XLOC_014632	0.531562344618376	-0.0436835407853007	0.1689841939723	1.06938258162482	0.622724183775841	0.390061053021124	-0.559921049336737	-0.110687947260494	-1.10870946819556	-0.411317596898912	0.0215816869567078	-0.569976441492156
XLOC_014633	0.384016633956502	0.0579493293639457	0.786115751274065	-0.838736206166742	-0.515087400978242	-1.34628322941466	1.19260226489309	1.21851778621444	1.12817272014406	-0.60853882327319	-0.783805650728068	-0.674923175285203
XLOC_014634	-0.0551190499159322	-0.106652345931767	0.145521885943949	-0.363765607555367	-0.287957433474399	-0.231658910464874	0.587693819288301	0.461033924070986	0.995743279396118	0.109936281566024	-0.916272986378089	-0.338502856544936
XLOC_014653	-0.981607821670699	-0.981607821670699	-0.981607821670699	-0.981607821670699	-0.981607821670699	-0.981607821670699	0.45305874462272	0.617252267711003	-0.981607821670699	1.00825926197031	1.43485756700762	3.35782691038324
XLOC_014666	0.623694241249091	0.978773047693156	0.791715161388574	-0.709135593806276	0.110699483126487	-0.667551162350221	-0.563448417629687	-0.562460366277758	-0.147136463915596	-0.498709160375654	-0.112501734200571	0.756060965098452
XLOC_014681	0.123917998057657	-0.0692426248376004	-0.696876977749316	1.25075688871248	0.732352966602654	0.793643244726338	-0.538028293462492	0.605854160216451	0.232314375193507	-1.15276726797635	-1.03174175437842	-0.250182715104909
XLOC_014689	0.556625877312184	0.639497376253137	0.362101171230759	0.358711322698774	0.0292896053024174	-0.227144708543553	0.695655001090207	0.175837233338695	0.666269644421253	-0.60732985047035	-1.24487052292993	-1.40464214970359
XLOC_014690	-0.0398594742322231	0.287804377356242	1.17145652490922	-0.383278103045237	0.456659171342602	0.761281651349774	0.437751053541544	0.736905283238509	0.360898793543356	-1.4284610632364	-1.09982417615191	-1.26133403861548
XLOC_014691	1.33920787115027	0.185858851894697	0.125370755182814	0.80378343713787	0.354713645881056	0.227500956328845	0.227226788142924	0.684723145211126	-0.39982037297656	-2.42259626462628	-0.24703866183243	-0.87893015149435
XLOC_014715	0.509567707240074	0.339079567481306	0.611139815043292	0.233476131740828	0.591449770422201	0.275587307747443	-0.84765682399519	-0.601425324415346	-0.570686895828389	0.186574838686049	-0.507128098290523	-0.219977995831727
XLOC_014722	0.444272234850224	0.00198432739517429	0.192472676716578	0.105135430057048	-0.16211502045372	0.563589695635317	-0.160803244905409	0.0910851549171987	-0.105581074019744	-0.513995092012994	-0.155239145826906	-0.300805942352763
XLOC_014729	1.24111427649882	1.32878727806341	1.05297090510729	-0.838046427936685	-0.655431716357125	-0.342138036760797	0.0144406664912182	0.191812818294915	0.221272997466915	-0.357250164607155	-0.951579712323435	-0.905952883937363
XLOC_014739	-1.76300533397696	-1.76300533397696	-1.76300533397696	0.30721415157207	-1.76300533397696	0.252066424521721	0.376591759155284	0.575585036578989	1.43319653814501	1.54675469285205	2.04597847447132	0.514634258611397
XLOC_014742	5.98176907233366	6.03798726281771	5.71890394438776	-2.63076505801016	-2.63076505801016	-2.63076505801016	0.619587814334294	-2.63076505801016	0.0571073121976866	-2.63076505801016	-2.63076505801016	-2.63076505801016
XLOC_014743	0.900713231613045	0.755619663853542	0.673539383918479	-0.253122782475888	-0.360292835240092	-0.07775826776024	0.678004545468713	0.787438177555018	0.643733003122957	-1.10170616317118	-1.13456792828382	-1.51160002860053
XLOC_014745	0.734252015392032	0.0651021056891565	0.261529678207392	0.201583383040779	-0.514173109263169	0.383672974060465	0.0929024820743347	0.647015572423314	0.610322055363877	-0.82039651673714	-0.44368932482146	-1.21812131542959
XLOC_014761	-0.140930513161744	-0.159329043726219	0.147188135282775	0.0633124125343363	-0.258922218314416	0.194642058316608	0.74392616746842	0.532716996912027	0.617369763614406	-1.10877886832915	-0.290362110568666	-0.340832780028383
XLOC_014763	-0.0925565945841322	-0.114084652586901	-0.418515244194804	-0.142545441057926	0.423373332215038	0.285506041029499	0.365321754137128	0.15747725099163	0.537275385081012	-0.105178921844916	-0.304420009588947	-0.591652899596669
XLOC_014766	-0.972048024378232	-0.972048024378232	1.39794392036833	-0.972048024378232	-0.972048024378232	-0.972048024378232	1.16754906875401	-0.972048024378232	-0.972048024378232	1.82372059454378	3.38717061135974	-0.972048024378232
XLOC_014794	1.28570641137043	1.35743202499932	0.879560131320203	-0.622371024113563	-1.64090449833726	-0.692694180777766	0.880736447158308	1.07103299184176	0.408487958810526	-1.83144550876207	-0.651457513038698	-0.444083240471161
XLOC_014797	0.280081005353741	0.163238588667617	0.223851977285072	-0.173732083430784	-0.32318629318089	-0.528731764407555	0.569135414897409	0.74872761346152	0.550949542914158	-0.56197438557413	-0.403052715108899	-0.545306900877254
XLOC_014798	0.0211574464189628	0.233281452167409	-0.00620273025954621	-0.0653599126441744	0.193506324029229	0.921081073240935	0.023689889176997	0.342438386438538	0.460024492868103	-0.319427881851521	-0.4180862061751	-1.38610233340984
XLOC_014807	-1.35678761181445	0.369341740094107	0.125764914716402	-1.02239201385643	0.909231420818355	-0.399040378025268	0.200042930469725	-0.687903921141932	0.168919880157541	1.16149979490607	-0.202131753210741	0.733454996886621
XLOC_014813	1.27754185655231	0.832836824028155	0.526238846476179	-0.828547135549572	-0.476187758830521	-0.426859248579307	-0.812644336655343	-0.297778923859431	-0.799685150436242	0.417701242753274	-0.143085118490617	0.730468902591118
XLOC_014814	-1.97497326645203	-1.45410905520284	-0.0598245010262213	0.340603008356195	0.324574683905137	0.805738363715735	-0.769265376356583	-0.96491700007404	-0.399744298161612	1.16261724042375	1.48691427265341	1.50238592821909
XLOC_014815	-0.883151544910514	-1.74865349082803	-1.07353468520966	0.941819371624795	1.2149287417412	0.924596062973707	-1.68674594120023	-1.75344005251001	-0.365825100286446	1.88665611582836	1.21504516744851	1.32830535532831
XLOC_014816	0.158204109590297	-0.551616156509603	0.137261190143401	-0.293950017466927	-1.25823142362264	-0.252365586010872	1.79771932323791	1.39256066584265	1.88121024682997	-0.652746313299342	-1.23463587724358	-1.12341016149126
XLOC_014817	1.12880650096478	-0.391100165430879	-0.1048415980868	-0.21812873835157	-0.0348929053482943	-0.0756137343536603	1.32620530120667	1.29912248414814	1.61104496207842	-1.75843353825511	-0.987813846494254	-1.79435472207745
XLOC_014821	4.75928553056825	4.89861592844482	5.25202983905857	-2.0458246844146	-0.14219391213653	-2.0458246844146	-2.0458246844146	-0.446964595032899	-2.0458246844146	-2.0458246844146	-2.0458246844146	-2.0458246844146
XLOC_014825	-1.6099309145564	-0.936922371652436	-0.187371552856947	0.716667865219041	0.906199971039428	0.892911661110771	-1.34546918553711	0.835523445511596	-0.702596238760963	0.611871309899872	0.890573657835398	-0.0714576472522506
XLOC_014827	2.15252821556123	1.11846920997208	0.0127728052926341	-1.61235545620251	-1.61235545620251	-1.61235545620251	-1.61235545620251	2.93110135388646	-1.61235545620251	0.377511627438495	0.80410993247581	0.665284136385846
XLOC_014839	-0.193737258232071	-0.283966119749671	-0.374360513482049	0.612048220720064	0.45666984941365	0.708033768699941	-0.333461655559399	0.176579239878805	-0.133526027210749	-0.311962133141884	-0.0774074438558436	-0.244909927480798
XLOC_014858	-0.733141359346369	0.236644194831179	-0.0441236164279539	-0.49189327209629	0.190338038962535	-0.529662267757944	0.119799403008356	0.189798939508682	0.338723083588437	0.229645176752593	0.299543458504675	0.194328220472101
XLOC_014859	-0.00688829298648308	-0.296324352307147	-0.537112286726613	0.670512927376745	0.0851847468386371	0.517345729344173	-0.0675333784536907	0.17739814124281	-0.369500150229868	-0.150223576052804	0.0306395885962658	-0.0534990966420388
XLOC_014866	-0.541292168471771	-0.805290350311447	-0.344295244377066	0.206070231697298	0.482430794931465	0.301959911592401	0.234695400935233	0.0536096489824711	0.90419331666665	0.101073331766222	-0.345770977536194	-0.247383895875258
XLOC_014868	-1.54632417391241	-0.0410872484855709	-0.299069700981581	0.303283626040416	0.969806711683419	0.134657994200992	0.526874598106038	-0.647377574245388	-0.492663335104414	0.804742869103714	0.160829678297573	0.126326555297208
XLOC_014869	-0.885972942578585	0.53365384088409	0.148545615589951	-0.129694479033285	-0.0310049281416251	-0.00136568274391813	0.691611434953899	0.0605520958919286	0.432213960444338	-0.235677636636548	-0.567300856417342	-0.0155604222129018
XLOC_014870	1.53251728494338	0.253222088004987	1.03632765548861	-0.407383092620569	0.72788473102981	1.24136474953011	0.772750294174853	2.06585423191937	0.210269792038245	-2.4776025781696	-2.4776025781696	-2.4776025781696
XLOC_014876	0.808491111502692	-0.694971899582744	-0.989015529173066	0.739746848862236	-0.304264873461295	1.53085680366635	-0.312624025954481	-0.72073373306776	-1.26407580324979	-0.191755914568231	0.913257552802796	0.485089462223294
XLOC_014938	-0.0894133579467598	-0.0525702522133855	0.598464897528577	0.102820329077124	0.309107965239744	0.181665048414452	0.0678360880500914	0.252509924391318	0.238203738347268	-0.526233326016333	-0.415562284811449	-0.666828770060636
XLOC_014941	0.27619375185691	0.0515621451030892	-0.319382769985785	0.519631118350137	-0.266975723883982	0.0511317501294855	0.269432948754868	0.542733730984855	0.403618428875174	-0.633232393782	-0.576941485506502	-0.317771500896258
XLOC_014945	0.67186565058067	0.305700937486495	0.798111625431908	-2.42512372868809	-2.42512372868809	-2.42512372868809	1.99699477696947	1.05322745677444	-0.52912268415934	0.370644890233921	1.38386007976018	1.22408845298653
XLOC_014954	-2.91727163969842	0.182116807571771	0.162114673810548	-0.211330404544944	0.14261885461899	0.0319547928949717	0.829510134918129	-0.63316415885922	1.30375324971006	0.175939708812797	-0.0391973760858528	0.972955356851157
XLOC_014956	-0.0907857759347248	-0.0554914303907346	0.922571857550531	1.95596090187964	0.589760291622189	1.04980604789611	-1.24303077271398	-0.567072341638732	-0.624595334057777	-1.18362361822943	-0.295329408790609	-0.45817041719248
XLOC_014961	0.454291383597968	-0.556797810573992	0.0674080695054453	0.90500672724615	0.537239352162919	0.646712971153269	-0.438252406574696	-0.566405410389762	-1.06831163696657	-0.0254008602069158	-0.298329060877762	0.342838681923954
XLOC_014966	-1.41674779664748	-1.01852947666498	-2.32283544270027	0.43286000330534	1.09938308894834	1.14196088679471	0.146539766356334	-0.913994718873773	0.611126103184839	1.1087948627985	0.218107054891413	0.913335668607037
XLOC_014993	0.132622127800833	-0.497718419818479	-0.406911748868465	-0.728428294600203	0.0625666220681476	-0.170339733152981	0.456137962122715	0.243424719167864	0.338759848081474	0.434249897040675	0.264487478825503	-0.128850458667066
XLOC_015001	1.6899484465136	-0.904014813847553	1.465977130899	3.43205860497799	-0.904014813847553	-0.904014813847553	-0.904014813847553	-0.904014813847553	-0.904014813847553	-0.904014813847553	-0.904014813847553	0.644134328389826
XLOC_015013	-1.28353677759566	-1.002395029375	-1.15729080274442	0.516506622634437	1.42245836713736	0.726418291604229	-0.351180756081396	-1.55532612806485	-4.38052615686442	2.48870562518871	2.50385546390845	2.07231128025255
XLOC_015016	-0.0480379292818949	-0.106191134947816	0.25628549069159	-0.331421031257903	-0.266973662368574	0.572603131518975	1.01834743827502	1.33127965559748	1.36045960299369	-0.287345611074547	-1.03039957448893	-2.46860637565709
XLOC_015024	-1.03948711295559	0.289118677341373	0.940008220187363	-0.501382091773602	0.249841734095053	-1.33063964836886	0.830800482315217	0.525339188528448	1.16934480743422	-0.60308249516071	-0.181660685494844	-0.348201076148068
XLOC_015030	0.182217537560375	0.544453819173899	-0.17596507742442	-0.339540206012182	0.466439758024832	-0.261679569506961	0.500651135912848	0.927438041289599	0.670952934729264	-1.76562668821701	-0.264004789594863	-0.485336895935393
XLOC_015053	-0.323584285499933	-1.16258155620123	-0.590328855459218	0.157417957348854	0.623777248243163	0.685704633326937	0.0663461514339003	0.0171322480890757	-0.456746342560221	0.780457730060277	-0.0375261390699917	0.239931210288386
XLOC_015064	1.62969768980879	0.640676867593175	1.75043794155176	1.27409847273548	0.440550337852721	1.44625533772324	-0.855982133812929	1.61484192471623	-1.72519361323015	-1.85313919019533	-1.64240998323902	-2.71983365150397
XLOC_015065	-1.82427083714648	-0.298476817908793	1.03452518856447	-1.82427083714648	-1.82427083714648	-1.82427083714648	0.786805786051912	-0.225410747764777	1.74706945570938	0.971497781775532	1.9847129713018	1.2963597308564
XLOC_015069	-0.325552584243766	0.413783999243214	-0.0174029186585516	-0.613331461737456	0.26787664697353	-0.40008857257443	0.483685979672152	0.753884288213744	0.613040074313664	-0.195516093640419	-0.589404069729804	-0.390975287831877
XLOC_015072	-0.608297014890987	-0.47421336005686	-0.567745000554596	0.304160821702563	0.467847607350524	0.25895405281817	-0.686885087987161	-0.231207540439882	-0.120289004075135	0.507964437070825	0.565939681252543	0.58377040781
XLOC_015081	0.90930261414727	1.69347048127553	-1.68466064621389	-1.68466064621389	-1.68466064621389	-1.68466064621389	-0.249994079920467	0.653929724342063	1.51154122590809	1.62509938061512	0.731804742464435	-0.136511503976506
XLOC_015095	3.76213631832537	0.444620629076503	3.62017279177071	-1.08117339016118	0.822457382116888	-1.08117339016118	-1.08117339016118	-1.08117339016118	-1.08117339016118	-1.08117339016118	-1.08117339016118	-1.08117339016118
XLOC_015096	0.0777476509005073	-0.520893021723688	-0.633366271329813	0.542549650644332	0.432642155801547	0.599883275542895	-0.461840059422376	-0.588762845052244	-0.981817045919505	0.717838509302166	0.690744425242282	0.125273576013906
XLOC_015097	-1.59729494553534	-1.59729494553534	0.0278333159598079	1.80849552383083	1.60819236366407	3.22941467729932	-1.59729494553534	-1.59729494553534	-1.59729494553534	2.09066334931501	0.819170443142984	-1.59729494553534
XLOC_015102	-2.7358078337062	0.55929115749804	0.611714125378685	-0.0298665985527258	0.243307435361995	-0.100793296428488	1.73469509113673	0.523553547257903	1.2591423196831	-0.698896343366658	-1.76338278338449	0.397043179122116
XLOC_015113	-0.40039754497824	-0.323330991297832	-0.247011715131931	0.263976643517884	0.332290648161274	0.228483283458376	-0.148542366184845	-0.27859686969178	-0.154461123723365	0.384535140994947	0.136595506633546	0.206459388241978
XLOC_015120	0.380549860000963	0.165658721251095	0.0941491351342432	-0.0558051574488516	-0.138894476607648	0.0176795079312022	-0.0460737998535166	0.00743746676902113	-0.0685626263109604	-0.280164336887342	0.0250295636374496	-0.101003857615634
XLOC_015124	0.656173142499978	0.577544895327518	0.0495947039920761	-1.23409783619391	-0.813020269812339	-1.52218274907854	0.349562614851363	0.93487673719359	0.196987936280674	0.118071235335725	0.235470502643518	0.451019086960342
XLOC_015134	-1.36812341162536	0.105564811123126	0.198864650099978	-0.69075411700936	0.284361087753592	-0.924665382310571	0.752958138469484	0.541233699976276	0.463658327146102	0.0136738361856787	0.19965791196776	0.423570448223312
XLOC_015160	0.316931573843281	0.506121227240321	0.325750576496298	-0.907807785234795	0.0172918059003075	-0.679648385675905	0.436689681437563	0.263742064829096	0.115586589031696	-0.158194573948795	0.0749235669048014	-0.311386340823873
XLOC_015163	-1.83871809194159	-1.05455022481332	-1.20944599818274	0.867223143211887	1.50545892460232	0.0459070705207161	-1.82160472910435	-0.71303292629241	-0.106960173340904	1.55400454391727	1.2367406748525	1.53497778657063
XLOC_015168	-0.904869657370137	-0.756260930971224	-0.860184287830961	0.174110362805796	0.587365626899017	-0.10717300608239	0.158303580006866	-0.447803218069465	-1.68624215128132	1.61257137473084	1.1667624276788	1.06341987948419
XLOC_015171	-0.263582863946627	-0.712007614583904	-1.35302012849689	-0.0134583263283341	0.418975444540543	-0.184559395112651	0.255802887180375	-0.431077300358117	-0.152620902946233	1.39327465959352	0.515954612924842	0.526318927533472
XLOC_015183	0.0936201705152699	-1.09317196365757	-0.0219425320566726	-0.684913496492858	-0.346213092077075	0.502311319148595	-1.8602264679486	-0.992951905684459	-0.356032484870299	1.64464762363287	1.57481857590625	1.54005425358454
XLOC_015193	-2.06299401122232	0.17874226291886	0.255972112117886	0.252582263585901	-0.477757419740105	-1.1411657646671	1.35207621038375	-0.18565537416315	1.81962087367759	-0.0856473300466716	-0.524094934951666	0.618321112107022
XLOC_015206	0.496058922316776	0.231358625651022	0.178840561407017	0.485091687038691	0.164188681753908	-0.320200020262453	-0.206683769162143	-0.441162079686309	-0.966542921019298	0.0588193416453437	0.123630310771724	0.196600659545728
XLOC_015208	0.0563907906689192	-0.354859416160219	-0.384959627937607	-0.219392466187594	0.604147732776923	0.403959169643564	-0.66657338989164	-1.12946102309472	-0.887753222093429	0.718852942147688	1.16177914574202	0.697869364386088
XLOC_015212	-1.4433524582658	0.807277987062649	-1.4433524582658	0.626867027283233	3.23887351248518	3.21976905593185	-1.4433524582658	-1.4433524582658	-1.4433524582658	0.546514625375208	0.220812541456664	-1.4433524582658
XLOC_015245	4.01867365728955	2.35923226231507	3.0460552619432	-1.25862132820288	0.645009444075194	-1.25862132820288	-1.25862132820288	-1.25862132820288	-1.25862132820288	-1.25862132820288	-1.25862132820288	-1.25862132820288
XLOC_015246	4.86159023685222	4.54701424371915	4.51855652640293	-1.80730570861447	-1.80730570861447	-1.80730570861447	-1.80730570861447	0.531284661941476	-1.80730570861447	-1.80730570861447	-1.80730570861447	-1.80730570861447
XLOC_015247	0.684180450336957	-0.230750564233865	0.102016475649338	0.528093903384224	0.626331494956912	1.11405757658123	-0.293858233211954	-0.639334328027545	-0.769275448838106	-0.216201969464404	0.123536388043586	-1.02879574517638
XLOC_015279	0.510495732671902	-0.45605341865806	-1.0934328901361	0.897095532630007	0.206466433341095	0.291074780207707	-0.594430848604698	0.565613934003088	-0.0746550962685397	-0.381724737052424	0.0482434420410138	0.0813071358250186
XLOC_015281	-0.73133113962674	-0.00201315210815345	0.257704620640837	-0.672190865498728	0.121361238248646	-0.38996708214653	-0.126794456919612	-0.124238757132854	0.354152913898684	0.553202662084982	0.417946159649679	0.342167858909793
XLOC_015285	0.191541304710719	0.627103159465069	2.6811493042827	-1.62352728586338	-1.62352728586338	-1.62352728586338	1.62682558648107	-1.62352728586338	0.272473758665373	2.06443100898697	-1.62352728586338	0.654112306724979
XLOC_015291	0.342289800652781	-0.413230604470401	-0.100110145763397	0.376863229189312	0.211674260348991	-0.379394275309211	0.393154803647108	0.246728511190947	0.201328359763188	-0.121752728304823	-0.462923047923222	-0.294628163021269
XLOC_015296	-0.0846895001097066	-0.224785420776949	-0.446686404129247	0.710078544016978	0.352754737559232	0.208024321375269	-0.712521089796474	-0.509071707919889	-0.500413749845133	0.997387930335439	0.0343066540774322	0.175615685213034
XLOC_015307	-1.02503944741006	-0.352030904506096	-1.27599288551559	-0.45384970034825	0.606614210452126	0.317021329294852	0.81561552793289	-1.07027469316347	-1.21858282631794	1.05476573543632	1.515590565426	1.08616308871922
XLOC_015309	-0.857137422012227	0.453387309073047	0.568409033642372	-0.755991999422173	0.241826062247633	-0.390507612912207	1.30357370741037	1.02944631970028	0.6552161078837	-1.48717282495889	-0.962371084150889	0.201322403499002
XLOC_015314	-1.06784361329351	-1.06784361329351	-1.06784361329351	1.00237587225552	-1.06784361329351	-1.06784361329351	-1.06784361329351	3.03920203235324	-1.06784361329351	-1.06784361329351	3.29137502244446	1.20979597929485
XLOC_015317	3.40119228564309	1.16737339093332	0.806540669505292	-1.56345127524127	-1.56345127524127	-1.56345127524127	-1.56345127524127	-1.56345127524127	1.12442109496658	1.23231734368075	0.100713724481194	-0.0153021330038861
XLOC_015321	-0.387111412345717	-0.21851852600476	-0.325919184351367	1.03412424717992	0.741068674129976	0.901060532106894	-0.735909946434628	-0.223485715133983	-0.406400173715059	-0.423813603652244	0.285783048742419	-0.240877940521463
XLOC_015333	0.331396486278665	0.979221763132166	0.0745489877926548	-0.48247652923803	-0.307379755593252	-0.169299670904485	1.6659034130241	1.34142456611271	2.27698012065134	-1.89839991496319	-1.47180160992587	-2.34011785636681
XLOC_015378	3.97694484550535	3.81098422042301	3.59527154272774	-2.07807803114238	-2.07807803114238	-0.0630062726436997	0.887761511428307	0.260512339413568	-2.07807803114238	-2.07807803114238	-2.07807803114238	-2.07807803114238
XLOC_015379	2.46854819274678	2.70687161135047	1.92689987510304	-1.29633547901696	-1.29633547901696	-1.29633547901696	1.66950406355372	0.302524610364739	-1.29633547901696	-1.29633547901696	-1.29633547901696	-1.29633547901696
XLOC_015416	1.04276487169965	1.09509016528701	0.670032946820374	-1.01981118734764	-1.11573674565779	-1.83595354528532	0.853720519350432	1.00818520330192	0.958760338943499	-0.308210690202878	-0.491542274704771	-0.857299602204476
XLOC_015442	-0.289336532393443	0.199706944084634	0.319465762905494	0.051342334795331	0.0733358548699607	-0.074409856936807	0.242755208676702	-0.148660143086188	-0.536098586737435	-0.053810917383915	0.160874706231454	0.0548352249742319
XLOC_015443	0.499335900707894	0.431305984044442	0.334244424054486	-0.262003999160992	-0.184499478048098	-0.556115579144178	-0.481807649392435	-0.66352600482599	-0.454677277686425	0.632553388657319	0.280106327492337	0.425083963301617
XLOC_015451	1.15548672429853	-0.678611871189141	0.10449369629448	-1.3392170518147	0.715653461706187	-0.584869544509429	-0.443596994793041	-1.07084616680778	0.916284641598109	1.03708794354413	-0.992971148685407	1.18110631035806
XLOC_015468	-1.89596568076539	-1.89596568076539	-1.89596568076539	0.9913667944323	2.78626028998559	0.928601312088911	0.715110942433004	-1.89596568076539	-1.89596568076539	0.093901402875618	2.73992277477403	1.22466488723749
XLOC_015470	0.968218732778226	0.624885917745517	-1.62574452758293	-1.62574452758293	-1.62574452758293	-1.62574452758293	-0.191077961289511	2.0939038984274	0.270256516945821	-1.62574452758293	1.64884532883618	2.71369020447101
XLOC_015477	-1.11461566458824	0.0198547924032368	-0.284575799204666	-0.343433901358224	-0.22758014305878	-0.323556565521753	-0.51233370138357	-0.51134565003164	0.411091827383759	1.45489413127636	0.758056026482883	0.673544647600631
XLOC_015478	0.502330144533065	0.213055573196655	-1.31273844604103	3.02333497278452	-1.31273844604103	2.95420306936575	-1.31273844604103	-1.31273844604103	-1.31273844604103	-1.31273844604103	2.49624536240724	-1.31273844604103
XLOC_015481	0.833211789834939	0.785554701678688	0.805645093251181	-0.315645584597529	0.900543814872758	-0.923476034633844	-0.710794549976236	-0.690018797007514	-1.07975410175935	0.0792263331543	0.260329426735614	0.0551779084470008
XLOC_015511	-1.19733169283713	0.827941603703048	-0.780390838447688	0.749856880800977	0.901030810144641	1.04716785486479	-0.264975671322871	-1.1058942543444	-0.722980779250034	-0.0592029372943728	0.863886868222991	-0.25910784423994
XLOC_015518	-0.0464191329810468	-0.269856019360088	-0.496023451341718	0.562074484874344	0.670210037629431	0.247256085257758	-0.440815313708445	-0.414089984750657	-0.315533762278456	-0.0116774185139104	0.303334699138878	0.211539776033897
XLOC_015534	1.43464905442459	1.05858945870514	0.358652204687054	-0.223461461273498	0.450086426958343	0.156630173966792	-1.50710517265136	-0.864660980193199	-0.639929653385557	-0.0845348236988004	0.116897988744326	-0.255813216283832
XLOC_015535	0.64117587421553	1.21493742195133	0.921448281964918	-0.160263862284092	0.239946595241036	-1.2109506987238	-1.25781439539135	-0.464570505867195	-0.326906857864917	0.0262961475663754	0.273804502442465	0.102897496749714
XLOC_015542	0.623549956624587	0.249682382615515	-0.137660835381787	0.820660015151923	0.117435317104126	0.266185112769222	0.108845545113475	0.6054757079245	0.867227823389314	-1.16224343121124	-0.490937559187544	-1.86822003491207
XLOC_015544	-0.439260133979111	0.449325864922113	-0.0547531247148427	-0.863552649208759	0.0454400539636337	-0.934749519855111	0.184309441189818	0.839714064825839	1.04961757455608	-0.463181684356619	0.393709767910492	-0.206619655253538
XLOC_015546	-1.39778827511471	-0.703931147487499	-1.35310290557553	0.747458332482825	1.00511484502807	1.21882071304197	-0.0467930509377732	-0.759987493586991	-0.048488628662005	0.329261045517208	0.376257786059907	0.633178779234518
XLOC_015557	-0.0372668943653718	-0.770719831123667	-0.52658705420254	0.786882005449245	0.34134417527479	0.661542917400707	-0.250787749707991	0.0941656396275121	-0.093434417551034	-0.0161817544967686	-0.038631087029394	-0.150325949275491
XLOC_015567	-2.17518434617362	-2.17518434617362	-2.17518434617362	0.712148129024067	-0.271553573895548	0.649382646680679	1.07516852617083	-0.576324256791917	2.49703400138555	-0.185317262532614	1.39120396450924	1.23381086397056
XLOC_015592	-0.245482544670372	-0.294747372528474	-0.283015605362497	0.250348269035535	0.362734618626748	-0.872261485136809	-0.0438248415425484	-1.43133435843401	-0.22165295634136	1.43734791176826	0.79194036023361	0.549948004351911
XLOC_015631	-1.36049954213209	-1.36049954213209	-1.36049954213209	-1.36049954213209	1.84498776706732	0.654572216366595	-1.36049954213209	0.238360547249617	-1.36049954213209	2.62682548717943	0.303665457590375	2.49458577733918
XLOC_015651	-1.23021087391368	-0.688065735869655	-0.851245960600039	0.877516417435262	1.23413571773427	0.882606463759102	-0.360225556455304	-0.727457796139968	-0.0436978694959027	0.201199639073526	0.328539811232741	0.376905743239637
XLOC_015656	0.453991799406629	0.496848085872186	0.344456471374986	0.110910049835868	0.43207352354238	-0.564500924926768	-0.173421720588533	0.11096733835003	0.17641449439535	-0.683159110401971	-0.554979873130039	-0.149600133730114
XLOC_015663	-0.429295487374337	-1.07109179328938	-0.412909454265773	0.399633529499764	0.17873219951461	-0.0586933174498503	-0.291159918091857	-0.367706955857761	-0.217253240790487	0.849474459870599	0.292443183427191	1.12782679480729
XLOC_015695	-0.292841314498336	-0.950456065574925	-0.808124316292371	0.83399757615649	0.545499648619093	0.891573305477	-0.725066773886654	-0.714028065293718	-1.142214269106	0.659948799992941	0.639053479737644	1.06265799466884
XLOC_015698	1.36627093374666	1.3589521886221	0.757635304308198	0.21279593790314	0.471662174576543	0.458373864647886	-0.421273241711495	-1.70230673713628	-0.624141522937845	0.481073948426696	-1.45013374704505	-0.908909103400554
XLOC_015705	-1.24866007456801	-1.24866007456801	-1.24866007456801	3.4844811804735	-1.24866007456801	0.766411683930667	0.186006491725406	0.350200014813689	-1.24866007456801	0.741207009072992	0.415504925154447	0.299489067669367
XLOC_015708	1.17478552648074	1.86864265410794	0.564336688072657	-2.2944593376383	-2.2944593376383	-2.2944593376383	0.671380204932392	1.18389184782424	0.393413032569549	0.501309281283716	1.27192897304457	-0.746310195400915
XLOC_015711	-0.233205470488621	0.231894752588071	0.36319361076197	-0.439613313331969	-0.637528672535741	0.037984829832304	0.150758408494854	0.163799986322646	0.0761661409687058	0.114541831553646	0.0449296154841061	0.127078280350018
XLOC_015726	-1.20851137769107	0.317282641546621	-1.20851137769107	1.67882109750662	0.695119394587006	-1.20851137769107	-1.20851137769107	-1.20851137769107	-1.20851137769107	2.77881365162045	2.98954285857676	-1.20851137769107
XLOC_015728	1.98890309426353	1.92486154014884	2.14050206325818	-4.36160427625094	-0.78071703324	-4.36160427625094	1.08398739544028	0.702958421864775	0.589792399930575	0.0849202046569157	0.274284179288473	0.713716286890318
XLOC_015762	-0.391002051053534	-0.462828821550988	-0.421753361856169	0.715007617466915	0.338766769889266	-1.51534443184038	0.468787408871997	-1.30800045612038	-1.11904115326339	1.43879427120578	1.56832364257758	0.688290565673302
XLOC_015791	0.0664398384382014	-0.195810323955403	-0.115265166725743	-0.143018008984015	-0.499292647751128	0.268822540108449	0.67417800587833	0.685618342841741	0.60240243029707	-0.513531310265556	-0.302347667325792	-0.528196032556146
XLOC_015792	-0.706024454296932	-0.34617614261693	-0.0517792255575138	-0.17284691277759	-0.0898601351185313	-0.129256851614922	0.662420166170033	0.269310293700794	0.401945953181599	0.251375913273526	-0.0316478941920693	-0.0574607101514708
XLOC_015793	-0.134409454986445	-0.0737404395070813	-0.540546787350097	0.198954575410696	-0.325914125667353	0.874895540672923	1.03518408088761	0.460442777409964	0.541139928971369	-0.39869889658832	-0.64716914122835	-0.990138058024913
XLOC_015809	0.34556403731449	-1.21699825364243	-0.691003259082996	-0.101710589118865	0.36050003809016	-0.00814222132572162	-0.412733338502819	-0.291395034071405	0.238188093859827	0.76660888853352	0.408439081133269	0.602682556812979
XLOC_015821	-1.02147401678393	1.22915642854452	-1.02147401678393	-1.02147401678393	3.66075195396705	0.993597741714755	-1.02147401678393	-1.02147401678393	-1.02147401678393	2.28828601004508	-1.02147401678393	-1.02147401678393
XLOC_015933	0.0183851215494402	-0.0800697721796775	-0.179884235144111	0.675006296452676	0.806714530420242	1.04174594115287	-1.79420173729844	-0.0295407582233356	0.60610528410555	-0.723515336910247	0.333342030497802	-0.674087364422769
XLOC_015974	0.108439271329253	0.19580459625416	0.70133418413031	-0.0239689031177468	-0.905736904354195	0.862390196741981	2.06936613043831	1.74210042777165	1.87976407577393	-1.31545559463159	-1.20281326678245	-4.1112242135536
XLOC_015976	0.356163563131079	-0.050020280524766	0.759961827668735	-1.23059490383719	-0.667640617567747	-0.76074442981875	1.97370400559667	1.6684365160726	1.95987109156128	-1.70869112139329	-1.36073655261339	-0.939709098275228
XLOC_015981	-0.779455582688427	-0.112938855297542	-0.781015039417062	0.424477991011656	-0.311183756759588	0.0525031277882544	0.50076100972785	1.18577014044071	1.03020901404323	-0.755194797764742	-0.303874486358049	-0.150058764726284
XLOC_015982	-0.610679370504059	-0.217166912967857	-0.324139385067904	-0.656509882685487	-0.335851479053392	-1.01413388493793	1.0216376406844	1.23814803999008	0.962391878610775	0.00406810268454905	-0.0841921128315697	0.0164273660783874
XLOC_015994	-0.874740174433228	-0.36180434827675	0.307722027809291	0.76480195724566	0.460082094371869	0.987121755789444	1.85863811086966	1.76644867447578	1.90301386422339	-1.82003792109657	-1.69593742017012	-3.29530862080842
XLOC_015996	-1.31194706028518	-0.628349167929198	0.0535028757204934	0.925608171711947	0.982435436327093	1.5229192579912	1.78878393333878	1.48748788523255	1.50590596015021	-2.84549674194272	-1.79603813303376	-1.68481241728143
XLOC_015998	-0.579369849862227	-0.0921033078937725	0.549944800815076	-2.40285129717427	-0.094831890121422	0.253005920582586	1.75580748568958	2.24620054188309	1.72020261844714	-1.05506563756044	-1.48119996392368	-0.819739420881661
XLOC_016001	0.535408328304068	-0.0965804073194887	0.0392186988492988	-0.0689210654427459	-1.57108076253084	1.18840997938874	2.60049308596417	2.1002346297881	2.3871920905964	-0.1649515079799	-3.47471153480891	-3.47471153480891
XLOC_016007	0.148569988464751	-0.50222915273999	-0.293272394957445	0.953793699445508	0.424546431041092	0.713316239334282	-0.156943555714566	-1.13153455669327	-0.955056212001463	0.383973443026739	0.18626924961159	0.228566821182773
XLOC_016012	-0.444424017047571	0.533992962547758	-0.520238916853049	0.852975208593062	-0.538997502860513	0.970281305622605	-1.17619102272868	-0.737776198510724	0.408952436089774	0.41024855851398	0.203858788643294	0.0373183979900702
XLOC_016030	-1.5943033213106	-1.5943033213106	-1.5943033213106	0.475916164238431	1.10237192105198	0.420768437188081	-1.5943033213106	0.00455676807110339	1.60189855081137	0.395563762330406	2.42229186062424	-0.0461541790732194
XLOC_016034	-2.07938441185087	0.663411805545717	0.249395582652415	-0.108063407770832	-0.313565759414023	-0.175485674725256	0.740415986797151	-1.06925297362539	0.220817603851727	0.340665132386559	0.122142179509875	1.40890393664292
XLOC_016035	-0.688457398699791	0.280189951848879	-0.643772029160615	1.71490870029386	1.90400346377939	1.64335467945691	-2.01810516968658	0.254428118363863	-2.26170121829007	0.0774158719927005	0.0403519734490043	-0.302616943347559
XLOC_016039	-0.230828295773957	0.495621798884816	0.0692119251731995	-0.0102089418263498	0.156620277957588	-0.66226272715971	-0.28032133608744	-0.569402013472244	-0.483524733374749	0.813436450964326	0.239505402473241	0.462152192241284
XLOC_016040	-0.397173952331243	-0.475911108221616	-0.300595152192935	0.583528058930127	0.944068033464448	0.719521736639541	-0.589290802027583	0.0791736676526051	-0.553817676703972	0.065128552943885	0.0484422776266911	-0.123073635779949
XLOC_016086	-0.171344643894204	-0.243171414391658	0.172788681082437	-1.22826475772662	-0.186055111591603	-0.995836726556778	1.23214689665103	0.134838184788979	0.170556507464425	0.830034502229362	0.143553587948134	0.1407542939965
XLOC_016107	-0.144014666713972	-0.54943216053282	-0.285978193268625	1.2941568039988	0.743020854815486	0.647044432352512	-1.1169025759065	0.162168161969211	-1.11853606419986	-0.540799894292665	0.336309981709638	0.572963320068796
XLOC_016118	0.78237048675197	0.49309591541556	2.93011788257472	-1.03269810382213	-1.03269810382213	-1.03269810382213	0.401968462471292	-1.03269810382213	-1.03269810382213	0.957168979818879	0.631466895900334	-1.03269810382213
XLOC_016120	1.28099357438829	0.869137471166979	1.162830297967	-2.18290571909294	-0.374625899366805	-0.23430757881799	0.477399178098566	1.78972374076345	1.73786308468557	-4.25312520464197	-0.0550709683741388	-0.21791197677601
XLOC_016121	0.0332712720230397	0.116971843502397	0.265112685122105	-0.341486856971692	0.363955513378827	-0.92800287900867	0.73861304974873	0.377118838361615	0.385776796436372	-0.644938011186074	-0.25685800196191	-0.10953424944473
XLOC_016147	-1.60484957674671	0.64578086858174	0.0202786847484386	3.69505491876792	0.298781195531366	2.114117750953	-1.60484957674671	-1.60484957674671	-1.60484957674671	1.19091904217531	0.0593154229757544	-1.60484957674671
XLOC_016157	-0.60433829341285	0.595033675580853	-0.850347803411883	0.823449621966976	-1.3769079151693	-2.0585113990332	-1.1077436149612	0.194053592005568	0.0416874487448089	1.52787757516201	0.79436313304184	2.02138397948638
XLOC_016170	0.283172840105482	-0.245682633079725	-0.120256919938838	0.583650647073538	0.383497478965356	0.891384089076308	-0.48023567412684	-0.356617829797	-0.556495643422625	-0.472303026427212	0.110573978739035	-0.020687307167484
XLOC_016184	0.110384108911409	-0.0679118050464469	0.371972495198245	0.354492946854633	-0.0294126873344212	0.0309268190828575	-0.958151084461868	-0.675238011851992	-0.159137164285108	0.667972886507336	0.290663291201399	0.0634382052239628
XLOC_016198	-1.1126781219191	-0.0588300837509541	-0.329823219716245	-0.172862139792941	0.244591996628412	0.364643934416971	0.143577158897283	-0.274299949036767	-0.44897930265729	0.443752188526835	0.669687774234546	0.531219764169245
XLOC_016200	-1.4248098221206	2.57839726824683	2.33095058125517	-1.4248098221206	-1.4248098221206	-1.4248098221206	0.00985674417281701	-1.4248098221206	0.471191222408149	1.37095879680141	0.239355177601859	0.123339320116778
XLOC_016217	-0.312931286690746	0.602824788909744	0.241992067481715	-2.12799987726484	-2.12799987726484	-2.12799987726484	3.98319824524249	4.66079135011123	3.59212409853462	-2.12799987726484	-2.12799987726484	-2.12799987726484
XLOC_016218	-0.582961649165441	0.353166135120787	-0.680882928143073	0.887051444823529	1.13418005415824	1.39181134080527	-0.682862248924949	-0.878513872642406	-0.476214967750409	-0.75044138347763	-0.228984324983019	0.514652400179103
XLOC_016222	-0.887483331565194	-0.451910813596069	-0.53608193260202	1.31858531250026	0.686699124379957	1.02816944683852	-0.372274057155932	-0.0812890109311892	-0.18286953908663	-0.376402923510171	-0.0464904347288622	-0.098651840542682
XLOC_016226	-0.901678914776344	0.624115104461343	-0.901678914776344	-0.901678914776344	1.00195185750173	-0.901678914776344	-0.901678914776344	-0.901678914776344	-0.901678914776344	3.72919583592435	-0.901678914776344	1.85816852032333
XLOC_016229	0.160631565644739	-0.0558248288706844	-0.545101685579911	0.277041499587429	-2.15540114696005	-1.23446492638382	1.77905052454407	1.6337864369786	0.613186428321056	-0.74927189240911	0.300186716499853	-0.0238186913721634
XLOC_016230	-0.556514625779974	-0.00469517267373654	-0.326817551572514	0.267999842244041	-0.651088111592917	0.0505315121718226	1.68100846153922	1.02560512481273	1.63957933117083	-0.78885308135132	-1.20978979997997	-1.12696592898821
XLOC_016231	1.00658777200359	1.5700059784771	-0.556041878192727	-1.18263963665325	-0.191472806575774	-1.24540511899664	1.37561955984028	1.44222128730814	0.439372438687808	-1.27420349292892	-1.65350672317261	0.269462620203008
XLOC_016233	0.035962128458336	0.868939381557023	0.791233209649466	-0.117621939328127	-0.898217183013932	0.0283394050343828	-0.433044349148839	0.0946669643163167	-0.232315574997577	-0.22123225009181	0.425496079266258	-0.342205871701496
XLOC_016234	0.104490425310173	0.899973020664648	1.11784805879543	-1.41077496861585	-1.60143220145096	0.18048097900992	1.84820396147882	1.33697533455559	1.26476979159262	-0.988347416984529	-0.731719133130674	-2.02046785122518
XLOC_016251	-1.29648764744425	-1.03432187788883	-0.291742028227982	-0.35089921061261	0.305543395850922	0.00432332779565048	0.495064924222993	0.847281893259315	0.667480267438918	0.341474692951829	0.511334089474102	-0.199051826820062
XLOC_016268	0.28038130056922	-0.322919369155636	0.206919125864321	0.283401345369592	0.423665328775023	0.263797888380479	0.197640532139356	-0.0798473954109955	0.263803729734395	-0.511764133109404	-0.809857821663712	-0.195220531492637
XLOC_016270	-0.171160983255935	0.0260459108284321	0.150267350237696	-0.712412862286752	0.0895417709457842	-0.853423714208028	0.223381357706213	0.61765885493625	0.351267562065553	0.065336468227196	0.106736040175001	0.106762244628595
XLOC_016273	-0.155857108883491	0.103537655762331	0.212029852665147	0.412516575748046	0.294171348034044	-0.0863563715721254	-0.836479747726726	-1.26190963970032	-0.316703995390568	-0.0501420749700188	0.679153428367642	1.00604007766603
XLOC_016277	0.684179037707668	0.320547019665272	0.313998135052723	0.0144647970249947	0.0413514316275432	-0.221254850396195	0.384504728741201	0.502017839918008	0.0946284958556838	-0.967542092937358	-0.293276118678071	-0.873618423581459
XLOC_016304	-2.4655279231617	-1.62774397747297	-3.07597676156978	0.757101817417276	0.781920579357516	0.442598071813692	0.550111171072993	-0.705081222563829	-0.645478762357373	1.94657721342116	2.1068058843396	1.9346939097034
XLOC_016317	-1.35487958935534	-1.35487958935534	-1.35487958935534	-1.35487958935534	-1.35487958935534	0.660192169143339	-1.35487958935534	3.05725079182734	-1.35487958935534	2.63244543995617	2.21150872132752	0.922760003233015
XLOC_016342	0.735806486970052	0.638651687822057	0.873619469397897	-0.141581763478444	-0.35033776863914	0.597872548920353	0.0738601954499023	-0.302525770494597	-1.03263520179233	-0.540878779063954	-0.662448763231437	0.110597658139642
XLOC_016344	1.40976215282411	1.93405375500105	1.44101289097137	-1.97350692492795	0.291896678881934	0.782983212357677	-1.43264978727859	-1.2185263816774	0.628491937082197	-0.733966383647968	0.154327825790849	-1.28387897537731
XLOC_016393	-0.369262733240051	-0.196776100229707	-0.1349474121575	0.765954504228285	0.524994659699646	0.738700490977003	-0.338264377530168	-0.404692229474292	0.202845395756922	-0.787366619820836	0.0303829762040912	-0.0315685544133864
XLOC_016404	1.90171517158385	4.00280625679327	3.2540863514054	-1.19527420768491	-1.19527420768491	-1.19527420768491	-1.19527420768491	0.403585881696789	-1.19527420768491	-1.19527420768491	-1.19527420768491	-1.19527420768491
XLOC_016406	-0.0506518115466017	-1.29182872955954	-1.14717934660134	0.532557113402105	0.480137326584792	0.77944198162981	-0.713725819604685	0.304185925305887	0.0596342922068809	0.335100049734771	0.185230811250125	0.527098207197794
XLOC_016438	0.830129511318695	1.46600993822871	1.28851153538501	-0.314574186855777	-0.182433943383055	-0.130973795787728	-0.755208082417566	-0.706121454398774	-0.7911330948111	-0.148934982400988	-0.0925489108208186	-0.462722534056619
XLOC_016462	-1.17610873723699	-1.17610873723699	-1.17610873723699	-1.17610873723699	-1.17610873723699	-1.17610873723699	1.4349678859614	1.16248163331896	-1.17610873723699	2.81121629207452	1.24035665144133	1.58373869786268
XLOC_016475	-1.36090395425626	0.71677639966406	0.424597588169032	-1.71999715665384	0.812352650885065	-1.40682029832029	0.835722124512046	0.449158538577016	0.802104136402948	0.0705065587309468	-0.0579966569600545	0.434500069249319
XLOC_016495	0.128720995989324	-0.162325538497839	0.25225208010567	0.862064809304423	1.02746022729788	0.739987905342567	-1.26711463368281	-1.1457763292514	-0.870688628768637	0.545346746804172	0.207305215779964	-0.317232850423314
XLOC_016498	1.98216855952335	1.59200590566204	1.62208911072412	-1.21392959629081	-0.835591196042043	-1.22519980313252	1.22574764937149	1.03300459274226	0.629857154474762	-1.83335369318692	-1.9627769019071	-1.01402178193865
XLOC_016499	2.19930598541393	2.36599550783336	1.8988776792889	-1.46121657002581	-1.11506401810038	-2.07832266115165	0.961618946814571	1.73909432540369	0.982393508346378	-1.56217185403983	-1.98830618040308	-1.94220466938009
XLOC_016523	2.27372548811577	-1.19551937600326	-1.19551937600326	1.69181309919443	3.14010371335565	-1.19551937600326	-1.19551937600326	-1.19551937600326	-1.19551937600326	0.794347707637747	0.468645623719202	-1.19551937600326
XLOC_016535	0.21361699009524	0.883168374143231	0.379089384506275	0.604525098133661	0.228750517603253	0.532494999162656	-1.04208055762919	0.139805199997771	-0.0188810880881842	-1.71165471569961	-0.547034327208495	0.338200124983399
XLOC_016565	-0.353413358228525	-0.505006601698501	0.150070274481262	0.344550056519087	0.25973333878231	-0.23835430026941	-0.345390267979076	-1.3510649104294	-0.570390246964863	0.658606487127757	0.931477208456776	1.01918232020258
XLOC_016566	1.14178005254199	0.0736108114185163	0.172945053675974	-1.45218320781917	-1.45218320781917	-1.45218320781917	2.57716219296385	0.886407162736778	-1.45218320781917	-1.45218320781917	0.21198179190329	2.19702897385545
XLOC_016569	-0.648093827666498	-0.267040145078827	-0.387722902636641	0.0329808278634811	0.376609214829866	0.357871237452647	-0.325906731763361	-0.295863421351314	-0.0625244223414363	0.619571202587656	0.275322437941139	0.324796530163292
XLOC_016580	0.986466304972376	0.449072409659737	-0.303397322339705	-1.02288156543123	0.0827473049523721	-0.907984935528543	0.266975994055994	0.23067678574937	-0.0937882980960865	0.116068159146179	-0.327815524432546	0.52386068729207
XLOC_016581	0.297676948674315	-0.781215380839224	-0.393261585399777	0.345390924683186	0.576301914007904	0.189153829446226	-0.227765839438788	-0.571479059711149	-1.08820378200302	0.500698169978665	0.739874046856013	0.412829813745643
XLOC_016589	0.349088543897242	1.13325641102551	1.26905551719429	-2.24487471646391	-2.24487471646391	-2.24487471646391	0.366201906734478	-0.646014627082212	-2.24487471646391	2.38600003423678	2.51170047684222	1.61021060300735
XLOC_016596	-0.376065088648507	-1.01683539031846	-0.715338108059301	1.15210751770784	0.412264320222295	1.22764581043968	-0.858725523327106	-0.681227509648662	-0.0680854574628729	0.23135258441931	0.431837721414666	0.26106912326112
XLOC_016602	-0.691406578681597	-0.322521509816212	0.637111255319649	-2.20667197260762	-0.132524299417121	-0.430882933607661	0.609094720606772	0.135687116911594	0.626119527994152	0.674075903673509	0.635635522160521	0.46628324746401
XLOC_016606	0.248848774790313	0.225135220457727	0.323453781956793	-0.401073574210322	-0.0565236277861381	-0.517147970113593	0.16406763867958	0.196632840339927	0.223346310610403	-0.0314020024556942	-0.125817196854344	-0.249520195414644
XLOC_016627	-1.28054645867582	-0.351382290857515	-0.204708834577357	0.509859157132741	0.070345345412659	-0.271241463016453	0.673813001860684	-0.243033817553037	0.75213279314874	0.50305715984512	0.0547612858676896	-0.21305587858745
XLOC_016639	0.37415651610882	0.0993032430218221	0.345501244615297	-1.32445366297707	-0.349338458214115	-1.11454199400727	0.688091538618575	0.693954278691056	0.049242378222087	0.45161958826994	-0.37846392836691	0.464929256017771
XLOC_016677	1.3119781531313	1.15998583868685	0.970908499869157	0.169097139941046	-0.00891517165294786	-0.164945179957313	-1.0791886407817	-1.03828161098271	-0.9678442954916	-0.108429850978508	-0.169523193568514	-0.0748416882150575
XLOC_016678	1.3296357149971	0.784708411231133	1.07591183505496	-0.182098593650224	0.267369355409098	-0.108355720826786	-1.26852738388923	-1.39152178396172	-0.78256344186919	0.545859121832491	-0.301686796151948	0.0312692818243061
XLOC_016697	-1.2789813935716	-1.2789813935716	-1.2789813935716	1.60835108162609	-1.2789813935716	0.736090364927084	1.3320952296268	0.319878695810106	0.617019650957154	-1.2789813935716	-1.2789813935716	3.06045333848235
XLOC_016717	-1.46021808772412	-0.0151946745181908	0.186850402484821	-0.849040193695843	-0.309634649974917	-0.431019346450686	0.460089192369777	-0.144336570801704	0.429418375904136	0.264815145541272	0.675501695975822	1.19276871088964
XLOC_016725	1.51836163622395	0.733437902579978	1.1651379078065	-1.5541233356852	-0.277687834300391	-0.94109617922739	-0.139673716755401	-0.184995473561656	-0.844643198774675	-0.0188056053691517	-0.324025349511952	0.868113246575399
XLOC_016750	-0.793812821986205	-0.645204095587292	0.0416189040408428	1.35143378561133	0.565541554683914	2.00466856132567	0.0396395832589667	-1.07463086834374	-0.691717393249375	-0.275732656793725	-0.454073877656961	-0.0677306753034159
XLOC_016759	0.530265522568423	0.796284486557448	0.829013835376609	-0.984999871357601	-1.96870157427722	0.146485279268687	0.762536642666827	1.19223035156043	1.20070759146491	-1.07656372763328	-0.963921399784132	-0.463337136411108
XLOC_016761	1.0832487478938	0.673442524137729	1.14968940113248	-0.788255768232466	-2.29041546532056	0.632663385236025	0.937868204446647	0.780281778729301	0.478172109960545	-1.39827761867662	-0.919456381179516	-0.338960918127365
XLOC_016769	-1.09597161443964	0.0173100803177544	-0.323510119403561	0.0286958842682186	0.266649815823776	-0.40320110255826	0.269552615506012	-0.284888073368373	0.585752284552344	0.286769978737517	0.0843671124341983	0.568473138130025
XLOC_016771	0.873069185854647	1.26337867583438	0.71230601108859	1.2090749560771	-0.324991392724716	-0.184673072175902	-2.06389360486763	-0.725139512537346	-0.334702386999218	-2.21362361435887	0.432397757539537	1.35679699726944
XLOC_016772	0.108420859467131	-0.180853711869279	-1.70664773110697	2.62942568771858	1.49883957809244	4.17105327832955	-1.70664773110697	2.01300069490336	-1.70664773110697	-1.70664773110697	-1.70664773110697	-1.70664773110697
XLOC_016777	-1.52072540180119	0.41435746140781	0.585241092170168	-1.30766365624096	0.885249769849827	-0.851000155132507	-0.114622410415274	-0.53417222040614	0.525017428133559	-0.0393093525777006	0.790944898274728	1.16668254673768
XLOC_016786	0.692371119478957	-1.12269747109514	-1.12269747109514	-1.12269747109514	0.780933301182932	-1.12269747109514	-1.12269747109514	-1.12269747109514	-1.12269747109514	1.67307114782687	3.07535676517269	1.63714996400453
XLOC_016787	-1.76878678177168	-2.11211959680439	-1.50395401642188	0.681427910774038	1.21032848729651	0.115838380690622	1.1381490677887	1.08382968091031	1.2808887770314	-0.375425012821324	0.273138413406579	-0.0233153100788925
XLOC_016790	-2.09625171310648	-1.59973154101816	-1.83141894775668	0.0429262815738785	0.505136908782904	0.852974719486912	0.697864167603896	0.884731191129382	0.787103178162472	0.104098793043414	1.0394249964982	0.613141965600255
XLOC_016795	-1.91086040322482	-2.25419321825753	-2.13483171883942	0.392209115912878	0.0144855882428434	-0.486006037762005	1.24468566888243	0.800842491320161	1.95621067390524	0.691470521164965	0.81881069332418	0.867176625331076
XLOC_016802	-0.0530769622890821	-0.532305444208836	-0.0309025244317418	-1.78377578718292	-0.571582387455156	-0.150912179449676	0.275280307673579	-0.42445137457563	0.717882316131675	0.71549540873191	0.584657974669074	1.25369065238682
XLOC_016804	1.3461457807263	0.277976539602833	-1.24781747963485	-1.24781747963485	1.44885776272772	3.5788921431998	0.186849086658565	-1.24781747963485	0.648183564893897	-1.24781747963485	-1.24781747963485	-1.24781747963485
XLOC_016806	-0.24303975674931	0.132784090465524	0.114813701024339	-0.389666711384917	-0.251600426665194	0.0937961475791074	0.446597169523875	0.456219939947973	0.278659920835883	0.145232893891235	-0.369297015273004	-0.414499953195508
XLOC_016814	-0.35846384729715	0.438204534544337	1.12408867923371	-1.11451824534784	-0.118629619103075	0.748698043834203	0.299125554137835	0.49104480043302	0.44186526338054	-0.755249074875842	-0.333827265209977	-0.862338823729757
XLOC_016821	0.656212304795918	0.827345442147259	0.672806363067579	-0.771774744423448	-0.970862548249722	-0.938362321576793	0.106268494672731	0.297511180801058	0.21379510768956	-0.287653158580712	0.0879977348997869	0.106716144756779
XLOC_016829	0.606251459040673	1.15807091214691	0.142348377533583	-0.726079550644497	-1.70978125356411	0.405405599981791	-2.17874545954876	-1.27482165528624	0.501858580434507	1.32769617384003	0.890764490418001	0.857032325648113
XLOC_016832	1.29579326256944	1.04131222327667	1.23797025853469	-0.616259650475491	-1.49802765171194	-0.436573445504569	0.850655450716943	0.871431203685666	0.58577906401201	-2.71364787727034	-0.505460724643521	-0.112972113189562
XLOC_016838	2.38668849217795	2.26826678835999	1.68807409669714	-1.94899767007162	-1.09691814467355	-1.17549203743325	0.338331317274077	0.520784937242962	0.205420641253163	-1.02429423587246	-1.27220535226675	-0.889658832687679
XLOC_016839	1.65280379296314	3.01018279700835	2.19259671134548	1.29371059056556	0.584595363561978	-0.097008120301918	0.0275172143316449	-2.1120798788006	-0.216078834271848	-2.1120798788006	-2.1120798788006	-2.1120798788006
XLOC_016846	-0.492501365745595	0.330073505843501	0.203631858460015	-1.82483237543076	-0.37654176126954	0.114544772206203	0.616006384139105	-0.444528101091001	1.2157269117945	-1.0242065557781	0.957257176526785	0.725369550344903
XLOC_016849	-0.617681593542988	-0.294058742371138	-0.191975710532937	-0.522399585197962	0.00106846117830628	-1.12121735376473	-0.0140842772539234	0.167425379212518	0.47821278157381	0.747103456215853	0.830667932297197	0.536939252185976
XLOC_016858	1.34192677364679	0.938791358071881	1.08743312479824	-1.65677282893153	-0.81683555454369	-0.304060231697332	0.710809077595726	0.869151850758041	-0.020896883514494	-0.879583155027789	-0.252049736099863	-1.01791379505598
XLOC_016869	-0.490484537044222	-0.453907292618898	-0.338885568049573	0.909662082810518	0.687914628579736	0.630168005120974	0.0888826595880046	-0.670737696292821	-0.471974707100151	-0.606412021414156	0.513898305123241	0.201876141297365
XLOC_016893	1.1000193768792	0.207400859272034	-0.0857795690291177	0.399706808742358	0.3360131189785	0.150524483450202	-0.920377789925619	-0.319268702054074	-0.495904099997189	0.117225904323502	-0.0596774826343527	-0.429882908005441
XLOC_016896	-0.8022065108435	-0.0284041190958204	-0.451333063417294	-0.818904888210795	0.120372379078859	-2.02713437018556	0.33596939590632	0.675719172899656	-0.0778357475824016	0.685635807581568	1.12378169569931	1.26434024816966
XLOC_016897	1.23484437127533	1.26273214805356	0.32000197038489	-1.23734407369208	-1.81824635914681	-2.19916667549192	1.28637268009104	0.778049567129344	0.453584483283887	0.172560516404729	0.299900688563943	-0.55328931685592
XLOC_016918	0.302715692089266	-0.304430886776409	-0.0508604900713889	0.0399079595869143	-0.133885781865352	0.368286667947306	0.344241254225785	0.542355627733929	-0.0531429390311393	-0.36172874299637	-0.0988029791874885	-0.594655381655043
XLOC_016954	0.382337630058956	0.566566285132549	0.551647032888757	-0.308199730024903	-0.673291739626073	-0.840241214803128	-0.158770978019641	0.128985988308132	0.227035180316314	-0.078280539903778	-0.144571914044372	0.346783999717188
XLOC_016966	0.386179295102554	-1.42888929547154	-1.42888929547154	-1.42888929547154	-1.42888929547154	-1.42888929547154	3.39135079282442	4.26392906074518	3.38965521510019	-1.42888929547154	-1.42888929547154	-1.42888929547154
XLOC_016967	1.937430941153	1.55067839687868	1.68647750304747	-1.82745273061074	-1.82745273061074	-1.82745273061074	2.34503225241621	2.58467765057195	0.860419639597107	-1.82745273061074	-1.82745273061074	-1.82745273061074
XLOC_016968	1.14464732810556	0.298288394165248	0.906453974547754	-1.9523420511632	0.744333191199379	-1.9523420511632	2.35035521820101	2.15470359448355	2.16292855511349	-1.9523420511632	-1.9523420511632	-1.9523420511632
XLOC_016972	-1.22886832874694	-0.140248384895286	-0.9423527894902	0.916378278850596	1.30313231254313	1.38774065940974	-1.00631397649898	-1.50968637510447	-0.0258948453067926	-0.25158871195811	0.273213028849895	1.22448913234742
XLOC_017026	2.1233164012081	1.44891616189384	1.58166808356436	-1.64156727055564	-1.64156727055564	-1.64156727055564	2.53091771247131	-1.64156727055564	1.0463050996522	-1.64156727055564	-1.64156727055564	1.11828016454403
XLOC_017053	-0.381853914693879	-0.370152486783301	-0.237186520861329	0.375988108692788	0.39647117620256	0.276710376169454	-0.0455531292686029	-0.0751970735226397	0.00371616002681563	0.10728976603699	-0.00884630905823336	-0.0413861529406319
XLOC_017058	1.39407987094743	1.54439053294246	1.30824962081635	-1.70810110135231	-0.947666130891821	-0.456585363113947	1.0878597017873	1.04779760015621	0.869232372086336	-1.28434567510299	-1.64251548250324	-1.2123959457718
XLOC_017070	1.75444344580705	0.3175771861124	0.547517772585007	-0.0917003765832192	-1.05903801786724	-1.29992985855799	0.0905991218623479	0.424637437237532	0.433114677142019	-0.193400779970327	-0.623330078943344	-0.300490528824241
XLOC_017072	-1.26947274887386	0.267238095503222	0.332626435375671	-0.522110348704791	0.0217230708398146	-0.275954937881883	0.497393208406322	0.0114362502424594	0.405643636215793	-0.357531917796272	0.0268128226467166	0.862196434026817
XLOC_017074	0.358532500031801	-0.137412982505808	0.126175886592224	0.147298765915897	-0.0749430103910189	0.098247638179231	0.378974578085437	0.312445338393319	-0.196494187965252	-0.46661047259385	-0.222569484458717	-0.323644569283269
XLOC_017109	0.635400664445938	-0.506715416432842	-0.164104918361766	0.0267767803211338	-0.235339490399132	-0.64412305197293	-0.228256431910553	-0.172683929122925	-0.204267819082169	0.872840548275105	0.288932547067165	0.331540517172972
XLOC_017112	-0.41168408523493	-0.667092184057835	-0.853034503841456	-0.159410431500604	-0.377670496951402	0.0852989510818816	-0.162073480123941	-0.172354292319302	-0.679961788690843	1.35979813031699	1.21694113136376	0.821243049957674
XLOC_017114	-0.48146844958395	-0.170275243784588	-0.187234406360716	0.0236034090687953	-0.122018084445521	0.0629223166565236	-0.629035907237408	-0.445890536500313	-0.605108335571177	1.19283559941103	0.47905305641275	0.882616581934574
XLOC_017129	0.57101789793506	0.0062027600984953	0.276769409867945	0.486074845652236	-0.723860913436922	-0.105337291328755	0.263994398945472	0.190334302320963	0.373876080317785	-0.183899432056872	-0.678984751792775	-0.476187306522642
XLOC_017149	-1.14680148468193	-0.0825299799713859	0.440215842450286	-0.136833699728663	-0.15286202417972	-0.886277839607997	0.488895097226666	0.620854857460232	0.615847765449892	0.566551360974216	-0.149660830503008	-0.177399064888588
XLOC_017150	0.0886240149858653	-0.517056171340596	0.137080579404015	0.133646537403126	0.0191312018309562	-0.460826413252874	0.303041445393458	0.472961234212476	0.74850303529049	-0.751552426583359	0.120671179311674	-0.294224216655238
XLOC_017194	0.269923986773606	0.0767633638783485	0.492723459352444	0.482985732333831	0.388424362569878	-0.675901948286771	0.289762511583169	0.279608442217183	0.378320363909456	-1.38495954728174	0.061855619195387	-0.659506346244791
XLOC_017195	-0.0662998154060759	0.063113881510926	0.113077732252824	0.280699513024325	-0.0456273413447938	-0.243392420055439	0.488524049240814	0.126818916604631	0.273596594179136	-0.393054449300861	-0.296025936009375	-0.3014307246961
XLOC_017196	0.168458466280407	-0.44535415511637	-0.296917534380148	0.456425749024894	0.752719641831184	0.594561567970486	-0.447997179842732	-0.768176988463723	-0.405221506271751	0.331440463586241	0.172729652005683	-0.112668176624163
XLOC_017200	-0.0183432766163101	-0.0823848307310069	0.484873723234114	-0.277368195591606	-0.36760514172169	-0.219792466271095	-0.407340896598741	-0.733767868761659	-0.203603527875249	0.736664448044375	0.642249253645725	0.446418779243142
XLOC_017201	-1.29993204379277	-0.254179500713922	-0.201756532833277	0.306102794658758	0.750195332492399	0.644822793860729	-0.488095485850401	-0.69666202923617	-0.665923600649212	0.962273342895844	0.602206424536601	0.340948504631414
XLOC_017241	0.763287362515687	0.823956377995051	1.23991647346915	-1.06019408479636	-1.25085131763147	-1.12295956713975	1.80198277247437	1.4990531630491	1.00387011618747	-0.259568265143697	-1.03911561322289	-2.39937741775666
XLOC_017242	-0.35608197985112	0.150031772782142	0.265053497351467	-0.445459066654512	-0.175347115559446	-0.602684034604623	1.25348285147948	0.322680624196579	0.945398418937001	-0.250366945937648	-0.837314318855021	-0.269393703284285
XLOC_017246	1.40798670451548	1.12970172861274	0.836521300311585	-0.895522234660411	-0.963955773370119	-0.685610565690619	0.128975779739132	0.88624995959775	-0.0724310383598086	-0.71821895371486	-0.2516780649913	-0.802018841989577
XLOC_017248	0.598731302464459	-0.247627631475856	2.76945105058218	-2.4982580768043	-2.4982580768043	-2.4982580768043	1.67422690622265	1.4280532266154	2.32028643376743	-0.508390993163297	0.410152869966853	-0.950108934566922
XLOC_017258	-0.0278909858782104	-0.166068510881123	-0.627457499460019	0.308755843170414	0.522038362662931	0.742164732264826	-0.22382478165916	-0.330236126152723	-1.33951855635242	-0.267198667670862	0.332570081814893	1.07666610814145
XLOC_017274	-0.659289760998622	0.21875782841477	0.149014674889591	-0.162293442672286	0.107869354559268	-0.35226325965815	-0.321800702007819	-0.420029098690309	-0.021648540550899	0.559366765866747	0.343268498916302	0.559047681931396
XLOC_017277	-0.637648643724545	-0.0193908547343549	0.0579359807175308	-0.204352078648089	0.0622574958550803	-0.189857205600769	0.131049988186048	-0.853377737940679	-0.189852099538906	0.96682324957554	0.16260305118448	0.713808854668658
XLOC_017288	-0.55912204319222	-0.418296342289903	-0.0146662319806605	-0.516081153156875	-0.686928177844113	-0.487218531614886	0.891002116548234	1.05493124326406	0.753090679222165	0.478211999428034	-0.274376499244264	-0.22054705913957
XLOC_017312	-0.373097290863118	-0.420447118734266	-0.271561527257381	-0.490832555369501	-0.144838740163529	-0.499486695132144	0.690907535255295	0.636911367398149	0.602898763357349	0.176016610353324	-0.0532339699809565	0.146763621136767
XLOC_017313	0.656057520669254	0.0901909060572708	-0.111417790056792	-0.268793162372788	-0.131045350500281	-0.211217433052277	0.068668080803044	0.530710062950988	0.144657800604233	-0.244324899132106	-0.412129234381966	-0.111356501588592
XLOC_017318	-0.137243368736708	0.649601456315822	0.305323117817554	-0.782581580247292	-0.293160798390872	-0.250583000544502	1.28774639089138	0.160669233990648	0.878647628214987	-0.729486501140323	-0.967594659537222	-0.121337918633463
XLOC_017324	0.36482123967274	0.143907628738495	0.119150940697285	-0.135585119610422	-0.322008548472345	-0.532180170642352	0.27821279580929	0.294560904695782	0.357266929544355	0.193324628588851	-0.390623755265786	-0.370847473755893
XLOC_017327	0.658182201797641	1.09374405655199	1.7019096369345	-1.15688638877646	-1.15688638877646	-1.15688638877646	0.982710704355788	-1.15688638877646	3.66165812179528	-1.15688638877646	-1.15688638877646	-1.15688638877646
XLOC_017331	0.988211707286755	-0.240032987418775	-0.781446295334662	0.252195808488843	-0.279151726547095	0.0835701766494186	0.978449371749982	0.491028978097537	0.0240676432398255	-0.567981896716674	-0.390969441511857	-0.557941337983303
XLOC_017344	0.300034137864167	-0.0579207577388523	-0.0644837453476805	0.551235644445215	0.356218013268591	0.408470949514618	-0.744420268080768	-0.231996036780123	-0.804615630911843	-0.0772466785677244	0.172482174188045	0.192242198146377
XLOC_017361	0.0199643709260897	0.146363642077356	-0.120780192369196	-0.399020286992432	0.173277494230447	-0.302282203389002	-0.221815289895011	-0.519531803906213	-0.0973189471687821	0.350264773800076	0.450632630855948	0.520245811830709
XLOC_017376	0.67038561774045	0.695138573181486	0.563892794051181	-0.206920378421298	0.395756483502603	0.485631533803514	-1.19156498744875	-0.949064757455079	-1.39826190998295	0.817223897844356	0.0634617195311895	0.0543214136533141
XLOC_017384	-0.446637941014568	-0.633399218740301	-0.493941817730697	0.843146691387084	0.62638613255308	-0.189816288720766	0.808917104602709	0.989821918915601	-0.131036625165708	-0.221639669316022	-0.890369493444681	-0.261430793325724
XLOC_017386	0.35848829502591	-0.250287857213641	0.0272901736360902	-0.0197795940665948	0.621721604120423	0.331458857731674	-0.0323416716676492	0.415337636112818	0.344916578873399	-0.336497656566846	-0.389440741742441	-1.07086562424313
XLOC_017396	0.454450654734681	0.441242773971672	0.159849505393274	-0.478735816155309	-0.0283559719398303	-0.389144604517509	-0.637775305208533	-0.569023580143891	-0.0386821520027132	0.782889004130848	0.143374373815312	0.159911117922018
XLOC_017399	-0.325668122519049	-0.14035095262745	-0.120285837303033	-0.0822233665419851	0.162153804663323	-0.288222928945322	0.320028353716507	-0.133248768318587	0.0796841857712796	0.280256981317361	0.072876501415104	0.175000149371856
XLOC_017401	0.151103835162418	0.506231243955457	0.885543742921861	-0.436271840901208	0.0408465328753103	-1.10717167319527	0.551884603222166	0.443943506347437	0.151055512592835	-0.350780739314701	-0.664530204420045	-0.171854519246259
XLOC_017418	0.223920913927877	0.0365000405695515	-0.10571213413591	-0.311609169343889	-0.102886477210074	-0.316512186094496	-0.476658148651317	0.0978972224067949	0.133906723670654	0.271223376047438	0.320655967493005	0.229273871320375
XLOC_017423	-0.508962751801979	0.10782907197484	-0.241786996925397	0.695958543542817	0.35261764124856	-0.0423329427019592	-0.385174412193201	-1.17339225447382	-0.634125959474988	0.331911039719126	0.834062544419125	0.663396476666871
XLOC_017445	-1.20532142673775	-0.453836501672332	0.0018765751667944	-0.331400957369437	0.0571179077772728	-0.64590470297302	-0.0341747442759548	-0.234484334691367	0.23807825974929	0.704730241386548	0.86822769723211	1.03509198640785
XLOC_017464	-0.0874600299480219	-0.50325602425305	-0.881823628559911	0.56246745645961	0.301444098669896	0.276661109650206	-0.594679962756798	-0.0484370621123231	-0.246333907514559	-0.311093234948869	0.852013549360226	0.680497635953586
XLOC_017467	-1.32199252726389	-0.292583220867689	0.12492275352997	-0.254093136681989	0.272468445303785	-0.499610909016658	0.0965598353893729	0.165775563228139	0.262112817461806	0.994621605844475	-0.112311126819985	0.56412989989265
XLOC_017468	0.0930423887019476	-0.284120079654748	-0.543382791382115	0.775452119010828	0.170144847348523	0.814425174413409	-0.130971734546071	-0.323840281643859	-0.407401611933481	-0.132218792444914	0.204917439973124	-0.236046677842662
XLOC_017471	-0.316012368099388	-0.518399087566685	-0.61418872825797	0.404161200978258	0.454938592203398	0.855339712664867	-0.367748846008999	0.138794792835888	-0.352550334344155	0.136141244256352	0.275910364134116	-0.0963865427957042
XLOC_017473	-0.48115795014403	0.0421874830271456	0.183676414233648	-0.243832871103475	-0.193304196021924	-0.300692137545026	0.151364178063854	0.23377994624293	0.183740911642234	0.129518905650027	0.0876183798023202	0.207100936152287
XLOC_017480	0.837937892312354	0.251998968259178	0.718161555520783	-0.482243709003964	-1.03782627113927	-0.892361971058804	0.910271561567045	1.24052029353643	1.01107997129165	-0.231226068048637	-1.13136012895373	-1.19495209428304
XLOC_017483	-0.30859973290693	-0.255467535351225	-0.248085375767428	0.990119780142122	0.600439082047148	0.917806643034595	-1.05765615316819	-0.0605499987289733	-1.00435973536829	0.565211970901155	-0.402125786737489	0.263266841903508
XLOC_017486	-0.227558597911191	-0.59801083754369	-0.246990312633597	0.0476057386465527	0.285406103476785	0.159735137137849	-0.533743262218133	-0.641692027032935	-0.366044821864893	0.829336191149585	0.642244258095214	0.649712430698463
XLOC_017487	-0.404491340554154	-0.723553711644058	-0.685495269424278	0.234506295570222	0.389923165967367	0.140031650905096	-0.472040353109195	-0.655084654054326	-0.542991685230891	1.13424496843719	0.836618406066862	0.748332527070174
XLOC_017489	-3.87732000808363	0.594077217742049	0.388916904413062	-0.514683292213151	0.733666815038154	-0.149198905703185	0.38281602211535	-1.14893178856876	-0.0487497794934892	0.360376981429599	1.1380157518931	2.1410140814309
XLOC_017490	-0.28096780273399	-0.127985674100728	-0.777157432188759	-0.20383235541111	0.0445354235119444	0.37203384835068	-0.118602682820019	-1.46588763704739	0.527456844724766	0.650020533835247	0.86712027448192	0.513266659397449
XLOC_017492	-0.415756014781058	-0.314184469124469	-0.413023014316016	0.359101589634769	0.454039105056117	0.573267232934662	-0.583065427922513	-1.23098632523966	-0.0515771477649398	0.378143002388409	0.628725900676415	0.61531556845827
XLOC_017493	0.40529489565129	-0.32637554312773	-0.509547505239153	0.542246748961476	0.704558598463228	0.470309211235675	-0.94859085108832	-1.1894528725395	-1.34393859343152	0.733243362380426	0.86269825558741	0.599554293146714
XLOC_017514	-0.00465146779872061	-0.023460456138845	0.0890376623940012	-0.0284450933393021	0.406767094099624	-0.160868091678934	1.13902531632568	0.0143888224932693	0.845236603352861	-1.11363208778768	-0.580286302572794	-0.583111999349152
XLOC_017516	0.664671048113926	0.224921821294648	0.268771480480835	0.23495713837099	-0.206452984231992	0.468647428466148	-0.505162767134983	0.0450778747502687	-0.0662243049149529	-0.449883424546591	-0.254208152477768	-0.425115158170519
XLOC_017519	-0.69939650186936	-1.191765205487	-2.14468779897616	1.03659709466679	0.713287603927506	1.05856423657395	-0.000313364760896384	-0.256206582160514	-0.51714268266972	0.585137299842362	0.72127687037164	0.694649030541416
XLOC_017520	1.02842013843874	-0.0357782218043923	0.491754059455642	0.0300059049029882	0.795581754880274	-0.132566619177885	0.0273428562796507	0.611559233725998	0.594972508565582	-1.68843128282092	-0.517548371803542	-1.20531196064213
XLOC_017526	-0.0561009051558727	0.121699231494605	0.234197350027451	0.33645295341312	-0.865317874741553	0.314501264768614	-0.719174913213956	-0.589820420308159	-0.37200901330911	-0.112001004817844	0.894063149625404	0.813510182217291
XLOC_017527	0.359436085933025	0.284754217607009	0.137735062219457	-0.406401552812291	-0.448046239699915	-0.29811559353894	0.0244681271510636	0.161584114192598	-0.012333022719762	0.172333657838291	-0.126650025238565	0.151235169068023
XLOC_017543	0.067273298297696	-0.304766158937305	-0.267876860299667	0.702413945996154	0.353048833767598	0.659845497024186	-0.0600955156397163	0.0969469272429642	-0.631384270277977	-0.24700138149011	0.0273672717068525	-0.395771587390688
XLOC_017586	-1.70026128714731	-0.174467267909621	0.66973065759925	0.369958198401722	0.996413955215269	0.314810471351373	-1.70026128714731	-1.70026128714731	-1.70026128714731	1.0955073317747	2.10872252130097	1.42036928085557
XLOC_017594	-0.522107960423744	0.848276294415551	-0.0292940262832797	0.183056360409102	-0.0374077724809991	-0.0342421414939453	0.225722587168779	-0.176147640318455	0.51614107799179	-0.546029510801252	-0.41734151912364	-0.0106257490599075
XLOC_017608	0.079417347616241	-0.0427199465897576	0.0155345816403774	0.334352074138915	0.409958937282525	0.508772992251846	-0.735786903797528	-0.18205347513589	-0.378199711888566	-0.0989400277488013	0.14007925406564	-0.0504151218349982
XLOC_017650	-0.192223270570141	-0.308365572086124	-0.42039561309165	0.729934437981689	1.20719432877344	0.309604215341841	-0.415077732604415	-0.165651840982082	-0.767251632178563	-0.233130880017777	0.14516987005887	0.110193689374917
XLOC_017657	-1.57187074551325	-1.57187074551325	-1.57187074551325	-1.57187074551325	-1.57187074551325	-1.57187074551325	0.567726347618996	0.766719625042701	1.1160016246946	2.1160875493371	2.78734789022472	2.07734143616137
XLOC_017661	-0.0360579695628243	-1.2892592680301	-0.300059455733434	0.97886459812183	0.825522423487715	1.59375162432798	-0.207925560535409	-0.44878758198659	-0.440399505858174	0.196123519958626	-0.914563617149522	0.042790792959905
XLOC_017671	-0.361229298516164	0.662661031640624	0.268042795242679	1.77794869616419	1.38043053048159	1.06362506694665	-0.815595465745077	-2.95519255887732	-2.95519255887732	-0.159423939955309	0.853791249570955	1.2401344519245
XLOC_017673	0.305188091288017	-0.393443179419736	-0.118786594789757	0.272145979072517	0.781782501837381	0.420247149247133	-0.999375004514421	-1.26298354116626	-0.399654476859031	0.681399676184503	0.556835381490896	0.156644017628752
XLOC_017681	-1.21608023708269	-1.21608023708269	-1.21608023708269	3.68095254241617	-1.21608023708269	2.12391516523751	-1.21608023708269	-1.21608023708269	0.679920807446061	1.57968838183932	0.448084762639771	-1.21608023708269
XLOC_017684	1.3241242975608	1.14326645247059	0.78565982824289	-1.40412089719956	-1.41065315703839	-1.54171558029461	1.17253591953637	1.19178662987892	0.981528008172116	-0.811216011089796	-0.834118350659397	-0.597077139579932
XLOC_017709	0.0137165517922915	0.665541837860364	0.440258496948029	-0.124929056437886	0.0932828529504652	0.155210238034239	-0.250481364503567	-0.335538292998529	0.241815694324167	-0.696478538004206	0.127140760151894	-0.32953918011727
XLOC_017744	-1.00496922670691	-1.6485842616246	-1.82541460789374	0.635397563448707	0.668416786225938	0.887468014125819	-0.181729592594694	0.213713958623222	-0.135036498553468	1.08466983840614	0.725924596490122	0.580143430053441
XLOC_017776	-0.650360744936086	0.0256248627733004	0.274072571148225	0.0787888794186591	0.417749973523217	-0.383139944189956	-0.466362860052126	-1.48592262213677	-0.468083382030415	0.748104961840004	0.725790095734443	1.18373820890749
XLOC_017779	2.98938958695118	2.48585249241873	2.32455606791809	-1.29013585912346	-0.876880595030235	-0.609382945779555	-0.392769071727204	0.591585876350454	-0.653149883573243	-0.764024682974012	-1.82176556148358	-1.98327542394716
XLOC_017802	1.20056389045653	0.132394649333056	0.231728891590514	0.676820115644399	1.30327587245795	-1.39339936990463	2.47702242938939	0.945191000651318	-1.39339936990463	-1.39339936990463	-1.39339936990463	-1.39339936990463
XLOC_017820	0.584700009597989	0.299510760860394	0.0200844204893267	0.0103466934707139	0.132090097189756	-1.14854098714989	-0.107277861172762	0.210487624167882	-0.0943186749536613	0.0289355717770814	0.0759323123197806	-0.0119499665966103
XLOC_017855	-0.564210558104158	-0.112395896739702	-0.37986178023432	0.165448063838806	-0.143970207850943	-0.143084426273914	0.360541928566063	0.129371462237414	0.303786209943777	0.529691749989501	-0.0320526888406416	-0.113263856531885
XLOC_017857	-0.475808880835412	-0.264203028215185	-0.221747509107656	0.253966099209437	0.24327089191776	0.12895465696135	-0.284872366958561	-0.343923002787079	-0.192691158427353	0.382605957262649	0.429160815185803	0.345287525794248
XLOC_017860	-0.362991151176901	0.0632500678436525	0.419863751025948	-1.38190851870724	-0.242901789486945	-0.0291959214730468	-0.0398451529756745	0.280537407697143	0.345984563742463	-0.701995438733178	0.742595636689185	0.906606545554588
XLOC_017864	-0.260593312040839	0.0166039665012754	-0.13727906066504	-0.57597462522325	-0.379661504939566	-0.780472635109883	0.550714402259917	-0.180594835907732	0.28117657614535	0.424724800915802	0.637905285145251	0.40345094291872
XLOC_017895	0.140969039052283	0.139148624407363	0.271224264220043	0.295726117212778	0.123615901458308	0.433682860537258	-0.912797345243963	-0.602406389971524	-0.807146251847561	-0.148864614138746	0.32830387560102	0.73854391871273
XLOC_017897	3.62803427394295	3.48999038975564	3.058750010833	-1.21284952156286	-1.42160552672355	-1.28128720617474	2.19043086163842	2.15520131222436	1.32903537114722	-5.30010483199871	-2.88363944332039	-3.75195568976133
XLOC_017929	0.786661957221717	-1.02840663335238	0.596721628142765	-1.02840663335238	0.875224138925692	1.79616035950192	3.14407834967457	-1.02840663335238	-1.02840663335238	-1.02840663335238	-1.02840663335238	-1.02840663335238
XLOC_017939	-0.429741525133949	-0.273066685907322	0.472625045581854	1.08032938194633	0.513298307034882	1.12717079978723	-0.608137346147646	-0.16622743131575	0.148738577279678	-1.15323041833217	-0.272609157069958	-0.439149547723182
XLOC_017954	-0.457291533326841	-0.28463215528627	-0.136315846663773	-0.469593379200004	-0.11059898141954	-0.258931583454951	-0.0253767417225088	-0.0427891041546573	-0.0341218467469568	0.300817460312947	0.730035275401542	0.788798436261009
XLOC_017961	-0.0278698232384205	-0.233776532701002	-0.193008461783375	0.487717146890525	0.244985650072655	0.410510054182707	-0.139849058871336	0.169430373933713	0.00484495142972285	-0.644590007127857	0.0938012611064369	-0.172195553893783
XLOC_017968	-0.0341743660436382	0.58938529930407	0.672901139658843	-1.9901515993325	-0.752394075460272	-0.214362560332541	0.0272082183517526	0.000586666670165492	0.411809950393171	0.723976658163709	0.852155895435641	-0.286941226808401
XLOC_017979	-0.840331281785737	-0.840331281785737	-0.840331281785737	-0.840331281785737	-0.840331281785737	1.17474047671294	-0.840331281785737	-0.840331281785737	-0.840331281785737	3.95398248472531	2.43425857463338	-0.840331281785737
XLOC_017983	0.494572097019482	0.185713497553996	0.0271360208062941	0.200082309163012	-0.13381096096364	0.340911679581138	0.116371860636788	0.0597687811868308	-0.174686199052399	-0.589467009870885	-0.101219246944414	-0.425372829116213
XLOC_017996	-1.23371853783224	-0.437050155990756	-0.18532860522094	0.262601586726343	0.816408838452921	-0.356909328149694	-0.81135333758854	-0.564834847159721	0.838965875265992	0.0994560329494512	0.188359997836742	1.38340248071044
XLOC_018005	0.650794378867882	1.15760661035708	0.76426885490566	-0.840467390752939	-1.225576202281	-1.26721251398848	0.777457339771513	0.914942824533266	0.202915767719166	-0.368887059106792	-0.187783965525479	-0.578058644499867
XLOC_018014	1.01914525586824	0.803005971560594	1.27762181717238	0.233169377225194	0.164735838515487	-0.185274979450206	-0.131445300777629	0.214207338926689	-0.338142223311826	-1.35410337544465	-0.159686886013478	-1.54323283427079
XLOC_018015	0.457072944095661	1.00224501597389	0.58455898648526	0.636312936534427	0.472206471603675	-0.361827969540026	0.0911611970636423	-0.068234118141584	-0.316953590043164	-0.762208696828496	-0.835370605936987	-0.898962571266293
XLOC_018036	-0.43531544518034	-0.268443921455503	-0.201012544700189	0.0280263282390525	0.293404732901234	0.169644342440305	-0.0492878592178414	-0.0217702860472251	-0.0090907152475701	0.154144541083944	0.17221706982753	0.167483757356594
XLOC_018039	0.0241185373693025	0.36046859226621	0.406702241496546	-0.282241169201011	0.152403120108122	-0.425136149067434	-0.120379796598346	-0.1224795582537	0.238069172298941	0.040414988849399	-0.391243510351318	0.1193035310833
XLOC_018098	-2.15974743600127	-1.42642919882632	-2.34038828537352	0.986863560156629	1.06019251900421	0.740089781746527	-0.121698115818108	-0.63684564197376	0.113801206923828	1.30416509223016	1.27211850508237	1.20787801284926
XLOC_018100	-0.395080890583351	0.270525496488998	0.232556570883474	-0.88744444881169	-0.561413800409546	-0.743670908565316	0.780745430137948	0.0355131017532546	0.693971724164809	-0.58918763670287	0.329164482985975	0.834320878658302
XLOC_018118	1.23310731761837	-1.22707615956291	-1.85257834339622	1.4193261746075	-0.27221929569195	0.541111020932616	1.25281777784917	0.789930144646091	-0.281504732769386	-0.681937985969348	-0.203116748472247	-0.71785916979169
XLOC_018120	0.75152183786001	0.512025960482538	-2.02594776976856	1.86598667925979	-1.74744525898563	1.01204548293395	0.0407231851032863	0.275235272156003	-1.75507498673495	0.33624899804781	-0.0846877205808374	0.819368320226596
XLOC_018162	0.559824301503302	0.81841166883225	0.673493227929449	-1.06608583765968	-1.1672310948023	-0.712530426430611	0.835190286096624	0.826508359187957	0.486132517600241	-0.532188101135073	-0.0937605869794913	-0.627764314142668
XLOC_018163	-0.318731783531159	0.461836208118056	0.163229103753089	-0.362323775680768	-0.250389569332633	-0.695395327635332	0.309046899432363	0.256984644237956	0.591849231876921	0.0432078839914158	-0.0137839965092628	-0.18552951872064
XLOC_018164	0.73324879218374	0.743109315361831	0.670596742082556	-0.959246318409303	-1.3275408844169	-0.453758049073237	1.27539309283836	1.3107942590805	1.32571070163867	-0.585370261529372	-1.25175466912964	-1.48118272062721
XLOC_018166	2.01980994410326	2.74617915022174	1.78161659054545	-1.0771794351655	-1.0771794351655	-1.0771794351655	-1.0771794351655	0.5216806542162	-1.0771794351655	-1.0771794351655	-1.0771794351655	0.470969707071877
XLOC_018179	0.994213912522674	0.650881097489965	0.770242596908076	-1.59974934783848	-1.59974934783848	-1.59974934783848	1.65060352450597	-1.59974934783848	2.72597183112336	0.390117735802524	0.816716040839839	-1.59974934783848
XLOC_018185	1.49801713507492	-1.59897224419384	2.54487634088354	2.18741735046029	0.304658528084227	2.66796927121293	-1.59897224419384	-1.59897224419384	-1.59897224419384	0.390894839447161	-1.59897224419384	-1.59897224419384
XLOC_018186	-0.986983582579993	0.452351034100165	0.119184108026511	-0.504990634962452	0.34642514879444	-0.631499373409142	-0.337508268975393	-1.10526146286094	0.0433532392286322	0.828357341825615	0.575988710559228	1.20058374025332
XLOC_018187	-0.697493820768542	-0.549504662982509	-0.929204340449702	0.803246051405289	0.932799095470498	0.954756169104586	-0.71633070442337	-1.45328333999155	-1.03611479196433	1.10213545572615	0.675443894581998	0.913550994291491
XLOC_018194	-0.708361190273438	-0.00995329287605351	0.00811969334629481	-0.511100435838292	-0.657435288843509	-0.659362870569555	1.1854101299311	1.18232484115899	1.18121271291525	0.212686217900574	-0.730779842879462	-0.492760673971919
XLOC_018197	-0.54685888862597	0.760385227333702	0.420920659954363	0.277655579398045	0.428829508741709	-1.42652697118863	0.679069298182389	0.539143781397313	1.02623519808723	-0.779197344197316	-0.262345857248643	-1.11731019183421
XLOC_018201	-0.130117596176687	-0.407009682803537	-0.491997607342995	0.571226752275365	0.32787407708882	0.529510729832635	-0.258506712089003	0.0363839079396424	-0.129062978072751	0.0468439169407873	0.0511116077963951	-0.146256415388693
XLOC_018241	2.619703910477	2.32293666664375	1.77363351385678	-1.95679398005684	-2.1570971402236	-1.6436171217233	1.58730280325255	1.7348744168565	0.802662669832531	-0.916059968515148	-2.45417350265185	-1.71337226774838
XLOC_018247	0.178991961690027	-0.18497400456085	0.0279964644695792	0.532996579461081	0.157949821284369	0.771919086241144	-0.515730576586727	-0.307407549266495	-0.393168108270873	-0.0098457046121947	0.102989756955287	-0.361717726804343
XLOC_018260	1.19777116416031	0.692464709040467	0.793017653731002	-1.79080707315876	-0.235117394136742	-1.47763021482522	-0.0646831004796518	-0.653140732435957	-0.123557604504725	0.571482808953888	0.275439981448792	0.814759802206601
XLOC_018273	0.78366651065652	0.772101011466384	0.478022831113777	-1.92098969547237	-0.845428075931856	-0.345398520861985	0.497778371140651	0.602414024767998	0.418797371506649	-0.519108038271407	0.228042431890957	-0.149898222005319
XLOC_018278	0.869924024315963	-0.208073867737577	0.370114989223973	0.22109181981457	0.243085339889199	0.559811819016541	-0.72735361720197	-0.374928085798247	0.042476093574507	-0.175487147036176	-0.687375777955535	-0.133285590105244
XLOC_018284	1.58987173118778	2.05307522447218	1.67794168180296	0.173886527441472	-0.0370968923141604	-0.822191489063878	1.22589224968745	1.69113774994118	0.510031456175099	-4.16218689138408	-2.49802189166161	-1.40233945628441
XLOC_018285	2.45664850369411	2.69094676976373	1.94231104818015	-1.25166197969295	-0.558107211879697	-4.13899445489064	1.30659721680058	0.739076286309715	-0.0237238486139466	-2.14912737124963	0.365182061369548	-1.37914701979097
XLOC_018287	1.52660373899166	1.29916910373641	1.07586797948513	0.0878965920037871	-0.383408662721691	-0.733419480687384	1.21693579120417	1.28428949488644	0.265310248119262	-1.90224787668183	-1.64561959282798	-2.09137733550796
XLOC_018290	1.0048144134342	-2.09217496583456	0.766621059876389	0.795157509363124	-0.188544193556491	-0.0771032073358819	2.21052230352964	1.83413633758514	2.02309564044213	-2.09217496583456	-2.09217496583456	-2.09217496583456
XLOC_018291	-0.305514327220336	1.21127341050922	0.696503954361252	-0.228378879897456	-1.61895894797074	-0.0486926749265342	2.3971681147044	2.11431242943556	2.69475220048579	-4.31563419033331	-1.0410443339142	-1.55578675523364
XLOC_018292	-0.36485427839748	-0.492227564988227	0.273559825126167	-0.137732914005102	-0.626984798801615	0.389447475893059	1.84196105064808	2.05260913594016	1.80691193174175	-1.42085506369078	-1.61992453835442	-1.70191026111159
XLOC_018312	-0.0654730895814986	-0.262926583958653	-0.124903215004686	-0.472783469065934	0.246845884898306	0.140856620836965	0.323456004672185	0.150441331132887	0.291163348746441	-0.436001375797215	0.264144432797783	-0.0548198896765495
XLOC_018313	-0.0907638329217431	0.209773568842393	-0.361232104421253	0.49375108391858	0.803718853946985	0.119833393206913	-0.709089819352023	-1.82014328961282	-1.25707728273366	1.12651749078769	0.841668404969829	0.643043533369117
XLOC_018323	-0.160716008833774	-0.693154858480308	0.274144927579036	0.289320314623508	-0.0983185057163549	0.319243617359221	-0.959676008851264	-0.854358077408425	0.00522288694097028	0.0745556538299752	0.724357388458309	1.0793786704991
XLOC_018325	0.310222881635223	0.737995233189948	-1.3299050367312	0.0864926131763784	1.26158316691043	-0.875329988623455	-3.69989698147775	-2.10103689209605	-1.01202461126991	2.64429431328107	1.62373737543241	2.3538679265729
XLOC_018331	0.442345780350969	0.321529526738213	0.346908882081805	0.204005349191545	0.433417425337766	0.307379315272126	-0.416529122828411	-0.71986036944828	-0.12407181145258	-0.611151537740613	-0.321275717755474	0.137302280252939
XLOC_018357	0.646445064056853	0.235194857227714	1.08465614185361	0.0899892802546196	-0.471420409885327	1.85667741867255	2.06106895627753	1.32197709724026	1.12084826317871	-4.80704349924424	-0.608989262976412	-2.52940390665588
XLOC_018358	0.910036159704994	0.763006078459198	1.72600185583431	1.23240779837711	-0.951216739780675	0.864119815640962	1.3176374709682	1.68860929803022	1.01394079894191	-2.85484751205875	-2.85484751205875	-2.85484751205875
XLOC_018360	2.0579108876758	0.114460042794458	0.958657968303329	-1.41133397644323	0.492296795834843	-1.41133397644323	2.76115100658372	0.187526112938474	0.484667068085521	-1.41133397644323	-1.41133397644323	-1.41133397644323
XLOC_018371	-1.81180722256482	-0.28601320332713	1.04698880314614	-1.81180722256482	-1.81180722256482	-1.81180722256482	0.327789870567427	2.11450408085489	2.30346338371187	0.178059861076189	1.09660372420634	0.46583237002354
XLOC_018372	-0.291640136928685	-0.0420275215785839	-0.0841958209727638	-0.269030626906486	-0.48579118574049	-0.227446195450431	2.10123423437166	1.86959288817179	1.64030004169879	-0.494599061976706	-2.00254681173825	-1.71384980294985
XLOC_018374	-0.411783377081504	0.100104488305853	-0.244898516613128	0.0614531339258395	0.268649414294753	0.330065909382231	-0.632002639591459	-0.578901650865769	-0.537571399311517	0.674099970367044	0.354374788421717	0.616409878765944
XLOC_018382	-0.449978028031439	-0.37115439439865	-0.182573609292356	-0.109852074585256	-0.0603339345605054	0.31503622396075	0.578295150737712	0.809229773534665	0.156199472413864	-0.100906922574858	0.133961134555564	-0.717922791759493
XLOC_018389	-0.225385794192452	0.542072067634884	0.379481430661617	-1.01136167283549	-0.0362464680725436	0.111358722727682	0.980599734621322	0.880396775041723	0.797980131472837	-1.11408068582331	-1.27250599679494	-0.0323082444413343
XLOC_018392	-0.120005708346864	-0.146374603303034	0.534899191221202	0.283156709982309	0.276446396689245	-0.308196423140397	-0.445457673803229	-0.952677737345527	-0.644636967738473	0.392539084497306	0.340925236593838	0.789382494693642
XLOC_018410	0.728103758274585	0.53298421845726	0.070052209289976	-0.882444006084682	-0.766590247785238	-1.15544655083056	0.639155764374258	0.958370666421831	0.57311686730188	-0.380984763021385	0.126852653352671	-0.443170569750587
XLOC_018411	0.6263161453763	0.39481595202489	0.397292892134793	-0.705963488652349	-0.621810943649386	-0.36146801499142	-0.271084537200753	-0.25936056799131	-0.127928797349119	0.521192636232719	0.065157755787645	0.342840968277999
XLOC_018419	-0.572849868218346	-0.557195389423044	-0.309099983106593	0.587278376795823	0.606730535264434	0.828900830382578	-0.293859963810789	0.188254083733119	-0.300776090074651	0.418276579096961	-0.139269056918748	-0.456390053720734
XLOC_018420	-0.029988640653043	-0.330294331233761	-0.181268700219952	0.463827815767706	0.516489544172568	0.560734332463181	-0.184225903305194	0.0516813742200917	-0.0971115763315709	-0.244774402617757	-0.0216043289025514	-0.503465183359729
XLOC_018421	-0.0205932446458412	-0.470418618235643	-0.379258360000282	0.579343212597907	0.318799007862546	0.694947449432965	-0.195127168100933	-0.00836763418365472	-0.0996704157689514	-0.308794244773372	0.0563570554414685	-0.167217039626188
XLOC_018434	-0.198973319323692	0.394471111005131	0.625956712527546	-0.801748250505784	0.123351340629318	-0.44428384514924	0.0718313570373068	0.482582224269912	0.813943340638867	-0.197317648442835	-0.287828341409135	-0.5819846812774
XLOC_018441	-0.0067371269183294	-0.131448349271391	-0.227826220474434	-0.0939166720366593	-0.099411930853817	-0.0980237892752527	-0.316069780116452	-0.435119293542146	-0.314914061455003	0.410661741882585	0.62068441906206	0.692121062998854
XLOC_018449	0.450509916606443	0.259109950145374	0.179091019478542	0.563780288196876	0.165207519641051	-0.0902541080679411	-0.717054796461436	-0.197250618120934	-0.159062052233141	-0.123599302161105	-0.0574496941783149	-0.273028122845413
XLOC_018459	0.0175723432705626	-0.873761120133031	-0.289277268855257	0.93260862531218	0.121649189529417	0.99498198943929	-0.710039376350736	-0.292674172642028	0.340315917079487	-0.398484526309606	0.198595130804351	-0.0414867311446327
XLOC_018469	0.514292780523893	0.120137392962261	-0.192791029814207	-0.712011158998794	0.055362830632455	0.126734010134252	-0.958231367593712	-0.101597069651556	-0.670342246678257	0.700266579201281	0.635031619728538	0.483147659553854
XLOC_018474	-0.196220556077701	-0.293375355225695	0.255091385646913	0.453627354754509	1.01465925115233	0.640192825313682	-0.988379133935106	-0.497033845531295	0.0243467428831243	-0.21975591727984	-0.40428892365592	0.211136171955002
XLOC_018487	-0.739894125815451	0.335160702850326	1.38378536243076	-1.89902691811155	-0.343337239089525	-0.0758395898388455	0.300721259628976	-1.58516896146738	0.258059847928447	0.871666891790533	0.167220136496009	1.32665263319771
XLOC_018488	0.785526586074423	0.365154654278557	0.212514820882117	-0.783439860157945	-0.369250621379415	-0.548629452383998	0.238935324919333	-0.136654514378876	0.437680695517865	-0.18229022242533	-0.0409559133032973	0.0214085023565644
XLOC_018491	5.89513764822824	5.73035504851621	5.67663612296823	-3.15455352803544	-1.25092275575737	-1.13948176953676	0.537245688331549	0.323797657427092	-3.15455352803544	-3.15455352803544	-3.15455352803544	-3.15455352803544
XLOC_018492	5.71156547516261	5.08700393260668	5.33351631176456	-2.24170150943824	-0.338070737160168	-2.24170150943824	-0.102104416305997	-2.24170150943824	-2.24170150943824	-2.24170150943824	-2.24170150943824	-2.24170150943824
XLOC_018493	5.76756234956633	5.72386163054508	5.4799653027973	-2.0633610413656	-2.0633610413656	-2.0633610413656	-2.0633610413656	-0.464500951983899	-2.0633610413656	-2.0633610413656	-2.0633610413656	-2.0633610413656
XLOC_018504	0.517510808805795	0.0955747206834214	0.223829924667776	-0.226509010989238	-0.790784280096888	0.160905684976292	0.541466088401776	0.687864745033298	0.597495051523348	-0.703104435981137	-0.522327637263739	-0.581921659760717
XLOC_018515	-0.519028228237453	0.128057753777497	-0.0905160758788437	-0.251090986743137	0.00211481888949017	-0.323602744223566	0.447689915468793	-0.322870153381651	0.0330060657878786	0.913487695472424	-0.213964413716414	0.19671635278497
XLOC_018523	-0.492583884303311	-0.274355154518467	-0.131398001293111	0.331930583720704	-2.01557212682359	0.261367041109417	1.24926238134588	1.03607919444635	1.91689283395977	-0.724922339874657	-1.1458590585033	-0.01084146926567
XLOC_018524	0.0529842343459164	-0.519918459902032	-0.0800341596573393	0.0485532653399305	-0.600808088264324	0.342121069974425	0.80384233582904	0.554097580862808	0.777053136112742	-0.229150968102292	-0.579648182532855	-0.569091764006023
XLOC_018547	-0.593948933676654	-0.175282336593241	-0.420843994065781	0.434874566130649	0.32953046463225	0.951856987057568	-0.530946693137735	0.272686315438247	0.031173785628833	-0.232580192813203	-0.0634173286016111	-0.00310263999930793
XLOC_018556	-1.31990695682001	-0.526925820613073	-0.168993919495287	-0.536565744288789	0.402711523000865	0.144187169055112	-0.264550540287789	-0.110462612255824	-0.759069449621917	1.31123374898234	0.0734173117451329	1.75492529059925
XLOC_018561	0.312086066500523	0.433629516621174	0.248724717431601	-1.08804851553282	-1.08478276733246	-0.916324734003938	1.04754300928739	0.808671034929015	0.840764949804663	-0.175560075679597	-0.142202926321346	-0.2845002757042
XLOC_018568	0.447904511131657	0.424473482717792	-0.357911479503471	0.911431555001284	0.283804130480526	0.350069293971063	-0.947931118540479	-1.44373832077833	-1.79870933134217	0.682715955889292	0.895338619957499	0.552552701015349
XLOC_018569	0.0644706181708816	1.77753616761749	1.91986791690004	0.876297827175889	1.05139460082067	0.810502760129923	-2.52949264219027	-2.52949264219027	-2.52949264219027	-0.539625558549269	1.03689566849259	0.591137925812603
XLOC_018570	0.224897713922534	0.133783977292922	-0.385551124485546	-3.2443471501965	-0.547671907833921	-1.22927539169782	2.02132775853376	1.90514538697323	0.326993142659364	0.0654128766325113	0.564636658251777	0.164648059947682
XLOC_018590	-0.3542791643008	0.0265226441292379	0.200030851615777	-0.203566996496981	-0.703541029406179	0.370408148126203	0.611697831362652	0.0840046925608018	0.770278224996255	-0.258726924707434	-0.322231999974991	-0.220596277904544
XLOC_018599	-0.381699771216642	-0.457669542283357	-0.582301177668585	1.04928336540467	0.418103048912485	1.09232128252388	-0.22199017843079	0.0298643020793712	-0.0766053958552497	-0.615379002931358	-0.131869622411566	-0.122057308122884
XLOC_018608	-3.58204628670515	0.975818521265534	-1.95691802521	1.71785820880948	1.10017968404583	1.9611434062494	0.288375512588877	0.344265016714557	0.74367489225669	-0.272286259876138	-0.0156579760222835	-1.30440669411679
XLOC_018609	-0.406545396685718	0.958344882844208	0.561234151894615	-2.55598939601955	-0.290585792209664	-0.6073912557446	2.08659342346914	1.17557435390698	1.42523634208574	-0.938250586718229	-0.817225073120301	-0.59099565370262
XLOC_018611	-0.738028936408645	-0.37579265479512	-0.733433708161258	0.83662478266222	0.577422965341542	0.764096723696092	-0.373488707427957	0.306130367499026	-0.15279337892521	-0.377615076979261	0.123585392818229	0.143292230680331
XLOC_018618	-0.912564543947407	-0.713635895962003	0.135825388663897	-0.343308598356975	-0.456425542270336	0.121826757002565	-0.695793500632854	-0.450208097527815	-0.278556100803852	1.21939100601528	0.835825397200961	1.53762373061854
XLOC_018626	-1.84933220796324	0.621689016023807	0.428423811919757	-0.559547575561584	-0.20559831639765	-0.517963144105529	0.354625453903243	0.0917446712031875	1.08869641192186	0.855070153174389	-0.459713547773577	0.151905273655316
XLOC_018665	-0.802276295918763	-0.14894136484422	-0.513708636403586	-0.352239972461482	-0.162129701518862	-0.0135199732595108	-0.13641113635332	-0.211147723945374	-0.0580913450652636	1.18494359284139	0.433777084122013	0.779745472806997
XLOC_018682	0.638049560626369	0.570285890066199	0.444284577789112	-0.179331284623368	-0.133975384828652	-0.303141850509888	-0.693216145231176	-0.810971739478143	-0.409315162879208	0.401770814826158	0.106126332462594	0.369434391779997
XLOC_018683	0.630849332160557	1.10723267304938	0.860475691692987	-0.364360077322343	-0.423352038001672	-0.720959434589745	-0.31819350395238	0.0467387028252535	-0.311092802754055	0.52508057049597	-0.733317799624193	-0.299101313979757
XLOC_018684	-0.111812936782585	-0.304973559677843	-0.627095938576621	-0.989201187231081	-0.740833408308027	0.0304879508017111	-0.171764204784998	-0.664326116484253	0.309906808800607	0.97630908242039	0.766566016442075	1.52673749338062
XLOC_018686	0.506437603919616	-0.372828146509781	-0.501307364797856	-0.111525826696388	-1.43152685750752	-0.515305996459188	1.54101791129499	1.20511014062722	1.79796786439329	-0.4063211096757	-0.549984491786695	-1.16173372680197
XLOC_018695	-0.103134672090488	0.291990220008229	0.440611197587211	-0.103138716567829	-0.212569604645197	-0.916725429630105	0.890684365659157	0.697594078496586	0.715639102189606	-0.208629457849434	-1.00461371481555	-0.487707368342182
XLOC_018696	-1.16516634951173	-1.16516634951173	1.20482559523483	0.9050531360373	-1.16516634951173	1.65940064334257	2.8641790512713	-1.16516634951173	1.52270602069611	-1.16516634951173	-1.16516634951173	-1.16516634951173
XLOC_018697	-0.324150004448665	-0.0775346994092523	0.182307573691721	-0.268721094979858	-0.556077624776901	-0.510563511154136	0.904456379234448	0.607992716855387	0.738328945035837	-0.562082663736032	-0.0739054402197201	-0.06005057609282
XLOC_018698	0.234367651683452	-0.0369599373575245	-0.312841695697385	0.16546026261626	0.135683537675292	0.34170405850799	0.149182431850161	0.808822400818166	0.888965960846717	-0.984913989240705	-0.453984664949199	-0.935486016753227
XLOC_018702	0.0743491077049692	-0.566421193964979	0.640198273418243	0.340659826570066	-0.121157398852313	-0.379681752798066	0.391751095187293	1.07014542332009	1.09771503337026	-1.16213506952908	-0.852084357130798	-0.533338987295672
XLOC_018706	-0.124934820511259	-0.365566721086465	-0.343117248048737	0.114836054327446	-0.0307405169842383	0.327498006827385	0.599492194133468	1.2492751803807	0.875340227453167	-0.856500457548642	-0.39589392719348	-1.04968797174934
XLOC_018707	-0.176107409855402	-0.084943790735605	-0.486872479542645	0.124132616800266	-0.0149280332500226	0.791827409694778	0.446340310438049	0.988361802873565	0.927017546896648	-1.14405192218547	-0.811360337021703	-0.559415714112456
XLOC_018717	0.793894584778545	0.755487748156066	0.463308936661038	-0.353935022486482	-0.751453188169081	0.019868170940657	0.467094134100299	0.714706957947568	-0.0140363395077898	-0.012740217083584	-0.11575005581213	-1.96644570952511
XLOC_018724	-0.679340773359332	-0.686551951547053	-0.00469990789736219	0.0074252772004284	-1.53123358163861	0.574604993750461	0.696118428704915	0.110855542642309	0.601528597380052	-0.0369752731213389	0.502521847168087	0.445746800717443
XLOC_018734	-0.173178519839392	0.553190686279091	-1.64503963761301	-1.19994841355912	-3.27016789910815	0.0698275032120446	1.55007218918781	1.79439479900756	1.68122877707336	1.1763565817997	-1.60600289938569	1.06926683294579
XLOC_018735	1.863236234009	1.77942793424171	1.25722371823209	-0.933725485497497	-1.11647268419723	-0.266316829079439	1.21857152357481	1.45672454650546	1.03234622262979	-2.32283512189023	-1.6953017029623	-2.27287835556616
XLOC_018747	1.19004901258118	1.30424175108522	-0.794464670194417	-1.58304121035634	-0.447773386705959	-0.313265293585172	0.217161103388656	0.453784949741377	-0.457058823783395	0.793263785002488	-0.744849749134214	0.381952531960586
XLOC_018753	0.734992821164356	0.385593707892517	0.0207808085738685	-0.0129131778825409	0.34564343678661	0.233660672328277	-0.300055191221378	0.0456007501534019	-0.243403895502823	-1.10107838118526	0.231315460615083	-0.340137011722123
XLOC_018765	-1.42663256235674	-0.149277877648529	-0.490170052188585	-0.458374979078971	0.00383564813005499	0.0374615635183844	-0.769397728462924	-1.47186780811015	0.0977777908028772	1.91399886105468	1.1910383007198	1.52160884362011
XLOC_018766	0.203129911422954	-1.61193867915114	0.0131895823440018	2.17445091550299	1.59354863004827	1.21262831370316	-1.61193867915114	-1.61193867915114	-1.61193867915114	-1.61193867915114	2.19704512929713	0.665700913437214
XLOC_018789	-0.355305323119263	-0.51893046365087	-0.274220295307549	-0.362126632411496	-0.2041788902331	-0.175802325899307	0.0181255549263568	0.423886133082711	0.314308128491222	0.480585713002325	0.278413258246264	0.375245142872679
XLOC_018813	0.483177707121517	0.139844892088807	0.748010472471313	-0.0405660676906088	-0.207154780961567	1.22920984908056	-2.11078555323964	-2.11078555323964	-2.11078555323964	0.684983065682373	2.64578964006649	0.64906188186003
XLOC_018820	0.600439162496558	0.284122617743007	0.236502939047148	0.210823945317666	0.488813141654608	0.196984648062682	-0.576467626072296	-0.24632380627945	-0.317858410091729	-0.155902469685761	-0.570440116220947	-0.150694025971495
XLOC_018834	-1.74538050803923	-0.351276635709223	-0.743362226457647	0.402130913756149	0.623809734115047	0.45411425159609	-0.0524012027401319	-0.52580880643531	-0.369137064684667	0.640524006413882	1.10214503928573	0.564642498899317
XLOC_018837	0.718021283361199	0.588126239773937	-0.235248127775995	-1.92876502047137	-0.133871524918078	0.0106121271656017	0.315816946376223	0.561748741472694	0.135299180512463	-1.50633746884004	0.790483200544163	0.684114422799203
XLOC_018839	0.30410905230281	-0.720357689331481	-0.875253462700902	1.51600265489566	-0.21998951154574	0.168452698585877	-0.610592337619149	-1.27328878802133	-0.229700505820242	0.695824949690144	0.872837404894961	0.371955534669396
XLOC_018845	0.38945235537386	0.125639356104164	0.0175185181360291	-0.00186994357789949	0.0301008438873875	0.259366300829821	0.132937453221771	-0.0259424961837453	0.0824630501216372	-0.216452760845218	-0.342501501332826	-0.450711175734991
XLOC_018867	-0.86078774807214	-0.156304542464392	-0.0650928497820473	-0.44536923200574	0.218484163020442	-0.279807030211738	0.242867124351241	0.24017099198325	0.208101645673988	0.308886843736254	0.250275056417777	0.338575577353105
XLOC_018880	-0.38761806397871	0.099648477989744	-0.0862938417938768	0.774178976624239	0.55542176819012	0.921321188573593	-0.676313480830885	-1.37878356047811	-0.983161380211751	0.411898942456808	0.9476896805648	-0.197988707105973
XLOC_018883	0.39875737056486	0.0886114888520595	-0.151852943795106	-0.305961654180663	-0.49840697766895	-0.209166416849422	0.648415824080587	0.386875791187931	0.495845142729202	0.140963813859473	-0.520052794310541	-0.474028644469444
XLOC_018885	2.73045647389814	0.787005629016791	-0.738788390220895	-0.738788390220895	-0.738788390220895	-0.738788390220895	3.13163340907313	-0.738788390220895	-0.738788390220895	-0.738788390220895	-0.738788390220895	-0.738788390220895
XLOC_018886	-0.189594077482179	1.37346845943314	1.21857268606372	-2.00466266805628	-2.00466266805628	-2.00466266805628	1.48323381114548	-0.405802578674574	1.86412564294438	-0.014795584415271	0.411802720622044	0.27297692453208
XLOC_018903	-0.520039806734178	-0.874103068198185	0.0331584908528875	0.334832854379817	-0.339304942442504	0.346782719488396	0.786557275410067	-0.314432618531812	0.305363914766475	0.431071118782758	-0.176890488647095	-0.012995449126648
XLOC_018926	5.34621651282999	4.49352078734374	4.58071149644396	-2.01765621990351	-2.01765621990351	-2.01765621990351	0.121940873228729	-0.418796130521812	-2.01765621990351	-2.01765621990351	-2.01765621990351	-2.01765621990351
XLOC_018942	-0.502453766241346	-0.554746740429089	-0.155933108998514	0.2027105545915	-0.571661007732675	-1.61709936915983	1.07379864443465	0.0196944246073052	0.262565591812706	1.15744566133681	0.24209120555675	0.443587910221726
XLOC_018944	0.766653059053855	0.423320244021146	0.542681743439257	-1.8273102013073	-1.8273102013073	-1.8273102013073	0.783766421891091	-0.228450111925598	0.860562168900544	0.162556882333705	0.58915518737102	1.58168500883688
XLOC_018945	-0.32051313403448	-0.110385348714072	-0.130664340691464	-0.079990883683708	-0.174535257569704	-0.546956464659026	0.392739314068521	0.0770622938136976	0.372533795161555	0.0353478145207324	0.173014384408559	0.3123478273794
XLOC_018953	0.914297257423137	0.587620352868861	0.223015304353796	-0.665981118009251	-0.876586188440992	-0.289845359828057	0.149201684572166	0.0816926406823644	-0.319002501536572	-0.0157999448797668	0.128534927276283	0.082852945518038
XLOC_018955	0.747129352693516	0.727105139039504	0.478439153184999	-2.00747001854669	-2.20777317871344	0.0326053519642837	0.58715015771137	1.42753265321418	0.907447438420295	0.573425408307155	-0.656685294606721	-0.608906162668438
XLOC_018956	-1.984453425487	-1.984453425487	-1.984453425487	0.902879049710692	0.712221816875582	1.73451390221271	1.70734579087999	0.84074660331258	-1.984453425487	0.00541365815401029	-0.320288425764535	2.35498130656695
XLOC_018958	-1.29031915190473	-1.58634587967635	-0.0874523412010131	0.194381834148989	0.124347392478174	0.122408146305339	0.145177537981644	0.304770753565151	0.785565085948606	0.0892285819697429	0.368825418364831	0.829412622019618
XLOC_018963	0.97834359083011	0.786533965954574	1.00217448906392	-3.42971236489617	-0.41678791376458	-0.836810336247558	0.680658493546709	-0.435369152329488	0.609538395322461	0.187242758427165	0.498033716645058	0.376154357447814
XLOC_018968	0.10909085051863	-0.188228976970883	-0.303510454801286	0.31335339627898	0.0706811838816712	0.307016115292022	-0.0589831525032807	0.0212354590931039	-0.0230573970311845	-0.351947178819023	0.184954564459128	-0.0806044093979015
XLOC_018969	-0.912241292402341	-0.510307614461702	-0.382163334503324	0.528216323983906	0.165980334058196	1.03878455423962	1.47060033654126	1.28823760192821	1.25889983042402	-1.18511286030294	-1.05584284952889	-1.70505102997602
XLOC_018982	1.90537983207518	2.87402718262385	2.74081155810223	-1.56386503204385	-1.56386503204385	-1.56386503204385	1.40197451052684	0.0349950573378519	-1.56386503204385	0.426002051597155	-1.56386503204385	-1.56386503204385
XLOC_018985	0.322832819984161	-0.560805176696055	-0.611719047921347	0.523623398114479	0.0920650219170778	1.46800870754031	-0.14726709214653	0.10134604595418	-0.384035731366073	-0.426213817836417	0.277839134069481	-0.655674261613258
XLOC_019002	-1.23741116628499	-1.48065293467337	-1.8182163463582	0.975303701131539	0.803105505863247	1.07128339598004	-0.12268087909202	-0.00322571383374459	-0.163792291956731	0.435006333041066	0.94459755589051	0.59668284029264
XLOC_019003	-1.12616663487458	-1.54337376262079	-0.966271414524911	0.442226419565232	0.236644799813821	0.902326620516504	-0.306875070885578	-0.0557182111742618	-0.102338991545784	0.592798830538039	1.26929556821496	0.657451846977342
XLOC_019007	-1.41947492427728	-1.09706343265462	-1.75268975815862	0.149506917839275	0.247997648838407	0.30608676272029	0.655834587957995	0.405315594397307	-0.457745562409242	0.714884646345888	1.25015283262596	0.997194686774629
XLOC_019008	0.980310070655213	0.706304755520686	-0.0274348980622579	-0.0465235760474298	0.20060503328728	-0.199015620991012	1.12685671890143	1.32069217390377	0.824358635174181	-0.506080204144535	-2.11015073071184	-2.26992235748549
XLOC_019010	0.408562664597357	-0.46303078321356	-0.317017135175149	0.147562940383499	0.199489068785596	0.677511413050287	0.23653801440881	0.327264159860994	-0.15811761745926	-0.860648236941286	-0.0143116281475217	-0.18380286014976
XLOC_019052	-0.151927018050032	-0.412994047947664	-0.295094740724061	0.255519320160674	0.446447677340452	-0.176377666665804	-0.18812991214818	-0.972974312915515	-0.508413613361257	0.975249788112312	0.430719157487022	0.59797536871204
XLOC_019058	0.635707013900062	0.976741557514799	1.26352395366976	-0.269556665106064	0.578755780224895	-0.798963923577054	-0.645296566374081	-1.0981331233907	-0.492060370439192	0.378512635349916	-0.181893093861615	-0.347337197910732
XLOC_019062	-0.605600220347622	-0.385835779818518	-0.0578188493136391	-0.204468312767311	-0.164547325549552	-0.0394828000142962	0.347733841526328	0.179020212220843	0.25578376708194	0.271548256876198	0.0812868999159031	0.322380310189739
XLOC_019064	-1.1231505959132	0.452031700441117	0.8001137699805	-1.18967504621136	0.593991107410485	-1.8067811373372	0.654841878955007	0.049197699560108	1.25393503216083	-1.07922398412905	0.317274049072108	1.07744552601066
XLOC_019074	0.353992078533058	0.813038253061914	0.357425342406177	-0.430573010165951	-0.486991317353834	-0.056107509392505	0.75555467582505	0.657530908013354	0.259815463240838	-1.13274001764005	-0.327138631869772	-0.76380623465828
XLOC_019076	0.252725482533636	0.180898712036182	0.325212483135553	-0.804194631298781	-1.00969698294197	0.0725372882447335	0.314108066929027	0.473978472162803	0.698709798970445	-0.144059745045056	-0.573989044018074	0.213770099291503
XLOC_019084	-1.03178438462845	0.0878761470991876	0.17408601547338	0.0500948562963028	0.0743857316054264	-0.271284535046693	-0.116638887626792	-0.488534135563905	0.097576282479606	0.340997691420396	0.339702788039888	0.743522430451673
XLOC_019098	0.434765787863532	0.352342881028352	0.273038034974726	0.419204063949114	-0.0516667724124451	0.0178688964180269	-0.152926500500984	-0.389648644019337	-0.315913215342321	0.102539749258019	-0.426836426255787	-0.262767854960885
XLOC_019110	-0.246121515958594	-0.389314704841418	-0.506299353472432	0.933842787922805	0.636752272765358	0.807267732278714	-0.652339684992075	-0.390247390531124	-0.364163941625128	0.15875109011491	0.228392469647615	-0.216519761308623
XLOC_019113	0.184639802082643	-0.355005857379757	-0.0759428186534752	0.044809942917917	-0.14564619237076	-0.0438181464190635	0.455887486268585	0.312897168787842	0.329997207313179	-0.323187311579035	-0.112276022702574	-0.272355258265494
XLOC_019133	-0.285238261066908	0.146604001340258	0.0691602142310765	-0.145463490019801	0.0839485861264198	-0.692923836601261	0.120162856321649	-0.370229575693848	-0.346258363698954	1.0264805731206	0.126224132402587	0.267533163538189
XLOC_019136	0.119835087287799	-0.518446248622436	-0.210159619649329	0.628150140623561	0.710928791960447	0.631923978559488	-0.560436779386353	-0.0771645327943764	-0.1709632941366	-0.0452861100638042	-0.153335736568949	-0.355045677209453
XLOC_019145	0.194137642370267	0.505256584657847	0.182256058119018	-1.2656435146989	-1.01154704307439	-0.801652339238233	0.532209782572338	0.585310771298028	0.786194921483979	-0.194772723158318	0.441821428731693	0.0464284309366914
XLOC_019173	-0.0616149595645812	-0.16040615963366	0.122081527540145	-0.297207968282302	-0.272624955301712	0.14608799554197	0.926904381828982	0.6758347884393	0.31773774101543	-0.234889833838903	-0.530932661343999	-0.630969896400663
XLOC_019175	-1.22286366224198	-1.22286366224198	-1.22286366224198	1.6644688129557	-1.22286366224198	2.79595396358199	-1.22286366224198	-1.22286366224198	-1.22286366224198	-1.22286366224198	3.13635497349599	2.1861315479022
XLOC_019201	-1.66188268753687	-1.26366436755437	-0.725420177368715	1.02257818763746	0.511373917604452	0.782848263447691	-0.36668560749951	-1.01463597811793	-0.137472334377253	0.969258018265482	1.09852802903953	0.785174736460037
XLOC_019210	0.123842287312586	0.559404142066935	-1.69122630326151	-1.69122630326151	-1.69122630326151	-1.69122630326151	1.27461323930918	1.78712488220102	0.996646066946333	1.99673199158884	-1.69122630326151	1.71776890688267
XLOC_019211	1.42396733013686	0.624628896045707	0.956192226864404	-0.250179845069586	-0.16613892849438	-0.192604115749075	0.274258825857244	0.365434566302388	0.163271117907435	-1.40055409692655	-0.612022326642936	-1.18625365023151
XLOC_019216	-0.393589818470323	0.80676058430398	0.939417424471721	-0.322427740491858	-0.224598814423921	-1.37493112205231	0.061264463355057	-0.0134721242369977	0.523437217459875	-0.369329033546638	-0.112997451486105	0.480466415117523
XLOC_019263	-1.64739850974325	-1.64739850974325	-1.64739850974325	-1.64739850974325	-1.64739850974325	-1.64739850974325	1.84049796945851	-1.64739850974325	0.248602534785503	3.5488956750077	2.55065572652458	3.34313766242644
XLOC_019264	-1.32138057641079	-1.68754528950497	-2.048378010933	1.19612151603701	1.31197527433645	1.30174896248955	-0.389024554896528	-2.81950986629785	-0.549581644678894	1.97765442188654	1.31127001428628	1.7166497536862
XLOC_019312	0.0800836401246521	-0.37705844399829	-0.367006698408687	0.83725673050577	0.485006427844014	0.4746215521538	0.037781298417725	0.364084694988053	-0.185099607162157	-0.87225698465755	-0.13422922808166	-0.343183381725671
XLOC_019314	0.290598693477154	0.171541256613214	-0.481284600231291	1.30552126116181	0.610576139248553	0.848407617175663	-1.09416197401038	-1.06631276436704	-1.21462089752151	-0.550843055565847	1.16218518915263	0.0183931348670461
XLOC_019342	0.628971979807803	0.117172931445673	0.0294054662259944	-0.765054307012931	-0.0321346498382393	0.894421938210075	-0.24874663230286	-0.831795475656732	0.399952774514453	-0.31632576685554	0.205131291639071	-0.0809995501767657
XLOC_019343	0.771345470428673	0.0802296904400022	-0.347165260848991	-0.283059003321458	0.995886609733693	0.479820384056402	-2.93171093246733	-2.41919928957549	-0.824510537017819	2.18700204562702	1.06418954797774	1.22717127496757
XLOC_019344	0.236018942680625	-0.216132219923722	-0.705958639641321	1.54533819335511	1.14217406609476	1.17742085314382	-0.233911707384802	-0.47118681565791	-0.29912091662481	-0.329592771508954	-0.483192070783786	-1.361856913749
XLOC_019362	-1.41102495449033	-0.22306435312512	-1.27729623252593	0.095917892920184	-0.338000880922682	1.15329542321578	1.16950197487499	1.04235859899848	1.28522976620388	-0.00809048258772993	-1.22309058133548	-0.265736171226052
XLOC_019363	-2.53468618868783	-0.460032615936255	-0.427303267117094	-0.0844714961421174	-0.0455055123683659	-0.155035038753405	0.946555171724089	0.724675192276266	1.46026396470146	-0.334335682537945	0.600990520916838	0.308884951924364
XLOC_019369	-0.213307245598092	-0.13788651601836	0.312980201466697	-0.68444208054635	-0.281274790904003	-0.495241601071617	0.183133326884297	-0.0704129157829794	0.251203364638814	-0.0360176976074005	0.44486412777545	0.726401826763551
XLOC_019370	0.760306889076995	0.431320024843849	0.188786064146944	-1.17598303259545	-0.384621346005416	-0.418837043714954	0.251905720060277	0.32468861938044	0.155312650920045	0.510999763344016	-0.540999079207937	-0.102879230248792
XLOC_019376	-0.0961890907952498	0.81956698480524	0.458734263377211	-1.91125768136935	-0.00762690909127506	0.103814077129334	2.51086082428821	2.1957879642774	1.66008261148651	-1.91125768136935	-1.91125768136935	-1.91125768136935
XLOC_019377	0.502692077480318	0.213417506143907	-1.31237651309378	-1.31237651309378	-1.31237651309378	-1.31237651309378	2.86010846993317	3.35145375833698	2.25896377976208	-1.31237651309378	-1.31237651309378	-1.31237651309378
XLOC_019378	0.977260896054996	-0.966189948826349	-0.866855706568891	-0.421764482515006	-2.49198396806404	1.22698335963567	3.25752536440438	4.0677494982902	2.69322689178114	-2.49198396806404	-2.49198396806404	-2.49198396806404
XLOC_019379	-1.49751007693826	1.23331458923633	2.01642015671995	-1.49751007693826	-1.49751007693826	-1.49751007693826	2.9246084287193	2.60953556870849	1.69869179518372	-1.49751007693826	-1.49751007693826	-1.49751007693826
XLOC_019388	0.294333752607803	0.0766376856350437	0.145392802058946	0.00318061904056499	-0.387660783508204	0.0998737070150479	0.521675715754729	0.914740108322214	0.609055018947433	-0.714524795166173	-0.476961070220863	-1.08574276048654
XLOC_019394	-0.591982990052307	-0.888549350113678	-0.3114470020178	0.678224151930922	0.85844006259499	0.73252087943388	-0.917716854558702	-0.500549315497333	-0.523981562549837	0.252268277497381	0.781257953369275	0.431515749963196
XLOC_019398	-1.0315211765786	-0.874846337351975	-0.554892065625142	0.0492586764148122	-0.169256569658984	0.832105141730751	-0.414163864320776	-1.19887828899936	0.367135146679332	1.29952308100214	0.481785081305286	1.21375117540252
XLOC_019429	-0.558834327777614	-0.0379701165284301	0.488024878031005	-0.768491231848688	0.222675598228786	0.611117808360404	1.99932255938254	1.79075601599677	1.63347031787698	-0.346063680217366	-3.65582370704637	-1.37818411445802
XLOC_019463	0.18038085933155	-0.394546132913301	-0.815989481725663	0.595824839245232	0.729162709810998	0.375806343345437	-0.85441900371822	-0.264541725641498	-0.665382298998784	0.303023351252572	0.351095196166782	0.459585343844899
XLOC_019468	0.686912179776777	1.8186622829511	1.91758347671308	-4.02390174273295	-1.32722650037038	-1.19933474987866	1.63124452369596	0.854168998467398	1.16130911711222	-1.22813312381094	0.611986712806459	-0.903271174730077
XLOC_019469	-1.14910863618847	0.420030095196613	1.52463723083686	0.0433176981045063	-1.04639665418705	0.275745729274349	2.21843785398242	2.42718231471625	3.10637484776922	-3.74307189654963	-3.74307189654963	-0.334076686405446
XLOC_019472	0.170850759873771	-0.404017547084406	-0.150447150379386	0.530846417709522	0.573567083767458	1.0360765627922	-0.86888542348474	-0.66465073358363	-0.267530950909408	-0.266197243943592	0.328147046378105	-0.0177588211359119
XLOC_019519	-0.250591491551656	0.30183268176173	0.219892430519895	-0.466970213743814	0.132653347642074	-0.168253963459664	0.681935256763977	0.24544784660258	0.493552506196605	-0.639198965835926	-0.442799521127208	-0.107499913768583
XLOC_019520	0.0607418045909096	0.035167577799136	-0.141262509329689	0.199548791321185	-0.00508883720278064	0.0330243530079919	0.126649728725194	-0.000219613902700644	0.00231963716123573	-0.263306375009138	-0.0280892701258857	-0.0194852870354367
XLOC_019573	0.473577374886961	0.248426353157639	-0.091038214221701	0.94240358190512	1.2793604947486	0.355887559868142	-0.373788954802952	-3.67962115830319	-0.327084571503375	0.408693361187478	0.669665131845108	0.093519041232164
XLOC_019597	0.498763060129225	-0.0463615973524787	0.166306137405122	-0.0610517166409625	-0.462541272781036	-1.29373710121745	-0.795142902579411	0.189755245768082	-0.129952728988088	0.185844956664587	0.855301486226012	0.892816433366394
XLOC_019602	-0.66384551770902	-0.325644194621196	0.218947540720321	-0.54743558376633	0.199634934088747	-1.16454167489217	0.504570138479651	-0.776463356945131	0.593809149038226	0.626821926353373	0.657367946576092	0.67677869267744
XLOC_019605	-0.249158242033745	0.298796350570413	-0.0182273837782443	-0.505008237969369	-0.172567770870359	-0.402616777707541	-0.0375637851048811	0.0268281637442573	-0.290436514471121	0.538704073462814	0.181192341256169	0.630057782901606
XLOC_019611	0.632841139926826	-0.396076715211832	-0.768345678153383	0.121576479368492	0.680638561098379	0.23167144189104	-0.481884393911577	-0.13296677678045	-0.108163043116922	-0.0493689093198597	0.38353037453576	-0.113452480326483
XLOC_019616	-0.0794774621407548	-0.840498484162461	-0.549699767205594	0.660917846204041	0.630779976327634	0.351546918487509	-0.918733640082023	-0.276245084559297	-0.673148745285038	0.746915762625989	0.443344080456798	0.504298599333183
XLOC_019617	-0.54659750931518	-0.218966289850501	-0.336270200682023	-0.685243117545358	0.4383100808072	-0.450432709771411	-0.265964014924569	-0.434436155136313	-0.704165024257345	0.995069782838283	0.980625314752674	1.22806984308453
XLOC_019622	0.263310289570328	0.231073142300702	-0.163706812060886	-0.655750249905102	-0.817491856657032	-0.0346950286613623	0.881808763815007	0.518074715118653	0.762219005734551	-1.01979775372879	-0.191783252288506	0.22673903676244
XLOC_019626	-0.0620387619632732	0.00759539987983349	-0.13451835001213	0.475815104873411	-0.23256416480751	0.936672796535489	0.419942350765723	0.591366959613233	0.49756819827101	-1.72417996080472	-0.383259633236595	-0.392399939114471
XLOC_019628	-0.0886055193169009	-0.125931476391729	0.166452053551787	0.292368001846234	0.146746508331918	0.435205248205788	-0.568778112459439	0.779921044739248	0.276031540362378	-0.838992212012933	-0.18748738341612	-0.286929693440221
XLOC_019629	0.276132062049374	-0.116482776905493	-0.133441939481621	-0.601159859800081	-0.0320350121294775	-0.294408099367864	0.584088513628513	0.0187484517369434	0.333118186501391	0.186901226076388	-0.263167771015896	0.0417070187078084
XLOC_019665	-0.103694433127654	0.0571714307094684	-0.0484394631241933	-0.0906551913160971	-0.28525328460335	-0.356580947338369	0.456037244760489	0.0424152763493435	0.422642058558448	-0.254574139131771	-0.202546913692204	0.363478361955897
XLOC_019667	-3.21240718612777	-3.21891313294705	-3.93940462064997	1.13166740362899	1.95763875360968	0.664701822653676	0.281250227081767	-0.797203166237457	0.505591584373106	2.17296967398679	2.48351901619971	1.97058962442851
XLOC_019670	-4.41466815680006	-1.32418472435058	-2.0446762120535	-0.628278562145923	1.23918559787851	-1.07467275447986	2.49490982429444	1.03191156624309	2.04636618069116	1.43002069781006	0.221220298739358	1.0228662441733
XLOC_019682	-0.523839754813179	-0.313131349655417	-0.57321923239508	1.18404345730817	0.962769143051332	0.84457786659963	-0.177551075459647	-0.0151095884380137	-0.130066771420483	-0.861664349092485	-0.214936019734417	-0.181872325950412
XLOC_019687	0.672523718340749	0.573321735612906	0.570874171681448	-1.12975876787876	-0.190481500589107	-0.134793959219182	-0.412308743443472	0.49227055909215	0.691033548284819	-0.88366988566268	-0.00856162501848878	-0.240449251200372
XLOC_019690	0.128041007654	-0.713491349739437	-0.12880649083201	-0.685832007862694	0.0334675218410574	-0.75162707490866	0.543246511993257	-0.165311173809153	1.77028114817645	0.539252273471838	-0.817032620809745	0.247812254825085
XLOC_019693	-0.504567573608381	-0.553832401466483	-0.226940433784516	0.133426314629706	-0.561518807283549	0.309670110521436	0.910056318612294	0.36625895812242	0.589476589288968	-0.0406224615338422	-0.558317613606836	0.136911000108788
XLOC_019709	1.30858375135959	1.82944796260877	0.581586316837386	-1.78840562790917	-1.78840562790917	-1.78840562790917	-1.78840562790917	1.93124279810116	0.107595416619579	1.00736299101284	0.628059760769149	-0.240256485671792
XLOC_019724	-0.495805743275416	0.167872959875038	-0.0369158078487297	-0.0185402594764348	0.235556212148075	0.384476506371358	-0.242324182022137	-1.17943761829995	-0.249450368380767	0.707901661313992	0.417280920260984	0.309385719334006
XLOC_019738	1.04575723126828	1.19292108467377	0.816339613848142	-0.132613714492404	-1.09689512064812	-0.769396695809386	0.361959883567319	0.854797335851395	0.36023936158903	-1.19740007519551	-1.23446397373921	-0.201244930913298
XLOC_019748	0.336471432542275	0.685814929980821	-0.147878062643092	1.08563234828872	0.456560794232232	1.29078228771575	-0.355506438228476	-0.185895625312676	-0.906242639490834	-1.72762889517923	-0.347796220969633	-0.184313910935844
XLOC_019759	-0.5987370494759	0.304996111873094	0.448937676444273	-0.027547302414094	0.318605249511333	-0.0966792058328627	0.620861364454274	0.610707295088289	0.454923789332091	-1.05386069441063	-1.08903086482053	0.106823630250656
XLOC_019777	0.735373512643881	0.541382144358606	-0.363498895152229	0.217823763855884	-0.245173244861459	0.296469620988997	-0.136449352083518	0.0921967059521167	-0.372953197749255	-0.0926348294465793	-0.131462260948878	-0.54107396755754
XLOC_019796	-0.838735280272484	0.0638639106536028	1.06665294770252	-0.325257510113831	0.0247451715252831	-1.03958113933137	-0.636280259497784	-0.646268383972656	-0.549054214616598	1.1761811209892	0.341339758147295	1.36239387878682
XLOC_019812	1.13408805829229	1.22459346140449	0.297826144808901	-0.0697456799846004	-0.739471259004404	-0.899003236579857	0.827621107411652	1.01711221408956	0.0542477832796093	-0.930012269429218	-0.419916328011738	-1.49733999627669
XLOC_019819	0.908872891208746	0.692733606901102	0.899213806936965	-1.36834529756699	-0.438512677574244	-1.05516843923345	-0.139266777711041	0.000782564556553567	-0.448414587971318	0.300200293511253	-0.138247311393742	0.786151928336162
XLOC_019820	-1.21070510690476	0.187538790712568	0.235846738064676	1.26936940598321	0.893128558405559	1.19775103841273	-0.988150754656802	-1.85474994222421	-0.811161660023131	0.394386089420618	0.291376250692072	0.39537059211747
XLOC_019827	0.0274520751132368	-0.128042383486202	-0.130713282542638	0.493892192975498	0.471955781828733	0.562135185329501	-0.596650711955071	-0.452928652517475	-0.537324576358142	0.333582315108647	0.0453738386201028	-0.0887317821162128
XLOC_019828	-0.28800218129832	-0.368641504839365	-0.10009435590389	-0.150477684644096	0.0675526536936824	0.269736124349722	0.808778424052569	0.313281517454781	0.665703332028731	-0.452140462392263	-0.37979831632221	-0.38589754617934
XLOC_019830	0.477809330916769	0.346126931561561	-0.234383268065175	-0.201803696014678	-0.130204717511353	-0.0917087334921298	0.444152597120325	0.716489269355803	0.620169283245634	-0.849104051977788	-0.516412466814025	-0.581130478324936
XLOC_019846	0.258311684295707	-0.125075080777717	-0.197006942420288	1.07276504461853	0.270828600362784	0.342199779864582	0.219308616770773	-0.0159181465065883	0.015169571215754	-1.65155099976442	-0.0633102314351799	-0.125721896223935
XLOC_019849	0.660852161877256	0.437816798406105	-0.00713819699347162	0.0481581628452643	-0.0420787832848193	0.280268066512021	0.69271685435282	0.635480685063104	0.0661459570737506	-0.630269953678338	-0.80003336340027	-1.34191838877342
XLOC_019856	-2.34699918919104	-0.0963687438625898	1.40876121418473	-2.34699918919104	-2.34699918919104	-2.34699918919104	1.14089729001072	0.478200839608539	2.16234536134771	0.448769429730976	2.15717732706915	1.68821403867492
XLOC_019864	-0.817435029016334	-0.144426486112374	-0.132958141689757	-0.246245281954527	0.379161447608111	0.524625747688575	-0.55297329999705	-0.17018831959739	-1.01097840792421	0.492017359664334	0.889718823193645	0.789681588136981
XLOC_019886	-0.124276000784569	0.249806091741018	-0.508070193775865	1.81052100366906	0.398582589915697	0.86155203794898	-0.916434578641974	-0.676789180486237	-1.51757926881306	0.324134773346654	0.383117962304798	-0.284565236424505
XLOC_019889	-1.31636225140988	-1.31636225140988	-1.31636225140988	-1.31636225140988	3.01926083794903	1.50820474144442	1.29471437178851	-1.31636225140988	-1.31636225140988	0.673504832231125	-1.31636225140988	2.71885097645607
XLOC_019912	-0.316121242114317	-0.176790844237737	-0.462086594595379	0.847790968658939	0.200779594141774	0.793564133212525	-0.721091206326435	-0.657728040495375	-0.616298042580964	0.646665293984645	0.361637429823477	0.0996785505288376
XLOC_019924	0.0718358507588874	0.0160448203903503	-0.0273864150215601	0.122727189737679	-0.191870835925576	0.0536335703972206	0.17171966457256	0.165812956195774	-0.0630514152704311	-0.156735568916575	-0.0570250325641926	-0.105704784354112
XLOC_019927	-1.59860586077204	-1.59860586077204	-1.59860586077204	1.28872661442565	0.305024911506036	-1.59860586077204	-0.163939294478617	-1.59860586077204	1.59759601134994	1.71115416605697	0.817859527906285	2.43660736709392
XLOC_019958	-2.16518326266654	-0.672804306936892	-0.903364334797479	-0.21480213840378	0.326100392242877	-0.134122659193181	-1.03263819486349	-0.980379426250389	-0.377031118736402	2.20403091510398	1.64004213266893	2.31015200183234
XLOC_019959	1.81528189183497	1.13937887334418	1.37812035073091	-1.81585267714219	-2.79955438006181	-1.87861815948558	1.13489729144231	1.29456308408717	1.01693882345958	0.983989456532491	-0.686589970405039	-1.582554584337
XLOC_019962	0.0211900336914086	0.26360164164674	0.299510646747131	0.0679954624119032	-0.22595372109031	-0.0768048596495765	0.445126432051865	0.349263733057088	0.574208237180405	-0.961438265978561	-0.251602616594917	-0.505096723473185
XLOC_019964	-0.205456265909093	0.0328671526946001	0.84221846001108	-1.08300746247515	1.11280399900779	-1.95526817917415	0.760184445067698	1.1791525994969	0.539004612865909	-1.98047285403183	0.388878698065138	0.369094794381108
XLOC_019967	-0.519159224183172	-0.146683816832452	-0.339949020936502	-0.470193619024111	0.0507660232172231	-0.100188313910243	0.399451767599672	0.426238413519351	0.633528917884262	-0.0412983975817856	-0.00403677277855596	0.111524043026316
XLOC_019985	0.763148686881328	0.390492074243046	0.271336865505484	-0.516240493017994	-0.529780422968607	-0.541558499292057	-0.244929628736886	-0.0752730569815778	-0.251413102325447	0.319168324975474	0.184188820918592	0.230860430798652
XLOC_019987	0.437939890996637	0.252909451916853	0.194984010372568	-0.142705005515149	-0.206976572303025	-0.400791492800167	-0.731746465911066	-0.552507260795336	-0.578133383994034	0.385680731634658	0.608968605545503	0.732377490852544
XLOC_019992	-0.00431178677785837	-0.353999121136511	-0.112285064321068	0.399332077895968	0.55872454715033	0.611637139199958	-0.28849089167065	-0.53966232783884	-0.530955178476223	0.468465816361945	0.0925323111532759	-0.300987521540321
XLOC_019993	0.575500527434398	0.372257201392173	0.235467172857149	-0.177665471730764	-0.177134440251505	-0.238779283707453	-0.0264792915537537	-0.0291161050563051	0.00399701742641589	-0.30527971181133	-0.201817473000723	-0.030950141998316
XLOC_019998	-0.319776771853582	-0.327008210237421	-0.28518384781724	-0.457343922708872	-0.584333242840816	-0.121363794807532	0.466900476618303	-0.379017038208715	-0.143943632002488	1.09464356142086	0.583343006440184	0.473083415997312
XLOC_020005	-0.449383611666444	-0.0270195003341334	0.256698420656649	-1.19514547196707	0.131016383404895	-0.179250685258189	0.176318096013646	-0.126425075002183	0.253174260039552	0.336540432283007	0.264579645775988	0.558897106054263
XLOC_020031	0.721114410902385	0.649927621663067	0.520757971627276	-0.333290062847746	0.281448728847376	-0.0700805251277883	0.362324813872946	-0.312698756195184	-1.43843698402557	-0.873445474119901	-0.104759020455296	0.597137275858437
XLOC_020077	0.00281943782805438	-0.293597660065699	0.330608220013739	0.721540793876013	0.123094080930612	1.13043788209279	1.13016247890975	0.856693165262603	0.828223159328707	-2.56839139764947	-1.3739749082183	-0.887615252308791
XLOC_020079	0.74682312354945	0.180441334011992	0.0365666494498775	0.369090455395371	-0.598489631393844	0.490991360171919	0.963463830036166	1.06860848032081	0.469784417733016	-0.750698199391906	-1.3310820923432	-1.64549972753967
XLOC_020080	-0.0538073647190149	-0.293303242096487	-0.493589247445879	0.0918196504522388	-0.120782144483814	1.08678445911182	1.19874103258619	0.849260921063415	1.02091291778738	-0.768446938992379	-1.18181537742361	-1.33577466583985
XLOC_020083	-1.65133816936555	0.0350439567588259	0.412814883443048	-0.424667655524661	-0.0407380629134213	0.0514648164031026	1.535974184569	0.490835431883347	1.28070568088622	-0.705930502082555	-0.268115051497806	-0.71604951255955
XLOC_020097	-0.716114980123826	-0.792101761783838	-0.237475401046315	0.266988127688084	0.384688625386306	0.456461266652798	-0.527166265966635	0.0823696959767757	-0.215447883572788	0.374261915567655	0.371944785976456	0.551591875245324
XLOC_020101	-0.425930308085356	-1.67913160655264	-0.586693482851414	0.3701207711728	0.778524365419685	1.28557435420016	0.419040601958519	0.707847839891852	0.488498097387654	-1.05596571103202	-0.102751668637245	-0.199133252871994
XLOC_020102	-0.317035810284873	-0.349055069913322	0.190113063542508	-0.0261353731874356	-0.526109406096634	-0.441501059230021	0.44227349301656	0.287672866640842	0.101785291640208	0.145751119240136	-0.00206052316558747	0.494301407797614
XLOC_020159	-0.123806563801852	-0.165161335425749	-0.267796713641108	0.613808111125024	0.443423627819064	0.59332124917114	-0.747592304662573	-0.35678735424468	-0.462778376278516	0.182839203630678	0.32196339119837	-0.0314329348898053
XLOC_020160	-0.25150250807483	-1.11896361391754	-0.282993131042683	0.501622795781278	0.546927932071743	1.09519626364808	-1.04033256765338	-1.26802497761832	-0.18483687726885	0.662617718257716	0.746757277763196	0.593531688053594
XLOC_020161	-0.886675855611472	0.0181647617957221	-0.0909809573213796	0.322802220855287	0.754622406529101	-0.0173821549408615	-0.516945492797089	-0.809167506205234	-0.485460179540517	0.499205786991224	0.409051579440405	0.802765390804831
XLOC_020173	1.77569874341714	1.17125762074989	1.13949083617881	-2.19130281308051	-1.69877699111691	-2.0487878090826	1.28073822537107	1.39420018541252	0.45222803226261	-0.236949900696343	-1.05533870793234	0.0175425785166849
XLOC_020176	-1.48111884678277	-0.0920956678625231	-0.126621203482932	-0.266004835325899	0.359192948637128	0.413659954683843	0.327566089533854	-0.0710979328034531	0.625189951384931	0.01157130248823	0.274877269293523	0.0248809702360608
XLOC_020178	2.24786906638123	1.78100224856355	1.7448755578845	-1.0972900698383	-0.0724364247039153	-1.62669732830929	-0.740822661251324	0.10281160949925	-0.00187613496902461	-1.01464020343257	-0.57772398507332	-0.745071674750796
XLOC_020195	0.737724065781449	0.0629545122307178	-0.17418119059928	0.0866571312781499	-0.349314633814484	-0.280112172435068	0.288578805213747	0.539676112183066	0.0126222377735115	-0.486698574175034	-0.225270158846516	-0.212636134590252
XLOC_020196	0.209920013394305	0.496373505753697	1.01911932817537	-0.422270983785596	-0.0090157196923748	-0.491907445257104	1.14070225442677	0.33517028682558	1.1389743776871	-2.17472724915855	-0.611277232342589	-0.631061136026618
XLOC_020198	-0.845271315131318	-0.845271315131318	-0.845271315131318	-0.845271315131318	-0.845271315131318	-0.845271315131318	-0.845271315131318	-0.845271315131318	-0.845271315131318	1.14459576850969	3.65890520112887	2.8039408665433
XLOC_020214	-1.29480900042768	-0.231003257329848	0.195618802809014	-0.854306173758716	0.618571110762836	-0.0477765290762706	0.432218693761157	0.494737533436791	0.639017506536893	-0.76990815158831	0.0843201880056439	0.733319276868502
XLOC_020215	0.864413432526143	-0.39567589483287	0.938158938294302	0.224164603641027	-0.124941462014401	0.275437094835315	-0.650843433439348	-0.289710431372792	-0.281322355244376	-0.96621567349204	0.204667237525336	0.201867943573703
XLOC_020216	-3.7092045238986	-0.656784352736337	-0.421816571160497	0.497875206213467	1.30104148427123	-0.697563491638041	0.960610843881029	1.15453185928432	1.73708070734404	-0.893398363772	0.423873265057304	0.303753937154069
XLOC_020217	-2.34943373814167	-1.65557661051446	-1.00612020457679	-0.0270848267575579	0.243027124337508	0.267175250015004	0.822078818558741	0.888418260650449	1.06442550159342	0.627381007847137	0.17928696482956	0.946422452158653
XLOC_020218	0.578408176346278	0.596401522142544	0.202674617561166	-0.06872101461704	0.069026797255467	0.36743312386601	-0.365725372581867	0.0100507451096572	0.508069173827364	-0.473028857283849	-1.09241249709627	-0.332176414529454
XLOC_020222	0.971211586300009	0.917584277074059	1.04572855703244	-0.975540039888697	-1.32464610554412	-1.17963093603769	1.69807181288545	0.786245178590044	1.25404002031452	-0.466070737460906	-1.64906883007309	-1.07792478319202
XLOC_020225	-0.335247918494376	-0.216115844549489	0.131655532521649	-0.702709443245256	-0.153059979085078	-0.00409428268234802	0.0333420317135742	0.217625187198632	-0.0487661056720654	0.640585768252666	0.261337746370443	0.175447307671645
XLOC_020226	-0.098537270768051	-0.331600084428174	-0.444415064950164	0.0506250971098083	0.445596082514274	0.785531842942949	-0.2517338947862	-0.355275980192336	-0.43061447897577	-0.0762478073156077	0.498674727113557	0.207996831735687
XLOC_020239	-0.402338780174723	0.171643207852102	0.205520007031491	-0.204469382994933	-0.520144174205999	-0.740101896401204	0.305764241450275	0.267714896159231	0.618200206209049	0.240509043203925	-0.0915811614645934	0.1492837933354
XLOC_020240	-0.225173810703298	0.785996799783676	1.00464777939558	-0.987825225475785	0.0772131904644215	-1.24955322961307	-0.223315146613566	-0.562209541763953	0.183516579290319	-0.163791309499945	0.635316793048029	0.725177121687576
XLOC_020262	1.12588370352656	-0.254178217135435	-0.242709872712818	0.352107521103737	-0.813571126527975	-1.35207502948294	0.508277791660166	0.820122967355936	0.951568387361104	-0.0611956811024399	-1.41748057538402	0.383250131338124
XLOC_020266	1.35057499839156	-0.220620361639514	-0.121286119382056	-1.7464143808772	-1.7464143808772	-1.7464143808772	-0.311747814583782	0.592175989678748	-1.7464143808772	1.94154391397315	1.16199656589395	2.59302035117674
XLOC_020281	-0.479091139500804	-0.48110714040526	-0.0994154058831267	-0.113142697938057	0.189308880046685	-0.0741971010720661	0.181106137270827	0.0195449436392341	0.0802416440277209	0.445379650971267	0.15206481617906	0.179307412664516
XLOC_020327	-0.0707475399284467	-0.101761088029399	0.0468266681541936	-0.163873468507984	-0.589744772039906	-0.478183476913401	0.239580469957566	0.0434297643674233	0.582676777116726	0.166547567489979	0.22423377966286	0.101015318670389
XLOC_020331	-0.268439669145662	0.71409811597595	1.14579812120247	-2.09192111645771	-1.10075428638023	-0.712312076248615	0.942277202243006	0.170238945514338	0.407109714812151	0.433800743360182	0.26403733363825	0.0960669714858655
XLOC_020349	-0.261305342102376	0.384211478031247	-0.0588170989913621	0.398262830445007	0.0496428843039567	-0.0443243236143234	0.679027978860018	0.228249040986814	-0.00593774087508869	-0.65361483122993	-0.578672668599733	-0.136722207214216
XLOC_020384	-1.41274458658645	0.0481308421154738	0.592722577456991	0.0384909184397575	0.00957528597361623	-0.490916340031232	-0.0876154601976502	-1.68453393705563	-0.394463359578516	1.60621674892465	0.558057003204737	1.21708030733426
XLOC_020385	0.618705341062872	0.364224301770093	-0.19315984895473	-1.04452946359237	-0.861293630589097	-0.717481368220274	1.378306053248	0.979790123653167	1.39908061477981	-1.69264458756757	-0.222394942089034	-0.00860259350086512
XLOC_020388	-0.18450029497623	0.0657721550237733	-0.47315067310304	0.585671868462801	0.608656404493753	0.407441085491056	-0.927240334804575	-0.333410956653727	-0.46351816863064	0.0185561786529238	0.553696340164671	0.142026395879227
XLOC_020403	-0.554582930776415	-0.544239881286972	-0.345891947820463	0.0438895902810046	-0.117852016470925	-0.517472670749217	0.898499653257186	0.441213384838703	-0.0186398054155337	0.392874062316261	0.10695671362771	0.215245848198658
XLOC_020422	-1.48750778558622	0.087674510768089	-0.216756080839814	-0.0174946915972534	0.0480346221951287	-0.444239814832796	-0.561934419942378	-1.62246890517248	0.525651787123723	1.24621336502979	1.44553616534796	0.997291247506276
XLOC_020423	-1.55183960061873	2.75518920918903	0.818152344127824	0.518379884930296	-1.55183960061873	2.16712772708097	-0.117173034325315	1.27336042818084	0.344161443910017	-1.55183960061873	-1.55183960061873	-1.55183960061873
XLOC_020438	0.0942236241288761	0.369155548295199	0.5974406239793	-0.0986524614772382	0.497535325438069	0.222984103288188	-0.375876288001815	-0.213434800980182	-0.463526174789537	0.374181904848979	-0.71540679721763	-0.288624607512227
XLOC_020446	-0.40421385808368	-0.806035127999701	-0.156578722062026	-1.56334665037978	-0.449827867917117	-0.142427496911286	0.686009146682975	-0.425680309656969	0.417226186721605	1.01754877647407	1.2962511244096	0.531074798722315
XLOC_020459	-1.07735137852882	-0.336107322602585	-0.134009540407173	0.815182436405164	0.308569176396317	0.165192765260339	-0.654986178285115	-1.25683081558461	-1.41131653647663	0.834121479099253	0.90974326353546	1.83779265118839
XLOC_020465	-1.30438941552668	0.487572011887733	0.635784410020022	-0.319713599404031	-0.149293403963639	-0.927544049440346	0.371724444408414	-1.03934141169413	0.771494822326661	-0.500952624932213	0.386145424454589	1.58851339186363
XLOC_020469	0.40157863690051	1.79568250923052	2.28315841488539	-1.53832174066344	-0.91186598384989	-0.783974233358168	-3.60854122621247	0.111107199797864	-0.0372009333566052	0.378783803099044	-0.042152915529603	1.95174646905685
XLOC_020470	0.639457390511621	2.81697706813956	1.55942436380867	-1.95450586984954	-1.95450586984954	-1.95450586984954	1.01133367272115	0.87069415895004	1.61683442300633	-1.95450586984954	-0.290340870127075	-0.406356727612155
XLOC_020476	0.438279397409508	0.136543943821559	0.392559157959082	0.0901327362389752	0.559562464488946	-0.37531136013011	-1.19549030367556	-0.948971813246745	-0.817526393241577	0.253357011844785	0.688627468123287	0.778237690407845
XLOC_020500	0.622325583846381	0.614995489478082	0.733516824457342	-0.796770814841051	-0.659023002968544	-0.678638643631928	1.52807547387833	1.05726696125789	1.31610105054366	-1.12017291490141	-1.34737631721226	-1.27029968990649
XLOC_020502	0.121092684859738	-0.654623093998003	0.244623768976084	0.642768382575181	0.53236881294173	0.452196730389733	0.673885101800311	-0.547368913300224	0.971411189513627	-1.06598669976926	-0.828915159896233	-0.541452804092702
XLOC_020517	-1.29369106586748	0.0836418624561892	0.188642886389943	0.243322735983474	0.23352093054095	-0.376534684535642	-0.238997891511635	-0.474224654788996	-0.852726050903551	0.761850506549854	0.613272654043454	1.11192277164343
XLOC_020536	-0.300486311479906	0.560024210706572	0.148339449801022	0.0888868056537335	0.0884178171380121	-0.30119078995246	0.642648943906217	0.0175602488679418	0.23268776163353	-0.114781035134668	-0.562659033170762	-0.499448067969233
XLOC_020574	0.0118150062394227	-0.207788421944483	0.152007150345297	-0.796946177995249	-0.523772144080528	0.170875573921031	0.519070448956131	0.637993916231208	0.718137476259758	-0.900556488758932	-0.00412853571530736	0.223292196541651
XLOC_020589	0.581131908521857	0.31583968408651	0.784875009942954	0.08489360140792	-0.463377179294651	-0.398879491216632	-0.32655926608669	-0.702207403062337	-0.433460205987489	0.470842288630047	-0.126188411582268	0.213089464640789
XLOC_020599	-2.15540787738795	0.353127423971038	0.584106902985236	-0.891511486465475	1.16535693575363	0.0954661766621143	-1.32195547214278	-0.849734410017276	-0.551612803486782	1.20742904631649	1.14967238613576	1.21506317767601
XLOC_020602	-0.209223011091048	0.636715009441425	0.84851180950188	-0.794580275893567	-0.973872513985776	-1.14387469914161	1.28572189065338	0.89472327479853	0.782774575558139	-0.858573519573948	-0.490981963924765	0.0226594236573803
XLOC_020617	-2.61278415884404	-0.362153713515589	0.246011866866916	1.1736054358101	1.51230584022588	1.40603346697994	-2.61278415884404	-2.61278415884404	-2.61278415884404	1.83374032206382	2.02310429669538	2.6184891202497
XLOC_020619	-2.24213267895338	-2.24213267895338	-0.617004417458235	0.645199796244308	1.63636662632178	1.09786272336682	-2.24213267895338	-2.24213267895338	-2.24213267895338	2.69897552072883	2.91607526137551	2.83318788418788
XLOC_020628	-0.169863785472986	0.334902575849853	0.0985445419707816	3.33554780098666e-05	-0.193901436505195	0.0104249965568641	-0.599701135520846	-0.468028521927498	-0.480310610800008	0.491505271906668	0.409455108620259	0.566939639844081
XLOC_020629	-0.472086612073615	-0.736084793913291	-0.5902498884949	1.14128861943748	0.373104714163392	0.859174975846306	-0.87429094905859	-0.55962566806072	-0.716911366180508	0.708316833146736	0.519088997236275	0.348275137951438
XLOC_020631	0.0742290610306544	-1.74083952954344	-1.74083952954344	1.66495093982272	1.8400477134675	0.274232228955238	-1.74083952954344	-1.74083952954344	-1.74083952954344	1.56892049728557	1.16757141722771	2.11424578992782
XLOC_020648	5.44938133283126	5.47745065765234	5.27086585032178	-1.79974420453393	-1.79974420453393	-1.79974420453393	-1.79974420453393	-1.79974420453393	-1.79974420453393	-1.79974420453393	-1.79974420453393	-1.79974420453393
XLOC_020649	3.83906107492779	3.32726202656566	3.47120359113684	-1.34135480654708	-1.34135480654708	-1.34135480654708	0.0933117597463409	-1.34135480654708	-1.34135480654708	-1.34135480654708	-1.34135480654708	-1.34135480654708
XLOC_020650	5.18625658866088	4.5923123931084	4.49531805458678	-1.58598744848401	-1.58598744848401	-1.58598744848401	-1.58598744848401	-1.58598744848401	-1.58598744848401	-1.58598744848401	-1.58598744848401	-1.58598744848401
XLOC_020651	5.41452138430406	4.9481178126194	4.86000990241507	-2.49407489497345	-2.49407489497345	-2.49407489497345	-0.354477801841202	0.69435192278805	-0.598073850444695	-2.49407489497345	-2.49407489497345	-2.49407489497345
XLOC_020655	-0.536296051535018	-0.42372406803366	-0.0905127144081925	-0.124327056518037	0.446808481366074	-0.302655596558652	-0.446283061335787	-0.614755201547531	-0.498817413194523	1.26513739581672	0.673070914675663	0.652354371272945
XLOC_020656	1.39878643545133	1.15779366347283	1.45930079259084	0.250956828186307	-1.78550918449263	-0.00359600403174642	0.502297658838712	-0.0700540456725189	0.190033920703971	0.312129339655842	-1.20759457043609	-2.20454483426685
XLOC_020662	-0.907928800241748	-0.58760623954449	-0.266899341924278	0.219922223815797	-0.0994362028308728	-0.27359133326426	0.430166179772934	0.0984853338234846	0.470048472951072	0.280969327817164	0.0589515825482163	0.576918797076964
XLOC_020667	0.920249374085564	0.665768334792785	-0.266500451711314	0.626703367640189	0.220389860768391	0.64106006877387	-0.906573866368281	-0.972013203748483	-1.50771855653937	0.431272079550022	-0.211112558821506	0.358475551578126
XLOC_020673	-1.44402770675871	0.0442298761128397	-0.10071417319383	-2.02594009568006	0.0482075775104418	0.0603418394178412	0.967134887506039	0.888510664597816	0.649604664528414	-0.282397820177049	0.3300183544159	0.865031931720358
XLOC_020675	1.31884112254434	1.10041169704688	0.975807412095048	0.167007887601131	0.303798931756203	0.284313984630675	-0.149706599459057	-0.471984081722006	-0.677836475363184	-1.11493668811084	-1.54107101447408	-0.194646176545105
XLOC_020677	-0.276337555822793	0.597402286080259	0.497587823115826	0.312753017182104	-0.158552237543375	-0.324029964134878	-0.16691139003656	0.459428244710621	-1.41581118547666	0.700023130539845	0.171056461996362	-0.396608630610738
XLOC_020687	-0.163504059337311	-0.481329874259623	-1.40809719085521	0.687112161515812	0.501420698800245	1.14726601273599	-0.212695777436347	0.2665428955105	-0.680255080779442	-0.147409620675437	0.362006297607552	0.128943537173293
XLOC_020714	0.13066032673547	1.05507901741651	0.353459799314308	-1.42819276478272	-0.314673982320059	-1.11501590644917	0.960494859425469	0.967800001326678	0.95877433744718	-0.387458753241026	-0.817388052214043	-0.363538882658585
XLOC_020726	-0.00960470028233384	-0.411425970198355	0.126818219987302	1.03996350977197	1.4267175434645	1.14559095622451	-0.271830692580391	-0.467482316297848	-0.0651834114058509	-0.128003481036737	-1.66611701517344	-0.71944264247333
XLOC_020744	-0.541781518673074	0.336138946126632	-0.318982046094236	0.0106376309660634	-0.109887749931503	0.213693838611673	-0.240750170827173	-1.09429469837474	-0.834206731998252	0.26165527192139	0.984486388647647	1.33329083962557
XLOC_020752	1.30922606088331	1.60976346264744	1.48637300275511	-0.472139654080097	-0.688364812136489	-0.10665526757013	0.388449490507635	0.710548045546413	0.142912611071387	-2.34008493369567	-1.2906263247867	-0.749401681142206
XLOC_020777	-0.000797373936922252	0.237526044666771	-0.906885019989711	-0.3598905763345	1.72182110588396	1.20793336459492	-1.15460442250227	0.898149225730096	-3.76568104570066	0.865193705000033	0.432373190567164	0.824861802021123
XLOC_020785	-0.215043665639494	0.685540866343988	0.962600075645892	-1.07006950871249	-0.313248533532785	0.0526508868506879	-0.0866948298275636	-0.218775724578832	-0.323463469047107	0.148848426568513	0.170762059661829	0.206893416267364
XLOC_020807	-0.191830163807308	-0.349730945583014	0.128367681639276	0.212927515504482	-0.389619657766421	-0.0903150027214039	0.475059900443838	0.553855720295222	0.401158458641219	-0.314552251396513	-0.0926624780959582	-0.34265877715342
XLOC_020808	0.239810910988259	0.745168628396373	0.380355729077724	-0.85465330018235	-0.959205913446442	-0.520188988143945	1.0330101487538	0.985031414717484	0.825046468471694	-0.845816422321003	-0.311535281587965	-0.717023394723624
XLOC_020831	-0.0635602580131378	0.607751036178581	-0.559125882691848	0.202750460851959	-0.17349038672569	-0.517591118516173	0.500232332876741	0.577746178876853	0.472382867347743	-0.805460716472825	0.201577463374961	-0.443211977087152
XLOC_020842	0.340009123523391	0.29907426532302	0.497467450235748	-0.340752462082313	-0.151220356261926	-0.412481738559457	-0.0914898786437899	-0.630451678145931	0.483759207963294	0.240871117124373	0.0234541586663584	-0.258239209142781
XLOC_020844	-0.911799020386046	-1.15019820062167	-1.22889184056156	0.816950070426988	0.76624157836565	0.707580938047972	-0.741433365292586	-0.254936338840617	-0.190772795838924	0.617059023630337	0.883030642803399	0.687169308267061
XLOC_020851	-1.28464872077908	-0.322664381598813	-0.505836343710237	-0.332509271917854	1.25975675867802	-0.620594184802478	-0.461492841369815	0.00375265888391318	0.369379801061439	0.780893668793234	0.332064818527602	0.781898038234075
XLOC_020915	-0.895911615245972	-0.414078751626745	-0.0157213651587726	0.491716138719484	0.736979226955198	0.804225465485089	-0.89480919310254	-1.20240148251005	-0.90423154939923	1.03967749252222	0.705196309554116	0.549359323807198
XLOC_020916	0.167928111680965	-0.0309112579532131	-0.185208581259254	0.386408965700968	0.458666231856795	0.398416739862498	-0.224136186651158	0.255466407977282	-0.187487862654162	-0.367385480096414	-0.192858058016542	-0.478899030447745
XLOC_020921	2.37073254217783	1.99017787066575	1.84199334931229	-1.45809318952713	-2.39035869049272	-1.84360686360483	2.02920563088234	1.92258313792301	1.2591043607084	-2.13147646156148	-1.74895030433353	-1.84131138214996
XLOC_020934	-0.123050507794814	-0.38704868963449	-0.241213784216099	-0.0426778151085028	-1.53207928775515	-0.315680359854382	0.854890314049764	-0.0822231222280516	0.663538639508084	0.187519567785049	0.130275521650912	0.887749523597681
XLOC_020969	0.577609854074264	-0.442341269025042	-1.04246450029229	1.34879161730428	-0.140609855342371	1.45441906375681	0.0369974149519177	-1.92710948385634	-1.06949798229031	1.24463107453296	0.370188601127128	-0.410614534941022
XLOC_020974	2.79866989290024	1.51937469596185	0.413678291282411	-1.21144997021273	1.99403733898668	-1.21144997021273	1.75438957235795	-1.21144997021273	-1.21144997021273	-1.21144997021273	-1.21144997021273	-1.21144997021273
XLOC_020984	0.255184996559027	0.300887788513447	0.851974686574623	0.222803065611376	-1.24048764428456	-1.10240755959579	0.50679634747206	0.556471349846249	0.564988419172048	-0.190500136594801	-0.804779705360658	0.0790683920869713
XLOC_020988	1.020199011381	0.807740160417326	0.638525708603387	-0.301682610225223	-1.82933655606732	-1.31585653756703	0.803258578515451	0.868264163492685	1.28588406106642	0.0395121951776751	-0.836769628998907	-1.17973854579547
XLOC_020992	0.0718369924218587	0.200343567740107	-0.636355833010661	0.992949328155897	0.706696037572023	0.561052341329419	-1.20225896150578	-1.21241303087176	-0.543102228035452	0.103685284010027	0.404958602435225	0.552607899759096
XLOC_020997	-0.305357002914445	0.163989089924767	-0.0780539414408814	-0.272526098444501	0.0359521058981516	-0.87335244747139	0.523165272686111	0.208039732126038	0.462900632553273	0.48466488592849	-0.264947128715096	-0.0844751001305051
XLOC_020999	-0.0298206924504107	0.20111099144119	0.254101946169062	-0.178302200803268	-0.0169396262119061	-0.0857905777106218	0.0387378247486598	0.179980987395773	0.297760847040248	-0.391751683502285	-0.245105197732364	-0.0239826183840979
XLOC_021007	0.362806095509992	-0.270994912971693	-0.0250613540155618	0.478940112626969	-0.0138789731410931	0.100050568304082	-0.805541913447565	-0.328321191375521	-0.705472447828654	0.941593360833881	-0.079528924600357	0.345409580105523
XLOC_021012	1.41717301008359	1.67757556906999	1.4862048036113	-0.433189439410544	-2.52760662572576	-1.46615241951839	1.04832597034479	1.32096938252665	0.814438791273268	-1.49797580011365	-1.09720547938576	-0.742557762755481
XLOC_021013	-1.66770621082059	-1.66770621082059	-1.66770621082059	1.73808425854557	1.53778109837882	-1.66770621082059	-1.66770621082059	-1.66770621082059	0.228294833708161	1.12806240810142	2.14127759762769	3.23273706856188
XLOC_021017	-0.0524313418440485	-0.129674053013756	0.361085287699806	-0.492962746775216	-0.106208713082684	-0.021600366216072	0.106623306487677	0.102883813339954	0.707533931277856	-0.262765363881664	0.11666596190184	-0.329149715893677
XLOC_021064	-0.206104356735423	-0.621667013153781	-1.09878506995531	-0.574900421838649	-0.793415667912445	0.498886169608379	0.918824412684851	0.94879260422205	0.70355814776133	0.0295301802242998	-0.228629849468618	0.423910864563332
XLOC_021074	-0.800623304288694	0.381332591000379	0.738264046033635	-1.41683157875827	-0.52099520266143	-0.936279658005626	0.871983447360675	0.839627771993012	0.589536398183657	0.10552019996357	0.120413183497755	0.0280521056813292
XLOC_021096	1.10713816547923	1.28489083336247	0.908339655610091	-0.985485006346643	-0.971466394384973	-0.444426732967399	0.721053642590696	1.01381647660488	0.423308943610985	-0.992287003634264	-1.03101547237709	-1.03386710754796
XLOC_021097	1.16072715722732	0.970038574438263	0.900886240651207	-1.67938396821146	-1.25681348231051	-1.64006506062373	0.888430075145079	1.00609593396699	0.856510647724377	-0.182915663580006	-0.768651603114134	-0.254858851313397
XLOC_021107	-0.00187320240151667	-0.133555601756725	-0.0383622635318464	-0.239425295886829	-0.508118195017253	-0.690059333381635	-0.248470721763028	-0.248680718787143	0.2309348308618	1.00539723557489	0.219712220289252	0.652501045800038
XLOC_021111	-0.810625845869778	-0.241894782943884	-0.437632755583767	0.551878223800698	0.709021316196647	0.858139334564741	-0.162544217670901	-0.352346436609897	-0.769926896845568	0.231265355614748	0.472479260224959	-0.047812554878
XLOC_021118	1.41271574518195	0.867591087700251	1.11163885171411	-0.186824369118741	-0.65812962384422	-0.37978441616472	-0.426648112832268	-0.422166166517654	-0.413688926613167	-0.692415098122324	-0.16309450772321	-0.0491944636600152
XLOC_021120	-0.423361460454833	-0.91157899333628	-0.0442264728892949	-0.621276015068243	0.481396481134738	0.289750686060711	-0.479671257516933	-0.232058433669664	0.555071744605226	0.760108154911154	0.27167201545457	0.354173550768842
XLOC_021142	0.170205656827703	0.359780045169531	0.0803537047984637	-1.01983401822887	-0.771466239305815	-0.44396781446708	0.280989812406801	1.25330367740636	0.0781215311804511	0.201652044711248	0.216545028245433	-0.405683428744228
XLOC_021147	0.0814342931578302	0.587503105868126	0.443628421306011	0.029615843951289	-0.262923386457969	-0.639371599187213	1.33336328256766	0.51964185597341	0.644420270640297	-0.672551163522809	-0.970620791228395	-1.09414013306825
XLOC_021149	-0.475122623527913	-0.0751383426959222	-0.458856188369134	0.272239776641157	-0.137093418296355	-0.667752475587481	0.269557752175666	-0.374158624189039	0.938907080439912	0.16724287671008	0.128622945315012	0.411551241384002
XLOC_021167	-0.2076117733842	-0.488210396600604	0.126708304162585	-0.931431471141737	-0.135574622529758	-0.567270642509857	0.598511982146406	0.0718463841441581	0.632020570895549	0.553877102780913	-0.0777607967780929	0.424895358814627
XLOC_021183	-1.02746332725512	0.229496783332496	0.313292211120842	0.195246858667061	-0.353466536131088	-0.115801031910178	-0.532720700795191	-0.692943899318069	-0.111249309843388	0.416499329702789	0.613106542696293	1.06600307973354
XLOC_021201	-0.412230611997751	-0.419405000299605	-0.345789958759074	0.861772351154611	0.43021397495721	0.687845261604243	-1.15710749599415	0.480728613775695	-0.400231572566822	-0.493231412739235	0.403196540304389	0.364239310560477
XLOC_021205	-0.294762550160188	0.121294171978726	0.552994177205246	-0.159491881575637	-1.05274828382379	-1.09346911282916	0.642019989326839	0.425690700774433	0.748650390680532	0.0294031970412787	0.0345231605605978	0.0458960408211215
XLOC_021206	1.06752161151444	1.21949304833835	1.924553175049	1.29319046808482	0.690643294813916	1.89134187528216	1.54172417057036	1.2910151899971	1.7506389117722	-5.94881152306678	-3.53234613438846	-3.18896408796711
XLOC_021210	0.875116352929467	0.184000572940796	0.287525910533564	-0.749601639630354	-0.139925837858665	-0.564801794898361	-0.405700451465699	0.249069352868189	-0.0010220209411651	-0.106604983664858	0.154366786992773	0.217577752194302
XLOC_021215	-0.0391328693402349	-0.755430092578026	-0.104540549732036	1.14784624516363	0.236843573236106	0.948122065709572	-0.018951125214886	-1.21608500478761	-0.166263983565019	-0.583824817042715	0.325429434087663	0.225987124063563
XLOC_021217	-1.48195338224522	-0.091365184744558	0.275772201436629	-0.675704594231466	-0.0172439366405719	-0.106913452479249	0.372157496167111	0.397669490699225	-0.715449153124853	0.521754919495645	0.493132892796277	1.02814270287104
XLOC_021233	-0.483401468137896	-0.173451306104402	-0.751407120020914	-0.402608373204871	0.712935511207787	-0.275698513031345	-0.114650345453779	-0.175414624834479	0.886898415556528	0.205708957343544	0.511655303660123	0.059433563019696
XLOC_021241	-0.168799084778142	0.30075963391115	0.107018276177565	0.0699629395364694	-0.151033444662409	-0.193249733393913	-0.0314651408285256	0.17763575782033	0.241408139171633	-0.186260555808403	-0.225061722365354	0.0590849352195875
XLOC_021252	-1.00546344808466	-0.11785567092975	-0.742112080343559	0.418584407737248	0.639765447983344	0.0791188170287107	0.0235039659322185	-0.694396986929856	-0.454400382955805	0.638867860796609	0.641849144519642	0.572538925245843
XLOC_021259	0.700149925042349	0.624440967232919	0.429273353030146	-0.575569934026483	-0.295659047621795	0.00274727898874794	-0.603358517135081	-0.237573765175053	-0.662985685628173	0.269060513022898	0.359492309739394	-0.0100173974698503
XLOC_021266	2.41327005116923	1.61215019950031	2.50622984249296	1.69023805569717	0.779107240972671	-0.463405579715807	-1.21653336484483	-1.84378253685957	-2.28637186288676	-0.494414612565168	-1.27396196064436	-1.42252547231585
XLOC_021267	2.6672999994167	2.9698654994908	3.71555723097998	1.5081672071206	0.00600751003251254	-1.89762326224556	-1.89762326224556	-1.89762326224556	-1.89762326224556	-1.89762326224556	0.518842126432762	-1.89762326224556
XLOC_021269	1.80470715210161	1.50352293137884	2.21260784271359	0.520612731090641	-0.221063407162532	0.00278384759542671	-2.00449536254707	-1.33146035175212	-1.36557261130235	-0.0302283072309795	-0.716709221512208	-0.374705243372839
XLOC_021270	3.70315623801396	3.33237875799268	3.14808338012906	-0.128251374033036	-0.0638040051437079	-0.546695730708437	-0.852799170504946	-1.30563572752156	-3.12928310900314	-0.790166018720371	-1.75069429711278	-1.61628894338771
XLOC_021271	3.73895788594367	3.81655268153127	3.47566050699121	-1.22568567494068	-1.22568567494068	-1.22568567494068	-1.22568567494068	-1.22568567494068	-1.22568567494068	-1.22568567494068	-1.22568567494068	-1.22568567494068
XLOC_021272	2.34519518365034	3.62254986835855	2.72416009696398	0.650530997435632	-1.4196884881134	0.595383270385282	-1.4196884881134	-1.4196884881134	-1.4196884881134	-1.4196884881134	-1.4196884881134	-1.4196884881134
XLOC_021273	-0.538086443007194	-0.720167244144515	-0.725318654175031	0.741424938056364	0.344479459501581	-0.157406144506084	0.89025483537405	0.98250203819107	0.416226032512925	-0.585294434106757	-0.0786267533027551	-0.569987630393657
XLOC_021302	0.443426184632862	0.613822447015891	1.08261668181208	0.486582383424045	-0.346965751458718	0.51087998045004	-0.972834042389369	-0.303665213786392	-0.307272382485134	-1.02651957612439	-0.0362806591833671	-0.143790051907554
XLOC_021304	-0.898933180759325	-0.115738924545315	0.271970355097626	-0.331239926843164	0.162061550280526	-0.459457773812273	0.127457555464719	-0.00547216931966155	0.290747871957594	0.278328453349292	0.26715484659894	0.413121342531046
XLOC_021310	-0.416208656309084	-0.0354068478790461	-0.137639712352705	0.726518348484855	0.603902705711809	0.340661211424504	-0.766305381199333	-0.723867081418142	-0.838824264400611	1.05902230442458	0.268447701843031	-0.0803003283298631
XLOC_021315	0.64576553357794	2.44855053352179	0.455825204498988	2.23648741237001	0.734327715281915	-1.16930305699616	-1.16930305699616	-1.16930305699616	-1.16930305699616	-1.16930305699616	0.494861942726303	-1.16930305699616
XLOC_021339	0.51523035050699	0.400804926598735	-0.241269379377254	0.150437702059648	-0.906824361567057	-0.759337285950937	0.0937786924745234	-0.246305468967051	0.499426278551065	0.195640229171421	0.349020848961737	-0.0506025324618129
XLOC_021351	0.503758129088719	0.876233536439439	0.336577668785458	-0.427202244216003	0.333232726244482	-0.631293140364996	-0.159315878969364	0.858595865941208	-0.653510874479065	-0.530571490216173	-0.132870026686861	-0.373634271566847
XLOC_021355	0.0806787887153808	-0.252952938011804	-0.104867615649065	-0.482862339760866	-0.0186160797051569	-0.214671314775808	0.391088264361589	0.240286647050753	-0.210119592709018	0.227122862482559	0.180437501837975	0.164475816163461
XLOC_021365	-0.726224684186992	0.562599108568835	0.313051799664627	-0.292928119110536	-0.345347905927849	-0.505534874134756	0.0235111795796881	0.628344669060867	0.0852496212945821	0.211218555721218	0.0973110560912422	-0.051250406620917
XLOC_021376	-0.0981402500916495	-0.124066694369257	0.0224952443429158	0.0829733167211044	0.622378860442031	-0.479642661143175	-0.508272235318739	-0.933702127292332	-0.890075948210308	0.964485571963824	0.915167672371875	0.426399250583712
XLOC_021377	0.230077618295945	0.43268068867457	0.232045873824822	-1.35806424410759	-0.398677693168293	-1.42979352058473	0.0814079911422594	0.207771233345755	-0.01931376135843	0.69684572541994	0.44195656365279	0.88306352486294
XLOC_021378	0.665680047213832	0.742919970275575	-0.206114145754325	-0.355137315163729	-1.0741366320858	-1.0843629439327	0.0209353973143855	0.158661763465233	0.404753302018102	-0.0899596378512006	0.642965289479951	0.173794905020661
XLOC_021380	-0.3416202733482	-0.224494696223269	-0.270759179892329	0.533730537328536	0.371268999997335	0.332935117812671	-0.787312947217545	-0.381171116339795	-0.537258360533709	0.620777845203781	0.542625788972655	0.14127828423986
XLOC_021417	-0.193057172134166	-0.325489674398113	-0.238114326080071	0.388610633563541	0.257200497989377	-0.133110036833342	-0.507767489851614	-0.929141399607448	-0.365993189375219	0.873178945060152	0.673073374002987	0.500609837663921
XLOC_021418	-0.117314522012433	0.0220158758641471	-0.886238645294837	0.319577254156318	0.62773998908535	0.573258521075343	-0.465238164793227	-0.458921320393491	-0.994532974572333	0.213894282744445	0.725578766385278	0.440180937755433
XLOC_021419	0.192600208493841	-0.229400970169527	0.179728088206367	-0.479857808144944	-0.497064505320425	-0.429265152168563	1.01702420601961	1.1849308042097	1.11641110802779	-0.462810666788798	-0.486530986498305	-1.10576432586674
XLOC_021439	-1.12324461588339	-0.305963485849658	-0.121185409672272	-0.21269505736395	0.415906758658098	-0.113969482215881	-0.0763190264000695	0.0469063008852153	0.184716990730204	0.277485511526928	0.443263173011838	0.585098342572929
XLOC_021450	-0.350514801486338	0.842103973740505	-1.25660244753913	0.432826411044886	0.220224616108832	-0.396431145550371	-0.865045600905627	0.428058336838892	-2.21939742872133	0.825709726432135	1.55402355390516	0.785044806132389
XLOC_021452	0.221544559951277	0.256838905495267	-1.81106136442588	1.11885118634219	1.11839540099119	0.297535113651024	-1.21521376660175	-0.25474200575273	-1.49318093896459	0.054064825639089	1.54858666079339	0.158381422881509
XLOC_021460	0.966926379266651	1.07061995071713	0.157763520980158	-0.710664407197922	-0.0171096393846684	-0.77342988954131	-1.45839978926337	0.509048763251137	-1.70199583786686	0.0899614124547377	1.26994940817811	0.597330128406211
XLOC_021467	0.489193893571036	-0.104472180431534	0.162529274647466	0.886125268624752	0.554390040718588	0.310441666549401	-0.340861175421315	-0.0265730388320673	-0.503493476746452	-0.867764091528402	-0.289550456245236	-0.269965724906241
XLOC_021470	-0.613599482114183	-0.37527606351049	-0.622722750502157	0.354658101163587	-1.17299584467851	0.595131256417662	-0.508061354583899	0.285347117552835	0.29373519368125	0.930258219498051	-0.019264518139952	0.85279012521581
XLOC_021471	-1.05408248533626	-1.05408248533626	-1.05408248533626	-1.05408248533626	-1.05408248533626	0.96098927316242	2.81633931395776	-1.05408248533626	-1.05408248533626	-1.05408248533626	1.8543284614349	2.801002834135
XLOC_021504	2.85617427417432	3.79414140453814	3.47057892977974	-2.42112071131811	-2.42112071131811	-0.406048952819432	1.06677576788364	1.05723047414442	0.266751658889732	-2.42112071131811	-2.42112071131811	-2.42112071131811
XLOC_021506	-1.93047499403588	0.0900202623988955	0.0761790585026203	-0.0415966981911211	1.0495133353824	-0.763587907109096	-0.0506421240673207	-1.76321817534526	-0.0121487133996805	1.08671688690837	0.751339575977647	1.50789949297844
XLOC_021522	-0.202003957709011	-0.384613632837358	-0.153634153823161	0.0331360946163537	-0.424253521410319	0.0149770607790414	0.463023461100806	0.971156139655399	0.266746404830554	0.178813188473763	-0.574948989839404	-0.188398093836671
XLOC_021536	-0.684406458305154	0.436422511948967	0.334189647475308	-0.5032928914924	-0.356746390090482	-0.145828486135856	0.105253583775184	0.355057556700015	0.484796830202187	-0.45019781238543	-0.0707664866019257	0.495518394909581
XLOC_021544	-0.459223862462522	0.449436042346993	0.242142116818461	-0.304466784302027	-0.190897529514062	-1.03503204905598	0.670254302959196	0.45972969264574	0.496357828615097	0.163431517044918	-0.190781103806747	-0.30095017128907
XLOC_021553	0.672222840613085	0.622180898686336	0.222877393123085	-0.471499330855455	0.676617382926627	0.403683094560975	-0.789939882339844	-0.651291937751417	-1.39271361778662	0.150307247062536	-0.119990113574516	0.677546025335206
XLOC_021562	0.20267744290403	1.76573997981935	0.0127371138250778	1.27494132752762	3.21620809311908	1.21217584518423	-1.61239114767007	-1.61239114767007	-1.61239114767007	0.377475935970939	-1.61239114767007	-1.61239114767007
XLOC_021567	0.452632644563325	0.238413041425922	0.235937957848872	-0.561802770348233	-0.266784290885102	-0.332677727065738	0.32631003452599	0.359078741468196	0.278527346758077	-0.279736422455253	-0.291149653902076	-0.158748901933984
XLOC_021588	3.04702058481413	1.06703132847898	1.55944201642439	2.42346197274025	0.239837434582467	-1.6637933376956	-1.6637933376956	-1.6637933376956	-1.6637933376956	1.6459666891334	-1.6637933376956	-1.6637933376956
XLOC_021595	0.353422715295789	0.131752844138316	0.315454663214683	0.85408542490546	0.670309800105726	0.536259855799321	-0.695430130646413	-1.41967900028718	-0.363385295918481	-0.166075596342311	-0.186970916597608	-0.029744363667283
XLOC_021610	0.37870554274221	0.430941013140568	0.241242109165356	-0.0972227881538288	0.0158481921998348	-0.0477250147945618	-0.223184386352417	-0.209160574336089	-0.127817873826304	-0.166211058407239	-0.306654591594249	0.111239430216697
XLOC_021622	-0.249848073646927	0.258145806911332	-0.745558589608394	1.17481158081684	0.849115410612933	0.883206665246851	-0.26632720570035	-0.914277576318766	-1.00068677853961	-0.0176665841254762	0.280172738711764	-0.251087394360192
XLOC_021633	1.40268427812362	-0.535463857262087	0.648772085833669	-0.752281352975389	-1.33318363843011	-0.519853321805546	-0.235973678265318	0.125159323801237	-0.0293263970907782	-0.0921464667216645	0.784963409280638	0.536649615511738
XLOC_021634	0.166402045405682	0.327179214619329	-0.0617702971158263	-0.478936166104902	-0.150790369160656	-0.550411023438948	0.510889963661917	0.225767456789237	0.000198879089963633	-0.217764361520719	0.532105460509616	-0.302870802734676
XLOC_021658	0.841069173011469	0.825357987167067	0.758410167479017	-0.6991319671746	-0.642767985380763	-0.312309720009557	0.389224341460203	0.680972640524585	0.0598272323522018	-0.457335842837191	-0.389392384540329	-1.0539236420521
XLOC_021659	-1.08743854541285	-0.553476319164447	-0.593867423135034	1.46546491115428	0.526460527148743	1.71104283789903	0.078185579690234	-0.83703498352155	0.115534938027293	0.0741913411688149	-0.197464773793909	-0.701598090060617
XLOC_021665	0.614786690457045	0.343398137227	0.239175026749214	-0.0803395654953185	0.0588629635578677	-0.135884605968599	-0.369844627187687	-0.34726734747704	-0.262280525655028	-0.0871964178455968	0.0430915465209196	-0.016501274882776
XLOC_021667	-1.37598329391938	0.446178059358157	0.384955679435765	-0.52834090150466	0.0603389498274538	-0.711928757942776	0.273170969397815	-0.139123320106081	-0.297267736417401	-0.253731946709272	0.861728846536022	1.28000345204436
XLOC_021673	-0.540140302957063	-0.583816467881009	-0.253600317520908	0.300081971179223	0.49493540823171	0.635069289785495	-0.298365622632086	0.127139692273435	-0.341750521519445	0.142138233174208	0.204958402481399	0.113350235385024
XLOC_021679	-0.0812587834927729	-0.532317794543582	-0.425367288852993	0.618394496313327	0.368139852783708	0.934991653512521	-0.443692266130952	-0.0424052501434993	-0.203332605646954	-0.190813680861041	0.120901278307105	-0.12323961124487
XLOC_021688	0.664241722730045	0.656939259172061	0.359799240121151	-0.368607702737034	-0.136229642867388	-0.19666891033593	0.036828202734883	0.0958842914934248	-0.597051768142348	0.041580795007409	-0.404947892617214	-0.151767594559066
XLOC_021700	-0.0302571128067477	0.218039213973292	-0.229580735634347	0.292483350323534	0.345136748069104	0.763344965481396	-0.384963781874633	-0.0879087570545423	-0.293935281991539	-0.509135440751316	0.231315588714565	-0.31453875644878
XLOC_021717	-0.34491568859109	-0.352188340426009	-0.39473408372042	0.132349795207891	0.589305418619169	0.566174519323997	-0.900394559800561	-0.516915677703738	-0.612505438885106	0.40545218725384	0.65248930769947	0.775882561022553
XLOC_021727	-0.963772517110034	-0.589690424584448	-0.197300374869431	0.971024487343596	1.46590583898293	0.936964288955785	-1.62571880863018	-1.26458580656363	-0.365538842588229	0.903665709829085	0.562495390210686	0.166551059023873
XLOC_021732	0.529368920991895	0.380411839381652	0.753218979664641	-0.163887469705471	0.191197804032848	-0.451972382590095	-0.696468094535045	-0.303103943087215	-0.607910242208758	-0.739841980546747	0.215588174891372	0.893398393710918
XLOC_021740	0.131712588237818	-0.363094356900006	-0.139970389196589	0.560241016757908	0.378594079746842	0.667686607761986	-0.700046815161337	-0.347851550482106	-0.920143935752054	0.597455534299815	0.0553652019627142	0.0800520187250076
XLOC_021742	0.323654388492016	0.0570688856312609	0.388702406033054	0.333153352779907	-0.721648578355826	-0.296165994425094	0.231289854333597	0.371102771187064	-0.202574071704785	-0.076354474142863	-0.141960106969708	-0.266268432858632
XLOC_021746	0.75529826296344	0.144447997847479	0.21806303938801	-0.228639819844239	-0.0425286626624723	-0.647084176519639	-0.220980306461157	-0.858035849805646	-0.174275923161581	0.927092980744232	0.661772209132881	-0.53512975162131
XLOC_021764	0.0157737577396482	-0.132567918632876	-0.173054103285711	-0.023283114703462	0.0643175036112673	0.214089923665826	0.327172853661576	0.633008416289375	0.382817152361367	-0.537251333062349	-0.303167030583269	-0.467856107061371
XLOC_021779	-1.03965928396389	-1.03965928396389	1.81913674174706	-1.03965928396389	-1.03965928396389	-1.03965928396389	-1.03965928396389	-1.03965928396389	0.856341760564861	3.40686519694397	2.23493057245522	-1.03965928396389
XLOC_021785	2.52054491688928	2.51363214414373	2.47324104017315	-1.4895749462237	-1.4895749462237	-1.4895749462237	-1.4895749462237	0.849015424332247	0.406426098305049	-1.4895749462237	0.174590053498759	-1.4895749462237
XLOC_021787	0.350370273254687	0.714469058733231	0.0264630997319131	0.452978681515317	0.415086969054347	0.915116524124218	-1.5321676203661	-0.730324587065113	-0.886108092821311	-0.508358418642098	0.519467577000576	0.263006535480328
XLOC_021789	-0.871738916176751	-0.565660738013815	-0.473329002518907	0.768535053051846	0.877228061803795	0.0301479164492768	-0.841308958845374	-1.18074673053789	-0.535654725997341	0.880659431256294	1.00040275283433	0.911465856694536
XLOC_021790	0.791968975216912	1.06037170174034	0.941410623428759	0.059736698706244	0.315792738999282	0.31384176684234	-2.23458590524012	-2.17675525233573	-2.10342931735457	1.04544689472819	0.862798903719212	1.12340217154915
XLOC_021791	1.77999273482471	1.75656170641085	0.877835308583488	-0.251571805850847	-4.03796140050498	-0.0191437746810035	0.134523582521969	0.229675349032472	-0.466621107649117	0.408563080402878	-0.228977592056704	-0.182876081033715
XLOC_021800	-0.318336303413483	-0.160717188488892	0.201759437150514	0.422782352737581	0.998034693061729	0.5180770779779	0.0451913704697207	-1.17593421865109	-0.464435353726103	0.0257615090781389	0.386442162857401	-0.47862553905342
XLOC_021854	-0.35723634846693	-0.701606097934534	-0.446758006325148	0.582100581467768	0.799243991433229	0.584556291223598	-0.702802915826441	-0.991688164745815	-0.476895951624461	0.656814954482114	0.545148223302731	0.509123443013885
XLOC_021859	-0.39813130679962	0.170599756126274	0.416797757719748	-0.633127218847982	-0.49633617469291	-0.349132987095737	1.18162753830699	-0.198993187092072	1.11116389244526	-0.737135594355896	0.115198314784063	-0.182530790498101
XLOC_021870	-1.06814157105568	-1.06814157105568	-1.06814157105568	2.33764889831049	3.05694842801424	-1.06814157105568	-1.06814157105568	0.530718518326025	-1.06814157105568	2.61981672379467	-1.06814157105568	-1.06814157105568
XLOC_021873	-0.18678419218945	-0.105718336844473	-0.0521298824675949	-0.450994537194246	-0.384913924882202	-0.111406425941532	0.406395181999492	0.177045382032	0.406977259272685	0.375739292527722	-0.300141224046223	0.225931407733804
XLOC_021884	-0.616295411430901	-0.261351938895758	-0.160798994205223	0.541460414236854	-0.212273913556089	-0.00135600960146309	0.759163790633346	-0.06383613995225	0.397118535737288	0.295645419646688	-0.253875835340819	-0.423599917271682
XLOC_021890	0.364143138471523	0.574851543629284	0.0174673929044618	0.535786576476688	-0.487749669807754	0.780495959059174	-0.265283347676789	-0.39505730906902	-1.59863534770287	-0.0956395801143204	0.302061883414991	0.267558760414626
XLOC_021898	-0.122006494267724	-0.305480524926189	-0.196909142230739	0.454806675077705	0.23624063530074	0.313534252252422	0.0839692817592024	-0.00623087692334146	-0.0202405085320692	-0.203735315925124	-0.0643426894719017	-0.169605292112983
XLOC_021925	0.036594075478356	-1.29608871954196	-1.81542382132042	1.19839111608131	0.521132035219161	0.960148960521658	-0.141801745535341	-0.0103895756006169	0.510991012813802	-0.986261552181029	0.393571122028568	0.629137092036511
XLOC_021928	-2.66529845942031	-1.090116163066	-2.76321973839794	0.616982133288515	1.39119526896013	0.566774718256929	-0.992691707770945	-0.938875732059531	-0.119747845545948	1.97388943383993	2.0177745642933	2.00333352762189
XLOC_021957	-0.802602128964195	0.150901160948552	0.24609449917343	-0.848898534500631	-0.039422601256085	-0.468806899260341	0.0102640493860191	0.207410649789758	0.188832422798244	0.670310027316958	0.527453028363737	0.158464326204548
XLOC_021986	-0.190286938092243	-0.319999033359661	0.136282717044835	0.991791089142191	0.200937283497428	0.8189940878047	-1.14402740773521	-0.89453125836971	-0.380442265947895	0.316810276691341	0.333153682184269	0.13131776713996
XLOC_022000	0.651443631569092	0.620838302358217	0.353054070303894	0.161257074080898	0.255117447775172	0.404475525230493	-0.427426489128109	-0.103116592774544	-0.118539193362705	-0.824237509425675	-0.518291163109096	-0.454575103517641
XLOC_022010	0.0216522267972756	-0.190475676849095	-0.164021368034273	0.394407592842159	0.161577471505144	0.313259009361595	0.0290776960704857	-0.0345903666776088	-0.220079291872853	-0.254617268243706	0.0892416223344057	-0.145431647233526
XLOC_022043	0.12680307927857	-0.341631168498497	-0.073084019563022	0.203497201006129	0.553764321570527	0.322587646209112	-1.02303153602418	-0.507799361343078	-0.729218956338714	0.155114622077906	0.518216801203562	0.794781370421702
XLOC_022045	-0.368082636707428	-0.753242058912512	-0.210624309995072	0.190371071465297	0.511673804515476	0.118009558636392	-0.314909414436123	-0.378255272526505	-0.325338524082675	0.666387641108805	0.324940054081681	0.539070086852667
XLOC_022053	0.241303732368596	-0.337935551367871	0.754502572333352	1.71131682635757	0.667305104034035	1.38189555619943	-1.55021751355672	-1.33609410795554	-0.965092264633141	-0.851534109926106	-0.144698954820275	0.429248710966672
XLOC_022060	0.115830831064663	-0.301512285927674	-0.230954303664906	-0.388329675980902	-0.0537567138241979	0.047824462502148	-0.55828133362168	-0.0163087109182918	-0.759688151720621	0.933007376831068	0.69185257563787	0.520315929622531
XLOC_022062	0.181229984722215	0.491180146755709	0.985644864617488	-1.02698398598941	-1.2408159892021	-0.653180792562273	-0.104978974602008	0.32645280947798	0.167766521392024	0.00795511044789343	0.23784032605934	0.627889978883144
XLOC_022064	-0.0366830689667479	-0.127796805596359	1.19541824884612	-0.618595457888093	1.32267130770337	0.761013582320999	-0.255575060741327	-0.0275767476232485	-1.60992688855703	-0.710159314163768	0.853290702652192	-0.74608049798611
XLOC_022097	0.500256309694447	0.216905655991804	0.605381651424138	-0.515014890642147	-0.2352072372876	-0.837942082022196	0.508634919564645	0.819178324173774	0.917734546645975	-0.620327450438987	-0.937414256834512	-0.422185490269344
XLOC_022099	0.344295179334576	0.229425912607125	0.146896681397696	-0.499634819543436	-0.372502403382867	-0.180300152390224	0.503985094711874	0.522393691028979	0.864551060989283	-0.768392221019544	-0.442756105371789	-0.347961918361666
XLOC_022115	0.529862030613629	0.639529821276387	0.479482356029338	-0.573162244524844	-1.07338627360204	-1.37099367019012	0.503104271820142	0.524282781556924	0.553706507545522	-0.213909586583345	0.005384827748248	-0.00390082168983064
XLOC_022121	-0.7280364450638	-0.7280364450638	1.64195549968276	-0.7280364450638	-0.7280364450638	-0.7280364450638	-0.7280364450638	-0.7280364450638	1.16796459946495	-0.7280364450638	-0.7280364450638	3.7424079064265
XLOC_022122	-2.00687510721911	-2.00687510721911	-2.00687510721911	0.0633443783299206	0.689800135143467	0.817691885635189	0.132721985913134	0.331715263336839	0.680997262988735	2.62399964348159	0.409590281459211	0.270764485369247
XLOC_022136	0.525992980422848	0.229575882529095	0.129761419564661	0.162084828639801	0.375367348132318	-0.248033433415039	0.394531450584725	0.337840474333031	0.810269237371847	-1.66701958703334	-0.850801365623504	-0.199569235506435
XLOC_022151	-0.127915313122284	-0.246972749986225	0.920576515881055	-0.656250312681844	-0.242995048588623	-0.725886774153351	0.545034135491605	0.430607581392317	0.588282374619253	0.482699411895561	-0.233148975260947	-0.734030845486512
XLOC_022152	-0.586103567589701	-0.0621413318071555	-0.061760276257484	-0.101766824431913	0.22851497116096	0.164072235656493	-0.778331382876222	-1.19620849081027	-0.838496803266376	1.10072508345563	0.999192467792453	1.13230391897359
XLOC_022155	0.162216100252856	-0.292996451168012	-0.388585854121258	0.203596102180647	0.317222773793004	0.407139322099013	-1.08739525661582	-0.61728947913681	-0.969871864058991	0.748446207412378	0.737861182376234	0.779657216986768
XLOC_022178	0.249876837704656	0.181619782523694	0.244514247213003	1.97229603757463	1.81968537843742	1.5683102868232	-1.46022077266328	-1.2733537491378	-1.46193660726727	-0.217834262500233	-0.39261084144696	-1.23034633726107
XLOC_022179	0.894926259315604	0.897565289896155	0.589905595924204	1.22762108852175	1.13643716166344	1.08433701221856	-0.195585054270641	-0.288100527170867	-0.231249325768573	-1.82171309581224	-1.40978426238608	-1.88436014213134
XLOC_022187	1.39123590224679	1.43955145225997	1.34092445530172	-0.0875168467424254	-0.308053384427729	0.194706936609773	-1.02988211897202	-0.736542506035016	-1.49009742651707	-0.333331841332592	0.0782539589975073	-0.459248581388904
XLOC_022230	0.0573835370724085	-0.344437732843613	-0.993609490931644	0.536638228317021	1.36460825967196	-0.788572396890144	-0.815740508222864	0.641952812579881	-0.392269118313161	0.905514610425724	-0.00336320832966663	-0.168104992535909
XLOC_022245	-0.842918352174161	3.16028873819327	0.782209909320984	1.22730113337487	-0.842918352174161	-0.842918352174161	-0.842918352174161	-0.842918352174161	-0.842918352174161	-0.842918352174161	1.57354703650416	-0.842918352174161
XLOC_022257	-2.26290647430126	-1.97645298194187	-2.63076395809221	1.04590711160444	1.44933271045975	0.838764983264785	0.165223979236456	-0.736225492864974	0.178510365353308	1.29137914176944	1.42518860789953	1.21204200761262
XLOC_022258	0.682405825200095	0.795201936671149	0.475038327781595	-0.00948829210831015	-0.286048761930428	0.0474189456504215	-0.15426046997506	0.219003686975032	-0.0397759471433536	-0.518291852288989	-0.107605301854439	-1.10359809697772
XLOC_022269	-0.377153102175686	0.170591842682018	0.528523743799804	-1.49994049009098	0.132036286540161	-2.37220120678998	0.878401943441591	0.387645366201046	0.68576697273154	0.407040801222383	0.856017960004982	0.203269882433124
XLOC_022274	0.0470547330553108	-0.277420246703998	-0.538173732696119	0.799482754893254	0.167786798701019	1.01785737234168	-0.417045212991888	-0.636577141969226	-0.648646071160082	0.657708475486887	-0.314984951445907	0.142957222489065
XLOC_022285	0.529962600999886	-0.816827369366523	0.14616840800859	1.35691281561868	0.393918280904683	0.228440554313179	-0.405335559101442	-1.24625414212297	-1.74680858967662	1.07564996906078	0.72352698044442	-0.239353949082647
XLOC_022287	0.0900174510566214	-1.72505113951748	1.78887909414073	1.16228133568021	1.85583610349347	-1.72505113951748	-1.72505113951748	-1.72505113951748	-1.72505113951748	0.26481594412353	2.91083731602194	0.552588453070881
XLOC_022292	-1.35450242336946	-0.444062640568498	-0.76912215832742	1.1323486235752	1.42684879192914	0.488085580368701	-0.525791446184343	-1.11930508252993	0.106940457153603	0.569660256689208	-0.0854875443206513	0.574387585584441
XLOC_022303	0.240554122027715	0.0978385454359749	-0.0780995178437855	0.239913347836275	0.289748869331525	0.511253640419852	-0.343076408561751	-0.270190780581606	-0.663244981448867	-0.126813067167152	0.223720854004699	-0.121604623452886
XLOC_022310	0.398575761444129	-0.0782346931859346	0.0991910494752863	-0.974920228716623	-0.527705973834975	-0.0149714596141015	1.46041153743284	1.16600109969678	0.64611709956155	-0.412927421164941	-1.34612077513954	-0.415415995954475
XLOC_022313	0.301976627388028	-1.93184226732174	1.06844876962863	0.0704743215451851	-0.784167628221164	0.000454580701321206	2.11875297177364	2.04442992941483	1.32832135583121	-1.86689831457431	-1.09627862281346	-1.25367172335215
XLOC_022342	0.129423265253203	0.0338266172184767	-0.176621406565536	0.462236696234562	0.347446067101957	0.361939337860365	-0.836977949688746	-0.757458749079092	-0.728014383026039	0.406485545744109	0.466226616540418	0.291488342406318
XLOC_022347	0.0293645026335101	0.150885083257172	-1.82396002710102	0.825415581891667	0.890944895684049	0.587173426332019	0.0128853705800873	-1.32754695521068	-1.17840707022036	0.639979227651355	0.740249427254963	0.453016537247241
XLOC_022383	-0.135895176036046	-1.22623202318158	-0.499322256374488	-0.539942714344807	0.269580160959024	0.381641274922537	0.308487135369918	0.179780518024311	0.202896181937117	0.742600982167713	0.0227236823473458	0.293682234208944
XLOC_022390	-0.293284364528969	0.366348684822388	0.653229144848304	-0.301644263722824	0.00126814127887886	0.0934710205954028	0.629332351207857	0.38547823951873	0.895797118267619	-1.23314702715329	-0.850620869925346	-0.346228175208741
XLOC_022392	0.967420747317331	0.803556498808736	0.582269854924062	-0.295385135492721	-0.833371627249006	-0.147283965318106	0.595458339789916	0.832973159990681	0.579987405964312	-0.779126639067357	-0.848955686793976	-1.45754295287386
XLOC_022401	-0.278130025242329	0.605091479708863	0.29527131136827	0.855005630240524	0.22593407618404	0.231487101358752	-0.741521615195829	-0.340547753171628	-0.35691988315441	-0.851900141566723	-0.246475384775133	0.602705204245606
XLOC_022409	0.105429551110351	0.161527364394351	0.456830950073525	0.489576312356096	0.930646403869323	0.685159232475319	-0.96076792080733	-0.596120799358167	-0.726061920168728	-0.778608226629636	0.236355232765255	-0.0039661800803561
XLOC_022415	0.0843563116984942	0.0861556170224436	0.289138255461223	0.240741585462153	0.346318290730029	0.482714561803411	-0.71761396540518	-0.113919935629653	-0.0606472219324541	-0.495774200768514	0.0486496307912478	-0.190118929233186
XLOC_022417	0.101397062502919	-0.16647415880289	-0.0835370911050823	0.647033092495906	0.783025909459836	0.736996558745911	-0.910998795795901	-0.391447970592829	-0.536845040619783	-0.0864993457538628	0.0317620631362505	-0.124412283670491
XLOC_022451	0.232610494365534	0.0449913396903403	-0.232404865332037	0.443122083598175	0.730949737326255	0.152696574334732	-1.01349137871889	-0.984530096510245	-1.13901581740226	0.642065963268715	0.943339281693913	0.179666683685761
XLOC_022470	-0.139708582825918	0.589373881702249	-0.21841763152765	1.22279548684456	0.439232113826301	1.36656902709093	-0.446175533706554	-0.0384425640725139	-0.0298635799924627	-1.26089245469707	-0.823976236337827	-0.660493926304037
XLOC_022498	0.484367643711352	0.715198122338009	0.178349781962043	-0.235208924748344	-0.611449772325993	-0.641338608800798	0.480645081290894	0.754962223167977	-0.256636539332395	-0.0685775869754819	0.0808599424001937	-0.881171362687455
XLOC_022499	1.76521371332995	0.882299077746741	0.99289919690789	-0.435930258610658	-0.13761115585898	-1.31414541228554	0.913838210922264	0.415363525522999	0.144355113520588	-1.09784490329799	-1.13490880184169	-0.993528306055573
XLOC_022522	0.982017790252081	0.375833534117508	0.963836631008788	-0.171457205591441	-0.25546524937254	0.129986828928332	-0.805526385206075	-0.681412127118532	-1.00839466643243	0.479500504468261	0.262083546010246	-0.271003201064218
XLOC_022523	0.436632263418092	0.582150532201553	0.762724547255698	0.198512787512396	0.177446721097944	-0.284856683924869	-0.974410830164913	-1.11967491773038	-0.307559859430898	0.162771984502134	0.222670454719491	0.143593000543754
XLOC_022528	-0.332441394633917	-0.590444805584896	-0.761559929257577	-0.0326359548543378	-0.168658745800972	0.119403602039449	-1.07460170080506	-0.776631458284261	-0.960091586653564	1.04439390748322	2.1069415037687	1.42632656258321
XLOC_022529	-0.209918010264244	-0.648972088941512	-0.874255429853848	0.411519247356508	0.220717781741155	0.323069268229021	-0.849198249138198	-0.964045038138329	-1.07269823247771	0.629507316791881	1.88296985428203	1.15130358041323
XLOC_022530	0.0868769472646154	-1.71540780672083	-0.280980536526336	1.12734589537976	0.968166792387961	0.540829873342783	-1.6056424550085	-0.318620602720541	-3.1975378896815	1.35252067589759	1.56163946665537	1.48080963972963
XLOC_022531	0.294640377142185	-1.94444927538387	0.979117264468762	1.82966120089307	-3.47024329462156	-0.130247892301359	-0.504403752050869	-1.13165292406561	-1.57424225009281	1.47086490506066	2.57587837243169	1.6050772685197
XLOC_022536	0.253377712644504	-0.0434693084547018	-0.212719902929226	-0.0640442171528832	-0.347856623480302	-0.240438572366356	0.0689404128494822	0.427291401731086	-0.0354509568612631	0.0402904328911795	0.0919071605655191	0.0621724605629765
XLOC_022538	-1.185210369329	0.0926102463144209	0.339516221963629	-0.137479394311798	0.382028744264671	-0.370972685199183	0.0973422104166435	-1.57413623451438	0.0676756511770984	1.04828148472036	0.297713064921066	0.942631059576462
XLOC_022550	-1.36689294835922	-0.550799270026421	-0.291055324260756	0.0137755806702273	0.91223312417609	-0.276649928593216	0.0334912516383827	-0.329380307236437	0.19302194982906	0.595399159876913	0.304847663971332	0.762009048314048
XLOC_022554	0.466722511951841	-0.0401238628254541	0.279490300784004	0.658425425430115	-0.006026799645511	0.974418308145149	-0.520854304301249	0.554659300353367	-1.13490164345793	-1.2125235765495	0.253060177717267	-0.272345837602099
XLOC_022555	0.597333195553107	-0.230226952247186	0.0469455253952757	0.60006663097184	0.0950925977606687	0.290695703255308	-0.572678470230796	0.276217931570743	-0.436339852443298	-0.244408660482446	0.0541191357540844	-0.476816784857294
XLOC_022605	0.456889275171	0.217393397793528	0.198139991124669	1.84588518155043	1.62736993547664	0.717412920244936	-0.457812114750958	-1.12050856515314	-0.749506721830737	0.0416164353588004	-0.379320283269847	-2.39755945171533
XLOC_022616	0.900092844563023	0.962506078040841	0.829564615443806	0.0227906745994737	-0.940203860114521	0.440811521844631	-0.113656834474757	0.182393641375729	-0.817406424722155	-0.827694901221458	0.229162466186591	-0.868359821521203
XLOC_022632	-0.298420746495876	0.385177145860105	0.274225047626541	-2.25439797978474	-0.45950448423145	-1.12291282915845	1.1370686997514	0.809466287296975	1.40580227121602	0.16701091839355	-0.273784164408703	0.230269833934631
XLOC_022635	1.69457487074623	1.60884992845866	1.36571241775346	-1.62551962806289	-1.06612022309384	-1.26972131743766	0.71410074440667	1.17332633860225	0.673646860721698	-1.49301594976841	-0.923843331712103	-0.85199071061408
XLOC_022636	1.40412635803375	1.10274922260865	1.35447077337846	-1.13143839835323	-0.956341624708449	-1.71266187486509	1.16587030069269	0.974964531439682	1.02564836768677	-2.54736178407838	-0.178010231981418	-0.502015639853434
XLOC_022648	0.0297516457809799	0.448145107649477	-0.168517710912571	-0.609079059454048	-0.353808302197302	-0.546312563892272	0.0962523201074923	-0.206677289317775	0.398188211293398	0.264176663014709	0.016165014794316	0.631715963133609
XLOC_022655	0.235978430712293	0.80712725845949	0.0152745257473663	0.117141781030615	-0.486838518923944	-0.528474830631425	0.714845102837097	0.760503919232522	0.840647479261072	-0.900004610064155	-0.502303146534843	-1.07389739112609
XLOC_022667	0.431319647616627	0.371975050301996	0.351747099776637	0.0235465748534374	0.188941992846893	0.411008099134357	-0.87260510736244	-0.530003137364304	-0.599859611368408	0.304330414032118	-0.0368399055862811	-0.0435611168806247
XLOC_022692	4.16559279434454	-0.677716914142013	0.947411347353132	-0.677716914142013	-0.677716914142013	-0.677716914142013	-0.677716914142013	-0.677716914142013	-0.677716914142013	-0.677716914142013	0.986448085580447	-0.677716914142013
XLOC_022711	0.392916378322662	0.103641806986252	-1.42215221225143	-1.42215221225143	3.26007375849954	1.40241478060286	-1.42215221225143	-1.42215221225143	-1.42215221225143	1.88760781457757	1.48625873451972	-1.42215221225143
XLOC_022731	-0.889954865293268	-0.0230179016539758	-0.0205541596377756	0.133898995231682	0.097819713477822	-0.0611561187002234	0.136023142755622	-0.0110867188639698	0.138005271777285	0.208020517061653	0.0435927728782506	0.248409350966899
XLOC_022732	-0.625202499529133	-0.431641786193081	0.189937257714196	-0.657584430476784	-0.506410501133121	-0.594817934915008	0.219768410514743	-0.0666796050145315	0.803171031132543	0.642428911375171	0.479874417585289	0.547156728939718
XLOC_022746	0.968392478175041	0.917005370574285	0.893083704427496	-1.00634737272465	-1.22598669690556	-1.50711328414556	0.756179147947485	0.776481826945997	0.414400323445882	-0.358000420261533	-0.216132301538149	-0.411962775940732
XLOC_022756	-1.40762320265602	0.843007242672425	0.217505058839123	-1.40762320265602	-1.40762320265602	-1.40762320265602	0.0270433636373977	0.191236886725682	-1.40762320265602	2.28033509219433	2.60897197927882	0.870016389932335
XLOC_022757	0.417000883361094	0.14110399092476	0.243253395545371	-0.066747828470584	-0.287284366155887	-0.381251574074168	0.342100728400174	-0.10867820947303	0.450612730951314	0.407856522677707	-0.453108748568797	-0.704857525117933
XLOC_022761	1.84737803586288	0.628763617072293	-1.62186682825615	0.448352657292877	0.281763944021918	3.35174758203943	-1.62186682825615	-0.0230067388744508	1.57433504386582	-1.62186682825615	-1.62186682825615	-1.62186682825615
XLOC_022773	1.15645356023742	0.292232513170195	0.807640450031073	-0.667977939419638	-0.101670484297529	-0.922530771637691	0.812958330518308	1.41390858368542	0.650326029193171	-3.41125211082014	0.139757754706821	-0.169845915367414
XLOC_022774	0.00762900223344865	0.159072540340634	-0.295509785308485	-0.440616424010161	-0.035929487092484	-0.0147157005821592	0.554255479209517	0.171473953441654	0.20980248142448	0.245403789333179	-0.42546437927592	-0.135401469713704
XLOC_022791	0.36822233568794	0.212485994312263	0.273340503556478	-0.216124511390549	0.0307033950454221	-0.22475823266357	-0.245103970037406	0.322418761979097	-0.774705108181443	0.192784145298069	-0.21382584140279	0.274562527796498
XLOC_022843	-0.85930361782391	-0.348218446570892	-0.349248345868302	0.0326882807372311	0.376587255725651	-0.425174289697708	0.0175286820681126	-0.225353849944837	0.411157565541558	0.244081103270466	0.436423817227967	0.688831845334656
XLOC_022872	-0.53969557089978	-0.382076455975189	-0.316896098320942	0.0127235787393571	0.557366594814078	0.44613246783377	-0.519857046090217	0.0706070328128812	0.0585381036220252	0.730240754360408	-0.747763938477999	0.63068057758162
XLOC_022890	-1.57981410280412	-1.57981410280412	-1.57981410280412	-1.57981410280412	0.323816669473948	2.68712741260266	-0.145147536510704	0.0190459865775794	-1.57981410280412	1.21595451611789	2.6182401334637	1.18003333229555
XLOC_022897	0.0844079422057717	-0.363486071954959	-1.08801153259401	0.643966731691787	0.632667335836955	1.02183128758776	-0.8363686281699	-0.92346633692281	-0.369729664686011	-0.0807132551458318	0.693134544324223	0.585767647827022
XLOC_022898	0.00875040783324454	0.0714636153679624	-0.604978940988745	-0.642034277629841	-0.515348133990513	-0.10952451676207	0.165999853830096	0.219422278143373	0.440668415856517	0.19147441072688	0.400367363721661	0.373739523891436
XLOC_022908	0.377509896181376	0.397064431977343	0.295724542024308	-0.403425061012404	-0.215549369000776	-0.521186149088825	-0.112895156928611	-0.185311692064419	-0.037992025997255	0.263562596010187	-0.146862541622491	0.289360529521565
XLOC_022909	-1.23141084305779	-0.748943721131286	-0.23538903772526	0.343242876013075	0.575581893175097	0.76491551927028	-0.489688307567524	-0.975835326047466	-0.00394682861359286	0.309117781505961	0.762549733812613	0.929806260365896
XLOC_022910	-0.553757953334395	-0.279638914267821	-1.01165464832061	0.769485211189625	0.624913851745509	0.60506722122418	-0.642451742465401	-0.202375469306569	-0.495959297594762	0.379369391257011	0.682963080098903	0.124039269774327
XLOC_022956	0.381196611337234	0.28971607478914	0.193802537941581	-0.228323676956173	0.0301159525757786	-0.480454662605267	-0.469298803882626	-0.244840690541687	-0.319819897766325	0.161190196858424	0.424960384887159	0.261755973362753
XLOC_022983	0.0033650852319429	-0.180329685555138	-0.109004618076955	0.390798394176143	0.198713726876624	0.370749325284084	-0.0557619840623573	0.231788166198404	0.110251730812502	-0.527419930364838	-0.230602514224936	-0.202547696295474
XLOC_023008	-0.216215826200825	-0.251065340838551	0.183343939096465	-0.19306627480217	-0.250223325856716	0.238117703831117	0.418145220565201	0.697250454105518	0.340536067696496	-0.251415049014616	-0.194947548089413	-0.520460020492504
XLOC_023013	0.237659368817277	0.540224868891375	-0.0225873026989039	-0.240008582409126	0.868087989405553	0.499445729989671	0.657218192848933	-1.13883707508349	-1.13106202072301	0.119260588062874	-1.05267403642587	0.663272279324708
XLOC_023017	0.122905410891974	-1.69216317968212	-1.69216317968212	2.39509213075373	1.00451206268045	1.13240381317218	-1.69216317968212	-1.69216317968212	-1.69216317968212	1.10360543923989	2.11682062876615	0.585476412906233
XLOC_023022	-0.547462405366873	0.354483706805125	0.618730036095823	-2.22505319183145	-0.776762577670222	-1.39341833932943	0.493152980077554	0.635940896603381	0.997084578738532	0.489075065664763	0.0458222732997537	1.30840697691303
XLOC_023040	-0.122592137757101	0.00897898477649584	0.172080343832999	-0.304885357887791	0.3047356298732	0.169521630661984	0.099536417526144	0.34591504710488	0.294324176919472	-0.589907452004061	-0.0616506570166173	-0.316056626029606
XLOC_023043	-0.131337741031798	-0.361019262830585	-0.225481247639747	0.314898791871018	0.312963887142187	0.320616677184807	0.0695851065378594	0.516996670235047	0.224406384269749	-0.402054206135528	-0.0905277009514105	-0.549047358651617
XLOC_023051	-0.0943215556740062	-0.308864010141108	0.193797092770513	0.651159273445433	0.213337521170164	0.892721847309561	-0.322103046232006	-0.382270038128667	-0.248959124287603	-0.149705355389726	0.12600478134875	-0.570797386191298
XLOC_023061	0.458887392050979	0.0657396383622073	0.0518984344659321	0.545611723915948	0.680950054557222	0.199810826367868	-1.16467043066077	0.0132354331747138	-0.945445564782845	-0.375143209372586	0.369594188084284	0.099531513837051
XLOC_023065	1.51173788126929	2.97261330997121	-1.58525149799947	-1.58525149799947	-1.58525149799947	-1.58525149799947	-0.150584931706047	-1.58525149799947	1.9860887948564	1.21051712092255	1.9811368126834	-1.58525149799947
XLOC_023087	0.0759303400058453	-0.0723368196887417	-0.17184879147595	0.551851931858952	0.254146291377412	0.476970501718894	-0.750420154085923	-0.113195947423861	-0.122066598024622	-0.107141651254365	0.0163622605971057	-0.0382513636047559
XLOC_023112	-0.106794942635561	0.0432177629915609	0.235640302813076	-0.483509086848708	0.0794451994207321	-0.729980798920755	-0.664961454800988	-0.35067331821174	0.27612389611104	0.533780524570705	0.31417110048976	0.853540815020873
XLOC_023116	-0.265111768835368	0.251387665727189	0.499214780885264	0.552488811373562	0.268719822664041	0.396731123346337	-0.273131000028358	0.0701416644691202	-0.365450781831803	-1.04686501727205	-0.0460832998950194	-0.042042000602927
XLOC_023135	0.649983550975241	1.02649087346698	0.783439022954806	-0.518372162817944	-0.374882032143313	-0.735670664720992	0.748902457373823	0.872628533403345	0.899779870951651	-0.988407430135684	-1.02702736153075	-1.33686465777716
XLOC_023138	1.23969867781975	0.197892901329546	0.427833487802152	-0.973219951006906	-0.634519546591124	-1.04064221796133	1.38670185963132	0.389882991508694	0.626753760806507	-0.313085064753182	-0.743014363726199	-0.564282534859218
XLOC_023152	0.218034725152237	0.349099926263929	0.495661864976102	0.470308378886563	0.418399916529708	0.642247171287667	-0.504929455408322	-0.823323456966169	-0.162413900128652	-1.00033570333733	-0.367507547575132	0.264758080319401
XLOC_023156	1.39226331247785	1.02609859938368	-0.0795978052957624	1.18260640840678	-1.70472606679091	1.63526933552929	-1.70472606679091	-1.70472606679091	-1.70472606679091	-1.70472606679091	2.31186911514393	1.05512136830876
XLOC_023157	-0.411631946306647	-1.00823289115299	-1.07836964721019	1.3999745462135	0.221529676267008	1.42011886973911	0.705168129211637	-0.267522429983015	0.439235954360695	-0.985402062631041	0.444404351251532	-0.879272549759619
XLOC_023162	1.01872009347969	-0.32806987688672	0.0168925189921825	-0.159533872750533	1.13722046927596	0.0728941584193104	-0.458026988202912	-1.60733309684872	0.379797711557172	0.500601013503192	0.252130768863162	-0.825292899401787
XLOC_023179	0.0677828596919783	-0.446578251043575	-1.014246656769	0.838403145272101	0.684528505068186	0.87727782338573	-0.554096954345416	-0.551556134320641	-0.385140761543537	0.395123076152565	0.257931531153381	-0.169428182701777
XLOC_023192	0.640463319592382	0.522486638745111	0.400163572278842	-0.236832969536779	-0.685902760793593	0.360787837294319	-0.044903765243486	0.529809937153134	0.556006859546693	-0.748650361277692	-0.652400594009727	-0.641027713749203
XLOC_023206	-0.00010547197787858	0.569716309516235	0.492708462162586	-0.528895043654035	-0.544923368105093	-1.11475107489636	0.747725075614644	0.708483525964544	0.277491085771766	-0.33999996503712	-0.154015889255039	-0.113433646104252
XLOC_023224	-0.274825304127285	-1.84602066415836	-0.148579329276047	1.80589062304853	-0.166327374196636	0.64700294242793	0.930882585968158	-0.18338786563455	-0.683942313188201	-1.38194759975504	1.26407377214337	0.0371805267481342
XLOC_023237	-0.981394603781761	-0.254949551461439	0.1210246768569	0.205584510722105	0.209463547151338	0.00586033126804519	-0.106542913282791	-0.866163269163616	-0.153313376575365	0.425867963781466	0.514790088852747	0.879772595632355
XLOC_023255	-0.0842738269302696	-0.663513110666737	-0.343023110976601	1.6046107554852	0.0324375557748429	0.742106101584885	-0.457526295270956	-1.00852051059145	-1.79899932584614	0.821869677321994	0.269703497252153	0.885128592863075
XLOC_023263	-0.471017797193106	-0.11923772968793	-0.168380538866817	0.301947799799187	0.512398742965699	0.113512996903067	-0.57017153800739	-0.885772384882019	-0.305928195433179	0.608686082272232	0.465314003016459	0.518648559113775
XLOC_023274	0.0839592615566067	-0.132497132958816	-1.76571227857969	-0.349314628672118	-0.55481698031531	-1.31113723047195	0.594820159414281	0.639214108163459	0.536514124232924	0.658609543184795	0.835621998389612	0.764739056056218
XLOC_023291	0.631046950331154	0.605120506053546	0.693916315510883	0.537629452164253	0.320015451804382	1.10642059391647	-2.36835663516085	-0.567302877176552	-0.470088707820494	-0.992108229047726	0.492604265614482	0.0111029138104541
XLOC_023297	0.879962559908126	0.814768700404123	1.0713540723342	-0.71198739543458	-0.128798265887973	-0.358242140141122	0.0656955421703866	0.119996693560365	0.149192986998161	-1.03156758134258	-0.0985190051400213	-0.771856167429084
XLOC_023306	0.557976871319116	0.227648360190568	0.243655592505084	0.29895195234382	0.145609777709704	0.584840359899064	-0.404451358123831	-0.914459757995006	-0.072406523395899	-0.282199570250109	0.104007855924974	-0.489173560127472
XLOC_023310	-2.62001799532342	0.637312577741438	0.912068939878671	-0.417102879077554	1.24147680460899	-0.271141534715044	-0.51665915112888	-1.05317710316142	-0.427713349668823	0.679017002973912	0.665547160248101	1.17038952762403
XLOC_023318	0.678901780200811	0.317707333300684	0.329664814545922	0.0720388587266951	-0.271210319875517	0.112171887837779	-0.128971337507928	-0.363588081357696	-0.102348361925639	-0.885503204317866	0.125195713605244	0.115940916767502
XLOC_023327	-0.0992331783216409	-0.0864954122317707	0.20452790886484	-0.769786154936329	-0.538875165611611	-0.303024610859996	0.344280749100615	0.390968593311824	0.253430852487786	0.309676675217145	0.288518743587294	0.00601099939184824
XLOC_023332	0.0906298281784723	0.365561752344795	0.741998286377959	-0.23772922164984	-0.140137969888611	-0.539758624166903	0.748436361052228	0.203625874265787	0.40839509764758	-1.31876934265379	-0.416855028226989	0.0946029867193019
XLOC_023333	0.272817437068229	0.265643048766375	-0.423628180531144	0.295426947090427	0.0786663882564236	-0.737536033017422	0.496421561497334	0.79730568705136	0.472840603205903	-0.557953067516344	0.395260974878435	-1.35526536674958
XLOC_023339	0.389996294848888	0.550665931581665	0.574402449109116	-0.443448365142096	-0.661062365501967	-1.13380145283093	-0.514919403974369	0.0372371607614648	0.310217745032425	0.754011148585016	0.221125725303359	-0.0844248677725679
XLOC_023353	0.316646982760964	0.218683697116099	0.621912673795644	-2.98121741452545	-0.715813810715565	-0.224727277239822	-0.519018798578442	0.39514282296867	0.511440335331682	0.865996775301154	1.33111763476581	0.179836379019258
XLOC_023363	-0.57305211971564	-0.365927680638405	-0.552334631979926	-0.0352427217065667	-0.21717595812893	0.0456191538129724	0.554329004241105	-0.169003076094318	0.545403803987486	0.671922125898514	0.0484484607585802	0.0470136395651304
XLOC_023383	0.272340394321333	-0.389199504401169	0.935808678091727	-1.02339806874878	0.00769675496066036	-0.603183646094312	0.565691622692263	0.70856121495192	-0.104350780760629	0.171114976767261	-0.185438216390235	-0.355643425390039
XLOC_023386	0.279594400497869	-0.437492140619656	0.0876863806147155	0.800425183227812	0.317516648166083	0.603170524534573	0.177816311569012	0.0232156851932945	-0.740366869298957	-1.3787577579377	0.219287807823234	0.0479038262297227
XLOC_023389	-0.168874247874676	-0.795053362236043	-0.487250232982689	0.138566808487765	0.233691938620696	0.539710071547292	0.147032397636369	0.413890925934854	0.122345538937445	0.199875387910399	-0.0302608050463462	-0.313674420935074
XLOC_023392	-0.676188732335826	-0.10949843625099	-0.713721793027951	-0.515185823920355	-0.191537018731855	0.0799373271113843	-0.426578127224838	-0.381350732004403	0.239339904821628	0.879268619829563	0.881422605139592	0.934092206594055
XLOC_023417	0.859879270969624	0.556674342651033	0.0725279299197323	0.133006002297921	-0.262050443579301	0.291883826412678	-0.104417361576933	0.470432823279269	0.203315852200084	-1.21206329229737	-0.0520070769920089	-0.957181873284726
XLOC_023420	-0.401080203528841	0.436703742159891	-1.01152904193692	1.173852885259	0.254764931422042	-0.530329665327676	-0.38242858844612	0.0559862357718313	0.455396111313964	-0.182366772797526	0.146270114286966	-0.0152397481766093
XLOC_023441	0.0164305421803661	-0.401350280231119	-0.138593025549799	0.544997959627068	0.307870257855953	0.559411835281663	-0.338691163043363	0.144726621383068	-0.145232801918551	-0.2480479133472	-0.0551701684913759	-0.246351863746714
XLOC_023450	-0.485097681573018	0.627959522691562	0.472680670608948	-0.67547625796388	0.863511802229789	0.166571610653577	0.487563470569244	-0.0513983289328976	0.312065554847078	-1.4066570835006	-0.381144040434738	0.0694207608049275
XLOC_023451	0.148827787238163	-0.170925288466115	-0.257279767237696	0.413397694343448	0.193259957103013	0.243129129008208	-0.130549767894403	-0.0747631167379446	-0.0618507175456351	-0.354206324088429	0.116647400541467	-0.0656869862640761
XLOC_023457	0.269065985386796	-0.0897747127706339	0.223345745936371	-1.01588715271197	-0.115140474148565	-0.102742034406299	-0.383577375396748	-0.306063529396636	-0.125445209912328	0.505940395311197	0.645935236531741	0.494343125577064
XLOC_023484	0.621770085076599	0.188115726356854	-0.138165257089211	0.530372509142649	-0.092873819387953	0.457831202719438	-0.339907141073985	-0.10613988285337	-0.301282962179195	-0.175230740098903	-0.155627913617162	-0.488861806995757
XLOC_023499	-1.63692599759209	-1.63692599759209	-1.63692599759209	3.09621525744942	0.266704774685983	1.18764099526221	-0.20225943129867	0.70166437296386	1.55927587452988	-1.63692599759209	0.0272390021303717	-0.0887768553547088
XLOC_023500	1.38833114720499	1.41830133789615	1.2187662091841	-0.728671356569374	-0.291034868660834	-0.80014621390342	1.91038148521961	1.51725511073475	1.88276638785639	-1.57915693239031	-3.61185418530136	-2.3249381212707
XLOC_023501	1.75364858623515	1.59304238701765	1.26173186069986	-0.773363838304333	-0.784542938406268	-0.636829363035624	1.7079634019808	1.74513580331175	1.20355740566897	-2.09180846461064	-3.15629490462847	-1.82223993592886
XLOC_023502	2.20680584284357	1.7691741418721	1.53471785593422	-1.15436086247447	-0.528954132911828	-0.261456483661148	1.90113955491945	1.89655932693098	1.48916998286866	-2.694665662378	-2.2158444248809	-3.94228513906263
XLOC_023503	4.32202602754256	3.98166641604274	3.29239518674522	-1.28845418114784	-1.28845418114784	-1.28845418114784	-1.28845418114784	-1.28845418114784	-1.28845418114784	-1.28845418114784	-1.28845418114784	-1.28845418114784
XLOC_023507	0.887994145557385	1.14738891020321	1.08832878632164	-0.0959439372502944	-2.29630147438658	-0.0193623064535666	0.928554077149248	1.09360133375975	1.327731209584	-1.00565168743764	-1.18399290830088	-1.87234614874627
XLOC_023508	0.192231377478421	0.158634518040034	-0.723465910662641	0.482027119766077	0.177103185964497	0.110052256542675	0.288667934193509	0.695795623244024	0.303303244839872	-1.01479187977923	-0.340525905519946	-0.3290315641073
XLOC_023510	0.395408400033276	0.956322426989717	0.564236836241292	-2.37768182290424	-4.44790130845327	-0.728933980753565	1.51360844207877	1.35388192702229	1.41400231695204	0.626434751991136	0.187987147086141	0.542634863716419
XLOC_023514	0.486630633349093	-0.238875577802224	0.288361276655542	0.418113446923755	1.22967738890307	0.437990782760226	-1.02389304176586	-1.71802683933028	-0.687033474254065	-8.38400418627927e-05	0.700160330327525	0.106978914275079
XLOC_023523	-0.907943505957406	0.465963130157307	0.341358845205476	-0.806798083367353	0.654951428068763	0.0352497852501044	-0.483604279890396	-1.010175373484	-0.598140083344386	1.05735479027854	0.47118568247592	0.780597664607425
XLOC_023544	-0.235282413326357	-0.291843906462975	-0.699185494833447	0.957619755867767	0.740405984041322	1.49552570140869	-0.282460915182266	-1.26651908044772	-0.883605605353353	-0.219827763397691	0.944792625093422	-0.259618887407393
XLOC_023551	-0.61964569114611	-1.02146696106213	-0.372010555124456	-1.77877848344221	-0.502342982057396	-1.46560162510866	0.73696184109003	0.61721428266719	1.44457125033757	1.05001093333617	0.356307996359599	1.55477999415042
XLOC_023563	0.710234051183554	0.292890934191217	0.195896595669601	0.0639104696058084	-0.397906755816571	-0.16528998923209	0.455336127576512	0.324929124430543	0.224061338366475	0.291075371867055	-0.914082685685328	-1.08105458215677
XLOC_023582	-0.333197441429391	-0.87059133674203	-0.527892112410573	-0.551140363082821	0.160098806350514	-0.0253898291777848	-0.405886237774233	-0.804192145619055	-0.301856782377507	1.71778778598736	0.905390796235341	1.03686886004019
XLOC_023583	1.05696011525436	1.13829513418676	1.08547132881895	-0.537578615445949	-1.83678461661537	-2.89071692903623	-0.327204780818999	0.235912820388873	0.146619703514781	0.999238302360075	0.550104322265009	0.379683215127733
XLOC_023584	0.657892250660447	1.18766658686903	1.15347929404298	-0.727024684053763	-0.577574321470096	-0.70831387199396	-1.22447036690043	-0.614934404957015	-0.517004509573221	0.431427027018676	0.421427107503007	0.51742989285434
XLOC_023585	0.666954778684802	0.614661804497059	-0.171943903756137	-0.938327028242788	-1.14931044799842	-0.795812024244878	0.520077646506016	0.578924194256921	1.23053296744786	-1.03928231225681	0.197637076905385	0.285887248200982
XLOC_023587	0.794468151716337	0.769094433335127	0.733777400784842	-0.728543432798347	-0.578466325955164	-0.885179365517801	0.735200471934204	0.482974846797045	0.846796624600948	-0.54013018934344	-0.927664106574771	-0.70232850897898
XLOC_023589	0.444305398137157	0.716826722047227	0.913314064999746	-0.722391422640454	-0.64594816727565	-1.32317022763012	0.615441024485142	0.519292575408942	0.921178304580234	-0.736631141164443	-0.237635125566992	-0.464582005380789
XLOC_023591	-0.920537572876453	-0.803998207597113	-1.17202971627866	0.297658831647276	-0.190931204060943	-0.419654522339595	-0.544200941359847	-0.984887630867664	-0.0777073589246111	1.46737106661731	1.47301772596299	1.87589953007731
XLOC_023592	-2.82960881360737	-1.91385273800688	-1.42144205006147	1.75085248875027	1.22747058008034	1.37507577088057	-0.952878187814482	-4.64467740418147	-0.529406797904779	2.429361675361	2.6316364567788	2.87746901972548
XLOC_023593	0.460037022626901	0.675536721916277	0.388848675216208	-0.929866005813881	-1.2450745308993	-0.859881986343929	0.195926184239605	-0.158224948992091	0.330438522142076	0.361802637082976	0.20207714625416	0.578380562570985
XLOC_023594	0.197144636431588	1.09077634712961	0.926337401199147	-0.551321098803149	-0.250474707916279	-0.0396738578110547	-0.0164348353113013	-0.0708557203161266	0.113935561237788	-0.0837947987510361	-0.576945008102781	-0.738693918986405
XLOC_023597	-0.0753195248850815	-0.167547033943576	-0.37765638618394	0.791570557705361	0.770072021637992	0.676490981327836	-1.05098608739634	-0.881767413782963	-0.940308248424819	0.278004288583707	0.503730118651958	0.473716726709851
XLOC_023624	0.433142875709215	0.224071753591049	0.272379700943157	-1.23762653877915	1.0869282218707	0.330197402150276	0.488497433899966	0.662249146760831	-1.44721513602334	-0.196892527237453	-0.00752855260589591	-0.608203780279355
XLOC_023626	1.80337778771884	-0.140073057162501	1.19292894931076	-1.66586707640019	-1.66586707640019	-1.66586707640019	-1.66586707640019	-0.0670069870184846	0.230133968128563	-1.66586707640019	1.90052123428268	3.40945348674107
XLOC_023630	0.121162156767308	-0.136841254183672	0.0861813367598163	-0.0749902679518195	-0.532352460626405	-0.2775822258788	0.687494577134113	0.469241267679891	0.253630651095731	-0.34539206167232	0.124962254871683	-0.375513973995546
XLOC_023647	0.623453169468644	0.983798875731357	1.20446296907157	-1.10724565542519	-1.06941096679113	-0.220886555565464	-0.210018880167134	0.708587062898369	-0.00929010601587166	-0.747976484953193	-0.0362930255321627	-0.11918040271979
XLOC_023648	0.313539804383166	-0.103667323363042	-0.207846858614958	0.307264998329392	0.975552609128809	0.925635297221238	-0.915861715547844	-0.731839551156328	-0.382129324910093	-0.00945306417085945	0.0614807342843937	-0.232675605583871
XLOC_023658	0.582700144699935	0.666824884321827	0.78880722468022	-1.48840214175121	-1.43238632284535	-0.431024611455618	2.74459731736551	2.8497820376343	2.57541090859532	-2.77034671746318	-1.27582488230887	-2.81013784147288
XLOC_023678	1.26426817788903	1.99063738400751	1.02607482433122	-1.83272120137973	0.0709095708983405	-1.83272120137973	2.03770059791429	2.71073560870924	0.0632798431490194	-1.83272120137973	-1.83272120137973	-1.83272120137973
XLOC_023681	-0.412697104965833	-1.25209987579056	-0.774195381369796	0.759352456479811	1.20344499431345	0.884448150360821	-0.869752002162298	-1.14653528036929	-0.303628783990717	1.10395773359812	0.402730047336307	0.404975046559998
XLOC_023721	-0.500900840168862	0.428263327649443	0.273024538769756	-0.875641343853046	0.518630467337413	-0.238100352383008	-0.391474674382629	-1.28540345925889	-1.34292645167793	1.07871156853112	0.834406904374648	1.501410315062
XLOC_023722	1.24771094285428	0.74577568666485	0.734124174678476	-1.12470475778372	-0.870821561164904	-0.961352578873659	1.01630883415646	1.07702538389782	0.839905192498122	-0.773424383275922	-0.864649472712784	-1.06589746093902
XLOC_023724	-0.20223432456123	-0.0875351130174131	0.105108619533274	0.0739510315530314	0.0633961181881446	0.132172694703884	0.0394825661484326	0.0839234501489763	0.0919103006581672	-0.272850272721511	-0.0393534183879929	0.0120283477542529
XLOC_023727	0.785701314973598	-1.27945375265036	0.290135690294887	0.280397963276275	0.905677180833479	-1.1783400154686	0.234607098876973	0.408358811737838	-1.02851903216764	-0.102993576657258	0.426327013741856	0.25810130320895
XLOC_023731	0.459009577948841	0.055224465246873	0.9356386889023	0.48133691048062	0.430421626190084	-0.232986718736916	-0.381382545266866	-0.77345315909836	0.257540205977852	-0.942044317731882	0.107414291177081	-0.396719025089627
XLOC_023733	1.01395478733039	2.42319861733667	0.78998347171579	-1.58000847303077	-1.58000847303077	-1.58000847303077	-1.58000847303077	0.0188516163509356	1.99133181982509	-1.58000847303077	1.69458138338835	-0.0318593307933872
XLOC_023734	-0.71333721278457	0.0158978846079387	0.344926552110669	-0.751030422816109	0.445729054505025	-0.648322897200186	-0.381268459927825	-0.183124025030045	-0.156927102636486	0.945352879875596	0.401967492278914	0.680136257017102
XLOC_023736	0.490997569916946	0.0716601748347783	0.0767511371724785	0.586186425662366	0.161873745786469	0.214211562438964	-0.212145126792564	0.352457821296445	-0.0845730749242808	-0.910632573882943	-0.0537411216158317	-0.69304653989282
XLOC_023740	-0.0302873054933634	-0.345469725166524	-0.314386287645024	0.0900298451891928	0.633808872477191	0.241190527687371	-0.378045696380569	-0.935207847885178	-0.513747873809308	0.68145183607203	0.321744841608506	0.548918813345677
XLOC_023742	-0.274348678504086	0.163795368888377	-0.490884416956987	0.742753980372497	0.372854685224969	0.456138048050039	-0.0731604716976264	-0.112386645150868	-0.672039764854849	-0.133185781525665	0.19550527602241	-0.175041599868226
XLOC_023778	-0.26783549499184	0.07452265102701	-0.00983794752077305	0.37630583344114	0.579837467120067	1.01257843485687	-1.12898565377485	-0.576843309352983	-0.751522662973507	0.749988027474553	0.00438459835078575	-0.0625919436564564
XLOC_023780	-0.316047087349116	-0.628974207087623	-0.683904571140067	0.661168316084379	0.504782536585114	0.589390883451726	-0.964044867327947	-1.38941732317724	0.554982254830338	0.793963362385737	0.596259168970589	0.281841533774121
XLOC_023799	-0.0434666771740266	0.457879660233064	-0.180655440653976	-0.147950909390701	-0.518412864333511	0.327551555196281	0.260670775643034	0.511422806985884	0.168350993839589	-0.513063241600656	-0.365088592904914	0.0427619341599295
XLOC_023802	-2.15513857072809	-0.213444014673842	-0.0420010695765693	-0.0654704378756268	0.299654803202763	-0.138109462350672	0.446079634446212	0.288183704743018	0.420925290858971	0.287813335188593	0.182337076823609	0.689169709941618
XLOC_023803	-0.17325511808761	-0.158515063086531	-0.0867096380300918	-0.457380276368949	-0.17074419743175	-0.27780987781947	0.323255636873812	0.161193222517319	0.128679345912071	0.362647511229298	0.0664137588872773	0.282224695404645
XLOC_023804	-0.526340684515437	0.0485999277694162	-0.222579597328956	-0.143012462711567	-0.531424965838497	0.0692318058372106	0.435000631179349	0.365827636878521	0.252579438137001	0.129540746782826	-0.0483593473879029	0.170936871198032
XLOC_023818	-0.408237870002282	-0.611042846752054	0.03881683138931	0.769999013798348	0.411284033117258	0.580953949352752	-0.29148772019149	-0.19406672832296	-0.400798409949433	-0.311250125094038	0.451833584242113	-0.0360037115875187
XLOC_023821	0.172258374624285	-0.457146417985169	0.15589766995856	0.925966860193124	0.479105929193363	0.360160808194763	-1.01803743478301	-0.899628946507417	-0.418316907127616	0.326897361195301	0.14470279865451	0.228139904389315
XLOC_023844	0.028261096425398	0.387381055599653	0.384929682295763	-0.769492350718477	0.0989565525641076	-1.51893649059781	0.188688547474809	-0.489239648578739	0.0886708159025531	0.16213328996337	0.620577397322205	0.818070052347154
XLOC_023850	0.488425376241443	0.199150804905033	0.298485047162491	2.07914725503351	3.00897987502626	-1.32664321433265	-1.32664321433265	-1.32664321433265	-1.32664321433265	-1.32664321433265	0.337521785389807	0.221505927904726
XLOC_023881	0.486519321020863	0.426832258130158	0.429759943645614	-0.0881368207633386	-0.150300994751802	0.156742539025561	0.00193856000868031	0.0543798375799973	-0.145632489957867	-0.0494879663422552	-0.370497507563919	-0.752116680031702
XLOC_023889	2.61687519182948	2.25303669626819	1.69565254554337	0.294599106734308	-0.795115245557247	-0.667223495065525	2.42974030597858	1.81387566698632	0.833930691042013	-3.49179048791982	-3.49179048791982	-3.49179048791982
XLOC_023939	-0.0445369811496299	-0.555288678973704	-0.360196589633603	0.151407752428761	0.366881580748715	0.0275590732048911	-0.961732644818004	-0.398615043610132	-0.358823496561997	0.846209493640228	0.636819263471388	0.65031627125308
XLOC_023941	-0.206122933718398	0.0460002684072558	0.0857301106217783	0.46935846813276	0.902758295208392	0.564499927390426	-1.17229176336962	-0.873558659265747	-0.231648786161702	-0.0063348692279499	-0.045327063653164	0.466937005635969
XLOC_023943	-1.43014398297076	0.504834888353193	0.288054186373395	-0.00235606759093798	0.754464907588766	-0.88057122126582	-0.596691577725593	-0.355932037000825	-0.390044296551053	0.787785761782573	0.343902078203849	0.976697360803223
XLOC_023958	-2.07480144351152	-0.290398199708673	-0.244792733437468	-0.379159089589084	0.294388798642757	-0.639055466747363	0.453814564419236	-0.336594742991987	0.284095893834044	0.259269988134326	1.19139255433577	1.48183987661996
XLOC_023965	1.85022512890025	2.70786264380056	2.67240438424166	0.146434396928032	-0.251083768754567	-1.76213986525918	0.741464376654078	0.859872864929668	0.364689818068038	-1.27694683128447	-4.58670685811348	-1.4660762901106
XLOC_023987	-0.00186496566672822	-0.601710565436138	-0.406618476096036	0.718329019890363	0.796565474479844	0.469146694598207	-0.790695025245278	-1.24674113518223	-1.00987036588442	0.82873710650104	0.753559008177138	0.491163229864244
XLOC_024013	-0.61820965709123	-0.63446244800259	-0.261953465323687	0.231524208336072	0.0349054486810125	0.369480951660552	0.296038711263215	0.233422545857024	-0.404001498703798	0.0481817836422715	0.195763284362716	0.509310135318445
XLOC_024020	-1.07540172193014	-1.07540172193014	0.549726539565005	-1.07540172193014	3.44390752989868	-1.07540172193014	-1.07540172193014	-1.07540172193014	-1.07540172193014	1.72036689699187	1.34106366674818	0.47274742030724
XLOC_024054	0.100362772105156	-0.435918126573629	0.673008566227574	-1.33715646701523	-0.223637684552569	0.363997512087257	0.585224298386164	1.25480130004566	1.04981063521467	-1.05498864153105	-0.933963127933118	-0.0415410364608944
XLOC_024057	0.485877851513916	0.299485941587058	-0.0962861231737024	0.828634412498255	0.0687679467714695	0.478134023503967	-0.650047824683521	-0.10050866329843	-0.161438082608759	-0.477689702979976	-0.532489715977042	-0.142440063153238
XLOC_024058	-0.116800705898203	0.234264574270124	0.581927800584552	-0.330833880514539	-0.019828890735095	-0.814203351951804	-0.0100224742955737	-0.0827740072429517	0.155127169939995	0.464874372987084	-0.0655260810137639	0.00379547387016288
XLOC_024065	0.53604282537282	0.969282397581652	1.09951690610506	-0.931310154463626	-0.573336515782253	-0.424726787522902	2.04565037431526	1.44095184319127	2.07329079341846	-1.7024604047177	-3.19619615172811	-1.33670512576993
XLOC_024067	0.698501904400956	0.446905976592651	0.587737719059691	0.542143234261944	-0.230869836230719	0.49610296090284	1.33726066043585	1.22763236700754	1.22480538699111	-2.08533159997021	-2.10495629638385	-2.1399324770678
XLOC_024073	-0.0239854058722164	-0.336912525610724	0.139334351384025	-0.0266959809025042	-1.32590198207192	0.0245765102917836	2.36587079414205	2.23412672324583	1.25663305014413	-2.40863266842507	-1.39541747889881	-0.502995387426584
XLOC_024076	0.556156627929679	1.53105344754045	1.54919514938254	-0.765724993676541	-0.415722312037427	-1.23192473331127	0.747935000313729	0.896720932727846	0.221257727081409	-0.704552482207006	-1.68988244026978	-0.694511923473635
XLOC_024077	-0.0151731961588819	-0.127253728402698	-0.499522691344249	-1.03409056368922	0.612078286536524	-0.538254021091869	0.379079586561621	0.823204976723447	0.553476107602415	-0.0800572098583654	0.075790695378279	-0.149278242256996
XLOC_024105	-3.79572099234393	-1.06489632616934	-2.17059273084878	2.48576018685539	1.85813276233463	1.17789341795166	-0.307824513142175	-2.19686090296223	-0.599519120221954	1.89145361652844	1.36248694798496	1.35968765403333
XLOC_024106	-1.10265737483192	-1.10265737483192	-1.10265737483192	-1.10265737483192	0.800973397446147	-1.10265737483192	-1.10265737483192	-1.10265737483192	-1.10265737483192	0.887209708809081	3.7652889157418	3.36778697665837
XLOC_024108	0.32195977970067	-0.403546431450647	-1.60528847506546	0.978580954603905	1.39277019338244	0.906677368989677	-1.05835160907703	-2.53584884964166	-0.0717548535178727	1.13336866258944	0.426395930034746	0.515037329451787
XLOC_024147	0.10387118070975	-0.190062027025846	-0.302275099340473	0.309767027186397	0.0887706429875186	0.272859353777108	-0.662944583240787	0.164867383445901	-0.032966394289514	0.0535435318415249	0.209392319727835	-0.0148233357794014
XLOC_024160	0.512313576215854	-0.106457597293053	0.172038945496547	0.516890976865341	0.402517301094573	0.499246512212887	-0.57935367391148	-0.285825168958027	-0.912127214176542	-0.21053243999428	0.205890522903809	-0.214601740455647
XLOC_024165	-0.91046622162932	-0.184097015510837	0.136392984179299	-0.221066006243949	-0.12895629562292	0.655665913299566	2.2393456481337	2.35293740517301	1.63618321826616	-2.01758851725708	-1.09904465412693	-2.4593064586607
XLOC_024169	1.15785352434204	0.489343021208867	0.963158853360857	-0.666577975315017	-0.00318190073060443	-0.426104820060942	0.101179879565007	-0.624800898866819	-1.07399805139469	0.201741502337368	-0.156428305062883	0.0378151706168266
XLOC_024204	-0.381597032471844	-0.388738146365613	0.138498708092153	-1.55985099870207	-0.263096656675573	-0.86765217053274	0.448237500218155	0.288842185012928	0.040122713111348	0.888339292788344	0.550297761764136	1.10659684376078
XLOC_024229	0.279270983666291	0.145388433632457	0.115535212688647	-0.316649205344883	-0.276786264325906	-0.2524605838629	-0.418077285709878	-0.0685893320732962	-0.0160001573568147	0.479059048156739	0.119791884777377	0.209517265752161
XLOC_024256	0.437463308190839	-0.0228023386321565	0.251854245997823	0.324575780704922	0.868409200249528	0.472315646188538	-0.56882625742287	-1.18198706700469	-1.13836088792267	-0.188825047015582	0.348608286105396	0.397575130560906
XLOC_024261	0.188451473836045	-0.0919778854764832	-0.108981254238497	0.0213734060545008	0.249879053587643	0.0108484094016603	-0.713699203525211	-0.641477759493517	-0.63513166186992	0.910404566076034	0.303637178993583	0.506673676654158
XLOC_024267	-0.513040411434108	-0.215799526598301	-0.167555900158785	-0.220841601684828	-0.176292869771398	-0.135787073091512	0.42225291164476	0.0810683628156728	0.29418151674985	0.265987839741257	0.0925973666688069	0.273229385118603
XLOC_024268	0.277474428200792	0.0169060108162409	0.0377791594383243	-0.366868975800895	-0.542959630298878	-0.213569030218592	0.20326390432454	0.364971277211867	0.398628329557763	-0.215266021855301	0.145155588604851	-0.105515039980723
XLOC_024275	0.692354110659473	-0.421838883086718	-0.82918047145719	1.20665290067019	1.53479869761443	1.62467374791535	-0.282243605468754	-1.10658968937043	-0.716152563832298	0.045933875867739	-1.01855256415009	-0.729855555361693
XLOC_024279	0.014047344706495	-0.711458866444822	0.117690233172789	0.612519865763915	0.203186670826403	1.19641905351477	-0.848721225139442	-0.60439861531969	-0.106084078029248	-0.158630384490156	0.227577041684927	0.0578529597540642
XLOC_024288	-0.0831205326354971	1.19229430923988	-0.273060861714449	3.27951618323498	1.98031018206557	0.116882635289087	-1.89818912320959	-1.89818912320959	-1.89818912320959	-1.89818912320959	0.518276265468727	0.861658311890075
XLOC_024300	-0.769086323628089	0.174532651903314	-0.23246571425708	-0.231154735766051	-0.358144055897995	-0.616668409843748	0.525100344787653	0.105550534796786	0.0822455549403331	0.498545087276214	0.152319359607649	0.669225706081017
XLOC_024304	-0.176790177027308	-0.100643461848386	-0.305803775177373	-0.364960957562001	-0.584124754246382	-0.75274047069513	-0.0770029298109085	-0.216855066982288	0.528884843336622	0.837861500604842	0.236678852905752	0.975496396502549
XLOC_024315	-1.03228163361859	0.0807755706459883	0.34540458919438	-0.451046139447033	0.278225410695663	-0.857175823499487	0.312436788583679	0.0959318819432529	0.515628605130754	-0.798904783760135	0.315615883103638	1.1953896510279
XLOC_024321	-0.100578382711777	-0.0395998488650289	-0.385178054449649	0.377133962344306	0.574645381659346	0.715673507795138	-0.365279105000458	-0.254828723304771	-0.364954104694641	-0.158269864301149	0.120410085451086	-0.11917485392239
XLOC_024329	0.0205183604520487	0.0775185564226399	-0.450072885274832	0.539438094109634	0.383359581068481	0.683211634356008	-0.463926475625361	-1.12854487508955	-0.931485778968455	0.466733581957778	0.335506755868236	0.467743450723367
XLOC_024330	-0.958528619949865	0.141716207471907	0.355847021530515	0.17496558859413	-0.118006814736891	-0.52947813055213	-0.314390509750086	-0.719367650460322	-0.0166792870260544	0.41185448627985	0.556757868982865	1.01530983961608
XLOC_024331	-1.47245789284238	-1.47245789284238	-1.47245789284238	1.4148745823553	-1.47245789284238	-1.47245789284238	-1.47245789284238	-1.47245789284238	-1.47245789284238	3.32185587366866	3.28411730046375	3.75881538625135
XLOC_024332	-2.44446406664891	-2.00890221189456	-0.503772253847237	1.15303299685398	0.701947491165182	0.00740885818377457	2.69035459545255	2.17041396254587	1.53322491437306	-1.46376403830099	-0.984942800803891	-0.850537447078824
XLOC_024356	0.358532595563625	1.31565904858294	1.2208197393033	-1.56193884943126	-1.00929892585983	-1.01952523770674	-0.628446033368507	-0.0896999321802809	0.35933834328796	-0.153117649525155	0.410148524653263	0.797528376680696
XLOC_024379	-1.70308316148904	-1.70308316148904	-1.70308316148904	2.0833064331651	1.50240414771037	-1.70308316148904	-0.268416595195617	-1.70308316148904	0.192917883039715	1.09268545743298	2.49497107477879	1.41754740651384
XLOC_024381	0.409652640444403	0.0320265885311937	-0.060049693608752	0.435394135034953	0.210798357743347	0.825007375853108	0.155760541022987	0.149523229005498	-0.321745354825104	-0.632590836717648	-0.423620451149974	-0.780156531333992
XLOC_024382	0.0666615370628367	0.358920382921632	0.499970674902713	-0.0521581247319229	0.120990035343002	-0.124689664856819	0.256914225882628	0.452927455292071	0.267620085567632	-0.60172078534162	-0.743123099432177	-0.50231272260997
XLOC_024396	-0.344890435428055	0.161738830181531	-0.40423054476249	-0.250560085072919	-0.191516471209725	-0.175902262360697	0.0375672940398806	0.128049417670088	-0.370317153213169	0.578005153043089	0.185641169646988	0.646415087465469
XLOC_024400	-0.903099340811089	-0.421266477191861	-0.433868058100296	-0.302715345937385	0.647757161788748	0.267260683244757	-0.721817220299968	-0.342674097937645	0.252755311599603	0.406081368725902	0.761115191512276	0.790470823406961
XLOC_024415	1.38259000755555	0.404869077326495	0.283695544280787	-1.6032644349352	-0.561054788800183	-1.67068670188962	-0.123979120859079	0.561542712690067	0.403103542006729	-0.080912656213358	0.339985940376495	0.664110878461325
XLOC_024427	-0.283738057861481	-0.700491185489283	-0.218563705366087	0.746716029868534	0.269269950169831	0.999735519608761	-0.720259399250986	0.311193734340121	0.195324076709575	-0.430243713665492	0.163711575897664	-0.332654824961144
XLOC_024440	0.338399696366565	0.479457099838132	0.464143185743636	-0.927767272072717	-0.465556644863691	-1.18232010429077	0.796278045087825	0.242179501645191	0.131849044481835	0.325777369105782	-0.417617601820583	0.215177680778791
XLOC_024452	0.110066021160548	0.545627875914898	0.664989375333009	-1.70500256941355	-1.70500256941355	-1.70500256941355	2.16541922988048	0.6335878011424	-1.70500256941355	0.284864514227457	0.711462819264772	1.70399264073063
XLOC_024470	-1.04781987522468	-0.891145035998057	-0.273894496286065	0.690710749203658	0.416889570379969	1.24995550883686	-0.0555346293223353	-1.09480352630366	-0.37227049126687	0.417850481533829	0.50675444642112	0.453307298026234
XLOC_024475	-0.127557011917471	-0.22089690206657	-0.226319570578227	0.0758357870930038	-0.0396329303863885	0.240546158536758	0.220125399929462	0.380206379359815	0.2842943108903	-0.383075227309546	0.229229518082714	-0.432755911633866
XLOC_024476	1.00019312216459	0.589529330894798	0.43725024972059	-0.847449773141429	-0.579098344183944	-0.740449929965415	-0.0950453215713996	0.0761202028318682	0.198201269497867	-0.031107030359248	0.050107035808244	-0.0582508116965261
XLOC_024478	0.0910879960604909	-0.456623934703002	-0.315049336303161	0.680178569065387	0.463418010231384	1.10039299171986	0.110798456291291	-1.79452589764967	-1.42352405432727	0.011148824251455	0.921151022718728	0.611547352644493
XLOC_024505	-2.63067668587256	-0.200758464298787	-0.0543164912711962	-0.210603354617827	0.501564198270369	-0.620721616672667	0.193864728757084	-0.215472665982245	0.263322224186219	0.388284649638543	1.12997934529662	1.45553413256643
XLOC_024512	0.758445898505827	0.711093174873205	0.319279301822971	-0.285972573408404	-0.688579455360701	-0.845498925266715	-0.183918875045211	-0.168050947926996	-0.0109132112601191	0.394531750690134	0.30163042206087	-0.302046559684875
XLOC_024516	1.39181904644128	1.11097293493146	1.0402120348585	-2.23374554401262	-2.26330610295149	-1.17636801371702	1.04305662782584	1.1977221611266	0.806119774689106	-0.363372627541872	-0.0417049399273424	-0.511405351722447
XLOC_024534	-0.158740659978672	-0.188774130763724	-0.14097608638072	0.0153725460228298	0.243013154012486	0.157459727195462	-0.622704607522909	-0.729875818289717	-0.210296465294173	0.490866333069281	0.572286254119364	0.572369753810506
XLOC_024543	-0.107554714260018	0.209223843561196	0.473250279123271	0.236040098519285	-0.00416945998806728	0.728155642697629	-0.48180653486111	-0.23075888350035	-0.109654506154758	-0.264890431759441	-0.0421837173065338	-0.405651616071104
XLOC_024553	0.571681855576007	-0.0618003841878334	0.30299165606749	0.692773194168957	0.3494322918747	1.07501293288643	-0.953838995808248	-0.710637243830011	-1.07936343449162	0.0127527476635327	-0.0478310358623943	-0.151173584057009
XLOC_024555	-0.106673315263068	-0.364567767117564	-0.366919986779249	0.740969077151653	0.411547359755296	0.962772230627706	0.7164825641462	-0.403959827387878	0.972042242238912	-0.436478442113805	-0.862612768477053	-1.26260136678115
XLOC_024576	-2.22274718884608	-2.22274718884608	-2.22274718884608	1.56364240580805	1.90234281022383	0.601819804008218	-0.788080622552662	0.115843181709868	-0.32674614431733	1.08701283798293	1.97530704742175	0.537100246253589
XLOC_024578	-1.09950640245692	0.379184217767163	-0.00399964468995506	-0.311726139845542	0.127342266366914	-0.219224152810143	0.359551864743758	-0.0800343739974778	0.181717741467336	-0.191605486232169	0.395205218300885	0.463094891386151
XLOC_024582	-0.740902365868554	-0.12653448930269	0.0224729679755189	0.000965833167031249	0.251876796319161	-0.117748418895308	0.207373658313344	0.00286780712555235	0.481881225262217	0.0524452236739616	-0.0632032115000971	0.0285049737298699
XLOC_024583	-0.681491321589428	0.153025384810668	0.0786237484469989	-0.584120582400919	0.253108053763356	-0.167318118027424	0.0318319409224141	-0.0807787544496872	0.624765553007082	-0.111456404534289	0.111330357327516	0.372480142723704
XLOC_024584	0.610040175497377	0.191416197143533	0.22278335538701	0.145004989560949	-0.230769590969459	0.0229280855990934	-0.295094836576509	-0.27727236259935	0.337200215250449	-0.171713072939302	-0.360171292030602	-0.194351863323194
XLOC_024598	-0.82946697139027	0.236645641087208	0.522904208431287	0.409617068166517	-2.02282557838096	-0.207489022959323	0.893783737636934	0.737373920771728	0.582888199879712	0.308661784152492	-1.50999096198071	0.877897974585386
XLOC_024602	1.45399497109773	1.60260369749664	1.20798546109869	-2.01524989302131	-2.01524989302131	-2.01524989302131	0.124347200110937	-2.01524989302131	-0.119248848492556	3.39780444199427	-0.351084893298846	0.744597542078363
XLOC_024640	-0.582106198077787	0.542203533641032	0.202738966261693	-1.19831447254737	-0.302478096450523	-0.157994444366843	1.01570657842273	-0.0103760508735675	0.87719955820381	-0.0435958675192838	-0.348815611662084	0.00583210496819397
XLOC_024642	0.692388756981664	1.20038263753992	1.3469445762521	1.13289158365063	0.298054843878115	0.278950387324786	-1.41833158430217	-1.19574430911136	-0.268900520596169	-2.39430404323185	0.372404066433274	-0.0447363948189174
XLOC_024649	-0.255924783787584	-0.56372131925812	-0.32905501422276	0.50227193093885	0.447867345400432	0.739608341187715	-0.337031401716358	0.0316978382227173	-0.2943998087189	0.166560294204544	0.0659394748581068	-0.173812897108625
XLOC_024659	-0.812747514244872	-0.63245109280486	-0.813255944798009	0.56480946548921	0.342421429351434	0.307703557084663	-0.725582633192503	-0.264518855365425	-0.797841043586106	0.638288814522404	1.21507394136679	0.978099876177247
XLOC_024662	1.78321213569665	1.66727709161869	1.73300416505769	-1.94097711987583	-1.04514074377898	-3.71229495603128	1.11955483481661	0.736136702071831	0.437880404725578	-0.314312379514382	-0.659575745470014	0.195235610683428
XLOC_024679	0.578508687303313	0.400682296164251	0.92287528167276	1.5146134303299	0.975197301481811	1.89755572529368	2.70279747592396	2.72443197397862	2.41989730481018	-4.79635004746189	-4.02573035570104	-5.31447907379555
XLOC_024680	0.486286789466616	0.458806219822394	1.09151583083792	1.42651611005428	0.799392254192206	1.76980910227332	2.55512223119218	2.76392828856593	2.5570891318691	-6.19994449146576	-3.55392311956735	-4.15459834724081
XLOC_024681	-0.68885977970452	-1.06762121137408	-0.014256058746172	1.01960066262103	1.64487988017823	1.47626416372948	0.144592625540652	-2.55924455444185	-0.289316332822893	-0.17077961451204	-0.141509461888712	0.646249681420865
XLOC_024685	-0.289788636356892	-0.41294748210878	-0.4519520244446	0.575852147493487	0.384873764319288	0.92151560956887	-0.72143016536844	-0.694882354588219	-0.496313334497923	0.218228500836975	0.623828746423936	0.34301522872232
XLOC_024687	0.131071812996638	-0.243118034302673	-0.321811674242561	0.472546629731932	0.490522178135067	0.745292412882672	-1.13138245164332	-0.885450656546854	-0.61965807452436	0.568784894134873	0.482151283127317	0.311051680251278
XLOC_024689	-0.0151411328899762	-0.300165088526684	-0.496560742696494	0.355461709975052	0.539642070579128	0.769857174970156	-1.4773038558429	-0.944896216962294	-0.251790770273464	0.454922332684662	0.937018059424778	0.428956459558036
XLOC_024719	-1.23622183821098	0.0832384388360534	-0.371376682308607	0.00817485068975188	0.576178977898296	0.168418855684481	-0.732046166208921	-0.483025071382803	-0.0268474429069387	0.564946768958966	0.5260215384931	0.922537770457612
XLOC_024732	-0.575939887052304	-0.32387750501946	-0.320101121083166	0.172625091032767	0.314212781454424	0.263404525879004	-0.395658907859382	-0.458802917901481	-0.0727363050639731	0.396507372268687	0.451385546579004	0.548981326765876
XLOC_024734	-1.1660036762756	-0.669483504187282	-0.24603670297855	0.0264226580173741	-0.554479627437348	1.0667426861979	-0.794127394066071	-2.16110684725506	-0.563765064514784	1.54877443673922	1.96967303332907	1.54339000243113
XLOC_024742	1.96534217702727	1.83836721387977	0.672205516981928	-0.252677317276779	-1.13444531851323	0.32318888648501	0.480307460583328	0.889758937004265	0.332285719846538	0.290942122988059	-1.06534277129352	-4.33993262771264
XLOC_024752	-1.02432881825909	-0.186544872570358	-0.979643448719914	0.239567572663389	1.23677154763789	0.333135940456533	-1.88249705917973	-0.0814433011954367	0.983744469251982	0.300740084132924	0.749717242915523	0.310780642866295
XLOC_024755	0.29774215240711	0.682305528731421	0.385952394518016	-0.977551433786445	-0.851005977215896	-1.088869385832	0.960376250107503	0.832386233280392	0.802209752067901	0.0245980605204057	-0.591100542853233	-0.477043031945183
XLOC_024763	0.124819515910006	-0.401928260495902	-0.432649729632058	0.081227523760397	0.592128523541144	-0.134257049773105	-0.658892381745576	-1.14631277539802	-0.494704002207079	1.34443186633057	0.981295990873257	0.144840778836368
XLOC_024766	-0.659504878730159	-0.56189474914486	-0.349829624804605	-0.380691931257988	0.200403671492419	0.171259362412521	0.092897079266157	-0.367983093295265	0.280378543572525	0.371234901507894	0.525221761011663	0.678508957969681
XLOC_024800	-0.646581723179778	0.0854192322839422	-0.437130302168349	0.795174022364953	0.57369561278364	0.825269966019101	-0.161005988306846	0.0889546430805153	0.133793550537162	-0.801201092050455	-0.263335411820287	-0.193052509543596
XLOC_024801	0.392231270746996	-1.59384518065805	-0.928568209731761	0.6155758824071	-0.559238614037613	1.33542456195451	0.375752138693573	-0.0204983416767694	0.388711324912674	0.256779586574686	-0.0484401575681144	-0.213884261617231
XLOC_024803	0.201859082870645	0.194946310125102	-0.0525003768665653	-1.7380412946933	0.527362309116579	1.16535363005325	-1.66866368711009	-0.329909594779801	0.517460398719505	1.13284741943988	0.208334401692507	-0.159048598567711
XLOC_024807	1.13614197000488	0.200453567913615	0.418573741359842	-0.0781897080959553	-0.453964288626363	-0.909368738571648	-0.0135665342747391	1.042257807357	0.497858480410307	-0.233463279174654	-0.899847686774919	-0.706885331527362
XLOC_024824	-1.59865270733419	-0.0728586880965012	1.26014331837676	-1.59865270733419	-1.59865270733419	-1.59865270733419	1.0124239158642	1.58977411042731	0.297348337194563	-1.59865270733419	1.30975823943697	2.59667430346763
XLOC_024871	0.185167097741272	-1.28927273147151	-1.52096013821004	-0.0436827450954409	1.01678116570494	1.16343352903356	-0.509334364626964	-1.19132934615949	0.129588386617755	0.251118586779707	0.688034805138956	1.12045575454727
XLOC_024897	-0.169088334145633	-0.408584211523105	0.696022924117141	-1.16589573390318	0.11053976748163	-0.552868577445369	-1.08378972406759	-0.64537489984964	0.613524656575834	0.502649857175064	0.751948153640815	1.35091612194404
XLOC_024905	0.120410204020174	0.320637600521881	0.255799316899854	-0.177637291420921	-0.193921920713777	-0.446036622169626	0.179411367763506	0.048156927404289	-0.0534236007511515	0.014072855931345	-0.117242371248364	0.0497735337627905
XLOC_024906	0.570781197326781	1.29343097365498	0.539478608605283	-1.15991762756706	-0.564946967251938	-3.23210117950423	0.999628311028867	0.96316509382882	0.614730687402395	-0.306064738320699	-0.0889649976740259	0.370780638470826
XLOC_024913	0.475861186059206	-0.408708674776288	-0.36040072742418	0.515396338990499	0.377656318165916	0.743555738549389	1.23586216436218	0.674999305766754	0.833272809255019	-1.5882391416623	-1.07814320024482	-1.42111211704138
XLOC_024917	-0.189373007740098	0.400067713873369	-0.0580408855064043	-0.310084381345087	-0.321399792357886	-0.746100723674234	0.71424341739929	0.345013827672606	0.632125462977896	-0.0654316366274372	-0.248515862487437	-0.152504132184584
XLOC_024931	0.166757389988339	-0.0475757209175516	-0.173731203944037	0.206392702862566	0.0180321739209255	0.361065102458628	-0.0235707422933604	0.0695967477170658	-0.0571840025831385	-0.362129618528092	0.0187745182719325	-0.176427346953265
XLOC_024935	0.42136852655824	-0.373187649023029	-0.749840728120556	1.52955649161487	0.399655134002394	1.24375014480547	-0.270609344212511	-0.666859824582854	0.597201666409334	-1.64273180116327	0.807174251859563	-1.29547686814766
XLOC_024948	0.344434903437841	0.321826122234257	0.470142430856754	-0.532861385691321	-0.616869429472421	0.192783682151627	-0.0978231341754316	0.0949345173180767	0.328094397476643	-0.568323810157475	0.406730316638273	-0.343068610616835
XLOC_024962	-0.305908933449584	-0.10698028546418	0.335520659512217	1.07166618765388	0.78892163496893	-0.882277126529354	-0.328978553640169	-0.374300310446424	-1.03394803565944	-0.208110442253919	0.520203385219104	0.524191820088951
XLOC_024967	1.2024245871557	0.149809186435992	0.507741087553778	-1.00226515216853	0.420543619254461	0.565558788760897	0.124362479961346	0.135401188554282	-0.0823344425728516	-0.420730592223177	-0.841667310851825	-0.758843439860067
XLOC_025000	1.17883520207701	1.92330363445127	2.09861959047995	-1.81480318503184	-0.366512570870618	-0.683318034405554	1.33615879080278	1.54720640882703	1.01798831556993	-1.90636704130752	-3.03797066050707	-1.29314045008535
XLOC_025032	-0.304289546415981	0.376853790410025	-0.165058751576112	-0.794230372539359	0.0337396588155769	-0.864793915150647	0.375669199533224	0.371929706385501	0.0894834369767148	0.505782969312595	0.15955724164403	0.215356582604426
XLOC_025055	-0.480743696106789	-0.334161583557312	-0.414180514224143	0.546341996067194	0.614046661185362	0.729000291975074	0.131601501405167	0.469802967137016	-0.347321171227422	-0.265983263808987	-0.0836764552499982	-0.564726733595148
XLOC_025074	1.74852027531463	1.57985673069508	1.4164531986113	-1.19927276125343	-0.903888332965119	-0.807608451046999	0.767973077375352	0.928299134212985	0.715626378979056	-1.21187377554803	-1.60572493432088	-1.42836054005393
XLOC_025075	1.10823449548022	1.70315062096011	1.52643907232324	-0.76774518299591	-0.959880162149023	-1.05184290323957	0.81840700940816	0.631755125019705	0.774724238597896	-1.27210308480902	-1.45239460873167	-1.05874461986416
XLOC_025076	1.33192485116026	1.03136030444888	0.99877958000682	-0.180424141766826	-0.449590145639148	-0.23032694472583	0.187731181464471	-0.134753509507284	0.1758320735241	-0.640849847277069	-0.936431072632123	-1.15325232905626
XLOC_025077	2.00970745256958	1.84528271210929	1.91221966721209	-0.974840416631345	-1.29063573748826	-0.925374400816546	0.522338045376713	0.308892248130173	0.336439198289536	-0.658241107296803	-1.26809830994814	-1.81768935150628
XLOC_025083	0.44548108888365	0.132553969145143	0.180861916497251	-0.647679482155358	-2.83130402031314	0.372009655877434	0.765964317330319	0.3296279055245	0.908704026573024	-0.499816657779693	1.1080877215178	-0.264490441100919
XLOC_025086	0.0578521732872517	-0.151218948830914	-0.00656956587270763	0.498354999956217	-0.499398458738449	-0.355586196369626	0.942802039964771	0.493485688591799	1.35030948989127	-0.78358957575575	-0.382819255027859	-1.16362239109601
XLOC_025087	-0.275471181239429	1.046351074276	0.491000961001174	-0.691889857828818	0.156422587502141	-1.90011933980358	1.03868441261005	0.930139469142094	1.50337843221051	-0.793590261215925	-0.604226286584368	-0.90068001006984
XLOC_025097	0.829264072502623	0.410570773211613	0.219300638424418	-1.87879510264364	-2.08977852239927	-0.494749603300085	0.793445381919046	0.816995257746147	0.453404118514398	0.45823750927668	0.376831128165732	0.105274348582344
XLOC_025111	0.49372319665633	0.735374185574424	0.318333615215817	0.535183469133177	0.458690254458865	0.23194095090729	-1.10127987491173	-0.853493880693164	-0.43608970132041	-0.654052941931092	0.375295257881364	-0.103624530970858
XLOC_025113	0.263973459249417	-0.0320532685222004	0.311468043059629	0.196362677863922	-0.365047012276024	0.640818825335748	0.28381198405898	0.811523297524136	1.22722166078801	-0.254145620727079	-1.79225915486378	-1.29167489149076
XLOC_025132	-0.480693337620035	-0.339781414842305	-0.34695482181974	0.507708472641553	0.295322687047797	0.287841332026174	-0.613938577431749	-0.601394913319379	-0.782441050063636	0.958456544994428	0.647242956631244	0.46863212175565
XLOC_025134	-0.212086152533608	-0.586275999832918	-0.616839662962916	0.213503153934908	0.665250925419432	1.09299044499301	-0.768372415436661	-1.1598751361757	-0.744551233813538	0.589566420310915	0.804678928102909	0.722010727994159
XLOC_025137	0.0492791283662104	-1.23786611143589	-0.268808872663067	1.12403422533262	0.189251090544934	1.39453762877536	-0.477757476178155	-0.791316603475701	-0.449820939515709	0.0835590126203325	0.497226851721448	-0.112317934092388
XLOC_025141	-0.277062417373354	-0.270723274410472	-0.847345992572735	1.21150064422722	0.718783708457386	0.331635623895708	-0.494002850238901	-1.18259275685135	-1.38068861783957	0.773429801154075	0.984050371153725	0.433015760398271
XLOC_025142	-0.676853869036321	-0.520179029809695	-0.938307232455736	0.0248978625309277	0.0998343600385656	-0.158689993907188	-0.482975498664113	-0.157976226829152	-0.56912328097432	0.665097788541275	1.44273655900477	1.27153856156097
XLOC_025171	-0.760826600427915	-0.375231525610257	-0.264477339026685	0.432147414678493	0.412135938843759	0.190485690161497	-0.213781151001779	-0.224770322302025	-0.0569641779042005	0.172177467122168	0.308802688870383	0.380301916596556
XLOC_025187	-1.91709006256713	0.533288381525389	0.104677812277327	0.109620041172277	1.0718453374928	0.337779440731167	-0.0764350872241808	-0.907055402841159	-1.56670312805418	1.29329152411836	0.214564620789464	0.802216522579862
XLOC_025189	0.482348946863399	-0.184071717756784	-0.627955227819898	0.209643429920806	0.460361514618152	0.55826774517573	-0.43657462154139	-0.129618009400967	-0.289182146113679	0.104064598465633	0.334949830845831	-0.482234343256815
XLOC_025226	-1.02729043182516	-1.00962584882184	-0.657321099110992	0.34359163534477	0.21834910039586	0.115886041905913	0.382940479178274	-0.514887957083303	0.208051128533635	0.73307315747773	0.351170605074175	0.856063188930951
XLOC_025236	-0.503312539181122	-1.01191704061987	-0.960277221079981	0.74391609389214	1.20560173158313	-0.0161732997636097	-0.241490071240732	-1.25204552875737	-0.421855761851414	0.606289195091112	0.591024142221891	1.26024029970583
XLOC_025237	0.321866340634307	0.621621584279896	0.308453337423029	-1.88619422534228	-0.732900212562788	-0.854284909038557	0.957836535192907	0.636273828615539	0.986037198965468	0.0416155633883006	-0.538605143446718	0.138280101890884
XLOC_025253	-1.04667027995195	2.33146084753747	0.578457981543194	-1.04667027995195	-1.04667027995195	0.96840147854673	0.387996286341468	3.0603753656948	-1.04667027995195	-1.04667027995195	-1.04667027995195	-1.04667027995195
XLOC_025275	0.0754447606564383	0.0726649873331411	-0.116506038557185	0.254812662904726	0.320370209535319	0.337922114649206	-0.160951300549767	-0.104351744155146	0.0220890794850455	-0.768105636050239	0.15010636001651	-0.0834954552680429
XLOC_025281	-0.626259854533114	-0.360240890544089	0.0735988196553734	1.12877356125154	1.25215683370274	1.4987788663654	-0.49643962216079	-0.761220974119374	-0.913587117380134	0.167436461094121	-0.52468120739664	-0.438314875935038
XLOC_025288	-2.36188777764507	-2.36188777764507	-2.36188777764507	1.04390269172109	1.51661152763009	2.30123373655257	-0.927221211351655	0.463312251154502	-0.465886733116323	0.947872249183936	1.4470960308032	0.758742790357804
XLOC_025310	-0.625430879585318	-1.15218222580197	-0.777516042785757	1.45628386176325	0.789235664797587	1.23716417103453	-0.458159998424395	-0.360382875752769	0.130049535329789	-0.515738380025263	0.306463914650662	-0.0297867452003535
XLOC_025331	0.0281594373819409	-0.549754722920368	-0.145588050433783	0.726375332424567	0.617946718177073	0.820885449870794	-0.582539078225677	-0.332436101001173	-1.09601865549342	0.239971747846492	0.420333744378689	-0.147335822005132
XLOC_025340	0.387105786634732	0.0978312152983221	-1.42796280393936	3.46906997555949	0.475667968338707	1.91203259838083	-1.42796280393936	-1.42796280393936	-1.42796280393936	0.561904279701641	0.236202195783096	-1.42796280393936
XLOC_025347	-0.299665067815983	0.354608097735946	0.471417239202035	-0.851024275370854	-0.393318177811171	0.0032855779806118	0.0288140566078994	0.00401514531797531	0.425058006953162	0.209274149602552	0.0556748503277209	-0.00813960272989256
XLOC_025374	0.0576123668489963	0.00757042492224791	-0.0539033813011729	1.08216986770952	0.570185768406208	0.48748949309327	-0.778130423740311	-0.251623904821072	-1.03082900530928	-0.164770943675846	-0.242739368174554	0.31696910604199
XLOC_025384	-1.04753989562566	-0.0482855784281471	-0.547113965381099	-0.276358132395643	-0.236995849433644	-0.66187180647334	-0.0104421457284225	-0.142523040479691	0.698063809638245	1.01459951062805	0.634444784227935	0.624022309451425
XLOC_025404	0.0036526154976908	-0.167799405793691	-0.187061021968136	0.198852045975126	0.0830536592536308	0.347406772317205	0.205057539660233	0.419719503738976	0.207011878720655	-0.550901399794489	-0.201031616184743	-0.357960571422451
XLOC_025418	-1.6553417839678	-0.0922792470524771	0.0435198591163104	-0.0646199051757343	-0.77373513217932	1.97545546533524	0.0174861046598553	-1.13182000398595	0.100929918313964	0.516914654769614	0.338573433906378	0.724916636259923
XLOC_025431	-3.67799009935141	-3.67799009935141	-3.67799009935141	1.21904268014744	1.8095120522332	1.14871952348324	0.0138091170155739	0.0416583266589172	-0.990117729143569	3.07679246676321	2.21854825576892	2.4960056051273
XLOC_025456	0.0261759415797798	-0.356779771215034	-0.324756593246221	0.573892906366185	0.411277087767791	0.717540283437756	-0.437148667822052	-0.349548270648329	-0.437072622643555	-0.121291101443299	0.332487407431055	-0.0347765995640792
XLOC_025479	3.86941816151747	0.75196472401048	2.01526451234024	-1.49866572131797	1.19800952104461	0.516406037180714	0.640931371814277	-1.49866572131797	-1.49866572131797	-1.49866572131797	-1.49866572131797	-1.49866572131797
XLOC_025485	-0.00933359620465257	-0.198671129209725	-0.0505302875900169	-0.0177680716453388	0.142713017620936	-0.0899501131337814	-0.0965947540038616	0.400035408807163	0.331220504846079	-0.247549008039249	0.293650043884124	-0.45722201533166
XLOC_025490	-0.647579616218109	-0.344872579034549	-0.211162309404489	0.56189846024865	0.79039279093952	0.102596187028086	-0.427574228299478	-0.687918486388792	-0.720775197741806	0.876481569411609	0.595187131958267	0.113326277501089
XLOC_025500	0.509982412015654	0.253304129082852	0.120362666485817	0.794170479882027	-0.196990492502095	0.691663197674978	-0.23120380082988	-0.480256813434609	-0.0622476080280023	-0.709924698382844	-0.133456747315634	-0.555402724648275
XLOC_025501	3.47324435956654	2.19915646444154	2.33979795915149	-1.80405062592589	-1.80405062592589	-1.80405062592589	0.8070259972725	0.534539744630057	-1.80405062592589	-1.80405062592589	1.47053923049322	-1.80405062592589
XLOC_025515	0.873437202123507	3.22147060329565	-0.94163138845059	-0.94163138845059	-0.94163138845059	-0.94163138845059	0.493035177842828	1.39695898210536	-0.94163138845059	-0.94163138845059	-0.94163138845059	0.60651775378679
XLOC_025531	0.410551701586814	0.121277130250403	1.81871846513272	-1.40451688898728	2.93110620037163	-1.40451688898728	-1.40451688898728	-1.40451688898728	-1.40451688898728	0.585350194653722	1.01194849969104	0.143632253250097
XLOC_025550	0.842247592669966	1.24046591265246	2.08950206560079	-0.0353036038960886	-0.225960836731198	-2.92263607909378	-0.783038985961532	-0.0974360502942	-1.02663503456502	1.06468895021774	-1.25847107937131	1.11257714877218
XLOC_025555	-0.236756379703992	-0.591771584381624	-0.509286026890557	0.719375441555467	0.430788579684659	0.690705858399946	-1.09317259082345	-1.04918186653471	-0.669173292119297	0.667960496328696	0.88494048997743	0.755570874507418
XLOC_025581	-0.460278263971496	-0.618820255035764	-0.470077629716053	0.570495259622284	0.6400261831729	0.771394823443304	-1.27514746154751	-1.09020523167874	-0.625101898980048	0.95983052271702	0.952035500525495	0.645848451448602
XLOC_025584	0.58328636886273	-0.211269806718539	-0.252975544620656	0.922710197830056	0.485081500969439	0.708928755727398	0.276819417982094	-0.901135504171672	0.120521771214236	-2.37300363478711	0.437808442504092	0.203228035207933
XLOC_025598	0.522863173698134	-0.0110683343810054	-0.123541583987131	0.0965851375880327	0.324499217441918	-0.177288641118575	-0.200252138215924	-0.93792153027595	-0.379975221544151	-0.00892777121189514	0.373431576291212	0.521596115715345
XLOC_025600	-0.422292930554397	0.48030626037169	-0.679140429040407	-1.75462394023957	0.553395466813282	-0.922989087737546	1.01318985099166	0.507536121732478	0.543254444407924	-0.0110816647365581	-0.443902179169427	1.13634808716085
XLOC_025604	1.16159510872572	0.686901575149021	0.834930489802146	-0.704832178801513	-1.36322823341727	0.0679341143718117	-0.0880593916717389	0.796267488510928	0.336414298256692	-0.941429285563877	-0.275956789032875	-0.510537196329035
XLOC_025605	0.128588773295674	0.289703554886529	0.319679494650417	-0.737411906094141	-0.27902354998275	-0.0823862791845933	0.0307345516126221	0.610306555351266	-0.39107108570404	0.0204427820277555	0.247622541231117	-0.157185432089848
XLOC_025606	0.0742326809342986	-0.999120112552792	-0.0865304938317593	0.175378103524352	0.800657321081556	0.79872973935551	-0.829842219893278	0.37551903422152	0.474990948709878	-0.767209068108703	-0.245752009614092	0.228946076173508
XLOC_025647	-0.143423716560125	-0.169350160837733	-0.83810721616205	0.797394023394276	0.577095393973555	0.513822322180392	-0.199733513622225	-0.178957760653502	0.237084364077019	-0.812795725568303	0.244061641839746	-0.0270896520610462
XLOC_025662	0.664352154801022	1.02703525963663	1.06040674317871	-0.52568752025555	-0.487852831621493	-0.13435440786795	-0.742521031397383	1.07987552552531	0.460097107328795	-1.8171742117694	-1.04655452000854	0.462377732449852
XLOC_025671	-0.837471998876721	0.904368862420418	0.30797435466582	-0.717983384836958	0.101851692095805	-1.044273470056	0.19618964462787	-0.16456323902633	-0.155984254946278	0.814193907471886	0.364666654488697	0.231031231971788
XLOC_025687	0.138199827506595	0.196674741130098	-3.62668384425715	-0.220893374890983	0.251815461018015	0.0922834834425621	0.905734257238889	0.299627459162558	0.699037334704691	0.360641185054365	-0.0602955335742821	0.96385900346464
XLOC_025696	-0.105234076142456	0.0811917409580172	0.239889109699268	0.208692063427739	-0.190201277557748	0.293657991190335	0.313854960510545	0.527737156831888	0.212889411035084	-0.144334142527231	-0.305045510045505	-1.13309742737993
XLOC_025752	-1.54312287702184	0.109894934668077	0.538017473048163	0.165337565303711	-1.13386843586571	0.0945767073277821	-0.281843358400335	0.890720287618551	0.550509494265291	0.400686593874709	0.230923184152777	-0.0218315689711757
XLOC_025754	-1.50507556882774	-0.305920977573493	-0.131079760445019	0.122300808354847	0.31314165250945	-0.384123891309744	-0.0904516766070618	-0.368127336674647	0.140418367034973	0.47920033769606	0.609233491397605	1.12048455444476
XLOC_025769	0.779649401185862	0.808169460452913	0.609321871739148	-1.06734626416149	-0.905639227874378	-1.06021369198637	0.660181842701544	0.485735716904966	0.493384926211791	-0.141614781789853	-0.449747640131104	-0.211881613253015
XLOC_025779	-1.66710167134224	0.301427936212125	0.647236543382261	0.0714289530860972	-0.0969010364924108	-0.743546786298943	0.668075664209563	-0.0175225877808884	0.982347814389281	-0.391229697631967	-0.2400512459788	0.485836114245925
XLOC_025782	-1.30557122381563	-1.30557122381563	-1.30557122381563	0.764648261733395	1.89991608538377	-1.30557122381563	-1.30557122381563	-1.30557122381563	0.590429820713116	1.49019739510638	0.358593775906826	2.72964200405032
XLOC_025793	-0.896755771840054	-0.605417150953132	-0.934288832532179	0.587350361482256	-0.777165805711796	-0.630125416972046	0.362557969896566	0.789344875273317	0.804918540750339	0.518987446911981	0.365737064416525	0.414856719278211
XLOC_025801	0.44148045726484	0.644820906806978	0.951929137010653	-0.540322595343417	-2.07438894414524	0.132965602855309	1.94037539814457	1.53539825743434	1.80215053046282	-1.3220134987197	-1.75483401315257	-1.75756123861858
XLOC_025822	-1.44529466661982	-1.44529466661982	-1.44529466661982	2.34109492803431	0.458336105658254	-1.44529466661982	1.52054487595087	0.893295703936131	-1.44529466661982	0.544572417021187	2.91392396911815	-1.44529466661982
XLOC_025830	1.05910475590894	1.45939186365363	1.00268777502421	-0.910096630005417	-0.910546959472053	-0.41946042599631	1.4430157245147	1.95439297848828	1.85281245033284	-1.55821175398062	-3.5820050491085	-1.3910847293597
XLOC_025850	-0.0538727624371251	0.106174131820135	-0.264112285065306	-0.122617025077582	-0.507725836605644	0.0906258640854443	0.569696812731804	-0.0440312459108627	0.0562172354640564	0.239351897954278	0.0974941496043069	-0.167200936563498
XLOC_025851	0.723363938477087	0.608021428552378	0.402099630271124	-1.02601930357247	-0.834736430519731	-0.61845471945108	0.349490822734889	0.254306888561679	-0.060162077824728	-0.63567388404098	0.539868672607181	0.297895034204664
XLOC_025853	-0.299946872215038	-0.433258419530777	-0.2463415624256	0.908648583620028	0.703014511775335	0.370559754960773	-0.555996027335073	-0.449430140201727	-0.452350769294771	0.127690347905922	0.185913116444597	0.141497476296356
XLOC_025856	0.0696773125930479	0.287745178483073	-0.0221302846563285	-0.25747550227601	-0.105155576450292	-0.490888186856336	0.241312510211752	-0.380798613684254	-0.684489343657972	0.81796211956993	0.0847215763286506	0.439518810394747
XLOC_025862	0.904314276483991	0.233079647921429	0.694074753855809	0.140664357175431	0.359496380356776	0.597327858283887	-0.504622847773113	-2.6984505787132	-0.364822601709973	0.271700424106828	0.503835999898822	-0.136597669886679
XLOC_025866	-0.937542132627999	-0.603662931896138	-0.905753150318909	0.292579494095971	0.84618477207513	0.275934801503764	-0.708073052568984	-0.910817885683481	-0.31618729915423	1.33632768708403	0.764906806981566	0.866102890509262
XLOC_025874	-1.05571998272056	-1.42188469581474	-0.929474007869326	-1.26537688679164	0.675889878799826	-2.13763760349064	0.831772723704591	-0.964282544227828	0.665835148582408	2.08187052415522	1.89341230506392	1.62559514060878
XLOC_025912	-0.2434456168893	0.265665677326799	-0.243315623196398	-0.667738132118948	0.0444294207692479	-0.7389350027653	0.155944192335264	0.245145777126437	0.521573741164752	-0.416720491163622	0.306110625562636	0.771285431848415
XLOC_025914	-1.07068370102143	2.93252338934601	1.29930824372513	-1.07068370102143	-1.07068370102143	0.944388057477252	-1.07068370102143	-1.07068370102143	-1.07068370102143	1.72508491790058	0.593481298701032	-1.07068370102143
XLOC_025928	4.11109308529104	3.93743458425421	3.5099263102181	-2.65441791617036	-2.82100662944132	-1.90007040886509	0.880901245387299	0.787555997439683	0.226759274462127	-0.278112920811532	-4.72463740171939	-1.07542522004477
XLOC_025930	0.197065355081388	0.25232119805089	0.117408464928338	-0.261326985229364	-0.199382518103704	-0.473933740253584	0.452931613091234	0.247361437391871	-0.173518092729639	0.120837489615102	-0.237220190369701	-0.0425440314728451
XLOC_025932	0.0922603293568871	0.0258030314678042	0.0485932722968707	-0.146462033858887	-0.0949611305801676	-0.242247560180918	0.673091491900326	0.762457497354413	0.364334107500582	-0.22936071527822	-0.489401226773852	-0.764107063204841
XLOC_025944	0.349880878482395	0.875229835373878	0.868894222092647	0.114822553394559	-0.0224030220180023	-0.650997327352123	-1.98348948913703	-1.31497431757253	-0.851682795131093	1.1942803260929	0.746243579382378	0.674195556392027
XLOC_025953	-0.0624331070050568	-0.0179713038467808	-0.174173199766824	0.514388996626876	0.0591497217970147	0.40547936250636	-0.014207393443912	0.368897066604124	-0.36366886713256	-0.449156824193141	0.203054232834176	-0.469358684980272
XLOC_025957	-0.147698801236803	-0.292416480177508	-0.199416266958108	0.39247079694516	0.671154710095269	-0.0587424989739862	-1.33103958469739	-0.98081689545165	-1.06145069199492	0.845078469910064	0.97378620030463	1.18909104223524
XLOC_025975	0.401253607871196	-0.324252603280121	0.134200452338261	0.740393270415457	0.017693659892914	1.09561580882372	-3.14215795713846	-1.355443746851	-0.772410499731962	1.58747673178242	0.764366616782536	0.853264659095047
XLOC_025983	-0.732242510288303	-0.364392963648995	-0.27609163537953	-0.468256780376122	0.576582142207094	-0.31566023354102	-0.447689376651325	-0.140712929831857	0.497134166190047	0.647034370019917	0.419204711165055	0.605091040135024
XLOC_025999	-0.867086752172541	1.09681479543698	0.0528802211245107	1.43598276696516	1.93548731709223	1.98481582734344	-2.02638344624028	-3.4610500125337	-0.773177642325853	0.22690828231665	-1.04458462385538	1.43939326684877
XLOC_026002	-1.06871361208423	0.876535365118961	1.25025251125598	-4.16570299135299	-0.58481574834205	-2.15063123285431	2.68121855799358	1.46937978701613	1.47793582781125	0.280821489554866	-0.891113134933879	0.8248331808167
XLOC_026008	-1.03882572232604	0.535016259320163	0.54002624464133	-0.467635975264229	-1.22282215107884	-1.46371399176958	1.78693739838852	1.93113519565131	1.12418236833317	-0.816384364778265	-0.299532877829591	-0.608382383287956
XLOC_026010	0.0857102225833524	0.20988220001667	0.339432152084714	-0.358730153033959	-1.02028209448339	-0.809364190528766	1.28220345991229	0.59364416522877	1.04636046791662	-1.11373351677834	-0.184097243745714	-0.0710254691722447
XLOC_026012	0.875041913878735	1.01190331969217	-0.0937930849872761	-1.71892134648242	-1.71892134648242	-1.71892134648242	2.3104240543006	2.82453546360655	0.968951023725424	-1.71892134648242	0.6975440421959	-1.71892134648242
XLOC_026019	-0.199900609933085	0.139975812202916	0.0708821115726117	-0.280282171740286	0.0167371859744421	-0.383822413959095	-0.00257716890011395	-0.143950769935218	0.311111308126524	0.0124005526998676	0.138979644873814	0.320446519017663
XLOC_026060	0.477130132167106	0.270873658919704	-0.683989517432967	-0.0891721236164118	1.4244916659102	1.73203029042689	-0.830652807159082	-0.469519805092526	-1.26456176552263	-1.14602504721177	-0.0655591074633408	0.644954426074817
XLOC_026069	-0.219534238945336	-1.10698957606782	0.17210838185713	-0.0333153819562098	0.557153990129551	0.704020646097966	-0.199823778714536	-0.518217780272383	-0.421003610916324	-0.483823680547211	1.48923701862056	0.060188010714624
XLOC_026080	-0.266794182822143	-0.201905068571866	-0.0849991857719896	-0.164424457072396	0.112180737646058	-0.290519502204456	-0.183579025534378	-0.21305585825772	-0.396750607142287	0.907885921936186	0.43908351294502	0.342877714849992
XLOC_026115	-0.35530519301923	-0.282477611104627	-0.242269417940815	0.65126182506007	1.0423299196582	0.601773735062519	-0.587899272818497	-1.03684278130983	-0.440506797390785	0.178439432257072	0.459407627992528	0.0120885335533858
XLOC_026121	-0.132985454392359	-0.550576012072422	0.0518429705058452	0.741704538389252	0.888920852068962	0.367786847677585	-0.62129105586714	-0.804133163432002	-1.00912382826299	0.585554227135183	0.680987487061588	-0.198687408811491
XLOC_026129	0.538962705057095	-0.203855722328868	-0.283599899042583	0.511837256914408	0.408555712573239	0.604717710643401	-0.395762535302982	-0.158581537189715	-0.375772713957184	-0.296049465197624	-0.0476990531598798	-0.302752459009302
XLOC_026132	0.262891584560774	0.0468536760469354	0.167735138535137	-0.104569940190107	-0.274790159284328	0.0139796490088617	0.0101316439576085	0.763609228056366	0.137703695825892	-0.553023898421071	-0.467925130635224	-0.00259548746083738
XLOC_026139	1.17937925581424	1.16927299484015	1.00594591919741	-1.72826808892849	-1.40211141368633	-1.15580641863509	1.01652285285223	0.860982283208546	0.646670604614641	-0.402139807009046	-0.57266613876245	-0.617782043505802
XLOC_026140	0.591679962156209	0.314757278974247	0.229101811510133	-2.25063056514523	-1.25474193890046	-0.703517068028054	0.915578828337341	0.82231697292298	1.11493710838434	-0.0474595443713692	0.153025592623986	0.114951561535887
XLOC_026148	-1.04334037709078	-0.964098265038253	-0.32246399210826	-0.14755474634469	-0.45247868014627	0.35298816904406	1.16404874536587	1.04765243211033	0.829572900120117	-0.253318488247847	-0.0615463279500759	-0.149461369714201
XLOC_026169	1.14708883367483	-0.383822854987983	0.800413088107773	-2.31681045980639	-1.18154263615601	-1.56246295250112	2.09785401299831	1.78322426591046	1.83192183814737	-0.399704916043906	-0.188975709087591	-1.62718251025575
XLOC_026207	-0.628570236421457	0.570584354832786	0.484928887368672	-1.18502602022369	0.147171463689137	-0.361939881553449	0.258686235255153	0.414238598674736	0.586213840261034	0.0944254795456958	-0.35241882975672	-0.0282938916718907
XLOC_026229	-0.482430085249072	0.0486386125470855	0.240268121426332	-0.561168523206891	0.00856719520887328	-0.456485408132755	-0.0498116309659942	0.00573417377389607	0.427477401150007	0.145990956095985	0.0524443494519469	0.620774837900581
XLOC_026240	-0.055251750457546	0.0804144699022222	0.3971666890583	0.360111352417204	0.620811075595988	0.607441523446413	-1.096724297414	-0.564316658533388	-0.788991083636982	-0.109687722253145	0.36020519173422	0.188821210140709
XLOC_026251	0.23893383308122	-0.297420055936673	-0.313377703879786	0.413414443059776	0.328394631536256	0.661624821313437	-0.404421613399932	-0.391426530531472	-0.43682668195923	0.052764618075563	0.218183372584598	-0.0698431339437597
XLOC_026279	0.195451444160364	0.270733091699372	0.221524771114838	0.140185590811422	-0.554382862424181	-0.389031389827649	0.0266415239521649	-0.142022122683436	0.049872732485607	-0.073461705102952	0.198592782965076	0.0558961428493792
XLOC_026285	-0.800255142299447	-0.0805903356142137	1.04600481243202	-1.1155977009873	-0.119709074742533	-0.0959085629545084	1.57856689384681	0.883725039085745	1.11785491490999	-2.40708439250115	0.0404379138704867	-0.0474443650459042
XLOC_026301	0.547580712389877	0.319066155171239	0.439785042292119	-0.351381169224755	0.392797437277851	-0.159209638866262	-0.405995904640484	-0.596345668391971	-0.599197059431789	0.0844076191004071	-0.0246164103606734	0.35310888468444
XLOC_026309	0.00638944923781359	-0.0792967814406085	0.268366444873819	0.656357399921912	-0.126494761546333	0.640726916215302	-0.0722569838636256	0.217061319547942	-0.180336537873236	-0.51908227794504	-0.300511085002828	-0.510923102125119
XLOC_026314	0.467937338010577	0.590334537161241	0.477404114187327	-0.530657250790496	-0.482731969596514	0.286712560943137	0.203363410591357	0.4225421941689	-0.577021784919088	-0.495428693084602	-0.12021517641953	-0.242239280252289
XLOC_026315	-0.0872030783632525	-0.101415976076555	0.10800775682231	0.68222530821843	-0.205008472394528	0.183219558243773	-0.221757691240561	0.540409791762689	0.130018149481674	-0.735311294768966	-0.0725059378044834	-0.220678113880534
XLOC_026336	0.0285683301777375	-0.159050824497456	-0.121286829003843	0.698895416515993	0.937607145131816	0.722037708690284	-0.792321780327698	-1.58476578259135	-0.563108507205441	0.438023799080919	0.37171764826482	0.0236836757642189
XLOC_026340	0.617780961049947	2.02702479105623	3.12627424400099	0.0940371862378215	-1.97618229931121	-1.97618229931121	1.27417057303324	0.849017729488367	1.89260601168945	-1.97618229931121	-1.97618229931121	-1.97618229931121
XLOC_026343	0.346354159926994	0.188117537668512	0.0832966333516314	0.228283630278515	-0.155781353562096	0.0435359210639117	0.183883642888198	0.161195501204366	0.00552300699743036	-0.455341351223034	-0.270614470689775	-0.358452857904664
XLOC_026374	-0.82161120388159	-0.0837722417738629	-0.736598098618368	0.831336274348234	0.154077193486089	1.10778349209524	-0.406405699542332	-0.163203947564094	-0.0898780125829308	0.267466684611528	-0.173328398190725	0.114133957612807
XLOC_026376	-0.265553749578618	-0.452315027304352	0.536884784992319	-0.489284018037464	0.0599494766673159	-0.935678210371398	-0.405251813397571	-0.0080368631541452	-0.704333319835734	0.170850868216261	1.33090708352162	1.16186078828176
XLOC_026383	-0.259181619668719	-0.149262665768863	-0.109054472605052	0.807446256970505	0.562819728657684	0.565999224752908	-0.816530127221153	-0.391321161651674	-0.534116651920313	-0.181718547507598	0.359616557073117	0.145303478889149
XLOC_026399	-0.44836649119135	-0.591977326047483	-0.385497126011621	0.719668768049242	0.800929453105703	0.806533667068432	-0.926932257836465	-0.612266976838595	-0.415207880717501	0.614259330864123	0.323707834958542	0.11514900459697
XLOC_026402	0.0646887068852529	0.339620631051575	0.567905706735677	-0.671327191912659	-0.00480410626965622	-0.742628970674677	0.517768914414141	0.144127956139653	0.382453976354361	-0.109334384360977	-0.337672284099222	-0.150798954263469
XLOC_026403	-0.685225791991244	0.611830126474565	1.10054081399306	-2.12274503111163	-1.19291241111888	-0.701825877643139	0.842211051792473	0.68180253135394	0.742193320220218	-0.454199440033385	0.653101300491152	0.525229407572865
XLOC_026440	-1.61954949544612	1.33686485196888	1.14623128187284	-0.0288276166540506	-3.43461808602021	-0.0946226837000164	-1.29502099288797	1.53970993030772	-1.53861704149146	1.76167609873073	1.32195710728592	0.904816646033729
XLOC_026452	-0.0529047082244904	-0.0503581891687901	0.110659674121722	0.526038926838984	0.168968920112933	0.412164559144196	-0.252569353955804	-0.348258206140349	-0.221347603280984	-0.124055244202088	0.0580670879729492	-0.226405863218295
XLOC_026459	0.799396781282635	-0.0749760572682314	-0.0828476175758643	0.866344359236472	0.192206562414151	0.794221753732733	-1.99907736489003	-0.639807599467158	-0.1493751883846	-0.0248103095739447	0.312137636784886	0.0065870437089588
XLOC_026461	0.921035528644556	0.360587908092667	0.166145938093684	-0.487206496596489	-0.702013305344372	-0.277294827626697	0.453843167686838	0.127954123063725	-0.0949452511719882	-0.443131076413133	-0.140948350801702	0.115972642372909
XLOC_026469	-0.0406039233636477	-0.209060434166936	-0.5093222438818	0.268597507498351	0.223637069178864	0.309332035975366	-0.399638196576349	-0.535077072638081	-0.702046372926312	0.640000744441512	0.339309155904056	0.614871730554974
XLOC_026473	-0.114903451603753	-0.498290216677177	-0.493217667157517	0.699549908719074	0.452625882463354	1.02107349617402	-0.638489558183011	-0.423492720729026	-0.548351081476913	0.462103352388494	0.416281701346645	-0.334889645264194
XLOC_026489	0.254509165980043	-0.584488104721253	-0.343832898015783	0.73551140882883	0.925043514649217	0.663782132351686	-0.823552941214314	-0.581052711220639	0.436786528885714	-0.909446561802492	0.592175336819651	-0.365434870540657
XLOC_026495	0.41649957763154	-0.607967164002751	-0.0232823050953237	-1.91587880594314	-0.780610982292762	-1.16153129863787	1.40198084957936	1.76222827214034	1.08694164652803	-0.298139996641824	0.985227930223691	-0.865467723489294
XLOC_026496	-1.73690450285526	-0.612012817860979	-0.448951479862027	0.819727525213009	0.970198319461076	0.412229520220658	-0.322519330650274	-0.575719343346067	-0.280247841998209	0.284354783746211	0.531811589835687	0.95803357809617
XLOC_026507	1.02529516021731	0.320622970730691	0.260486415639108	0.374962897619184	0.0725580524241849	-0.10791283091488	-0.647201246227119	-0.442434744603887	-0.494295400681768	-0.141092395250475	-0.219895445853767	-0.00109343309857302
XLOC_026514	0.276071248484993	0.563659189736539	-0.025005644982854	-1.21080770725335	0.51431884376849	-0.672901761712429	-0.409295836350875	-0.580524415924915	-0.118439946814132	0.738223753876742	0.526419319198773	0.398282957973011
XLOC_026515	3.44804784006796	0.754178374422791	2.74231458884331	-0.771615644814896	-0.771615644814896	-0.771615644814896	-0.771615644814896	-0.771615644814896	-0.771615644814896	-0.771615644814896	-0.771615644814896	-0.771615644814896
XLOC_026518	1.08990372967887	-0.725164860895226	-0.725164860895226	-0.725164860895226	-0.725164860895226	-0.725164860895226	-0.725164860895226	-0.725164860895226	-0.725164860895226	-0.725164860895226	1.69130052778309	3.74527949059507
XLOC_026532	-0.719911234535537	0.0309966076411676	0.099388165079624	-0.174751229287796	0.456092040027732	-0.196871227196501	0.151594963949167	0.0968786592249593	0.581158978167558	0.0671587756792462	-0.4124858044844	0.0207513057347768
XLOC_026548	0.235484321196595	-0.449290211839187	-0.189000427164808	-1.07817140086428	-0.498997469337858	-0.409722691645936	0.0907784176102018	-0.124084794959499	-0.0186405504616278	1.12479133134915	0.827498513178466	0.48935496293879
XLOC_026559	-0.0278719567364556	-0.550495347661383	-0.11393610269325	-0.451014075267941	-0.564222743252671	-0.220290512181756	0.994794882273166	1.04669985618076	0.995239518485703	0.0344109789827138	-0.55412073492139	-0.5891937632075
XLOC_026560	0.2934490191698	-1.49367260413335	-1.35421520312374	1.07849870341114	-0.233887252839967	0.317337618032442	0.604499604377809	0.195162209638481	0.901920593982191	-0.375922989838378	0.579507165599741	-0.512676864276175
XLOC_026562	0.0668438727857508	-0.349909254842052	0.289056748273805	-0.420768737220981	-0.194564746113595	-0.569031171952243	0.783366242379	1.11819839262675	0.966075853069569	-0.768627381534083	-0.277365976433409	-0.643273841038509
XLOC_026567	-1.14542696839795	-0.486929998398195	0.188188807220176	0.144357664003698	0.240990498114993	0.478821976042103	-0.852849562146727	-0.380628500021222	0.0296640283342473	1.13487949969879	0.244191691791706	0.404740863758387
XLOC_026585	1.31360487147008	1.51464065631153	1.32048975760006	-0.946101328012146	-0.476801542415192	-0.768630036007118	0.761356393228684	1.02445911279749	0.715589006021586	-1.68277497373699	-1.6824179659498	-1.0934139513082
XLOC_026612	-2.01682768614248	0.109388826168066	0.444333721722299	-0.823839962118471	0.412850669950485	-0.15423263552263	0.171983109580148	-0.274374384115679	0.448761687261503	-0.394944740676145	0.586326376499602	1.4905750173933
XLOC_026618	0.089319622149258	-0.171783539995037	-0.236534792249291	0.505802929212607	0.565881074740254	0.57673264481387	-0.526954579402626	-0.513464306295885	-0.635618601840779	-0.173625349149679	0.414877211100711	0.105367686916594
XLOC_026623	0.155321409644096	-0.70827148389196	-0.560109026011661	0.744807380483627	0.585957201649495	0.825330964208953	-0.483958829229858	-0.13578332829557	-0.56438665205771	-0.3083183012014	0.170365673379699	0.279044991322283
XLOC_026641	-0.333020207220653	0.487180966082716	0.0743462331951346	-0.350076275727415	-0.567690276087285	-0.066082043975169	-0.421547314559688	-0.561472831344764	-0.48077567978336	1.07364048452685	0.658155402089236	0.487341542804399
XLOC_026656	-0.263484342813385	1.2229800396283	1.50142815965098	0.230950567561762	0.417061724743529	1.95368691558017	2.92981901950857	2.91684798400524	3.08895656794612	-4.6660822119371	-4.6660822119371	-4.6660822119371
XLOC_026681	1.00525269106117	-0.0146984320381374	-0.979260991714429	1.20612093548149	-0.632569708225972	1.39092078021348	-1.22698039422699	-1.49946664686943	-0.26671672456952	-0.150098722575034	0.666119498834804	0.501377714628561
XLOC_026726	0.627607019255565	0.425620338727771	0.0433934652289096	-0.695889907672564	-0.469685916565178	-0.559355432403855	1.04888184684348	1.25201922070677	0.738755735206333	-1.13487835573431	-0.507344936806386	-0.769123076786544
XLOC_026785	0.18769829641595	0.44151359037281	0.590101346556402	-0.518807986262044	-0.680549593013974	-0.714435313185658	1.48827998771627	1.5558348494844	1.23474878258	-1.19882843276747	-0.957266651352351	-1.42828887654431
XLOC_026829	1.77918699993948	1.35923149435046	2.09591857746335	-0.347482607192308	-0.134200087699791	0.512825541378625	2.16661767389064	2.29060959163432	2.04546817056012	-5.8645453177158	-3.44807992903748	-2.45555010757162
XLOC_026842	-0.159147829989486	-0.36393294655445	-0.266756412372425	0.237073839461457	0.39938568896321	0.165136301735657	-1.026541611425	-1.09389335535456	-0.0489858077026133	0.6354937705861	1.19643415921166	0.325734203440452
XLOC_026852	0.904121564599193	1.04098297041262	-0.0647134342668185	2.64623172306358	0.213789076516109	0.325230062736718	-1.68984169576196	-1.68984169576196	-1.68984169576196	1.10592692316005	-1.68984169576196	0.587797896826393
XLOC_026873	3.1683019036333	3.19248095688311	1.54822754926675	-1.67500780485325	-1.67500780485325	-1.67500780485325	0.464589288278998	0.663582565702703	1.0128645653546	-1.67500780485325	-1.67500780485325	-1.67500780485325
XLOC_026912	-0.174905808448301	-0.00116938420235524	-0.0733337006450832	0.0874794500068861	-0.133255333308093	-0.408886207940932	-0.247594604793143	-0.204112901578164	-0.461749742448856	1.35207395751817	0.0418465644958737	0.223607711343985
XLOC_026913	1.06459933389422	0.0181281365536181	-0.609506216358097	1.03823897406767	0.441997080815059	0.789834891519067	-2.61375770830323	-0.827043498015773	-0.42763362247364	-0.30683032052762	1.19479157809452	0.237181370734215
XLOC_026922	-0.0453867782968604	-0.0714236765281555	-0.210239874826021	0.397685943920397	0.369685280019349	-0.060481131839973	-0.795999161998857	-0.598280722101721	-0.549904178158911	0.455280105809656	0.356918458259006	0.75214573574209
XLOC_026933	-0.842560124885938	-0.422936482550874	0.134702998212743	-0.39247717238351	-0.188193150646672	-0.647134640872051	0.0723072939061424	-0.25252680487538	0.586605642098743	1.05376350066864	0.17639182504516	0.722057116283004
XLOC_026938	-0.471709204748425	-0.282134816406597	-0.561561156777664	-0.449099694726226	0.123143794020955	-0.642059741772205	0.21250556029119	-0.113921411871729	0.571703736092295	0.79220279654829	0.741907277964219	0.0790228613859103
XLOC_026945	-0.632438566303476	-0.477171627456506	-0.45418706753413	0.00914151747968628	0.69530879458882	0.193941362211679	-0.0505543497332708	0.600046342941939	-1.46369614257133	0.56642429726671	1.05768570236738	-0.0445002632574951
XLOC_026946	0.194314608699319	-0.982894182408113	0.42985422983342	0.963218104231451	0.313347437388073	0.242876524863319	-2.02026173020486	-1.79767445501405	-1.11731296177489	1.5551057140136	1.15176307509763	1.06766363527511
XLOC_026947	-0.887335607173542	0.0370830835074996	0.39687865579728	0.543550724873841	0.209726558540316	-0.131860249888796	-1.67949418503095	-1.58434241852044	-1.52625798909606	1.4833082181423	1.20685056647268	1.93189264237588
XLOC_026981	-0.0903987866984153	-0.255990158832885	-0.736545514106357	0.810877513202371	0.553993668400556	0.765083405274837	-0.714120136387448	-0.452174371826521	-0.229218816576587	0.0224886075962107	0.374831818588824	-0.0488272286345577
XLOC_026983	0.757682271343858	1.25420244343218	0.53371095572926	-1.8362809890173	-1.8362809890173	-1.8362809890173	0.303316104114946	0.988919039782278	2.83593735854188	0.959487629904714	-1.8362809890173	-0.288131846779918
XLOC_026993	-1.30453743627584	-1.30453743627584	-1.30453743627584	0.765682049273194	1.90094987292357	0.710534322222845	-1.30453743627584	1.03405293428011	-1.30453743627584	0.68532964736517	-1.30453743627584	2.73067579159012
XLOC_027060	-0.237283265550801	-0.131423954253015	-1.62755345950367	1.30946289590262	0.786439697852436	0.756234545441177	-0.325810372889835	-0.465735889674911	-1.09918369702188	0.405082234687193	0.573146257964974	0.0566250070457128
XLOC_027068	0.178994968811555	0.102563301213008	0.123528553622112	0.801112589468578	0.579906393314165	0.523958614556049	-1.31849703408591	-0.576794550411451	-0.269107540119347	0.0674818242208284	0.337403613670658	-0.550550734260247
XLOC_027072	0.489507302881945	0.573089568178843	0.443904045748043	-0.228272875658816	-0.483823217398565	0.0327285707719813	0.00734655003543505	-0.299818234978368	-0.21015531697869	-0.636031785396627	0.0834906763807721	0.228034716414046
XLOC_027112	-0.170262662373176	0.513335229982805	0.826556202327309	-2.9433528853107	-0.88848237178981	-0.746630855452946	1.13273903443263	0.6215104075094	0.630066448304515	0.496758558085525	0.310061986050434	0.217700908234009
XLOC_027166	-0.17550765000567	-0.05288129971541	-0.0928850570272761	-0.343537098729231	-0.446801745244738	-0.635858521860756	0.829596092498127	0.240883131562745	0.41790528614438	0.171792274317212	0.229133380640278	-0.141838792579643
XLOC_027170	0.0558490367982438	-1.91318400275617	-1.79382250333806	-0.076559137648756	0.797665700303573	0.809799962210972	-0.293392648790589	-0.975387630323117	-0.295026137083954	0.910521612359795	1.37706250108336	1.3964732471847
XLOC_027174	0.33258274500101	0.90207840266371	0.487797974394915	0.609243167602833	0.18195711271048	-0.319410319666662	-0.728148029009563	-0.483825419189811	-0.876169769746353	-0.474052056861119	0.544334020489043	-0.176387828388472
XLOC_027188	-0.00368905726128155	-0.0312148117365858	-0.106015162036512	-0.00678797461730696	-0.0886998808217108	-0.0767998418224618	0.265052448163074	0.199230980691812	0.3065965199846	-0.269313279505896	-0.124662713219621	-0.0636972278181105
XLOC_027197	-0.0903311008038985	0.879379785933118	0.81988911344544	-0.459127165907124	0.307120801023219	-0.616352133857236	0.14941930936046	-0.448937705934709	-0.0854738221547331	-1.17638488096586	-0.112856593537093	0.833654393398433
XLOC_027243	-0.948233212648721	-0.948233212648721	0.676895048846424	-0.948233212648721	-0.948233212648721	-0.948233212648721	-0.948233212648721	-0.948233212648721	-0.948233212648721	1.84753540627329	3.24982102361911	1.81161422245095
XLOC_027273	-1.01459435028654	0.195445080252467	-0.148767743158449	1.18832076595933	1.61876150046071	1.11739406808357	-1.5005071063569	-1.28638370075572	-0.540243436699435	-0.124258700243785	-0.0949885476204573	0.589822170365202
XLOC_027365	-0.192944710237452	-0.24950620337407	0.0367523639700087	0.320533059921202	0.88684051504331	1.03325764475683	-0.383262794337284	-0.692959769109978	-0.54381988411965	1.18885253757359	-0.846219884437445	-0.557522875649045
XLOC_027386	0.369054251242144	-0.175118130170929	0.0995384544590507	0.537298356552814	0.911506486861592	0.370046659640616	-1.04914043823207	-1.33430285854346	-0.924010330187993	0.760010592019956	0.576679007518063	-0.141562051159799
XLOC_027423	0.340238975963209	0.478463162072454	0.77998365045544	0.248146880046697	0.280218260610408	-0.31251881426358	-0.743226400110372	-0.00278548509338972	0.0173847752943708	-0.480938991163657	-0.174252486145668	-0.430713527665915
XLOC_027439	-0.315625876249	-0.208429575229381	-0.0166522248090253	-0.106511885855882	0.16914086315013	-0.110592376391271	-0.371450282818843	-0.445773325177655	-0.446495604281618	0.764397944192909	0.764754709166489	0.323237634303148
XLOC_027453	0.574855692607709	1.11521967979389	0.699447841482102	-1.49711326733363	-0.576400767696575	-1.40354489954048	0.281805078499692	0.558536705000939	0.274678892141062	0.11393677238369	-0.00613434198151808	-0.135287385356877
XLOC_027454	0.595123431272223	0.731984837085653	0.371152115657625	-1.99883982908893	-1.99883982908893	-1.99883982908893	2.03050557169409	1.4795113563736	1.19736204303304	1.31092019774008	-1.99883982908893	0.278799763499423
XLOC_027494	0.602032268187186	0.322304776843305	0.757640529372724	0.580555943402604	0.200802989212692	0.651550553350476	-0.802868341592505	-0.91045903017765	-1.40564207703928	-0.122458867076255	0.234660896414121	-0.108119640897422
XLOC_027509	-1.64190725341157	-0.994081976558068	-0.13045503516947	-0.449005084217445	-0.207716983615864	-0.63259294065556	0.919849166975538	0.666794923274278	0.987876006024424	0.314913540973818	0.4829775642516	0.683348072128321
XLOC_027518	-0.107724758290717	-0.353545965317213	-0.288365607662967	0.138682830590406	0.525436864282938	0.61004521114955	-1.0536901354686	-1.36876299547941	-0.290597781280979	1.19729738961971	0.906745893714126	0.0844790541431601
XLOC_027519	-0.505000743553238	-0.353029306729334	-0.322359974768747	0.501923291376385	0.568313464443706	0.816079098890333	-1.15058732586419	-0.706306099987888	-0.338882617039801	0.609848593522517	0.508317970625767	0.371683649084503
XLOC_027521	0.572210265917503	-0.129561510815277	0.166752405414085	-0.188603876713892	0.51139617183965	0.303736865968448	-0.796828972267567	-0.706102826815383	-0.725653177532211	0.418227355575289	0.594281296355303	-0.0198539969259492
XLOC_027529	1.08038291974623	-0.49081244028484	0.842189566188425	-2.01660645952253	-2.01660645952253	-2.01660645952253	0.594470163675865	-0.417746370140824	-0.120605414993776	1.67135183532782	1.25798339689659	1.6326057221521
XLOC_027531	-0.59904635645734	-0.42727193513768	-0.0280852514823398	-0.355425727813472	0.00430267234732629	-0.648226122157102	0.133981413191987	-0.121003866733303	0.537588959237428	0.271348265161189	0.652034571939138	0.579803377904158
XLOC_027558	-0.0778248177405452	0.238226217823565	0.233312750270262	-0.613153699863664	0.216180683407424	-0.438853475805459	-0.446715002477483	-0.597858801293806	-0.0936778447723157	0.196271327547558	0.55025475663551	0.833837906268961
XLOC_027565	1.4364306290575	1.64299030538433	2.13921649478172	1.20758078622078	1.39081661922406	0.211502769715434	-1.69382606631134	-0.789902262048815	-1.23249158807601	-3.12849263260476	-1.4643276328823	0.280502577539417
XLOC_027567	0.348490389941382	0.00222187577116451	-0.15919222777075	0.72676212083088	1.15634940001586	0.37947697728818	-1.22416318882751	-0.430919299303357	-0.897880634161068	-0.297558044408604	0.431737458929057	-0.0353248283052388
XLOC_027569	0.341461049318561	-0.0718719198433515	-0.223154539790101	1.090621965065	1.18862565658548	0.738460607606398	-1.38125217247027	-1.14296082371584	-0.901253022714548	-0.616283806742246	0.376847235222686	0.600759771478238
XLOC_027570	-0.850550362005606	0.055667349093067	0.63330962661869	0.38853367755118	1.35190896888925	-0.228572413574659	0.224945241752581	-1.60894937071842	-0.751337869152394	-1.15177112235236	0.809035452031766	1.12778082186689
XLOC_027571	0.133447701465949	-0.806750802564332	0.391668106436678	0.969486902478018	1.08863737672238	0.711193146385138	-1.34634701701438	-0.275088164279347	-0.599553248124804	-0.389696790882538	0.188516844400628	-0.0655140550233781
XLOC_027598	0.422246991504075	0.495756858561576	0.644332915705204	0.419474057036661	0.0972946452392423	0.280569353066588	-0.76651020297264	-0.979693389872169	-1.16514271809853	0.496950825348322	0.208392044046473	-0.153671379564805
XLOC_027616	-0.449554493438002	-0.26771589322396	-0.629632806598704	0.344035278716792	0.189094858531989	0.177447701563446	-0.492818297090988	-0.47744241538014	0.0420278517340815	0.616661774741812	0.546664367733451	0.401232072710219
XLOC_027638	-0.51753360832887	-0.0485091794856247	0.176964676881325	-0.506967879959714	-0.301797295853843	-0.248584859875939	0.816328211846496	0.72745343467335	1.39432029995993	-0.331828331983632	-0.884830195440713	-0.275015272432752
XLOC_027640	-0.458766818394051	-0.179813851071656	0.37127304698952	-1.21482121644474	0.428268703135407	-0.328462116585015	0.809121595626734	0.826944069603893	0.490681044715462	0.110977808134976	-0.143868586551713	-0.711533679158814
XLOC_027641	-0.127397570482959	-0.363050278986545	-0.16917141892497	-0.0576059502162476	-0.179262429024137	0.161461208624834	0.681176789570632	0.959795682396422	0.712972117387533	-0.37691832837794	-0.333748404592592	-0.908251417374016
XLOC_027642	0.313847607617014	-0.101466364500943	-0.244432857943256	-0.277755361608796	-1.11259210138131	-0.160449264579253	0.917984232905424	1.40574495518696	0.752714654066154	-0.598523887381341	0.429302108261333	-1.32437372064199
XLOC_027654	-0.0267687067167905	-0.350490892566658	-0.279090930803205	0.348062466418305	0.388188175385306	0.594927779743115	-0.224996355955874	0.0428484585810782	0.0899879715568588	-0.367407835171154	-0.0300563853572786	-0.185203745113677
XLOC_027672	0.152416704543274	-0.01758671381398	-0.403108780608251	1.00521765129785	0.357411351137183	0.58538976398357	0.112504056475391	-0.15110448017645	-0.142627240271963	-0.274558978609952	-0.347720887718443	-0.876232446238223
XLOC_027684	2.05881942592406	1.34829014573762	1.54844062859662	-0.885897475224254	0.227621307238406	0.681926465705168	0.768392807210684	0.857804592579315	-4.29168794459042	-0.0565698097788943	-0.725299633907553	-1.53184050949075
XLOC_027712	0.333812323311688	0.217670021795704	-0.262991090515008	-0.586056953178552	-0.164979386796979	0.164606583728866	-0.353610331233629	-0.01654161319314	-0.540242428295884	0.83765980707571	-0.0103975259074724	0.381070593208688
XLOC_027723	-0.247875180090169	-0.152080801448717	0.0499899351336115	-0.250960545496913	-0.135714186163481	0.0132436497326847	0.215610259439568	0.223729311228483	0.335964653220524	0.0164866401346551	-0.021379330143807	-0.0470144055464612
XLOC_027725	0.0213746732180589	-0.425652312450273	-0.206524767741595	0.0657536514796195	0.130233912056058	0.303005693543584	0.222340053911186	0.556160691993242	0.25325111701942	-0.0197232091593573	-0.312563637201135	-0.587655866668808
XLOC_027727	3.12981050646662	3.36324741006045	3.58112244819123	1.57095741494843	-1.83483305441773	-1.83483305441773	-0.400166488124314	-0.23597296503603	-1.83483305441773	-1.83483305441773	-1.83483305441773	-1.83483305441773
XLOC_027734	0.16645101787915	0.263260321050637	-0.164134630238356	0.443111440480974	0.711535569268496	1.03327354410172	-1.29240133876983	-0.408853689521246	-0.529308984582209	-0.518225659676442	0.509600335966232	-0.214307925959131
XLOC_027754	0.272949505505025	0.292858329490365	-0.234733112207107	0.651221236394523	-0.028785505840899	0.869595853842949	0.0974017471370816	0.103718591536818	0.269355378080966	-0.591704473586154	-0.960046301762334	-0.741831248591232
XLOC_027756	-0.548783198520624	0.174322651702687	-0.192058286715616	0.00358177068608967	-0.129370723489407	-0.245581408049079	0.465991509827715	-0.15717157254452	0.712591166531684	0.00408415795768846	-0.241996259684727	0.154390192298106
XLOC_027781	0.287618741451345	0.10295204941414	-0.17596625659077	-0.77669388557868	-0.186027016484683	-0.137153261578384	0.210697040489933	0.0760451818907377	-0.215926300301814	0.391061156465765	0.264857330683457	0.158535220138949
XLOC_027805	-0.561360518595047	0.120940199479685	-0.0024758319734719	-0.566687591716774	-0.137100312531794	-0.290974095946182	0.262952874398394	0.164102872288936	0.2654813674016	0.656749672684705	0.07030985020429	0.0180615143056624
XLOC_027818	-0.0285580782811019	0.183565927467344	0.0302866135576698	-0.115075437344239	-0.135978252621307	-1.03027930956175	0.963499403538363	0.802266766892918	0.84238050613827	-0.150537861810393	-0.596346808862433	-0.765223469113346
XLOC_027826	0.507967984233998	0.0892046453381878	0.290285861147751	-0.0121405605723552	0.80718022331822	0.339097891225913	-0.768960415642796	-0.565690272790096	-1.1770752027496	-0.328858623072606	0.518675270682637	0.300313198880754
XLOC_027833	-1.82026715079436	0.910557515380224	1.69366308286385	-1.82026715079436	-1.82026715079436	-1.82026715079436	-0.385600584500943	-0.22140706141266	1.37593472132761	0.169599932846643	1.08814379597679	2.65017720069593
XLOC_027840	-0.663178907206266	0.0791127101882649	0.153480968648459	-0.68977365425813	0.16390994349285	-0.761919644443786	-0.0767152859696516	-0.577303445326159	0.212144470716212	0.76615420367186	0.512644285407423	0.881444355078926
XLOC_027853	-0.0707789862194765	0.265091132042366	0.207541626836246	-0.460243416884543	-0.342857405309861	-0.501073502971808	-0.190982203375834	0.269513918151335	-0.0585333942127679	-0.0835311250101691	0.389718056520094	0.576135300434421
XLOC_027882	0.241427242996155	0.201378488644537	0.246022471243541	-0.13079314300292	0.226368641578175	-0.0670876114133758	-0.598771052060791	-1.37802313219937	-0.509302644524843	0.787838007088669	0.64969393842858	0.331248793221647
XLOC_027889	1.1866258123044	0.56925013702186	0.158073322422262	0.267264126242226	0.0482899792512352	0.52755937198353	-1.25993674510721	-0.45236368604787	-0.295691944297227	-0.0805945180708756	-0.358420893854612	-0.310054961847716
XLOC_027898	0.401523995736815	0.365181454547399	0.311519972654425	-0.598557878549224	-0.363052150994794	-0.263451772824549	0.103831719792172	-0.191250206696877	0.153976639085275	-0.198883819716725	0.114196906446773	0.164965140519309
XLOC_027914	-0.378836038504317	-0.24935699186902	-0.0492115497141281	-0.0741516329526615	0.442039317309065	-0.291404290306495	-0.139876387247845	-0.614440906554192	0.101945886227354	0.198401576541731	0.313495824384238	0.741395192686261
XLOC_027925	0.0524925551099145	-0.165451820050786	-0.159063930472863	-0.222263868423315	-0.210493854854132	-0.135537504183377	0.595733504885761	0.328379507679468	0.186091894546776	0.324772240463151	-0.332791824213245	-0.261866900487366
XLOC_027954	-0.0231433014404914	0.103785448510068	-0.487879889249006	0.491155488570224	0.502546237068861	0.719314888129114	-1.12795330390597	-0.75698147684395	-0.349041610751405	0.20989264201233	0.240438662235048	0.477866215665181
XLOC_027960	-0.874503714432302	0.545810891012878	-0.392821017383262	-0.0499892464082858	-2.39749195695258	-0.615578776491701	0.700310894259193	0.59865115690156	0.833724563107788	-0.0198311388707504	0.377870324658561	1.29384802059891
XLOC_027969	-0.666338197364855	0.43819613191078	0.260286785687764	-0.563229004514318	-0.133563751457564	-0.819804678261064	0.231882158854173	-0.335928902367815	0.108212838712946	0.545442221881364	0.364450227869306	0.570394169049278
XLOC_027979	-0.995010704273932	-0.210842837145667	-0.365738610515089	0.49828134580077	-0.89229872227251	1.3846404456605	-0.101077485433335	-1.25038359407914	-0.017633671779226	-0.279213937806079	1.47881700442486	0.750460767418855
XLOC_027987	-0.541055624609744	-0.0388298116598396	-0.0209598840457472	0.366911777618584	0.148154569184465	0.214419732675002	-1.63527738620007	-0.627628444293745	-0.432659247473895	0.83849210926473	0.985212282710976	0.743219926829277
XLOC_028001	1.73776858882679	1.24178247251628	0.0400404289014631	-0.309929505108141	0.162779330800857	1.11098964836035	-0.749880431903617	-2.1168598850926	-1.02784760426646	0.730804506433553	-1.29925458579598	0.479607036327517
XLOC_028007	-0.182899854579281	-0.601114397679217	-0.68870283393107	0.880118682751315	0.784768668708852	0.863214672661234	-0.905269512356099	-0.289509516322648	-0.422440714502518	-0.0426350021819735	-0.115168920097298	0.719638727528698
XLOC_028010	0.806579134430282	0.691413105354179	0.751658318068436	-0.707755959425291	-0.0782899886248414	-0.160986263937779	-1.01654973228498	-0.71621084790032	-0.320471845120708	0.199517790197842	0.131512951025679	0.419583338217497
XLOC_028014	2.01602229763694	2.53688650888613	2.14226827248818	-1.08096708163182	-1.08096708163182	-1.08096708163182	0.3536994846616	0.517893007749884	-1.08096708163182	-1.08096708163182	-1.08096708163182	-1.08096708163182
XLOC_028017	0.117818556208009	0.0639874982720414	0.192591924831978	0.0740655042492424	0.116932435254368	-0.260396625373108	0.558513966319127	-0.0798876864626745	0.378179517705856	-0.445061436551289	-0.353460600400695	-0.363283054052861
XLOC_028018	0.345083572091553	-0.00385809748145327	0.370502509942483	-0.204990173460647	-0.663536601961855	0.400841753689926	1.0495502419064	1.22774918209237	1.05984746586152	-1.15819870105395	-0.943953649346049	-1.47903750228029
XLOC_028019	-0.546576057712985	-1.3866786758321	-0.202442732736343	1.94081197911807	1.74780643889929	1.18455447461955	-2.13953289385508	-3.79102567681783	-1.52109745519887	1.19664074015115	1.32609563335814	2.19144422600702
XLOC_028021	-0.58553474248663	-0.254743971693332	-0.0789733469495371	0.760162545808843	0.693430372442611	0.526059978878786	-0.0760563725122072	-0.4077073547066	-0.0341906272366703	-0.215283679226715	-0.0598321771376114	-0.267330625180945
XLOC_028023	1.76739125741621	1.55801795506161	1.21398576264395	-1.89313129802352	-2.64831747383813	-1.12226026838042	1.31497620454715	1.5793971091997	0.811323081888619	-1.03291053209813	-0.622624020635856	-0.925847777781184
XLOC_028024	2.36723906367247	2.1686331895905	1.44397576132469	-1.47609600432655	-1.67639916449331	-2.86681471519404	1.85415466935402	1.82521038921843	1.28336064556282	-1.19392817884237	-1.6072966172736	-2.12203903859305
XLOC_028027	-0.464328707688773	-0.625976501966599	-0.35632603652316	-0.102012783717898	0.148867738254713	0.271288533423709	0.259458083074211	0.347618512650461	0.254611636070729	-0.153072861356184	0.157084807177542	0.262787580601255
XLOC_028030	-0.0797863661055436	0.144108808163943	-0.102445596029408	0.337409687689922	0.684651930434828	0.336739267246095	-0.456768776812197	-1.0624129562071	-1.07448188539795	0.404499059286364	0.421470613726466	0.447016214004592
XLOC_028053	-1.20441191267616	0.0152008354531645	0.0350995888857621	-0.704958568399658	-0.279993344017575	-0.54909920243611	0.888588032466613	0.260031436427616	0.745745147291116	0.269351290476077	-0.00760019111107368	0.532046887640218
XLOC_028066	-1.7670440017317	-0.743153671574909	0.0883532969974636	-1.47367478689517	0.158301989735969	0.302114252104793	0.9046676466374	-0.0933705125554036	1.35911671370661	0.713328798351554	-0.162953025825027	0.714313301048406
XLOC_028070	0.297889509996658	0.149011108857172	0.152045612787193	0.580767105603329	-0.0261044422563002	0.604897591370754	-0.693023927724841	-0.274743167545521	-0.685134809826536	-0.159052548005336	0.106919071167725	-0.0534711044243084
XLOC_028078	0.112413601807009	-0.135589916314785	-0.215761130720595	-0.123179406910712	0.232764102652082	-1.56200010853935	0.132568126585915	-0.451095386804383	-0.442578317478584	0.925840942168493	0.696352764394012	0.830264729160898
XLOC_028083	0.549530850859849	0.872307606287924	0.734848419936289	-1.30083159863428	-1.20419876452299	-1.25924716717823	0.552718262458069	0.214291683997661	0.378868170019762	0.0297295570856679	0.0544423067167088	0.377540672973554
XLOC_028111	-0.133763904143819	-0.313813467555565	-0.25640303208221	0.641368631786017	0.509199011300252	0.68645536292105	-0.942672853324838	-0.682308355129285	-0.780403013171963	0.37189685017913	0.569827819235497	0.330616949985767
XLOC_028118	0.944396517253407	0.889367795341746	0.855790860717642	0.202454364708778	-0.128532936337033	0.296676405800257	0.288039390552314	0.278515706160757	0.252589159126028	-1.55458471010609	-1.20074464337338	-1.12396790984441
XLOC_028122	0.449400258941948	0.355743312606243	0.477992990915924	-0.15503817013332	-0.293153711548639	-0.317507275363127	-0.0485213133024534	0.176629588525788	-0.233505033655051	-0.272235205040868	-0.0931529355791092	-0.0466525063673036
XLOC_028161	1.09807605284913	1.59459622493745	-1.49588720751203	-1.49588720751203	-1.49588720751203	-1.49588720751203	-0.0612206412186109	2.2237612184983	1.19198516269581	-1.49588720751203	0.168277792210431	1.26396022758764
XLOC_028162	1.08895349174302	1.59390431678441	0.975854317099917	-1.34721712657632	-1.16398129357304	-2.85872355254757	1.24658402174483	1.18281587231713	0.637417380931282	-0.888976778890822	-0.283552022099231	-0.183078626933612
XLOC_028163	0.559350746524136	0.298850976792234	0.86720595359379	-0.598639350624737	-1.61717282484843	-0.66896250728894	0.650639275168761	0.25265443350892	0.775056690574417	-0.299377945372649	-0.0959336068209584	-0.123671841206539
XLOC_028168	-0.583104109635339	-0.280538609561241	-0.335468973613684	0.724583591815082	-0.186547222909413	0.395162321656946	-0.163545285603683	-0.37310903980789	-0.0749874332773963	0.453433361396297	0.58161259866823	-0.157491199127907
XLOC_028175	-0.546182062038706	0.0279948579839635	-0.372784471198821	0.26106060572778	0.74278484424352	0.315127718547788	-0.552124442777502	-0.75519827350501	-0.488187733577332	0.475753426394714	0.462962672219501	0.428792857980103
XLOC_028176	0.434825279794846	-0.121687745952683	-0.0802727739899183	0.590206839976463	0.407806102842506	0.434606464702788	-0.532329899570019	-0.518027834316609	-1.16504199589687	-0.0266003209193366	0.600980721528784	-0.0244648381999273
XLOC_028182	-0.135426912498509	-0.43033271172478	-0.0608219053320287	0.0710444912614125	-0.0580097535219819	0.135393769298801	0.319453742654986	0.436157873246208	0.0395576038012706	0.304545546328461	-0.205057119744866	-0.416504623768968
XLOC_028184	-0.372819460822447	0.098928557099331	0.108231389974388	-0.27162782169381	-0.0660307644580325	-0.204693419118773	-0.0965535686574954	0.809318131665201	0.38480874063429	-0.531502999406724	-0.055917250895873	0.197858465679954
XLOC_028186	-0.776391257173841	-0.867504993803453	0.670160587795594	-1.35830364609519	0.715844027095313	0.232952301530585	1.08253511347468	0.728691895035057	1.68225564113007	-0.935876094463864	-1.82917073261455	0.654807158089596
XLOC_028187	0.728288200556631	-0.381741333552934	0.0100178416022301	0.133500153522897	0.199393756864787	0.431948995113935	-0.0370452386813467	0.274592402039005	0.754207951687948	-1.11955020866423	-0.177980045542	-0.815632474946921
XLOC_028189	-1.05353968462773	-1.05353968462773	-1.05353968462773	-1.05353968462773	-1.05353968462773	3.92007472566786	0.381126881665689	1.77166034417185	-1.05353968462773	-1.05353968462773	-1.05353968462773	2.35545552551645
XLOC_028190	0.0300099318901914	0.204952197730336	0.405559040523256	0.0875467400931633	0.229251690099005	0.0862803034196222	-0.570990937241921	-0.383110052056911	-0.410516573233295	0.650613553320556	-0.106686173651385	-0.222909720892617
XLOC_028199	-0.200263581098542	0.246733867646815	0.479559287559442	-0.816638764758454	-0.3473389791615	-0.401820447171507	0.497086713896276	-0.0375916343543912	0.0763759222924456	0.536089886394525	-0.203434468124339	0.171242196879235
XLOC_028224	-0.374830635776535	-0.078824334397817	-0.18663328482669	0.247286984880488	0.260395756356709	-0.31263426295784	-0.475216818273049	-0.11737561232853	-0.941415101147566	0.967017452832126	0.422486822206836	0.589743033431853
XLOC_028245	-0.134989439023817	-0.222033060070551	-0.0901512790610557	-0.0376791707689765	0.0685077974851556	-0.023532275454361	0.0311664007421975	-0.00430463029306161	0.00556496944381912	0.0528322925581932	0.193550120122625	0.161068274319817
XLOC_028257	-0.0905692215199743	-0.295354338084938	0.344291714892836	-0.677311790923786	-0.0281717184025556	-0.455508637447733	-0.168346651102366	-0.23655280367551	-0.297119873404704	0.583228585745098	0.596022752550467	0.725391981373161
XLOC_028270	-0.0164542239081653	-0.146917604893786	-0.196413804067995	-0.667024524259402	0.0861830310452127	-0.49724198263474	-0.367348207605679	0.0955541395195958	-0.369090420888067	0.791289649086637	0.594341499163931	0.693122449442467
XLOC_028286	0.179080488820869	0.280320471599403	0.0293797430084162	-0.109921301089548	-0.0189980406500752	-0.158941312499131	-0.0117380680970225	0.0183706230789866	0.162148589622158	-0.0868587355356016	-0.109687994708009	-0.173154463550436
XLOC_028290	-1.05898078190993	-1.05898078190993	-1.05898078190993	1.82835169328776	2.81951852336523	-1.05898078190993	0.375685784383492	0.539879307471776	-1.05898078190993	-1.05898078190993	1.84943016486123	-1.05898078190993
XLOC_028308	0.346384060271167	0.119120773177968	-0.13391276992651	-0.811135342610499	0.0676495571721789	-0.266105323038148	-0.103731291728945	0.123543559286936	0.12410933717139	0.476742481450615	-0.107027310280642	0.164362269054489
XLOC_028309	0.984555832693967	0.799954675409494	1.12552667544788	-2.06629888449171	-1.17046250839487	0.296369701713848	0.86011382589187	0.73774831630834	-0.375370327515737	-0.656394294394896	-0.183266451990604	-0.352476560677585
XLOC_028310	1.04413347707884	0.339691532772534	0.608817371199665	-0.0203542497635825	-0.382306231919481	-0.401410688472809	0.323546938401073	0.737251032805105	0.579106616493784	-2.26876358374844	-0.196585912096733	-0.363126302749957
XLOC_028343	-1.5793412631754	-1.5793412631754	0.0457869983197461	-1.5793412631754	-1.5793412631754	-1.5793412631754	2.11245795319159	0.0195188262063042	2.93000328736334	0.410525820465607	0.837124125502922	1.54128930482748
XLOC_028365	-0.20567995978919	-0.25671827416178	-0.420749968421334	-0.473101408006458	0.11252027385118	-0.303674853130175	0.227860621253647	-0.0606484955040845	0.151405855170453	1.03821557644434	0.0492153220414027	0.141355310252001
XLOC_028371	1.19526596668733	0.439099861523951	0.585261340269993	-0.62905045509349	-0.840033874849123	-0.946306248095063	0.42295526715249	0.00920414240889222	-0.146579363347305	0.109212186525371	-0.605905238181066	0.406876414998018
XLOC_028372	1.01769753787213	0.905621463101722	0.922541091846496	-1.51491010637149	-1.33167427336822	-1.18786201099939	0.606203047005012	0.436332020661387	0.610050812294177	-0.437929190181464	-0.310106576029071	0.284036184168713
XLOC_028382	-0.0673901429101207	-0.165845036639238	-0.137218307826488	0.198920575954976	0.187741475853041	-0.0302798828829225	-0.484723892321768	-0.872328059851669	-0.187521565645864	0.0176815504267944	0.632155733788261	0.908807552055005
XLOC_028397	-1.24735614133022	1.48346852484436	-1.24735614133022	-1.24735614133022	0.656274630947847	2.09263926098997	-1.24735614133022	-1.24735614133022	-1.24735614133022	1.54841247759179	2.9506980949376	-1.24735614133022
XLOC_028405	0.408221881181808	-0.399097162276753	0.137908534460111	-0.239574352297354	-0.0811490766201075	-0.826090374334332	0.449118799207133	0.00304423471442306	0.319224315310366	0.12606732446332	0.313865945755375	-0.211540069563991
XLOC_028410	-2.09000750918785	-0.860612184161761	-0.721154783152157	0.0491704854925059	-0.55888077047909	-0.020849255351358	-0.0491017803268896	-0.7576594661293	0.70239253691854	1.81044677148167	1.21256758557133	1.28368836932437
XLOC_028414	-0.895898616235367	-0.646012947784291	-0.404952714032924	0.472155616890181	0.686056989908912	0.45827115311346	-0.494358489740257	-0.307056719195958	-0.213942828023327	0.508583213718436	0.435225874325385	0.401929467055756
XLOC_028421	-1.14865726789534	-0.364489400767074	0.958725653675403	-1.67240104270746	-0.161733285245553	-0.918053535402195	0.429864454770454	0.525016221280957	0.583100650705343	-0.0546622334061468	0.761555988003691	1.06173379698792
XLOC_028437	0.46930231441209	0.0951124671127799	0.437811691444237	0.674625826081348	-0.271212637594585	0.602570197749081	-0.370895980644856	0.0726818441539034	0.126378831381172	-0.616325018897173	-0.195426422307319	-1.02462311289068
XLOC_028444	-2.58874231959941	-1.17949848959313	-0.266908870872098	-0.449564324919054	0.116743130203055	-0.915764064553786	0.47244068646835	-1.07565993431382	1.40620783378989	0.230348755055012	1.75370641759059	2.49669118074441
XLOC_028448	0.998297241574203	1.10559251778279	1.2279200098863	-2.70666849584498	-2.230520047611	-2.54288487531888	1.46728237255683	1.45153892679035	1.45116733336994	-0.603190547726141	0.282284487345599	0.0991810771949648
XLOC_028501	-0.339597969245861	0.160731133936741	0.428603091855962	-0.0865652993654695	-0.118636447839199	-0.703051695194969	0.409587766432139	0.0362057883063631	0.305175727155657	-0.0302183212915672	-0.0313782849375031	-0.0308554898123106
XLOC_028523	0.280406916258332	0.00968399481155746	-0.00862779107044709	0.376061477647887	0.771032463052352	0.195582288637751	-1.07608817290755	-0.477342682961935	-0.673340033550963	0.227920968041023	0.167365861871004	0.207344710170989
XLOC_028547	-0.231780219793047	0.646140245006659	0.839762311023043	-1.10916847024154	0.37665474875195	-0.929482265270621	0.00392444278590265	-0.928787031139949	-0.0112129208322216	-0.961305645865877	0.591021027798578	1.71423377777713
XLOC_028550	-0.631356783351737	0.198522762679739	-0.0456151300470591	-0.698967564737232	-0.913774373485115	0.0383684633169441	0.774746208034177	0.574253867029786	0.0476384749281502	0.0911742646362796	-0.12396282026237	0.688972631258441
XLOC_028551	0.160052441773999	-0.102612223229755	0.0700825118658184	-0.284387933843313	0.0744040270033679	-0.735021971338119	-0.372020551322978	0.431206649366036	0.737752568931626	-0.0519983643743354	-0.168098752640138	0.240641597807784
XLOC_028563	-1.23359171259618	-0.26494436204751	-0.121987208822154	1.00292564032021	0.951017177963351	0.638652350255472	-1.45248370437076	-0.0390063052844525	-0.193492026176468	0.238271622967003	0.838040372452758	-0.363401844661269
XLOC_028584	0.661264790157651	-0.0821849372289467	-0.53691616636864	0.0654371606533584	0.104799443615358	0.774538044142731	-1.01663620956717	-0.885224039632446	-0.597657634881688	-0.24031293768723	1.16692708849447	0.585965398302548
XLOC_028589	1.01504477099751	1.45060662575186	-0.800023819576586	-0.800023819576586	-0.800023819576586	-0.800023819576586	3.07039797971744	-0.800023819576586	-0.800023819576586	-0.800023819576586	0.864141180145875	-0.800023819576586
XLOC_028593	0.37695645236044	0.547548943474384	0.407250592745958	-0.170659976360042	0.596598803056102	-0.109038530258045	-1.09164102081464	-0.662773360535525	-0.946726696552952	0.316907368329272	0.351007548961231	0.384569875593831
XLOC_028600	-0.290170851012617	-0.676923395286937	0.5257948451167	1.12265078366822	-0.849567213576948	1.05188992569229	-0.804701650431905	-0.335406096766027	-0.186266211775699	-0.0677294934648462	0.916271698939505	-0.405842341101736
XLOC_028625	-0.446537977359379	-0.838804249954411	0.244688341459541	0.276483414569155	0.626486096208269	-0.43784021464838	1.42374961791143	0.849008314433785	0.728553019372822	-1.66088922155034	-0.647674032024081	-0.117223108418413
XLOC_028637	0.248271485886132	0.188816089882732	0.581199047888635	-1.27919855778624	-0.691482228022128	-0.984938481013679	0.81210756632186	0.481274203327838	0.806182324628266	-0.0289341531989127	-0.0841612839284664	-0.0491360139860442
XLOC_028638	-0.86000942025291	-0.526221736917844	-0.200045085413924	-0.0334905599018089	0.291039050874069	-0.0525091624236058	-0.0374156097412222	-0.477596801011991	-0.0627074489677213	0.812438869389931	0.320656210339411	0.825861694027619
XLOC_028641	-0.600781540677162	-0.132376980024128	-0.0747068330279532	-0.478706173811708	0.0187038925853678	-0.414356895774319	-0.146992555407641	-0.70154474342803	0.0512295595168553	0.722917042328557	0.700642828833606	1.05597239888656
XLOC_028644	0.520190279949778	-0.012886106288768	0.129444066013907	-0.940792310314276	-0.487456148801725	-1.17677152663156	0.0604027003857919	0.335719042946856	0.15741185000797	0.873838841771407	0.24711696293903	0.293782348021601
XLOC_028660	0.281127284706701	0.273824821148717	0.370000013888014	1.11063130063379	1.23331789413222	1.22069166896713	-2.96958787859404	-3.2690575400343	-2.13176317883396	1.38703039202042	1.09372321148644	1.40006201047886
XLOC_028673	-0.204999253846776	-0.589290944015652	-0.40869737157457	0.54962347895914	0.353465490580999	0.915567789541472	-0.514667201634262	-0.513664276580398	-0.200117722014981	0.281359882503733	0.411279316332664	-0.0798591882513717
XLOC_028695	-0.0372371328073626	0.702099450679618	0.89518718753408	-0.785061319336752	-0.25948669650867	-0.654437280459189	0.0164505515657227	-0.395843737938173	0.171390227044812	-0.210941077193724	-0.0597626255405572	0.617642452960194
XLOC_028739	0.358002017391827	0.147844420575478	0.313804211413153	0.0666732375037213	-0.0751658782498712	0.177797815791058	-0.337444474834802	-0.112214699218235	-0.227805922174079	0.0195348925927767	-0.16407556107003	-0.166950059721012
XLOC_028767	-0.358698162662381	0.151060867488381	-0.202227088497317	-0.0476888503759652	0.693004963655415	-0.152184542790077	-0.662454424809487	-0.69901356416285	-0.377932481412705	0.417374950194723	0.596670862119694	0.642087471252574
XLOC_028778	-0.905705276016697	-0.905705276016697	0.719422985478448	-0.905705276016697	-0.905705276016697	-0.905705276016697	1.23389181711555	-0.905705276016697	-0.905705276016697	-0.905705276016697	2.00270567075446	3.28962173478512
XLOC_028779	0.611284674534736	0.892426422755395	-2.48570470473403	-2.48570470473403	-2.48570470473403	-2.48570470473403	0.764648167610427	0.992646480728506	0.710497167387949	0.310063914187987	2.27087048857211	3.39038150315899
XLOC_028783	0.47036440048677	-0.0529851261594692	-0.143195529157863	0.631193323322257	0.0627520772083452	0.740342064555546	-0.518737909547313	0.0560678530161658	-0.158776996248061	-0.85519290700015	-0.175525104221157	-0.0563061462550776
XLOC_028798	0.293972387408042	0.00218606831755697	-0.221458376604441	0.00963755523004739	0.33888736921114	0.131772063080668	-0.0723783104057274	0.0845224768865132	0.196316615802444	-0.242228166425012	0.152347836427166	-0.673577518928396
XLOC_028803	0.0900183232001552	0.0191924226242648	0.151086795161232	-0.0151611315620048	-0.0275341355543972	0.135248486367201	0.141421261839049	0.150979408094258	0.30294278912217	-0.358514654758107	-0.377750291287615	-0.211929273246209
XLOC_028823	-1.14137355327057	-0.0148870757408393	0.155351593993254	-0.458108150281973	0.0915413138782055	-0.530106643917329	0.294137015318163	0.726709595310726	0.64242970614544	-0.286221657854401	0.296655347311845	0.223872509107483
XLOC_028825	-0.017757570173087	0.133498727045582	0.0825998735558731	-0.638449164082154	-0.365348382374183	-0.171101902129902	0.167397446825115	0.771759733976209	0.388745894809324	-0.0784592359946572	-0.208401869751219	-0.0644835517069051
XLOC_028829	-0.0251309817418603	0.890625093858629	0.5297923724306	-1.84019957231596	-1.84019957231596	-1.84019957231596	-1.84019957231596	2.08611173110375	0.0558014722127933	1.46956045451305	1.43439028410316	0.919647862783712
XLOC_028838	-0.410962594536143	-0.465056589901243	-0.360352595367514	0.378324533874732	0.263350640232371	0.462116754925411	-0.0491956940692333	-0.13535783550387	-0.129158193896687	0.234759709221001	0.228894829134855	-0.0173629641136923
XLOC_028922	0.405734641013113	0.753102990828546	0.0419450557192498	-0.107946388223644	-0.0965556397250076	-0.79259571525814	-0.0191327053430062	-0.0977569282512292	0.265706955528747	0.276944115541455	-0.230118136571552	-0.399328245258534
XLOC_028923	-3.48566749823641	-2.21025265636103	-5.3007360888105	0.920148740779509	1.1706019782022	0.848322092049187	-0.316254003116587	0.501047146665058	0.561167536594805	2.68579202343044	2.23368842991499	2.39214229888834
XLOC_028924	-3.39081153471563	-5.20588012528973	-5.20588012528973	1.94161388525162	2.46565168428794	1.22334091939321	-0.571011136067614	-1.7275289398272	0.586877446306334	3.54880893641327	3.04537853425455	3.28944045528297
XLOC_028925	-1.38425699881236	-1.77062365426316	-2.16193519236856	0.613300683544701	0.693642251791088	0.348952161553898	0.174089255611312	-0.13823778091621	0.273132601346276	1.18440367757203	0.947925386638545	1.21960760830242
XLOC_028926	-4.61792480912016	-4.61792480912016	-4.61792480912016	1.72170502392497	2.30840239082037	1.70566754608577	0.112599573620368	-2.27933443856422	1.24397881628514	3.06905560823029	2.79320897820159	3.17849092875621
XLOC_028927	-2.6201814917081	-2.6201814917081	-2.6201814917081	2.27685128779075	2.67926721845551	-0.605109733209424	-2.6201814917081	0.20501853709147	0.0676908784997394	3.49576922307175	0.946206818974759	1.41503173615785
XLOC_028928	-3.57871813340091	-3.57871813340091	-3.57871813340091	0.969506750894056	1.90878401818371	0.68822338200587	-0.328365261056456	-0.100366947938377	0.747003045560929	2.47404744668642	1.82102038990173	2.55630157596484
XLOC_028929	0.590200269909696	0.471553000600727	0.041255825580123	-0.0795938963013523	-0.0909292347535597	0.330619430423125	0.272201796856839	0.421398694308857	0.317526597660436	-1.02867393498726	-0.390896143066382	-0.854662406231242
XLOC_028930	-0.392046484991964	-0.307034054059767	-0.662303109740551	1.05311685549005	0.607058789525534	0.84054462251359	-0.77210422462972	-0.638854001377591	-0.522916213024582	-0.0929717770920471	0.788334807005806	0.099174790381233
XLOC_028977	0.410889393884633	0.0406745096593877	-0.35852263388923	-0.485481985609587	-0.273146762330434	-0.438948579498895	-0.135348335677689	0.192633925707167	0.0193180885079638	0.411784219176949	0.27242491093098	0.343723249138765
XLOC_028981	-0.253498262459447	-0.226912977617289	-0.165043607877033	0.226006648985155	-0.0633141908031778	0.205892375576692	0.268433450658945	0.257951105703878	0.11436338404947	-0.000680744630399133	-0.139989616963209	-0.223207564623545
XLOC_028986	-0.728815403142894	-0.632900336501963	-0.250021133500598	0.146258559961552	-0.503950026678312	0.559819745182836	1.20796736045587	1.25748347098275	0.540760717565744	-0.34871300872234	-0.618705163758949	-0.629184781843699
XLOC_028988	-0.364654375952217	-0.687049415468099	-0.49814836672182	0.255985259767463	-0.317344764101462	0.911525126962417	0.897575818734703	1.15383045336314	0.622761319611964	-0.799062323763402	-0.481094760634208	-0.694323971798482
XLOC_028998	-1.71577630389257	1.37470712855691	1.50745905022743	-1.71577630389257	-1.71577630389257	-1.71577630389257	0.895300319305822	-0.116916214510867	-1.71577630389257	1.59398372293644	0.700689084785751	2.62365842816137
XLOC_029001	0.422712939242464	0.00898253935575966	0.967636887630155	-1.05916777726168	0.17783733334212	-0.916652773263772	0.442841247694955	0.116952203071842	0.770005923168307	-0.454132996405016	0.447781318021784	-0.924796844596933
XLOC_029009	0.317294065933966	0.0451048405794836	-0.0751639850393211	-0.198565094779511	-0.140507192787329	-0.0164244565214968	-0.171642041948241	-0.239891277963705	-0.176631190850298	0.284453748147094	0.236297978468516	0.135674606760841
XLOC_029020	0.567563618929285	0.632354821613026	0.719730169931069	-0.362321700921768	-0.333857900286084	-0.736817163660117	0.214864335932129	-0.0737879348406771	0.075356977548215	-0.0815895261983703	-0.506774643854286	-0.114721054192438
XLOC_029025	0.474181820650011	0.842460296788464	0.437692759519681	-0.571468715686652	-0.789983961760448	-1.53635286835514	0.701403694014287	0.576428033733523	0.486384253129053	0.032961886376297	-0.575617682713819	-0.0780895156952663
XLOC_029029	0.75218103795501	0.491903712081577	0.91450130173506	-2.340327440498	-1.1033223298942	-1.04203205177051	1.07583475627326	1.22082764606279	1.47369663068522	-0.623635279236219	-1.00697883216831	0.187350848774353
XLOC_029030	-0.808855533094038	0.414433604258472	0.689090188888452	-0.475491502696896	-0.837443484852795	-0.178180528633086	0.790436892833486	-0.455106757488053	1.10947074754217	0.533096124483559	0.267775352872208	-1.04922510411347
XLOC_029036	-1.44112170172273	1.64936173072674	1.78211365239726	-1.44112170172273	-1.44112170172273	-1.44112170172273	2.98099680393482	-1.44112170172273	-1.44112170172273	-1.44112170172273	1.46728924504842	2.20809047995189
XLOC_029068	1.18293290586353	0.289211229001003	0.25504267877725	0.1172231186652	-0.613116564660806	0.247847157542764	-0.235261783610679	0.953999533644774	-0.623124187852606	-0.848818054503924	0.374079491743457	-1.10001552460996
XLOC_029075	0.209076394798781	-0.56045467924798	-0.286634121162686	1.52804640387599	1.36174677435594	0.675706203898801	-1.17568427268876	-0.455353107873059	-0.358138938517	0.0736247106264702	0.000462801517978839	-1.01239816958448
XLOC_029093	0.72946112649922	0.238112751532146	0.284129194247902	0.69864681371569	0.0144865649975809	0.49892263426163	-0.264556022702077	-1.16550894029416	-0.552366888108372	0.288726610387566	-0.361718376466961	-0.408335468070154
XLOC_029108	-0.718542120822702	-0.0474872838316163	0.00215634126769526	-0.185811500638523	-0.145948559619545	-0.449024173568906	0.424265458967473	0.0999700719659966	0.521400821997402	0.447936613828261	-0.114703782198232	0.165788112652696
XLOC_029137	-0.960412788808878	1.29021765651957	0.664715472686266	-0.960412788808878	-0.960412788808878	-0.960412788808878	-0.960412788808878	-0.960412788808878	-0.960412788808878	2.34934723802013	-0.960412788808878	3.37902194324506
XLOC_029173	-0.469673875414419	0.206557559352238	0.031951571697876	0.0870618711416551	0.184038450886968	-0.231202185314645	-0.546927386325171	-1.26819378148097	-0.531669553612181	0.941110316602041	0.763801836585072	0.833145175881521
XLOC_029176	1.52541866752295	0.0111654410876567	0.130526940505768	2.30875988005418	0.457210238121788	1.47950232345892	1.78988039654224	-0.640604914859087	-0.343463959712039	-2.23946500424079	-2.23946500424079	-2.23946500424079
XLOC_029242	-0.404919074842185	-0.187289248974283	0.00482310181724621	-0.154372638946732	0.10236190458208	-0.491661869057181	0.0463346621163616	0.175624191685714	0.19244576791829	0.382374784807638	-0.0864276241835285	0.420706043076569
XLOC_029244	-0.992262665075775	1.03301063146441	0.922886100350029	-0.683461574978373	0.246371045014375	0.389336378478921	-0.601355565142784	-0.610900858882005	-0.517911751488675	-0.101927015033025	0.414924471915649	0.50129080337725
XLOC_029252	1.05006953787798	0.369865577941416	-0.0478204515472136	-0.114811504953171	-0.00469701531911149	0.143571515130604	-1.20378189249791	-0.0113812395112909	-1.51715182397145	0.337409696202681	0.494708016007645	0.504019584639816
XLOC_029253	-0.819323216111544	-0.819323216111544	-0.819323216111544	-0.819323216111544	1.87735202625103	-0.819323216111544	-0.819323216111544	-0.819323216111544	-0.819323216111544	1.97644540281047	-0.819323216111544	3.5201115159424
XLOC_029276	-0.88139981619351	-0.48141553536152	-0.24800822363569	-0.54290763211108	0.301174771414486	0.248202322693031	0.788807374862593	1.05637114258537	0.625009203513929	-0.647438243744945	0.143358323150435	-0.361753687173104
XLOC_029282	0.651038216294103	0.0905905957422144	0.974839726025055	-0.241670934368818	-0.00038283376723669	-0.680622178150213	0.00090967798311592	0.199088052879458	0.336751700881736	-0.859922821934753	-0.0476558922325836	-0.422963309352065
XLOC_029286	-1.56454650898957	-1.56454650898957	-1.56454650898957	1.32278596620812	1.13212873337301	1.26002048386473	-1.56454650898957	0.774043861566382	-1.56454650898957	2.12341178586078	-1.56454650898957	2.77488822306438
XLOC_029308	0.330298845869259	-0.300486392857418	-0.125300710377569	0.0326278714565431	-0.0523919400669772	0.129365955059973	0.226654100952811	0.252522179981022	-0.0627626411780255	-0.224686982004858	-0.00428380255797212	-0.201556484276795
XLOC_029330	0.313625418152998	0.179446255272065	0.0427488461407952	-0.629932638723511	-0.485358404226949	-0.123349271782787	-0.246240434876595	-0.176569228181746	-0.282273614776895	0.667589135918655	0.0996860828536787	0.640627854230281
XLOC_029331	0.0266012547506751	0.21433008446596	0.226477116570397	-0.0967514404671057	-0.166264963973395	-0.272023282222877	0.0467585709477039	-0.000384475731065592	0.0280337148418486	-0.136526702682684	-0.0272388260357488	0.156988949536272
XLOC_029343	0.282437056096656	-0.0818106853504972	-0.248595590289977	0.252515373266968	0.0467002285456584	0.404146196352649	0.0234931035623962	0.221747593745667	-0.186328906144629	-0.346672483711991	-0.127833403191167	-0.239798482881755
XLOC_029344	0.693489351458242	-0.435690700975139	0.229586269951152	-1.45595464787558	-0.829498891062038	0.740767381982164	1.1086948557975	0.741462616112835	0.983170417114128	0.161784161425732	0.0402141772582487	-1.97802499118724
XLOC_029391	0.457714042372035	0.351246748028241	0.22207709799245	-1.34942962870028	-0.849925078573212	-0.0368477854508331	0.683412158947566	0.281903253369569	0.497030766135157	0.0439639230105833	-0.0223422278055159	-0.278803269325763
XLOC_029399	0.0536101195685466	-0.866026311094955	0.959286965544036	0.591715140750534	-3.95650974354443	-0.616514341224233	1.17540469850085	-1.13130971474486	1.11653019447577	1.88817911106568	0.402708892193541	0.382924988509512
XLOC_029438	-0.801271820380145	0.544395704148067	0.607017208083176	-0.4601576416472	-0.133522660061164	-0.232611248497494	0.374970218644041	-0.0057865425498731	0.500900528719251	0.136171419528065	-0.285524732358954	-0.244580433627768
XLOC_029439	-0.0703971834343982	-0.135642201039673	0.198011144009369	-0.0823837602614308	-0.136930985319468	-0.820200734115247	0.705076036333624	0.0880462050314588	0.528777202112705	0.154884332847821	-0.297742564958811	-0.131497491205955
XLOC_029453	-0.266953160577005	-0.491683669116938	-0.0558255791250906	0.442523621579861	0.200355847054134	0.559307428710657	-0.154139079933166	0.176171579936955	0.210347301535417	-0.195388813680529	0.0560370583714649	-0.480752534755763
XLOC_029463	-0.188007451478091	0.428296740023415	0.150067737157327	-1.7587499834628	-2.25224887613734	-0.935863216337356	1.37842695198125	1.10270983921722	1.18874063672304	0.1961617330098	0.00750100842942913	0.682964880874113
XLOC_029465	-1.94222874224413	1.43590238524529	0.427763202502431	1.84416085241001	0.754446500118451	0.0728430162545541	-1.94222874224413	-1.94222874224413	-1.94222874224413	2.04509628706738	-0.278063742521666	1.46676646790005
XLOC_029479	0.205150995290723	-0.632882297698091	-0.774996047590054	0.960747674424979	0.674244569154884	0.708616688775886	-0.735977518517418	-0.95785749796524	-1.52188811436714	0.956714611791312	0.618222580364683	0.499904356335467
XLOC_029480	-0.195312660608121	0.221704901038793	0.0631848732929523	-0.226657479110253	0.0831406215428938	0.036884317740963	-0.508866369879669	-0.703832115296322	-0.633335627621832	1.03140707406787	0.35007082600518	0.481611638827536
XLOC_029489	-0.769679938046195	1.24037905822675	0.563935837571934	-0.692544490723315	-1.19891255814823	-0.301211378335715	1.18170994937287	0.968526762473342	0.863839018005067	-0.333275320251316	-1.21341149047631	-0.309355449668876
XLOC_029505	-0.366659287615755	0.580723296261852	0.204070217164325	-4.37677915072873	0.142530101100092	-4.37677915072873	1.1241199591928	1.00106708641301	0.132565399810011	1.46790970388138	2.07890992155912	2.38832190369062
XLOC_029509	0.00494642408505985	0.235378876008244	0.0107419741208608	-0.447911866696313	-0.841814466154184	0.0188496773800191	0.604579073218386	0.501018403973819	0.22909723206396	0.0133133747133511	-0.281238830489147	-0.0469598722240656
XLOC_029516	0.550766326615532	-0.304067304416407	0.329305674149474	-0.403972160324141	-0.0670152474806649	-0.145589140240366	0.344771414608136	0.0822398729969995	0.735406418327105	0.0056086613204247	-0.955434962758916	-0.172019552797178
XLOC_029521	0.051176106808045	0.232954853636133	0.271262107669963	-0.108637137642789	-0.27382610648311	-0.364140200018919	-0.0773298648379814	-0.523894161793416	0.182497838169038	0.205419292965881	-0.224893747633816	0.629411019160968
XLOC_029528	-0.109542916801267	0.0483068034099627	0.205741745193265	-0.102131010114439	-0.10485740281824	-0.128076509510441	-0.0279217839030963	0.418023971178419	0.00193649401896145	0.0774932367272978	-0.192944453393588	-0.0860281739868327
XLOC_029538	0.0145143653347413	-0.31213654756279	-0.193943075126897	0.308992666808513	0.214799362380984	0.269474524300933	0.0186792978750017	0.0595511758433096	0.109652593231493	-0.266918197280956	0.117264002210868	-0.339930168015196
XLOC_029634	-0.550606790435761	0.388044062533308	-0.0806850427694847	-0.0870797465661335	-0.881058774180835	-0.490859916328933	0.749953626129034	0.0270262556804433	0.7587852113856	-0.19207664649721	0.0139936090748289	0.344564151975142
XLOC_029672	-1.2093607479153	0.429979315763948	-0.058447710590575	-2.90402493413001	-0.0127642712908553	0.132700028789608	0.82023367389531	0.660838358690084	0.315049605244317	-0.343369668978346	0.755395550286787	1.41377080023503
XLOC_029687	-0.00327982006123939	-0.161326057284191	0.0567941161620356	-0.595737389006818	0.118061459180805	-0.613896422844131	-0.123154826416788	-0.341323058242994	0.0191191088805454	1.07740547374166	-0.160862931387726	0.728200347278841
XLOC_029713	-0.0375030473045435	-0.00586841559806928	0.320350410469105	-0.115594640771043	-0.326758695327799	-0.540237810704161	0.201291574155585	0.0798728159038244	0.12318162915782	0.033214005439234	-0.0801917314848843	0.348243906064919
XLOC_029721	-0.0526355364691273	0.115456960219454	0.299656043898002	-0.388209406404297	-0.0129264216450533	-0.261649509774081	0.00290923567424883	0.36616634013855	0.439441510677016	-0.0143095900615027	-0.487789585505622	-0.00611004074757915
XLOC_029723	-1.56909577851671	0.313628089269301	0.543162398875317	-0.302303420108712	0.290554745957515	-0.374838267735412	0.833783905403193	0.216860658255552	0.887513634518715	-1.02652416645578	-0.174105754127712	0.361363954664741
XLOC_029754	0.250008981428509	0.325222885318057	0.394827943207078	0.168647306288905	-0.0693832278488351	-0.0335826806858268	-0.0751014252150242	0.0116305904771483	0.144435487762836	-0.498224076912035	-0.322818387972564	-0.295663395848246
XLOC_029818	0.572737090598557	0.356280696083134	0.49692219079308	-1.57670690873527	0.478163604785615	-3.6469263942843	-1.03584977108591	0.0727220317260309	-0.0755861014284385	1.66181497909167	1.75281212901834	0.943616453437486
XLOC_029825	-0.398461467285272	-0.26411449178765	-0.277825972850707	-0.303179458940246	0.590281553863111	0.565498564843421	-0.353795409546748	-0.779250111258762	-0.935901737955461	0.577584830375023	0.901689678025268	0.677474022518032
XLOC_029826	1.28313904965677	1.37059258757506	1.46527488707945	1.11322116385825	0.919538957975499	1.64874122573806	1.50445716282784	1.60423445600258	1.82712124057441	-4.20893445893527	-4.92166963182767	-3.605716640525
XLOC_029832	1.21085917879927	0.126516997745361	0.904841317049962	-0.158132271152795	-0.158588056503803	0.419664242769098	0.147501880439265	0.343746468808138	-1.88669647381156	-0.663723000156377	0.271603203298405	-0.557593487284954
XLOC_029833	0.744009702463734	0.238853575129765	-0.721938217928455	0.969678559034111	1.07419616302204	1.14850037088889	-1.07197520865418	-0.82574370907434	-1.19928349409728	0.173736177990354	-0.542683462151658	0.0126495433770444
XLOC_029834	0.599952373851497	0.454775935235991	-0.0542053652872072	-0.289928367697829	0.721002781905001	0.578749656085837	-0.935609832932145	-0.5491108616901	-0.352051765569007	-0.151001730123132	0.0970315530613233	-0.119604376840228
XLOC_029838	-0.685416866242599	-0.451979962648766	-0.0368799339014174	0.141533348376194	0.351185078282144	-0.106870734172407	-0.58997967532585	-0.986230155696193	-0.360766402203593	0.795999182980888	1.00511797373867	0.924288146812927
XLOC_029842	-0.894711980812684	0.123819780732907	0.154133084406282	0.23259372632129	0.435070304149776	-0.0573021180234008	-0.763098962165589	-0.561299058648296	-0.353302236347449	0.767853657624671	0.452338462211884	0.463905340550597
XLOC_029848	-1.25759104257068	-1.25759104257068	-1.25759104257068	-1.25759104257068	0.646039729707396	1.56697595028362	-1.25759104257068	1.08099932798527	-1.25759104257068	0.73227604107033	2.01699881384844	1.50225639252899
XLOC_029853	0.153666132587215	-0.264528610945222	-0.0895008032444462	0.390514661790652	0.279521562650096	0.610293253935698	-0.140020073531753	0.0652934284298841	-0.0909555102045623	-0.393067642954131	-0.126144802838487	-0.395071595674935
XLOC_029878	-0.000742429651807264	-0.0843150374996684	-0.267486999611092	-0.433517331897621	-0.782623397553048	0.108896279826901	0.873661320011526	0.599115393489535	0.709485287990951	-0.198168303326622	-0.639896416626336	0.115591634847272
XLOC_029881	-0.47231514114913	-0.528876634285748	0.320159518662578	-1.8046461508343	0.607470084131633	-0.973011298332279	0.128261462263977	0.754601097011159	0.785339525598117	-0.0611038753312911	0.375812343027957	0.86830906923733
XLOC_029885	0.616398041300348	0.507481060089891	0.973066627170713	0.35539831708649	-0.510777123239883	1.06979985799629	-1.72349926062648	-0.930090788489749	-1.72513274891985	-0.285179686544533	0.825664120155121	0.826871584021658
XLOC_029887	-0.153634168844506	-0.0791072302308296	-0.510822440923942	0.799055122330376	0.890344766683357	0.650904836116228	-0.366379725382363	-0.491162329668708	-0.426474129091434	-0.264518188685466	0.165674516632164	-0.213881028934874
XLOC_029897	-1.3010892767509	-0.427819835199119	-0.334754842748588	0.010674187958589	0.894709884291768	-0.108080824938114	-0.304607327489975	-0.688453021698344	-0.244311280617582	1.34052645487509	0.525905046077542	0.637300836239646
XLOC_029899	0.416721071197259	-1.39834751937684	-1.39834751937684	-1.39834751937684	-1.39834751937684	-1.39834751937684	-1.39834751937684	3.14510929071213	1.28952485083101	1.91141250745217	0.265817480345623	1.36149991572283
XLOC_029928	-1.31499309138278	-1.31499309138278	-1.31499309138278	-1.31499309138278	0.588637680895294	1.50957390147152	0.119673474910642	-1.31499309138278	-1.31499309138278	3.47932067512827	1.95959676503634	0.233156050854603
XLOC_029934	-0.903540560977649	-0.671456743983981	-0.432715266597249	0.221822753752492	0.00121738061192289	-0.364962588808351	0.475080048123449	0.376964907194914	0.584961729495761	0.279929054388338	0.260304357974701	0.172394928825655
XLOC_029940	-1.46041085974643	-1.46041085974643	-1.46041085974643	-1.46041085974643	0.443219912531643	-1.46041085974643	2.23138835662056	2.0179403257161	3.04893369079231	-1.46041085974643	0.203754139976031	0.817228732841927
XLOC_029942	-1.08400252085625	0.441791498381441	-1.08400252085625	1.80332995434144	0.819628251421826	-1.08400252085625	-1.08400252085625	-1.08400252085625	-1.08400252085625	0.90586456278476	-1.08400252085625	3.61740337906425
XLOC_029944	0.0785627913701044	0.189033375646995	0.156119573145218	0.317588237087322	-0.193616032945688	0.616037078678359	-0.131345664226527	0.263830871595146	0.0871954736520308	-0.287067455240637	-0.402116339884923	-0.694221908877397
XLOC_029960	-1.37830101550506	-0.520932116881674	-0.376282733923468	0.128641831905457	-0.193068996367496	-0.725299364420386	0.217117768488655	0.304397477598687	0.663024345036287	0.379659472860784	0.835699301775587	0.665344029432625
XLOC_029961	-2.03874965038943	-1.51788543914025	-0.0332824863459971	0.0419662767863827	-0.174258881270009	0.0932387679806705	-0.151256943964279	0.557079326558524	0.507899789506045	0.374591899287055	1.08838115073542	1.25227619025587
XLOC_029995	2.33363533329973	2.18660525205393	0.938743606282543	-1.43124833846401	-1.43124833846401	-1.43124833846401	1.17982828473438	0.167611750917688	-1.43124833846401	-1.43124833846401	0.232916661258445	0.116900803773365
XLOC_030003	0.93502272684394	0.516900077130407	1.05194107906776	1.45686811056969	0.697001644842906	0.672218655823216	-0.0218141266120844	-0.752729047826135	0.51353585683779	-2.21426329014552	-1.5430029492579	-1.31167873727408
XLOC_030015	1.03360638188071	1.49921586723876	1.13131864394493	-2.44829311370409	-1.13901109451402	-0.992358731185399	0.841315894547627	1.10719622986434	1.06620897060576	-1.22680705076397	-0.010254035799802	-0.86213796211486
XLOC_030018	0.179320644479464	-0.448452376809568	-0.34745492615685	0.74236288915084	0.479403044294237	0.768363897928046	-0.516725924549785	-0.2644238262369	-0.646285915768244	-0.0312592366589364	0.124587217594488	-0.0394354872667861
XLOC_030021	-0.887843087148703	0.436615249815267	0.363420516011066	-0.543378815756496	0.192805395394009	-0.791587879373752	0.0611428869603792	-0.113137238030509	0.202498645980876	0.208550795059338	0.176996422128974	0.693917108959559
XLOC_030040	-0.847987890694355	-0.142678122802943	-0.538970563185393	0.0204810425770461	0.64870532255621	0.374612543538942	-0.0811363248425581	-0.806721468514967	-0.0797302552266368	0.459283396378934	0.281548568511355	0.712593751704389
XLOC_030041	0.0831070662756694	0.0121082074009209	-0.174833774558476	0.049928014084065	0.0296534454994983	0.296493696989394	0.181944193038923	0.0539298000106907	0.0888917848563828	-0.225344075794355	-0.0722155661541599	-0.323662791648534
XLOC_030043	0.61532131503892	0.11031217341154	0.0232812206218096	0.436749552606473	0.562700939060217	0.175325837557168	-0.925030058091008	-0.973586242364049	-0.367037313862713	0.388648672282299	0.226433096838319	-0.273119193098974
XLOC_030066	-1.04673739407737	-0.700245674709707	-0.145847772481446	1.01484871559936	0.152156829715022	0.746945112497968	-0.524054107140157	-0.478826711919722	-0.175708051897917	0.814704904538237	-0.0892889276790605	0.43205307755479
XLOC_030110	0.208018326803768	0.803605886322906	1.11237850817643	-0.485238063893598	-0.271955544401081	-0.282181856247989	0.178289569574825	-0.555721051373942	-0.074409011994141	-0.589246439401512	-0.395720078203873	0.352179754638216
XLOC_030112	-0.90214598006261	-0.86600612745506	-1.35443315380958	1.14402281202289	0.623207221873665	0.632306537545011	-0.432147419115865	-0.0999756516321737	-0.342338100475103	0.738716052568432	0.614151757874825	0.244642050665581
XLOC_030164	-0.646272271929947	-0.50180958981808	-0.491600747848524	-0.0290388095953702	0.0325246015179612	0.0226419472969823	0.358426797564963	-0.156095078543251	0.259208371833482	0.444944285145722	0.296889718082461	0.410180776293608
XLOC_030178	-0.259988801958189	0.56411833255978	0.302844785736416	-0.989058903155653	0.524421939147593	-1.81831645975091	0.257194306123734	-0.562955771122688	1.09185641569532	-0.228542414074643	0.644353013518328	0.474073557280911
XLOC_030179	-0.649857728630078	-0.802806843169129	-0.659325469207913	0.253819820576753	0.0358656784861138	0.0851941887373284	-0.300590899338708	-0.948541269957125	-0.287631713119607	1.31243437960605	0.777192696733366	1.18424715928294
XLOC_030184	-0.255409691966466	-0.890429096838257	-0.405880871261913	0.866118654009528	0.584127248929262	0.822581370668001	-0.348323383979972	0.040856729312984	-0.88350028229771	0.00673146132873725	0.201282482893127	0.261845379202692
XLOC_030217	0.52811198369784	0.00946758511477075	-0.0281404074298326	-0.185515779745828	-0.101474863170623	0.250638358737222	0.459042911761728	0.343499072424688	0.270534494913433	-0.359564555909377	-0.877259707982371	-0.309339092411635
XLOC_030245	-1.62315448971767	-1.08919226346926	-0.78772276369062	1.55412019274929	0.637945876179308	1.43523723618553	-0.559981252340664	-0.680268972654014	-0.420181006277525	0.417931575108551	0.379638170137021	0.735627697790066
XLOC_030246	-1.32625752202763	-1.46240120014616	-1.65684317014514	0.686155512688213	0.95324690617534	0.613643755207784	0.1696359343534	0.464517079763579	-0.259079901336094	0.812714349094608	0.630566648499721	0.374101607872383
XLOC_030249	0.358452443004566	0.0734284873678579	-0.223711531683052	0.0339939131213525	0.20189546141079	-0.707409091958752	0.292006561098903	-0.262293510130757	0.678283275720894	0.0969018745379673	-0.132586303236513	-0.40896157925328
XLOC_030263	0.167727131856156	-1.30671269735663	-0.0925195396600245	0.646981823100769	1.17588239962325	0.94429279716458	-0.909299650604351	-0.918844944343573	-0.0714749508442667	0.799098054944841	0.106980386454081	-0.54211081033484
XLOC_030266	-0.491123849869872	-0.312132231758258	-0.164569838333258	-0.973369362827174	0.675076703126622	-0.539960473732762	-0.211632918616835	-0.130039067279577	-0.0293977358594475	0.897003553643572	0.568397661179912	0.711747560327079
XLOC_030274	0.034377936989844	-0.314784878751396	0.338976351693296	0.119705323581177	0.137763191261794	0.427438765583946	0.0608149761273387	0.30009332972603	-0.0279539826380732	-0.634089122216206	-0.126485493744797	-0.315856397612944
XLOC_030307	-0.0665410214142597	-0.242186402244881	-0.317304088244653	0.560752614688777	0.21764437803005	0.430945321458074	-0.0609071012131537	0.0138217899755482	-0.0926305199368365	-0.112878747917597	-0.0719312633325604	-0.258784959848514
XLOC_030319	-0.484867632731684	-0.550072796350235	-0.592476215114623	0.0170436821058164	0.34113874253145	-0.160583501006541	-0.0552321614974662	-0.196860310354049	-0.265224072709694	0.557682323877997	0.597937923687308	0.791514017561737
XLOC_030320	-0.449160775591864	0.0590691147373565	0.380461980653201	-0.138911076890326	-0.461090488687745	-0.421024720481499	-0.259128415899528	-0.4713773092851	-0.0508762874369362	0.630863044850046	0.55138994540222	0.629784988630176
XLOC_030327	0.289874915425498	0.103512679339802	0.377044292724582	0.0507668473026524	0.0933567436463445	-0.425021029621071	0.251287481651636	-0.26488046880241	0.546905555236394	-0.0552744144640123	-0.433167225741636	-0.534405376697765
XLOC_030348	-0.130123301174292	0.135895662814733	-0.776960766922236	-0.746331575643871	-4.532721170298	-0.813753842598295	0.527359581503099	0.845125066843743	1.11091764886624	1.38471250507763	2.09106696085591	0.904813230675352
XLOC_030351	0.338057087181991	0.0085152681633005	0.271125652664839	0.442851511125276	-0.0970764698925901	0.0211568389933134	-0.620059457078942	0.0271469731841236	0.0532304220901203	-0.0604880283586855	-0.192243870195511	-0.192215927877229
XLOC_030390	0.442166500768279	0.522589490472736	0.255670983598812	0.00965321391189633	-0.0962041326952896	0.0108205438138516	-0.298753133239796	0.104365661192951	0.183252476302386	-0.436079520389184	-0.213141986590074	-0.484340097146538
XLOC_030407	0.203863566270628	0.527486417442478	0.582998553836166	0.542702734587235	0.323728587596244	0.136573050534781	-0.0784454076522065	-0.342053944304047	0.0707015092103402	-0.612302875908718	-0.65004144911363	-0.705210742499265
XLOC_030410	-0.316257723514821	0.12772357798187	0.253528233310455	-0.293313626471842	0.343159040308686	-0.315265315116348	0.474947332264055	-0.0596885750490497	0.541630802507413	-0.678582450010275	-0.170745033636219	0.0928637374260752
XLOC_030414	1.14870820814667	1.93287607527493	0.179873209280656	0.624964433334542	2.89036803714442	1.89474035010571	-1.44525505221449	-1.44525505221449	-1.44525505221449	-1.44525505221449	-1.44525505221449	-1.44525505221449
XLOC_030416	-0.294972874324461	-0.160796763943974	-0.246452231408089	-0.121565313801303	-0.214216688660535	0.41594076040861	1.10035424827844	1.1672728429026	1.37753495178969	-1.50469854512333	-0.916901563378977	-0.601498822738661
XLOC_030432	-2.30277654309509	0.0452568580770558	0.894293011025382	0.430379750625781	0.40146411815964	-0.777849731348986	1.67663295990517	1.39434826548989	1.06736572617599	-0.130520104357672	-1.70137974499086	-0.997214565666306
XLOC_030487	-0.101207008682717	0.557304353962275	1.05899954445483	0.0495051591211011	-0.222484115785506	-0.365860526921485	-0.613631935415007	0.138722416256989	-0.23276259569441	0.30306818691743	0.00397469309065812	-0.575628171304174
XLOC_030499	-0.0585894554269029	-0.516926149586219	-0.117608501143234	0.27125375442778	0.0754925467688992	0.314575276924364	-0.40892127489068	-0.551598147000028	-0.55993346969491	0.97226402795201	0.183533522857113	0.396457868811796
XLOC_030513	-0.617161398234459	0.148842743595075	-0.992375100157087	0.857576666555809	0.307524223320112	0.574004965341925	-0.561806840043707	0.159603359236273	-0.404427257165625	-0.00654667321661417	0.352400384964258	0.182364925804035
XLOC_030515	-1.29525809647986	-1.29525809647986	-1.29525809647986	0.774961389069166	1.40141714588271	3.81168635198878	0.139408469813554	1.04333227407608	0.600742948048886	-1.29525809647986	-1.29525809647986	-1.29525809647986
XLOC_030530	-0.911071437383902	0.264650628684103	0.691272688822965	-0.698009691823677	-0.145369768252248	-0.64673720062939	0.789458384777981	0.3736270707883	0.671817727930185	0.240235716511605	-0.807924029208311	0.178049909782403
XLOC_030538	0.787790907292966	0.338812817446879	0.517422611948495	-0.0895053818361955	-0.173513425617295	-0.025799850246651	-0.190122908623958	-0.113905466095307	-0.391529726722898	0.17877262868736	-0.505073006309143	-0.333349199924256
XLOC_030543	0.194066567504599	-0.0317700239657412	0.0471388563633095	-0.0255396995778057	-0.136081119444709	-0.131600551035557	0.358767772399867	0.140817713408468	0.273125723723547	-0.0504704674274947	-0.344000152552786	-0.294454619395703
XLOC_030557	0.561094225964705	0.388886697042637	0.777574542541451	-0.745235191642896	-0.48996443438615	0.420201478198533	-0.134266878120854	0.380841066716107	-0.403049838082224	-0.848304944867555	0.0536093695592443	0.0386139070769955
XLOC_030561	-0.654132428615124	-0.73604107426239	-0.177548839528251	0.82551657774434	0.552566773245522	0.817560396078154	-0.193445836270223	0.161667885747685	-0.134015992808818	0.172464646548026	-0.0161241223134905	-0.618467985565428
XLOC_030570	0.367271658152648	0.384936241155968	0.374298810140973	0.36456108312236	-1.23225698031128	-0.150022709124571	-1.12134500695523	-0.269687413233247	0.138252452859298	0.495597150053757	0.158181998393644	0.490212715745669
XLOC_030571	-0.253753599585405	0.414811907306617	0.00130397328328336	0.375273366781092	0.937599964675171	0.622761973727596	-0.525419394728473	-0.869132615000835	-0.553268860257471	-0.277803102729581	-0.0562392442025832	0.183865630730599
XLOC_030583	-1.94302778848771	-1.94302778848771	-1.94302778848771	2.14422752194815	1.2624595207117	2.32391372691907	-1.94302778848771	-0.344167699106008	0.744844581720134	-1.94302778848771	1.3315620679314	2.25229922231411
XLOC_030599	0.920445546654332	-0.713880869291041	-0.00877153440424028	0.278994816415823	-0.0594295307106192	0.20806811854006	0.244765229631448	-0.142838937898452	-2.33303730889096	-0.39003492839811	1.39867550097682	0.597043897374934
XLOC_030605	-0.111823264245981	0.259990073860466	-0.150125298637334	-0.0598911652889935	-0.752735520895395	-0.341286845577272	0.547577180066197	-0.320731947536368	0.354340075989811	0.178212387906017	0.0194888072222561	0.376985517136584
XLOC_030607	0.582881253707278	-0.238782933489153	0.153607116225864	-0.0604458763756028	-0.00443005746974379	0.0568602206539408	0.0776376795298219	0.709806958959335	0.142615388900367	-0.946633836198397	0.0290721093141224	-0.502188023757833
XLOC_030636	0.356997529124101	-0.951271484918421	-1.29216365945848	0.346119991654763	0.521728308889589	0.383861017704049	-0.547918169699157	-0.0904218126309555	-0.51619168976027	0.636955809844204	1.17815486176758	-0.0258507025170021
XLOC_030650	-0.00790249219086991	-0.938384060168937	-0.691478084519729	1.03398980362163	0.419954103464716	0.983317695548771	-0.980507465767788	-0.683278060289243	-0.408339417296715	0.137021075847668	0.877661084695801	0.257945817054698
XLOC_030658	-1.36491000704139	-0.395450508063505	0.416216537722664	-0.456942604813066	-0.328308062516652	-0.379081968307845	-0.0827523188939674	-0.754607403328733	0.13148076956547	1.05788205906849	0.820239112603357	1.33623439400518
XLOC_030694	0.73284287785156	0.281887069529784	-0.0831227422973289	-0.22828114746655	-0.104729626804087	-0.383251962769732	-0.499878422152339	-0.573379108618557	-0.231556403564843	0.213464798318881	0.60473385857698	0.271270809396228
XLOC_030696	0.61793381006328	0.86993097436912	0.349741289707445	-0.203669106972934	-0.186022531166976	0.252994394135522	-0.65085003067698	-0.717544141986753	-0.709156065858338	-0.587060646906466	0.566771966112488	0.39693008918059
XLOC_030702	-0.32050400618169	0.134123508941867	0.0656819440336154	-0.426597904331284	-0.669621181908328	-0.829859957668336	-0.254487015936256	-0.206268483790335	0.0709033943741186	0.624030847769902	1.00860514984336	0.803993704853367
XLOC_030705	1.19792101791893	-0.604363736066512	0.718851318375964	-3.98249486355593	-0.401607620544991	-3.98249486355593	-0.73214199121148	0.991833152771998	-0.113706552555273	1.78558548792288	2.82014053856173	2.3024781119386
XLOC_030706	1.08035297827645	0.672409927534662	-0.240446502202307	-1.10887443038039	-1.2995316632155	0.270734609828705	-2.56154033928465	-0.276558479567743	1.1890039542671	0.238911229233449	0.0203882763567655	2.01515043915346
XLOC_030709	-0.765158430107563	0.206353766576715	0.375383471436583	-0.165246891745472	-0.072368392417113	-0.700962697751233	0.240054166027702	-0.666904659553457	0.0945294749740633	0.627390248259401	0.212949806463719	0.613980137836654
XLOC_030715	1.66339252572421	1.01322641237169	1.37261123063348	-0.272008540005096	-0.232646257043097	0.323114611026643	0.151794439310651	0.242520584762834	0.482517188736886	-2.19854171687131	-1.12992481841553	-1.41605566023136
XLOC_030730	0.257932417421046	0.244664164117115	-0.319658657878328	0.306431473317517	0.0148155078287697	0.345273773199976	-0.191737040681554	0.192010027691591	-0.0366848127237986	-0.62409050824986	0.0893752126418974	-0.278331556684346
XLOC_030735	-0.0335749893565236	0.870158171992471	-0.0426982577444974	-0.392668191754102	-1.10178341875769	-0.973891668265966	0.374026321906683	0.308586984526482	0.0703296498803945	-0.488698634291255	0.218136520814575	1.19207751104943
XLOC_030737	-0.187149007015339	-0.881631236445005	-0.408609659481398	0.678118311896724	0.438544646857417	0.723311156576064	-0.58135241827506	0.141725070059164	-0.23542618639397	0.0749921462798637	0.237643824735856	-0.000166648794311719
XLOC_030762	0.982473787811268	1.76914469427876	1.38984022822706	-1.14585452185282	-1.85496974885641	-0.532827365395008	1.24283310235537	0.597847545950749	1.09199382794526	-1.75587637229697	-0.353590754951156	-1.43101442321611
XLOC_030764	0.765729190706603	1.58097895325223	1.25854312484707	-0.839552616220987	-1.97013872584713	0.0533517625923308	2.10969257498011	1.81078914377767	1.41328737870392	-1.86586600821753	-1.90103617862742	-2.41577859994687
XLOC_030783	0.877663396377166	1.20317685333455	0.965498126897749	-1.36487592509167	-1.11287415819223	-1.26150195901109	1.11279949010178	1.15724259542314	1.02012073212496	-1.04261449182645	-0.711157265349298	-0.843477394788608
XLOC_030784	1.08993166699629	0.89518149913774	1.01766663302243	-1.62574704707364	-1.00046782951643	-0.925751344081692	1.38759177663399	1.01815237686566	0.85771037540372	-0.407427975952119	-1.33141482954449	-0.975425301891448
XLOC_030785	1.32588753960308	0.486484768778356	1.15104909742285	-3.95140744588935	-3.95140744588935	-1.93633568739066	2.26267007909011	2.54488995250794	2.3693004804438	-0.263449151038998	-0.676817589470232	0.639135401832441
XLOC_030786	0.766724038324321	1.57961965216983	1.48354040858679	-2.19874128334137	-1.60827191125561	-0.946715881980539	1.36308081156828	1.05938084650989	0.846525874557206	-0.919289783571983	-0.504074413205311	-0.921778358361517
XLOC_030795	-0.3890527374428	0.49920425827418	0.112247120736866	-0.701604212264797	-0.488347605863337	-0.40936428592507	0.209161724162739	0.219457914296463	-0.0119597915532337	0.0393118681434546	0.0812809608043983	0.839664786631128
XLOC_030806	0.0185467791027607	-0.0026543122755438	-0.146528996837659	0.535502769513926	0.634220862297653	0.646714502738845	-0.803312298381943	-0.255313308539598	-0.246636468184048	-0.144614432214348	-0.0894559478239811	-0.146469149396074
XLOC_030820	-0.132393971766348	0.054735809628756	-0.0909609469452448	-0.492494268486061	-0.323886390496522	-0.554982647481161	0.185071535769275	-0.150224222922663	0.194153378345442	0.483970948249425	0.0962791657341633	0.730731610370942
XLOC_030856	-0.355591839618201	-1.20195077355852	-0.229345864766963	0.33380837576717	-0.755905976524385	1.7763965787519	-1.31298412575472	0.0257699665755688	-0.764708848679118	0.78253691592456	0.564013963047877	1.13796162883482
XLOC_030888	1.44879239145976	2.10728936145951	-0.191335526906664	1.52592783878264	1.56376252741669	-0.546255713154541	-2.56132747165322	-2.56132747165322	-2.56132747165322	-0.571460388012216	0.713262384765891	1.6339995391486
XLOC_030914	-0.294148151394157	-0.579202939839052	-0.564155442071725	0.617635632775824	0.820615009873289	1.03846854428406	-0.887126479457993	-0.107338925102373	-0.53729026447411	0.0106213135011544	0.375558142719708	0.106363559185382
XLOC_030921	-0.0448093525656414	-1.17398940499902	-0.508712434072732	1.25258987307499	0.564126403340651	0.214115585374959	-2.12487574431626	-0.544824411438168	-0.39568452644784	0.529840929062547	1.05916151946166	1.17306156352486
XLOC_030950	0.956926741663256	-0.0358117166211862	0.228891677494529	-0.0632029094301974	-0.903578100456117	-0.0144797658569784	-0.152532604015519	0.358844649958062	0.0413857264929467	-0.347300836330508	0.16938152341533	-0.238524386313617
XLOC_030956	0.26634355387182	-0.353530116979687	-0.449154038145675	0.788019251587263	0.251373942543909	0.597447599401816	-1.52226518067485	-1.44456493581113	-0.262316556534515	0.564340133321987	0.83094395338241	0.733362394036657
XLOC_030977	0.581797167255891	0.561566326534665	0.432856216707034	-0.871505795559803	-0.512511397779338	-0.393712152721172	0.669105587966117	0.232113494439884	0.378919537139624	-0.00697773302784643	-0.652749046256878	-0.418902204698163
XLOC_030978	0.745976888008802	0.605765906788359	1.05412655359402	-1.62802335794344	-1.28932295352765	-1.69544562489786	1.22634446822188	0.48867507616185	0.637032271056751	0.272761656274801	0.192167743615647	-0.610058627353152
XLOC_031008	-1.16513802242573	-0.714790305437728	-0.205511814579816	0.618548681348229	0.474995460357989	-0.0320832835319562	-0.166493285507179	0.573329871866313	0.0290309144177527	0.0487284249294602	0.17788727379537	0.361496084767304
XLOC_031039	-0.246127306118154	-0.393157387363951	0.569838390011162	0.886021801616963	0.508298273946928	-0.292043650182187	0.161474005145053	0.963317038446035	0.104259628394796	-1.21524235895988	-0.444622667199031	-0.602015767737715
XLOC_031069	-0.329187072511491	-0.241821747586584	0.0319988104987088	0.184290697647162	0.279748683394802	-0.82988322969464	-0.246153288030145	-0.136720176211663	1.17127341840511	-0.561525528082837	0.422475664321514	0.255503767850068
XLOC_031127	0.112981417285338	0.00145097581978071	0.0868783151520116	0.339466316491228	0.246203288024368	0.248516952104566	-0.362295486613455	-0.215401970818876	-0.164313786829652	0.097528383141217	-0.275913660938773	-0.115100742817781
XLOC_031146	-1.0148132202868	-1.07137471342342	-1.27166071877281	0.857005746369524	1.23686136184305	1.08911565003628	-0.249994619475738	0.0711894497364867	-1.66313641231379	0.275854223775596	0.763488861920608	0.977464390590995
XLOC_031149	-0.52448797211281	-1.19888821142707	0.159988915213767	1.12319401020043	1.36448211080201	1.51168529839919	-1.0390187715321	-1.10094482611505	-0.718031351020689	0.157152837031306	0.214804872383635	0.0500630881773922
XLOC_031153	-0.490358829508224	-0.257653717537725	-0.199894061958105	0.254507752437698	0.364415016877615	0.378996149827135	-0.0661525031176176	-0.134290607626879	-0.188494205940771	0.266175938416657	0.0573876351717786	0.015361432958434
XLOC_031162	-0.477538441805554	-0.344541298120374	-0.614373102818782	0.0742440820428083	-0.123252843851407	0.307459866054578	-0.524243171864486	-0.843927352691214	-0.42381923128365	1.21031069414495	0.83730004765322	0.922380752539905
XLOC_031179	0.18407627357981	0.25194281356204	-0.0476342461013504	-0.424177104111759	0.225726748720017	-0.739127673565723	0.315689292226904	0.541944240048223	0.332878102688433	-0.60541612963994	-0.375530914028494	0.339628596621839
XLOC_031182	2.5944100588461	-1.17047361291765	1.19951833182891	-1.17047361291765	-1.17047361291765	-1.17047361291765	0.969123480214598	2.9365720327291	-1.17047361291765	-1.17047361291765	0.493691386804815	-1.17047361291765
XLOC_031186	-0.564317307465767	-0.208484617651163	-0.183701359435755	-0.0423512349451034	0.454294451035212	0.0241298660497744	-0.701664074011044	-0.643572503393994	-0.368656199653168	0.668655483186702	0.792698331162171	0.77296916512215
XLOC_031188	0.331560015533343	0.334307868281856	0.200739529426365	-0.355937349597978	-0.0040540508008089	0.00937961718813085	0.141277475531854	0.35097787215499	0.271049842656467	-0.462018875395977	-0.331667643146123	-0.485614301832134
XLOC_031191	0.729090896974824	0.141060596393546	0.244714195583051	-0.104880365510834	-0.0305363001149939	0.189793326501521	0.127078480836432	0.159328419000525	-0.562067745484885	-0.401790636805289	-0.390424845893601	-0.101366021480307
XLOC_031196	-0.898208381166294	0.36780408738984	0.430346822994816	-0.481012327370828	-0.0381368289537134	-0.749411658119533	0.0347545577722732	-0.275257065309842	0.280965639774855	0.461486996416857	0.0786433828606343	0.788024773710929
XLOC_031197	0.473216661476116	-0.184757424364753	-0.370800111128599	0.578406936386813	0.769800938807211	0.744367069997565	-0.790733539205926	-0.178158631280142	-0.392513393705523	0.111818129434586	-0.589717300008417	-0.170929336408942
XLOC_031198	-0.121643819124836	0.111793084468997	0.257448258721918	0.786323583103492	-1.20778807473403	1.3929804696646	-0.451418390787074	-0.31136904851948	-0.134890703827673	-0.639762899101332	1.36940169227866	-1.05107415214323
XLOC_031216	0.0585781566846473	-1.16003626210594	-3.41066670743438	0.375722887219748	1.41793253335477	1.06792171538907	0.281132508932603	-1.07207633687844	-0.72279433722654	1.03585777347347	0.948551928303587	1.1798761402874
XLOC_031230	0.371558816055591	0.303096523134076	0.0677467989354863	0.0338698004320701	-0.213483547295513	-0.752995097131016	0.110907506612791	-0.340685695132989	-0.0991011666350854	0.421985425825552	-0.163002419142012	0.260103054341053
XLOC_031233	0.360800408428144	0.802518275129025	0.290272179308927	0.806467155203778	0.163242529974153	0.734182274658987	-1.77567743554252	-1.15860299986882	-1.12288467719337	-0.463406682428436	0.628316460512607	0.734772511817511
XLOC_031234	-0.0782806211734028	-0.0733376065380016	-0.872644219785292	0.686169086099773	-0.41645173813245	0.375121195522534	-0.734429310765967	-0.776406323235187	-0.725722486988101	0.580632059658868	1.06629049028768	0.969059475049543
XLOC_031239	-1.63885786494763	-0.78148896632425	-0.546521184748411	0.373170592625554	0.2231702562012	1.01474318985618	-0.664495642366693	-0.584415029944893	-0.830433217488876	1.25647138667965	1.31276229495515	0.865894185503022
XLOC_031252	-0.0786759572567428	0.579821012743015	-1.22999979465877	0.808236959129138	-0.210296515094559	-0.0699781945457447	0.333322685287837	-0.369147394359389	-1.40092345016188	1.32425851464586	0.547092635169694	-0.233710500898456
XLOC_031263	-1.73114398074079	1.64698714674863	0.638847964005764	-1.73114398074079	-1.73114398074079	-1.73114398074079	0.879932642457599	-1.73114398074079	1.46505789138118	3.06316978577025	-0.0669789810183328	1.02870345435888
XLOC_031270	0.141953859207645	0.159618442210965	0.446277279181129	0.753131753235924	-0.209862781478071	0.407403817609917	0.515708389361071	0.763321213208339	0.681661953532239	-1.35050372741687	-0.679243386529249	-1.62946681212304
XLOC_031273	0.860893476824063	0.548948831751813	0.76307267102877	-0.72766290083906	-1.89334154847077	-1.29325243092248	0.303363767027147	1.09426556397306	0.337629392021732	-0.261509924800682	0.366023494127243	-0.0984303917208491
XLOC_031275	-0.205317700836332	0.766193532743435	0.62231884818132	-1.04645825590318	-0.899911754501264	-0.960351021969807	0.366273938680027	0.193811747809003	0.34439922968833	0.59971243841856	0.266975967191128	-0.0476469695012014
XLOC_031280	-0.363290279875706	0.501490278050154	0.26249058829673	-0.0546765416440671	-0.0325152747880502	-0.378488406943057	-0.174368283907355	0.0460803299478574	0.191497401265968	-0.143036379905923	-0.0482818623946848	0.193098431898157
XLOC_031282	0.43901098065706	0.189905730152984	0.213555323000449	-0.733791083412837	-0.612047679693795	-1.43290796703396	1.11578028167473	0.51845022991146	0.717643813288522	0.0751895063625945	-0.753288449528528	0.262499314621296
XLOC_031286	-1.12494876826101	-1.12494876826101	0.500179493234132	0.945270717288017	-1.12494876826101	3.14199274714577	-1.12494876826101	-1.12494876826101	-1.12494876826101	-1.12494876826101	1.29151662041731	1.99568179974186
XLOC_031331	-0.463776470801702	-1.71697776926898	-1.09097579556591	0.0741551170603367	0.521369371941985	0.410135244961676	0.534868266116853	1.13846861910079	-0.251042329732868	-0.12728201964065	0.457629212434036	0.513428553394432
XLOC_031348	0.484724368624281	2.97668458785795	1.52845180376114	0.739875263599214	-1.33034422194982	-1.33034422194982	0.104322344343603	2.14800696351272	-1.33034422194982	-1.33034422194982	-1.33034422194982	-1.33034422194982
XLOC_031349	-0.0152897418062858	-0.268396853052183	0.0720020329032751	-0.515223680393405	-0.144749329668366	-0.128064833992953	0.59365509742864	0.559434967471723	0.45518343425977	0.846184506646236	-0.864509705198167	-0.590225894598286
XLOC_031350	-0.0429153757304235	0.267945645043137	0.552230955012925	-1.1237881089074	-1.619267444601	-0.855627575474836	1.64254728675853	1.41269285495379	1.52448699386972	-0.791162486406724	-0.760616466184005	-0.206526278333714
XLOC_031355	-0.444286209477069	0.763908084878274	0.17028819914627	-0.55773708065086	-0.222223546970826	-0.226876755195881	-0.0245622207141309	-0.147188973348173	0.274431878467515	0.179346005338735	-0.0175355728281144	0.252436191354264
XLOC_031356	-1.7615589428721	-1.7615589428721	-1.7615589428721	2.02483065178203	0.14207182940597	-1.7615589428721	2.10886285642192	-1.7615589428721	1.43464292924987	1.92639935197824	0.654906445806219	0.516080649716254
XLOC_031367	0.0695479748797414	-0.0559811804944488	0.18453213461629	0.041077616012803	-0.00477790527419231	0.241199200566408	0.0867594351718246	0.364295396408156	0.0811343191543177	-0.6048281205319	-0.214522419600476	-0.188436450908526
XLOC_031376	0.674751141837611	0.480180476998206	0.105450987895589	0.905078006189854	-0.666310121597528	0.130981238408694	-0.182577826634079	-0.310077301104632	-0.676531375814075	-1.08791397823756	0.258523049252084	0.368445702805821
XLOC_031384	0.0468306668453558	-0.312764266854524	-0.262984791993445	0.339971267676775	0.472078859668558	0.367475174989602	-0.744775653889763	-1.03889062382972	-0.494716964348682	0.821699169157505	0.584213107920229	0.221864054658102
XLOC_031396	0.855344010135359	0.548602575606949	0.615419368398434	-0.150022694690405	-0.0515319636912723	-0.141976054648804	0.303687855438008	0.432126192832621	0.306216348441215	-1.04254113110598	-0.978081753762456	-0.697242752953654
XLOC_031436	-0.208501097705376	0.534382776188122	-0.383339539885608	0.219966133837612	0.452344193707257	0.0573936097567387	0.119742563908882	-0.607725341997453	-0.300585223352628	0.11566464949609	-0.0137585592240859	0.0144158352704498
XLOC_031453	0.94140794605039	1.0582162466124	0.333690785973348	0.338633014868297	0.120117768794501	0.566792414427187	-0.124789525867291	-1.1853240110974	-0.780742413075673	-1.46563573132334	0.495185618895152	-0.297552114257594
XLOC_031469	-0.612918613016226	-0.796286579126742	-1.36506099438542	0.154477653272695	0.573047641563377	0.41286067335647	-0.228324732535133	0.143930855514416	-1.24786266574558	1.00763190322516	0.920223873043603	1.03828098483339
XLOC_031507	0.948993396466411	-0.685333019478962	0.680987744583394	0.880249133825955	-0.867271830216811	1.21725279346158	-0.357492840064611	-1.2727134032764	-0.666640650324889	-1.30440353443638	0.40737669401591	1.0189955154448
XLOC_031539	0.216723392555975	0.0358153629912952	-0.0636174510836778	-0.387955023458572	-0.396963474366066	-0.421018789377364	0.265023942212244	0.264759615997317	0.172768912225479	0.359684488704222	-0.0316142730579436	-0.0136067033429175
XLOC_031574	0.31665882776775	0.201046847662454	-0.0458843620789633	0.198600609021772	0.371127644094479	0.283566536784368	-0.140052273462672	-0.470916244298087	-0.556879328326397	-0.0174674006804647	-0.0362208364028458	-0.103580020081404
XLOC_031576	0.893945073428369	0.953321347472786	0.50458361811009	-0.552507782634469	-0.363413019148939	-0.157392498316241	-0.34991412497407	-0.427370509320099	-0.206166962244367	0.205346905487428	-0.287254397873974	-0.213177649986501
XLOC_031578	0.160679677083218	0.104360220125471	0.395158937082338	-0.283760698534094	-0.284229687049815	-1.00575190745207	0.593354693951113	0.963798466878151	0.452711050408959	-0.437393306780749	-0.259664785734674	-0.399262659977859
XLOC_031598	-0.476389471100386	0.046500418246116	0.379711771871583	0.000876012698594941	-0.177125768288449	0.0128258778071739	0.485925978626435	0.736922227087198	0.67231785592586	-0.748281614501928	-0.209673122381796	-0.723610165990408
XLOC_031599	-2.01441593773641	0.100004330665429	-0.291463316402703	-0.297858020199351	0.314097885373043	0.286041167551501	0.938268437030463	0.12775766351248	0.960462984147131	-0.0381322126095274	0.106560998152561	-0.191323979484605
XLOC_031601	0.0768721434447599	0.189278045397822	0.0752642370074579	0.143038625645072	0.0453373303285574	0.0920404433221442	0.124118933996614	0.0542932686924296	-0.0136093149068977	-0.398835100347975	-0.123378493769346	-0.264420118810646
XLOC_031618	0.661717973838966	-1.93224528652219	0.926550739188763	0.137974199026841	1.27324202267722	0.0828264719764913	1.55565119267956	2.33539146301526	0.755627083685655	-1.93224528652219	-1.93224528652219	-1.93224528652219
XLOC_031619	0.818766220244728	1.23021497354394	-0.136287298889237	0.444025716560544	-0.311160459254063	0.374893813141775	-0.200248485898016	0.771782569165755	1.05934897391651	-3.892047702265	0.612128813995181	-0.771417134262126
XLOC_031627	0.331735684241957	0.547032204489254	0.286132427108055	-0.529314738159079	-0.573472350010765	-0.23752875587456	0.0506982016466555	-0.0975107282177134	-0.0829444148965841	0.261096368671511	-0.0557756474607247	0.0998517484619805
XLOC_031628	-1.47355704169671	-1.47355704169671	0.896434903049851	3.57062091121017	1.7319302675027	-1.47355704169671	-1.47355704169671	-1.47355704169671	-1.47355704169671	0.516310041944298	0.190607958025753	1.93543816844747
XLOC_031630	1.41012492793043	0.439858752245762	0.582190501528316	-0.461379588195839	-1.96353928528393	0.399771457844777	-0.61681718521755	0.239875588084745	1.31804080228318	-0.557410030732993	-0.958759110790846	0.168043170303954
XLOC_031646	-1.1170113495655	0.58028285360585	0.606666629039176	-0.443258347528555	-0.660872347888425	-0.0826200486155235	0.318478096681785	-0.325238279682919	0.746053525755145	0.274258828092496	-0.290899030896807	0.39415947100326
XLOC_031647	0.359800689461613	0.129863572495355	0.150170233237645	0.229409112005495	-0.0586496606299463	0.215149710185022	-0.404382956021784	0.0724971194868047	0.118911609421971	-0.334733109245143	-0.120701972769108	-0.357334347627908
XLOC_031648	0.49055544005259	0.46048323657998	0.446071980516599	-0.400041083819286	-0.477255884420249	-0.331848783054628	-0.452289322867827	0.164090026853888	-0.0129434259954913	0.283278202003324	-0.0189874937700818	-0.151112892078816
XLOC_031671	0.00943920186016012	-0.028967634762318	-0.14041595732142	-0.571627164931749	0.554523753249506	0.0789399391715255	-1.56883439108217	-0.897203644118447	-0.151407684646917	1.2025074190961	1.21058211945341	0.302464044032334
XLOC_031672	0.00653490398533219	-0.347528357478675	-0.606726830934719	0.521093934610531	1.20595751152351	1.29523228921543	-0.608761049590951	-1.21060568689045	-0.154311982521745	-0.461381623305629	0.508118576519078	-0.147621685131734
XLOC_031675	0.73784599786967	0.241762991984592	0.113150464206869	-0.857663591126592	-1.36243655391498	-0.749138895605061	0.533173744926589	0.74112119778907	0.401289356667824	0.166094364317784	0.163268697330597	-0.128467774446388
XLOC_031676	-1.10855200872666	-0.399255005041949	-0.408885802809166	-0.375964311751297	0.0664440385042528	-0.395601599442009	0.118787065016601	-0.136641240323559	0.370328821622756	1.25796896654807	0.390217966164617	0.621153110238341
XLOC_031692	0.0606775126895593	-0.762922256982385	0.0360323771924911	1.12442281709602	0.268011884608573	0.910004841056286	-0.451747414042731	-0.843250134781769	-0.726952622418757	0.579401924228211	-0.291864290734653	0.0981853620891515
XLOC_031699	0.639299967595799	2.64758996240895	0.449359638516847	-1.1757686229783	-1.1757686229783	-1.1757686229783	1.43530800022009	1.16282174757765	0.720232421550453	-1.1757686229783	-1.1757686229783	-1.1757686229783
XLOC_031710	-0.884335198029417	-0.515450129164033	-0.83757250806281	0.504660708350017	0.585214917108681	0.590767942283393	-0.382240774271188	-1.5672846411428	0.27594416825303	0.889551212115117	0.112805456149508	1.2279388464105
XLOC_031712	-0.157800686351955	0.300543588323118	0.211631602912808	0.100586243776503	0.132197896340307	0.422891704448297	-0.141347305446944	-0.0314293240544412	0.0119376764358456	-0.857705967986877	0.124861536494899	-0.11636696489157
XLOC_031731	-0.130088934777651	-0.328096665622253	0.109514577313573	-0.317402628635355	0.296808199197139	-0.545108222074211	-0.527955542302445	-0.248203273570452	-0.0890170800824146	0.439788355737636	0.387282458631964	0.952478756184471
XLOC_031735	0.392957356614611	0.326299537667724	0.120811797869544	-0.32375148145997	-0.141677594695089	0.142377798152525	-0.100108145165056	0.0457035952500195	-0.110383648943895	-0.025612419877362	-0.151816245659671	-0.174800549753391
XLOC_031736	0.392683984510218	-0.0210464153764862	-0.844420782926418	1.51232454580393	1.29142321581877	0.209098656733558	-0.365189399018374	0.0869232483395965	-0.915925600280732	-0.79439540011878	-0.357479181759532	-0.193996871725742
XLOC_031743	-0.684095310571298	0.0760111310818026	-0.0804400170221458	-0.174356093457285	-0.0138750041910098	-0.711010325879837	-0.0649742765634835	-0.384658457390212	0.092743456065282	0.985340052343005	0.301039138972118	0.65827570661307
XLOC_031747	0.45111763308976	0.332448743067848	0.199323142581845	0.551239422239235	0.364815993377311	0.722722544238568	-0.416667833444144	-0.115766458065258	-0.713559059009164	-0.983355988366252	0.0515660365404376	-0.443884176250173
XLOC_031749	0.000762756742200388	-0.186992101624474	-0.631947097024051	-0.166913650406201	-0.152895038444531	-0.09369294790541	0.752413917868888	0.0939382126013122	0.342253202094605	0.272646282053258	0.0177670088267394	-0.247340544782328
XLOC_031753	-0.367535398913148	-0.39337364754763	-0.409547120152768	0.496000040647713	0.215864081498035	0.583271665449843	-0.141996616150104	0.274640474627946	-0.234031501221716	0.094876939408179	0.154529083876557	-0.272698001522901
XLOC_031754	-0.0111925279867364	-0.560792973571367	-0.522929655757444	0.709129872290571	0.300173033437458	0.636379227203655	-0.227788300948294	0.0902202097729194	-0.0546895478254346	0.0374249543943908	-0.137194066707643	-0.258740224302075
XLOC_031777	-0.402964567750672	-0.157310295166352	0.117446066970881	-0.805868030464555	-0.938551718070623	0.276434298640073	1.57481518343307	1.48062898675645	0.963434512311557	-0.335145968231727	-1.03959272352625	-0.73332574490187
XLOC_031778	-0.628857025157085	-0.458583740618112	0.0198554086007459	0.0264182057793505	-0.388049113422474	0.577091806675215	1.92045210065216	1.66492546821542	1.51903841622811	-1.515992772629	-1.24028263589053	-1.49601611843378
XLOC_031779	-0.502197457356007	-0.639419765402435	-0.360728024231804	0.713227853008286	-0.240289073223048	1.14505320136338	1.4972986102412	1.54955339900933	1.38498721694064	-1.45453808213821	-1.35331898524133	-1.73962889297001
XLOC_031788	1.01672271678739	1.58274189381419	1.63825403020788	-0.945570696681884	-2.44773039376998	-2.33628940754937	1.86271635893141	1.89798090300851	0.320857181511127	-0.6634028711977	-0.334765984113208	-1.59151373094838
XLOC_031809	0.521300678966637	-0.122015166566627	0.170368363376889	-0.153811706728574	-0.373925990254961	-0.393541630918345	-0.324357098932818	0.557046594837421	-0.0556235274682066	-0.108738712635975	0.227248096884181	0.0560500994403794
XLOC_031817	-0.323725383020391	0.951689458854988	1.37513626006372	1.26699649577168	-0.235163201316416	-0.123722215095807	-2.13879397359449	-2.13879397359449	-2.13879397359449	1.17096605323452	0.277671415083833	2.05653303720733
XLOC_031824	-0.295241426266184	-0.260424783191169	-0.111195130810575	0.505871522984977	0.699241100209537	0.779447316524001	-0.648768253223706	-0.155837445144684	-0.605509030921635	-0.153566670728672	0.176192940299122	0.0697898602689708
XLOC_031837	-0.163593137541588	-0.428323029274608	0.0415585942503256	-0.00821157735997069	-0.126684668903273	-0.00233778943475293	0.692248676267285	0.52860323509258	0.292370230376847	-0.240637207501528	-0.211627821229728	-0.373365504741596
XLOC_031864	-0.141807657661563	-0.204195417953241	-0.359489780747809	0.402746083628442	0.477588100815307	0.207609651893663	-0.409626573069345	-0.684848489544004	-0.752179813621491	0.773313961128235	0.252052576821284	0.438837358310515
XLOC_031867	-1.10721312464999	0.933544957216713	0.359637066411683	-1.25697457489998	-0.0900841712019478	-0.838953727654822	-0.0402544470148936	0.151994676916118	0.512182038317823	0.484874347360348	0.344060142120139	0.547186817078806
XLOC_031881	0.442171020932861	-0.641270768526256	0.240497612550039	1.08564229129274	1.51542699710493	0.491169340636744	-1.82199112243724	-0.646057330208233	-0.984166422677155	-0.113593416888047	0.586650753481341	-0.154478955261738
XLOC_031889	0.0081545907999363	-0.0654244303875551	0.242862198585552	0.433743897268452	0.54011308405523	1.08494579679437	-0.275015993377967	0.20422267956888	0.282058524098281	-0.973159780869725	-0.656574145919473	-0.825926420615984
XLOC_031897	1.59627923441321	1.33204480706378	0.984863441741554	-0.312592629722337	-0.210316035733827	0.105394949573167	1.09977570651357	1.33683594111032	0.719335754227227	-2.12129786097222	-2.1061189598013	-2.42420434841317
XLOC_031937	0.102265136386427	-0.372220715532453	0.052609551731142	0.500539743678425	-0.108744859350704	-0.0380331470909754	0.341500254625202	0.371247942465022	0.326157029888825	-0.328759160421461	-0.680882149037824	-0.165679627341627
XLOC_031938	0.661028892663431	0.552227699685096	0.252537560711389	-1.14919046800287	-1.24511602631302	-0.929450893816803	1.07309518383028	1.16924458643877	0.373611839994099	-0.201306657736066	-0.113611672641023	-0.443070044813325
XLOC_031940	-0.726377763782253	0.3871389642274	0.0982612920502426	-0.440703549184579	0.0275427554635037	-0.228459280635802	0.376060847270352	-0.022353862580923	0.400248976044042	-0.379645429507902	0.0359341252316785	0.472352925404225
XLOC_031941	0.487289209341398	-0.0983032007597622	-0.134746420364779	0.747492898535334	0.300314395752045	0.408863495639364	-0.817578260388604	-0.694966561156328	-0.228844970151631	-0.161721532959033	0.0519134196366515	0.140287526875335
XLOC_031950	-1.4138447086971	0.0598435140513915	0.765455741352672	0.315811183427046	1.00594662430074	0.634218053850956	-1.94170897721296	-0.969677922149193	-1.30778701461811	0.656918137629766	1.16912720853771	1.02569815952707
XLOC_031957	0.31601067133258	0.521740207797114	0.70275908512204	-0.368754014929372	-0.230033395968838	-1.24000433266475	-0.0147988767673111	-0.463203776588842	0.0689246635406109	0.0838237423504244	0.0678249731882774	0.555711053588057
XLOC_031960	0.128329257123996	-0.262177173050208	-0.322956530603522	0.660183782224886	0.522746107228363	0.736509938363591	-0.521761214770093	-0.30934598679536	-0.543739543267151	-0.303989125346812	0.302407413758955	-0.086206924866632
XLOC_031968	-1.21523188505099	0.119758248054866	0.229334289458429	-0.444050121820977	-0.057296088128445	0.0273122587381671	0.398644978664512	0.228773952320887	0.570598609608396	-0.071855697317531	-0.0124199264842986	0.22643138195699
XLOC_031980	0.312766531170366	0.557292697548006	0.259744137158891	0.141486623953171	0.453928737965284	-0.0787427823440643	-0.552429688566153	-0.627166276158207	-0.0624401957209049	0.0635801829510294	-0.206503170835878	-0.261516797121536
XLOC_031990	0.564353708785308	1.30819345242854	1.4224130062865	-0.312985244863572	-0.710503410546171	-0.567538077081625	-0.061644414211167	-0.382296228474324	-0.373908152345908	-0.251812733394037	-0.289551306598949	-0.344720599984584
XLOC_031991	-0.754407314888542	0.0101414139373528	0.194317862573589	-0.0929618174817133	-0.3022472562615	-0.654486984958023	0.789874122757952	0.25560201507454	0.521788920394178	-0.238466685873574	-0.162393122906671	0.433238847632415
XLOC_032000	-0.197769108867751	-0.158148923277336	-0.100258077942748	0.275940610754025	0.140616235419765	0.177532898855338	0.147569795718951	0.0271500547221741	0.0103953398458962	-0.147613963763277	-0.0580589768466861	-0.11735588461832
XLOC_032018	-0.396613082810905	0.00752480012701273	0.548022748572093	-0.532851011378898	-0.277580254122151	-0.470084515817121	1.11215680905989	0.633309067545962	1.20265453291196	0.538921750494089	-1.37897472801794	-0.986486116563984
XLOC_032025	0.172063725715589	-0.741394166392696	-0.760647573061555	0.801266058896482	0.825849071877072	0.973204851297586	-0.482377652481378	-0.49236577695625	-1.03570784713828	0.605834770806315	-0.0365498675652125	0.170824405002325
XLOC_032027	-0.0520406012330801	-0.0225427195954344	-0.112135595734441	0.495110474984889	0.6684785093006	0.661071545282464	-0.396845901193218	0.33522742650358	-0.0188819907592315	-0.466226625172526	-0.419229884629827	-0.67198463775378
XLOC_032046	0.018543463740234	0.91904053040175	0.938327852143175	-0.684722092121725	-0.374925246981684	0.157325776495732	0.351650126413153	0.567519221202572	0.553330043267355	-0.921319198884089	-0.132787428600475	-1.39198304707601
XLOC_032052	-0.0636499463410578	-0.426673277316562	-0.47359058677901	0.719599191381928	0.408057153392992	0.569149079147742	-0.123653283376941	-0.0713967033037859	-0.26187815105869	-0.117496087634684	0.192661580899042	-0.351128969010982
XLOC_032086	0.530485513430258	0.772418262528659	0.379272425409321	0.672810511820578	0.82731322683837	0.449868996501129	-0.732656902532228	-0.763249385041902	-1.04890152471556	-0.222244834859056	-0.20033120176574	-0.664785087613832
XLOC_032096	-0.413598299527652	-0.106339520607298	-0.0777127917945473	0.100700490483064	-0.0370395303415192	-0.349404358049398	0.270616465511963	0.519444746811652	-0.505682425174903	-0.277838950004505	0.691661249820202	0.185192922872937
XLOC_032106	0.724011137360995	0.340624372287571	0.38271277050721	0.469179233727899	0.491172753802529	0.958594159715537	-0.920084561409073	-0.23183874957766	0.185081806045361	-0.567110978194599	-0.656530956300015	-1.17581098796576
XLOC_032108	0.974191356515493	0.302780347483266	0.338236317750344	0.852464897688679	0.230427146437878	0.747708365725736	-0.270332613440739	-0.147274272393246	-0.463339572251708	-1.20164033196653	-0.468715404635378	-0.89450623691379
XLOC_032111	0.689153115514153	0.572546405026284	0.207733505707635	0.719178283165858	0.498134579676859	0.780197219180994	-1.06150511033681	-0.284331073661651	-0.0564511983690563	-0.640005410194698	-0.65775799191183	-0.76689232379775
XLOC_032112	1.39679068710682	1.02890585375654	1.07125117055262	-0.260685306149726	0.0481656923881832	0.582546740114284	-1.01715871810563	0.0414814681960038	-0.639194807671648	-0.974092253459913	-0.495388818359911	-0.782621708367633
XLOC_032149	0.492626031216396	0.597099299998224	0.555215555794829	-0.399323240563641	-0.0666253879622296	-0.340476654050809	-0.161805456984679	-0.327568710783629	-0.140922524715714	-0.010100784532316	-0.227785124142164	0.0296669967257142
XLOC_032161	-0.061479328636385	0.209342657242779	-0.431669856670207	0.00968274934207969	0.199539637155462	-1.04282063221838	-0.0577209048777849	0.0885945762138469	0.707805834311431	0.314728076493445	-0.179076292062671	0.243073483706389
XLOC_032163	0.398176283737911	0.105906193038438	-0.231460961509971	-0.418519288502235	-0.228662400688853	-0.432274220270648	0.327276203830587	0.00709639520959637	0.183103636152571	-0.409574136491837	0.335163260965033	0.363769034529417
XLOC_032165	-1.0103599721507	0.249640761926899	-0.571119276173359	0.0236981176431961	-1.14198052998852	-0.0468654249680913	0.367599305807851	-0.356649563832918	0.542397400142481	0.392574499751899	0.64894219189156	0.902122489949709
XLOC_032187	-0.0286726112681457	-0.0105936016516663	-0.249799545235954	0.24489053202251	0.427352202049627	-0.125842422087026	-1.45040712045072	-1.29701005228619	-0.605350592996496	1.21467300832408	0.78684085492127	1.09391934865872
XLOC_032189	-0.75058029600122	-0.315018441246871	0.948281347082891	0.840141582790846	-2.56564888657532	-2.56564888657532	3.22882920699903	2.4989138115404	2.72364513834804	-0.575781802934312	-0.901483886852857	-2.56564888657532
XLOC_032190	1.58918625934067	-1.50780311992809	1.71543223419191	1.37952935526959	-1.50780311992809	0.507268638570588	3.02461498156794	0.830787250627856	-1.50780311992809	-1.50780311992809	-1.50780311992809	-1.50780311992809
XLOC_032191	1.44215345588945	0.703733257945001	-0.401963146734441	1.37869906113658	-2.02709140822959	-0.0120196497309046	2.00225399255344	1.45125977723295	1.54424888462628	-2.02709140822959	-2.02709140822959	-2.02709140822959
XLOC_032192	-1.51306157106361	-1.51306157106361	-1.51306157106361	1.37427090413408	0.390569201214462	-1.51306157106361	1.45277797150708	2.89906881011908	2.05827872179225	-1.51306157106361	0.903403817614711	-1.51306157106361
XLOC_032194	0.0172270792836056	0.443468298304159	-0.0614819694181268	-0.0290693262528299	-0.080977788609685	-0.288965703411109	0.83009325763382	0.66075563815765	0.854081870462204	-0.538537358537302	-0.411197186378088	-1.3953968112343
XLOC_032197	0.564362628531015	0.90534968404446	0.574296585734686	-1.29352569524813	-1.72501692449455	-1.420288497969	0.785931048357456	1.17058584564605	0.910346933252326	-0.283161108166064	0.0879797284382757	-0.276860228126504
XLOC_032199	0.576935897233433	0.252460917474124	0.399663360682673	-0.948500887346607	0.256498134516946	-1.96267481468841	0.689104409882149	0.938855161321578	0.823291272128082	-0.887328375877072	0.10580266608786	-0.244107741414763
XLOC_032201	-0.671071314297046	0.588929419780553	0.234605531678444	-1.79385870221234	-0.802691872134862	-1.34119577508983	1.71894907336071	1.997613796347	1.42827906835764	-0.050316426709327	-0.483136941142196	-0.826105857938759
XLOC_032202	-1.29208980140319	-1.70394590462449	-1.27582336624441	-1.12044636339802	-0.545194023073871	-1.1918397728804	1.22361465743259	1.15450418096847	1.68839222774815	0.881430353024899	1.09141631682186	1.08998149562841
XLOC_032208	-1.27911304111436	0.246680978123331	0.346015220380789	-1.27911304111436	-1.27911304111436	-1.27911304111436	0.155553525179063	-1.27911304111436	-1.27911304111436	2.70821198819716	2.73748214082048	1.48073439398531
XLOC_032218	-0.296142735797297	-0.13547309906452	-1.16191080486342	-0.77403914319909	-0.471126738197387	-0.437035483563469	0.262927874782727	-0.436312074480038	0.301498376686305	1.16006420864935	0.800797045269983	1.18675257377686
XLOC_032255	1.62669753574492	2.59534488629359	-0.217419066878963	0.227672157174922	0.0610834439039638	1.49744807394609	-1.84254732837411	-1.84254732837411	-1.84254732837411	0.147319755266897	1.432042528045	-1.84254732837411
XLOC_032261	0.734629427210953	0.930323995137384	0.904441025358748	-0.786766529973068	-0.510680167948394	-0.798996068085206	-0.836736372407025	-0.886141240220796	-0.280873086715436	0.35772114874017	0.37152434406096	0.801553524841715
XLOC_032264	-0.249232746567024	-0.305780941237559	-0.563009238850428	0.723669142058307	0.613055862562611	0.64202309648569	-0.581982497260047	-0.466289518473528	-0.532855468974176	0.182435143961035	0.417753830847285	0.120213335447833
XLOC_032265	0.358798066711887	-0.0491449840299021	-0.75494583074579	1.92875772944335	-0.839262511867477	1.36809203513307	-2.10668519394425	-0.610716171495891	0.100782693429095	-0.0868870664419417	0.253564404573225	0.437646829234616
XLOC_032273	0.387478534458957	0.364047506045091	0.857400282125233	0.442135362241944	0.0570265507138821	0.289643317298363	0.175063046235951	-0.0526293637289905	0.362281970725325	-2.12071557404173	-0.562529310297014	-0.199202321777003
XLOC_032274	0.585745564686607	0.221699849184533	0.435991945620414	-0.0898214166152576	-0.114015711091985	0.38030182876468	-0.109880419910743	-0.233891913547273	-0.695395260537309	-0.0188012340059522	-0.222912764435767	-0.139020468111948
XLOC_032286	-0.15847680214704	-0.227980187308002	-0.890411040374293	0.982969223479384	0.743395558440077	0.531891846689381	-0.0496075085741339	-0.733606316930472	0.0121309331407602	-0.427455760727787	0.0918712685667398	0.125278785745385
XLOC_032293	1.11928662972662	0.974826698667815	0.832393848493261	-1.14756559630638	-1.55461424931405	-1.11518944405307	0.697644650245618	0.255267624239519	0.396822524077571	-0.141923803007426	-0.312636808265269	-0.00431207450420423
XLOC_032295	0.744768306659065	0.775740689917743	0.723937700984466	-1.29203499439135	-0.995885843850438	-1.39583902064154	0.814185257759284	0.694965764689499	0.838392117219843	-0.356823837822899	-0.380800102143791	-0.1706060383799
XLOC_032296	-1.58852252548177	2.02933106503617	0.0366057360133749	1.81726794388439	-1.58852252548177	-1.58852252548177	-1.58852252548177	-1.58852252548177	-1.58852252548177	1.72123750134724	1.31988842128939	2.60680448532005
XLOC_032299	0.132274554185869	0.0274201351952872	-0.328108130525282	0.632762092416382	0.52236627391653	0.528005560453439	-0.465696004696653	-0.568283688342185	-0.953414100394772	-0.0355924732251509	0.252463922066211	0.255801858950322
XLOC_032313	0.868407821102537	-0.0727319687289629	0.103599076524337	0.00434851746191001	-0.704030752219011	-0.162903179450288	-0.00141360830463011	-0.178667612522285	-0.423219245621292	-0.0117053778894967	0.2422105916488	0.336105737998389
XLOC_032341	0.81876567116149	0.894137108854718	0.84588504454312	-1.40487779546334	-1.45853253908643	-1.04179491744641	0.970762821304641	0.728227915677587	0.704823802408143	-0.462978711880572	-0.360318356369055	-0.234100043703885
XLOC_032342	2.0037856998555	2.22201442964034	1.29805244863085	-2.21587778502736	-2.21587778502736	-2.21587778502736	0.395198838171032	0.972549032734136	0.471994585180485	-0.226010701386355	-0.5517127853049	0.0617618075609965
XLOC_032451	0.448344607227522	0.175646931967932	0.324257038530788	0.0130147620239862	0.244971664921184	-0.199011529775282	0.102778039868012	0.195239703845671	0.107687233901562	-0.196098815478082	-0.327222802575601	-0.889606834457694
XLOC_032477	-0.0518661981968194	-0.565617053630357	-0.142933866230298	0.425399285602162	0.710283439076393	0.698145068752902	-0.27214978678606	0.249289228535866	-0.0914924543155875	-0.0200179066086514	-0.128807436849424	-0.810232319350114
XLOC_032482	-0.446569914327797	-0.141092878021574	-0.830364107319093	1.52638122141125	0.526926801692913	1.16322676560693	0.383264618362202	-0.0333672380704035	-0.459816799030634	-0.780338724511454	-0.0875791183019903	-0.820670627490363
XLOC_032504	0.427900132361961	0.90758174656658	0.617155035649713	-1.26804536389237	-0.617090905982806	-1.17870499199586	0.601993757988048	0.159888009214923	0.658346903254177	-0.0129271150550245	-0.304977773744918	0.00888056563557171
XLOC_032506	1.77058078999197	1.4986574797811	1.47431222889494	-1.20408395446904	-0.652263603995722	-0.938968090516391	0.410074411578126	0.641645266678047	0.161470279681501	-0.798178378814097	-1.1509270995905	-1.21231932921994
XLOC_032511	-0.397297655332923	-0.579253886073153	-0.715951295204423	0.753407516588866	0.754860125066853	0.833710705830776	-0.516659602661071	-0.198224221458915	-0.0683565645223441	-0.56459886409289	0.418211280968236	0.28015246089097
XLOC_032545	-0.285211370431609	-0.49047561401779	-0.227250889824174	0.292503524359625	0.219981283189755	0.200186749322467	-0.344064673935563	-0.21193698064792	-0.540807888474996	-0.168516182861537	0.596166006130234	0.959426037191509
XLOC_032546	0.53987151941774	0.472243718006615	0.635170543019082	-0.204420232899559	-0.177533598297011	-0.397491320492215	-0.825061643503712	-0.315069570861466	-0.688103356403884	0.540893377688735	0.212274866937268	0.207225697388422
XLOC_032568	-0.136752869000389	0.620543895817581	0.226816991236203	-0.836156596966553	-0.48220733780262	-0.258360083044661	0.292882602233829	-0.232973063721763	0.493079110664755	-0.723006757465606	0.129327151674354	0.90680695637488
XLOC_032590	-0.127670845611657	-0.693809082978841	-0.758751222270276	0.771770099303242	0.589743797367791	0.901392325546385	-0.337264959527834	0.103546829626936	-0.627863305019169	0.261171147468959	-0.0540506260820095	-0.0282141578235144
XLOC_032591	-0.462884167640824	-0.204948070148284	-0.460159409878091	0.408858948518176	0.553597019998898	0.553888370297438	-0.345724821187857	-0.119036601302248	-0.142533004640782	0.303069988981505	0.134682954044636	-0.218811207042569
XLOC_032597	0.736062490066586	1.14902721664707	1.00346690880567	-1.79950226632039	-1.08020273661664	-1.86529733336635	1.45988064735968	1.35444073066768	1.01365904781623	-1.21796770637504	-0.448717542380418	-0.304849456304083
XLOC_032600	-0.22341131012822	-0.187271457520671	0.08185438090646	-0.291590697449032	0.211489331038122	-1.87252786526395	0.246587250818524	-0.713424451763307	0.336396569459287	0.643084693180881	0.673893051191875	1.09492050553003
XLOC_032604	-1.05697790649514	-1.05697790649514	-1.05697790649514	-1.05697790649514	0.846652865782932	-1.05697790649514	2.63482130987185	1.28161246406081	-1.05697790649514	0.932889177145865	-1.05697790649514	1.70286952860453
XLOC_032608	-0.311724020587677	-0.632980870243139	-0.580557902362494	0.415551574814867	0.337733031178911	0.416716351117178	-0.275241872776753	-0.829224765591814	-0.959165886402375	1.20596268164546	0.713318481713036	0.499613197494809
XLOC_032609	0.268476813106401	-0.544268757404152	-0.397396300494313	0.489419526338817	0.350358876288528	0.498968604547879	-1.15718149954689	-1.13960340442243	-0.237650717937846	0.580135840460961	0.838488013696421	0.450253005366622
XLOC_032613	2.04998858673865	2.64297629598343	2.01202053465755	-0.981152930908916	-0.806056157264138	0.0916450225483789	1.65135105075723	2.2034933951791	1.17593383513108	-4.38694340027508	-4.38694340027508	-1.2663128322722
XLOC_032614	2.26710030482579	1.60480159995773	1.7262133206031	-0.987286619670517	-0.245942689317224	0.154435867532491	1.17225931892541	1.38896148649541	0.976903293547945	-3.08467484646537	-2.65807654142805	-2.3146944950067
XLOC_032623	0.598013319981784	0.848589661655908	0.389555879520146	-0.0693679298560408	-0.107533199278026	0.461314086365539	0.232089648466912	0.187516303048344	0.0698627392451803	-1.10091122561753	-0.95147369624185	-0.557655587290359
XLOC_032645	-0.245170882933365	-0.659272371405645	-0.395026042114946	0.42515620340489	0.345196321772801	1.04352650229674	-0.288059301457718	-0.0395636947310001	-1.61679719470116	-0.073376165152574	0.465557904395014	1.03782872062696
XLOC_032659	0.891591948527625	0.77952105197912	0.878428167530464	-1.18635338716383	-0.660778764335753	-0.27532668603488	0.91868859518832	0.905578352363372	0.712736068206747	-1.08858811229557	-1.19918051793818	-0.67631671602743
XLOC_032661	-0.887674258654606	-0.430349068580372	-0.181592226331513	-0.257532495750669	0.211700067878833	-0.181402748167149	-0.0668675931568412	-0.485091857430533	0.152056087423239	0.592521042503124	0.718389896356713	0.815843153909782
XLOC_032706	0.0430560612023072	-0.107512078064559	-0.220108541042972	0.186432017389949	0.0792229250663059	0.108558461723433	0.100011604404983	0.113006871135442	-0.124723362884071	-0.167630634777003	-0.00171436184499463	-0.00859896230885404
XLOC_032709	2.87657830005529	0.562285483721478	-1.68834496160697	2.09804463304716	0.215285810671104	2.03062236609274	0.451252131525276	-1.68834496160697	0.207656082921783	-1.68834496160697	-1.68834496160697	-1.68834496160697
XLOC_032718	0.669756003377184	0.406742677958127	0.1810957583578	-0.630814131453552	-0.411982108272206	-0.70157498942948	0.4702797168357	0.478796107960298	0.820620765247806	-0.867411238215916	0.237602229155112	-0.653110791520876
XLOC_032724	-1.34649403754732	0.596120323400843	0.892851006888298	-0.627772681499361	0.11905469528567	-0.563743981937064	-0.219150996465626	-0.867071893782769	0.433697829068077	-0.121949804678697	0.540257220682046	1.1642023205859
XLOC_032728	-0.37005634275658	-0.376969115502123	1.56130901357648	-0.04410278704401	-2.47654543359149	0.282945308328089	2.98182881225286	2.46061693525748	2.59942805829911	-1.07041617904055	-2.7160112061471	-2.83202706363218
XLOC_032731	-0.119760887536197	-0.34260842201155	-0.482955481443208	0.364718400240321	0.490077392180293	0.559109359221154	-0.355909217661567	0.252150953156672	-0.0303396903709494	-0.266620386973139	0.0775755919508629	-0.145437610752719
XLOC_032742	-0.338505298355702	-1.03797234807841	-0.519146147727952	0.939930365394842	1.04722989063252	1.52279149771678	-0.97606479845061	-0.642026483075426	-0.143711945784984	0.280096715028867	0.136433332917871	-0.269054780217788
XLOC_032746	0.510108681204999	0.11983037555506	0.592731274183393	-0.863387308955753	-0.302355412557931	0.269914607856795	-0.137133745694614	-0.0143753640705269	-0.207149959974305	0.10864772567837	0.0130326875327578	-0.089863560758249
XLOC_032757	0.18168336210841	-0.864787835232189	-0.448827739758094	0.81307377371679	0.592959490190402	1.19096783828292	0.158207320353068	-0.758200032020931	-0.684874097039768	-0.327529399845309	0.708277529324742	-0.560950210080025
XLOC_032775	0.0862152161308254	-0.172532827290532	-0.234006633513953	0.248111957501244	0.207695575194522	0.203042366969468	-0.626764419070175	-0.610458358376301	-0.677789682453787	0.323461424265954	0.698971012888887	0.554054367753838
XLOC_032798	-1.09444911730752	0.501532831005616	0.0889000787104655	-0.922805679302354	-0.0293446664989974	-0.678096296719869	0.608703116939352	0.551956174217247	0.889975722615887	0.413290283752702	-0.246013361497488	-0.0836490859150247
XLOC_032808	0.299993656499185	-1.19522721787315	-0.390691308823918	0.260795634312348	-0.318436395956573	0.0203181742011225	-0.52424633254306	-0.470430356831645	-0.328722132618128	0.536868066423586	1.54525870065949	0.564519512550724
XLOC_032835	-0.142030722240709	-0.274169479247385	-0.474253255472592	0.370647597043524	0.183740013889986	0.643518641432747	0.705000373877683	0.781757450151087	0.629485905766709	-1.06608306611663	-0.336473907292509	-1.0211395517919
XLOC_032841	0.108261369801468	-0.196351944431884	-0.396427330118874	0.792530097852467	0.0827402075840329	0.530685553667523	-0.0153086631735881	0.136809842702336	-0.225530462128457	-0.458582534989377	-0.0516531076982094	-0.307173029067426
XLOC_032851	0.0897758977713643	-0.586336595684012	-0.333886191366355	0.529888500289154	0.348956909278975	0.32501393103353	-0.482004472370807	-0.248513905648347	-0.0538490951222599	-0.0741464140600865	0.573701532133265	-0.0886000962544315
XLOC_032869	0.901202591001573	0.849669294985738	-0.0163223129614023	0.354657425338763	0.316765712877793	-0.829359449274012	-0.248803447941306	-0.00119062409403714	-0.729933921549395	0.312976855210263	-0.262096910401628	-0.647565213192344
XLOC_032877	0.0358452453470512	-0.373087698138719	-0.132432491433249	1.0763141934622	1.13644392123175	0.733130373308707	-0.414046253387283	-2.80598026557187	-1.27578232512716	0.542603972744555	0.948151501666755	0.528839825897269
XLOC_032899	0.682791515762444	0.319900297250157	0.322866968228459	0.328423721336073	-0.288785427248295	-0.487346802817071	-0.396145047235541	-0.340009754267351	-0.432363303443679	0.18024730128786	0.343437222255425	-0.233016691108495
XLOC_032900	1.29619709206486	0.415874274110331	0.407930962185815	-0.659831437822304	-0.493445670595912	-1.39197924456214	0.173142216186016	0.254903648851974	0.517510448996405	-0.021402360098894	0.193283263516475	-0.692183192832638
XLOC_032935	0.946027017856175	3.29406041902832	0.756086688777223	-0.869041572717921	-0.869041572717921	-0.869041572717921	-0.869041572717921	1.95615845608165	-0.869041572717921	-0.869041572717921	-0.869041572717921	-0.869041572717921
XLOC_032936	3.67528106043711	3.01766630936052	3.01531408969883	-1.28936250044725	-1.28936250044725	-1.28936250044725	-1.28936250044725	-1.28936250044725	0.606638544081505	-1.28936250044725	-1.28936250044725	-1.28936250044725
XLOC_032976	-0.363864018163269	-0.733379806219425	-0.949092483914699	0.315152638838581	0.0561488693648755	0.547226189751819	0.136466877881106	-0.15893864118303	0.38794433303428	0.132340508329802	0.41272167088177	0.21727386139818
XLOC_032989	0.459720147371337	0.435937227882517	0.00730455546694753	0.233821384404458	-0.174135804172543	-0.139763684551541	0.092673102978881	0.0264747712930671	-0.184497752806395	-0.351073579600142	-0.0753634428616659	-0.331096925404919
XLOC_033060	0.98112266921561	0.205406890357869	0.175306678580482	-0.500758047288536	0.736247063315266	-0.569889950707305	0.0678608267678564	0.137496550213847	0.236208471906119	-1.14887317126374	0.321376474214803	-0.641504455312263
XLOC_033067	-1.74558829199346	0.42754292592835	0.259878872049972	-0.294352786967261	-0.964078365987065	-0.179456157064579	0.14190441443169	-0.73553202561548	0.342633188582952	1.27337304351763	0.698299277905743	0.775375905211513
XLOC_033107	-0.437837898749299	0.357644696605176	0.171702376821555	-1.95310329267532	0.45901294229061	-0.821618142049035	-0.667950784846062	0.13389224845492	-0.331091217334267	1.27551494690685	0.559302755429626	1.25453136914525
XLOC_033130	-0.00723977431475475	-0.163983972111488	-0.27543229467059	0.214336831794465	0.372762107471711	-0.665059070824864	-0.452377586167255	-1.23162966630584	-0.286424021996087	0.968717260653685	0.767777129847194	0.758553056623809
XLOC_033152	-0.135679269418429	0.29767198303851	-0.061933763650269	0.26725142484189	0.645589825090652	0.132220447527585	-0.969151319054206	-2.02732210132842	-0.476315253118019	0.390557890010705	1.15139459384933	0.785715542210665
XLOC_033156	-4.8314904933844	-3.30569647414671	-1.97269446767345	2.4105114977672	3.27260305841775	2.51037589353008	-3.39682392709098	-4.8314904933844	-2.14361812317655	4.17737989603378	4.07012090044328	4.04082273266439
XLOC_033157	-3.25241944100126	-3.25241944100126	-3.25241944100126	1.29580544329371	2.23508271058336	1.41070207319639	-3.25241944100126	-0.913829070445307	-1.3564183964725	3.19364016910658	3.46356195855641	3.68113287618637
XLOC_033158	-3.07127056941356	-2.57475039732524	-1.52138524469734	2.24743511577449	2.53612761314341	2.37155931647467	-4.2305672634813	-4.06637374039301	-0.713837153593201	2.95427481382019	3.11350036668671	2.95528714300419
XLOC_033159	0.269089646066662	-0.783525754653049	0.0745649399852368	2.09967340640179	1.67933711427103	0.37872835554537	-3.20179346949149	-3.00280019206778	-1.77005026976787	1.66755535284275	1.21748635575047	1.37173451511687
XLOC_033165	-0.678712095672436	-2.15315192488522	-0.431076959650782	0.273427353188794	0.329443172094653	-0.58051384313705	0.310535054293595	0.268558041824376	0.319241878071462	0.443539251537673	0.754330209755566	1.14437986257937
XLOC_033169	-0.232259195948207	0.341070682288882	0.0554447500167594	-0.137928845593071	0.40322392971342	0.331298349447371	-1.07585966039901	-0.713054315899162	-0.532435996414854	0.914944295021809	0.0447443689687308	0.600811638797338
XLOC_033190	0.114599307471019	-0.176447227016144	-0.0901743346331401	1.23423986876473	0.722700585837209	0.382499024417033	-0.88311473956271	-0.473663263141773	-0.140477592452516	-0.193023898913424	-0.231317303884954	-0.26582042688532
XLOC_033210	-0.239060412226848	0.248206129741606	0.99161088470946	-1.54408386537042	-0.824784335666664	0.15707011373207	1.39087070024112	1.44571284670932	1.55505907977962	-1.64011430790757	-0.445697818476394	-1.09478901526532
XLOC_033213	-1.07979152537914	-1.07979152537914	-1.07979152537914	-1.07979152537914	3.04529847369077	0.93528023311954	1.0598055677531	-1.07979152537914	1.6080808448287	0.910075558261865	-1.07979152537914	-1.07979152537914
XLOC_033238	0.880642627901175	0.398704602519898	0.47231964406043	-1.98408351947299	-0.352106742841854	0.848702923498422	-0.44929748901312	0.434250160235464	-0.756145388393986	0.324878190080268	0.858223975295151	-0.676088983868857
XLOC_033268	-0.849936217651415	-0.209111038555174	-0.172540543345836	0.781585564809792	0.49806775285937	0.739418272539395	-0.854877779235118	-0.712089862709291	0.207856213641777	0.548529489124675	0.16337170481211	-0.140273556290277
XLOC_033269	-0.974738889868598	-0.974738889868598	-0.974738889868598	-0.974738889868598	0.928891882409473	-0.974738889868598	-0.974738889868598	-0.974738889868598	0.921262154660152	1.01512819377241	3.38447974586937	0.573410252368782
XLOC_033306	-1.39487208638587	-0.785175803743285	0.238919859492653	-0.0710813645233017	-0.643216396773918	-0.0565864914759819	1.10949298384714	0.437607058097933	0.936494465617666	-0.0484337449707066	0.0396794328963548	0.237172087921303
XLOC_033308	-0.259333331534377	-0.0474675570899716	0.131490645571398	0.301652355613673	0.109191977517183	0.344987144806952	0.371580184592723	0.361115285785045	0.423938792019387	-0.535883842132423	-0.634596412555553	-0.566675242594048
XLOC_033311	0.00330726759480715	-0.836095503229921	-0.171531174585424	0.431774499137795	0.122549611728301	0.360381089655411	0.429111450514458	0.474338845734892	0.51876985369844	-0.643112967196926	-0.4060414273239	-0.283451545727931
XLOC_033351	0.570372800722284	0.75955938231885	0.529289323592986	-0.506884387213509	-0.526720323313329	-0.698190715425625	0.451681398830269	0.506647971853571	0.309413615505999	-0.331728815351712	-0.479148819250941	-0.584291432268842
XLOC_033352	0.511622466476567	0.418718630610909	0.311330013559296	-0.288959296930257	-0.630044972467047	-0.206793797638912	0.469187784586522	0.116858936993108	0.115098048572353	0.199005525865505	-0.500851472820382	-0.515171866807641
XLOC_033355	1.61200446986729	0.995120708402188	0.958710689384477	0.468045533019025	-0.107068364294373	0.0240154051707835	-1.25655783915318	-0.289548765676853	-0.802426616516066	-0.0467406303710538	-0.767450963021735	-0.788103626810488
XLOC_033356	0.981462491980826	0.796364375494027	1.06342681291228	0.383732869178525	-0.688330194040994	-1.15730649844239	0.396670016928844	0.231196025332239	0.130045990723338	-0.693815090444825	-0.841626732850548	-0.601820066771333
XLOC_033357	1.58941869848729	1.26973089414815	0.977903654366253	-0.437785820011181	-0.39784147971576	-0.646835662266223	-0.043250148113108	-0.122919475095178	0.144764835997401	-0.492352390403776	-0.823058114855141	-1.01777499253872
XLOC_033358	-2.62498509699733	-2.62498509699733	-2.62498509699733	1.1614044976568	-2.62498509699733	1.09398223070238	1.4043603037857	2.03884517443343	1.70073608196451	0.684774929831681	1.39161008493751	1.02422708467729
XLOC_033363	-0.322151136198974	-0.0817783047827136	0.0530074723241478	-0.244959899906953	0.0425657443592753	0.664892266784594	0.594663023516008	0.340319183440278	0.157151151645392	-0.81679208687935	-0.558439913643889	0.171522499342181
XLOC_033371	-0.85243996761946	0.0673416585030715	0.717900615461537	-0.66722917590858	0.331562848137001	-1.34264015067122	0.441375307250637	-0.0086957513884931	0.728190756326543	-1.37558445996795	0.631310168277475	1.32890815159944
XLOC_033378	-0.226715899318974	-0.709640258825162	-0.595420704967196	0.686693779210432	0.464946324979651	0.382250049666712	-0.473313418680486	0.323033397072215	-0.434820008012846	0.0100788683836912	0.55249274684204	0.0204151236499204
XLOC_033383	0.731931406296841	0.131374504741926	0.414687884555166	-0.0124673578767744	0.0862024849708849	0.157975126237377	0.428352572384084	0.709576218577672	0.233313991276855	-1.07493517622342	-0.772502255118593	-1.03350939982202
XLOC_033434	0.383109903856032	-0.346757414325411	-0.131116891216065	0.608778760426409	0.829959800672506	0.956590027926556	-0.671713480193144	-0.940404874508469	-0.362494410027177	-0.289031935966361	0.0219551701404299	-0.05887465678531
XLOC_033443	-0.0117179220301358	-0.477209839062978	0.0268208006041828	-1.48889576820948	-0.283896746345929	-0.136183170975285	0.0880693251862636	-0.0930164267664981	0.407103179894944	0.71874244752676	0.493944376306678	0.756239743871472
XLOC_033449	-0.483156693517592	0.648916628202609	0.272359621881174	-1.06413705111173	-0.622545106181314	-0.647328095201004	1.30528073957311	0.804574716352666	1.04766277640079	-0.352536553966962	-0.597980204866173	-0.311110777565562
XLOC_033452	-0.0910797413438349	0.941038752015141	1.31475589815215	-0.31481000980268	-1.40452436209423	-1.27663261160251	1.16447530427344	0.673718727032897	0.97184033356339	-0.413241309606465	0.25801903128116	-1.82356001186846
XLOC_033462	-0.621789834615391	-0.381926690285138	-0.0856632016605525	-0.0531300772303194	-0.587776246331863	-0.440909590363448	1.14561509143189	0.135059633915251	0.70440509928125	0.370781212191358	0.0625859499566941	-0.247251346289717
XLOC_033471	-0.477438647502043	0.170474909207264	-0.743484177339944	1.0438415976909	0.708527607077559	0.446443648291289	-0.730578987339833	-0.701235646086233	-0.54456390433559	0.413264083955693	0.250709590165811	0.164039926215126
XLOC_033476	-0.40132894605976	-0.128764357668153	0.228892920355642	0.0132513631573552	0.142804407222565	-0.0420834193705097	0.219740026137709	0.337618047447357	0.27439316009608	-0.296972116265953	-0.381538507910885	0.0339874228585497
XLOC_033478	0.88148990047979	-0.179565172547886	0.214752199576247	1.03046872816784	-0.150970892996738	0.620350466113	0.418098310526291	0.743097582361252	-0.371323376078958	-1.17683395552664	-1.57818303558449	-0.451380754489694
XLOC_033552	-0.416029842142139	-0.158354183028517	0.0310248592494533	-1.39668010378388	0.206048037690294	0.0411067996208976	0.329333757142114	0.511899481115377	0.413483515458684	0.539731924166969	-0.357869528736193	0.256305283246941
XLOC_033560	-1.8938105213908	-1.8938105213908	-1.8938105213908	2.19344478904506	2.44181256796811	0.930756471463499	-0.459143955097381	-1.8938105213908	-1.8938105213908	0.901958097531212	1.01460042538036	2.44562421066314
XLOC_033562	-1.2856415140096	-1.37675525063922	-0.999125974752869	-0.667631067692779	0.975458851887371	0.879482429424398	-0.582401395101688	-1.0352379521183	0.631476928338909	1.53553995308108	0.851694318084579	1.07314067349813
XLOC_033563	2.26779555176216	2.32961407780827	2.75229726520833	-0.527880631182056	-3.41521310637974	-1.40014134788106	0.614132294403282	0.511098197039962	0.700057499896948	-1.42534602273874	-1.75104810665728	-0.655365671280073
XLOC_033575	-0.164470381817784	-0.181839910439864	-0.112720703614414	0.192419284150265	0.171120288200436	0.188619407542703	0.168112545883355	-0.021008458444479	-0.0620153473367093	-0.227649888841762	0.0585977126000294	-0.00916454788179877
XLOC_033576	-0.167654176913111	1.46949145242842	0.668842935828589	-0.434133567503086	0.422713027793055	-0.60275919934251	-0.494454627591357	-0.246841803744088	-1.23008052864792	-0.0619391429996394	0.37096014085598	0.305855489835656
XLOC_033598	-1.94620760253135	-1.94620760253135	-1.94620760253135	-1.94620760253135	0.750467639831226	0.0688641559673293	1.92421419676267	2.59724920755762	-0.0502065580026008	0.84956101639066	0.470257786146969	1.17442296547153
XLOC_033599	2.57632746552941	1.96440436842085	2.05770420739771	-3.72894733921049	-0.148060096199548	-1.71387558071181	-0.0371481228435018	1.24538067711744	0.13984097179017	-3.72894733921049	0.906941116328924	0.466379671591331
XLOC_033604	0.352810701644007	-0.796526600572951	0.426556207412166	-0.165238938171059	0.472996843219376	0.169225373867347	-0.0770642926141587	-0.921686623596716	-1.89380314082983	0.769436452458854	0.954441746389942	0.708852270793024
XLOC_033609	0.550490932333665	0.324204151589536	0.426287183427737	-0.309994412758077	-0.927672937521731	-0.38092111063384	0.928836962771032	1.06890606548431	0.710809018060444	-0.668790708590492	-0.451690967943819	-1.27046417621876
XLOC_033612	-1.33593578305391	-1.33593578305391	-1.33593578305391	-1.33593578305391	3.74720815362672	-1.33593578305391	0.0987307832395115	-1.33593578305391	-1.33593578305391	2.35202251179644	1.08052960562441	2.07305942709027
XLOC_033618	1.37229407911613	0.95673142269777	1.37941461009783	-0.0549545064487331	-2.88446498921217	-0.309507338666786	0.817442885616444	0.0899749797101093	0.598267544977301	-0.157221010789548	-0.428877125752272	-1.37910055134606
XLOC_033626	0.259162839145088	0.161199553500223	1.25395704002703	-0.560696159395388	0.287616285935571	0.120056753948513	-0.288680955394388	0.583897312526367	-0.783199864728515	-0.478046292989657	-0.74970240795238	0.194435895377534
XLOC_033627	-0.112918130391763	0.125219813732151	-0.739685533468758	-0.0316929562121153	0.158624502694004	0.981030321956395	0.033788208479625	0.508204035847851	-0.126451760050411	-1.21833083955103	0.14293995307613	0.279272383887915
XLOC_033629	-0.137468227856339	-0.268850657091389	0.392126126069402	-0.435050442441176	0.0607580946070598	-0.226714227348251	0.333165545760301	0.051161590879965	0.471410865119867	-0.259910894465094	0.355164628745323	-0.335792401979659
XLOC_033636	-0.463843427101238	-0.223696008352857	-0.0150176658203094	-0.516531243413733	-0.116320785888606	-1.22829668844496	0.530163441764261	0.312252650502112	0.508288732772564	0.607020726241324	-0.0824628786871768	0.688443146428619
XLOC_033640	0.294852400401387	0.772618836774524	0.752461109580874	-0.346598329837122	-0.685022676963564	0.0736160928173488	-0.258423684280222	-1.539457179705	0.281388937071196	0.121577526127066	0.351462741738512	0.181524226275014
XLOC_033641	-1.07945659728494	-0.582936425196619	-0.450184503526096	-0.267629388279932	-0.976744615283518	-0.333424455325898	-1.53382276451385	-0.84821982884652	0.998798489913079	1.73963447736948	1.56987106764755	1.76411454332726
XLOC_033642	-0.207850165197965	0.450646804801793	0.969473005152248	-0.43158043365681	-1.01248271911153	-2.20289826981226	0.314448073185092	0.556948303178767	-4.21797002831094	1.62671882629917	2.08754365628885	2.06700294718359
XLOC_033643	0.353159092869147	-0.577032575298592	0.252784337420192	-1.60913432060013	-3.11129401768822	0.0920196585023563	0.185423433497009	0.214766774750609	1.03652043368803	0.0594112704781153	1.5439521284079	1.55942378397359
XLOC_033645	1.21194327479848	0.301358059527361	0.889929141657371	-1.49093193558466	0.0647577434373616	-1.17775507725112	0.0877596807430914	0.332969159766077	0.0546742712306916	0.516331930064752	-0.698668168682998	-0.0923680797064081
XLOC_033656	-0.931213039561598	-0.843847714636691	-1.18806053804761	0.64071725105869	1.18012279477962	0.998181656415234	0.598632808023958	0.935701526064447	0.412000710961703	-1.16355149513294	0.172757832465704	-0.811441792390513
XLOC_033679	0.276066288725925	-0.466457378081239	0.28309344071425	1.04496978425806	0.395099117414679	1.36337665468197	-1.41645311354719	-1.71592277498744	-1.33300929989308	0.697111139944956	0.338941332544704	0.533184808224414
XLOC_033681	-0.629426663026057	0.0499856627179733	-0.126209663175633	0.379155662025028	0.185574742936755	-0.15269542203633	-0.701134878806702	-0.549987413771657	-0.311661393556949	0.686087747567194	0.554490485184963	0.615821133941399
XLOC_033689	0.0472010914824779	0.529668213408981	0.370300359845477	-0.325019294516597	-0.475019630940951	0.0820534294801769	0.562410365891739	0.518938802516238	0.467820534566876	-0.836836686257509	-0.806290666034791	-0.135226519442111
XLOC_033691	0.0940675237557258	0.220996273706286	-0.481881279804807	-0.139049508829831	0.547117768279303	-0.209613051441118	1.03085006324275	0.122438693169437	-0.511009114177529	0.503947147135666	-0.985173225468877	-0.192691289567012
XLOC_033715	-0.932662275672535	0.50053451704191	-0.553697362358896	0.199486832062582	1.47797742067811	0.409398501032373	-1.00574673106929	-0.977897521425945	0.120998563135457	0.0967678190747696	0.0590292458698576	0.605810991631611
XLOC_033719	-0.0297389359515883	0.257418656967397	-0.35569758556226	0.191837670157631	-0.541545007847762	-0.485857466477836	-0.423508512325693	-0.280720595799866	-0.739753134509022	0.512159827356764	0.881584194568551	1.01382088942368
XLOC_033727	-0.314675901668708	-0.237081106081108	-0.0116103351665755	0.941565367036951	1.31990376728571	0.740433712508974	-0.374627169671121	-1.17227381690631	-0.607101114993887	-1.29199443324155	0.668826916976939	0.338634113920678
XLOC_033728	-0.00496376190664982	0.0196461284477154	-0.0918021941113869	-0.410352243159362	0.556392208030915	0.0547831122001776	-1.52022062787214	-1.15908762580558	-0.533623872312985	1.00916389058713	1.08771345676459	0.992351529137584
XLOC_033729	0.350377993307162	-0.0173770822296353	0.221364395157097	0.421540071285627	0.421073449445871	0.846428369831632	-0.204794841484779	0.847155754997458	0.601093229577523	-0.172766499041325	-1.10336591460756	-2.21072892623907
XLOC_033747	1.81321184593772	3.02325127647672	1.57501849237991	-1.28377753333104	-1.28377753333104	-1.28377753333104	-1.28377753333104	2.19457365213149	-1.28377753333104	-1.28377753333104	0.380387466391421	-1.28377753333104
XLOC_033765	-1.1439365134581	-0.077220020960791	0.164177666098984	-0.45940349550148	0.110444023881056	-0.161629427508435	0.308187955034242	-0.0215344130125033	0.608428623546619	-0.675122814342757	0.462506022805416	0.885102393417746
XLOC_033770	0.282809088529745	-0.514069452572596	-0.42094250147952	0.562347097118683	0.340617807911234	0.0916236253607714	-0.120721349066392	-0.134848827912601	-0.797695406669386	0.114470647435486	0.417486462628327	0.178922808716264
XLOC_033771	0.506539580587321	-1.85532755507161	-0.27065672378152	0.812412443614659	0.796127814321803	1.03747833400183	-0.0160449595870178	-0.469538008662654	-1.08931642685917	-0.0464056500995129	0.583091811936544	0.0116393395993377
XLOC_033792	0.744877261295353	0.551929681053493	0.637087934909489	-0.135455228680043	0.232287319986363	-0.165703654565286	-0.976531237954759	-1.07108144090269	-0.937960736051181	0.484107091433887	0.2696094348496	0.366833574625772
XLOC_033795	0.240405058076857	-0.329935952815962	-0.356733549918465	1.14464864909833	0.783905028679668	0.509353806529788	-0.985431957450083	-0.820421505974267	-0.68062001822064	0.374277251614829	0.122808094650571	-0.00225490427062702
XLOC_033798	0.454253356773103	-0.535891614469145	-0.927977205217569	-0.148521574408989	0.23540801820225	0.766254127833192	0.675805772553874	0.455471831533763	0.111329873742185	0.0465705463078745	0.106006317141107	-1.23870944999164
XLOC_033799	-0.972253001711439	-0.0210396032821603	-0.202382216972454	-0.0239689346948433	-0.620210827947452	-0.474073783227305	1.11431185694871	0.774874085256193	0.403389073304794	0.0291261444121265	0.0809756449223444	-0.0887484370085181
XLOC_033802	0.265424938709249	0.551878431068642	-0.21364476083372	0.129187010141257	-0.789900943695701	-0.896173316941641	1.16021367800746	1.1278580026398	0.805133033033844	-1.22703264791527	-0.898395760830777	-0.0145476633831478
XLOC_033841	1.45297985800332	-0.0612733684319786	0.0580881309861327	2.42123744128109	-0.408273041482353	-0.296832055261744	-2.31190381376042	-2.31190381376042	-2.31190381376042	0.997856213068584	2.32398464177899	0.447943621339244
XLOC_033842	-0.0501616524305195	-0.518849241851782	-0.485477758309699	0.740613233158164	1.03397181465199	0.368809257842409	-0.604656920551528	-0.305502690854563	-0.366069760583757	-0.47165272330745	0.643808069937844	0.0151683722988913
XLOC_033844	0.434548949702778	0.725515029147909	0.599818405343886	-0.828750019722854	0.03537229217525	-0.764353002220775	0.50785355500582	-0.0708188576099982	0.505239416051525	-0.2720946897932	-0.553985760040058	-0.318345318040295
XLOC_033847	-1.23329626209104	-0.506927055972556	-1.96029369661324	-0.543896046705668	1.24279288806955	-0.611318313660092	-1.07993276901535	-0.403974337940096	0.854925218485378	2.25624086499089	0.537660649213922	1.4480188612383
XLOC_033852	-0.574630336008855	0.122610644981838	-0.249126855864553	-0.036776469172171	-0.45406575234647	-0.204028166084369	0.617688720552279	-0.186998617360871	-0.178362601241956	0.185935766294971	0.278444007257602	0.679309658992557
XLOC_033860	-0.504420394580849	0.149306188539653	0.0362123622735444	-0.265871680102676	0.0801221351032959	-0.680376153770458	0.578006172056329	-0.0258465193800159	0.540992458202195	-0.741580605474125	-0.0139979767527549	0.847454013885867
XLOC_033861	-1.0584847958531	-0.284682404105423	-1.31873146736928	-0.210842403438382	-0.794808816726213	-0.649793647219777	0.451796563257717	0.904957604053341	0.428037166138957	0.492542657264497	1.1792273446023	0.860782199395367
XLOC_033895	-0.285481002717224	-0.959881242031489	-2.42523641298582	0.497860209814	1.43713747710365	0.923249735814621	-0.358565458113977	-1.71177430392502	-0.479024381625103	0.743949092030081	1.10784326584792	1.50992302078835
XLOC_033897	-0.183054260811158	-0.532217076552398	-0.366415698878792	0.142235847289663	0.157468855702952	0.397781566764136	-0.406239471873057	-0.42240833502071	-0.35172181865491	1.17373808214881	0.190839025371139	0.199993284514331
XLOC_033902	0.837026870423998	0.350752889998002	0.330068678755076	-0.000481453677117827	-0.0399364172045225	0.0912207480851261	0.0139467822933579	0.132206187900174	0.061421607087345	-0.6829513812642	-0.534175544298893	-0.559098968098352
XLOC_033905	-0.68014616975102	-0.687441205640218	-1.10412085582879	0.637600420624497	0.915112992885043	0.926283860264497	-0.362993247645458	-0.194201620577662	0.0944048663267809	-0.116859220791255	0.591742697402118	-0.0193825172685225
XLOC_033920	0.73722250675261	0.417429968250764	-0.577256492342972	0.872493175337161	-0.661573173464659	0.286637144094835	-0.848273262372832	-0.820424052729489	-0.424801872463129	0.0908022719608761	0.0958159767995941	0.831927810177236
XLOC_033926	1.3584990847981	0.789633285047063	-0.0791031628901813	-0.112425666555722	-0.0564098476498627	0.456365475196495	-1.75906657778519	-0.751417635878859	-1.12014382654047	0.911718609709933	0.213534137029802	0.14881612551889
XLOC_033928	-0.222132575575994	-0.595883843892158	0.0939892670075206	0.381235100373258	-0.00861547421990849	0.470714477055662	-0.144976649743835	0.676335167493587	0.345652696155211	-0.558816132975439	-0.177424285029438	-0.260077746648466
XLOC_033931	3.15189847042111	3.5207835392865	1.9725359554174	-1.2506993987026	-1.2506993987026	-1.2506993987026	1.36037722449579	-1.2506993987026	-1.2506993987026	-1.2506993987026	-1.2506993987026	-1.2506993987026
XLOC_033932	2.05185815720583	1.69779489574183	2.06258693599715	0.258142605335154	-0.248225462089762	-1.0045457122464	-0.34121622589895	0.0971985983190011	-1.93311166057195	-0.519352678271694	-1.41264731642238	-0.708482137097826
XLOC_033934	-0.841477201976236	-0.841477201976236	-0.841477201976236	-0.841477201976236	1.06215357030184	1.17359455652245	-0.841477201976236	-0.841477201976236	-0.841477201976236	3.78939754872446	-0.841477201976236	0.706671940261144
XLOC_033935	2.90927039908994	2.71554865768291	2.45857475718583	-1.81722734291959	-0.13987387560513	-0.249403401990169	0.43212845414316	0.906002784198739	0.254300339344349	-0.987899677474232	-2.80655242360743	-3.67486867004838
XLOC_033942	0.930673131200066	0.950203735201064	1.29499042156043	-0.399513989122006	-0.664019445529835	-0.0279802742944764	0.341450098297164	0.123708422188542	-0.187209029544462	-0.0934993324520645	-1.18721113301254	-1.08159260449188
XLOC_033946	0.380754766609634	0.112949515164938	0.260978429818064	-0.175008366030853	-0.51834926832511	0.408890821719999	1.03404614840696	1.11109212791707	0.927475474655722	-1.66217577871913	-0.984452021256454	-0.896201849960856
XLOC_033950	-1.75426065891011	-0.343938825080935	-0.460895066256552	-0.277373376480868	0.282736900109963	-0.118711190403723	0.0736255801820533	-0.128176589436293	0.392054154964963	0.811893450323917	0.54941559489353	0.973630026094042
XLOC_033956	0.190075559948296	0.226159224533644	0.187971811249326	-0.529074673373136	-0.502074381008549	-0.661022713895601	0.727705984886645	0.502178357268335	0.524878614923585	-0.596720239147381	-0.0719816844069499	0.00190413902178044
XLOC_033974	-0.51497012755874	-0.452556894080923	-0.383110822315957	0.0273151914728178	-0.132997070546963	0.40594718562631	-0.42495713735951	-0.476769210114282	0.102858606617131	0.253898396799453	0.982792216609724	0.612549664850936
XLOC_034002	0.0483620374725149	0.320256244965112	0.805329867494939	-1.53333225070879	-2.62304660300035	-3.30465008686424	1.9337428585555	1.54638457235607	1.38665273844426	1.17469569566775	0.409918124602903	-0.164313198985671
XLOC_034025	0.463324665758786	0.593958382344331	0.711185011591788	-0.272691233039126	-2.00868339948053	-0.545693777785005	-0.184083536343609	0.323155327076044	0.222287541011976	-0.119102353276872	0.568506367532161	0.247837004610064
XLOC_034028	0.817782833728287	0.698725396864346	0.928665983336953	-2.18855756457721	-0.677889807115297	-0.53980972242653	0.645915242755702	-1.07035023236474	0.559767460445495	0.937517134624708	0.497798143179896	-0.609564868451616
XLOC_034050	0.76714098797666	1.11363270734432	0.167574474394852	0.134949990796759	0.54820525488998	0.56033951679738	-1.44743535092752	-1.58807486469863	-1.72540252329036	-0.178156758686683	1.25614713365703	0.391079431746211
XLOC_034113	0.181228455134034	-0.0229468743929591	-0.19634865962645	-0.356529973866444	-0.302875590762101	-0.394492873124042	-0.0444597547564918	0.207622912752266	0.0137307707253846	0.806832333126662	0.0701309020309804	0.0381083527591741
XLOC_034116	0.821105592506478	0.731207317632248	0.582985357122737	-0.328036348174793	0.209963638569532	-0.062348199579116	0.22572579007769	0.5767688270749	0.199617570621766	-1.61898719315331	-0.622214881929494	-0.71578747076864
XLOC_034139	-0.265071824169214	-0.448439790279729	0.53029743638487	-1.63130507703445	-0.0647066327917427	-1.23997196464685	0.820175483573433	0.410460209014189	-0.0749215683060651	0.571865943739414	0.625987915075721	0.765629869440425
XLOC_034146	-0.948893236984104	0.0383357105528805	0.719238408296432	-0.277892266475175	0.0800813722061982	-0.839254527505396	0.329620741281179	-0.0630760472772112	0.323730658179631	0.309858336378631	-0.068461977469422	0.396712828816357
XLOC_034147	-0.089738442596424	-0.377518500836145	-0.473634196560232	0.66791456044824	0.620261683379431	0.595273438430053	-0.518810565597196	0.0129506069404117	-0.42795997091569	0.237928044798667	-0.0244801822986869	-0.222186475192422
XLOC_034160	1.44175808402619	1.1261153904404	0.763249558297549	-0.893773958178993	-0.78270366844283	-0.491743566214414	0.547499400864563	0.685034024326733	0.439957637323687	-1.17655723235858	-0.743386671549326	-0.915448998534981
XLOC_034163	1.52146834355614	1.44964157305869	1.59395534415806	-0.434508889732719	-1.41821059265233	0.0181540373897917	0.707504035852619	-0.49664133613083	0.249498927925456	-1.3319742812894	-1.65767636520795	-0.201210796927528
XLOC_034167	0.45304495273835	0.882737881640979	0.593931783803845	-1.38853391026529	-0.0563364263524608	-0.651197882211113	0.143377004950864	0.605418987098807	0.261966036434294	0.160492920343693	0.205344778440927	-1.21024612662289
XLOC_034171	-0.248588944002358	0.571612229301011	0.426051921459612	0.308774728506569	-0.48325901286899	0.965085665496502	1.02087985501075	0.896097250724409	0.145184039390338	-2.09474942818226	-0.714916753972665	-0.792171550862918
XLOC_034172	-0.94391451958271	-0.238717184054395	-0.496699636550406	0.36377318186771	-0.021335629660352	-0.535223370949385	0.194261387167109	0.987459617152314	0.811870145088179	0.0926229514489254	-0.265546855951326	0.0514499140243467
XLOC_034179	-1.99754014078166	0.253090304546785	2.30713644936442	-1.99754014078166	-1.99754014078166	0.0175316177170191	3.06254061101944	2.41459024040102	3.93035162164129	-1.99754014078166	-1.99754014078166	-1.99754014078166
XLOC_034182	-0.083605843961716	-0.610357190178368	-0.132452695757602	-0.712175986020521	-0.0867692564578828	-0.385127890648422	-0.413380415623954	-0.941203759199323	0.429068746784035	0.6389252040263	1.13338739612288	1.16369169091458
XLOC_034277	0.575607813744457	0.419506756445086	0.308554658211523	-0.771327425571896	-0.425174873646469	-0.840459328990665	0.814129949500956	1.17991470146098	0.612723131402016	0.494059888296452	-0.909346608129617	-1.45818866272282
XLOC_034280	-0.666473408849796	-0.312359687581584	-0.62178803931062	1.1641862225458	-0.010628273898913	0.837896137326758	0.499150716253287	-0.0286726273220816	1.79217348945412	-1.33994965404682	0.0623359632989988	-1.37587083786916
XLOC_034281	0.796140392823476	0.0111997157721087	0.193273405563916	-0.862700446550688	-0.337125823722606	-0.397565091191148	0.860825141547833	0.800658149651172	0.504417396570063	-1.07897191587672	-0.182543962833099	-0.307606961754297
XLOC_034284	0.157893411069794	0.483161235865698	0.731294747680393	-1.42380087711151	0.362888057663703	-2.38562347891135	1.03661077726613	-0.332119730565293	0.95505664748989	0.300140457179604	-0.453615278459512	0.568114030832456
XLOC_034294	0.0566160040076635	-0.2480689204981	-0.690403193848403	0.194426444088722	0.357655192723103	0.972137030887879	-0.735322961155474	-0.796922351911629	-0.449016359023235	0.060841245517639	0.712113664365607	0.565944204846235
XLOC_034316	0.000787790645357944	-0.541457418251239	-0.868044926966614	-0.265691599944616	-0.39268092007656	-0.77323862319253	0.0813266788708651	1.05930745326214	0.788089568322404	0.706343434689507	0.117782495429084	0.0874760672121928
XLOC_034318	4.24474112457937	2.1693836887677	4.4646021351484	-1.20874743872172	-1.20874743872172	-1.20874743872172	-1.20874743872172	-1.20874743872172	-1.20874743872172	-1.20874743872172	-1.20874743872172	-1.20874743872172
XLOC_034319	5.0770117376024	4.36612972006813	3.91794819368305	-1.69523229954248	-1.69523229954248	-1.69523229954248	-1.69523229954248	-1.69523229954248	0.200768744986269	-1.69523229954248	-1.69523229954248	-1.69523229954248
XLOC_034320	3.5890735934533	2.9864440211101	3.19810358188919	-2.35228163229984	-2.35228163229984	-2.35228163229984	-0.917615066006422	-2.35228163229984	0.335590737908004	0.957478394529168	0.0641837563784802	-0.804132490062461
XLOC_034321	-2.44430033125242	-0.256161831459078	-1.40057289611556	1.15319673225047	0.259940330002311	-2.24429716332783	0.375500067395603	0.61870181937384	0.412849425732662	0.936925262924433	1.41005310532872	1.17816547914684
XLOC_034327	-0.159234410759961	0.3654320091545	-0.296998843911791	0.0867887331449291	0.0507289347800999	-0.514037615881961	0.756384273848509	0.350518562646708	-0.245557431997081	-0.411743635412535	-0.282872414530917	0.300591838919493
XLOC_034331	-0.930856468185736	-0.0574757960767913	-0.896263544149393	-0.0363955441716044	0.614161296172683	0.359362720939949	-0.170855489882759	-0.00411011700056996	0.444431046393466	0.326030824708893	0.14748925979324	0.204481811458622
XLOC_034332	0.0449128079110928	-0.709477808446108	-0.181945527186073	-0.128571069184133	-0.952918569148221	0.270313228743117	0.75126726279462	0.357640964137008	0.598692584223931	0.0465684787919489	-0.167819097805199	0.0713367451680211
XLOC_034339	-0.833931562304664	-0.702866361192972	-0.119909754017684	0.161924421332318	0.138635288090128	0.50064442053429	0.328500996860253	0.0368949694261369	0.660728357392321	0.253786861183389	-0.557780155639927	0.133372518336411
XLOC_034353	-0.62623667429447	-0.339783181935078	0.51920967924807	1.05359403185915	0.194592949639759	0.941140832759775	0.0737549026144473	-0.36007283272619	-1.93786424476868	-0.610358371018391	0.239469111283905	0.85255379733769
XLOC_034382	0.162967144044456	-0.628106042242568	-0.879466166157203	0.61653381448142	0.381103306862852	0.284395076691129	-0.456764511533259	0.147083931181077	0.0265516981393681	-0.125989896762493	0.343872863122091	0.12781878217312
XLOC_034384	-0.180971203307987	-0.321217825668695	-0.633040316475327	0.381300305975335	0.383138033132376	0.532926743343046	-0.486244760274515	-0.693398673945035	-0.480154345677342	0.533611318691685	0.47920689459213	0.484843829614331
XLOC_034391	-0.0796022175114732	0.0101024982042368	-0.679168731093282	-0.082312792541761	0.542966425015443	0.185847740890799	-0.957320829622136	-0.847887717803654	-1.14474749270965	1.45450412526426	0.46962187097949	1.12799712092773
XLOC_034425	0.121885906291325	-0.127888377049095	-0.0449036996662455	-0.389378754267009	-1.35165815692483	-1.20552111220469	-0.118066344460359	0.550448827104139	0.0419033745750816	0.649011240354391	0.769125625999441	1.10504147024785
XLOC_034465	0.699484373895273	0.445003334602494	0.781481653485272	-0.963750430759972	-0.964200760226608	-0.636702335387873	-0.0994756261222172	0.0780223875562269	0.420300126213941	-0.668949098884823	0.648322529944481	0.260463845683798
XLOC_034518	0.827739619892399	0.919483985527265	1.09213537923741	-0.812618786188256	-0.784361665280044	-0.755043056867746	0.19662192384133	0.235487972687027	0.165951107375689	-0.317574731376749	-0.218201040176202	-0.549620708672131
XLOC_034529	0.307843876514147	-0.111911914101033	-0.19737358903437	0.709173874131161	0.714092912104638	0.926746754585325	-1.47301639380019	-1.36920108494335	-1.29463396384566	0.545371024813201	0.745966600627367	0.496941902948787
XLOC_034569	0.275686758348041	-0.497953101638794	0.35558743052067	0.731988522667224	-0.0672569177124229	0.622600081123365	-0.281270535294763	-1.36470954462645	-1.05756942598163	0.251637255203865	0.587624064724021	0.443635412666888
XLOC_034579	1.54968480674958	1.78954795107983	1.70937673667402	-3.90380375655151	-1.20712851418894	-0.563808354231317	0.268681226475433	1.24568878061822	1.16923618146869	-1.91393667291051	-0.0948199481032392	-0.0487184370802507
XLOC_034595	0.608598676490307	-0.404883424079872	-0.459813788132315	0.600238777296451	0.956858077595456	0.747380989245805	-1.09988720278928	-1.00473543627878	-0.763027635277487	-0.478058419305184	0.95174799457739	0.345581390657509
XLOC_034597	-0.956686661131084	0.348117817741075	0.599648109884385	-0.84810154376984	-0.000240501392291037	-0.61994214421095	0.581198170075387	-0.946876963056265	0.243408784581142	0.49662370046674	-0.0159071881190691	1.11875841893078
XLOC_034598	-0.317870138088812	-0.490599780880422	-0.99609424226887	0.890172933902328	0.490150547588636	0.54202028001357	-1.07760347933309	-0.826877584060698	-0.240723887902886	0.820666072595506	0.923730098291248	0.28302918014346
XLOC_034599	-0.916340978448407	0.0555790789979653	-0.173554385087719	0.0203862079632886	-0.295288583247777	0.17336683429954	0.0318489207301198	-0.725318384791025	-0.305621661603523	0.764912329052634	0.502366555762955	0.867664066371963
XLOC_034632	-0.0990099431579932	-1.06907255633747	-0.64424228907387	0.544923010311952	0.254067747088892	0.602918359096601	-0.460737309398644	0.198902659569362	0.0115907960267174	0.333289851881403	0.348439690601151	-0.0210700166080926
XLOC_034635	-1.07416809542016	-0.349356817128841	-0.318897014229027	0.250858809209735	-0.407917086273857	-1.08179081884411	0.892890447872134	0.387784062445732	0.925166325244176	0.0135503280678968	0.246668468921493	0.515211390134814
XLOC_034636	-1.72512375805827	-1.03126663043106	-1.43860821880153	-0.297335842678443	0.92537095027009	0.954689558682388	1.29051533617642	0.892209428331602	1.12633930415585	-0.747844141269444	-0.126577653117357	0.177631666739755
XLOC_034658	0.257990417739235	0.129963411314804	0.103701254745474	0.000480114707594126	-0.136525667813792	0.224659165201826	0.149874727024867	0.240217978243191	0.412398831088659	-0.370158166893312	-0.270918983096035	-0.741683082262522
XLOC_034689	-0.970719367881799	-0.549953877439248	-0.15868735264764	-0.728077869185056	0.299609128635083	-0.0596291599667111	0.132707610619065	0.157696200727647	0.106866559794199	0.870975480760929	0.270963685812204	0.628248960771308
XLOC_034693	-0.940343634340863	0.892100528230219	0.780652205671116	0.0937144554530329	-1.07196419217868	-0.287341983256193	-1.08004169815982	-0.538333116271155	-0.624742318492003	-0.503939016545983	1.04750206963642	2.23273670025391
XLOC_034732	1.37325180833825	0.410942432210062	0.0254203654157905	0.390567274176454	0.0414612085210262	0.75605166068642	-0.916716232974099	-1.06748960625779	-1.59093616014615	-0.156263281567428	0.819442663945091	-0.0857321323476254
XLOC_034754	0.737510422988753	-0.0759466807461999	0.0390750438231251	0.583327006546927	0.931290621291318	0.766349383221921	-1.33111685364072	-0.376453245177096	-1.51163461950448	0.123495210664688	0.0622630926541428	0.0518406178776321
XLOC_034755	-0.264667514338676	0.00109929451133972	0.309385923484447	0.540556196642081	1.02682920415312	0.428102997542704	-1.1193421675231	-1.25512769287069	-1.13447953114123	0.816628628753318	0.205603997353735	0.445410663432949
XLOC_034762	-0.118214030325816	0.182643875700579	-0.1610227599586	0.363341473151335	-0.208793559099281	0.459531414593373	0.262113660931624	0.321411092148889	0.41496004278762	-0.560452780067855	-0.721952435333456	-0.233565994528411
XLOC_034766	-0.974374832569837	-0.111358344374743	-0.330493098222261	-0.281582166204073	-0.344912906246729	-0.174374138173308	0.406867450063323	0.152523609987592	0.21988931256069	0.559774149251493	0.427894724076954	0.450146239850887
XLOC_034768	-1.01867327025484	3.1444287214914	1.84012275545612	-1.01867327025484	-1.01867327025484	-1.01867327025484	-1.01867327025484	-1.01867327025484	-1.01867327025484	0.971193813386169	0.645491729467624	0.529475871982543
XLOC_034774	0.877684324856585	-0.756642091088789	0.549509592328981	-0.515446016601588	0.0194730357840713	-0.400549386698906	0.2020040078337	0.629147455320166	0.225623124026805	-1.75391087406754	0.259963456013606	0.663143372292917
XLOC_034775	-1.18154937166053	0.670637569917376	1.01472273812635	-1.63370349871776	-0.255017067082692	-1.70463019659352	0.938840958836066	0.649322201709951	1.34848748400164	-0.392401007443242	-0.159282866589646	0.704573055496005
XLOC_034839	0.665983135183718	0.0540600380751597	0.302193549889855	0.0664705474792333	0.95993156028259	1.02442924836061	-1.10687356806015	-0.192711946513038	-1.52402106327949	-1.00841691885549	0.780293510519445	-0.0213380930824449
XLOC_034851	-0.681478611349134	-0.566933424135052	-0.143246273325158	-0.143669213340061	-0.559958621219065	0.156129869069646	0.153352994972527	-0.00851806316093651	0.471096786170839	0.22808727112995	0.569751395679039	0.525385889507421
XLOC_034875	1.70323814718937	0.856879213249053	0.231377029415752	-1.39375123207939	-1.39375123207939	-1.39375123207939	0.0409153342140258	0.20510885730231	0.502249812449358	-1.39375123207939	1.88083862433972	0.154397910157987
XLOC_034979	-2.29110056754464	-1.37534449194415	-4.10616915811874	2.17531202108058	2.68384051914188	1.3396966817584	-2.67150259182532	-2.50730906873703	-1.41829678791089	2.60835306613187	3.06549554503921	2.49702483292883
XLOC_034980	-1.41029521498158	-2.86900150831816	-1.90600573094305	2.48848213616886	2.47087830433425	2.02900775884061	-2.79505588246912	-4.14826472828016	-1.53545842265459	2.71638967919101	2.37494885178211	2.58437475732981
XLOC_034981	-0.410131664500434	-1.17276750554159	-0.528294940921719	2.0430766869039	1.7077500348371	1.42441731684774	-1.91490504274766	-3.60566007297474	-2.07546213253003	1.84318564010725	1.59017407519481	1.09861760532538
XLOC_034982	3.39475238671281	2.42448621102815	4.15364349292082	-1.88254259877962	-1.88254259877962	-1.88254259877962	1.36781027356483	1.83710582723071	-1.88254259877962	-1.88254259877962	-1.88254259877962	-1.88254259877962
XLOC_035067	-0.56572152568866	0.410991924157354	0.596312242300373	-0.555155797319504	-0.600517258795131	-0.398669767815092	0.832505708103066	0.895704837188233	0.631244739738281	-0.431849332150688	-0.250746238569374	-0.564099531148867
XLOC_035072	1.74313202417137	2.38277251151961	2.68426979377877	-2.65946584495234	-2.65946584495234	-2.65946584495234	0.590887027392111	1.75266453623034	0.0284065252555035	-0.669598761311336	-0.995300845229881	0.461164723050536
XLOC_035074	-2.75951947911602	0.0940287634226227	0.237970327993802	-0.487332759254255	-0.238964980331201	0.532356378778537	-0.0421699681940781	0.57490446747962	1.64436371381267	0.366520129992101	0.181987123616021	-0.104143718199816
XLOC_035076	0.215677117123723	-0.717083083715064	-0.923549050435541	1.43282977021968	0.631992307488695	0.538025099570415	-0.779265007722906	-0.774783061408292	-0.65413489967883	-0.0712654080451918	1.01829965091393	0.0832565656893776
XLOC_035080	-0.258386076837802	-0.405190819301887	0.0840491686108358	0.328459581582876	0.409963226661789	0.33803764639574	-0.783828864950904	-0.743314568124257	-0.759901293284673	0.382189390368465	0.617373389397874	0.790549219481933
XLOC_035084	0.89206043383715	-0.923008156736947	-0.923008156736947	-0.923008156736947	0.980622615541124	-0.923008156736947	2.3273447156075	3.1840374889098	-0.923008156736947	-0.923008156736947	-0.923008156736947	-0.923008156736947
XLOC_035086	-1.92887508164074	-1.49331322688639	-0.520708318094841	0.592129746610707	-0.163056429203899	0.522997843191939	0.890925317007275	0.363101973431906	0.581777506746997	0.243381357096671	0.065040136233435	0.846599175506946
XLOC_035096	1.28066271342876	1.37107908836883	1.45332507543513	-0.894658315753896	-0.596592925406861	-0.612434532401697	0.396878429810242	0.686860097571011	0.418249918853175	-1.14047331034406	-1.13084384816405	-1.2320523913966
XLOC_035113	3.23740595981401	3.7049381585096	2.97224911901615	0.0303304598706151	-2.03988902567842	-2.03988902567842	0.0997080674538284	0.298701344877534	-0.143887981149665	-2.03988902567842	-2.03988902567842	-2.03988902567842
XLOC_035124	1.97153477129289	1.79403927831341	1.75572264352814	-1.52937491524589	-0.220092896055823	-0.953508711484099	0.132879106786667	0.185153009793814	0.654098595016265	-0.8223164591707	-2.34204036926263	-0.626094053512054
XLOC_035125	1.73575030361428	1.66966972158056	1.32278045136284	-0.671966304263888	-0.95744960491044	-0.165876671255456	0.271125572396516	0.722468947444976	0.352853671922409	-1.52085621579627	-1.16017556201701	-1.59832431007851
XLOC_035126	2.0627712618477	1.59408367242644	2.20296340595358	0.290179000923952	-0.465007174890655	-1.2213274250473	-0.354095201534608	0.928433598426334	1.43142373372851	-4.0458944179016	-1.13748347113044	-1.28604698280193
XLOC_035127	-2.22319697992169	-2.22319697992169	-2.22319697992169	0.664135495275998	0.473478262440888	-2.22319697992169	1.94928800310526	0.602003048877886	0.464675390286156	1.76412804938982	1.34319133076117	1.63188833954957
XLOC_035132	-2.09832195973533	-0.572527940497641	0.27166998501123	-2.09832195973533	-2.09832195973533	-2.09832195973533	2.32379654592223	0.726878069064248	1.77046635126533	2.53255279096537	0.318143428942993	1.02230860826755
XLOC_035145	0.221350211905659	-0.531728720995026	-0.165533102186863	1.14433706421491	1.06630059396539	0.940262483899748	-0.579814653104733	-0.423096004399684	-0.383304457351549	0.0717668634287554	-1.61771755337295	0.257177273996334
XLOC_035158	-0.0333719371468644	-2.27246158967292	-3.7982556089106	0.288999701525252	0.32683439015931	0.22056201691337	-0.106456392543618	-2.1993955195289	0.0705327020900537	2.49217072229911	2.14989077061939	2.86095074419642
XLOC_035160	-0.192040580290729	-0.0311640944014755	0.00696035058266009	0.14973896316291	-0.111284394626803	0.298081682105695	0.316769047066567	-0.00341076155442455	-0.294750182631919	0.00401459978502494	-0.365959321919551	0.223044692722048
XLOC_035167	-0.518187481251779	-0.333389196689437	-0.406074845770236	0.723050310527496	0.505709797840716	0.500836286132444	-0.387858894578184	-0.255648319602159	-0.257932148927196	0.13414389045931	0.178895802449551	0.116454799409473
XLOC_035190	-0.277142088238946	-0.356579409840371	-0.356798978391996	-0.978064486309631	-0.105397982008768	-0.169072800759002	-0.32668587167894	-0.246884962692687	0.174348361498001	1.0307822403675	0.813535282289185	0.797960695765656
XLOC_035191	0.34936368520459	0.078036096163614	-0.13767658153166	-0.0194323798986353	-0.98242691461263	-0.176657347848747	0.499080193035475	0.809471148307915	0.968657341795952	-0.869917955719567	0.137120224128219	-0.655617509024527
XLOC_035193	-4.35146026634847	-0.973329138859045	0.6606778783461	-0.264204955912608	-0.770573023337525	-0.632492938648757	1.44301782722589	1.39686629728405	1.81378685290707	0.84483391840248	-0.54247645790019	1.375354006841
XLOC_035194	0.488925874497994	-0.149741794688829	0.680075118029955	-0.251560590530983	-1.38214670015712	-0.320692493949752	1.78311254291374	1.36356273292287	1.95989871684191	-2.59776692571552	-1.02124569867367	-0.552420781490575
XLOC_035195	-1.39939475991237	0.0614806687895504	-0.047023580090813	-1.60905166398344	-2.59275336690306	-1.15638873686093	1.93255955553388	1.75295792987542	1.96465019831009	0.812357234194844	-0.298329902913304	0.578936423960129
XLOC_035200	1.09163627691625	2.03525525244766	1.80172793966993	-0.198534012284138	-0.106424301663109	-3.98492360693827	-0.114501807644245	0.28271314259918	0.340797572023567	-0.296965312087923	0.374295028799702	-1.2250761718386
XLOC_035206	-0.871623933761002	0.354789004702173	0.314717080699525	0.12735788475678	0.542363680474265	-0.00507730046574473	-0.00102914091643669	-0.0807814901324946	0.306552384008908	-0.877630147392829	-0.0601191633428204	0.250481141369669
XLOC_035212	0.335208990108893	-0.459347185472375	-0.000894129853993064	1.13444831618183	0.45529835179885	0.906742722742976	-0.884431530966925	-0.64193130097325	0.0604685191671441	-1.18173149765144	0.888664052136835	-0.612495307218543
XLOC_035216	-0.435772198942509	0.227414752827817	0.109151749445182	-1.91765291544665	-1.05837445202167	-0.104668153412513	1.31654574721693	0.94683669304704	0.981802465722533	0.332800172078484	0.128828200568081	-0.526912061082732
XLOC_035227	-0.23463172343419	-0.0939097654665177	0.0264435715384925	0.149780295698283	0.0993229830877311	-0.315485658713442	0.156493108482795	0.330913806264243	0.106796406074992	-0.150710721328394	-0.0837372708109863	0.00872496860697591
XLOC_035266	-0.6118651711258	-0.646083529639039	-0.456045088293092	0.220323042775942	0.283080784972919	0.365528326171045	0.365155172955797	0.367966849696721	0.40047194235118	-0.107877174335815	-0.0440235983731405	-0.13663155715672
XLOC_035285	-0.226777290654592	-0.458417416141581	-0.281553352751238	-0.659391494754338	0.0518476746789966	-0.379252200282213	-0.486961726924645	-0.408584532345293	0.408264038848322	0.88232867290242	0.664501428004682	0.893996199419487
XLOC_035286	-0.690763923065564	-1.39837075520786	0.0831614558730545	0.547741531431702	0.328767384440711	-0.574868222740641	-0.766708856353181	-0.0237316084335495	0.0757403060548079	0.994446531990798	0.691144292219274	0.733441863790457
XLOC_035296	-0.320288596092091	-0.492496125014159	-0.344933731589159	0.945164268134585	1.23316900866274	1.56836839397895	-0.132060095562828	-0.584217916097663	-0.451844183103783	-0.0403303153719881	-1.06421527039335	-0.316315437551261
XLOC_035298	2.07418976348179	1.04013075789263	-1.69069390828195	1.19663856691574	-1.69069390828195	3.28292050201363	-1.69069390828195	-1.69069390828195	-1.69069390828195	0.299173175359054	-0.0265289085594913	0.586945684306405
XLOC_035303	-1.07865224645603	-1.71064098207959	-0.172975400480544	0.525719362147552	0.912473395840085	-0.425650595371364	-0.453903120346896	-0.981726463922264	-0.270227598997278	1.20165422164071	1.29378242527127	1.16014700275436
XLOC_035311	0.345754349339073	0.0769782549466367	0.189260296500974	-1.86492000537291	-2.20334435249935	-1.93584670324867	1.46504993019094	1.28636547464549	1.29507433296579	0.563181302566453	0.227803991635725	0.554643128329857
XLOC_035328	0.609212959295789	0.365211508773088	0.286088248759121	-0.396907523828	-0.407942019497964	-0.351862684574836	0.0869945033473929	0.2327606854919	0.233317371012419	-0.209171231835683	-0.252612247835083	-0.195089569108134
XLOC_035329	0.884782490961316	0.746672631869867	0.323372424844308	-0.562554142572732	-0.65894284811257	-0.72395742517418	0.383775193382323	0.611050044398204	0.561782862366933	-0.625291635247399	-0.552949489177347	-0.387740107538738
XLOC_035357	-0.818747886153368	-0.511489107233014	-0.106427675389868	-0.39028065461038	-0.442189116967235	-0.989098423177148	0.729374387770391	-0.460960093276672	0.683640625551935	0.697906952410581	0.619938527911873	0.988332463162905
XLOC_035360	-1.40168785951424	-0.789920593441274	-0.144069320231966	0.73526982991427	-0.449752581594983	0.741840957999703	3.1488414844262	2.37795115111749	2.7392346919572	-2.69165781569516	-2.66238766307183	-1.60366228186541
XLOC_035361	-4.02860066717661	-1.77797022184816	0.420759891913708	-0.622810197810447	-0.150101361901449	-0.309633339476902	3.01739059088493	3.11098854323785	2.43243367031461	-0.718840640347601	-0.754010810757497	-0.61960545703243
XLOC_035363	-0.714663225643545	-1.35333089483037	-0.0601074063731133	-0.176731637781507	-0.394685779872146	0.828546018019192	2.27703275705422	2.0303816208858	2.43951313935541	-1.80389808018656	-1.98223930104979	-1.08981720957757
XLOC_035365	0.938827345778335	0.0924684118380203	1.06507332062957	-2.15816203349043	1.04732527570898	1.18183336882977	0.452914589707966	2.8161659828375	1.03803983863155	-2.15816203349043	-2.15816203349043	-2.15816203349043
XLOC_035366	-1.19495226864301	-1.08075953013897	0.249613905866411	0.561430241224937	0.0814775953178328	0.536178263689526	2.21852575480426	2.29988603457936	1.90403796026788	-1.24394821061851	-2.76367212071045	-1.56781762563926
XLOC_035368	0.203075428362109	-0.0303249425548016	0.17177283964061	-1.06665382267262	-2.91820346460501	-0.507934258498936	1.76198561171999	2.1540095768563	1.62065009302715	-0.41858452221664	0.0545433201876522	-1.0243358592458
XLOC_035370	0.561862698047639	0.192315720089459	0.142056668322995	0.444556074948272	-0.1633463531173	0.714666795713269	0.434571075212011	0.0232573936024263	0.404026326803796	-0.770300400540616	-1.14526646638677	-0.838399532695195
XLOC_035371	-0.796550332437894	0.249193084227249	0.471755726843556	-0.258724791857467	-0.203650396078793	-0.561967310083353	1.15983529224324	0.71475319252956	0.925319528643621	-0.95951979621992	-0.441897048478488	-0.298547149331321
XLOC_035375	-0.706724483677862	-1.66816095419478	0.0597476585627419	0.0343941724732026	1.15394655418171	0.652224310643721	-0.471019821098912	-0.697040028234285	-1.16202349402347	1.81502855559364	0.116076763913763	0.873550765860532
XLOC_035467	-1.78166176959167	0.468968675736773	-0.156533508096529	1.62412869977449	0.915013472770904	-1.78166176959167	-1.78166176959167	-1.78166176959167	-1.78166176959167	1.52809825723734	3.18966445212419	1.3389687984112
XLOC_035478	-0.643666334638646	-0.537807023340861	-0.286085472571044	-0.47202289663348	-0.781247784042974	0.199585745425526	0.412861678809398	1.00273895688612	0.601898383528835	0.268274496438942	-0.131663446615656	0.367133696753849
XLOC_035492	-0.957689538985381	-0.897020523506018	-1.52465487641773	0.0372587555403046	0.507019906619272	0.417350390780594	0.169578982287072	0.133279773980448	-0.191185309865009	1.34044245397137	0.279642918034887	0.685977067560192
XLOC_035493	-1.03223359831159	-1.3451607180501	-0.320949838688604	0.565865988144526	0.745834699414719	-0.262177880168554	-0.607110832679769	-0.0836288833019632	-0.28475771736351	1.474330937564	0.278261988418617	0.871725855022246
XLOC_035497	-2.3452171064184	0.572622644402365	0.584501964395191	-0.636756664092855	0.466552586822132	-0.585484172898568	0.36612837345448	-0.840133954209503	0.113429791885514	0.172223925682576	0.744414947836764	1.38771766314031
XLOC_035498	-0.0209480040139844	-0.400568954655839	0.123442312312397	0.0204485986713792	0.638378480860819	0.141567617686082	-0.562608511549651	-0.621380672560796	-0.497702238983132	0.288857734505916	0.534562236301207	0.355951401425614
XLOC_035519	-1.21954667039821	-1.21954667039821	0.405581591096939	0.850672815150825	-1.21954667039821	3.75406773989738	-1.21954667039821	-1.21954667039821	-1.21954667039821	2.46841162445214	-1.21954667039821	1.05809292219015
XLOC_035528	1.37205535267766	1.49533231762233	0.867417690218956	-1.79563504877239	-1.10208028095913	-0.964000196270366	1.23856326992833	0.89197864062694	0.502243335875104	-1.37320749714107	-0.484913287702248	-0.647754296104119
XLOC_035529	1.21281749694038	0.927848412602868	0.791439343877895	-1.07801626028948	-0.45277915810083	-1.24058878437036	0.720355898766051	0.799151718617436	0.669044506640523	-0.242571490535757	-0.996333668848924	-1.11036801529982
XLOC_035545	0.771727365449167	-0.0132039901477521	0.329495234183705	0.248098329665641	-0.545880697949061	0.905376623392032	0.395560845181331	0.327010156537408	-0.38974403036944	-1.23906908302263	0.012738817519562	-0.802109570439946
XLOC_035559	-1.38605632222975	1.99207480525967	2.91862026791633	2.01973414713641	1.81943098696966	-1.38605632222975	-1.38605632222975	0.952534048326197	-1.38605632222975	-1.38605632222975	-1.38605632222975	-1.38605632222975
XLOC_035571	0.588250557194849	-0.136828891914525	0.515985523220996	0.213496347574347	0.478342938859948	0.456302393180267	-0.904993212548921	-0.543062061993844	0.0788315565662456	-0.168814443579925	-0.29403356254314	-0.283477144016308
XLOC_035575	0.313857909271086	0.259498218913516	0.303033998626338	-0.0544351144984656	-0.0955744321970897	-0.0656577690099756	-0.27222768624101	-0.207224557022686	-0.435269933402232	0.183423134282519	0.0776289892140376	-0.00705275793603555
XLOC_035583	-0.382748458749495	0.188400368997702	0.336634803886889	-0.197537667038615	-0.0778294096903878	-0.215696700875927	0.507655601598414	0.0274297437393445	0.589383701124307	-0.0986500189396784	-0.368947379576731	-0.30809458447582
XLOC_035585	0.707451172331846	0.246759986161277	0.144630724265403	-0.187514355399245	-0.179110060453288	-0.32350093695602	0.0642503996223995	0.422909110486371	0.0982714920165293	-0.493246505157238	-0.102333464163167	-0.398567562754886
XLOC_035587	0.817271602275963	0.66831452066572	0.157337715244138	-0.496014719446035	-0.873738247116069	-0.566337876110238	-0.662523116204361	-0.0873813440387519	0.327076476854567	0.451641355665222	-0.0694131420347333	0.333766774244578
XLOC_035589	-0.000894893970878385	-0.332120781463026	0.218966116598151	-0.154478961757341	-1.11876036791306	-1.18744194186519	0.759694067707486	0.347399778203591	0.655086788495695	0.147077275421927	0.152197238941246	0.513275681601402
XLOC_035590	0.0597467004241192	-0.119702269478259	-0.00275109775357762	0.265934895630222	0.209660042706057	0.650838838644786	0.156507598307199	0.329003759372371	0.171316222115939	-0.497716970160084	-0.434317389357785	-0.788520330450972
XLOC_035592	0.301503135610872	0.560234957130776	0.466975530021908	-0.446321050918518	-0.897406556607312	-0.224517897442465	1.29456765161148	0.637410693401786	0.461821221337651	-1.06457293848445	-0.791095735935555	-0.298599009726181
XLOC_035603	-1.52091508000481	-1.52091508000481	-1.52091508000481	-1.52091508000481	1.17576016235777	-1.52091508000481	1.44492446256588	0.0779450093768943	0.375085964523942	0.468952003636197	1.38749586676635	2.67441193079701
XLOC_035614	1.9200138146657	1.0003773840022	2.61124013348462	-2.09010604844728	-2.09010604844728	-2.09010604844728	2.73013403984868	2.01693959719947	0.597766321760564	-2.09010604844728	-0.42594104872482	-2.09010604844728
XLOC_035616	-0.722143469637132	-0.153412406711238	0.154874222261869	-0.316570807300624	-0.143202772984913	-0.45444891714695	0.571789165852555	-0.149886997177092	0.194070547774598	0.431247022531275	0.487537930806773	0.100146481730894
XLOC_035632	-0.528790904890014	-0.430005413891196	-0.629165660338969	0.604344750592839	0.660966954708034	0.630761802296774	-0.568703552957897	0.100873448701597	-0.419556636095351	0.27960949154279	0.368513456430081	-0.0688477360986894
XLOC_035646	3.05967987263727	2.14004344197376	3.35423659967037	-0.950439990475711	-0.950439990475711	-0.950439990475711	-0.950439990475711	-0.950439990475711	-0.950439990475711	-0.950439990475711	-0.950439990475711	-0.950439990475711
XLOC_035649	0.925506799943489	0.790546457168449	0.297303237431999	-0.775300380757193	-0.498939817523025	-1.03702838489448	0.420026050883189	-0.349684697045361	-0.0463951691374138	0.25170737306127	-0.0456816591800031	0.0679401900490788
XLOC_035652	-1.32638280224122	-1.32638280224122	-1.32638280224122	-1.32638280224122	0.577247970036854	-1.32638280224122	0.813214290891026	2.78066284340553	-1.32638280224122	1.98337722458779	1.58202814452994	0.221766339996163
XLOC_035694	-0.276182433483856	0.0927026353815279	0.333357842086998	1.66084953043757	0.808721848977052	0.147929320227087	-1.19088382340581	-0.959131876597236	-1.99090793239972	0.629961070768408	0.720958220695069	0.0226255973129312
XLOC_035702	0.660711381516728	0.643605533486455	0.298414780259704	-0.583594958175359	-0.335163589898118	-0.516660555600323	0.552416051793876	0.69383311366541	0.618500203908192	-0.876382400512266	-0.334120746696509	-0.821558813747775
XLOC_035706	-0.951788125411749	-0.38651908522012	-0.287597891458139	-0.437489335401033	-0.656004581474829	0.0386431365267299	0.700791456242523	0.532988290421628	0.811444687833512	0.357443395446507	-0.332544755783846	0.610632808278821
XLOC_035731	-1.32691407010904	0.923716375219406	-1.32691407010904	-1.32691407010904	0.576716702169031	0.68815768838964	-1.32691407010904	-1.32691407010904	-1.32691407010904	2.36104422474131	1.08955131856928	2.32229811156558
XLOC_035739	0.344910639744729	0.426720449944625	0.840391085714304	-0.0877532018824922	-0.0222238880901102	0.0593890100668615	0.185947240297182	0.503139251606616	0.628549248755277	-1.32948941429448	-0.892573195935229	-0.657007225927287
XLOC_035743	0.32240277497851	0.510277541326763	-0.0898724763890071	-0.0754999172474928	0.215139900529953	0.270147375707062	-0.0523147286088204	-0.178729454426265	-0.182805817615137	-0.31834190473467	-0.377977334812448	-0.0424259587084812
XLOC_035758	-0.254219924188114	-0.539409172925708	-0.332928972889846	0.545019401884826	0.920048653180565	0.568161694059118	-0.351132280331051	-1.12820780555961	-0.619915240292421	0.86295323529316	0.413306633315663	-0.0836762215465807
XLOC_035761	-0.375571078630745	0.251303013971377	0.149136748085651	-0.558960862262667	-0.114868324429026	-0.10576900875768	0.412241697392641	0.151897439303327	0.0617469359023834	-0.253522843086119	-0.021674359839821	0.404040642350687
XLOC_035767	-0.122482873241792	-0.907227151847558	-0.769320338989735	1.81454909067963	0.436399406022684	1.6845338803828	-1.03718426316375	-1.04672955690297	-0.0157361918267593	-0.0785562614576456	-0.508485560430663	0.550239820775757
XLOC_035771	0.365947302465827	-0.0107176178818396	0.541324158844802	-0.469689274871367	0.118518202717688	-0.181108170910937	-0.34922533823416	-0.0385231830866299	-0.0138191430039782	0.0739517757683963	-0.0423059398879673	0.00564722808016782
XLOC_035775	0.239857031665823	-0.0494175396705872	-1.57521155890827	-1.57521155890827	0.328419213369798	1.24935543394602	-1.57521155890827	-1.57521155890827	-1.57521155890827	0.414655524732731	2.92896495735191	2.76422317314567
XLOC_035776	-0.628093894684556	-0.389770476080863	-1.53418154073735	0.155247317846667	0.690166370232327	-0.126036051041519	-2.95831100015488	-1.2045507486868	-0.277706960171606	1.95121372831053	2.23081056470562	2.09121269046243
XLOC_035777	-0.203366849396069	-0.595633121991102	-1.35469068679809	-1.32615423731136	0.615112528280104	0.613222910325608	-2.77882014621563	-0.493838286498715	-1.01728484038707	2.28093082852163	1.73465966702095	2.52586223444974
XLOC_035778	0.336206798922169	0.0469322275857587	0.146266469843217	-1.47886179165193	2.64622820741799	-1.47886179165193	-1.47886179165193	-1.47886179165193	-1.47886179165193	1.31690682727008	0.185303208070532	2.71646521914989
XLOC_035785	-0.778660157991035	-0.447235724028814	0.123706412724768	0.383136882611915	0.630265491946624	1.21689539724456	-0.957055979004732	-0.515146064172836	-1.16375290153893	-0.180732707124792	0.893080454339517	0.795498894993764
XLOC_035789	0.250859634859077	0.0203767655463691	-0.11283265803965	0.657200669254527	0.639201796562574	0.302718009577122	-0.575287267316114	-0.537706028429806	-0.779758597843518	0.341515247533549	-0.0830546471433236	-0.123232924560802
XLOC_035818	0.891434026514887	0.634639012564193	0.520388495537919	-0.32455377931711	-0.164602544755931	-0.220831948709403	0.904813243474047	0.791405229844667	0.574546426850606	-0.951850479956868	-1.5691134107826	-1.08627427126439
XLOC_035830	-0.150539879552573	0.629643743751087	0.558166133433194	0.590578776598491	0.281353889188997	0.519185367116108	0.085164783026376	0.633143123195588	0.362134711193177	-0.880065305625403	-1.54879512975406	-1.07997021257097
XLOC_035837	-0.391605683272117	0.0348335408082709	-0.209304351918527	0.397941718800803	0.112458418154252	0.814750674711527	-0.699608814306456	-0.881618824907204	-1.08747121854838	-0.450948192731582	0.956291833450113	1.40428089975931
XLOC_035848	0.103415154638549	-1.02576489779483	0.464601037648749	-0.329858735590176	1.18320037991931	0.546873183953339	-1.50517170704592	-0.189937026824604	-1.42837596003646	0.678065436266738	0.387928186015877	1.11502494884943
XLOC_035865	-0.0600894789911237	0.235916822387594	0.209822137994119	-0.336181054490369	-0.286662914465619	-0.531808381413983	-0.962515967260775	-0.81587899821413	-0.824904662093628	1.00550612209957	1.09144108091908	1.27535529352927
XLOC_035868	1.97275271334557	1.25332253582382	2.58715736895099	-1.23432278659783	-3.30454227214686	0.0354531301733343	2.90953525283259	2.33054050622226	3.36373036783672	-3.30454227214686	-3.30454227214686	-3.30454227214686
XLOC_035869	1.824700099058	1.615470342047	2.17271039359121	1.13967708865069	0.550505380835258	1.63891765244526	2.88773143001208	2.7826601072593	2.9683001194601	-5.06714983915824	-6.19875345835779	-6.31476931584287
XLOC_035870	0.539289730101256	1.7465354048927	1.25998819219165	-0.147391935670913	0.180753861273333	0.0807674638879767	2.67216076758657	2.49538131144435	2.54304516516571	-3.94911862753305	-3.0305747644029	-4.39083656893668
XLOC_035879	-0.0619001998621336	0.0258088429699344	0.0427284717147085	0.383766546913501	0.819368580751801	0.881619351194177	-1.07564987889991	-0.779599403049428	-0.802904382905881	0.244469113120404	0.698608574326352	-0.376315616273524
XLOC_035883	-1.78650772945299	-1.24436259140897	-0.970542033323677	0.0631000704998286	0.874664012479148	0.326309608219787	-0.491310649415633	-2.0730402157542	-0.262097376293376	2.07177695457252	1.8224913434683	1.66951860640927
XLOC_035884	-0.446888162307412	-0.75981528204592	-0.925957861850382	0.712325789262858	0.548219324332107	0.64042220364863	-1.32460677441807	-2.8021040149827	-0.149985892152174	1.4467350357602	1.68883162139253	1.37282401336033
XLOC_035886	-1.5305289609748	0.0827676424010635	0.510982211512825	-0.203414473041795	0.104871857915634	-0.931394546916894	-0.231431188570697	-0.0223302899218423	0.195154797632352	0.503745006261081	0.553060067452594	0.968517876250466
XLOC_035890	-0.11554492128433	0.751756200912325	0.51227201848537	0.136728732449996	-1.69053417931026	-1.55021585876145	1.16700765846131	0.559987111899073	0.649918298917362	-0.0587025556401706	-0.096995960611701	-0.265676545517534
XLOC_035894	1.13934470504267	1.13283875822338	-0.332516412730946	-1.95764467422609	-1.95764467422609	-1.95764467422609	0.181952418906153	-0.358784584844388	-1.95764467422609	2.6732300764746	1.31694518219302	2.07756855363986
XLOC_035897	0.169581524886954	-0.126702725454516	0.0225089435197638	0.000463130865741235	0.0880637491804706	0.128208786533754	-0.627433159958899	-0.712048403550572	-0.70335534163436	0.80094263843079	0.480569701311644	0.479201155869225
XLOC_035913	-1.141921153924	1.58890351225059	2.081314200196	-1.141921153924	-1.141921153924	-1.141921153924	2.88742424685903	2.57772727208634	-1.141921153924	-1.141921153924	-1.141921153924	-1.141921153924
XLOC_035933	-0.537115768934964	-0.415595188311302	-0.000495159563953962	0.177918122713657	0.324464624115575	0.0206931547635456	-0.553594900988386	-0.639347636461558	-0.941457305230314	1.21840613503398	1.13177252402643	0.214351398837277
XLOC_035939	-1.06573502234791	-0.0297435600554152	0.202798311842373	-0.0823110708178589	0.0700088550078597	-0.660592144052663	0.0818201410491488	-0.458206644250459	0.0118509053280915	1.09682801015222	0.068315430553807	0.764966787590816
XLOC_035969	0.675207727000517	0.556150290136577	0.610785987840558	-0.614962562199875	-0.820464913843066	-0.134410641447229	0.658728594947094	0.262478114576751	0.671687781166195	-0.166234022042484	-1.49294121008285	-0.206025146052187
XLOC_035972	2.56431583068439	2.23474238497776	2.76946756247631	-3.63360459944187	-0.742343936602719	-1.68500645916693	1.32345258654124	1.51650533956718	1.07585941220683	-0.102363352297009	-1.89484027654263	-3.42618449240255
XLOC_035973	2.30706540915537	1.79945814403134	1.77923019350598	-1.01301296962615	-0.580959028233186	-3.08519652156333	1.29987197070872	1.18704726579642	0.827623482360937	-1.790508253233	-1.8256784236429	-0.904941269260189
XLOC_035975	0.114387645337608	0.89414266623529	0.863421197099135	-0.970425234950575	-0.742086341603899	-1.22497806716863	0.912354632473923	0.339282455413331	0.66545071046646	-0.29051215497651	-0.635775520932142	0.0747380126060166
XLOC_035991	0.0862739265550374	-0.172358218866286	-0.269352557387902	0.951075297344696	0.607826118742484	1.14502519761193	-0.389148309926648	-0.602331496826178	-0.422766298035746	-0.663483451586323	-0.169021259489747	-0.101738948135318
XLOC_035992	-1.10111420330032	-1.10111420330032	-1.10111420330032	-1.10111420330032	-1.10111420330032	0.913957555198363	2.14923866904413	0.497745886081385	-1.10111420330032	0.888752880340687	3.25810443243765	-1.10111420330032
XLOC_035993	-1.47123359732212	-1.78142928978183	-1.85290690009973	0.386412471579359	0.803580324592782	0.45951023924993	0.155916385405739	0.0566737219724898	-0.0292893620558203	1.21847341965069	1.0623343277387	0.99195825906981
XLOC_035994	-1.76223227175757	-1.79425153138602	-1.93636528127798	0.29494746996245	0.789543821088552	0.56709064840623	-0.00868531909915227	0.0649688698288511	0.163651438221081	1.47132346801954	1.15289045710528	0.997118230888745
XLOC_036009	-0.86914990733991	3.13405718302752	1.98964611837104	-0.86914990733991	1.03448086493816	-0.86914990733991	-0.86914990733991	-0.86914990733991	-0.86914990733991	-0.86914990733991	0.79501509238255	-0.86914990733991
XLOC_036034	0.743487980270553	0.424937708377263	0.446515419321078	0.218723265991764	0.512468132408983	0.407095593777314	-0.459438158464331	-0.527644311037474	0.325405631444458	-1.18467476761179	0.242819178791184	-1.149695673269
XLOC_036066	-0.964191332505035	0.0862657798026838	-1.42809441401212	-1.77806434802173	-0.100710880707267	0.0451229802509738	0.737675976510508	0.391091347209122	0.536269158411568	0.660834037222223	0.712683537732441	1.10111815810664
XLOC_036072	-0.698088164654517	-0.343974443386305	0.13734356137253	0.380891855521416	0.661266212015601	0.806281381522036	-0.475533812406562	-1.34213299997397	1.01787783107163	-0.180007999462038	-0.600944718090685	0.637021296470867
XLOC_036100	0.205419707532939	0.18916691662158	0.103511449157465	0.356481775219998	-0.401770511335545	-0.513004638315853	1.08070468346247	0.676112972480706	0.718975023160902	-0.776301629061386	-0.676031429457778	-0.9632643194655
XLOC_036105	-1.52728725005079	-1.52728725005079	-1.52728725005079	-1.52728725005079	1.67820005914862	1.81270815226941	-1.52728725005079	0.0715728393309132	-1.52728725005079	3.10358750064991	1.74730260636832	0.750352342537567
XLOC_036123	-1.44261571685564	-1.44261571685564	2.86206087329044	-1.44261571685564	-1.44261571685564	-1.44261571685564	-1.44261571685564	0.895974653700313	0.453385327673115	2.54470931245588	0.221549282866825	1.67801485114724
XLOC_036125	0.403960629085452	0.515475077859379	-0.363251319967983	-0.730823144761485	-0.195904092375825	-0.452338406221795	-0.0133731203261958	0.849972567428044	1.0416598972767	-1.04392989424493	-0.0357571037628048	0.0243089100114373
XLOC_036134	0.743864627878624	0.390575091965529	0.325823839711274	-0.691845464235513	-0.402091672183821	-0.138039357918235	0.130855022528368	0.472016667619039	0.349462604790464	-0.411113289512115	-0.325263253137434	-0.444244817506183
XLOC_036135	-1.25042711055817	1.00020333477028	-1.25042711055817	-1.25042711055817	1.95506019864124	2.08956829176203	2.61999468873586	1.08816325999778	-1.25042711055817	-1.25042711055817	-1.25042711055817	-1.25042711055817
XLOC_036150	0.0208379664016478	-0.0946002330721694	0.213222838285154	0.625440738014978	0.54838151213615	0.18310059099845	-0.992420843724302	-1.01704091572273	-0.0932325754125367	0.406492445121916	-0.092519065455126	0.292337542428557
XLOC_036153	0.12383917774467	0.626064990694575	0.575151119469283	-1.953471907942	-0.715714384069768	-2.01623739028538	1.30550702215267	0.605775339903463	0.802834436024557	0.669526545805567	0.226986585920261	-0.250261535417897
XLOC_036154	0.894995348779686	0.57520281027784	0.961436002018363	-4.38229963671274	-0.801412393701803	0.0962887861107138	1.83177788826671	1.66054930869267	1.2613391824515	0.412014129798302	-2.71813463699028	0.208243211009043
XLOC_036156	2.03301871936543	2.57516385740945	1.7820652812599	-1.73186495239831	1.84902229061263	-1.73186495239831	-1.73186495239831	1.98778347361202	0.164136092130439	-1.73186495239831	-1.73186495239831	-1.73186495239831
XLOC_036157	1.32902309352184	0.482664159581524	0.602025658999636	-1.76796628574692	-1.76796628574692	-1.76796628574692	1.71993019345483	1.71038489971561	2.34730432052977	-1.76796628574692	0.648499102931399	-1.76796628574692
XLOC_036208	-1.14398954025537	2.47386405026257	1.22600240449119	-1.14398954025537	-1.14398954025537	-1.14398954025537	-1.14398954025537	-1.14398954025537	0.752011504273378	-1.14398954025537	2.42239877042749	1.13365005233298
XLOC_036214	0.574514730253892	0.163251814825342	-0.117589225646028	0.784570241872757	0.377890918111548	0.690112950959239	-0.488999860931184	-0.169693460791334	-0.370545482423717	-0.9429999649846	-0.227963541499817	-0.272549119746103
XLOC_036222	2.04821347618659	1.89925639457635	1.72959401606359	-0.37571603038013	-1.46543038267169	-0.443138297334554	-1.55102900183587	-0.683754439571731	-1.47423325482642	0.284418855873595	-0.145510443099423	0.177329107019681
XLOC_036223	3.02305547270626	2.92326021360747	2.70363229919831	-1.33873758946124	-1.52939482229635	0.252518358164529	-0.738173585457175	-0.747718879196397	-2.33006902013018	-1.43030144573692	-0.417086256210653	-0.370984745187664
XLOC_036226	3.04512963644354	2.91809858944898	1.33900240049223	-1.51979362521872	1.17688161714386	0.495278133279961	-1.51979362521872	-1.51979362521872	-1.51979362521872	-1.51979362521872	0.144371374503741	-1.51979362521872
XLOC_036239	-0.789795391983572	-1.42846306117039	-0.678912242374905	0.52917461709364	0.512954829429162	0.343259346910206	1.63777910025286	1.29384757266597	1.44529983360947	-0.792019215393688	-1.36217875957791	-0.710946629460842
XLOC_036240	-0.190200254258874	-0.65046590108187	-0.296693077948142	0.0619505856418723	0.169250110879555	0.784098799434313	1.408522243437	1.32487874944736	1.17046981893911	-1.07423803199886	-1.42636102061523	-1.28121202187623
XLOC_036251	-1.54342525697431	-1.59998675011092	0.12861089924069	0.259059578829	0.109059242404646	0.943280735888163	1.76786594493186	1.58849782602855	1.24729764896194	-1.31656426094931	-0.291051217883443	-1.29264439036687
XLOC_036253	-0.672224946802891	-0.0344439194470461	0.113305901246793	0.0402962879869433	0.571093594995739	0.65335570162648	0.209691195977275	0.865095819613296	-0.245763359177127	-0.844902675999542	-0.512211090835779	-0.143292509184143
XLOC_036262	-0.611660734083868	-0.273459410996044	0.271132324345473	1.26015823257245	0.565213110659198	1.11914738065118	0.0733680739152147	-0.287867408877754	-1.25998392611086	-0.0370104524556796	-0.32714770270654	-0.491889486912783
XLOC_036288	0.0790679105075682	-0.0656497684331363	-0.183538469404475	-0.141157492820918	-0.0594141169481706	0.252090003522811	0.224192395479061	0.392185018018743	0.2375157321849	-0.138644677979229	-0.11689387115597	-0.479752662971178
XLOC_036302	-0.386416632561426	-0.393771195913256	-0.598325783137375	0.423206795796473	0.185616877430851	0.562643643725551	0.0311467998694166	0.364386135424255	0.113672095835414	-0.277179294201705	0.142439597351087	-0.167419039619295
XLOC_036304	0.772798195900112	1.20836005065446	-1.04227039467399	-1.04227039467399	-1.04227039467399	-1.04227039467399	-1.04227039467399	-1.04227039467399	-1.04227039467399	0.94759668896702	1.37419499400434	2.99294283319197
XLOC_036312	1.8465956298436	0.962957633163388	1.22720396245409	-0.717522146016738	0.0153975111579534	-0.784944412971162	0.40078055221107	-0.396866095024124	0.00543280986787309	-1.70814312174886	-0.937523429988006	0.0866311070509163
XLOC_036314	0.215641605058186	0.0606092953747002	1.14710626405798	-0.164620600935386	-0.726030291075332	-0.23494375759959	2.35889372615914	1.67319120930684	1.78779336388461	-2.26588476151223	-2.64518799175592	-1.20656806096298
XLOC_036319	-0.392570728502097	-0.954286899796923	0.144962553147841	-0.8702386797285	-1.0789946848892	-0.938676364340382	2.49145759869994	1.77735059957673	2.19766888572713	0.116842070280051	-1.39110567948149	-1.10240867069309
XLOC_036322	0.675020461747675	0.492410786619327	0.877508704858688	-0.752228123817186	0.576336347739515	-0.0395035389815579	0.0688010327695956	0.149713399510429	-0.099006072391151	-0.289075194107751	-0.514043157142834	-1.14593464680475
XLOC_036345	-0.208400040987937	-0.59929388088836	-0.62636545922168	0.588827804984333	0.522384396358075	1.32665304744487	-0.767546603367105	-0.545928201812139	-0.445049678371425	0.162702451425079	0.454143665254731	0.137872499181555
XLOC_036346	0.419279312437319	0.854841167191669	0.229338983358367	-1.39578927813678	-1.39578927813678	-1.39578927813678	-1.39578927813678	0.203070811244925	-1.39578927813678	0.594077805504228	1.87880057828234	2.79953773266504
XLOC_036362	0.0660619042682695	-1.03016466009428	-1.50524088836513	0.813424304437339	1.08978486767151	0.909313984332441	-1.16535960539778	-1.54174557134228	-0.516660198580466	1.24646534948862	1.09082004361222	0.543300469969547
XLOC_036367	-1.79515986532796	0.150089111875232	0.29529378886647	-0.15900798955521	-0.209923273845746	-1.55215384227652	-0.589451975232517	-0.480018863414036	0.494214061870824	0.795025364275649	1.49040529024356	1.56068819252025
XLOC_036382	2.28986583524878	0.530376417464254	-0.0951257663690479	-1.72025402786419	-1.72025402786419	-1.72025402786419	0.419343065268051	-1.72025402786419	-1.72025402786419	1.96770426698615	2.08872978058408	1.40037654013868
XLOC_036384	0.658150761323492	0.301349299983138	1.25170906034506	-0.550063209388135	-0.763895212600822	0.259985228524899	0.162387207261571	0.228988934729426	0.194113687200458	-1.04808632961812	-0.311878242713783	-0.382761185047177
XLOC_036385	1.71598372142995	0.977563523485502	2.69609941640123	-1.75326114268908	0.150369629588988	-1.75326114268908	-1.75326114268908	-1.75326114268908	-1.75326114268908	1.55649888413993	0.663204245989237	1.00658629241059
XLOC_036393	-0.370131050228068	-1.15487532883383	-0.468052329205699	-0.436655500526231	-0.894229614076618	-1.94816192649748	-0.743383518568754	-0.229272109262808	-0.90394060835112	2.58886819585529	2.1116527014211	2.44818108827422
XLOC_036394	-0.189506253677591	-0.461260808958042	-0.0688707592430253	-0.00839268686483674	-0.971387221578832	-1.78116883654401	-0.471815227600425	-0.353406739324836	-0.413623155900437	1.5085024706498	1.66528026556601	1.54564895347621
XLOC_036399	-1.49185743301737	-1.49185743301737	0.878134511729191	-1.49185743301737	-1.49185743301737	-1.49185743301737	1.11921919018103	2.77577931652008	2.37693087798329	-1.49185743301737	0.172307566705094	1.62877313498551
XLOC_036415	0.151752448173641	0.553686126114281	0.437019166770574	0.420451199330348	-0.186144178068981	-0.0378756476192663	-0.441938876519973	-1.13929726015131	-0.724385925696991	0.524714682797421	0.16875670025818	0.273261564612073
XLOC_036416	-0.059618227114715	-0.435593185768841	-0.149622344698939	-0.121712606475313	0.0158705060965278	-0.0780314418374424	-0.512237909095692	-0.646109141899611	-0.464146167461588	0.82908512228961	0.864404983738348	0.757710412227656
XLOC_036418	-0.409416437129959	-0.63250370381413	-0.792015547689962	0.778238809602753	0.513971066887571	0.897373582113337	-0.6777705249039	-0.405992615273327	-0.518343757113284	0.340091712819376	0.668834614578332	0.237532799923176
XLOC_036421	0.331162169859375	0.740860820554912	0.560810534356018	1.45652548458952	1.14673737486487	1.69478034921919	-2.66824141563262	-2.45411801003144	-2.08311616670904	0.707367857388993	-0.121110098502129	0.688341100042356
XLOC_036426	-0.917794509344643	-0.394199282282569	-0.0123077336971305	-0.575410713786145	-0.0709042459597029	-0.436185167097404	0.190889442450263	-0.583315513913027	-0.0617419954055558	0.67300414564195	0.865686077381056	1.32227949601291
XLOC_036452	-0.565797527893799	0.222747761192243	-0.644506576595531	0.131488396472422	0.321598667415042	0.00573620474028402	0.671244667325837	0.332088073229909	0.187077264050548	-0.473167295855537	-0.225134012671082	0.0366243785896527
XLOC_036454	-0.175975988936206	-0.452898672118168	-0.856684002818328	-0.32702635874252	0.00378691444585666	0.635525651734642	0.195442909636931	0.19124580739051	0.0769094344211547	0.642547320775586	0.108899308653077	-0.0417723244425297
XLOC_036458	-1.40119703100131	0.251820780688598	0.0453548139681201	0.744049576596217	-0.0418426543311963	1.39728435231056	0.630457214801188	0.641751504038726	-0.198223547561172	-0.883116865808835	-0.511223259382374	-0.675114884318526
XLOC_036470	0.105632097702895	0.000770746429200386	0.295390367619138	-0.158402132326206	-0.569257197426078	0.134178190735778	0.833809181294765	0.504673383785651	0.81426868915193	-0.446515444278699	-0.635232858497478	-0.879315024190882
XLOC_036472	0.187768823568757	0.0495912985658444	0.10980948540609	1.28883412129321	-0.0311669095179221	-0.329525543708462	-0.357778068683993	0.642435720463017	0.393716248561437	-0.361772307205412	-0.794592821638282	-0.797320047104288
XLOC_036473	1.91159185356091	1.55752859209691	1.87074956444141	-3.96937900874562	-2.06574823646755	-0.629383606425427	0.66548998047649	-0.780952190984129	0.539965541793118	0.0179460205658866	0.0472161731892147	0.834975316498792
XLOC_036483	0.706853558810536	0.208565374021616	0.847531377137472	-0.511708989849684	-0.324111333779693	-1.33302506254085	-0.61126526190101	0.0417111559609449	-0.425250178896767	0.584410892201782	0.532934817181714	0.283353651653949
XLOC_036486	-0.010190273880065	-0.0715667330588712	-0.473250878819303	0.826841322005232	0.683585495545032	0.9081420567606	-0.800521489516271	-0.56900867984062	-0.497180283456939	0.227543646655458	0.290943227457757	-0.515337409852008
XLOC_036487	1.59583678151715	1.34966293138889	1.26113941381498	-2.49579733569378	-2.40368762507276	-1.61906541615027	1.44706593100492	1.3751309986446	1.14804600394042	0.0620043644109112	-0.810149406374197	-0.910186641430861
XLOC_036488	0.686980010589904	0.625470278645828	0.266466939002334	-1.58007864927582	-0.763414039941119	-0.724918055921896	1.05717893451322	0.867267767534933	1.04239364468856	-0.160562515529332	-0.573059123277176	-0.74372519102943
XLOC_036489	1.76914333773548	0.33030717450372	0.37138263419854	-1.03538529411921	-0.562676458210214	-1.61660877063108	0.690738678559901	0.864490391420766	0.744035096359803	0.189698987215321	-0.424580581550535	-1.3205451954825
XLOC_036500	-0.37011742887058	0.265825668575721	0.462221332761195	-0.725782732246512	0.14506150652775	-0.376072497863627	-0.481274560196182	-0.513876966184935	-0.62974662381548	0.659949453859896	0.653219974646468	0.910592872806297
XLOC_036523	-0.95491805690112	-0.95491805690112	-0.95491805690112	-0.95491805690112	-0.95491805690112	-0.95491805690112	2.53297842230063	3.82000027458859	2.24128381522085	-0.95491805690112	-0.95491805690112	-0.95491805690112
XLOC_036532	0.33308630408697	-0.232140027903237	0.0641234607213486	0.721027811051403	1.0329924436666	1.01326773739113	-1.02079944265264	-1.5133613543519	-0.852451797514378	-0.616750362158606	0.98513961846635	0.0858656091969481
XLOC_036539	-1.40659398489303	0.0501555258282531	0.36993769860219	0.197777623710558	0.455434136255804	-0.753592333808358	-1.54629204871198	-0.873257037917034	-0.74449550044683	1.48873526673426	1.51969814954515	1.24249250510102
XLOC_036541	1.75086622923622	1.01244603129178	-1.71837863488281	-1.71837863488281	-1.71837863488281	-1.71837863488281	-0.283712068589391	-1.71837863488281	2.39689197139388	2.72814584602505	-0.0542136351603493	1.04146880021686
XLOC_036544	-0.833660863408745	-0.329494040711072	-0.410746856361621	-0.222751175266541	-0.740031351140654	0.00708458318815097	1.68885844380292	1.34350403063099	1.1032844643453	-0.0645673978549208	-1.00701762928361	-0.534462207940226
XLOC_036550	-0.0662195220214743	-0.399226209096099	-0.787238654836592	0.953664446214227	0.329421448553903	1.08292759362055	0.0514713721681179	0.0991452376475239	-1.07422492223917	0.25393399554389	-0.0780336938664288	-0.365621091688451
XLOC_036552	1.17966319923277	-0.472791094017409	-0.0185177572935249	-0.133623122489232	0.0524880346925345	0.0762885464805594	-0.12596360910615	0.275010252918051	0.154554957857088	-0.584131421080233	0.037135067071854	-0.440113054266304
XLOC_036569	0.0881101044377148	-0.392113179726304	0.222368124391545	-0.136097175916523	-0.174354628235123	0.0128011178924305	0.203098986389151	0.795831637615828	0.47867345335089	-0.640186101310132	-0.21715337678258	-0.240978962106895
XLOC_036570	-0.156290350582492	-0.181123271089561	0.232347359794151	-0.000220213525174984	-0.0704571238930471	0.181811010543875	0.392997902764766	0.660061347261287	0.499796607087595	-1.01577794654355	-0.00282139071572285	-0.540323931102134
XLOC_036571	-2.12675453868459	-0.55761580729951	0.623017839685358	-0.384644380220202	-0.0384918282947746	-0.701900173221774	0.724873872645468	1.02760876458677	0.665645507421796	0.0735959674652964	-0.0848293435063354	0.779494119422506
XLOC_036572	-0.11756565163855	-0.0658204243245617	0.101880822581565	-0.441036728257215	-0.40098321012765	-0.333591137253137	0.697646276362523	0.766437538636415	0.569277617023285	-0.631725603091802	-0.208744672639419	0.0642251727285412
XLOC_036608	0.541632314861044	0.294011210839501	0.419051210941721	-0.0816050794539471	0.437903059122522	0.282555749177932	-0.87972544936016	-0.295509071913813	-0.591836328444705	-0.348244731627699	-0.238276315226214	0.460043431083822
XLOC_036612	-1.66137719349216	-1.66137719349216	-1.66137719349216	0.408842292056873	0.242253578785915	3.1653324293425	1.30446234907853	-1.66137719349216	1.53482467862982	1.64838283333685	0.00278780623030328	-1.66137719349216
XLOC_036613	-0.230931540821198	0.195102833383412	-0.32744670106888	0.363234219776882	0.971124069478065	0.805660041353372	-0.195461310583399	-0.53845810913405	0.0113263806373398	0.136899685184764	-0.866784318405863	-0.324265249800452
XLOC_036617	0.0362867840271139	0.684112060880615	-0.0395281157783636	-0.77758623148958	-2.27974592857767	-0.843381298535546	1.08229820787451	0.480453570575015	0.142344478106094	1.32695422808951	0.175841934882229	0.0119503099460774
XLOC_036640	0.276676435013027	0.185191499183091	0.14151682344426	-0.333309937565835	-0.0304476416815049	-0.0299178163703626	-0.343198758359925	-0.00728861176111906	-0.101804452049382	0.137104910952475	-0.0181677994043223	0.123645348599602
XLOC_036661	1.2776110187766	0.461284206750545	0.796662532786485	1.03933915689678	-0.454301098966004	0.757225513305606	-0.032950232871487	-0.0215768031356642	-0.117166564317031	-2.12082982433306	-0.70841633034193	-0.876881574550833
XLOC_036672	-0.332402974307358	0.166843790907421	0.482526090212009	0.562057949706773	0.24653772234486	0.344759447803725	-1.4495926076571	-0.85477003216231	-1.75874041791737	1.30297403011502	0.799920023893663	0.489886977060667
XLOC_036675	1.63805003125875	1.49101995001296	0.243158304241569	-0.0566141549559585	-0.223202868226917	-0.111761882006308	1.74358815878904	0.21175673005096	1.44450665235087	-2.12683364050499	-2.12683364050499	-2.12683364050499
XLOC_036677	0.871434587419323	0.759711655271429	0.719714734227001	-0.816423358882	-0.613724110953932	-0.447711615853501	0.68541116092568	0.346069278292859	0.402749644717819	-0.806528019232287	-0.696488881274975	-0.404215074657401
XLOC_036691	-0.040335310192023	-0.642145204556936	0.752139349619685	0.784179157831993	-0.381499489799719	1.61770221436164	0.042698474289323	0.283458015014091	0.249345755463863	-1.46423017615287	-0.0619445588070535	-1.139368227072
XLOC_036697	0.226659551920939	-0.10862047855311	-0.138357251634025	-0.338456335654625	-0.655343267678555	0.0495435203430716	0.899467592127236	1.21969425328289	0.575945631300982	-0.979356475217166	-0.0947032691676775	-0.65647347106996
XLOC_036701	-0.321681005417158	-0.241192624770004	-0.0516986630698231	-0.314026567488737	-0.490549989107251	-0.224567846147805	0.852778206805974	1.00167188477672	0.78722389391627	-0.203385150568419	-0.34089918145575	-0.453672957474003
XLOC_036713	3.02065599248199	-0.989463870630983	1.86933215507997	2.41632659873518	-0.989463870630983	-0.989463870630983	-0.989463870630983	0.60939621875072	-0.989463870630983	-0.989463870630983	-0.989463870630983	-0.989463870630983
XLOC_036725	-1.01949801225054	-1.00611720171737	-0.147124340534221	-0.315355290643267	0.547741101343135	-0.205260328120719	-0.678508481977276	-0.0430399557827528	0.443007546033158	0.914449051442609	0.538113325224883	0.971592586982335
XLOC_036726	-0.952383192987457	0.0715071371693314	0.758330136797466	-0.14055598398245	0.0345407896623278	-0.721779460494314	-0.580506910777926	-0.721146424549038	-0.35014458122664	1.64994773140233	1.0895420021908	-0.137351243204433
XLOC_036728	0.283965528644159	0.35747539570166	0.0634009474926396	1.55722005949232	1.53546704177795	1.38731296279955	-1.8062206645635	-1.98823067516425	-1.22266259720036	0.442187516653183	-0.868335849274337	0.258420333640992
XLOC_036730	-0.43999952373505	0.151390068747076	0.0790368002737258	0.236533047423893	0.616357996047992	0.531206739436247	-1.19756003853761	-1.58906275927665	-0.714934555986645	1.18449591081613	0.4987820364057	0.643754278385184
XLOC_036735	0.474184210116249	0.159041895957121	0.174815098002026	0.409100366546076	0.511420578689656	0.162840714519636	-0.277242027578075	-0.789435536512433	-0.479244264724707	0.000776189952977013	-0.363785628561929	0.0175284035934213
XLOC_036742	-0.0609968777321139	-0.566808925235448	-0.235835319912345	0.534319099888138	0.464692660777239	0.985300491981392	0.215878548403748	0.986023231807349	0.224585372181615	-0.263955802780135	-1.14023762695672	-1.14296485242272
XLOC_036747	0.227726815200569	-0.138437897893605	-0.499270619321634	1.21799274636767	-0.172587321705615	3.15049061099384	2.51881657700334	1.05704873935151	1.2460080422085	-2.86926256406819	-2.86926256406819	-2.86926256406819
XLOC_036748	-0.387025159185943	-0.234043030552681	0.304201159632976	0.151079861996045	0.285080948452054	1.23722378525411	2.88817358772772	1.92717007273297	2.61324136852018	-2.40727793865791	-1.9806796336206	-4.39714502229892
XLOC_036753	-1.52991211712916	-1.52991211712916	-1.52991211712916	3.01831276716581	1.16676312523342	0.485159641369523	-1.52991211712916	0.808678253426791	-1.52991211712916	1.26585650179285	0.886553271549164	0.0182370251082227
XLOC_036757	0.616495297620438	0.530872036367115	0.300636033223802	0.635971782480365	0.260768798270247	-0.0646357907241333	-0.483242892432453	-0.275431097675378	-0.571671850756487	-0.519273560130746	-0.0352196827794087	-0.395269073463367
XLOC_036763	0.256906476641075	0.635259838109786	0.465597459597027	-0.248396875056248	-0.342958244820202	0.0197636583763119	0.229044084928089	0.42722245982443	0.625343042153493	-1.43877715218931	-0.358311212440882	-0.270693535123573
XLOC_036768	-0.718341662132376	0.290829168774972	0.633439666846048	-0.381145175908243	0.179886720489579	-1.16892702479015	0.543099223418932	0.291678898233622	0.784046849572927	-0.921300587180397	0.14222770024837	0.324506222426723
XLOC_036805	-0.572548577001563	0.214122329465932	-0.117052159775885	-0.157347979024816	0.319388057664068	-0.228966346595294	0.203438992405441	0.288919825414083	0.599707227775375	-0.419492747159445	-0.158520976501815	0.028352353333938
XLOC_036806	-0.817223591404146	-0.013614917876791	0.108367422481602	0.0431550497732944	0.250713983899926	0.228890935836369	0.354613195796184	0.0829836293505659	0.191070003444333	-0.298469027479084	-0.203035767552679	0.0725490837304417
XLOC_036820	0.725527978531237	-1.08954061204286	-1.08954061204286	1.79779186315483	0.814090160235212	3.3890478107806	-1.08954061204286	-1.08954061204286	-1.08954061204286	0.900326471598146	-1.08954061204286	-1.08954061204286
XLOC_036823	-0.0253546806052309	0.173573967380173	-0.419303830001462	1.41281679010754	1.00348359517003	1.28039379176791	-0.998242589797755	-2.0434643602922	-0.542943210129943	0.732796343602116	-0.509445753353808	-0.0643100638473637
XLOC_036860	0.450570325688331	0.533441824629284	1.12796599999391	-1.37352028834793	-0.33131064221291	-0.892968367595281	1.26903381171295	1.20048312306903	1.20910731745649	-0.924791748190537	-1.14331470106722	-1.1246966551361
XLOC_036866	0.890029851575013	-0.178139389548456	0.666058535960415	-1.70393340878614	-1.70393340878614	-1.70393340878614	2.4685515742408	2.22237789463356	2.16485490221452	0.285933674854862	-1.70393340878614	-1.70393340878614
XLOC_036869	0.70789270010733	0.98612906744015	0.571058039094101	-1.76021555017893	0.162897632538813	-0.357968834855988	0.40436187056382	0.654703191093144	0.574663669380236	-0.895386099458315	-0.0430521903183552	-1.005083495406
XLOC_036889	-0.981201942642786	-0.413382309740771	0.0066855650142994	-0.434050866424817	0.00754107850559649	-0.641210551715275	0.097503622012483	0.197109076042898	0.324311970251608	0.313766963407082	0.490431628566607	1.03249576672307
XLOC_036901	-0.0786538556325729	-0.708058648242027	-0.309245016811452	0.995116376373668	0.674584884830857	0.849089361018073	-0.256375864829719	-0.426866688541545	-1.03424366440126	0.0333447514271565	0.31351045419351	-0.0522020893846742
XLOC_036910	0.387378614325584	-0.255030265772318	-0.564814071239796	0.399791174249928	0.810222780299299	0.889206100237566	-0.91763893064287	-0.0518051362610947	0.0599168730795192	-0.28147302120933	-0.153015017567813	-0.322739099498675
XLOC_036917	0.833533645362663	0.490200830329954	-1.76042961499849	-1.76042961499849	-1.76042961499849	-1.76042961499849	0.850647008199899	-0.16156952561679	0.135571429530258	1.03533900392352	1.14798133177266	2.7100147364918
XLOC_036918	1.4907924964913	-1.60619688277747	-1.60619688277747	-1.60619688277747	-1.60619688277747	-1.60619688277747	-1.60619688277747	1.21900314602211	0.289804161751285	2.08176141207288	2.75302175296051	1.80279832736671
XLOC_036920	-1.98586975406474	-1.98586975406474	-1.98586975406474	0.0843497314842896	2.69635621668623	2.03294787175923	0.153727339067503	-1.98586975406474	-1.98586975406474	1.32389027276427	0.922541192706415	2.71553614585576
XLOC_036934	0.847791694052252	0.85417876336366	0.757821764144071	0.0245439296704566	-0.19509539451046	-0.0472827190598659	0.144404135058147	-0.0260866886536792	-0.334437274514247	-0.35165204530944	-1.03813295959067	-0.636053204650238
XLOC_036935	0.114696312213233	0.0910540261984387	0.311461925944347	0.551588088381983	0.2030231820021	0.704568714718235	-0.233227330567562	0.044430686971471	-0.419685082071603	-0.346222608010787	-0.466293722375995	-0.555394193403862
XLOC_036990	0.672241731482699	0.382967160146289	-1.1428268590914	4.03487844735318	2.06266045010801	-1.1428268590914	-1.1428268590914	-1.1428268590914	-1.1428268590914	0.847040224549607	-1.1428268590914	-1.1428268590914
XLOC_037000	0.134549354971861	0.550606077110776	0.893440461179875	-1.05549032008471	-1.56185838750963	0.198743296450115	1.03784471347134	1.10659643853599	0.334572521109536	-1.15542060120906	0.463835065692647	-0.947418619718747
XLOC_037001	0.118646138729714	-0.700059255725909	-0.371885376486683	0.170581178781226	-0.369086815665565	0.298435406590056	0.313029473928711	0.772722510191142	0.446299796964298	-0.20995923144369	0.0172205277596715	-0.485944353622964
XLOC_037002	-0.756103809834125	-0.597280091827034	-0.780452053938458	0.325156854268509	-0.393842462653557	0.0854269300787376	0.805686874477137	0.163127853188863	0.619305481664727	0.669762131386814	-0.336742884193587	0.195955177381964
XLOC_037007	0.488005873981826	-1.32706271659227	-1.32706271659227	-1.32706271659227	-1.32706271659227	-1.32706271659227	0.812534376539973	1.01152765396368	1.36080965361557	-1.32706271659227	1.58134823017888	2.70815051127368
XLOC_037011	-2.19806094768398	-2.48733551902039	-1.64313759351152	-1.94291005270905	-0.807642229058667	-0.673134135937879	0.0162158625249482	0.254507211279374	1.05991039976213	2.43293007184976	3.0457001962725	2.94295673623278
XLOC_037013	-0.272694206378388	-0.516067705922575	-0.351586415749653	0.654177246341531	0.455828518267166	0.495243041898105	-0.191196482271328	-0.107167758676917	-0.218894473241658	0.217197154826762	0.0315125097610043	-0.196351428854062
XLOC_037047	-0.366335637203209	-0.732500350297383	-1.83819675497683	-1.39310553092294	1.05598423535685	0.255642311227738	-0.497485473901283	0.948805364710715	-0.267123144349996	0.224633278378377	1.17256343906744	1.4371182629105
XLOC_037049	-1.20273558284209	-1.11537025791718	-0.154689940338463	-0.122494572210321	-0.0258617380990254	-0.448784657429363	0.280700100687131	0.528797674554451	1.1665143460255	0.422289786885166	0.420623446384065	0.251011394300135
XLOC_037052	-0.908671814396665	-0.460847665917041	-0.497436494714274	0.779160795909731	0.865340894210902	0.767786218926207	-1.05639230630125	-0.836702063117332	-0.165785036754779	0.340757892510296	0.695277298174299	0.477512281469902
XLOC_037054	-0.137230374498452	-0.4684562619906	-0.246983299068437	0.630165891790468	0.0631348168790185	0.677007309631365	-1.56137353701652	-1.32308218826209	-0.639322261618028	0.753472356959284	1.21191646431812	1.04075108287587
XLOC_037055	-0.188313341254182	-1.06170041292128	-0.667383040797151	0.912751956470273	0.204349306700301	0.432327719546688	-0.638204839988516	-1.1010924731916	-1.49994091172839	1.42522060132733	1.37671895408687	0.805266481749663
XLOC_037061	0.34864328654143	0.50746700454852	0.922044623152029	0.280463899220618	1.10029897615338	-0.752499080887231	-3.58477403000059	-1.09312929287431	-0.068043920112494	0.667734012578359	1.07328154150056	0.598512980179729
XLOC_037075	0.832806208590511	0.667214836456041	0.799476606757444	0.160118674080381	0.162534545647538	-0.227604779884274	-1.56261691820243	-1.31342203463868	-1.62236981705545	0.878746450153279	0.627899125752347	0.5972171023433
XLOC_037078	-1.09085457478118	-0.113489863202179	-0.0472577292438263	-0.238550405275136	0.314326686193677	-0.186053481876117	-1.10632170170447	-1.34823818509361	-0.39808150105379	1.11261665755836	1.3310429224843	1.77086117599398
XLOC_037088	0.314231905954269	-0.476841280332756	-0.365522263794226	0.643843191151261	0.695831506132758	0.497494471353014	-0.772786087216518	-0.442537355247135	-0.766369946726231	0.0252748651473196	0.335261535526562	0.312119458051665
XLOC_037098	0.0318875734354105	0.444852300015893	0.625445872456975	-0.73176234587315	0.152238074280484	-0.935853242022142	0.519476042397283	0.219552944166766	0.309484131185055	-0.713173467566782	-0.0664451382087137	0.144297255732931
XLOC_037117	0.346796118824882	0.288105091037124	0.210034748533173	-0.0778845031619095	0.0450015918125448	0.0335582302027806	0.0149124146622892	0.0479263432510564	-0.14640665111548	-0.465399001249107	-0.0858493044304787	-0.210795078366887
XLOC_037158	-0.328742859481853	-0.344941332482888	-0.239984803723647	0.640492755236654	0.390854841561499	0.621371044912548	-0.0680201503319253	0.0671054950622594	-0.00137242903467794	-0.362251194352039	-0.102675041029064	-0.271836326336867
XLOC_037164	0.837735144815156	0.579058605309722	0.798838136225594	0.480329052772094	0.469783284552879	0.596627627454469	-0.462362744022881	-0.106632928574118	-0.213992570593117	-1.17038727711291	-0.957406755826264	-0.851589575000617
XLOC_037178	0.107929541147318	-0.206213031686154	-0.515996837153632	1.04562216363094	0.598487091236792	0.322856216603953	-0.0792053447035821	-0.771044573885081	0.164510980653554	-0.587681803586406	0.0453855284512592	-0.124649930708964
XLOC_037187	1.22403506122323	1.1943173762065	0.863142886964684	-2.23913983409356	-0.607163057462422	-1.78647690697105	-0.0663915574901441	0.2513739278505	-1.01120170301455	1.1081075768533	0.27326621401139	0.79613001592214
XLOC_037198	-0.303991763789925	-0.0300848736868051	-0.405218416356028	0.354345228811433	0.863981751576297	0.924321257993576	-0.639808342436375	0.314386476811173	0.0753609367900872	-0.735016060597812	-0.457902181067085	0.039625985951468
XLOC_037216	-0.887486164918607	-0.533372443650395	-1.13349567491764	0.191493855257326	1.21634750039171	-0.0897895136308602	0.0653874766199181	-0.637082603027308	0.315487318521535	0.437582737473407	0.511215261536083	0.54371225034483
XLOC_037281	3.01541133440708	3.48030222701973	4.55429868472941	-1.38718653471663	-1.38718653471663	-1.38718653471663	0.0474800315767916	-1.38718653471663	-1.38718653471663	-1.38718653471663	-1.38718653471663	-1.38718653471663
XLOC_037283	0.389659020529452	0.154602391508975	-0.30678659706992	0.00939681453588026	-1.00913665968782	-0.868818339139002	0.815463203449102	0.624557434196094	0.498727341504567	-0.0933221984519319	-0.131060771656844	-0.0832816397185612
XLOC_037295	1.18227881479069	1.03866797993455	-0.123524803753625	0.749503912544873	-1.73152615153713	0.234920120297942	0.703713048145572	0.721291143270028	-0.102480214937867	-0.740243099049358	-1.15361153748059	-0.778989212225083
XLOC_037307	-0.647139599378043	-0.647139599378043	-0.647139599378043	-0.647139599378043	-0.647139599378043	2.17742739347626	-0.647139599378043	-0.647139599378043	-0.647139599378043	4.29396860030417	-0.647139599378043	-0.647139599378043
XLOC_037308	-1.58483749708795	-0.0590434778502638	0.785154447658607	0.48538198846108	0.318793275190121	1.23972949576635	-1.58483749708795	-1.58483749708795	-1.58483749708795	2.1031207977624	3.05105095845146	-1.58483749708795
XLOC_037309	0.842280186468278	0.427235400148584	0.573908856428742	-0.16856473727258	-1.08765269110954	-0.945801174772674	0.825551760852857	0.785005546247598	0.430896128984787	-0.138406629735044	0.259294833794267	-1.80374748003527
XLOC_037318	-0.226668986247746	-0.985377172745339	-0.320988301946088	0.0499914363540777	0.40759830172568	0.101974774194019	-0.107229202930058	-0.661060125511137	-0.721276542086738	0.901306066912198	0.854100174461474	0.707629577819644
XLOC_037358	1.729878512936	2.63609622403467	-1.36711086633276	1.52022160886493	1.83837644286665	-1.36711086633276	-1.36711086633276	-1.36711086633276	-1.36711086633276	-1.36711086633276	0.297054133389699	0.181038275904619
XLOC_037363	-0.577634386541754	-0.577634386541754	-0.577634386541754	-0.577634386541754	-0.577634386541754	2.24693260631254	-0.577634386541754	3.52941125910499	-0.577634386541754	-0.577634386541754	-0.577634386541754	-0.577634386541754
XLOC_037370	-1.69137570797928	-1.69137570797928	-1.69137570797928	2.09501388667485	1.51411160122013	0.323696050519398	-1.69137570797928	-1.69137570797928	-1.69137570797928	1.99658258687106	1.87501260270358	2.34383751988667
XLOC_037372	-1.67388777093593	-1.67388777093593	-1.67388777093593	0.396331714613098	-1.67388777093593	1.66610763138426	-1.67388777093593	-1.67388777093593	-1.67388777093593	2.56123036387559	3.86698917823204	3.22655550844654
XLOC_037384	0.707059626337142	0.262678080461121	-0.0786986945059063	0.281197781539294	-0.250815601168231	-0.564237345835896	0.54933430093915	0.12734670799523	0.644773697542763	-0.319475873532003	-0.74242230185634	-0.616740377916316
XLOC_037402	1.57711398904469	1.83650875369052	1.53627169992519	-4.30385687326184	-0.178766874191927	-0.963861470941645	0.89649135020146	1.64733986901756	1.41626710253762	-2.31398978962084	-0.494873064813567	-0.654644691587221
XLOC_037428	-0.88787696822073	3.55001524644697	0.737251293274414	-0.88787696822073	1.01575380405734	-0.88787696822073	-0.88787696822073	-0.88787696822073	1.79999540198711	-0.88787696822073	-0.88787696822073	-0.88787696822073
XLOC_037456	-1.15757639195813	-1.15757639195813	0.467551869537013	0.912643093590899	-1.15757639195813	-1.15757639195813	2.87176900882489	2.3207747935044	1.53029597824971	-1.15757639195813	-1.15757639195813	-1.15757639195813
XLOC_037464	-1.54232786538512	-0.445609406658856	-0.381919713411605	-0.484823105583306	0.132483391611225	0.199398051475858	0.53901983179207	-0.336717215003593	0.592011072894333	0.534886753821005	0.479659623091451	0.713938581356532
XLOC_037465	0.73745626798926	0.371291554895085	0.0104588334670566	-2.3595331112795	-2.3595331112795	-2.3595331112795	1.12836336792225	1.11881807418303	-2.3595331112795	2.43478065523154	1.65706207065534	1.97990162077444
XLOC_037481	-0.000452584344421192	0.915303491256068	1.69840905873969	-1.81552117491852	-1.81552117491852	-1.81552117491852	-0.380854608625099	-1.81552117491852	0.872351195289326	0.174345908722487	1.45906868150059	2.52391355713542
XLOC_037483	0.0270378407107348	-1.2850765959635	0.0738005306773415	0.172664855881989	-0.794672785402035	0.103028394410481	0.354964354327556	0.773932508756756	-0.049838849451139	0.820734156337969	-0.0163413926750042	-0.180233017611156
XLOC_037502	-0.0202351931412288	-0.393454145976968	-0.510974767076586	0.561378453187128	0.39795463233202	0.679919303459361	-0.314798148271384	-0.132496507274411	-0.554013247904706	0.127719964884877	0.188587064474948	-0.0295874086930414
XLOC_037506	-0.692638675759858	-0.130374635801681	-1.35260564649813	0.5636025929458	0.518241131470173	-0.550337788175562	0.0458169317678685	-0.210702513601065	0.971857966501725	0.260151438731419	-0.0507015404309961	0.627690738850319
XLOC_037510	0.387439599164338	0.179781968016702	0.156976602264907	0.0736368289351734	0.0909853692184459	0.00824238383293263	-0.20307090194823	-0.100881153127499	-0.0791232141373506	-0.383727861314883	0.0245243755826365	-0.154783996487177
XLOC_037513	-0.65403222761615	-0.102212774509912	-0.29284634460595	0.304009593945571	0.209448224181617	0.467793214471676	1.95172154691718	1.29655849876687	1.397033108199	-2.077927093577	-1.96528476572785	-0.534260980445064
XLOC_037515	-1.10963846342544	-0.436629920521476	-0.425161576098859	0.303183171255401	0.698556394240172	1.21133171708653	2.17146912287236	2.3845437995419	1.67301059100926	-2.07875351626717	-1.0655383267409	-3.3263729929518
XLOC_037516	-1.68869784611011	-0.489325877116405	-0.0554861669169426	0.0197625962154371	0.329559441355478	-0.494821196031494	2.74562271701842	2.49937521876338	1.79020577276894	-1.46998441537879	-1.88335285381003	-1.30285739075788
XLOC_037517	1.05173177013501	-0.763336820439088	-0.763336820439088	-0.763336820439088	-0.763336820439088	-0.763336820439088	-0.763336820439088	-0.763336820439088	-0.763336820439088	2.54642320638992	-0.763336820439088	3.27187640742687
XLOC_037552	-1.24176897980689	0.691035563442463	0.858507823403266	-0.141257323862884	0.387008020232583	0.0431688028988209	0.59511314065582	0.514720205927666	1.17656279049757	-1.73226666794963	-0.81444682187721	-0.33637655356158
XLOC_037554	1.06131169826073	1.29963511686442	0.519663380616989	-2.70357197350301	-2.70357197350301	-2.70357197350301	-0.563974880370766	2.0713463579867	-0.0156996032951655	0.606188053325999	1.80060454275718	1.33164125436295
XLOC_037564	1.69161577833677	1.4132014001004	1.267641092259	-0.392893667938258	0.142025384447402	-1.22215122453351	-0.519000046575665	0.0332094640947078	-1.07233024123256	-0.953793522921711	-0.436942035973037	0.0494176199364693
XLOC_037574	0.0735200925701704	-0.0379626070240029	-0.0970514214113258	-0.386111343055642	-0.389450155968449	-0.155035176488054	0.736000384853041	0.544258353819952	0.646634958362084	0.0171417630683557	-0.725947456292941	-0.225997392433174
XLOC_037578	-1.55138971038301	-1.55138971038301	-1.55138971038301	1.85440075898315	-1.55138971038301	0.463682048115666	2.14040950598397	1.63703710737848	2.77433146857882	0.438477373257991	-1.55138971038301	-1.55138971038301
XLOC_037592	-0.175703083955242	-0.385844827517358	-1.61041374538125	1.24571935924576	0.959216253975664	1.08620504205329	-0.871064188040802	-0.165817448398629	-0.360963335214181	0.0603160518809691	0.532619280060859	-0.314269358709068
XLOC_037593	-0.0907706529960048	-0.565256504914885	-1.11632916966068	0.74638958918184	1.18745968069507	1.33654188162928	-1.1274335858672	-0.129037849989724	-0.95908594072894	0.873323235991117	0.149510922219803	-0.305311605559672
XLOC_037623	-0.303256007337593	-0.43749644575764	-0.36384708603279	0.368469035246523	0.259168382766761	0.413857931872245	-0.193381169043914	0.204620593317662	-0.119336450093202	0.105069903858505	0.0594769047934971	0.00665440640993076
XLOC_037625	-0.626157613457089	-0.303746121834424	-0.454496552530853	1.04912262652163	0.514372430414394	0.89775463812769	-0.522580954888382	-0.0141651290179077	-0.392666525132463	0.186353902447795	-0.138598064186988	-0.195192636463408
XLOC_037626	0.242804060245353	-1.45562469611975	-1.97495979789822	0.780735648107392	1.44725873375039	0.886363094559928	-0.804410422826146	-0.566119074071721	-0.71848521733248	0.676575105336079	1.16420974348109	0.321652822768082
XLOC_037640	0.81058556685419	1.29906995564901	1.3098779422657	-2.02138296631983	-1.70364877437476	-1.29782515714632	2.53477936825156	1.99562816937232	2.39008865213673	-1.58799020059842	-1.93070962547265	-1.79847293061752
XLOC_037641	0.977902233095948	0.745105175494098	1.0597480254267	-0.0518838702291475	-0.726021667051469	-0.767974218587645	1.90881293532879	1.7046853168089	2.18328013217025	-2.15685264294898	-2.42850875791171	-2.44829266159574
XLOC_037648	-0.731971543311428	-0.404307691722964	0.479344455830017	0.282951024373226	-1.47290833780704	-0.467042500195269	-0.307632317244418	-0.173448648796827	-1.13631307960678	1.57890419982828	1.25029830736462	1.10212613128857
XLOC_037657	0.963123378275325	0.11676444433501	1.08936935312656	-0.0636465154444057	-2.13386600099344	0.690700991860863	2.3985521005026	2.27826438018925	1.06233587112854	-2.13386600099344	-2.13386600099344	-2.13386600099344
XLOC_037674	-4.5751157677033	-3.65935969210281	-2.63442395490163	1.36046963209182	1.93965244028523	1.17666486347865	-0.687085189865316	-1.24069182110766	-0.827307122871238	3.16616466578599	2.87405151060692	3.10698043630336
XLOC_037675	-0.502667443517405	-0.13295907955481	-0.224130726070058	-0.383109913503827	0.0564393273846981	-0.0656697338660983	-0.0529039420008548	-0.0320903757191981	0.381200902351592	0.450578156885182	0.109717632401788	0.395595195208976
XLOC_037694	0.106633508373132	-0.385592753253878	-0.417952120250952	0.476910015605139	0.483948241897213	0.152141395451189	-2.38269627295035	-1.4947321408317	-1.55590210091833	1.62145651787344	1.68690077698091	1.70888493202419
XLOC_037695	0.0741675137751159	0.472813958698435	0.503359949889141	-0.0518433785789334	0.199320382904634	-0.269519653569503	-0.659636572856552	-0.734278733952419	-0.472626853718376	0.0952307715478984	0.276006938271756	0.567005677588771
XLOC_037696	0.406996028638147	-0.121687521957707	-0.0564331914838938	0.774487826804341	0.523870260628614	0.629019624099445	-1.21627605095401	-0.813787936888701	-0.808406350162766	0.242245377633076	0.450738338588303	-0.0107664049448495
XLOC_037704	-0.533676551271525	-0.0827947403513036	-0.470807186091796	-0.194837382954918	-1.31555751917277	-0.193685160344014	2.24311130021202	1.84810247429451	1.94955199498393	-0.633825831016666	-1.17283053824605	-1.44275086004142
XLOC_037705	-0.625850481548018	-0.0986072409676568	0.088888563276905	0.618546207352713	0.0692610028334162	0.269251784104667	1.31683835026143	1.29533688364481	1.17619470671928	-1.52909450987757	-0.760230737275633	-1.82053452852433
XLOC_037708	0.111769403853804	-0.300630340358402	-0.686152407152673	0.722174024753424	0.782303752522978	0.451760794781315	0.681879539155325	1.31631697330998	0.91704663699707	-1.05218632392873	-1.30065656856876	-1.64362548536532
XLOC_037715	0.974871564892288	0.265051298792388	-0.196337689786508	-1.3713965883134	-1.57169974848016	-0.510245542272786	0.972322274788849	0.600659179462181	0.942936918119895	-0.542068922868042	0.622551465623071	-0.186644209957779
XLOC_037717	-1.27896109150377	1.07221326296605	0.973241316608505	-0.982948915432258	-0.357762677379965	-1.67899686240034	0.263795185546726	0.230443608869495	0.714361871495785	-0.348285207454825	0.13825365851766	1.25464585016691
XLOC_037718	-1.13965853044265	-1.17450254770445	-1.06962969423251	0.373434251339204	-0.404671729829763	-0.406616860950334	-0.00711346263959634	-0.544737183394818	0.141482560207169	1.51974290389063	0.893643833145907	1.81862646061123
XLOC_037752	-0.064839571674912	0.343674227442189	0.285778103792389	-1.14192685924094	-0.757997266629701	-1.39033094178954	1.05957056963703	-0.067414217025088	0.496712299544249	0.428076480462988	0.362841520990245	0.445855654491108
XLOC_037755	-0.125000717820706	0.541203339546987	0.118181778190205	0.810660902789141	0.107436204741343	0.291524915530933	0.400136151996906	0.326746108644851	0.444772664631782	-1.60823741207486	-0.500936671550327	-0.806487264626254
XLOC_037757	3.34196179643873	-1.06063607268498	-1.06063607268498	-1.06063607268498	0.842994699593089	0.954435685813698	-1.06063607268498	-1.06063607268498	-1.06063607268498	0.929231010956023	1.35582931599334	-1.06063607268498
XLOC_037761	-0.590157333956289	1.34494858990044	1.02468853137498	-0.323846615091192	-0.470181468096408	-0.638797184545156	0.439636312939521	-1.04347442738129	0.609938111755937	-0.428477137488075	-0.135301644225014	0.21102426481254
XLOC_037763	0.0972291844494606	0.548559368008321	0.99092828307527	-0.33543465717776	-0.269905343385378	-0.762179780413303	0.356879180631625	0.00229241154129145	0.207711821543216	0.0823807109192769	-0.884411263380282	-0.0340499158117309
XLOC_037764	1.32881565550857	0.622234948489223	0.769358788624271	0.250235407447319	-0.305347154687985	-0.0378495054373058	-0.362135010194232	0.481499260556343	-0.448282792504439	-1.27950227376466	-0.9076086673382	-0.111418656698918
XLOC_037768	0.243448851992028	-0.0951218294951799	0.201192086734182	-0.351339195041706	-0.421373636712521	0.173414646070426	-0.159926321160335	0.296775124299729	0.510971367467783	-0.510257410770061	0.281430037920005	-0.169213721304361
XLOC_037770	-0.822442160353648	-0.00284156531599944	-0.530654922065381	0.652117200258036	0.887622927812465	0.70830621683364	-0.39200384075506	-0.745445715716077	-0.217773111804869	0.429524182636454	0.202600341947065	-0.169009553476603
XLOC_037785	-0.456269646146766	0.22959292709111	0.112636685915493	-0.923253910265172	-0.243509618755613	-0.391255330562381	0.0665722195016478	-0.354454679697229	0.571876993874249	0.117234102055156	0.64004252691362	0.630787730075879
XLOC_037826	0.275258973383003	0.515523135671259	0.906667036897031	-0.637323701685022	-1.03238014756224	-0.161191229757259	1.63933838936412	1.24282798690958	1.82772691968137	-1.48780927750595	-1.36112650812822	-1.72751157726767
XLOC_037847	0.245209886261339	-1.56985870431276	0.8001332404338	-1.56985870431276	-1.56985870431276	-1.56985870431276	-1.56985870431276	1.90849248114977	-1.56985870431276	1.73990132251625	1.70473115210636	3.02068414340903
XLOC_037924	-0.125770815657853	0.346173077504282	0.444803299818304	-0.142839286946005	0.0434712927159424	-0.310059299864601	0.179205417145818	0.0465501350251003	0.00445647639610591	-0.0784358109508023	-0.249088330587512	-0.158466154598768
XLOC_037936	1.13837718288258	1.27943458635414	1.12868415565771	-0.127789785556704	0.100549107789972	0.480557886372469	-1.61057816825376	-1.14128261458788	-0.992142729597556	-0.625812905786692	1.03560731452212	-0.665604029796394
XLOC_037938	0.90432346072727	1.15632062503311	1.26789332096386	-0.546759878458557	-0.266385521964372	-1.37601743505381	-0.562566661257487	0.210681392152619	0.090226097091656	0.213756610622453	-0.896930526485695	-0.194541483371053
XLOC_037952	-1.52783471966324	-1.52783471966324	-1.52783471966324	3.20530653537827	2.35066458561192	1.29673227319106	1.08324190353515	0.0710253697184604	1.1600376505446	-1.52783471966324	-1.52783471966324	-1.52783471966324
XLOC_037957	-1.00564563059583	-1.30167235836745	-0.485549890031837	0.311191987719133	0.360710127743884	-0.335920383927154	-0.769940968016885	-0.335206413111062	-0.0423974290572406	1.39130792372689	0.804035936162554	1.40908709775501
XLOC_037958	-1.48786469447693	-1.87461723875125	-1.4969879628649	1.14278152669107	1.73719162880437	0.767004808821365	-1.38232656694665	-0.477830034750961	-0.301351690059154	1.37771728499391	0.928888434728275	1.06739450381086
XLOC_037962	-2.36933103874842	-1.09391619687304	-0.221583642925669	-0.0971443188866594	1.21213770030341	-0.465432301622809	-0.696503150120764	0.0832371202149336	-0.613059336466655	1.6602892252876	1.05889129597113	1.54241464386695
XLOC_037963	-1.28626370380359	-1.28626370380359	-1.28626370380359	-1.28626370380359	0.617367068474481	2.05373169851661	0.148402862489828	1.53893632499598	-1.28626370380359	0.703603379837415	0.37790129591887	0.991375888784766
XLOC_037967	-0.134950263925182	-0.0988104113176327	-1.35918556168324	-1.16696072793507	-0.820808176009647	-0.274056349121756	1.79795058954981	1.86636455980414	2.09872324798508	-1.81507585191027	0.0378428024073472	-0.131033857843566
XLOC_037970	-0.329451665243517	0.237238630841319	-0.298200927096258	-0.738762275637735	-0.483491518380989	-0.148571420991574	1.91115090297843	1.53234657301924	1.55322373875294	-2.4731802017156	-0.539649303250964	-0.222652533275291
XLOC_037971	-0.729691581420958	-0.0900510940727166	-0.120151305850104	-1.04503414010881	-1.92680214134526	-0.158675040249084	2.02116490606231	1.29765716922421	1.71715729377418	-0.897171315733146	-0.496400995005255	0.427998244724648
XLOC_037973	0.47203276896841	-1.28079350706866	-0.615516536142372	-0.284021629082281	0.310949031232836	-1.03128153719794	1.42320115405621	1.37704962411438	0.447267571053594	0.259597811182557	-0.562293131069864	-0.516191620046875
XLOC_037975	-1.97894913231433	-0.208449749846737	-0.495089143690039	0.101766794861482	0.119413370667441	-1.05712088575912	0.312140629488432	-0.532481701494125	0.109272348262082	0.841495163792534	1.37975056070475	1.40825174532763
XLOC_037977	-0.178161838598196	-0.381944171652055	-0.293114060345424	0.0715780636971122	0.166832437475437	0.0231712143859859	-0.266950755484844	-0.199500139420309	-0.243338072729616	0.410175478986488	0.470028942822065	0.421222900863318
XLOC_037978	-1.42471122064784	-0.318661285722928	0.140643003525706	-0.582978781436543	0.353357077078471	0.142666286406405	-0.120243143768981	0.209900676023866	-0.144092764631488	-0.260935807363878	0.671186758837563	1.33386920169965
XLOC_037985	-0.960174407758887	1.29045603756956	-0.960174407758887	-0.960174407758887	-0.960174407758887	-0.960174407758887	-0.960174407758887	-0.960174407758887	-0.960174407758887	1.83559421116313	3.23787982850894	1.31746518482947
XLOC_038003	-2.37752781695535	-2.37752781695535	-2.37752781695535	-2.37752781695535	0.827959492244061	0.962467585364849	1.49289398233868	1.8901089325821	0.310344553252496	1.85759031785617	0.897062039463764	1.27168436471927
XLOC_038044	-0.243783256186293	0.213573712624164	0.47217202060443	-1.37856703003323	-0.439289762743575	-1.90797428850422	1.37419282198224	1.27377111299105	1.30873688566654	-0.618050540952219	-0.139347105852217	0.0845654304033348
XLOC_038047	-0.351414854831101	0.402272323556275	0.549474766764824	-0.798689481264456	-0.0443285847213479	-1.05324231348251	1.62162362030101	0.863756445139931	1.96513637560806	-0.737516969794921	-2.25724087988685	-0.159830447388911
XLOC_038067	-0.957942495229838	0.0390354614383082	0.44229331183397	-1.67828980348942	-0.92392890694631	-2.14448954312415	0.127304812512809	0.789131968788313	-0.192479275028147	0.694084036644231	1.85005561037828	1.95522482222195
XLOC_038068	-0.105907505743741	-0.106484375787553	-0.175438170480925	-0.781784106263151	-1.30516601493308	-1.54294519164185	-0.441272856148152	0.420803147328042	0.182949409046371	0.938496458487807	1.89679051222468	1.01995869391156
XLOC_038093	-0.755253094367285	-0.431630243195435	-1.35359515836311	0.370110220362855	0.0135768022095819	0.461505308446525	-0.571255209483325	-0.195479091791801	-0.314288079403357	0.708305776484797	0.989156909624261	1.07884585947629
XLOC_038097	-0.865256201173935	0.579767212031997	0.552695633698677	-0.63310642857182	-0.315326852632793	-2.02685445682483	0.134918261343112	0.0833485138356931	0.0637981631188644	0.627433948097064	0.699776094167117	1.09880611291085
XLOC_038143	-0.540445594981271	-0.594415011934541	-0.904235180275133	1.12330202603493	0.74604554054325	0.766695096801833	-0.416776705006162	-0.0836489983953665	-0.429962957887515	-0.0909378336065512	0.583684319934007	-0.159304701227478
XLOC_038148	-0.153845870187938	-0.650213886012631	-0.337151316717895	0.702382935064856	0.72198711740109	0.577271090740982	-0.340016769009496	-0.145704686716014	-0.347419371065509	-0.101354908387743	0.136274155127916	-0.0622084902376159
XLOC_038180	1.11678291297228	-1.47718034738888	0.147947914106264	-1.47718034738888	2.10370689562206	2.54163727843509	-1.47718034738888	-1.47718034738888	-1.47718034738888	-1.47718034738888	2.88203828834909	0.0709687948484992
XLOC_038183	-1.16365859067402	-1.16365859067402	-1.16365859067402	-1.16365859067402	-1.16365859067402	1.66090840218028	0.975938502458221	-1.16365859067402	0.732342453854728	-1.16365859067402	1.74475235609713	3.0316684201278
XLOC_038202	0.179510177909705	0.875635024794772	0.66749699314675	-0.965830206048444	-0.388961133714016	-0.931137936273954	0.863164226644948	0.878617617406091	0.746744245622629	-0.424460551898214	-0.87792738601417	-0.622851071576084
XLOC_038211	-1.50509008242755	-1.50509008242755	-1.50509008242755	-1.50509008242755	-1.50509008242755	-1.50509008242755	1.10598654077084	0.0937700069541523	-1.50509008242755	2.94143439848031	2.99908643383263	3.39535319695492
XLOC_038212	3.04642120042873	2.33099850062987	2.26560790803774	-0.696881131319323	-0.0497541333637512	0.200759824262851	1.80088524244725	1.95545701170495	1.34380739813616	-3.25523893197328	-5.24510601561429	-3.69695687337691
XLOC_038213	2.53620585480268	2.59005024923241	2.14729777480302	-1.55971899171604	-0.250436972525977	0.303497297466002	2.05893744944545	2.22548831508081	1.71328910608936	-5.6469743021519	-3.23050891347358	-2.88712686705223
XLOC_038215	0.588297579986936	-0.00607038134273541	-0.00850583383976034	-1.51256098820125	0.271105165420597	0.171118768035241	-0.403042735335577	-0.155816050810075	-0.663423547181616	0.138051489193215	0.743065242608123	0.837781291466901
XLOC_038216	2.45662682215653	2.64311634918348	2.19058129231863	-0.926642255595528	-2.99686174114456	-0.981789982645878	2.06321901065654	3.21347629068717	1.32885943781728	-2.99686174114456	-2.99686174114456	-2.99686174114456
XLOC_038218	-0.846157382700079	-0.282739176226566	-0.249367692684483	0.813126256865929	0.831101805269064	0.604919323467626	-0.173207934086189	-0.476137543511457	-1.41337271601586	0.523342343553237	0.76318293099663	-0.0946902149278381
XLOC_038220	-0.277530396135433	-0.307719457239116	-0.288629448875142	0.0471157779712321	0.479596738124172	0.133631855309336	-0.408110844618827	-0.323450669477792	-0.379635744324593	0.591128285779838	0.403557209582205	0.330046693904123
XLOC_038245	-1.13534094587583	-1.25994337357418	-1.46855577975718	-0.795663796297167	-0.163285403944912	-0.804236900345838	0.16521947068896	0.247267946113714	0.145687417958274	1.61064875918938	1.90850886941269	1.5496937364321
XLOC_038251	2.60556497982736	2.05681551245897	1.91272872409661	-1.10155074277408	-0.931130547333685	-0.00859230808353928	1.91009806612186	2.12723657109872	1.9511015446975	-2.81575198496955	-3.77628026336196	-3.9302395517782
XLOC_038256	1.32526283537551	0.908509707747708	0.969636351432571	-2.22433667644053	-1.90618184243881	-1.39270182393851	0.849840598893825	0.886079084788832	0.750234473767089	0.398661777307031	-0.0438781825782755	-0.521126303916433
XLOC_038287	-1.45012628254787	1.28069838362672	-1.45012628254787	-1.45012628254787	-1.45012628254787	-1.45012628254787	-1.45012628254787	0.88846408800808	-1.45012628254787	1.34564233637414	3.18576217299155	3.4503169968346
XLOC_038291	-0.427941051626309	0.301188947890171	0.368590168386982	-0.209522203218299	0.180948555706699	-0.382161686733111	0.130071448422674	-0.0746264367972191	0.0939342160119097	-0.425115594280875	0.0665794617064819	0.378054174530915
XLOC_038303	-2.03478321911128	0.69604144706331	-0.409654957616131	-2.03478321911128	-2.03478321911128	-2.03478321911128	0.931056323459411	0.303807151444673	0.653089151096569	0.760985399810736	2.16327101715655	3.04053734402998
XLOC_038307	-0.447461730802274	-0.995173661565767	-1.19545966691516	1.23725423961973	0.713872330949803	1.6689629581922	-0.736157147654449	-1.05123000766526	-0.20687897713049	0.957675061467854	-0.0904846842520621	0.145081285755881
XLOC_038345	-2.04230687024858	0.208323575079868	1.47162336340963	-2.04230687024858	-2.04230687024858	-2.04230687024858	-2.04230687024858	-0.443446780866876	2.28341430871326	1.94501815906293	2.59358158529084	2.15302014055324
XLOC_038353	0.281607817611725	-0.0976650954944347	0.0498972979305652	1.05473280823077	0.804428532757875	0.251671652935388	-1.21588418528574	-0.701018772489827	-0.632326117922601	-0.588790328214472	0.554439413463987	0.238906976476789
XLOC_038354	-0.353519281843167	0.128947840083336	-0.00211788287999326	-0.148195770173909	0.11188816445904	0.117492378421768	-0.290701416326352	-0.618867392043911	-1.02776401272894	0.639547638465832	0.699559163053349	0.743730571512957
XLOC_038360	0.208135603942996	-1.23494304369584	-0.570378715051342	0.118758517139605	0.265305018541523	0.594890989067368	-0.472487034900238	0.651479836668352	0.255056504059406	0.0952450931152757	-0.0662545621503252	0.155191793263224
XLOC_038385	1.70946633353353	1.85807505993245	0.610213414161058	-1.7597785305855	-1.7597785305855	-1.7597785305855	-0.32511196429208	-0.160918441203797	-1.7597785305855	0.230088553055506	2.59944010515247	0.517861062002857
XLOC_038416	-1.38203634221219	-1.0851273955174	-0.942795646234851	0.765475079583192	0.00438112430075499	0.558315394292734	0.162014206303123	-0.72832593389441	0.928551721007981	0.784328073943076	0.653965461728073	0.281254256699915
XLOC_038450	1.56270210030949	2.22976513986391	1.42382397096317	-4.18935652226236	-4.18935652226236	-0.849361119942165	2.05744472676942	2.13495857276953	1.86208870139196	-0.879596495433353	-0.622968211579499	-0.540144340587741
XLOC_038454	1.37131071244336	1.18197317943829	0.865507733091576	-0.764229095584298	-0.978061098796985	-1.7784030229261	1.06755445029626	1.31765742752076	-0.020052198995705	-0.703056584114763	-1.13815171488784	-0.422049787484549
XLOC_038455	1.77557641881137	1.49624864436856	1.52828247068041	-0.902985551154836	-0.846969732248977	0.199720865838936	1.02890332718597	0.819778451385555	0.463055842175801	-2.43272323236681	-1.78415980613891	-1.34472769853707
XLOC_038456	0.685279704914796	0.697210839476948	1.08371789982767	0.377389158620529	-0.533613513306997	0.655185995535315	0.451871533646858	0.31591123802395	0.632354279382959	-1.1774382236587	-1.99666654195735	-1.19120237050598
XLOC_038457	0.692843900918164	0.898746103425513	1.01664541064912	-0.879289648780228	-1.09312165199291	-0.1665650639446	0.952493897100329	1.27855477304122	0.497039341945927	-1.16590642291388	-0.454222963492851	-1.57721767595578
XLOC_038458	2.09992123403749	0.528725874006418	-0.997068145231268	-0.997068145231268	-0.997068145231268	-0.997068145231268	0.43759842106215	-0.997068145231268	-0.997068145231268	-0.997068145231268	3.3621504905067	0.551080997006112
XLOC_038470	-0.199936023965234	-0.164788096707294	0.0179270910148084	0.20317848315886	0.102790547527944	-0.181418340585152	0.570977655813728	0.131191989785528	0.289152405396493	0.0905296242626576	-0.532431456635791	-0.327173879066544
XLOC_038474	0.464939851840843	0.286395972245918	0.255151335303305	-0.290746570924963	-0.0671751389153012	-0.182664498246673	0.377409771938181	0.638862565744997	0.294136032653977	-0.57221680675937	-0.613880290969469	-0.590212223911456
XLOC_038492	0.233546819518126	0.337240390968601	1.01235919658697	-0.244121131708277	0.35084952860684	-0.612409114444426	-1.72029981894574	0.546694299056218	-0.462588131143475	0.115148038763722	0.304512013395279	0.139067909346163
XLOC_038495	0.719444041235088	0.712938094415803	-0.00755339328711502	0.509787137164014	-0.473914565755601	1.34142198966604	-2.37754533803367	-2.37754533803367	-2.37754533803367	0.932214688795336	2.12663117822651	1.27166684364095
XLOC_038501	0.0438902081092678	0.318872466908888	0.53047687425559	0.256639347675559	-0.0113095705710924	-0.298254249300347	0.138549433847814	-0.0540449196627	-0.0939763781008462	-0.300116392373249	0.0596352403855835	-0.590362061174481
XLOC_038523	-0.295023138343002	-0.497009818870795	-0.410397284991737	1.02065083901621	0.251100169560488	0.822855626735178	-0.330568429001005	0.412873319123777	-0.468856943114327	0.295210490643508	-0.120392290696374	-0.680442540061918
XLOC_038548	0.26765137290942	-0.125496380779352	-0.168202809815392	0.828072902108675	0.693359166356765	0.84263974448799	-0.676215215731951	-0.393302143122075	-0.309272833525424	-0.102022993609243	-0.054170157606201	-0.803040651673206
XLOC_038552	-0.605675758899645	-0.412696706314991	-0.35802888335593	0.219239432751133	0.0232764315190579	0.34056869251949	-0.585242367734747	-0.584528684300931	-0.531988893324431	0.462340905435335	0.953985617444298	1.07875021426139
XLOC_038553	0.216912160123167	-0.336423717470272	-0.504220034311178	0.0178440516467031	-0.215314058262809	0.00870525112306808	-0.50262410106135	-0.454764844555918	-0.487935821823658	0.290198318741041	0.985252040237727	0.982370755613468
XLOC_038558	1.78400572745478	1.67682387356519	1.70840383671189	-3.09009008192337	-1.53440040290135	-1.38893610282089	1.6350753718132	1.69977002454617	1.25915822859369	-1.86500580058884	-0.826458524134297	-1.05834615031618
XLOC_038566	1.25791918178347	-0.0141868490928188	1.03106084668631	-0.0922715719948899	0.0589023573487735	0.205039402068921	-0.231757232019823	-0.162121508573833	-0.62710497436302	-0.90133139009024	0.021758415427124	-0.545906677179977
XLOC_038572	0.394273117568584	1.32439682053609	1.47239565878666	-0.667982206826842	-0.0208552088712706	-1.87621168880161	1.51983405192493	1.07110845473662	1.10450083521134	-3.2263400074808	-0.580318635582393	-0.514801191201308
XLOC_038574	-0.29768477804625	0.473797849646743	0.581652037549464	0.0534240051064945	0.477277681741716	-0.187594024510521	-0.129717953733625	-0.618716612721675	0.0447585894035054	-0.0971806031190621	-0.442803343559623	0.142787152242823
XLOC_038583	-0.549126154303792	0.352981932971723	0.241075631045547	-0.204521905964343	0.0469781673633989	0.0455170787996622	0.160391397239168	0.0109147846492057	0.14047805074282	-0.489834260962795	-0.149363922584081	0.394509201003487
XLOC_038594	-0.170764359970711	0.098311178128383	-0.223786753982187	-0.157548024505161	0.202831012515838	-0.229974050073795	-0.354144642978063	-0.761643437830147	0.0898158624133929	1.13086244831341	-0.0222571219295773	0.398297889898626
XLOC_038625	-0.396571717855195	-0.110118225495802	-0.0266023851410297	-0.164421945253079	-0.74838835854091	-0.0337979063755158	-0.0760884894085256	0.552032997154433	0.792029601128485	-0.502651538885652	-0.253353242419901	0.967931211092687
XLOC_038652	-0.705015138588031	-1.02480767708988	-0.0906104829826075	1.25969186707114	1.36420947105907	0.9202262763626	-0.327163857651546	-0.347227345711335	-0.504991972450357	-0.569255789064885	-0.312888096925223	0.337832745971068
XLOC_038675	-1.37796491267038	-1.37796491267038	-1.37796491267038	1.50936756252731	-1.37796491267038	0.637106845828302	0.761632180461865	0.96062545788557	-1.37796491267038	1.41780370625163	2.98125372306759	-1.37796491267038
XLOC_038678	-1.26749277755668	0.258301241681006	3.31335659033638	-1.26749277755668	0.636137994721391	-1.26749277755668	-1.26749277755668	-1.26749277755668	-1.26749277755668	2.71983225175483	0.39667222216578	0.280656364680699
XLOC_038679	1.96235171014197	1.28795147082771	2.77831740627129	2.53354145720378	-1.80253196162177	1.02203503123253	-0.367865395328351	-0.203671872240067	-1.80253196162177	-1.80253196162177	-1.80253196162177	-1.80253196162177
XLOC_038681	0.623493455012943	-0.186725619851816	1.0420611187857	-0.958200833168365	-1.16370318481156	-0.0814689136248505	0.58358080694506	0.830355736774517	0.818286807583661	-0.509472293010974	-0.108701972283083	-0.889505108351234
XLOC_038683	0.505119770441272	0.215975647524258	0.611860920014884	-0.364599501796173	-0.135353121584552	-0.0661506602051354	-0.535144894000417	-0.418356867288349	-0.225030634983796	-0.367884438626406	0.335848631794858	0.443715148709556
XLOC_038684	0.725906663435104	0.191982451746965	0.272560127907585	0.451389925331846	0.365165419684784	0.649050111425465	-1.15994660762736	-0.434861155113083	-0.69622444145342	-0.30453267560263	0.172367529621752	-0.232857349356998
XLOC_038690	-1.41596503166743	0.834665413661015	0.954026913079127	-1.41596503166743	-1.41596503166743	-1.41596503166743	1.54987451090326	-1.41596503166743	0.48003601286132	0.573902051973574	0.248199968055029	2.43912028780383
XLOC_038695	-1.5630667700779	1.16775789609669	1.6601685840421	-1.5630667700779	-1.5630667700779	-1.5630667700779	-1.5630667700779	2.15658165593244	1.12480560012995	-1.5630667700779	1.71152308634122	1.55756379792498
XLOC_038697	-1.49602990528055	-1.49602990528055	-1.49602990528055	0.574189580268482	1.70945740391886	-1.49602990528055	-0.0613633389871298	0.8425604652754	-1.49602990528055	0.493837178360457	3.13985855025887	0.781609687307808
XLOC_038698	-0.189261177421007	0.165682295114136	-0.0500303825811379	-0.206317245927768	-1.20407070462243	0.0776769858244775	-0.277788284760041	-0.0882971780821329	1.05630354074647	0.194053718924372	0.369342181343312	0.15270625144176
XLOC_038701	1.21331280534808	0.866626994717904	0.513455272810786	-1.01050601175244	-1.10643157006259	-0.265600896217739	0.661746511265874	0.846929928695309	0.371664886885004	-0.413354730546178	-0.337732946109972	-1.34011024503403
XLOC_038730	-1.13018464958334	-1.13018464958334	1.23980729516321	0.940034835965686	-1.13018464958334	-1.13018464958334	-1.13018464958334	-1.13018464958334	-1.13018464958334	1.66558396933867	2.43620366109952	1.62966278551633
XLOC_038739	-0.523845930813643	-0.386984525000212	-1.49268092967965	-3.1178091911748	0.760690114100362	0.60115813652491	-0.151969648604112	0.601839234835532	-0.429936820966954	1.67650457533625	1.24140944456317	1.22162554087914
XLOC_038741	0.195744044158419	1.21963437431521	-2.39821921620274	-2.39821921620274	-2.39821921620274	-2.39821921620274	-0.258622123070493	1.52809208721697	0.797982655919237	2.39609455030831	1.41076459224554	2.30318668371776
XLOC_038787	1.0044030183581	0.997062342216473	1.03951704890803	-0.228049942492905	-0.6686978503794	-0.00573014394912086	0.81391379099516	0.944251278609767	0.707030824236562	-1.20331910103654	-1.7243735987365	-1.6760076667296
XLOC_038788	-3.25702714402651	-2.47296010990832	-3.52218398482437	1.6326252584447	2.18596021088666	1.50670159480672	-1.11377502292555	-1.82722526660778	-0.529539290213858	2.44297192973803	2.40541669277821	2.54903513185207
XLOC_038789	-4.02707106332122	-3.28923210121349	-4.49097414482831	1.68997604151761	2.11923586653262	1.3143976592485	-0.613224285138448	-1.59679032450851	-0.241951708898995	2.87031664366119	3.09746249114149	3.16785492580756
XLOC_038838	-0.470366723639273	-0.116253002371061	0.641237780134752	-0.533821118392142	-0.734124278558896	1.16733286071034	-0.689258715413853	-0.751184769996809	-0.368271294902443	0.506912893149552	0.816963605547829	0.530832763731992
XLOC_038840	0.165776135789777	-0.33020998052073	-0.4751540298274	1.26358552113348	0.650427849393749	0.798141424764393	-0.46747233921535	-1.36140112409161	-1.41892411651066	-0.0914182427603691	0.936407752882305	0.330241148962425
XLOC_038841	0.197482102604868	0.476064145479871	-0.225555072622333	1.08822143223277	0.317347123930483	0.796616516662779	-0.880580004589489	-0.638079774595814	-1.54420979508486	-0.216703921334578	0.811122074308096	-0.18172482699179
XLOC_038848	-1.48226944683888	0.0435245723988109	-1.48226944683888	-1.48226944683888	-1.48226944683888	-1.48226944683888	-0.0476028805454569	1.3429305819607	0.413731597689875	1.31349917208314	1.79232040958024	2.55294378102708
XLOC_038861	0.600669808813544	0.802797636094438	0.752277990335481	-0.58801092130277	-0.270268870663316	-0.341855510479862	-0.330756229458353	0.270097109912371	0.417232579140475	-0.239026449267513	-0.687855299533145	-0.38530184359136
XLOC_038873	-0.167364133272176	-0.210394701086041	-0.434417288805111	0.307258493494283	0.664865358865885	-0.508883864443394	-0.650024567950775	-0.876044775086148	-0.898976115232561	1.1914853886764	0.98003155913675	0.602464645702897
XLOC_038876	0.334934925337967	-0.065614861033163	-0.0316543350348937	0.219989521175945	-0.220963196586428	0.328654135730622	0.168141535969879	-0.0118499131027718	0.28310360820749	-0.445611468229611	-0.141084622378845	-0.418045330056181
XLOC_038878	-0.390865752841356	-0.0410775136142938	0.144242804528725	-0.21710400322167	-0.334672979909449	-0.400871453176962	0.501142796671671	-0.00778064012307578	0.681903423594758	-0.0320887851514033	-0.241479015320244	0.338651118563297
XLOC_038880	-1.12741738438659	1.60340728178799	3.5739287975453	-1.12741738438659	-1.12741738438659	-1.12741738438659	-1.12741738438659	2.0610094333749	-1.12741738438659	-1.12741738438659	1.78099356238456	-1.12741738438659
XLOC_038888	-0.363477315219815	1.80725591098919	2.37603746515337	0.254533131097011	-0.627234870139437	-0.492726777018649	3.23174400586524	2.59722444043003	2.71481054685959	-3.83272217933885	-3.83272217933885	-3.83272217933885
XLOC_038890	1.0125883962342	1.73895760235268	1.42952925062364	-2.08440098303457	-2.08440098303457	-0.0693292245358847	2.21829628632964	2.98016171508115	1.11180088908741	-2.08440098303457	-2.08440098303457	-2.08440098303457
XLOC_038891	0.600890042961424	-1.99307321739973	-0.367944955904588	0.894259257797955	0.703602024962845	0.0219985410989485	2.64179577182238	2.27456353213772	1.20312865472224	-1.99307321739973	-1.99307321739973	-1.99307321739973
XLOC_038897	0.667354258620435	0.833724671379388	0.819383895523913	0.0200572872754652	0.170503306776737	-0.179784863296282	-0.090127352526002	-0.259612147270014	-0.153396773058057	-0.767114234710355	-0.597112679932065	-0.463875368783143
XLOC_038914	-1.23463959194527	0.291154427292417	0.390488669549875	0.835579893603761	0.668991180332802	3.24394883087819	-1.23463959194527	-1.23463959194527	-1.23463959194527	-1.23463959194527	0.429525407777191	0.313509550292111
XLOC_038917	-0.799678852562703	-0.709974136846993	-1.53073417494725	0.711779870660438	-0.0419544571325057	0.767698654491542	-1.24957035129704	-0.0288979917581687	-0.417217498631411	1.2732560448376	1.43103905328419	0.59425383990231
XLOC_038924	0.88084665666991	2.19021159354611	2.45790861715615	-0.0435776711856892	-3.82996726583982	0.188850359984154	-0.864127723269134	-1.00476723704025	-0.633765393717848	0.405150868971702	0.674209250420364	-0.420972055695641
XLOC_038925	1.7757731676234	-0.167677677257945	0.676520248250926	-1.69347169649563	1.51201561270378	0.321600062003049	-1.69347169649563	-1.69347169649563	-1.69347169649563	0.296395387145374	2.5045825397722	-0.145322554258252
XLOC_038926	-0.421581982806581	-0.250552276871176	0.0275524126002447	0.235307230526588	-0.422168825013387	0.139145823851821	0.969452736634737	0.834826971324062	0.654384943826801	-0.625870438099941	-0.550248653663735	-0.590247942309436
XLOC_038929	0.154026428446413	0.203299715555604	-0.18236348222376	-0.762267915760225	-0.26573746922881	-0.624311172435745	0.212453171500998	0.471172848967782	0.327236634648264	0.271663764208824	0.125991725706818	0.0688357506138164
XLOC_038934	0.155399449304102	-0.287819427321095	-0.968674375203225	1.17377275487978	0.759827620215622	0.667709768438828	-0.879648563081632	-0.769410993029196	-0.724708887602543	0.267871027145985	0.423717840540236	0.181963785713125
XLOC_038952	0.649702842749561	0.746631760798789	0.675481569134363	-0.908569308749593	-0.614824442332374	0.212144037379883	2.23608055900097	1.91551657452805	1.9327317072988	-2.19952015372811	-2.44047055804414	-2.2049045880362
XLOC_038956	0.845340534371386	-0.00101839956892835	-0.62652058340223	1.15414162446879	-2.25164884489737	2.72196556539821	1.44015037146961	1.85539680074937	1.61713946610328	-2.25164884489737	-2.25164884489737	-2.25164884489737
XLOC_038957	0.441083720131918	0.957524633824689	0.846904910963368	-0.482450206111865	-0.0182039460561558	-0.303539858224516	0.70516421477754	0.261609111370862	0.16254769969409	-0.533788804284772	-1.03495758493459	-1.00189389115058
XLOC_038958	0.885165758073074	-0.327188271120727	0.0163330404611024	1.28567607496586	0.400732225392461	1.27192114319745	2.6000961272122	2.90142340115287	2.74094167140625	-4.99580510423346	-3.331640104511	-3.44765596199608
XLOC_038968	-1.5832980076409	1.14752665853369	-1.5832980076409	-1.5832980076409	-1.5832980076409	-1.5832980076409	-0.14863144134748	-1.5832980076409	1.61290386448108	3.0475767430598	0.833167381037422	3.00724484008089
XLOC_038973	0.15759776883348	0.625129967529064	0.296258285950017	-1.33330762200482	-0.291097975869799	-1.40072988895924	0.718385227123235	1.40866844490975	0.93174800699537	-0.884579081847426	0.42117973250902	-0.649252865168652
XLOC_038984	0.841543493708089	1.44271102050467	0.965074577824435	-1.57062017225544	-2.27973539925903	-0.957593015797629	0.67873562480731	0.876913999703652	0.500907510008499	-0.741292506810082	-0.340522186082191	0.583877053647713
XLOC_038991	1.09556076061739	1.01734292418617	0.818579659431602	-0.415679357312861	-0.220101335400351	-0.183625065159742	0.208432437018919	0.493562911593971	0.177377000111495	-0.711270201251412	-0.850337795221784	-1.4298419386134
XLOC_038992	1.08835363032076	1.20127998378059	1.2192872281679	-0.977172308624842	-0.657027314518615	-0.801418191021347	0.355873114261102	0.506066437199574	0.188058706392755	-0.515015758755752	-0.914872850947067	-0.693412676255075
XLOC_038995	1.51353460600557	0.460919205285856	0.818851106403641	-0.00969029224896811	-0.891458293485416	-0.756950200364628	-0.405146386317838	0.566884668745933	0.0183250035918654	-0.787185575855816	-0.0803504207499861	-0.447733421010204
XLOC_038997	1.37453712002623	1.17608679268011	0.744899874778344	-0.826606851914383	-0.762159483025055	-0.494661833774376	-0.591725189367965	1.03843176991256	0.204252131009706	-0.649303570968833	-0.565431691084354	-0.648319068271982
XLOC_038998	0.654076138033712	1.11023026863323	0.330168964510938	-1.06487331978847	-1.06532364925511	-1.38212911279004	0.779643605377895	0.685631311894884	0.650498485040301	-0.0922053652380432	-0.765058283074604	0.159340956655299
XLOC_039000	0.739632815158306	1.44337674357787	1.23511326112788	-1.77925239492746	-1.23001890022269	-0.90252047538395	1.07511543123785	0.0694407887875288	0.59960512967394	-0.624533789899383	-0.497851020521653	-0.128107588608242
XLOC_039002	1.32394917482774	1.27898602057633	1.05243128438272	-1.41410468636243	-0.655298115267522	-1.97969421644585	0.827035970757341	0.00522077733248505	1.12311775875806	-0.471596743049295	-0.986245115295584	-0.103802110214
XLOC_039003	0.937037226569859	0.826791254654461	0.488114217278097	0.643491220124484	0.0208729397696912	-0.0886565866153477	0.138077226552369	-0.955225351264187	0.581367822253307	-0.615746516003076	-1.25328718846266	-0.722836264856991
XLOC_039006	-0.748718072774486	-0.285514579490082	-0.769660992221382	-0.478628374660176	0.177814231803356	-0.0715556506634023	-0.160031660368637	-0.176461600314447	-0.391306449578674	1.05562597188362	0.873106049338696	0.975331127045617
XLOC_039011	0.0982162942150708	-0.852249079378264	0.0113778620103338	1.25503096737941	-0.0658840864360606	-0.176548148160078	-0.519389617651321	-1.30760745993194	-1.21039329057588	1.07421198294176	0.699847338961006	0.993387236625973
XLOC_039019	0.287633795757428	-0.192538414236404	-0.408161629455492	0.930388789037778	0.707828305472438	0.964854275385671	-0.219054916852683	-0.0748752713180014	-0.254392745522178	-0.705277612748275	-0.50352772039415	-0.532876855126142
XLOC_039024	1.19283335566227	1.78975759069878	1.24158163274788	-1.25177609977103	-0.345824355268105	-1.32209925643523	1.00464547733709	1.49393577473439	1.23515614061601	-0.952514694518942	-2.13221369733505	-1.95348186846807
XLOC_039035	-1.14076958622699	-1.14076958622699	-1.14076958622699	-1.14076958622699	-1.14076958622699	-1.14076958622699	2.55102963014	4.16489656867915	0.75523145830176	1.65499903269502	-1.14076958622699	-1.14076958622699
XLOC_039037	0.0671468813169729	-0.222127690019437	0.622070235489434	0.322297776291906	0.155709063020948	-1.74792170925712	2.98260267348341	2.91590856217363	0.148079335271627	-1.74792170925712	-1.74792170925712	-1.74792170925712
XLOC_039038	-1.48784124043652	-1.48784124043652	0.137287021058623	-1.48784124043652	0.41578953184155	0.527230518062159	2.5415041603465	2.92428914074616	2.38094707056414	-1.48784124043652	-1.48784124043652	-1.48784124043652
XLOC_039039	0.379825778089946	0.193064500364212	1.18226431266088	-1.560074599474	-0.0494068420120906	0.388523540800944	2.44491053575005	1.14462424646668	1.55491677482215	-0.83452546610102	-1.21382869634471	-3.63029408502303
XLOC_039051	0.550544940375133	0.271760017676221	1.26650021716586	0.280101936310213	-0.0493197810861439	0.0965140798720974	-0.227771424884828	-0.0679010196510523	-0.460245370207594	-0.501588967066072	-0.496575262227354	-0.662019366276471
XLOC_039071	1.23698032319568	1.61228393799765	1.4761728569686	-1.15403980764378	-0.55906914732866	-0.267680707784049	0.413851148349281	0.887725478404859	0.551462453516428	-3.25142803443863	-0.60540666254022	-0.340851838697166
XLOC_039094	0.725425029968073	0.660415525605963	0.454619099869439	0.196321260024372	-0.119198967337541	0.688662002706712	0.285842856485123	0.440787390301342	0.138715127188838	-1.81932353586092	-0.357476148767042	-1.29478964018436
XLOC_039107	-0.655808975163768	0.0978782032236083	0.199961235061809	0.61311969029944	-0.263146327209284	0.431501390792275	-0.08671552417022	-0.458378619496887	-0.449861550171089	-0.423170521623057	0.256497281155936	0.738123717301245
XLOC_039110	0.231432876182248	0.353530182157487	0.380713132549738	-0.0801224452708027	-0.200793342203728	-0.24952092600741	-0.0619277220354153	0.463814487558894	-0.0465583082299972	-0.0102843554474958	-0.225320634159518	-0.554962945093994
XLOC_039113	2.17644693148125	0.902359036356259	1.34851250507914	-1.03062856846215	0.104639255188234	-1.0857762955125	-1.66618148771776	-0.762257683455227	0.767940256989483	-1.11098097037017	-0.19243710724002	0.548364127663446
XLOC_039122	1.03536584461034	1.04870411960519	0.829716959141691	-0.823860042412901	-0.650632785201617	-1.1638488669005	-0.051178151726397	0.440533960407842	-0.189784751740502	-0.0827822610078934	-0.0740573522825283	-0.318176672492715
XLOC_039124	-0.154670215509592	0.00639335659774254	0.0721014114702925	0.166971272857859	0.141563717043157	0.0984479174379302	0.0910807104866329	0.151474072026643	0.121804012780508	-0.416010052791602	-0.0987712287903282	-0.180384973609264
XLOC_039125	1.8279959494077	1.34068969469183	1.48834824183783	-1.12422609844067	-0.785525694024884	-0.247494178897152	0.534975978596418	0.319075871622103	0.162424244925404	-1.60085566626579	-1.34422738241193	-0.571180961040856
XLOC_039126	1.15344857545007	1.85237511877937	1.75677952023104	-1.35493907269882	-0.142745672971054	-0.779072868937027	1.09654148790906	0.411130258190584	0.667275862632992	-2.13243435630566	-1.42559920119983	-1.10275965108073
XLOC_039145	0.959541057073708	0.431010738559372	0.326831203307457	-0.976213633351476	-0.055501133714424	-0.602410439924337	0.0851232051813655	-1.44171813885554	0.0107690874064739	0.581071442816732	0.514765292000633	0.166731319500032
XLOC_039146	1.40165436500115	0.33348512387768	-1.19230889536001	-1.19230889536001	-1.19230889536001	-1.19230889536001	-1.19230889536001	1.14628147519594	-1.19230889536001	0.797558188280999	0.471856104362454	3.00301811544181
XLOC_039148	0.0472663238013507	0.47579918606022	0.62495128540764	-0.494737811311149	-0.309381075649858	-0.390292481568328	-0.0152378859680358	0.0341476181198743	0.15873306636858	-0.107362277906034	-0.245798121811672	0.221912174457405
XLOC_039175	-0.211551941370148	-0.26081676922825	-0.477597471208049	0.784304042266834	0.974414313209454	1.62167905255885	-0.276961363599711	-0.600477806555523	0.38640471898308	-0.468746319920294	-1.30582186893327	-0.164828586202984
XLOC_039190	-0.341021358909172	-0.142882791182539	-0.0931033163214607	-0.447838203543242	0.338580369876374	-0.597800254058814	-0.284295155061653	-0.398886341289995	-0.106287486077042	0.920902355282846	0.403059209780968	0.749572971503725
XLOC_039195	-0.486865847019483	-0.732687054045979	-0.438994227245956	1.44678362794847	1.03848735491679	1.5137180305235	-0.589274821124669	-0.342756330695851	0.254520515912742	-1.40842524894707	0.369170450538697	-0.623676450761189
XLOC_039200	0.860412850924691	0.470134545274752	0.987104671640896	-0.513083139236061	-1.44534864020165	-0.681708771075486	1.54259474584015	1.51517004305166	1.23268879728863	-1.68105013004477	-1.05978364189268	-1.22713133157016
XLOC_039208	0.247920707615117	0.345963546539071	0.152618012994534	-0.770626615491608	-0.710542703328384	-0.634014164866285	0.912537617430276	1.04826095946561	0.831727843002023	-0.0643592913311757	-0.629978522317272	-0.729507389711912
XLOC_039211	2.34088020054751	2.28272699488159	1.86181050100454	-2.83953568092735	1.03896362434781	-0.0149686880730528	1.69288242056868	0.880112745082979	1.27573492534934	-2.83953568092735	-2.83953568092735	-2.83953568092735
XLOC_039212	2.96780736742283	2.23232407934369	2.58123017336651	-0.440685808608957	-1.15968512553102	-0.939558755929128	1.79461200081612	1.60238235491155	1.71810400575546	-2.90270532623552	-3.32364204486417	-4.13018292044736
XLOC_039238	-0.16796811562933	-0.808948900054268	-0.372697599437335	0.510210821892346	0.698453193727553	-0.45359871242367	-0.147573357652359	-0.478254804486983	-0.238646244327231	0.47040733723398	0.488520310306476	0.500096070850831
XLOC_039278	2.60086619272619	2.8650304483814	2.46310175957436	-1.63418912646468	-0.498921302814301	0.0145587156859976	0.468076371013237	1.26991940431422	0.804935938525033	-3.70440861201371	-3.70440861201371	-0.944561176914041
XLOC_039287	-0.220704964881485	-0.556908302940755	-0.527142979345883	0.461030677934057	0.631967571705027	0.442200715418802	-1.34470160368239	-0.337231249637762	-0.752897135066033	0.705796776103033	1.01768656162742	0.480903932765989
XLOC_039301	-0.151575744726482	-0.818205762020376	0.43935718910113	-0.385790028242106	0.117290000245048	-0.578750075288085	-0.625613771955632	-0.173501124597662	0.176209101648574	0.71032985380936	0.210843831363599	1.07940653066262
XLOC_039303	0.180694113374742	-0.0737869259180366	-0.0319625634978546	-0.406048456029069	-0.51916539994243	-1.34002568728259	0.0194683336761345	-0.183531331736924	0.172374179221485	0.854491920639814	0.486899574493744	0.840592243000977
XLOC_039307	1.37407566708948	1.10115395924745	1.93097087196624	0.0690522139459127	1.4918609853689	0.382229072279458	-1.90207168912683	-0.998147884864302	0.532050055580409	-3.33673825542025	-0.428327308649095	-0.216107687417373
XLOC_039328	0.475171611921812	0.271389278867954	0.208486595684226	-0.184130512651778	0.188638763881979	0.0985459451402804	-0.239206600968494	-0.0325444149790393	-0.451727778715698	-0.3731801265876	0.0767648859645025	-0.038207647558135
XLOC_039340	0.424337015191847	0.351669028398109	0.3021728292239	0.0736577877646818	-0.0256391177461914	0.340177673234587	-0.369991444544173	0.461549085556337	-0.437759947607325	-0.710008210024814	-0.119401538229988	-0.29076316121698
XLOC_039348	-1.37771901006645	-0.0121113650033493	0.423746724988498	-0.0515912014682129	0.307747770347509	-0.825983936820993	0.373480820929944	0.185621077182808	0.585129322817327	-0.197315564846098	-0.109202386979037	0.698197748918053
XLOC_039359	-0.309238015093086	-0.504631140713398	0.365402850368883	-0.54345229860871	0.157888711285757	0.242497058152369	-0.515185559355781	0.0099678472019189	0.266113451644327	-0.241896061429442	0.202764872929904	0.869768283617258
XLOC_039404	-1.67051402643663	-1.23495217168228	1.21576356492117	-0.07979214764456	1.34301662377843	-0.661015624156424	0.543762783772302	-0.660382588211148	-1.58958157248197	0.501742412300788	1.58220835204922	0.709744393791098
XLOC_039419	-0.975247369410223	-0.975247369410223	-0.975247369410223	1.09497211613881	-0.975247369410223	-0.975247369410223	0.459419196883196	1.36334300114573	-0.975247369410223	-0.975247369410223	0.688917630312237	3.2200796413916
XLOC_039449	-1.19750270006053	-1.19750270006053	-1.19750270006053	-1.19750270006053	0.706128072217538	1.62706429279376	-1.19750270006053	1.14108767049541	-1.19750270006053	0.792364383580471	0.466662299661927	2.45170948161409
XLOC_039451	-0.468885257435613	-1.21140892424278	-0.54684459559828	0.851918399407815	-1.12999188708165	1.66525409166835	-0.148402028988944	0.0990254247220363	0.621427681787533	-0.57496507846607	0.616087105245057	0.22678506898254
XLOC_039470	-1.45020310579223	2.71289888595401	0.174925155702913	-1.45020310579223	0.453427666485841	0.56486865270645	1.16087351740616	1.73822371196926	0.445797938736519	-1.45020310579223	-1.45020310579223	-1.45020310579223
XLOC_039474	0.545545221332041	0.922240446921293	1.28009525565303	-0.0617051831581428	-0.0502109738285101	-0.0521561049490806	-0.275295850167058	-0.190276427393565	-0.84923236176159	-0.99553179647901	-0.248521001454209	-0.0249512247151982
XLOC_039500	2.31945697234748	4.20745644280544	3.87511119879355	-2.52385273613907	-2.52385273613907	-2.52385273613907	0.726500136205381	0.664574081622425	1.80186844282277	-2.52385273613907	-2.52385273613907	-0.975703593901691
XLOC_039505	-0.0608987962903864	0.321480339499622	0.209219516256868	-1.19395140197924	-0.510628422605725	-1.16093521229186	1.00380786970368	0.753504756131544	0.85808300910919	0.0861575155288676	-0.362171664670367	0.0563324916078045
XLOC_039513	-0.785856472004435	-0.430844743151607	-0.617654323897156	0.601771281961021	0.765000030595401	0.955902782922917	-0.385024444714499	0.201250483338978	0.162983787512848	0.223781219981253	-0.226287777111031	-0.465021825433699
XLOC_039514	0.549292157817561	-0.518877083305908	1.91814488385325	-2.04467110254359	-2.04467110254359	-0.029599344044914	-2.04467110254359	-2.04467110254359	-2.04467110254359	2.5862036481571	2.45950541371659	3.25868583652429
XLOC_039515	1.48620218902737	0.811801949713105	1.4770789206394	-2.27868148273637	-2.27868148273637	-2.27868148273637	-2.27868148273637	0.546518546063205	-2.27868148273637	1.95643665207515	2.69264473897949	2.42272441718413
XLOC_039542	0.394971563782152	-0.492483773340336	-0.0111657685815008	0.581190420771278	0.879509523522956	1.0256465682431	-2.17624526559534	-1.490642329928	-1.11964048660561	0.992899014648395	0.927448566566064	0.488511966516836
XLOC_039545	-1.37737427630944	-1.37737427630944	-1.37737427630944	0.692845209239595	1.82811303288997	0.637697482189245	-1.37737427630944	-1.37737427630944	-1.37737427630944	0.61249280733157	1.53103667046172	2.96206045574451
XLOC_039560	-0.597737555284677	-0.535683759154857	-0.0621322539907672	0.263200808863018	1.015078367459	0.268334588184703	-0.716638320381686	-1.62271776243754	-0.27633785243232	0.959356888464494	0.757844433916468	0.547432416794177
XLOC_039564	1.19587177379909	1.38585574818026	1.61193437194296	-0.0988713904893279	-0.437242857273954	-0.607245042429792	0.0280000980913551	0.203360625951152	-0.0883176041146525	-0.321943862862127	-0.990344420059487	-1.88105744073547
XLOC_039565	1.53075377653523	1.57089017806404	1.33605910555404	0.0173589747435328	-0.344593007412366	-0.363697463965694	-0.0423368924694243	0.608263800205785	0.158391881681838	-0.0857107784811264	-2.11840803139218	-2.26697154306367
XLOC_039575	0.250081761368478	-0.134620849718892	0.117399421967503	-0.402009924157598	-0.318125104219394	-0.12997218423824	-0.0768619350222117	-0.135634096033357	0.247474767362751	0.320171738852477	0.16347608430431	0.0986203195341835
XLOC_039576	0.506891537926543	-1.30817705264755	1.061814892099	0.762042432901476	-1.30817705264755	-1.30817705264755	0.831420040484689	2.79886859299919	1.88802481947442	-1.30817705264755	-1.30817705264755	-1.30817705264755
XLOC_039579	-0.375585677607855	-0.446772466847174	-0.11477925921731	0.36977105184639	0.50568310300608	0.756849819366803	-0.479556822152483	-0.337384760163397	-0.128487501489764	-0.13903250833429	0.105311057454554	0.283983964138455
XLOC_039586	0.75808628082531	-1.18536456405604	1.43269000178366	-0.640939097744692	-0.80752781101565	-0.696086824795041	0.254680959276965	-2.71115858329372	-0.815157538764971	2.36317747715069	0.563431273125391	1.4841684275081
XLOC_039588	1.52734694847156	-0.346813179963317	-1.81216835091765	0.349092982241339	0.143590630598148	1.53631779788279	0.254502603954195	0.282351813597538	-0.749424242204948	-1.44742952877179	0.579298569522047	-0.316666044409915
XLOC_039625	-1.71203782115733	-1.71203782115733	-1.71203782115733	1.17529465404035	1.49344948804208	0.303033937341349	-1.71203782115733	2.007610604853	0.975834549050512	-1.71203782115733	1.19637312561382	1.40859274684555
XLOC_039638	-0.343641299578916	-0.359894090490275	-0.613573310112987	0.626764103603685	0.678265006882405	0.808334894496343	-0.371779824226167	0.147665603458457	-0.129433141191484	-1.24445689356679	0.434909906536143	0.366839044189583
XLOC_039642	-0.259946607810408	-0.340453286062779	-0.345203636071751	0.310798764121824	0.345649252727457	0.600363591126147	-0.204103221343201	0.155052629139867	-0.126151286188037	-0.357966058155251	0.235659076667551	-0.0136992181514302
